customer_id,email,first_name,last_name,phone,region,preferred_store_id,signup_date,is_business
1,morgan.nguyen1@example.com,Morgan,Nguyen,(079) 077-9946,WEST,16,2024-06-09,false
10,reese.rossi10@example.com,Reese,Rossi,+1 (086) 441 - 1347,WEST,15,2023-11-08,false
100,devon.garcia100@example.com,Devon,Garcia,+1 (047) 484 - 0200,NRTH,31,2023-05-21,false
1000,reese.garcia1000@example.com,Reese,Garcia,0627153504,WEST,9,2023-06-12,false
1001,marlowe.kim1001@example.com,Marlowe,Kim,+1 (094) 749 - 3497,NRTH,33,2024-01-23,false
1002,quinn.rossi1002@example.com,Quinn,Rossi,0768423193,EAST,34,2024-01-03,false
1003,finley.garcia1003@example.com,Finley,Garcia, 048.541.7273 ,SOTH,15,2023-11-04,false
1004,hayden.weber1004@example.com,Hayden,Weber,+1 (040) 169 - 4717,SW  ,11,2024-03-03,false
1005,riley.mbeki1005@example.com,Riley,Mbeki,(062) 702-4665,SOTH,34,2023-12-28,false
1006,rowan.costa1006@example.com,Rowan,Costa,0394612942,SOTH,30,2023-09-04,false
1007,avery.silva1007@example.com,Avery,Silva,+1 (008) 148 - 4595,SOTH,15,2024-12-01,false
1008,riley.larsen1008@example.com,Riley,Larsen,\N,SOTH,7,2023-10-07,true
1009,parker.rossi1009@example.com,Parker,Rossi,+1 (080) 016 - 4591,SOTH,22,2023-05-29,false
101,hayden.fischer101@example.com,Hayden,Fischer,+1 (035) 788 - 7167,EAST,31,2024-06-04,false
1010,casey.larsen1010@example.com,Casey,Larsen,0372193657,WEST,20,2023-11-12,false
1011,avery.fischer1011@example.com,Avery,Fischer, 024.436.0546 ,NE  ,10,2024-07-15,false
1012,marlowe.osei1012@example.com,Marlowe,Osei,0813489677,NE  ,38,2024-07-15,false
1013,rowan.kim1013@example.com,Rowan,Kim,0749408730,EAST,13,2023-06-12,false
1014,avery.tanaka1014@example.com,Avery,Tanaka,(032) 810-5366,NRTH,37,2024-01-24,false
1015,emerson.rossi1015@example.com,Emerson,Rossi,0808126208,SOTH,27,2024-08-15,false
1016,skyler.rossi1016@example.com,Skyler,Rossi, 003.458.4137 ,SW  ,2,2023-04-30,false
1017,rowan.weber1017@example.com,Rowan,Weber,0068407281,NRTH,14,2023-05-27,false
1018,rowan.iqbal1018@example.com,Rowan,Iqbal, 072.465.2824 ,WEST,6,2023-01-25,false
1019,marlowe.nguyen1019@example.com,Marlowe,Nguyen,\N,NRTH,13,2023-10-27,false
102,quinn.rossi102@example.com,Quinn,Rossi,(042) 998-2328,NRTH,32,2023-12-20,false
1020,reese.mbeki1020@example.com,Reese,Mbeki,(039) 583-7354,NE  ,5,2023-05-14,false
1021,hayden.weber1021@example.com,Hayden,Weber,0449267758,NRTH,8,2024-07-31,true
1022,parker.johnson1022@example.com,Parker,Johnson,0762004093,SOTH,20,2023-05-04,false
1023,skyler.novak1023@example.com,Skyler,Novak, 000.799.2185 ,NE  ,30,2023-12-13,true
1024,finley.osei1024@example.com,Finley,Osei,0944076106,NE  ,22,2023-12-24,false
1025,jordan.kim1025@example.com,Jordan,Kim,+1 (090) 477 - 7240,WEST,30,2023-10-31,false
1026,quinn.costa1026@example.com,Quinn,Costa,0787314701,SOTH,12,2023-12-22,false
1027,quinn.patel1027@example.com,Quinn,Patel, 093.473.4769 ,NRTH,3,2023-08-01,false
1028,skyler.kim1028@example.com,Skyler,Kim,(081) 804-1802,SOTH,32,2023-10-14,true
1029,morgan.rossi1029@example.com,Morgan,Rossi,(022) 266-4095,NRTH,29,2023-12-25,true
103,devon.rossi103@example.com,Devon,Rossi,(088) 575-8835,EAST,26,2024-05-25,false
1030,kendall.weber1030@example.com,Kendall,Weber,(042) 592-5819,EAST,26,2023-01-09,false
1031,casey.rossi1031@example.com,Casey,Rossi, 008.863.5913 ,SOTH,32,2024-07-08,false
1032,casey.fischer1032@example.com,Casey,Fischer,(001) 939-8359,WEST,11,2023-05-18,false
1033,finley.silva1033@example.com,Finley,Silva,0164815590,EAST,1,2023-10-06,false
1034,jordan.novak1034@example.com,Jordan,Novak,(087) 135-4190,SOTH,4,2023-10-31,false
1035,kendall.garcia1035@example.com,Kendall,Garcia,\N,SW  ,1,2023-10-21,false
1036,reese.tanaka1036@example.com,Reese,Tanaka,\N,SOTH,13,2023-11-24,true
1037,avery.rossi1037@example.com,Avery,Rossi,(094) 734-7447,SOTH,5,2024-09-10,false
1038,quinn.silva1038@example.com,Quinn,Silva,+1 (087) 576 - 9961,WEST,27,2023-09-08,false
1039,parker.novak1039@example.com,Parker,Novak, 012.971.2269 ,NE  ,26,2023-06-16,false
104,kendall.costa104@example.com,Kendall,Costa,0668548027,WEST,13,2024-04-30,false
1040,rowan.silva1040@example.com,Rowan,Silva,0012864905,WEST,26,2023-06-15,false
1041,riley.larsen1041@example.com,Riley,Larsen,\N,SW  ,24,2024-11-18,false
1042,skyler.fischer1042@example.com,Skyler,Fischer, 099.023.0381 ,EAST,35,2023-07-15,false
1043,rowan.weber1043@example.com,Rowan,Weber,+1 (081) 788 - 6628,NRTH,22,2024-10-23,false
1044,riley.rossi1044@example.com,Riley,Rossi,0482015123,WEST,39,2024-02-01,false
1045,reese.nguyen1045@example.com,Reese,Nguyen,(096) 290-9578,SOTH,2,2023-08-28,false
1046,hayden.osei1046@example.com,Hayden,Osei,\N,SW  ,6,2023-10-18,false
1047,parker.johnson1047@example.com,Parker,Johnson,0255619239,NRTH,14,2024-07-28,false
1048,casey.larsen1048@example.com,Casey,Larsen,+1 (044) 548 - 8393,EAST,3,2024-08-05,true
1049,rowan.rossi1049@example.com,Rowan,Rossi, 097.348.8755 ,SOTH,14,2024-09-14,false
105,jordan.novak105@example.com,Jordan,Novak,0309268943,WEST,36,2024-11-15,false
1050,reese.weber1050@example.com,Reese,Weber,(067) 622-3826,NE  ,21,2023-02-20,false
1051,riley.novak1051@example.com,Riley,Novak,(013) 482-0097,WEST,10,2023-05-15,false
1052,parker.osei1052@example.com,Parker,Osei,+1 (050) 151 - 7159,NE  ,6,2023-05-08,false
1053,reese.costa1053@example.com,Reese,Costa,0306395333,NRTH,39,2024-05-08,false
1054,marlowe.kim1054@example.com,Marlowe,Kim,0505424753,EAST,26,2023-11-25,false
1055,hayden.johnson1055@example.com,Hayden,Johnson,(045) 891-4339,SOTH,2,2024-08-12,false
1056,skyler.johnson1056@example.com,Skyler,Johnson,+1 (049) 784 - 1726,NE  ,12,2023-12-19,false
1057,marlowe.kim1057@example.com,Marlowe,Kim, 021.014.8188 ,EAST,9,2024-12-12,false
1058,avery.tanaka1058@example.com,Avery,Tanaka,+1 (042) 375 - 1880,SOTH,26,2023-10-26,false
1059,riley.costa1059@example.com,Riley,Costa, 060.731.7600 ,WEST,8,2023-05-31,false
106,morgan.nguyen106@example.com,Morgan,Nguyen,(033) 366-5422,SW  ,16,2024-03-04,false
1060,devon.tanaka1060@example.com,Devon,Tanaka,(039) 533-0845,NE  ,32,2024-05-20,false
1061,hayden.osei1061@example.com,Hayden,Osei,\N,SOTH,31,2024-09-23,false
1062,avery.johnson1062@example.com,Avery,Johnson, 073.128.9574 ,WEST,39,2023-07-17,false
1063,quinn.nguyen1063@example.com,Quinn,Nguyen,0984495471,EAST,6,2023-11-05,false
1064,riley.novak1064@example.com,Riley,Novak,+1 (027) 151 - 8421,NRTH,11,2024-01-24,false
1065,finley.mbeki1065@example.com,Finley,Mbeki,\N,NRTH,6,2024-03-20,false
1066,emerson.johnson1066@example.com,Emerson,Johnson,+1 (042) 731 - 7270,WEST,14,2023-01-05,false
1067,marlowe.nguyen1067@example.com,Marlowe,Nguyen,0448651862,EAST,5,2024-05-23,false
1068,hayden.silva1068@example.com,Hayden,Silva, 014.423.7954 ,NRTH,24,2024-01-13,false
1069,morgan.iqbal1069@example.com,Morgan,Iqbal, 006.333.1510 ,SW  ,14,2024-09-20,false
107,reese.patel107@example.com,Reese,Patel,0165325235,SOTH,8,2024-12-25,false
1070,devon.costa1070@example.com,Devon,Costa,\N,SOTH,40,2024-05-09,false
1071,skyler.kim1071@example.com,Skyler,Kim,(036) 738-2830,NRTH,8,2024-03-30,false
1072,marlowe.patel1072@example.com,Marlowe,Patel,(000) 775-9564,WEST,4,2023-03-17,false
1073,avery.weber1073@example.com,Avery,Weber,+1 (081) 750 - 8336,SW  ,34,2024-12-25,false
1074,rowan.costa1074@example.com,Rowan,Costa,+1 (036) 837 - 6600,EAST,24,2024-09-26,false
1075,emerson.weber1075@example.com,Emerson,Weber,\N,NRTH,40,2023-10-04,false
1076,morgan.nguyen1076@example.com,Morgan,Nguyen, 095.345.1112 ,SOTH,26,2023-01-20,false
1077,devon.osei1077@example.com,Devon,Osei,0707462828,EAST,29,2024-02-04,false
1078,parker.nguyen1078@example.com,Parker,Nguyen,(093) 784-3145,EAST,2,2024-09-19,false
1079,kendall.osei1079@example.com,Kendall,Osei,(065) 776-6018,SW  ,32,2023-09-28,false
108,devon.costa108@example.com,Devon,Costa, 059.191.6368 ,SOTH,31,2023-10-25,false
1080,marlowe.patel1080@example.com,Marlowe,Patel, 076.444.1874 ,NRTH,19,2024-11-06,false
1081,jordan.johnson1081@example.com,Jordan,Johnson,0722694988,SOTH,6,2023-05-11,false
1082,morgan.fischer1082@example.com,Morgan,Fischer,(018) 300-1054,NE  ,16,2023-03-23,false
1083,avery.silva1083@example.com,Avery,Silva,+1 (023) 662 - 6964,EAST,25,2024-06-01,false
1084,morgan.johnson1084@example.com,Morgan,Johnson,\N,NE  ,32,2024-06-21,false
1085,reese.kim1085@example.com,Reese,Kim,0797755616,EAST,25,2024-05-22,false
1086,hayden.osei1086@example.com,Hayden,Osei,\N,SOTH,17,2023-03-10,false
1087,rowan.novak1087@example.com,Rowan,Novak,+1 (091) 625 - 6440,EAST,37,2023-10-23,false
1088,avery.mbeki1088@example.com,Avery,Mbeki,0909586665,WEST,38,2023-11-26,false
1089,emerson.johnson1089@example.com,Emerson,Johnson,0114445764,NE  ,39,2023-01-08,false
109,casey.kim109@example.com,Casey,Kim,+1 (084) 580 - 5127,WEST,27,2024-09-29,true
1090,kendall.rossi1090@example.com,Kendall,Rossi,0536691235,NRTH,19,2023-04-25,false
1091,casey.garcia1091@example.com,Casey,Garcia,(073) 937-8623,SW  ,21,2023-08-01,false
1092,marlowe.novak1092@example.com,Marlowe,Novak,(040) 448-7813,SOTH,19,2024-09-21,false
1093,parker.osei1093@example.com,Parker,Osei,0781034931,WEST,12,2023-08-21,false
1094,quinn.nguyen1094@example.com,Quinn,Nguyen,0727888175,NE  ,26,2023-09-28,false
1095,finley.kim1095@example.com,Finley,Kim, 099.113.2193 ,NE  ,19,2024-06-28,false
1096,finley.patel1096@example.com,Finley,Patel,(062) 318-2231,NRTH,21,2024-10-22,false
1097,skyler.iqbal1097@example.com,Skyler,Iqbal,0747276554,NRTH,37,2023-08-15,false
1098,parker.novak1098@example.com,Parker,Novak,(091) 927-4718,SOTH,1,2024-06-10,false
1099,casey.weber1099@example.com,Casey,Weber,+1 (010) 313 - 0465,NRTH,11,2024-01-04,false
11,parker.rossi11@example.com,Parker,Rossi,0981987993,SOTH,32,2023-04-21,false
110,skyler.fischer110@example.com,Skyler,Fischer,+1 (037) 057 - 4014,NRTH,29,2024-03-04,false
1100,jordan.patel1100@example.com,Jordan,Patel,0159524021,NE  ,22,2023-07-10,true
1101,reese.weber1101@example.com,Reese,Weber,0185206511,SOTH,20,2024-08-25,false
1102,riley.iqbal1102@example.com,Riley,Iqbal,+1 (047) 794 - 2116,NRTH,18,2023-01-10,false
1103,riley.patel1103@example.com,Riley,Patel,0630125913,SOTH,33,2023-08-01,false
1104,morgan.silva1104@example.com,Morgan,Silva,0754558091,NRTH,31,2023-08-20,false
1105,morgan.rossi1105@example.com,Morgan,Rossi,(087) 281-0297,EAST,35,2023-11-02,false
1106,marlowe.kim1106@example.com,Marlowe,Kim,(087) 920-9446,NE  ,38,2024-08-08,false
1107,morgan.silva1107@example.com,Morgan,Silva,\N,SW  ,12,2023-12-14,false
1108,morgan.garcia1108@example.com,Morgan,Garcia,(017) 309-8204,NRTH,37,2024-03-12,false
1109,jordan.kim1109@example.com,Jordan,Kim, 058.457.4207 ,EAST,33,2023-11-25,false
111,finley.iqbal111@example.com,Finley,Iqbal,0256415500,EAST,13,2023-07-01,false
1110,avery.osei1110@example.com,Avery,Osei,+1 (055) 774 - 7746,WEST,3,2024-05-26,false
1111,casey.fischer1111@example.com,Casey,Fischer, 037.808.2887 ,EAST,34,2024-06-18,false
1112,jordan.osei1112@example.com,Jordan,Osei, 091.921.4454 ,WEST,13,2023-04-15,false
1113,parker.tanaka1113@example.com,Parker,Tanaka,(045) 313-5170,WEST,9,2024-03-03,false
1114,finley.silva1114@example.com,Finley,Silva,\N,NRTH,30,2023-07-17,false
1115,casey.novak1115@example.com,Casey,Novak, 074.818.6455 ,EAST,18,2024-07-08,false
1116,quinn.costa1116@example.com,Quinn,Costa,0465603585,NRTH,21,2023-01-21,false
1117,reese.kim1117@example.com,Reese,Kim,0734417124,WEST,8,2023-02-21,false
1118,riley.tanaka1118@example.com,Riley,Tanaka, 085.695.0522 ,EAST,18,2023-08-01,true
1119,finley.osei1119@example.com,Finley,Osei, 013.261.0867 ,NRTH,7,2024-02-13,false
112,hayden.garcia112@example.com,Hayden,Garcia,0871243675,EAST,31,2023-10-27,false
1120,skyler.fischer1120@example.com,Skyler,Fischer,+1 (061) 435 - 0048,EAST,34,2024-03-04,false
1121,morgan.garcia1121@example.com,Morgan,Garcia, 041.829.0447 ,NRTH,21,2023-09-26,false
1122,finley.fischer1122@example.com,Finley,Fischer, 073.729.3786 ,SW  ,9,2024-05-25,false
1123,finley.larsen1123@example.com,Finley,Larsen,0267481569,WEST,24,2024-07-02,false
1124,kendall.tanaka1124@example.com,Kendall,Tanaka, 045.930.9261 ,SOTH,33,2023-08-26,false
1125,riley.mbeki1125@example.com,Riley,Mbeki,(068) 147-8902,NRTH,21,2023-03-01,false
1126,riley.silva1126@example.com,Riley,Silva,\N,SW  ,4,2023-08-11,false
1127,marlowe.nguyen1127@example.com,Marlowe,Nguyen,0146488860,NRTH,33,2024-01-22,false
1128,morgan.weber1128@example.com,Morgan,Weber,(089) 270-6183,WEST,40,2024-07-08,false
1129,emerson.osei1129@example.com,Emerson,Osei,\N,NE  ,39,2023-12-15,false
113,casey.fischer113@example.com,Casey,Fischer,+1 (063) 370 - 1411,WEST,9,2024-11-06,false
1130,reese.silva1130@example.com,Reese,Silva,+1 (055) 156 - 4517,EAST,24,2023-02-09,false
1131,finley.silva1131@example.com,Finley,Silva, 072.913.8534 ,EAST,8,2024-10-08,false
1132,morgan.mbeki1132@example.com,Morgan,Mbeki,(022) 877-7818,WEST,31,2024-07-27,false
1133,finley.novak1133@example.com,Finley,Novak,0038041733,WEST,33,2024-11-24,false
1134,marlowe.garcia1134@example.com,Marlowe,Garcia,+1 (035) 277 - 9815,EAST,1,2023-10-02,false
1135,emerson.silva1135@example.com,Emerson,Silva,\N,NRTH,23,2023-12-01,false
1136,riley.johnson1136@example.com,Riley,Johnson, 000.742.0042 ,NRTH,8,2024-08-20,false
1137,reese.fischer1137@example.com,Reese,Fischer, 045.992.8150 ,NRTH,24,2024-02-21,false
1138,morgan.iqbal1138@example.com,Morgan,Iqbal,0802182950,SOTH,11,2023-01-05,false
1139,parker.patel1139@example.com,Parker,Patel,\N,SOTH,19,2023-11-03,false
114,kendall.patel114@example.com,Kendall,Patel,\N,NE  ,30,2023-04-22,false
1140,rowan.garcia1140@example.com,Rowan,Garcia,+1 (071) 429 - 9118,NRTH,13,2023-04-03,false
1141,marlowe.johnson1141@example.com,Marlowe,Johnson,0991666341,EAST,26,2023-04-13,false
1142,morgan.nguyen1142@example.com,Morgan,Nguyen, 001.465.5448 ,NRTH,10,2023-02-10,false
1143,rowan.costa1143@example.com,Rowan,Costa,+1 (031) 081 - 2427,SW  ,1,2024-01-13,false
1144,hayden.osei1144@example.com,Hayden,Osei, 020.063.9654 ,SW  ,10,2023-08-07,false
1145,devon.osei1145@example.com,Devon,Osei,(084) 043-5889,NRTH,13,2024-06-28,false
1146,quinn.novak1146@example.com,Quinn,Novak,0142051544,SW  ,10,2023-01-30,false
1147,parker.johnson1147@example.com,Parker,Johnson,(009) 764-1175,NRTH,2,2023-10-23,false
1148,skyler.osei1148@example.com,Skyler,Osei,0065873766,SOTH,22,2024-05-15,true
1149,morgan.larsen1149@example.com,Morgan,Larsen,0764059216,EAST,18,2023-07-11,false
115,casey.kim115@example.com,Casey,Kim,0743785903,SOTH,17,2024-05-19,false
1150,jordan.silva1150@example.com,Jordan,Silva,\N,WEST,1,2024-08-01,false
1151,skyler.fischer1151@example.com,Skyler,Fischer,\N,WEST,39,2023-05-24,false
1152,marlowe.tanaka1152@example.com,Marlowe,Tanaka,\N,EAST,20,2024-06-03,true
1153,casey.rossi1153@example.com,Casey,Rossi,+1 (063) 233 - 8449,EAST,24,2023-07-05,false
1154,parker.weber1154@example.com,Parker,Weber,(079) 734-7186,EAST,7,2023-02-01,false
1155,parker.novak1155@example.com,Parker,Novak,\N,SOTH,7,2024-02-29,false
1156,skyler.fischer1156@example.com,Skyler,Fischer, 004.704.1818 ,SOTH,35,2023-05-29,false
1157,devon.tanaka1157@example.com,Devon,Tanaka,0126088358,EAST,29,2023-02-22,false
1158,avery.silva1158@example.com,Avery,Silva,+1 (013) 844 - 2086,SW  ,18,2023-02-05,false
1159,jordan.novak1159@example.com,Jordan,Novak,(093) 442-9966,NRTH,32,2023-05-09,false
116,rowan.weber116@example.com,Rowan,Weber,(003) 854-6365,EAST,32,2023-07-02,false
1160,finley.weber1160@example.com,Finley,Weber,(019) 763-9735,NRTH,39,2023-05-05,false
1161,avery.iqbal1161@example.com,Avery,Iqbal, 091.533.8147 ,NE  ,34,2023-08-19,false
1162,morgan.silva1162@example.com,Morgan,Silva,(031) 336-4355,SOTH,3,2024-05-11,false
1163,devon.johnson1163@example.com,Devon,Johnson, 026.737.0380 ,WEST,4,2024-02-20,false
1164,emerson.tanaka1164@example.com,Emerson,Tanaka,+1 (094) 917 - 3156,EAST,6,2024-07-14,false
1165,skyler.rossi1165@example.com,Skyler,Rossi,+1 (023) 544 - 9670,WEST,1,2023-05-18,false
1166,avery.patel1166@example.com,Avery,Patel, 068.108.0390 ,NRTH,17,2024-09-26,false
1167,rowan.larsen1167@example.com,Rowan,Larsen,0921508136,SOTH,38,2023-05-01,false
1168,hayden.tanaka1168@example.com,Hayden,Tanaka,\N,NRTH,31,2023-05-21,false
1169,quinn.novak1169@example.com,Quinn,Novak,+1 (019) 371 - 0153,SW  ,32,2023-01-17,false
117,skyler.osei117@example.com,Skyler,Osei,(081) 644-0738,EAST,28,2023-12-11,false
1170,quinn.weber1170@example.com,Quinn,Weber,\N,SW  ,13,2023-02-25,false
1171,kendall.weber1171@example.com,Kendall,Weber,(080) 578-3320,EAST,34,2024-04-13,false
1172,finley.nguyen1172@example.com,Finley,Nguyen,(069) 200-7399,EAST,1,2023-04-13,false
1173,riley.larsen1173@example.com,Riley,Larsen,\N,NRTH,39,2023-01-08,false
1174,morgan.rossi1174@example.com,Morgan,Rossi,0815691332,EAST,13,2024-09-25,false
1175,rowan.fischer1175@example.com,Rowan,Fischer,\N,NRTH,16,2024-06-21,false
1176,morgan.nguyen1176@example.com,Morgan,Nguyen,0110129503,WEST,7,2023-04-21,true
1177,reese.nguyen1177@example.com,Reese,Nguyen,+1 (037) 936 - 3624,SOTH,28,2023-06-25,false
1178,finley.patel1178@example.com,Finley,Patel,(024) 107-9154,SOTH,11,2023-08-07,false
1179,rowan.patel1179@example.com,Rowan,Patel, 064.908.3785 ,EAST,6,2023-05-19,false
118,skyler.nguyen118@example.com,Skyler,Nguyen,+1 (031) 500 - 1254,WEST,21,2023-10-19,false
1180,rowan.silva1180@example.com,Rowan,Silva,+1 (073) 783 - 3207,NRTH,10,2024-04-30,false
1181,emerson.patel1181@example.com,Emerson,Patel,(028) 497-2125,WEST,32,2024-09-04,true
1182,casey.johnson1182@example.com,Casey,Johnson,0774536641,EAST,10,2024-09-24,true
1183,hayden.larsen1183@example.com,Hayden,Larsen, 013.694.0471 ,NRTH,6,2024-08-19,false
1184,rowan.fischer1184@example.com,Rowan,Fischer,+1 (044) 446 - 9356,NRTH,31,2023-04-18,false
1185,reese.weber1185@example.com,Reese,Weber,0573131867,NRTH,36,2024-02-18,false
1186,reese.weber1186@example.com,Reese,Weber, 056.580.3901 ,EAST,38,2024-06-30,false
1187,emerson.nguyen1187@example.com,Emerson,Nguyen, 050.887.4541 ,SOTH,2,2024-12-16,false
1188,emerson.tanaka1188@example.com,Emerson,Tanaka,0896845363,NRTH,19,2023-07-08,false
1189,reese.garcia1189@example.com,Reese,Garcia, 075.587.4366 ,NRTH,8,2023-10-21,false
119,reese.costa119@example.com,Reese,Costa,0084791618,SW  ,12,2024-04-26,false
1190,hayden.tanaka1190@example.com,Hayden,Tanaka,0079210250,WEST,7,2024-10-12,false
1191,quinn.nguyen1191@example.com,Quinn,Nguyen,(026) 311-5935,NRTH,24,2023-01-10,false
1192,hayden.johnson1192@example.com,Hayden,Johnson,+1 (080) 327 - 3909,NRTH,31,2024-01-01,false
1193,rowan.iqbal1193@example.com,Rowan,Iqbal,\N,WEST,19,2023-02-16,false
1194,jordan.silva1194@example.com,Jordan,Silva,\N,NE  ,11,2024-10-08,false
1195,kendall.larsen1195@example.com,Kendall,Larsen,0244077465,SW  ,33,2024-12-24,false
1196,riley.weber1196@example.com,Riley,Weber, 006.012.6132 ,NRTH,14,2023-11-01,false
1197,riley.iqbal1197@example.com,Riley,Iqbal,0434972678,SOTH,21,2023-05-09,true
1198,emerson.costa1198@example.com,Emerson,Costa,\N,SOTH,18,2023-03-02,false
1199,rowan.nguyen1199@example.com,Rowan,Nguyen,(011) 431-5434,SOTH,19,2023-06-14,false
12,reese.larsen12@example.com,Reese,Larsen,+1 (042) 885 - 3029,SW  ,28,2023-06-20,false
120,marlowe.johnson120@example.com,Marlowe,Johnson,+1 (049) 346 - 0064,SOTH,30,2024-06-01,true
1200,skyler.novak1200@example.com,Skyler,Novak, 003.475.3576 ,NE  ,13,2023-07-29,false
1201,jordan.fischer1201@example.com,Jordan,Fischer,(033) 136-1946,WEST,4,2023-10-05,false
1202,finley.novak1202@example.com,Finley,Novak,(013) 906-7697,EAST,26,2023-09-15,false
1203,morgan.johnson1203@example.com,Morgan,Johnson,(051) 212-4417,WEST,38,2023-08-14,false
1204,kendall.kim1204@example.com,Kendall,Kim, 086.702.0791 ,EAST,15,2024-08-20,false
1205,rowan.iqbal1205@example.com,Rowan,Iqbal,0669446639,NRTH,22,2023-02-01,false
1206,finley.osei1206@example.com,Finley,Osei,0163639767,SOTH,40,2023-03-17,false
1207,casey.mbeki1207@example.com,Casey,Mbeki,+1 (048) 834 - 6218,NE  ,6,2023-05-12,false
1208,quinn.kim1208@example.com,Quinn,Kim,(009) 580-9173,WEST,37,2023-05-20,false
1209,kendall.larsen1209@example.com,Kendall,Larsen, 047.464.2621 ,SOTH,17,2024-12-30,false
121,kendall.mbeki121@example.com,Kendall,Mbeki,\N,NE  ,11,2023-09-26,false
1210,marlowe.garcia1210@example.com,Marlowe,Garcia, 092.019.7772 ,EAST,19,2023-12-09,false
1211,rowan.tanaka1211@example.com,Rowan,Tanaka,(028) 220-8801,EAST,27,2024-04-27,false
1212,jordan.osei1212@example.com,Jordan,Osei,+1 (011) 306 - 2876,NE  ,1,2023-10-19,false
1213,finley.kim1213@example.com,Finley,Kim,(071) 849-4947,SOTH,25,2023-09-29,false
1214,kendall.patel1214@example.com,Kendall,Patel,0985115546,EAST,12,2024-08-19,false
1215,finley.rossi1215@example.com,Finley,Rossi,0648936722,EAST,21,2023-06-15,false
1216,marlowe.patel1216@example.com,Marlowe,Patel,\N,WEST,30,2023-05-01,false
1217,casey.novak1217@example.com,Casey,Novak,\N,EAST,37,2024-04-11,false
1218,jordan.tanaka1218@example.com,Jordan,Tanaka,(022) 708-8752,NRTH,31,2024-08-12,false
1219,devon.larsen1219@example.com,Devon,Larsen,0294103594,NRTH,6,2023-03-05,false
122,skyler.costa122@example.com,Skyler,Costa,0213907621,WEST,30,2024-10-24,false
1220,kendall.costa1220@example.com,Kendall,Costa, 027.857.9341 ,NE  ,14,2024-10-07,true
1221,hayden.rossi1221@example.com,Hayden,Rossi,0450006352,WEST,11,2024-01-05,false
1222,quinn.costa1222@example.com,Quinn,Costa, 001.066.3879 ,EAST,37,2023-03-02,false
1223,casey.rossi1223@example.com,Casey,Rossi, 049.248.1419 ,EAST,1,2024-01-23,false
1224,morgan.costa1224@example.com,Morgan,Costa, 048.378.4000 ,WEST,34,2024-05-07,false
1225,morgan.garcia1225@example.com,Morgan,Garcia, 058.635.5619 ,SOTH,13,2024-04-11,false
1226,emerson.novak1226@example.com,Emerson,Novak,+1 (039) 755 - 9799,SOTH,37,2023-01-13,false
1227,skyler.patel1227@example.com,Skyler,Patel,+1 (037) 766 - 6117,SOTH,30,2024-10-05,false
1228,rowan.patel1228@example.com,Rowan,Patel, 018.993.9734 ,NRTH,30,2024-02-26,false
1229,skyler.costa1229@example.com,Skyler,Costa,(097) 268-4208,WEST,40,2023-03-10,false
123,reese.weber123@example.com,Reese,Weber,+1 (075) 084 - 5198,SW  ,23,2023-01-18,false
1230,morgan.kim1230@example.com,Morgan,Kim,0111320508,WEST,40,2024-08-05,false
1231,morgan.iqbal1231@example.com,Morgan,Iqbal,+1 (071) 694 - 8303,NE  ,38,2024-10-23,false
1232,reese.iqbal1232@example.com,Reese,Iqbal,\N,NE  ,25,2024-10-27,false
1233,morgan.tanaka1233@example.com,Morgan,Tanaka,0692412526,SOTH,27,2023-01-06,false
1234,reese.mbeki1234@example.com,Reese,Mbeki,0969237823,WEST,17,2024-06-06,false
1235,hayden.garcia1235@example.com,Hayden,Garcia,+1 (040) 201 - 5103,WEST,2,2023-09-18,false
1236,hayden.osei1236@example.com,Hayden,Osei,0691956127,NE  ,26,2024-10-05,true
1237,hayden.johnson1237@example.com,Hayden,Johnson, 034.158.4059 ,NRTH,12,2023-12-06,false
1238,casey.patel1238@example.com,Casey,Patel,+1 (067) 357 - 7976,SW  ,26,2024-10-12,false
1239,rowan.novak1239@example.com,Rowan,Novak,\N,EAST,6,2023-01-09,false
124,finley.larsen124@example.com,Finley,Larsen,(083) 570-5734,WEST,37,2024-12-08,false
1240,casey.nguyen1240@example.com,Casey,Nguyen,0084581329,SW  ,35,2023-01-20,false
1241,casey.iqbal1241@example.com,Casey,Iqbal, 096.412.2707 ,EAST,12,2023-08-19,false
1242,reese.weber1242@example.com,Reese,Weber,(015) 437-1352,WEST,4,2024-05-10,false
1243,morgan.patel1243@example.com,Morgan,Patel,+1 (015) 229 - 4589,SOTH,39,2023-07-23,false
1244,riley.kim1244@example.com,Riley,Kim,0223308727,SOTH,24,2023-03-20,false
1245,avery.costa1245@example.com,Avery,Costa, 008.194.0124 ,EAST,32,2024-06-17,false
1246,rowan.iqbal1246@example.com,Rowan,Iqbal, 097.027.4096 ,NRTH,12,2024-05-27,false
1247,jordan.patel1247@example.com,Jordan,Patel,(065) 928-2845,EAST,23,2023-05-04,false
1248,devon.patel1248@example.com,Devon,Patel,\N,SOTH,39,2023-01-18,false
1249,casey.novak1249@example.com,Casey,Novak,+1 (003) 167 - 2825,EAST,8,2023-04-18,false
125,marlowe.mbeki125@example.com,Marlowe,Mbeki, 023.515.4329 ,SOTH,39,2024-04-27,false
1250,casey.larsen1250@example.com,Casey,Larsen,+1 (009) 875 - 1865,WEST,31,2024-07-03,false
1251,skyler.iqbal1251@example.com,Skyler,Iqbal, 042.943.4612 ,SOTH,28,2023-07-14,false
1252,devon.weber1252@example.com,Devon,Weber,+1 (063) 090 - 8025,EAST,38,2023-05-09,false
1253,marlowe.costa1253@example.com,Marlowe,Costa,+1 (029) 170 - 7648,SOTH,28,2024-04-28,false
1254,finley.costa1254@example.com,Finley,Costa,(096) 410-7065,SOTH,37,2023-12-16,false
1255,jordan.larsen1255@example.com,Jordan,Larsen,+1 (088) 764 - 7778,SW  ,27,2023-11-06,true
1256,quinn.rossi1256@example.com,Quinn,Rossi, 007.799.6967 ,NRTH,12,2024-05-25,false
1257,casey.rossi1257@example.com,Casey,Rossi,+1 (001) 170 - 4885,EAST,1,2023-06-16,false
1258,rowan.osei1258@example.com,Rowan,Osei, 064.617.9886 ,NE  ,5,2024-02-14,false
1259,devon.kim1259@example.com,Devon,Kim,+1 (046) 729 - 8419,SW  ,27,2024-09-23,false
126,casey.patel126@example.com,Casey,Patel,+1 (003) 582 - 4891,WEST,20,2024-07-22,false
1260,parker.garcia1260@example.com,Parker,Garcia,\N,SOTH,32,2023-08-02,false
1261,morgan.iqbal1261@example.com,Morgan,Iqbal, 041.109.0135 ,NRTH,39,2024-03-23,true
1262,avery.nguyen1262@example.com,Avery,Nguyen,(043) 251-4798,SOTH,19,2024-11-26,false
1263,jordan.rossi1263@example.com,Jordan,Rossi,0891044883,WEST,5,2024-07-15,false
1264,rowan.tanaka1264@example.com,Rowan,Tanaka,0336268732,NRTH,6,2024-04-20,true
1265,skyler.iqbal1265@example.com,Skyler,Iqbal,(066) 354-7759,SOTH,8,2023-01-23,false
1266,avery.johnson1266@example.com,Avery,Johnson,0777661121,EAST,21,2023-06-25,false
1267,parker.tanaka1267@example.com,Parker,Tanaka,(093) 202-3874,NE  ,1,2023-07-21,false
1268,jordan.patel1268@example.com,Jordan,Patel,\N,WEST,20,2023-09-13,false
1269,finley.larsen1269@example.com,Finley,Larsen, 012.874.3171 ,NRTH,9,2023-09-06,false
127,skyler.rossi127@example.com,Skyler,Rossi,+1 (084) 451 - 1703,NRTH,12,2024-02-17,false
1270,hayden.iqbal1270@example.com,Hayden,Iqbal,0620498993,EAST,34,2024-05-28,false
1271,devon.rossi1271@example.com,Devon,Rossi,\N,SOTH,15,2024-08-18,false
1272,riley.tanaka1272@example.com,Riley,Tanaka, 078.948.8302 ,NE  ,16,2024-06-23,true
1273,marlowe.garcia1273@example.com,Marlowe,Garcia,0502672650,SOTH,1,2023-05-26,false
1274,rowan.novak1274@example.com,Rowan,Novak,+1 (033) 646 - 6691,SW  ,34,2024-07-04,false
1275,casey.patel1275@example.com,Casey,Patel,0414008800,NRTH,15,2024-11-05,false
1276,parker.weber1276@example.com,Parker,Weber,+1 (017) 630 - 4457,SOTH,5,2024-11-06,false
1277,morgan.johnson1277@example.com,Morgan,Johnson,(025) 830-1976,SOTH,7,2024-11-25,false
1278,devon.nguyen1278@example.com,Devon,Nguyen,(028) 516-2989,SOTH,34,2024-12-20,false
1279,emerson.costa1279@example.com,Emerson,Costa,+1 (046) 261 - 9968,SOTH,10,2023-02-11,false
128,devon.silva128@example.com,Devon,Silva,+1 (031) 690 - 5717,WEST,31,2024-09-16,false
1280,emerson.patel1280@example.com,Emerson,Patel, 045.375.0815 ,WEST,25,2023-08-17,false
1281,quinn.larsen1281@example.com,Quinn,Larsen,(046) 553-7242,NE  ,39,2024-06-13,true
1282,reese.patel1282@example.com,Reese,Patel,\N,SOTH,8,2023-01-28,false
1283,reese.kim1283@example.com,Reese,Kim,0947684847,NE  ,7,2023-11-01,false
1284,reese.larsen1284@example.com,Reese,Larsen,+1 (021) 858 - 7507,SOTH,14,2024-05-09,false
1285,skyler.nguyen1285@example.com,Skyler,Nguyen,0752125249,EAST,12,2024-07-28,false
1286,reese.silva1286@example.com,Reese,Silva,0356649049,EAST,5,2023-04-21,false
1287,marlowe.costa1287@example.com,Marlowe,Costa,(028) 328-7655,EAST,2,2023-05-13,false
1288,avery.tanaka1288@example.com,Avery,Tanaka,\N,SOTH,38,2024-11-09,false
1289,morgan.garcia1289@example.com,Morgan,Garcia, 031.209.2259 ,WEST,37,2024-02-12,false
129,riley.johnson129@example.com,Riley,Johnson,+1 (086) 391 - 9401,SOTH,26,2023-03-12,false
1290,casey.patel1290@example.com,Casey,Patel,0360430809,EAST,20,2024-01-17,false
1291,devon.fischer1291@example.com,Devon,Fischer,+1 (088) 878 - 9236,WEST,24,2023-08-22,false
1292,marlowe.patel1292@example.com,Marlowe,Patel, 002.225.5748 ,WEST,34,2023-11-15,false
1293,casey.tanaka1293@example.com,Casey,Tanaka,0795656039,SOTH,2,2023-10-07,false
1294,riley.novak1294@example.com,Riley,Novak,0941826234,NRTH,7,2024-11-11,false
1295,devon.tanaka1295@example.com,Devon,Tanaka,+1 (029) 661 - 8097,EAST,26,2023-05-29,true
1296,rowan.patel1296@example.com,Rowan,Patel,+1 (085) 096 - 7842,NRTH,30,2023-08-13,false
1297,avery.fischer1297@example.com,Avery,Fischer,+1 (056) 176 - 6871,NRTH,30,2024-04-29,false
1298,quinn.mbeki1298@example.com,Quinn,Mbeki,\N,SOTH,19,2023-08-17,true
1299,jordan.novak1299@example.com,Jordan,Novak,+1 (052) 437 - 9478,WEST,38,2023-01-04,false
13,casey.fischer13@example.com,Casey,Fischer, 016.411.2119 ,EAST,4,2024-09-07,false
130,avery.larsen130@example.com,Avery,Larsen,+1 (072) 244 - 3971,NE  ,8,2024-03-30,false
1300,avery.garcia1300@example.com,Avery,Garcia, 030.415.4049 ,WEST,9,2023-03-08,false
1301,casey.novak1301@example.com,Casey,Novak, 031.224.6300 ,NRTH,38,2023-01-25,false
1302,emerson.osei1302@example.com,Emerson,Osei,(097) 083-7440,NRTH,28,2024-11-24,false
1303,skyler.mbeki1303@example.com,Skyler,Mbeki,+1 (094) 052 - 5260,NRTH,37,2024-09-16,false
1304,parker.larsen1304@example.com,Parker,Larsen,+1 (032) 326 - 3148,NRTH,27,2023-03-08,false
1305,kendall.silva1305@example.com,Kendall,Silva,\N,NRTH,28,2024-02-14,false
1306,rowan.tanaka1306@example.com,Rowan,Tanaka,0451514516,SOTH,23,2023-12-25,true
1307,avery.costa1307@example.com,Avery,Costa, 032.468.8774 ,EAST,9,2024-03-26,false
1308,casey.mbeki1308@example.com,Casey,Mbeki,(071) 949-2101,WEST,26,2023-12-26,false
1309,kendall.garcia1309@example.com,Kendall,Garcia,(069) 780-3278,EAST,4,2023-09-17,false
131,emerson.patel131@example.com,Emerson,Patel,\N,SOTH,31,2024-11-17,false
1310,skyler.fischer1310@example.com,Skyler,Fischer,(062) 772-8245,EAST,4,2024-06-28,false
1311,casey.fischer1311@example.com,Casey,Fischer, 068.683.8420 ,NRTH,15,2023-08-22,false
1312,avery.fischer1312@example.com,Avery,Fischer,\N,SW  ,13,2023-01-01,false
1313,morgan.patel1313@example.com,Morgan,Patel,\N,SOTH,14,2023-01-20,false
1314,kendall.weber1314@example.com,Kendall,Weber, 051.938.9882 ,WEST,8,2024-09-29,false
1315,devon.iqbal1315@example.com,Devon,Iqbal,(068) 311-1510,SW  ,8,2023-05-24,false
1316,reese.silva1316@example.com,Reese,Silva,+1 (051) 589 - 6943,NE  ,35,2023-08-13,false
1317,marlowe.tanaka1317@example.com,Marlowe,Tanaka,(085) 883-7980,WEST,26,2023-12-27,false
1318,hayden.johnson1318@example.com,Hayden,Johnson,0605814893,WEST,19,2023-01-09,false
1319,jordan.iqbal1319@example.com,Jordan,Iqbal,0502411429,WEST,23,2023-08-04,true
132,rowan.osei132@example.com,Rowan,Osei,0324474225,EAST,30,2023-04-01,false
1320,quinn.tanaka1320@example.com,Quinn,Tanaka,0969106241,NE  ,33,2024-02-03,true
1321,casey.tanaka1321@example.com,Casey,Tanaka, 092.198.3336 ,SW  ,22,2023-08-05,false
1322,skyler.weber1322@example.com,Skyler,Weber, 050.654.0191 ,EAST,31,2024-03-23,false
1323,devon.johnson1323@example.com,Devon,Johnson,0373764397,EAST,38,2023-02-22,true
1324,quinn.osei1324@example.com,Quinn,Osei,0729416737,EAST,7,2023-09-09,false
1325,reese.patel1325@example.com,Reese,Patel,(045) 103-1860,NRTH,25,2023-02-18,false
1326,morgan.garcia1326@example.com,Morgan,Garcia,(065) 126-0172,EAST,29,2024-12-18,false
1327,morgan.iqbal1327@example.com,Morgan,Iqbal, 061.609.1216 ,NRTH,9,2023-06-02,false
1328,kendall.mbeki1328@example.com,Kendall,Mbeki, 046.607.1607 ,SOTH,13,2023-03-08,false
1329,morgan.novak1329@example.com,Morgan,Novak,0386075687,WEST,9,2024-03-17,false
133,jordan.mbeki133@example.com,Jordan,Mbeki,\N,SOTH,8,2024-11-20,false
1330,riley.rossi1330@example.com,Riley,Rossi, 089.378.5820 ,NRTH,34,2024-03-19,false
1331,emerson.tanaka1331@example.com,Emerson,Tanaka,(086) 070-7039,SW  ,36,2023-12-07,false
1332,finley.kim1332@example.com,Finley,Kim,+1 (055) 538 - 9596,SW  ,6,2023-03-20,false
1333,reese.garcia1333@example.com,Reese,Garcia,+1 (024) 054 - 0953,SW  ,35,2024-12-17,false
1334,finley.tanaka1334@example.com,Finley,Tanaka, 008.029.1323 ,EAST,11,2024-10-24,false
1335,skyler.weber1335@example.com,Skyler,Weber,(095) 757-1952,SW  ,4,2024-03-28,false
1336,devon.nguyen1336@example.com,Devon,Nguyen,+1 (021) 529 - 7327,WEST,22,2024-11-20,false
1337,casey.novak1337@example.com,Casey,Novak,(071) 225-1737,NE  ,22,2023-07-03,false
1338,jordan.tanaka1338@example.com,Jordan,Tanaka,(065) 759-4547,EAST,27,2024-11-20,false
1339,casey.larsen1339@example.com,Casey,Larsen,\N,WEST,7,2024-01-30,false
134,finley.iqbal134@example.com,Finley,Iqbal, 079.700.5281 ,EAST,35,2024-11-18,false
1340,emerson.costa1340@example.com,Emerson,Costa, 094.108.0807 ,SOTH,20,2023-01-17,false
1341,avery.novak1341@example.com,Avery,Novak,(073) 222-8806,NE  ,39,2024-03-05,false
1342,finley.weber1342@example.com,Finley,Weber, 059.006.9371 ,NRTH,28,2023-03-31,false
1343,emerson.tanaka1343@example.com,Emerson,Tanaka, 006.219.3817 ,SOTH,22,2023-06-30,false
1344,avery.osei1344@example.com,Avery,Osei,(086) 089-0866,NRTH,35,2024-11-09,false
1345,jordan.kim1345@example.com,Jordan,Kim,(030) 343-5126,WEST,9,2023-09-01,false
1346,reese.mbeki1346@example.com,Reese,Mbeki,(070) 607-4176,NRTH,39,2024-05-24,true
1347,devon.novak1347@example.com,Devon,Novak, 092.208.6701 ,SOTH,23,2023-12-11,false
1348,emerson.mbeki1348@example.com,Emerson,Mbeki,(034) 237-2191,SOTH,34,2023-02-11,false
1349,hayden.fischer1349@example.com,Hayden,Fischer, 014.724.3809 ,WEST,6,2023-08-25,false
135,morgan.fischer135@example.com,Morgan,Fischer,(030) 036-8694,SW  ,27,2024-06-20,false
1350,parker.patel1350@example.com,Parker,Patel,\N,EAST,10,2023-07-02,false
1351,kendall.patel1351@example.com,Kendall,Patel,+1 (029) 023 - 0887,WEST,32,2024-04-01,false
1352,riley.garcia1352@example.com,Riley,Garcia,0020238394,WEST,40,2023-10-26,false
1353,reese.novak1353@example.com,Reese,Novak,(057) 175-8865,NRTH,12,2024-05-27,false
1354,emerson.nguyen1354@example.com,Emerson,Nguyen,+1 (097) 436 - 6568,SW  ,22,2024-09-21,false
1355,parker.nguyen1355@example.com,Parker,Nguyen,(045) 907-7447,EAST,40,2024-09-19,false
1356,finley.mbeki1356@example.com,Finley,Mbeki,+1 (077) 225 - 6800,NE  ,30,2023-05-07,false
1357,kendall.osei1357@example.com,Kendall,Osei,+1 (073) 293 - 4806,NRTH,1,2023-03-08,false
1358,skyler.rossi1358@example.com,Skyler,Rossi,\N,SW  ,26,2023-08-02,false
1359,devon.nguyen1359@example.com,Devon,Nguyen,+1 (034) 465 - 9729,EAST,20,2024-10-20,false
136,kendall.iqbal136@example.com,Kendall,Iqbal,\N,SOTH,24,2024-06-16,false
1360,kendall.nguyen1360@example.com,Kendall,Nguyen,0385176589,SOTH,1,2024-05-10,false
1361,parker.costa1361@example.com,Parker,Costa,+1 (029) 683 - 1273,WEST,38,2023-02-19,false
1362,devon.larsen1362@example.com,Devon,Larsen, 067.682.0465 ,WEST,32,2023-04-25,false
1363,jordan.osei1363@example.com,Jordan,Osei,0544085581,EAST,3,2024-03-26,false
1364,reese.garcia1364@example.com,Reese,Garcia,\N,WEST,17,2024-10-18,false
1365,emerson.garcia1365@example.com,Emerson,Garcia,0083192595,SW  ,16,2023-03-29,false
1366,reese.novak1366@example.com,Reese,Novak,0883359820,EAST,37,2023-02-25,false
1367,skyler.johnson1367@example.com,Skyler,Johnson,+1 (038) 685 - 5161,WEST,21,2023-11-14,false
1368,emerson.fischer1368@example.com,Emerson,Fischer,\N,WEST,40,2023-10-14,true
1369,casey.nguyen1369@example.com,Casey,Nguyen,+1 (033) 619 - 4754,EAST,39,2024-12-31,false
137,emerson.garcia137@example.com,Emerson,Garcia,0131167999,NRTH,18,2023-03-13,false
1370,jordan.johnson1370@example.com,Jordan,Johnson,0241142023,NRTH,6,2024-02-23,false
1371,jordan.fischer1371@example.com,Jordan,Fischer, 028.903.2747 ,NE  ,34,2024-10-11,false
1372,reese.rossi1372@example.com,Reese,Rossi,(033) 803-1505,SOTH,24,2024-06-22,false
1373,hayden.tanaka1373@example.com,Hayden,Tanaka,+1 (008) 208 - 0866,EAST,23,2024-05-22,false
1374,reese.iqbal1374@example.com,Reese,Iqbal, 088.775.2467 ,NRTH,15,2024-12-20,false
1375,hayden.johnson1375@example.com,Hayden,Johnson,+1 (036) 675 - 9935,SW  ,17,2023-04-02,false
1376,hayden.johnson1376@example.com,Hayden,Johnson, 082.962.1228 ,SW  ,32,2024-11-29,false
1377,kendall.nguyen1377@example.com,Kendall,Nguyen,0821959627,NRTH,8,2024-07-30,false
1378,jordan.costa1378@example.com,Jordan,Costa,0142139534,WEST,11,2024-12-03,false
1379,casey.weber1379@example.com,Casey,Weber,+1 (012) 780 - 7104,NE  ,16,2024-11-28,false
138,avery.garcia138@example.com,Avery,Garcia, 084.501.1302 ,EAST,16,2023-02-23,false
1380,rowan.patel1380@example.com,Rowan,Patel,0381132853,WEST,5,2024-12-08,false
1381,kendall.costa1381@example.com,Kendall,Costa, 078.752.8569 ,WEST,31,2024-07-16,false
1382,riley.johnson1382@example.com,Riley,Johnson,0723602225,WEST,38,2023-10-22,false
1383,quinn.larsen1383@example.com,Quinn,Larsen,(036) 627-1821,EAST,15,2024-03-14,false
1384,hayden.mbeki1384@example.com,Hayden,Mbeki, 019.157.2514 ,EAST,25,2023-02-02,false
1385,parker.costa1385@example.com,Parker,Costa,+1 (066) 086 - 3928,NE  ,18,2023-03-19,false
1386,quinn.patel1386@example.com,Quinn,Patel, 024.012.4494 ,WEST,18,2023-08-13,false
1387,devon.patel1387@example.com,Devon,Patel, 022.209.6099 ,SOTH,18,2023-01-22,false
1388,jordan.novak1388@example.com,Jordan,Novak,+1 (002) 767 - 8171,WEST,32,2023-06-07,false
1389,hayden.iqbal1389@example.com,Hayden,Iqbal,(031) 669-1105,NE  ,9,2024-07-10,false
139,parker.novak139@example.com,Parker,Novak,(084) 679-9779,SOTH,22,2023-08-04,false
1390,morgan.iqbal1390@example.com,Morgan,Iqbal, 092.825.2762 ,NRTH,32,2023-08-05,false
1391,morgan.tanaka1391@example.com,Morgan,Tanaka, 035.123.7825 ,EAST,15,2024-01-29,false
1392,kendall.kim1392@example.com,Kendall,Kim,+1 (075) 709 - 9319,EAST,3,2023-05-28,false
1393,jordan.nguyen1393@example.com,Jordan,Nguyen, 093.642.6159 ,SOTH,9,2024-06-07,false
1394,marlowe.johnson1394@example.com,Marlowe,Johnson, 030.343.9088 ,SOTH,12,2023-06-04,false
1395,riley.novak1395@example.com,Riley,Novak,\N,WEST,28,2024-03-09,false
1396,quinn.garcia1396@example.com,Quinn,Garcia, 067.755.9423 ,NRTH,17,2024-05-10,false
1397,quinn.mbeki1397@example.com,Quinn,Mbeki,0526371835,SOTH,19,2024-04-09,false
1398,marlowe.mbeki1398@example.com,Marlowe,Mbeki,\N,EAST,15,2024-11-15,false
1399,skyler.costa1399@example.com,Skyler,Costa,(045) 619-5626,SOTH,21,2023-05-17,false
14,riley.weber14@example.com,Riley,Weber,+1 (056) 813 - 2202,NRTH,39,2024-03-05,false
140,casey.johnson140@example.com,Casey,Johnson,(011) 803-2515,NE  ,17,2023-04-13,true
1400,rowan.patel1400@example.com,Rowan,Patel,0830734482,EAST,26,2024-10-14,false
1401,marlowe.costa1401@example.com,Marlowe,Costa, 054.491.0454 ,SOTH,2,2024-11-22,false
1402,hayden.garcia1402@example.com,Hayden,Garcia,0341040118,NE  ,21,2023-10-31,false
1403,hayden.weber1403@example.com,Hayden,Weber, 078.188.4679 ,WEST,4,2023-09-21,false
1404,jordan.mbeki1404@example.com,Jordan,Mbeki, 094.019.1941 ,SOTH,27,2024-02-21,false
1405,morgan.rossi1405@example.com,Morgan,Rossi,(077) 548-7184,NRTH,39,2024-09-15,false
1406,rowan.tanaka1406@example.com,Rowan,Tanaka, 055.689.5122 ,NE  ,5,2023-10-09,false
1407,quinn.weber1407@example.com,Quinn,Weber,+1 (097) 780 - 7054,SOTH,19,2023-09-15,false
1408,reese.nguyen1408@example.com,Reese,Nguyen,(056) 538-4538,WEST,2,2024-01-25,false
1409,marlowe.garcia1409@example.com,Marlowe,Garcia, 024.696.6247 ,NRTH,19,2023-01-27,false
141,reese.rossi141@example.com,Reese,Rossi,0136105947,WEST,12,2024-02-13,false
1410,morgan.weber1410@example.com,Morgan,Weber,+1 (094) 126 - 5324,NRTH,9,2024-10-31,false
1411,riley.costa1411@example.com,Riley,Costa, 058.164.3744 ,WEST,1,2023-03-16,false
1412,finley.novak1412@example.com,Finley,Novak,(045) 650-4247,SW  ,20,2023-08-23,false
1413,parker.patel1413@example.com,Parker,Patel,0312715124,WEST,37,2023-03-14,false
1414,hayden.larsen1414@example.com,Hayden,Larsen, 057.252.3333 ,SOTH,19,2023-10-25,true
1415,marlowe.weber1415@example.com,Marlowe,Weber, 048.562.1597 ,EAST,35,2024-03-24,false
1416,finley.osei1416@example.com,Finley,Osei,+1 (011) 698 - 2506,SOTH,24,2023-09-16,false
1417,riley.patel1417@example.com,Riley,Patel, 052.593.1052 ,NE  ,11,2023-03-07,false
1418,marlowe.osei1418@example.com,Marlowe,Osei,+1 (033) 442 - 2214,WEST,32,2024-10-10,false
1419,rowan.costa1419@example.com,Rowan,Costa,0810715800,WEST,18,2024-02-28,false
142,riley.fischer142@example.com,Riley,Fischer,0117095851,SOTH,24,2024-01-27,false
1420,reese.rossi1420@example.com,Reese,Rossi,(092) 197-1541,SOTH,31,2024-12-16,false
1421,riley.weber1421@example.com,Riley,Weber,(080) 331-8616,NRTH,1,2023-05-10,false
1422,morgan.garcia1422@example.com,Morgan,Garcia,0862379647,NRTH,32,2023-04-19,false
1423,hayden.weber1423@example.com,Hayden,Weber,\N,WEST,19,2023-08-17,false
1424,devon.rossi1424@example.com,Devon,Rossi, 017.818.2815 ,SW  ,24,2023-08-14,false
1425,parker.tanaka1425@example.com,Parker,Tanaka, 049.701.3797 ,NE  ,39,2024-12-28,false
1426,casey.silva1426@example.com,Casey,Silva,\N,NE  ,31,2023-11-20,false
1427,marlowe.kim1427@example.com,Marlowe,Kim,(021) 396-1999,WEST,20,2024-02-22,false
1428,morgan.garcia1428@example.com,Morgan,Garcia,+1 (007) 169 - 5888,SW  ,30,2024-05-09,false
1429,reese.tanaka1429@example.com,Reese,Tanaka,0881278352,WEST,13,2024-03-29,false
143,jordan.mbeki143@example.com,Jordan,Mbeki,\N,SOTH,2,2024-01-08,false
1430,emerson.weber1430@example.com,Emerson,Weber, 070.799.0536 ,WEST,36,2023-03-02,false
1431,morgan.novak1431@example.com,Morgan,Novak, 010.986.7551 ,WEST,12,2024-09-10,false
1432,finley.rossi1432@example.com,Finley,Rossi,0866831325,SW  ,38,2023-06-12,false
1433,reese.novak1433@example.com,Reese,Novak,0176972398,EAST,40,2024-11-10,true
1434,riley.garcia1434@example.com,Riley,Garcia,0456775928,NRTH,33,2023-09-12,false
1435,morgan.osei1435@example.com,Morgan,Osei,0413959531,NE  ,26,2023-10-03,false
1436,rowan.kim1436@example.com,Rowan,Kim,+1 (068) 050 - 5229,SW  ,14,2024-07-06,false
1437,hayden.iqbal1437@example.com,Hayden,Iqbal,0599046021,SOTH,17,2024-05-21,false
1438,avery.tanaka1438@example.com,Avery,Tanaka, 022.954.4484 ,SOTH,23,2023-10-25,false
1439,avery.novak1439@example.com,Avery,Novak,+1 (000) 602 - 8563,SOTH,24,2023-09-13,false
144,hayden.patel144@example.com,Hayden,Patel,\N,SOTH,29,2023-03-04,false
1440,emerson.larsen1440@example.com,Emerson,Larsen,+1 (003) 600 - 0620,NE  ,1,2024-05-13,false
1441,jordan.larsen1441@example.com,Jordan,Larsen,(088) 403-9248,WEST,4,2024-11-01,false
1442,marlowe.iqbal1442@example.com,Marlowe,Iqbal,(093) 945-6267,SOTH,12,2023-01-30,false
1443,casey.silva1443@example.com,Casey,Silva,(090) 817-4201,NRTH,6,2023-02-13,false
1444,jordan.rossi1444@example.com,Jordan,Rossi, 091.544.6370 ,EAST,35,2024-05-23,false
1445,avery.rossi1445@example.com,Avery,Rossi,+1 (063) 012 - 2695,EAST,11,2024-02-06,true
1446,finley.costa1446@example.com,Finley,Costa, 081.743.2212 ,WEST,5,2024-07-20,false
1447,quinn.iqbal1447@example.com,Quinn,Iqbal,0739503930,WEST,18,2023-05-15,false
1448,avery.mbeki1448@example.com,Avery,Mbeki,0366631819,WEST,36,2024-03-17,false
1449,riley.iqbal1449@example.com,Riley,Iqbal,(019) 595-8920,EAST,8,2023-05-25,false
145,casey.kim145@example.com,Casey,Kim,+1 (062) 853 - 0544,NRTH,18,2023-10-23,false
1450,avery.silva1450@example.com,Avery,Silva,(049) 429-6083,WEST,14,2024-11-12,false
1451,reese.mbeki1451@example.com,Reese,Mbeki,+1 (040) 728 - 1502,SOTH,9,2023-05-19,false
1452,rowan.costa1452@example.com,Rowan,Costa, 021.391.5836 ,SOTH,13,2023-08-18,false
1453,kendall.larsen1453@example.com,Kendall,Larsen,+1 (039) 042 - 6698,EAST,32,2024-08-22,false
1454,kendall.silva1454@example.com,Kendall,Silva, 057.761.8107 ,WEST,38,2024-06-29,false
1455,skyler.novak1455@example.com,Skyler,Novak,+1 (079) 793 - 1673,EAST,33,2023-03-12,false
1456,parker.larsen1456@example.com,Parker,Larsen,(098) 990-3392,SOTH,30,2024-02-06,false
1457,quinn.fischer1457@example.com,Quinn,Fischer,0399735559,NRTH,30,2024-05-26,false
1458,jordan.rossi1458@example.com,Jordan,Rossi, 000.848.0736 ,EAST,23,2023-11-24,false
1459,rowan.patel1459@example.com,Rowan,Patel, 050.126.6959 ,NRTH,23,2024-08-07,true
146,skyler.iqbal146@example.com,Skyler,Iqbal,(085) 158-0447,NE  ,39,2024-10-24,false
1460,kendall.costa1460@example.com,Kendall,Costa,+1 (027) 120 - 0090,NRTH,31,2024-04-11,false
1461,finley.mbeki1461@example.com,Finley,Mbeki,(096) 729-6990,WEST,15,2023-11-23,false
1462,devon.weber1462@example.com,Devon,Weber,+1 (017) 865 - 4244,SW  ,2,2024-11-19,false
1463,parker.johnson1463@example.com,Parker,Johnson,(005) 776-7414,NRTH,22,2023-08-29,false
1464,casey.tanaka1464@example.com,Casey,Tanaka, 000.090.5387 ,SOTH,26,2023-06-05,false
1465,skyler.mbeki1465@example.com,Skyler,Mbeki,0218315314,EAST,12,2023-03-12,false
1466,casey.tanaka1466@example.com,Casey,Tanaka,0107281279,WEST,31,2024-03-03,false
1467,parker.fischer1467@example.com,Parker,Fischer,(081) 932-5320,NRTH,30,2023-10-29,false
1468,casey.weber1468@example.com,Casey,Weber,0784231079,EAST,19,2024-04-08,false
1469,riley.tanaka1469@example.com,Riley,Tanaka,\N,SOTH,38,2024-11-18,false
147,parker.costa147@example.com,Parker,Costa,0888434627,SOTH,15,2023-11-06,false
1470,reese.tanaka1470@example.com,Reese,Tanaka,0001708903,EAST,22,2024-12-11,true
1471,reese.johnson1471@example.com,Reese,Johnson,\N,SOTH,13,2023-08-23,false
1472,rowan.weber1472@example.com,Rowan,Weber,0334032573,NRTH,28,2024-06-08,false
1473,jordan.larsen1473@example.com,Jordan,Larsen,(073) 265-6759,NRTH,12,2023-12-28,false
1474,emerson.patel1474@example.com,Emerson,Patel,0138232995,NRTH,1,2024-06-17,false
1475,marlowe.weber1475@example.com,Marlowe,Weber,(027) 772-2302,NRTH,4,2024-04-13,false
1476,kendall.tanaka1476@example.com,Kendall,Tanaka,(039) 176-7365,SOTH,22,2024-09-02,false
1477,hayden.weber1477@example.com,Hayden,Weber,\N,EAST,10,2024-12-26,false
1478,devon.novak1478@example.com,Devon,Novak,0488541107,NE  ,40,2023-02-07,false
1479,jordan.patel1479@example.com,Jordan,Patel,+1 (095) 473 - 4652,SOTH,30,2023-07-15,false
148,morgan.rossi148@example.com,Morgan,Rossi, 040.190.2658 ,NRTH,21,2024-06-17,false
1480,skyler.nguyen1480@example.com,Skyler,Nguyen,0383202737,NE  ,18,2023-01-14,false
1481,skyler.garcia1481@example.com,Skyler,Garcia,0039312208,SW  ,8,2023-07-13,false
1482,morgan.johnson1482@example.com,Morgan,Johnson,+1 (029) 495 - 2837,NRTH,32,2023-12-22,false
1483,reese.iqbal1483@example.com,Reese,Iqbal, 004.111.0761 ,WEST,5,2024-04-18,false
1484,morgan.weber1484@example.com,Morgan,Weber,+1 (068) 369 - 5518,NE  ,6,2023-11-25,false
1485,quinn.larsen1485@example.com,Quinn,Larsen, 085.216.9608 ,EAST,28,2024-03-19,false
1486,skyler.osei1486@example.com,Skyler,Osei,0231079186,WEST,24,2023-08-02,false
1487,quinn.larsen1487@example.com,Quinn,Larsen, 097.683.2772 ,NE  ,3,2024-06-10,false
1488,avery.costa1488@example.com,Avery,Costa, 070.567.6856 ,SOTH,2,2023-08-02,false
1489,rowan.patel1489@example.com,Rowan,Patel,\N,SOTH,15,2023-09-10,false
149,riley.kim149@example.com,Riley,Kim,+1 (079) 949 - 6315,EAST,6,2024-09-22,false
1490,skyler.iqbal1490@example.com,Skyler,Iqbal,0352994790,SW  ,27,2024-01-05,false
1491,avery.rossi1491@example.com,Avery,Rossi, 047.715.2687 ,EAST,21,2023-12-25,false
1492,marlowe.novak1492@example.com,Marlowe,Novak,0274547837,NE  ,11,2023-01-26,false
1493,riley.fischer1493@example.com,Riley,Fischer,\N,NE  ,23,2024-08-03,false
1494,emerson.mbeki1494@example.com,Emerson,Mbeki,(050) 184-5574,WEST,21,2023-05-02,false
1495,quinn.tanaka1495@example.com,Quinn,Tanaka,(082) 134-8247,SW  ,28,2024-08-06,false
1496,marlowe.osei1496@example.com,Marlowe,Osei,(065) 189-2005,NRTH,35,2023-03-17,false
1497,parker.patel1497@example.com,Parker,Patel,0170851134,SW  ,19,2024-03-03,false
1498,parker.costa1498@example.com,Parker,Costa,(038) 995-5840,SW  ,18,2024-05-30,false
1499,rowan.weber1499@example.com,Rowan,Weber,+1 (049) 812 - 3804,SOTH,26,2024-10-03,false
15,avery.patel15@example.com,Avery,Patel,(036) 526-0635,NE  ,18,2023-08-16,false
150,jordan.rossi150@example.com,Jordan,Rossi,0714403943,EAST,27,2024-11-05,false
1500,quinn.silva1500@example.com,Quinn,Silva,\N,NRTH,19,2024-10-06,false
151,jordan.mbeki151@example.com,Jordan,Mbeki, 062.053.5283 ,SW  ,20,2023-05-01,false
152,reese.patel152@example.com,Reese,Patel,+1 (081) 884 - 1563,EAST,36,2024-03-21,false
153,hayden.nguyen153@example.com,Hayden,Nguyen,\N,SW  ,18,2023-08-01,false
154,skyler.rossi154@example.com,Skyler,Rossi,0153815116,EAST,1,2023-02-24,false
155,avery.kim155@example.com,Avery,Kim,+1 (048) 709 - 8457,NE  ,14,2023-05-03,false
156,rowan.kim156@example.com,Rowan,Kim,(066) 339-8699,WEST,10,2024-06-07,false
157,kendall.costa157@example.com,Kendall,Costa, 029.331.0667 ,SOTH,39,2024-08-09,false
158,emerson.costa158@example.com,Emerson,Costa,0636873048,EAST,19,2024-02-14,false
159,jordan.osei159@example.com,Jordan,Osei,\N,NRTH,39,2023-06-08,false
16,kendall.nguyen16@example.com,Kendall,Nguyen,(054) 511-9047,WEST,33,2024-11-07,false
160,parker.johnson160@example.com,Parker,Johnson,0008299923,WEST,19,2024-08-03,false
161,casey.weber161@example.com,Casey,Weber,+1 (089) 480 - 7263,NE  ,15,2023-02-25,false
162,jordan.costa162@example.com,Jordan,Costa,+1 (092) 568 - 3580,WEST,30,2024-03-23,false
163,finley.costa163@example.com,Finley,Costa, 034.871.7183 ,WEST,8,2024-09-14,false
164,kendall.tanaka164@example.com,Kendall,Tanaka,0261259074,EAST,28,2024-04-02,false
165,riley.weber165@example.com,Riley,Weber, 083.657.1442 ,WEST,22,2023-03-01,false
166,morgan.novak166@example.com,Morgan,Novak, 087.933.9361 ,EAST,23,2023-07-03,false
167,devon.novak167@example.com,Devon,Novak,(081) 513-3660,NRTH,39,2023-05-18,false
168,marlowe.iqbal168@example.com,Marlowe,Iqbal,+1 (099) 230 - 3073,SW  ,38,2024-11-02,false
169,rowan.johnson169@example.com,Rowan,Johnson,+1 (067) 794 - 4609,SOTH,5,2024-09-10,false
17,parker.johnson17@example.com,Parker,Johnson,(083) 604-3811,EAST,11,2024-04-10,false
170,jordan.tanaka170@example.com,Jordan,Tanaka,(048) 523-8820,NE  ,5,2023-02-14,false
171,skyler.kim171@example.com,Skyler,Kim,0412834919,EAST,40,2024-03-26,false
172,jordan.iqbal172@example.com,Jordan,Iqbal, 051.070.2777 ,SW  ,13,2023-02-18,false
173,rowan.kim173@example.com,Rowan,Kim,\N,NE  ,12,2024-07-03,false
174,kendall.silva174@example.com,Kendall,Silva,0415985367,EAST,24,2024-08-24,false
175,jordan.rossi175@example.com,Jordan,Rossi,\N,EAST,22,2024-06-10,false
176,devon.johnson176@example.com,Devon,Johnson,+1 (015) 185 - 7566,EAST,6,2023-08-29,false
177,finley.johnson177@example.com,Finley,Johnson,+1 (040) 445 - 6327,SW  ,6,2024-09-23,false
178,riley.costa178@example.com,Riley,Costa,\N,NE  ,24,2023-08-28,false
179,parker.rossi179@example.com,Parker,Rossi, 014.770.9679 ,SOTH,13,2023-03-01,false
18,avery.patel18@example.com,Avery,Patel,(025) 863-3898,EAST,20,2023-03-08,false
180,morgan.garcia180@example.com,Morgan,Garcia, 040.449.9880 ,EAST,40,2023-05-07,false
181,quinn.iqbal181@example.com,Quinn,Iqbal, 077.264.9234 ,WEST,27,2023-12-12,false
182,kendall.osei182@example.com,Kendall,Osei,0868253265,NE  ,16,2024-12-03,false
183,emerson.iqbal183@example.com,Emerson,Iqbal,0539991949,SOTH,19,2023-05-06,false
184,casey.larsen184@example.com,Casey,Larsen,(059) 543-3590,WEST,31,2024-07-06,false
185,morgan.mbeki185@example.com,Morgan,Mbeki, 097.206.5142 ,EAST,11,2024-10-07,false
186,reese.iqbal186@example.com,Reese,Iqbal,+1 (042) 568 - 9202,EAST,2,2023-07-03,false
187,riley.tanaka187@example.com,Riley,Tanaka,+1 (010) 638 - 9694,SOTH,2,2024-09-06,false
188,jordan.mbeki188@example.com,Jordan,Mbeki,0503703167,SOTH,9,2024-04-22,true
189,riley.nguyen189@example.com,Riley,Nguyen,0589274064,WEST,14,2023-03-28,false
19,riley.johnson19@example.com,Riley,Johnson,+1 (017) 730 - 3722,NRTH,31,2024-02-14,false
190,reese.mbeki190@example.com,Reese,Mbeki,0686069196,EAST,4,2023-02-18,false
191,marlowe.nguyen191@example.com,Marlowe,Nguyen,+1 (015) 416 - 4462,NE  ,37,2023-11-30,true
192,emerson.osei192@example.com,Emerson,Osei,(071) 749-0291,SW  ,27,2024-02-11,false
193,riley.nguyen193@example.com,Riley,Nguyen,\N,NRTH,31,2023-10-28,false
194,devon.nguyen194@example.com,Devon,Nguyen,(078) 698-9426,EAST,5,2024-08-22,false
195,rowan.johnson195@example.com,Rowan,Johnson, 087.349.8494 ,WEST,23,2024-10-06,false
196,kendall.fischer196@example.com,Kendall,Fischer,\N,NRTH,9,2024-08-25,false
197,jordan.mbeki197@example.com,Jordan,Mbeki,(095) 111-0186,SOTH,3,2023-09-03,false
198,finley.fischer198@example.com,Finley,Fischer,+1 (020) 519 - 5749,WEST,3,2023-10-05,false
199,jordan.rossi199@example.com,Jordan,Rossi,0469172971,WEST,8,2024-07-31,false
2,riley.costa2@example.com,Riley,Costa,\N,WEST,2,2023-06-30,false
20,hayden.novak20@example.com,Hayden,Novak,+1 (042) 841 - 4718,NE  ,13,2023-12-07,false
200,finley.rossi200@example.com,Finley,Rossi,+1 (039) 443 - 5754,NRTH,32,2024-09-14,false
201,hayden.kim201@example.com,Hayden,Kim,+1 (019) 376 - 3673,NRTH,39,2023-09-07,false
202,rowan.mbeki202@example.com,Rowan,Mbeki, 045.753.8651 ,WEST,29,2024-06-19,false
203,kendall.garcia203@example.com,Kendall,Garcia,(029) 480-1573,EAST,40,2023-02-28,false
204,finley.tanaka204@example.com,Finley,Tanaka,0153308283,NE  ,11,2023-01-28,false
205,reese.tanaka205@example.com,Reese,Tanaka, 003.477.3472 ,EAST,25,2024-06-11,false
206,emerson.tanaka206@example.com,Emerson,Tanaka,+1 (056) 850 - 3222,SOTH,5,2023-11-06,false
207,devon.osei207@example.com,Devon,Osei,0535844374,EAST,2,2024-12-10,false
208,devon.larsen208@example.com,Devon,Larsen,0306635834,SOTH,14,2023-06-05,false
209,riley.iqbal209@example.com,Riley,Iqbal,+1 (087) 028 - 1936,NRTH,29,2024-06-02,false
21,kendall.patel21@example.com,Kendall,Patel,\N,SOTH,15,2023-01-17,false
210,riley.mbeki210@example.com,Riley,Mbeki, 099.570.7053 ,WEST,11,2024-09-08,false
211,reese.patel211@example.com,Reese,Patel,(053) 045-2018,SOTH,9,2023-10-08,false
212,emerson.iqbal212@example.com,Emerson,Iqbal,(009) 257-3170,NE  ,9,2023-08-29,false
213,marlowe.costa213@example.com,Marlowe,Costa,\N,NRTH,37,2023-09-04,false
214,kendall.iqbal214@example.com,Kendall,Iqbal, 089.018.9659 ,NE  ,23,2024-08-19,false
215,hayden.garcia215@example.com,Hayden,Garcia, 017.679.9196 ,EAST,34,2023-09-08,false
216,reese.tanaka216@example.com,Reese,Tanaka, 026.908.5407 ,NE  ,19,2024-05-08,false
217,devon.johnson217@example.com,Devon,Johnson, 053.963.3807 ,WEST,40,2024-04-04,false
218,casey.silva218@example.com,Casey,Silva,(099) 206-1988,SW  ,39,2024-10-02,false
219,riley.garcia219@example.com,Riley,Garcia,0823515952,SW  ,17,2024-04-25,false
22,reese.osei22@example.com,Reese,Osei, 006.321.5224 ,WEST,5,2023-02-22,false
220,marlowe.mbeki220@example.com,Marlowe,Mbeki,0866884723,WEST,31,2023-08-20,false
221,jordan.silva221@example.com,Jordan,Silva,+1 (021) 906 - 8042,SOTH,27,2024-04-16,false
222,rowan.tanaka222@example.com,Rowan,Tanaka,(055) 295-5706,NRTH,9,2023-09-05,false
223,morgan.larsen223@example.com,Morgan,Larsen,+1 (005) 433 - 7019,SOTH,16,2023-10-26,false
224,hayden.osei224@example.com,Hayden,Osei,+1 (077) 430 - 5759,NRTH,21,2023-05-28,false
225,marlowe.iqbal225@example.com,Marlowe,Iqbal,0096689473,SOTH,20,2024-01-28,false
226,reese.novak226@example.com,Reese,Novak,\N,SW  ,23,2023-08-07,false
227,marlowe.mbeki227@example.com,Marlowe,Mbeki, 046.270.5171 ,NE  ,1,2024-11-16,false
228,emerson.weber228@example.com,Emerson,Weber, 061.233.5251 ,EAST,3,2023-10-09,false
229,riley.weber229@example.com,Riley,Weber,(030) 034-7789,NE  ,29,2023-04-10,false
23,rowan.kim23@example.com,Rowan,Kim, 052.120.9849 ,NE  ,16,2024-02-23,false
230,finley.tanaka230@example.com,Finley,Tanaka, 081.063.7681 ,EAST,36,2023-06-04,false
231,finley.garcia231@example.com,Finley,Garcia,0357599735,WEST,3,2024-02-08,false
232,casey.rossi232@example.com,Casey,Rossi,+1 (066) 196 - 2359,SW  ,21,2024-04-06,false
233,marlowe.mbeki233@example.com,Marlowe,Mbeki,(072) 349-4111,SOTH,2,2023-11-20,false
234,avery.fischer234@example.com,Avery,Fischer,(077) 459-7473,WEST,38,2024-03-29,false
235,finley.johnson235@example.com,Finley,Johnson,(075) 217-8601,SOTH,3,2023-05-29,true
236,rowan.costa236@example.com,Rowan,Costa,0440639384,NRTH,27,2024-11-08,false
237,jordan.johnson237@example.com,Jordan,Johnson,0711060614,NE  ,14,2024-02-13,false
238,quinn.iqbal238@example.com,Quinn,Iqbal,+1 (072) 570 - 8356,NE  ,22,2024-04-18,false
239,reese.larsen239@example.com,Reese,Larsen,+1 (031) 956 - 1201,NE  ,20,2024-07-01,false
24,marlowe.osei24@example.com,Marlowe,Osei,0104078666,SOTH,27,2023-10-03,false
240,marlowe.rossi240@example.com,Marlowe,Rossi,+1 (085) 405 - 9995,SOTH,23,2023-08-12,false
241,finley.weber241@example.com,Finley,Weber,(030) 884-0720,EAST,10,2023-09-27,false
242,devon.fischer242@example.com,Devon,Fischer,+1 (029) 112 - 6537,SOTH,13,2023-04-17,false
243,reese.osei243@example.com,Reese,Osei,(025) 000-6353,WEST,34,2023-03-19,false
244,marlowe.patel244@example.com,Marlowe,Patel, 099.761.3190 ,NRTH,1,2023-11-13,false
245,marlowe.fischer245@example.com,Marlowe,Fischer,(069) 352-7609,SOTH,19,2024-12-06,false
246,reese.garcia246@example.com,Reese,Garcia,(018) 875-1681,NRTH,27,2024-10-11,false
247,marlowe.silva247@example.com,Marlowe,Silva,\N,WEST,3,2024-03-17,false
248,rowan.mbeki248@example.com,Rowan,Mbeki, 095.483.5612 ,SOTH,35,2024-10-23,false
249,devon.novak249@example.com,Devon,Novak,+1 (049) 275 - 5658,EAST,22,2024-07-12,false
25,kendall.garcia25@example.com,Kendall,Garcia,(036) 432-3393,EAST,4,2023-07-13,false
250,rowan.mbeki250@example.com,Rowan,Mbeki,0919280306,SW  ,13,2024-10-04,false
251,rowan.kim251@example.com,Rowan,Kim,0150980852,NRTH,7,2023-09-09,false
252,avery.larsen252@example.com,Avery,Larsen,+1 (028) 668 - 2971,NRTH,16,2023-08-23,false
253,avery.larsen253@example.com,Avery,Larsen,\N,EAST,16,2023-04-02,false
254,quinn.weber254@example.com,Quinn,Weber,+1 (068) 581 - 1060,NE  ,20,2023-10-13,false
255,reese.johnson255@example.com,Reese,Johnson,+1 (065) 040 - 7244,SOTH,10,2023-11-19,false
256,marlowe.novak256@example.com,Marlowe,Novak,0087907572,SOTH,39,2024-02-15,false
257,riley.patel257@example.com,Riley,Patel, 021.706.4188 ,WEST,36,2023-05-08,false
258,kendall.patel258@example.com,Kendall,Patel,0965175095,SOTH,38,2024-09-20,true
259,casey.costa259@example.com,Casey,Costa,\N,SOTH,37,2023-12-26,false
26,kendall.johnson26@example.com,Kendall,Johnson,(026) 822-7631,NRTH,12,2023-12-11,false
260,skyler.nguyen260@example.com,Skyler,Nguyen, 080.080.1470 ,NRTH,17,2024-03-25,true
261,hayden.tanaka261@example.com,Hayden,Tanaka,(096) 015-9744,EAST,35,2024-12-26,false
262,skyler.costa262@example.com,Skyler,Costa,0783068639,NRTH,9,2023-10-18,false
263,finley.iqbal263@example.com,Finley,Iqbal,\N,NRTH,25,2024-05-29,false
264,casey.tanaka264@example.com,Casey,Tanaka, 042.204.3490 ,EAST,12,2024-07-19,false
265,avery.nguyen265@example.com,Avery,Nguyen,0584593732,WEST,30,2024-02-18,false
266,reese.osei266@example.com,Reese,Osei,(020) 237-9343,SOTH,23,2023-01-26,false
267,hayden.nguyen267@example.com,Hayden,Nguyen,\N,SOTH,14,2024-04-06,true
268,jordan.osei268@example.com,Jordan,Osei, 057.956.2681 ,WEST,26,2024-08-08,false
269,jordan.johnson269@example.com,Jordan,Johnson,+1 (098) 397 - 3822,NE  ,19,2024-03-24,false
27,morgan.garcia27@example.com,Morgan,Garcia, 099.467.8970 ,NE  ,1,2023-05-10,false
270,rowan.osei270@example.com,Rowan,Osei, 055.968.9063 ,WEST,10,2023-11-18,false
271,jordan.silva271@example.com,Jordan,Silva,0369812603,NRTH,36,2024-09-02,false
272,hayden.costa272@example.com,Hayden,Costa,0810048118,NRTH,20,2023-07-07,false
273,skyler.johnson273@example.com,Skyler,Johnson, 044.722.1915 ,SOTH,4,2023-10-29,false
274,parker.rossi274@example.com,Parker,Rossi, 009.928.2456 ,EAST,29,2023-02-10,false
275,jordan.kim275@example.com,Jordan,Kim, 060.006.1135 ,SOTH,38,2024-01-08,false
276,rowan.mbeki276@example.com,Rowan,Mbeki,(079) 615-2940,WEST,14,2024-08-03,false
277,marlowe.osei277@example.com,Marlowe,Osei,+1 (025) 697 - 9659,SW  ,14,2024-08-25,false
278,kendall.tanaka278@example.com,Kendall,Tanaka,0947912112,WEST,17,2023-12-28,false
279,marlowe.rossi279@example.com,Marlowe,Rossi, 004.908.6585 ,SOTH,24,2024-07-29,false
28,marlowe.novak28@example.com,Marlowe,Novak,0002314313,NRTH,4,2023-07-25,false
280,devon.costa280@example.com,Devon,Costa,0246980616,WEST,10,2024-03-18,false
281,marlowe.rossi281@example.com,Marlowe,Rossi,0689014168,WEST,32,2023-12-24,false
282,emerson.silva282@example.com,Emerson,Silva,(098) 451-3216,NRTH,35,2024-02-11,true
283,riley.garcia283@example.com,Riley,Garcia, 067.721.0736 ,WEST,27,2023-02-22,false
284,avery.novak284@example.com,Avery,Novak,0663395529,NE  ,30,2024-05-27,false
285,avery.costa285@example.com,Avery,Costa,+1 (029) 500 - 0621,WEST,2,2023-01-14,false
286,hayden.silva286@example.com,Hayden,Silva, 025.873.8317 ,EAST,7,2024-04-26,false
287,emerson.larsen287@example.com,Emerson,Larsen,0435968611,NRTH,6,2024-03-14,false
288,reese.mbeki288@example.com,Reese,Mbeki,\N,EAST,3,2023-10-22,false
289,marlowe.garcia289@example.com,Marlowe,Garcia,\N,WEST,11,2024-10-18,false
29,kendall.mbeki29@example.com,Kendall,Mbeki, 052.255.9454 ,NRTH,36,2023-05-28,false
290,rowan.patel290@example.com,Rowan,Patel,0967734470,NE  ,3,2023-07-30,true
291,riley.larsen291@example.com,Riley,Larsen,+1 (019) 258 - 0427,NE  ,37,2023-01-13,false
292,casey.weber292@example.com,Casey,Weber,0258205053,EAST,20,2024-06-09,false
293,rowan.weber293@example.com,Rowan,Weber,(037) 136-3809,NRTH,6,2023-03-17,false
294,riley.rossi294@example.com,Riley,Rossi,+1 (042) 595 - 6648,SW  ,40,2023-01-24,false
295,kendall.fischer295@example.com,Kendall,Fischer,0403111666,SOTH,23,2023-05-25,false
296,finley.kim296@example.com,Finley,Kim,(076) 569-4462,SW  ,19,2023-03-05,false
297,finley.johnson297@example.com,Finley,Johnson,(009) 826-9319,NRTH,21,2023-08-28,false
298,devon.patel298@example.com,Devon,Patel,0481942228,NRTH,6,2023-03-22,true
299,emerson.kim299@example.com,Emerson,Kim,0927410329,SW  ,39,2023-01-10,false
3,avery.novak3@example.com,Avery,Novak,+1 (063) 271 - 9211,NE  ,27,2024-09-20,false
30,jordan.garcia30@example.com,Jordan,Garcia,\N,EAST,4,2024-01-06,false
300,finley.kim300@example.com,Finley,Kim,0182088279,NE  ,16,2023-05-12,false
301,skyler.larsen301@example.com,Skyler,Larsen,\N,SOTH,10,2023-12-04,false
302,skyler.fischer302@example.com,Skyler,Fischer,0264774064,EAST,24,2024-04-06,false
303,kendall.patel303@example.com,Kendall,Patel,\N,NRTH,20,2023-11-04,false
304,finley.rossi304@example.com,Finley,Rossi, 088.426.4226 ,SOTH,22,2023-08-22,false
305,parker.fischer305@example.com,Parker,Fischer,+1 (034) 267 - 1456,EAST,12,2024-07-24,false
306,marlowe.osei306@example.com,Marlowe,Osei,0843817764,EAST,25,2023-10-11,false
307,parker.silva307@example.com,Parker,Silva, 049.566.3087 ,NE  ,2,2023-12-07,false
308,riley.costa308@example.com,Riley,Costa,+1 (025) 986 - 8249,SOTH,9,2024-05-26,false
309,hayden.weber309@example.com,Hayden,Weber,0514574336,EAST,29,2024-02-20,false
31,quinn.garcia31@example.com,Quinn,Garcia,(007) 357-4218,NE  ,6,2024-06-08,false
310,hayden.garcia310@example.com,Hayden,Garcia,(098) 183-0869,EAST,35,2023-03-26,false
311,emerson.silva311@example.com,Emerson,Silva,0692596980,SW  ,3,2024-08-07,false
312,hayden.patel312@example.com,Hayden,Patel, 054.833.4433 ,WEST,7,2023-12-13,false
313,kendall.johnson313@example.com,Kendall,Johnson,0317217932,EAST,2,2024-12-16,false
314,morgan.johnson314@example.com,Morgan,Johnson, 084.210.3498 ,EAST,20,2024-02-09,false
315,marlowe.patel315@example.com,Marlowe,Patel,(032) 240-6106,SOTH,29,2024-09-21,false
316,avery.rossi316@example.com,Avery,Rossi, 079.509.4534 ,EAST,11,2024-02-05,false
317,quinn.rossi317@example.com,Quinn,Rossi,0248952994,NE  ,28,2024-05-04,false
318,hayden.weber318@example.com,Hayden,Weber,0482727494,WEST,40,2023-10-30,true
319,parker.novak319@example.com,Parker,Novak, 085.845.9117 ,WEST,5,2023-10-12,false
32,finley.patel32@example.com,Finley,Patel,(004) 267-2287,SW  ,16,2023-11-22,false
320,kendall.patel320@example.com,Kendall,Patel,+1 (068) 623 - 7617,WEST,32,2024-04-08,false
321,finley.patel321@example.com,Finley,Patel, 066.288.8128 ,EAST,23,2024-09-24,false
322,skyler.kim322@example.com,Skyler,Kim,\N,NRTH,21,2023-08-26,false
323,emerson.johnson323@example.com,Emerson,Johnson,0148033880,NE  ,25,2023-11-25,false
324,quinn.silva324@example.com,Quinn,Silva,0337777716,SOTH,19,2024-04-26,true
325,emerson.nguyen325@example.com,Emerson,Nguyen,0412256916,SOTH,9,2023-11-14,false
326,hayden.iqbal326@example.com,Hayden,Iqbal,\N,SOTH,11,2023-01-24,false
327,reese.mbeki327@example.com,Reese,Mbeki, 030.995.7384 ,WEST,18,2024-08-29,false
328,marlowe.patel328@example.com,Marlowe,Patel,+1 (058) 315 - 5818,SW  ,8,2024-02-26,false
329,jordan.iqbal329@example.com,Jordan,Iqbal, 010.996.8815 ,NE  ,14,2023-08-20,false
33,rowan.larsen33@example.com,Rowan,Larsen, 042.497.1817 ,SOTH,21,2024-06-05,false
330,jordan.iqbal330@example.com,Jordan,Iqbal,0093397288,WEST,23,2024-11-03,false
331,reese.novak331@example.com,Reese,Novak,0655263618,SW  ,23,2023-05-09,false
332,parker.novak332@example.com,Parker,Novak, 030.181.2742 ,WEST,37,2023-09-09,false
333,skyler.mbeki333@example.com,Skyler,Mbeki,(055) 234-8887,SW  ,18,2023-04-16,false
334,hayden.garcia334@example.com,Hayden,Garcia, 014.247.5723 ,WEST,9,2023-04-24,false
335,reese.weber335@example.com,Reese,Weber,0288532840,SOTH,10,2023-10-19,false
336,riley.weber336@example.com,Riley,Weber,+1 (094) 201 - 2342,NE  ,18,2023-12-20,false
337,rowan.nguyen337@example.com,Rowan,Nguyen,+1 (074) 870 - 8337,EAST,30,2024-10-22,true
338,finley.novak338@example.com,Finley,Novak,+1 (034) 667 - 3808,NRTH,14,2023-09-20,false
339,casey.fischer339@example.com,Casey,Fischer,\N,EAST,4,2024-05-01,false
34,kendall.rossi34@example.com,Kendall,Rossi,(060) 450-9817,EAST,1,2023-02-26,false
340,kendall.nguyen340@example.com,Kendall,Nguyen,0000725768,EAST,11,2023-06-07,false
341,casey.mbeki341@example.com,Casey,Mbeki,\N,NRTH,18,2023-10-07,false
342,emerson.silva342@example.com,Emerson,Silva, 077.952.4067 ,WEST,26,2023-11-30,false
343,morgan.nguyen343@example.com,Morgan,Nguyen,\N,SOTH,31,2024-04-06,false
344,kendall.nguyen344@example.com,Kendall,Nguyen,0923783352,WEST,22,2024-06-23,false
345,riley.osei345@example.com,Riley,Osei,(010) 998-0341,NRTH,6,2023-09-01,false
346,skyler.johnson346@example.com,Skyler,Johnson, 072.707.0406 ,NRTH,9,2023-02-23,false
347,avery.silva347@example.com,Avery,Silva, 067.439.5804 ,SOTH,23,2024-12-15,false
348,kendall.novak348@example.com,Kendall,Novak,0132239057,EAST,7,2023-10-01,false
349,rowan.johnson349@example.com,Rowan,Johnson,+1 (026) 646 - 7312,SOTH,18,2024-08-28,false
35,devon.johnson35@example.com,Devon,Johnson,+1 (039) 677 - 6692,EAST,5,2023-05-03,false
350,avery.mbeki350@example.com,Avery,Mbeki,0202557660,SOTH,34,2023-08-18,false
351,reese.fischer351@example.com,Reese,Fischer,(068) 513-5687,NRTH,8,2024-02-15,false
352,avery.tanaka352@example.com,Avery,Tanaka,0900840727,EAST,9,2023-10-11,false
353,quinn.fischer353@example.com,Quinn,Fischer,+1 (001) 481 - 0579,EAST,2,2023-06-17,true
354,jordan.weber354@example.com,Jordan,Weber,0537997228,NE  ,19,2023-11-26,false
355,riley.johnson355@example.com,Riley,Johnson, 054.900.9234 ,WEST,6,2024-09-19,false
356,rowan.weber356@example.com,Rowan,Weber, 046.974.7059 ,SW  ,5,2023-02-14,false
357,hayden.patel357@example.com,Hayden,Patel, 033.209.7676 ,SOTH,40,2023-04-03,true
358,casey.nguyen358@example.com,Casey,Nguyen,+1 (056) 157 - 2729,NRTH,32,2023-05-10,false
359,devon.patel359@example.com,Devon,Patel,(029) 203-6942,WEST,22,2023-07-24,false
36,skyler.nguyen36@example.com,Skyler,Nguyen, 011.122.5158 ,NE  ,20,2023-07-25,false
360,riley.fischer360@example.com,Riley,Fischer, 053.645.2156 ,SOTH,33,2023-10-13,false
361,morgan.patel361@example.com,Morgan,Patel,\N,SOTH,33,2024-10-28,false
362,reese.garcia362@example.com,Reese,Garcia, 016.115.2186 ,SOTH,24,2024-12-24,false
363,jordan.costa363@example.com,Jordan,Costa,+1 (098) 339 - 1563,SOTH,21,2023-07-30,false
364,emerson.patel364@example.com,Emerson,Patel,(086) 365-1372,NE  ,4,2023-11-08,true
365,kendall.mbeki365@example.com,Kendall,Mbeki,\N,WEST,21,2023-12-21,true
366,parker.mbeki366@example.com,Parker,Mbeki,0260472583,SW  ,20,2023-10-14,false
367,marlowe.novak367@example.com,Marlowe,Novak,(044) 027-2920,NE  ,16,2023-06-30,false
368,avery.rossi368@example.com,Avery,Rossi,+1 (078) 084 - 1206,WEST,25,2023-03-22,false
369,reese.costa369@example.com,Reese,Costa,+1 (015) 287 - 2361,SOTH,4,2023-03-14,true
37,morgan.johnson37@example.com,Morgan,Johnson,+1 (077) 053 - 0217,WEST,19,2023-06-08,false
370,reese.costa370@example.com,Reese,Costa,(009) 116-3279,EAST,30,2024-01-28,false
371,finley.kim371@example.com,Finley,Kim,\N,SW  ,37,2024-05-29,false
372,reese.mbeki372@example.com,Reese,Mbeki,+1 (042) 192 - 9719,WEST,21,2023-09-05,false
373,reese.kim373@example.com,Reese,Kim,(062) 782-5475,SOTH,9,2023-05-01,false
374,kendall.iqbal374@example.com,Kendall,Iqbal, 038.470.8210 ,EAST,27,2023-12-18,false
375,devon.patel375@example.com,Devon,Patel,(032) 664-8350,EAST,11,2023-06-17,false
376,rowan.johnson376@example.com,Rowan,Johnson,(042) 546-4250,EAST,16,2024-06-09,false
377,quinn.nguyen377@example.com,Quinn,Nguyen, 059.068.7810 ,NRTH,29,2023-03-15,false
378,casey.patel378@example.com,Casey,Patel, 023.868.0070 ,WEST,4,2023-06-03,false
379,emerson.kim379@example.com,Emerson,Kim,(087) 268-0546,SW  ,38,2023-01-17,false
38,devon.fischer38@example.com,Devon,Fischer,\N,WEST,4,2023-11-26,false
380,parker.iqbal380@example.com,Parker,Iqbal,+1 (089) 051 - 4408,NRTH,6,2023-04-06,true
381,kendall.garcia381@example.com,Kendall,Garcia,0777851703,NRTH,37,2024-01-21,true
382,hayden.silva382@example.com,Hayden,Silva,+1 (029) 525 - 9429,EAST,14,2023-12-13,false
383,jordan.osei383@example.com,Jordan,Osei,0591297450,WEST,32,2023-02-17,false
384,finley.johnson384@example.com,Finley,Johnson, 085.598.4774 ,NRTH,13,2024-05-04,false
385,avery.weber385@example.com,Avery,Weber,+1 (052) 042 - 0638,EAST,31,2024-12-09,false
386,rowan.weber386@example.com,Rowan,Weber,\N,WEST,12,2024-04-08,false
387,devon.garcia387@example.com,Devon,Garcia, 062.705.3322 ,SOTH,34,2023-05-04,false
388,reese.larsen388@example.com,Reese,Larsen,0235591393,NE  ,4,2023-10-03,false
389,quinn.silva389@example.com,Quinn,Silva,+1 (079) 253 - 4314,SOTH,38,2024-12-10,false
39,jordan.nguyen39@example.com,Jordan,Nguyen, 028.127.2327 ,EAST,9,2024-07-29,false
390,emerson.johnson390@example.com,Emerson,Johnson,0870161616,SW  ,13,2024-02-26,false
391,marlowe.garcia391@example.com,Marlowe,Garcia,(023) 494-4315,EAST,4,2024-02-13,false
392,rowan.novak392@example.com,Rowan,Novak,+1 (098) 653 - 3352,NRTH,22,2023-02-16,true
393,casey.patel393@example.com,Casey,Patel,0401140044,NE  ,24,2024-03-31,false
394,skyler.rossi394@example.com,Skyler,Rossi,0469083854,NRTH,11,2024-05-19,false
395,emerson.osei395@example.com,Emerson,Osei,+1 (078) 812 - 1101,SW  ,12,2023-04-09,false
396,avery.weber396@example.com,Avery,Weber, 034.168.2804 ,SW  ,3,2024-05-11,false
397,marlowe.johnson397@example.com,Marlowe,Johnson, 034.308.0569 ,EAST,5,2024-05-09,false
398,riley.rossi398@example.com,Riley,Rossi,(026) 794-2460,SOTH,1,2023-09-30,false
399,morgan.nguyen399@example.com,Morgan,Nguyen, 045.059.9217 ,WEST,25,2024-11-18,false
4,quinn.costa4@example.com,Quinn,Costa,+1 (081) 979 - 5579,EAST,18,2023-03-21,false
40,hayden.nguyen40@example.com,Hayden,Nguyen, 074.197.6666 ,EAST,5,2024-02-28,true
400,finley.tanaka400@example.com,Finley,Tanaka,\N,NE  ,25,2024-01-08,false
401,reese.silva401@example.com,Reese,Silva,+1 (003) 587 - 6704,SOTH,5,2023-01-16,false
402,morgan.kim402@example.com,Morgan,Kim,(017) 276-9884,EAST,11,2024-02-29,false
403,riley.rossi403@example.com,Riley,Rossi,(075) 645-6108,SW  ,40,2023-12-02,false
404,quinn.costa404@example.com,Quinn,Costa,\N,NRTH,4,2023-06-09,false
405,hayden.larsen405@example.com,Hayden,Larsen,0053295652,WEST,20,2024-03-20,false
406,marlowe.johnson406@example.com,Marlowe,Johnson,\N,WEST,24,2023-03-10,false
407,marlowe.novak407@example.com,Marlowe,Novak,+1 (068) 525 - 2000,EAST,2,2023-03-05,false
408,morgan.mbeki408@example.com,Morgan,Mbeki,+1 (070) 978 - 6356,NRTH,31,2023-03-12,false
409,finley.silva409@example.com,Finley,Silva,(047) 864-7558,EAST,25,2023-07-24,false
41,emerson.johnson41@example.com,Emerson,Johnson,\N,NRTH,9,2023-10-11,false
410,devon.osei410@example.com,Devon,Osei,\N,WEST,37,2024-08-07,false
411,morgan.kim411@example.com,Morgan,Kim, 081.223.9392 ,EAST,35,2024-03-05,true
412,finley.costa412@example.com,Finley,Costa,0253018691,NE  ,31,2023-08-21,true
413,jordan.johnson413@example.com,Jordan,Johnson, 017.949.1823 ,EAST,29,2024-09-19,false
414,jordan.costa414@example.com,Jordan,Costa, 088.322.1403 ,EAST,28,2024-10-09,false
415,rowan.kim415@example.com,Rowan,Kim,+1 (059) 276 - 3677,EAST,25,2024-10-27,false
416,kendall.nguyen416@example.com,Kendall,Nguyen,(045) 053-5448,SW  ,38,2023-11-18,false
417,morgan.patel417@example.com,Morgan,Patel,+1 (093) 144 - 4476,SW  ,7,2024-11-12,false
418,finley.fischer418@example.com,Finley,Fischer,+1 (018) 489 - 8049,SW  ,39,2023-11-09,false
419,finley.garcia419@example.com,Finley,Garcia,0052925780,NRTH,22,2024-12-16,false
42,jordan.tanaka42@example.com,Jordan,Tanaka,0379759538,SOTH,16,2024-04-27,false
420,emerson.nguyen420@example.com,Emerson,Nguyen,0904999611,EAST,20,2024-10-28,false
421,morgan.osei421@example.com,Morgan,Osei,+1 (047) 578 - 6397,NRTH,20,2023-07-29,false
422,riley.novak422@example.com,Riley,Novak,0437195843,SOTH,14,2024-08-12,false
423,emerson.garcia423@example.com,Emerson,Garcia,\N,NE  ,11,2024-07-05,false
424,casey.nguyen424@example.com,Casey,Nguyen,(021) 552-8733,NRTH,13,2023-07-13,true
425,jordan.tanaka425@example.com,Jordan,Tanaka,0498450776,SOTH,18,2024-05-08,false
426,avery.osei426@example.com,Avery,Osei,0190679038,EAST,32,2024-03-31,false
427,emerson.silva427@example.com,Emerson,Silva,(041) 507-1728,WEST,6,2023-05-07,false
428,parker.osei428@example.com,Parker,Osei,(043) 970-5006,SOTH,14,2024-11-02,false
429,avery.fischer429@example.com,Avery,Fischer, 000.908.7862 ,NRTH,12,2023-07-16,false
43,reese.silva43@example.com,Reese,Silva,\N,NRTH,27,2024-07-26,false
430,skyler.larsen430@example.com,Skyler,Larsen,+1 (049) 284 - 5370,NRTH,25,2023-06-19,false
431,finley.patel431@example.com,Finley,Patel,+1 (090) 546 - 9241,WEST,33,2024-03-12,false
432,skyler.mbeki432@example.com,Skyler,Mbeki,\N,EAST,31,2023-08-03,false
433,devon.larsen433@example.com,Devon,Larsen, 082.192.1869 ,WEST,13,2024-11-29,true
434,finley.rossi434@example.com,Finley,Rossi,+1 (031) 740 - 3063,NRTH,2,2024-12-05,false
435,finley.garcia435@example.com,Finley,Garcia, 036.847.2812 ,SW  ,37,2024-06-17,false
436,marlowe.tanaka436@example.com,Marlowe,Tanaka, 090.262.8927 ,NE  ,20,2023-08-17,false
437,casey.larsen437@example.com,Casey,Larsen,+1 (096) 592 - 8653,NE  ,12,2024-05-23,false
438,emerson.osei438@example.com,Emerson,Osei,+1 (035) 574 - 9066,WEST,27,2023-07-22,false
439,kendall.patel439@example.com,Kendall,Patel,(062) 660-8478,SOTH,4,2024-01-02,false
44,hayden.osei44@example.com,Hayden,Osei,0116066793,WEST,11,2024-11-08,true
440,morgan.weber440@example.com,Morgan,Weber, 093.506.7146 ,NE  ,20,2023-04-17,false
441,rowan.costa441@example.com,Rowan,Costa, 092.598.8445 ,SW  ,30,2024-08-28,false
442,rowan.silva442@example.com,Rowan,Silva,\N,EAST,4,2023-08-01,false
443,quinn.silva443@example.com,Quinn,Silva,0465694083,SOTH,6,2023-11-10,false
444,marlowe.weber444@example.com,Marlowe,Weber,+1 (078) 453 - 9206,WEST,3,2023-01-11,false
445,parker.nguyen445@example.com,Parker,Nguyen,+1 (094) 165 - 5622,WEST,16,2023-08-31,false
446,finley.mbeki446@example.com,Finley,Mbeki,+1 (032) 019 - 2227,NRTH,5,2023-12-21,false
447,rowan.costa447@example.com,Rowan,Costa,+1 (052) 632 - 5353,NRTH,22,2024-08-05,false
448,finley.nguyen448@example.com,Finley,Nguyen, 014.088.1133 ,SOTH,15,2024-07-24,true
449,quinn.patel449@example.com,Quinn,Patel,+1 (068) 753 - 9531,EAST,3,2024-08-22,false
45,marlowe.osei45@example.com,Marlowe,Osei, 088.104.4229 ,SOTH,30,2023-06-23,true
450,jordan.garcia450@example.com,Jordan,Garcia,\N,EAST,2,2023-03-31,false
451,finley.patel451@example.com,Finley,Patel, 016.441.8972 ,NE  ,17,2024-06-23,false
452,avery.mbeki452@example.com,Avery,Mbeki, 028.988.5759 ,NRTH,7,2023-11-22,false
453,morgan.patel453@example.com,Morgan,Patel, 053.444.3249 ,WEST,8,2024-04-18,false
454,devon.novak454@example.com,Devon,Novak,0042311558,EAST,27,2024-12-08,false
455,marlowe.rossi455@example.com,Marlowe,Rossi,\N,SOTH,1,2023-03-11,false
456,marlowe.johnson456@example.com,Marlowe,Johnson,\N,EAST,33,2024-07-16,false
457,devon.osei457@example.com,Devon,Osei,(005) 377-3200,SOTH,19,2024-09-23,false
458,jordan.mbeki458@example.com,Jordan,Mbeki,(012) 444-7810,EAST,21,2024-10-23,false
459,jordan.nguyen459@example.com,Jordan,Nguyen,0960491718,NRTH,11,2024-04-27,false
46,parker.weber46@example.com,Parker,Weber,+1 (083) 035 - 3157,EAST,18,2023-09-30,false
460,riley.tanaka460@example.com,Riley,Tanaka,\N,EAST,12,2023-11-07,false
461,devon.weber461@example.com,Devon,Weber, 085.567.5121 ,SOTH,27,2023-03-29,false
462,jordan.silva462@example.com,Jordan,Silva,0518268171,EAST,27,2023-05-21,false
463,emerson.nguyen463@example.com,Emerson,Nguyen,0121265692,NRTH,31,2023-12-09,true
464,devon.rossi464@example.com,Devon,Rossi, 061.917.2154 ,WEST,34,2024-06-04,false
465,morgan.costa465@example.com,Morgan,Costa,0726166835,SOTH,31,2023-04-26,false
466,jordan.nguyen466@example.com,Jordan,Nguyen,0914689681,NRTH,33,2024-11-06,false
467,marlowe.rossi467@example.com,Marlowe,Rossi, 005.406.3666 ,SOTH,22,2024-03-03,false
468,finley.osei468@example.com,Finley,Osei,0615291571,EAST,30,2023-03-10,false
469,kendall.rossi469@example.com,Kendall,Rossi,(001) 907-9456,EAST,32,2023-11-10,false
47,finley.rossi47@example.com,Finley,Rossi, 028.047.7683 ,WEST,8,2024-03-26,false
470,avery.kim470@example.com,Avery,Kim, 095.574.9296 ,SW  ,40,2024-05-23,false
471,rowan.tanaka471@example.com,Rowan,Tanaka,0356452891,WEST,15,2024-07-10,false
472,kendall.patel472@example.com,Kendall,Patel,\N,EAST,15,2023-10-03,false
473,skyler.tanaka473@example.com,Skyler,Tanaka, 052.873.4252 ,EAST,3,2024-09-30,false
474,hayden.patel474@example.com,Hayden,Patel,0129649816,WEST,40,2023-06-17,false
475,parker.rossi475@example.com,Parker,Rossi,\N,EAST,27,2024-05-06,false
476,morgan.iqbal476@example.com,Morgan,Iqbal,0144564312,SOTH,38,2023-01-04,false
477,jordan.costa477@example.com,Jordan,Costa, 083.867.9870 ,SW  ,31,2024-06-21,false
478,casey.patel478@example.com,Casey,Patel,0345577110,NRTH,39,2023-11-22,false
479,reese.larsen479@example.com,Reese,Larsen, 048.623.9368 ,NRTH,22,2023-04-18,false
48,devon.garcia48@example.com,Devon,Garcia,+1 (078) 226 - 9302,EAST,39,2023-12-05,false
480,skyler.rossi480@example.com,Skyler,Rossi,+1 (067) 019 - 4841,NE  ,14,2024-06-17,false
481,casey.silva481@example.com,Casey,Silva,(034) 615-4387,NE  ,35,2024-08-13,false
482,marlowe.costa482@example.com,Marlowe,Costa,(045) 353-3911,NE  ,19,2024-02-11,false
483,finley.johnson483@example.com,Finley,Johnson, 080.550.5027 ,WEST,4,2023-08-11,false
484,casey.garcia484@example.com,Casey,Garcia,+1 (003) 468 - 8715,WEST,14,2024-09-24,false
485,reese.weber485@example.com,Reese,Weber,+1 (085) 772 - 8325,SOTH,33,2024-06-22,false
486,finley.weber486@example.com,Finley,Weber,(005) 776-9665,NRTH,21,2024-07-31,false
487,kendall.osei487@example.com,Kendall,Osei, 064.788.1832 ,EAST,38,2024-08-25,false
488,parker.mbeki488@example.com,Parker,Mbeki, 007.996.0473 ,SOTH,12,2023-05-15,false
489,morgan.weber489@example.com,Morgan,Weber, 028.372.5108 ,WEST,28,2023-05-05,false
49,morgan.weber49@example.com,Morgan,Weber,0761052404,SW  ,13,2023-01-02,false
490,devon.nguyen490@example.com,Devon,Nguyen,(016) 622-1352,EAST,30,2023-04-30,false
491,jordan.mbeki491@example.com,Jordan,Mbeki,+1 (007) 825 - 5153,SOTH,37,2024-02-13,false
492,quinn.kim492@example.com,Quinn,Kim,0576637967,NE  ,11,2023-03-13,false
493,parker.rossi493@example.com,Parker,Rossi,0808157894,EAST,24,2024-03-12,false
494,avery.patel494@example.com,Avery,Patel, 068.962.6099 ,EAST,29,2023-01-31,false
495,rowan.weber495@example.com,Rowan,Weber,+1 (077) 736 - 2892,EAST,25,2023-01-20,false
496,emerson.iqbal496@example.com,Emerson,Iqbal, 069.957.3076 ,SOTH,3,2023-09-06,false
497,morgan.silva497@example.com,Morgan,Silva,\N,NE  ,35,2023-02-20,false
498,parker.costa498@example.com,Parker,Costa,0754564401,EAST,14,2024-05-17,false
499,riley.johnson499@example.com,Riley,Johnson,(004) 068-0121,WEST,30,2023-02-26,true
5,morgan.tanaka5@example.com,Morgan,Tanaka,0046654552,EAST,39,2024-02-21,false
50,parker.tanaka50@example.com,Parker,Tanaka,+1 (098) 867 - 0177,NRTH,5,2024-04-29,false
500,devon.kim500@example.com,Devon,Kim,0437692362,SW  ,15,2023-12-17,false
501,hayden.rossi501@example.com,Hayden,Rossi,(057) 427-4037,WEST,25,2024-05-13,false
502,riley.garcia502@example.com,Riley,Garcia,+1 (011) 396 - 2171,EAST,23,2024-09-03,false
503,riley.mbeki503@example.com,Riley,Mbeki,(070) 944-6097,SOTH,25,2024-01-04,false
504,reese.johnson504@example.com,Reese,Johnson, 068.080.1356 ,NRTH,35,2023-08-20,false
505,emerson.nguyen505@example.com,Emerson,Nguyen,(004) 485-3569,NE  ,36,2024-03-20,false
506,riley.mbeki506@example.com,Riley,Mbeki, 097.241.0695 ,SOTH,23,2023-05-06,false
507,devon.novak507@example.com,Devon,Novak,(060) 912-5837,EAST,12,2024-10-23,false
508,kendall.kim508@example.com,Kendall,Kim,0211975522,WEST,5,2023-09-14,false
509,reese.patel509@example.com,Reese,Patel,\N,WEST,40,2023-05-31,false
51,morgan.mbeki51@example.com,Morgan,Mbeki,0350236225,NE  ,20,2024-06-25,false
510,kendall.rossi510@example.com,Kendall,Rossi,+1 (016) 363 - 2841,SW  ,20,2024-09-19,false
511,hayden.silva511@example.com,Hayden,Silva,0237861414,WEST,21,2023-08-03,false
512,casey.rossi512@example.com,Casey,Rossi,+1 (083) 189 - 9691,SOTH,30,2024-01-14,false
513,quinn.kim513@example.com,Quinn,Kim,+1 (021) 091 - 7183,WEST,9,2024-07-23,false
514,riley.kim514@example.com,Riley,Kim,0872568129,WEST,33,2024-08-20,false
515,jordan.larsen515@example.com,Jordan,Larsen, 083.236.1696 ,NE  ,35,2023-10-12,false
516,skyler.johnson516@example.com,Skyler,Johnson,+1 (042) 604 - 4822,SOTH,33,2024-01-26,true
517,reese.silva517@example.com,Reese,Silva, 019.235.5674 ,NE  ,9,2024-07-25,false
518,emerson.garcia518@example.com,Emerson,Garcia,+1 (028) 385 - 1293,SOTH,32,2023-07-01,true
519,parker.tanaka519@example.com,Parker,Tanaka,(094) 655-9235,NRTH,31,2023-01-31,false
52,casey.novak52@example.com,Casey,Novak, 096.938.0073 ,NRTH,25,2024-04-23,false
520,rowan.patel520@example.com,Rowan,Patel, 028.273.3476 ,NE  ,18,2023-10-20,false
521,emerson.kim521@example.com,Emerson,Kim, 097.414.4142 ,NE  ,17,2024-02-06,false
522,emerson.fischer522@example.com,Emerson,Fischer,\N,SOTH,39,2024-11-16,false
523,quinn.osei523@example.com,Quinn,Osei, 022.711.4760 ,EAST,33,2023-05-26,false
524,morgan.osei524@example.com,Morgan,Osei,0517024564,NRTH,22,2024-01-08,false
525,quinn.costa525@example.com,Quinn,Costa,\N,WEST,16,2024-03-21,false
526,casey.garcia526@example.com,Casey,Garcia,\N,SW  ,10,2023-07-20,false
527,finley.nguyen527@example.com,Finley,Nguyen,0651252216,WEST,6,2024-11-04,false
528,reese.costa528@example.com,Reese,Costa, 088.095.4894 ,SW  ,10,2024-04-29,false
529,devon.silva529@example.com,Devon,Silva, 007.391.9503 ,EAST,30,2023-10-21,false
53,finley.nguyen53@example.com,Finley,Nguyen,+1 (084) 370 - 2118,WEST,19,2023-12-28,false
530,morgan.nguyen530@example.com,Morgan,Nguyen,0541551915,SOTH,34,2024-10-03,false
531,morgan.silva531@example.com,Morgan,Silva,(094) 247-9718,SOTH,40,2023-03-14,false
532,casey.nguyen532@example.com,Casey,Nguyen,(093) 933-5444,NRTH,34,2024-06-25,false
533,reese.fischer533@example.com,Reese,Fischer,(079) 606-5791,NRTH,23,2023-11-27,false
534,marlowe.osei534@example.com,Marlowe,Osei,0583826742,EAST,19,2023-07-20,false
535,avery.patel535@example.com,Avery,Patel,+1 (022) 056 - 6645,NE  ,1,2023-11-14,false
536,casey.costa536@example.com,Casey,Costa,0575638242,SW  ,17,2024-03-14,false
537,devon.weber537@example.com,Devon,Weber,0598678367,SOTH,27,2023-05-19,false
538,marlowe.larsen538@example.com,Marlowe,Larsen,0757519068,WEST,37,2024-07-25,false
539,morgan.osei539@example.com,Morgan,Osei,\N,SOTH,11,2024-01-30,false
54,parker.fischer54@example.com,Parker,Fischer,+1 (071) 280 - 7629,NRTH,6,2023-03-14,false
540,rowan.garcia540@example.com,Rowan,Garcia,(000) 568-0775,NRTH,25,2024-10-01,false
541,hayden.kim541@example.com,Hayden,Kim,(008) 594-2015,EAST,17,2024-07-16,false
542,finley.mbeki542@example.com,Finley,Mbeki, 088.071.3897 ,SW  ,4,2024-05-12,false
543,avery.novak543@example.com,Avery,Novak, 084.177.0040 ,NE  ,19,2024-04-22,false
544,jordan.tanaka544@example.com,Jordan,Tanaka,+1 (009) 324 - 6752,SOTH,1,2024-08-28,false
545,finley.weber545@example.com,Finley,Weber,(079) 126-7770,SW  ,13,2024-12-14,false
546,skyler.tanaka546@example.com,Skyler,Tanaka,0208869838,EAST,18,2024-12-23,false
547,avery.larsen547@example.com,Avery,Larsen,(059) 982-5163,NRTH,27,2024-01-26,false
548,morgan.larsen548@example.com,Morgan,Larsen,0475419205,NE  ,37,2024-03-13,false
549,reese.rossi549@example.com,Reese,Rossi,(092) 559-0448,SOTH,30,2024-01-10,false
55,reese.mbeki55@example.com,Reese,Mbeki, 004.962.1604 ,SOTH,13,2024-01-05,false
550,riley.weber550@example.com,Riley,Weber,+1 (044) 283 - 9009,SOTH,15,2024-02-06,false
551,devon.osei551@example.com,Devon,Osei,+1 (080) 400 - 5131,WEST,6,2023-03-01,false
552,quinn.fischer552@example.com,Quinn,Fischer,+1 (061) 601 - 9237,EAST,23,2023-05-22,false
553,parker.fischer553@example.com,Parker,Fischer,+1 (093) 710 - 0120,SOTH,16,2023-06-10,false
554,reese.tanaka554@example.com,Reese,Tanaka,\N,NRTH,7,2023-03-02,false
555,marlowe.nguyen555@example.com,Marlowe,Nguyen,+1 (039) 856 - 9245,NE  ,3,2024-01-18,false
556,devon.fischer556@example.com,Devon,Fischer, 023.847.0307 ,NRTH,33,2023-02-12,false
557,hayden.fischer557@example.com,Hayden,Fischer, 042.275.0321 ,NE  ,3,2023-12-22,false
558,kendall.rossi558@example.com,Kendall,Rossi,(040) 740-7714,WEST,1,2023-09-10,false
559,devon.silva559@example.com,Devon,Silva,+1 (050) 610 - 3226,NE  ,17,2023-10-12,false
56,riley.iqbal56@example.com,Riley,Iqbal,0747704681,NRTH,37,2024-01-19,false
560,hayden.novak560@example.com,Hayden,Novak,+1 (043) 013 - 3026,NRTH,24,2023-12-17,false
561,casey.osei561@example.com,Casey,Osei,0596291839,EAST,18,2024-10-27,false
562,casey.johnson562@example.com,Casey,Johnson, 053.643.9085 ,SOTH,1,2024-11-24,false
563,rowan.fischer563@example.com,Rowan,Fischer,(060) 970-7672,WEST,17,2023-11-06,false
564,quinn.garcia564@example.com,Quinn,Garcia,(067) 630-9403,SOTH,17,2023-12-16,false
565,devon.tanaka565@example.com,Devon,Tanaka,+1 (086) 974 - 7935,EAST,36,2023-09-25,true
566,morgan.tanaka566@example.com,Morgan,Tanaka, 069.778.7747 ,SW  ,13,2024-08-29,false
567,rowan.fischer567@example.com,Rowan,Fischer,0307652347,SOTH,6,2024-05-05,false
568,quinn.rossi568@example.com,Quinn,Rossi,(091) 150-0262,NRTH,40,2023-03-03,false
569,reese.rossi569@example.com,Reese,Rossi,0650027161,EAST,19,2023-07-30,false
57,casey.nguyen57@example.com,Casey,Nguyen,0863406382,EAST,28,2023-02-09,false
570,emerson.iqbal570@example.com,Emerson,Iqbal, 002.480.4609 ,NRTH,11,2024-07-19,false
571,devon.kim571@example.com,Devon,Kim,(010) 260-0029,SOTH,11,2024-12-28,false
572,jordan.nguyen572@example.com,Jordan,Nguyen,(008) 939-0303,NRTH,34,2023-07-23,false
573,riley.weber573@example.com,Riley,Weber,0305130880,WEST,15,2024-05-01,false
574,quinn.nguyen574@example.com,Quinn,Nguyen,0349182252,WEST,23,2023-12-29,false
575,devon.iqbal575@example.com,Devon,Iqbal,0641651145,NRTH,35,2024-05-05,false
576,hayden.mbeki576@example.com,Hayden,Mbeki,(086) 404-8388,EAST,31,2023-12-10,false
577,hayden.larsen577@example.com,Hayden,Larsen,\N,NRTH,20,2024-02-11,false
578,casey.tanaka578@example.com,Casey,Tanaka,0738487369,WEST,31,2024-08-09,false
579,avery.costa579@example.com,Avery,Costa,+1 (000) 775 - 0253,WEST,39,2023-05-27,false
58,morgan.iqbal58@example.com,Morgan,Iqbal,+1 (060) 014 - 1462,NRTH,30,2024-08-09,false
580,hayden.weber580@example.com,Hayden,Weber,0693627337,SOTH,11,2024-10-05,false
581,devon.kim581@example.com,Devon,Kim,+1 (085) 894 - 9509,NRTH,16,2023-08-10,false
582,devon.costa582@example.com,Devon,Costa,(031) 095-0586,SOTH,5,2024-05-09,false
583,kendall.larsen583@example.com,Kendall,Larsen, 002.082.5650 ,SW  ,32,2023-02-08,false
584,avery.silva584@example.com,Avery,Silva,0767935795,EAST,19,2024-07-18,true
585,riley.johnson585@example.com,Riley,Johnson,+1 (045) 123 - 2519,WEST,32,2024-09-02,false
586,emerson.iqbal586@example.com,Emerson,Iqbal,\N,WEST,22,2024-08-05,false
587,jordan.larsen587@example.com,Jordan,Larsen, 019.499.5530 ,NRTH,5,2024-11-26,false
588,finley.nguyen588@example.com,Finley,Nguyen, 047.562.5690 ,EAST,16,2024-07-26,false
589,parker.iqbal589@example.com,Parker,Iqbal,0223818407,EAST,34,2023-10-30,false
59,hayden.iqbal59@example.com,Hayden,Iqbal, 080.721.4179 ,NRTH,31,2024-10-14,false
590,skyler.rossi590@example.com,Skyler,Rossi,(059) 010-6975,NRTH,3,2023-07-16,false
591,skyler.novak591@example.com,Skyler,Novak,(023) 384-8350,EAST,4,2023-07-03,false
592,rowan.nguyen592@example.com,Rowan,Nguyen, 042.499.5927 ,NRTH,18,2023-01-07,false
593,marlowe.johnson593@example.com,Marlowe,Johnson,(053) 678-4164,EAST,6,2024-06-16,false
594,jordan.garcia594@example.com,Jordan,Garcia,(084) 983-0412,EAST,10,2023-04-08,false
595,rowan.tanaka595@example.com,Rowan,Tanaka,\N,SOTH,13,2023-10-21,false
596,casey.larsen596@example.com,Casey,Larsen,+1 (060) 024 - 8296,WEST,32,2024-02-26,false
597,parker.silva597@example.com,Parker,Silva,+1 (050) 293 - 5000,NE  ,23,2024-11-04,false
598,quinn.kim598@example.com,Quinn,Kim,+1 (087) 984 - 3968,NE  ,10,2024-02-25,false
599,avery.weber599@example.com,Avery,Weber, 039.092.2764 ,NRTH,2,2023-09-07,false
6,finley.kim6@example.com,Finley,Kim,+1 (066) 413 - 0526,NE  ,19,2024-03-24,false
60,marlowe.osei60@example.com,Marlowe,Osei,\N,WEST,29,2023-08-10,false
600,finley.novak600@example.com,Finley,Novak,+1 (016) 549 - 7448,NE  ,32,2023-09-08,false
601,rowan.patel601@example.com,Rowan,Patel, 004.700.5473 ,EAST,34,2023-05-19,false
602,parker.patel602@example.com,Parker,Patel,\N,SOTH,13,2024-03-19,false
603,finley.fischer603@example.com,Finley,Fischer,(027) 481-1907,NE  ,40,2023-10-12,false
604,riley.nguyen604@example.com,Riley,Nguyen,(089) 343-6624,SOTH,32,2023-12-30,false
605,jordan.tanaka605@example.com,Jordan,Tanaka,(085) 281-8991,NE  ,27,2024-10-01,false
606,jordan.kim606@example.com,Jordan,Kim,(055) 779-3068,WEST,5,2023-03-20,false
607,finley.novak607@example.com,Finley,Novak, 061.206.2546 ,SOTH,34,2024-03-09,false
608,hayden.patel608@example.com,Hayden,Patel,0754357762,SW  ,23,2024-11-16,false
609,quinn.weber609@example.com,Quinn,Weber,0573271266,NE  ,22,2024-12-26,false
61,rowan.rossi61@example.com,Rowan,Rossi,0248315126,NE  ,6,2024-06-23,false
610,rowan.rossi610@example.com,Rowan,Rossi,+1 (046) 234 - 0417,EAST,27,2024-04-17,false
611,parker.weber611@example.com,Parker,Weber,0485764529,NE  ,17,2023-11-05,true
612,jordan.mbeki612@example.com,Jordan,Mbeki,+1 (095) 597 - 8714,SW  ,2,2023-01-06,false
613,reese.novak613@example.com,Reese,Novak,+1 (074) 058 - 0333,EAST,2,2024-12-14,false
614,casey.patel614@example.com,Casey,Patel,+1 (014) 861 - 4668,WEST,30,2023-10-13,false
615,reese.osei615@example.com,Reese,Osei,\N,WEST,20,2023-11-07,false
616,parker.kim616@example.com,Parker,Kim,(088) 659-4254,EAST,31,2024-04-07,false
617,jordan.weber617@example.com,Jordan,Weber,+1 (035) 904 - 8149,EAST,4,2024-11-14,false
618,hayden.patel618@example.com,Hayden,Patel,0680631093,SOTH,39,2023-02-12,false
619,jordan.rossi619@example.com,Jordan,Rossi, 053.944.9617 ,NE  ,37,2023-04-29,true
62,parker.kim62@example.com,Parker,Kim,0500282414,NRTH,27,2023-02-18,false
620,finley.iqbal620@example.com,Finley,Iqbal,0238462628,SW  ,37,2023-08-14,false
621,casey.johnson621@example.com,Casey,Johnson,(080) 027-5928,EAST,6,2024-03-01,false
622,riley.weber622@example.com,Riley,Weber, 013.998.9275 ,NE  ,28,2024-01-09,false
623,marlowe.weber623@example.com,Marlowe,Weber, 078.991.7232 ,SW  ,13,2023-07-08,true
624,hayden.rossi624@example.com,Hayden,Rossi,\N,SW  ,6,2023-11-18,false
625,emerson.novak625@example.com,Emerson,Novak,+1 (002) 599 - 1885,EAST,23,2023-05-12,false
626,kendall.johnson626@example.com,Kendall,Johnson, 025.070.7551 ,SOTH,3,2024-06-16,false
627,riley.patel627@example.com,Riley,Patel, 099.506.8433 ,WEST,16,2024-11-05,false
628,skyler.nguyen628@example.com,Skyler,Nguyen,(050) 593-6741,EAST,8,2023-09-15,false
629,parker.novak629@example.com,Parker,Novak,0589269569,NE  ,34,2024-04-28,false
63,hayden.weber63@example.com,Hayden,Weber,0822050912,SW  ,2,2024-01-06,true
630,casey.nguyen630@example.com,Casey,Nguyen,(056) 564-6221,NRTH,38,2023-07-18,false
631,skyler.novak631@example.com,Skyler,Novak,\N,SW  ,18,2024-05-23,false
632,riley.weber632@example.com,Riley,Weber,+1 (002) 048 - 5196,WEST,24,2024-11-04,false
633,finley.osei633@example.com,Finley,Osei,+1 (010) 694 - 8671,NRTH,33,2024-01-12,false
634,riley.silva634@example.com,Riley,Silva,(060) 203-3662,SOTH,33,2023-01-31,false
635,skyler.rossi635@example.com,Skyler,Rossi,+1 (001) 972 - 7026,SOTH,26,2024-06-15,false
636,skyler.osei636@example.com,Skyler,Osei,+1 (067) 193 - 9435,NE  ,18,2024-11-13,false
637,avery.larsen637@example.com,Avery,Larsen, 042.181.5818 ,SOTH,10,2023-03-10,false
638,reese.costa638@example.com,Reese,Costa,+1 (033) 541 - 8436,SOTH,37,2023-12-15,false
639,parker.johnson639@example.com,Parker,Johnson, 021.722.8954 ,SW  ,35,2023-08-29,false
64,emerson.mbeki64@example.com,Emerson,Mbeki, 078.880.7316 ,NRTH,27,2024-01-15,false
640,casey.costa640@example.com,Casey,Costa,(034) 090-8961,NRTH,37,2024-03-08,false
641,morgan.silva641@example.com,Morgan,Silva,+1 (082) 187 - 9587,EAST,10,2024-11-14,false
642,hayden.mbeki642@example.com,Hayden,Mbeki,(020) 179-2175,SOTH,18,2023-04-13,false
643,devon.osei643@example.com,Devon,Osei,+1 (002) 800 - 8008,SW  ,15,2023-03-03,false
644,marlowe.johnson644@example.com,Marlowe,Johnson,+1 (069) 746 - 8922,NE  ,39,2023-05-23,false
645,marlowe.fischer645@example.com,Marlowe,Fischer,0034606221,NRTH,11,2024-08-16,false
646,devon.costa646@example.com,Devon,Costa, 007.101.3341 ,SOTH,13,2024-12-21,false
647,kendall.fischer647@example.com,Kendall,Fischer,0459084418,EAST,30,2024-08-25,true
648,finley.rossi648@example.com,Finley,Rossi,(061) 410-9940,NRTH,40,2024-02-09,false
649,kendall.garcia649@example.com,Kendall,Garcia,(078) 938-2867,SOTH,34,2024-03-09,false
65,hayden.fischer65@example.com,Hayden,Fischer,0729223044,WEST,25,2024-07-16,false
650,jordan.novak650@example.com,Jordan,Novak,+1 (032) 701 - 2523,WEST,29,2023-12-25,false
651,skyler.garcia651@example.com,Skyler,Garcia,0693746209,NE  ,10,2023-03-12,false
652,morgan.silva652@example.com,Morgan,Silva,+1 (044) 405 - 5921,SW  ,35,2023-12-17,true
653,kendall.novak653@example.com,Kendall,Novak, 074.272.5930 ,SOTH,6,2024-07-11,false
654,riley.patel654@example.com,Riley,Patel,\N,SOTH,24,2024-07-03,false
655,quinn.weber655@example.com,Quinn,Weber,\N,NE  ,25,2023-05-13,false
656,casey.silva656@example.com,Casey,Silva,0055094221,NRTH,12,2023-08-28,false
657,kendall.mbeki657@example.com,Kendall,Mbeki,(021) 781-0361,NRTH,8,2024-04-28,false
658,avery.iqbal658@example.com,Avery,Iqbal,0006174601,SOTH,32,2023-07-04,false
659,marlowe.iqbal659@example.com,Marlowe,Iqbal,\N,NRTH,29,2024-04-11,true
66,kendall.johnson66@example.com,Kendall,Johnson,\N,SW  ,35,2023-11-03,false
660,devon.novak660@example.com,Devon,Novak,+1 (070) 145 - 0705,WEST,12,2023-01-29,false
661,jordan.mbeki661@example.com,Jordan,Mbeki,\N,EAST,6,2023-11-20,false
662,quinn.mbeki662@example.com,Quinn,Mbeki, 060.363.3171 ,SW  ,39,2023-12-20,false
663,emerson.garcia663@example.com,Emerson,Garcia,0963715263,EAST,20,2024-09-29,true
664,hayden.kim664@example.com,Hayden,Kim,+1 (074) 584 - 1941,WEST,31,2023-09-13,false
665,parker.novak665@example.com,Parker,Novak,\N,SW  ,4,2024-07-20,false
666,riley.fischer666@example.com,Riley,Fischer,+1 (091) 031 - 6138,SW  ,19,2023-07-21,false
667,emerson.johnson667@example.com,Emerson,Johnson,0782956156,SW  ,37,2024-01-18,false
668,reese.mbeki668@example.com,Reese,Mbeki,\N,SOTH,1,2023-12-28,false
669,morgan.novak669@example.com,Morgan,Novak,+1 (035) 840 - 6707,SW  ,27,2024-03-11,false
67,avery.kim67@example.com,Avery,Kim,(019) 513-0056,NRTH,9,2023-07-22,false
670,parker.nguyen670@example.com,Parker,Nguyen,+1 (007) 283 - 8419,SOTH,19,2023-08-22,false
671,rowan.nguyen671@example.com,Rowan,Nguyen,(077) 781-4971,EAST,22,2024-10-08,false
672,rowan.rossi672@example.com,Rowan,Rossi, 069.326.3796 ,SOTH,31,2024-01-09,false
673,kendall.rossi673@example.com,Kendall,Rossi,+1 (006) 015 - 3467,SOTH,27,2024-03-14,false
674,rowan.nguyen674@example.com,Rowan,Nguyen,+1 (085) 849 - 4527,SOTH,37,2023-02-21,false
675,devon.nguyen675@example.com,Devon,Nguyen, 090.452.6316 ,EAST,25,2024-03-19,false
676,quinn.patel676@example.com,Quinn,Patel,0291518128,WEST,21,2023-03-09,false
677,reese.tanaka677@example.com,Reese,Tanaka, 032.461.1800 ,SOTH,20,2023-03-29,false
678,jordan.novak678@example.com,Jordan,Novak,0857946858,EAST,29,2024-12-03,false
679,parker.rossi679@example.com,Parker,Rossi, 035.147.6453 ,SOTH,34,2024-08-20,false
68,parker.iqbal68@example.com,Parker,Iqbal,+1 (040) 708 - 3673,EAST,22,2024-08-07,false
680,casey.novak680@example.com,Casey,Novak,(092) 858-2881,WEST,30,2023-01-04,false
681,jordan.kim681@example.com,Jordan,Kim,+1 (011) 070 - 5823,EAST,30,2023-01-18,false
682,skyler.novak682@example.com,Skyler,Novak,+1 (029) 705 - 0178,EAST,13,2024-08-23,false
683,morgan.larsen683@example.com,Morgan,Larsen,(001) 638-1768,NRTH,11,2023-06-10,false
684,rowan.larsen684@example.com,Rowan,Larsen,(018) 390-5107,NRTH,19,2023-08-30,false
685,rowan.iqbal685@example.com,Rowan,Iqbal,\N,WEST,9,2024-12-02,false
686,morgan.weber686@example.com,Morgan,Weber,0192181526,WEST,6,2024-04-23,false
687,rowan.novak687@example.com,Rowan,Novak,0811472797,NE  ,6,2024-03-17,false
688,kendall.patel688@example.com,Kendall,Patel,0762588517,SOTH,20,2024-01-01,false
689,reese.johnson689@example.com,Reese,Johnson, 042.098.9391 ,SW  ,17,2024-06-27,false
69,hayden.larsen69@example.com,Hayden,Larsen,\N,EAST,31,2024-02-23,true
690,rowan.rossi690@example.com,Rowan,Rossi,\N,SOTH,32,2024-01-05,false
691,marlowe.iqbal691@example.com,Marlowe,Iqbal, 064.901.2758 ,NRTH,19,2024-01-30,false
692,morgan.rossi692@example.com,Morgan,Rossi,0572031195,NE  ,5,2023-11-08,false
693,reese.osei693@example.com,Reese,Osei,(041) 211-9784,NE  ,11,2023-09-22,false
694,hayden.costa694@example.com,Hayden,Costa, 025.356.8773 ,SW  ,22,2024-05-29,false
695,marlowe.patel695@example.com,Marlowe,Patel,(059) 602-0884,SW  ,39,2024-09-30,false
696,skyler.weber696@example.com,Skyler,Weber,\N,EAST,39,2024-09-24,false
697,finley.rossi697@example.com,Finley,Rossi,\N,SOTH,4,2024-09-26,false
698,avery.johnson698@example.com,Avery,Johnson,0418740692,NRTH,29,2023-06-01,false
699,rowan.mbeki699@example.com,Rowan,Mbeki,+1 (046) 678 - 4595,SW  ,20,2023-03-11,false
7,riley.garcia7@example.com,Riley,Garcia, 091.839.0409 ,SOTH,19,2024-11-04,false
70,emerson.osei70@example.com,Emerson,Osei, 026.551.8424 ,EAST,3,2024-10-13,true
700,finley.johnson700@example.com,Finley,Johnson,(058) 936-0922,WEST,4,2023-01-01,false
701,emerson.patel701@example.com,Emerson,Patel,0754005004,WEST,2,2024-04-30,false
702,finley.weber702@example.com,Finley,Weber, 071.134.0600 ,NRTH,28,2024-01-04,false
703,finley.tanaka703@example.com,Finley,Tanaka, 093.709.2815 ,NRTH,10,2023-04-15,true
704,avery.johnson704@example.com,Avery,Johnson,(014) 578-8098,SOTH,28,2023-04-17,false
705,hayden.iqbal705@example.com,Hayden,Iqbal,0487902225,SW  ,28,2024-03-04,false
706,finley.tanaka706@example.com,Finley,Tanaka,0007977894,SOTH,12,2024-10-19,false
707,devon.costa707@example.com,Devon,Costa,0040657269,NE  ,37,2024-07-01,false
708,marlowe.kim708@example.com,Marlowe,Kim,+1 (080) 593 - 1508,NRTH,34,2023-12-28,false
709,riley.osei709@example.com,Riley,Osei,+1 (057) 895 - 8595,SOTH,5,2024-04-21,true
71,casey.osei71@example.com,Casey,Osei, 060.555.7720 ,NRTH,31,2023-12-28,false
710,rowan.nguyen710@example.com,Rowan,Nguyen,+1 (050) 383 - 4447,SOTH,30,2023-11-24,false
711,skyler.mbeki711@example.com,Skyler,Mbeki,+1 (064) 170 - 7324,NRTH,3,2024-07-18,false
712,devon.garcia712@example.com,Devon,Garcia,+1 (005) 542 - 6425,SOTH,38,2024-09-20,false
713,avery.mbeki713@example.com,Avery,Mbeki,+1 (008) 253 - 0219,SOTH,6,2023-07-15,false
714,devon.larsen714@example.com,Devon,Larsen, 064.834.8443 ,WEST,1,2024-12-07,false
715,casey.iqbal715@example.com,Casey,Iqbal, 075.245.1295 ,EAST,12,2024-01-12,false
716,jordan.rossi716@example.com,Jordan,Rossi, 088.231.9181 ,EAST,10,2024-10-12,false
717,hayden.weber717@example.com,Hayden,Weber, 017.961.9035 ,SOTH,29,2024-03-24,false
718,emerson.garcia718@example.com,Emerson,Garcia,\N,WEST,8,2023-12-27,false
719,skyler.fischer719@example.com,Skyler,Fischer,0757640614,NE  ,15,2024-01-04,false
72,emerson.silva72@example.com,Emerson,Silva,(077) 133-0207,SW  ,39,2024-08-27,false
720,hayden.nguyen720@example.com,Hayden,Nguyen,(033) 896-8079,WEST,29,2023-03-17,false
721,emerson.costa721@example.com,Emerson,Costa,(028) 678-3352,SW  ,18,2023-07-18,false
722,finley.iqbal722@example.com,Finley,Iqbal,+1 (055) 829 - 4552,SOTH,38,2024-06-10,false
723,quinn.rossi723@example.com,Quinn,Rossi,(089) 301-9801,NE  ,1,2023-01-10,false
724,morgan.iqbal724@example.com,Morgan,Iqbal, 027.047.1388 ,EAST,15,2023-01-27,true
725,riley.garcia725@example.com,Riley,Garcia,(068) 513-6281,SW  ,14,2024-07-03,false
726,riley.johnson726@example.com,Riley,Johnson,(019) 839-3790,NRTH,37,2024-06-24,false
727,skyler.iqbal727@example.com,Skyler,Iqbal,0296764585,EAST,30,2024-06-21,false
728,rowan.larsen728@example.com,Rowan,Larsen,0066987938,NRTH,5,2023-10-29,false
729,jordan.larsen729@example.com,Jordan,Larsen, 052.798.2241 ,WEST,12,2024-04-19,false
73,skyler.patel73@example.com,Skyler,Patel,0618257024,SW  ,2,2023-11-05,false
730,marlowe.patel730@example.com,Marlowe,Patel,(023) 449-0716,NRTH,35,2024-12-09,false
731,devon.patel731@example.com,Devon,Patel,\N,WEST,5,2024-07-19,false
732,kendall.nguyen732@example.com,Kendall,Nguyen,(000) 093-1617,SOTH,10,2024-05-31,false
733,casey.rossi733@example.com,Casey,Rossi,\N,NRTH,37,2024-07-03,false
734,marlowe.fischer734@example.com,Marlowe,Fischer,(083) 852-4752,NRTH,26,2024-02-24,false
735,finley.fischer735@example.com,Finley,Fischer,+1 (038) 538 - 5619,EAST,37,2024-06-13,false
736,jordan.kim736@example.com,Jordan,Kim,(036) 513-9645,EAST,35,2024-10-15,false
737,skyler.novak737@example.com,Skyler,Novak,\N,NRTH,36,2023-10-26,false
738,skyler.weber738@example.com,Skyler,Weber,0950491458,EAST,23,2024-07-25,false
739,jordan.novak739@example.com,Jordan,Novak,(041) 743-5960,WEST,38,2024-09-07,false
74,parker.kim74@example.com,Parker,Kim,\N,SW  ,16,2024-08-23,false
740,skyler.fischer740@example.com,Skyler,Fischer,(001) 762-9000,NE  ,29,2023-09-21,true
741,jordan.weber741@example.com,Jordan,Weber,0716525550,EAST,14,2024-12-31,false
742,casey.osei742@example.com,Casey,Osei,(052) 494-6696,EAST,3,2024-01-02,false
743,jordan.osei743@example.com,Jordan,Osei,+1 (005) 364 - 1985,NRTH,1,2024-09-29,false
744,kendall.silva744@example.com,Kendall,Silva,(011) 417-2256,SW  ,5,2024-01-22,false
745,reese.kim745@example.com,Reese,Kim,0897536437,SOTH,28,2023-09-09,false
746,casey.rossi746@example.com,Casey,Rossi,(036) 024-4389,SOTH,3,2023-04-04,false
747,hayden.silva747@example.com,Hayden,Silva,(026) 161-1400,EAST,36,2023-04-14,false
748,finley.silva748@example.com,Finley,Silva,\N,WEST,32,2023-01-06,false
749,riley.mbeki749@example.com,Riley,Mbeki, 022.136.2854 ,NRTH,31,2024-05-11,false
75,morgan.garcia75@example.com,Morgan,Garcia,(039) 789-7455,EAST,35,2024-01-28,false
750,kendall.costa750@example.com,Kendall,Costa, 004.039.5469 ,SOTH,12,2024-07-11,false
751,riley.mbeki751@example.com,Riley,Mbeki,\N,EAST,27,2023-07-03,false
752,morgan.tanaka752@example.com,Morgan,Tanaka, 082.713.6912 ,NE  ,33,2023-08-03,true
753,morgan.johnson753@example.com,Morgan,Johnson,(071) 956-0168,SOTH,32,2023-02-11,false
754,skyler.novak754@example.com,Skyler,Novak,0864527175,NRTH,17,2023-02-03,false
755,jordan.silva755@example.com,Jordan,Silva,(012) 462-3936,NRTH,2,2024-11-26,false
756,kendall.rossi756@example.com,Kendall,Rossi,+1 (096) 462 - 0400,NRTH,13,2023-06-28,false
757,rowan.osei757@example.com,Rowan,Osei, 093.403.3311 ,EAST,16,2023-10-19,false
758,riley.fischer758@example.com,Riley,Fischer,\N,SW  ,32,2023-12-05,false
759,kendall.silva759@example.com,Kendall,Silva, 077.290.2148 ,NRTH,24,2024-05-05,false
76,avery.costa76@example.com,Avery,Costa,0388896443,SOTH,7,2024-07-03,false
760,devon.novak760@example.com,Devon,Novak,\N,EAST,9,2024-03-17,true
761,casey.patel761@example.com,Casey,Patel,+1 (081) 640 - 8414,SOTH,30,2023-06-20,false
762,quinn.silva762@example.com,Quinn,Silva,0092851105,SW  ,36,2024-10-27,false
763,parker.fischer763@example.com,Parker,Fischer,\N,SOTH,18,2023-11-29,false
764,reese.osei764@example.com,Reese,Osei, 095.758.7252 ,EAST,28,2024-12-10,false
765,avery.costa765@example.com,Avery,Costa,(078) 756-4180,WEST,3,2023-11-27,false
766,marlowe.patel766@example.com,Marlowe,Patel,(059) 967-0808,SOTH,32,2024-06-22,false
767,parker.johnson767@example.com,Parker,Johnson,(009) 742-0069,EAST,19,2024-01-08,false
768,quinn.iqbal768@example.com,Quinn,Iqbal,\N,SW  ,38,2023-12-20,false
769,casey.weber769@example.com,Casey,Weber,(075) 580-9082,NRTH,24,2024-10-30,false
77,quinn.larsen77@example.com,Quinn,Larsen,0499154414,SW  ,35,2024-10-03,false
770,finley.rossi770@example.com,Finley,Rossi,+1 (080) 840 - 7344,NE  ,3,2024-06-26,false
771,parker.kim771@example.com,Parker,Kim,+1 (005) 885 - 3584,SW  ,22,2024-11-20,true
772,finley.tanaka772@example.com,Finley,Tanaka,\N,SOTH,40,2023-10-12,false
773,riley.novak773@example.com,Riley,Novak,0121931627,NRTH,22,2024-07-26,false
774,parker.osei774@example.com,Parker,Osei,0540699840,EAST,23,2023-08-04,true
775,emerson.tanaka775@example.com,Emerson,Tanaka,(089) 073-3087,SOTH,32,2024-01-01,false
776,skyler.iqbal776@example.com,Skyler,Iqbal,(074) 434-2619,SW  ,24,2023-05-27,false
777,kendall.kim777@example.com,Kendall,Kim,(030) 963-7808,EAST,26,2023-03-26,false
778,morgan.johnson778@example.com,Morgan,Johnson,(055) 908-4094,SOTH,10,2023-08-16,false
779,casey.fischer779@example.com,Casey,Fischer,(069) 222-4650,EAST,27,2023-08-15,false
78,devon.rossi78@example.com,Devon,Rossi, 048.404.4963 ,SOTH,6,2024-08-05,false
780,avery.osei780@example.com,Avery,Osei,+1 (036) 807 - 0623,NE  ,22,2024-01-13,false
781,kendall.iqbal781@example.com,Kendall,Iqbal,+1 (084) 755 - 6242,WEST,37,2023-05-14,false
782,reese.fischer782@example.com,Reese,Fischer, 005.080.8323 ,EAST,19,2023-10-02,false
783,quinn.silva783@example.com,Quinn,Silva, 018.829.0663 ,NE  ,19,2023-05-06,false
784,jordan.rossi784@example.com,Jordan,Rossi, 039.693.2442 ,SW  ,9,2023-06-09,false
785,jordan.rossi785@example.com,Jordan,Rossi, 057.967.7338 ,EAST,10,2024-02-19,false
786,avery.weber786@example.com,Avery,Weber,+1 (099) 622 - 9787,SOTH,10,2023-05-02,true
787,rowan.mbeki787@example.com,Rowan,Mbeki, 080.977.4911 ,SOTH,19,2024-09-13,false
788,kendall.rossi788@example.com,Kendall,Rossi,(014) 970-4623,EAST,31,2023-08-28,true
789,reese.iqbal789@example.com,Reese,Iqbal, 065.299.7384 ,EAST,6,2024-03-29,false
79,finley.rossi79@example.com,Finley,Rossi,0195249057,WEST,32,2023-06-14,false
790,devon.novak790@example.com,Devon,Novak,(047) 830-6974,WEST,6,2024-02-02,false
791,marlowe.rossi791@example.com,Marlowe,Rossi,+1 (006) 018 - 0666,SW  ,39,2023-11-05,false
792,hayden.tanaka792@example.com,Hayden,Tanaka,\N,NRTH,24,2023-09-25,false
793,kendall.kim793@example.com,Kendall,Kim,0446257594,SOTH,29,2023-08-13,false
794,hayden.costa794@example.com,Hayden,Costa, 015.423.1505 ,NRTH,38,2023-08-24,false
795,rowan.kim795@example.com,Rowan,Kim,\N,SW  ,25,2023-11-15,false
796,devon.costa796@example.com,Devon,Costa, 060.979.5510 ,NRTH,36,2023-06-04,false
797,finley.mbeki797@example.com,Finley,Mbeki,\N,NE  ,32,2024-10-03,false
798,skyler.fischer798@example.com,Skyler,Fischer,(084) 956-5526,NE  ,30,2023-04-30,false
799,marlowe.patel799@example.com,Marlowe,Patel, 097.366.1776 ,WEST,27,2023-01-23,false
8,devon.iqbal8@example.com,Devon,Iqbal,+1 (022) 495 - 6459,EAST,11,2024-06-29,false
80,devon.rossi80@example.com,Devon,Rossi,(029) 664-1124,WEST,39,2024-02-06,false
800,devon.fischer800@example.com,Devon,Fischer,0623914616,EAST,39,2024-03-15,false
801,devon.fischer801@example.com,Devon,Fischer,(061) 768-4683,EAST,24,2024-10-18,false
802,jordan.johnson802@example.com,Jordan,Johnson,+1 (014) 548 - 9216,EAST,30,2023-05-07,true
803,emerson.costa803@example.com,Emerson,Costa,(056) 866-6911,EAST,4,2024-02-04,false
804,quinn.patel804@example.com,Quinn,Patel,+1 (093) 677 - 8687,SW  ,11,2024-10-04,false
805,skyler.larsen805@example.com,Skyler,Larsen, 037.755.9154 ,EAST,7,2023-01-11,false
806,skyler.tanaka806@example.com,Skyler,Tanaka, 097.795.1151 ,SOTH,27,2023-03-21,false
807,reese.novak807@example.com,Reese,Novak,(056) 441-5423,NE  ,40,2023-11-21,false
808,riley.patel808@example.com,Riley,Patel,+1 (033) 454 - 9462,NRTH,2,2023-04-18,false
809,rowan.silva809@example.com,Rowan,Silva, 012.734.2442 ,WEST,2,2023-04-10,false
81,riley.osei81@example.com,Riley,Osei,0258045858,NRTH,32,2024-05-16,false
810,casey.osei810@example.com,Casey,Osei,0084401435,WEST,9,2024-06-20,false
811,morgan.kim811@example.com,Morgan,Kim, 004.565.2216 ,WEST,31,2023-03-25,true
812,jordan.fischer812@example.com,Jordan,Fischer,\N,EAST,17,2023-08-23,false
813,morgan.patel813@example.com,Morgan,Patel, 021.477.4593 ,SW  ,14,2024-06-04,false
814,riley.johnson814@example.com,Riley,Johnson, 017.239.7121 ,WEST,38,2024-01-28,false
815,morgan.nguyen815@example.com,Morgan,Nguyen, 030.264.1424 ,NE  ,14,2024-12-01,false
816,avery.patel816@example.com,Avery,Patel,+1 (050) 972 - 1894,SOTH,33,2024-06-26,false
817,kendall.patel817@example.com,Kendall,Patel, 045.536.5152 ,NRTH,23,2024-02-04,false
818,morgan.rossi818@example.com,Morgan,Rossi,\N,EAST,30,2023-04-16,false
819,emerson.mbeki819@example.com,Emerson,Mbeki,\N,NE  ,3,2024-01-19,false
82,kendall.nguyen82@example.com,Kendall,Nguyen, 074.280.0803 ,EAST,19,2023-08-26,false
820,skyler.iqbal820@example.com,Skyler,Iqbal,0903113703,SW  ,20,2023-06-25,false
821,skyler.costa821@example.com,Skyler,Costa,0861609527,SOTH,5,2024-12-30,false
822,quinn.nguyen822@example.com,Quinn,Nguyen,(056) 120-4449,SOTH,7,2023-04-03,false
823,finley.patel823@example.com,Finley,Patel,+1 (021) 376 - 7380,NRTH,5,2023-06-05,false
824,finley.patel824@example.com,Finley,Patel,+1 (029) 905 - 6778,SOTH,28,2024-08-10,false
825,finley.tanaka825@example.com,Finley,Tanaka,+1 (052) 026 - 3193,SOTH,39,2023-04-25,false
826,morgan.patel826@example.com,Morgan,Patel, 067.470.8255 ,WEST,32,2023-01-24,false
827,jordan.kim827@example.com,Jordan,Kim,+1 (041) 084 - 9034,SOTH,2,2023-04-29,false
828,morgan.kim828@example.com,Morgan,Kim,+1 (021) 682 - 2569,NE  ,32,2024-05-29,false
829,devon.rossi829@example.com,Devon,Rossi,\N,NE  ,35,2024-08-16,true
83,emerson.fischer83@example.com,Emerson,Fischer,+1 (080) 094 - 2073,NE  ,34,2023-10-01,false
830,hayden.patel830@example.com,Hayden,Patel,0404088307,NRTH,29,2023-12-24,true
831,quinn.mbeki831@example.com,Quinn,Mbeki,0335501022,NRTH,32,2024-01-14,false
832,marlowe.fischer832@example.com,Marlowe,Fischer,(054) 404-8929,SOTH,36,2023-10-31,false
833,finley.tanaka833@example.com,Finley,Tanaka,\N,WEST,21,2024-04-03,true
834,emerson.tanaka834@example.com,Emerson,Tanaka,+1 (067) 125 - 2921,SW  ,2,2023-10-23,false
835,emerson.tanaka835@example.com,Emerson,Tanaka,\N,NRTH,23,2023-07-09,false
836,skyler.kim836@example.com,Skyler,Kim,\N,EAST,20,2023-05-12,true
837,rowan.garcia837@example.com,Rowan,Garcia,0967881453,SOTH,28,2023-07-27,true
838,marlowe.nguyen838@example.com,Marlowe,Nguyen,(034) 619-7308,EAST,25,2024-09-19,false
839,parker.rossi839@example.com,Parker,Rossi,+1 (071) 660 - 1935,SOTH,33,2023-05-10,false
84,devon.mbeki84@example.com,Devon,Mbeki,+1 (020) 678 - 5808,WEST,15,2023-04-03,false
840,emerson.costa840@example.com,Emerson,Costa,(084) 519-5456,SOTH,32,2024-10-14,false
841,parker.mbeki841@example.com,Parker,Mbeki,0615813155,WEST,4,2024-09-16,false
842,riley.patel842@example.com,Riley,Patel,0608197748,SW  ,22,2023-11-28,false
843,riley.mbeki843@example.com,Riley,Mbeki,+1 (057) 976 - 4298,NE  ,20,2023-06-05,false
844,devon.iqbal844@example.com,Devon,Iqbal, 067.414.2288 ,NE  ,12,2024-03-24,false
845,kendall.larsen845@example.com,Kendall,Larsen,0973707553,NE  ,40,2024-12-26,false
846,jordan.novak846@example.com,Jordan,Novak,+1 (016) 156 - 8779,EAST,30,2024-10-17,false
847,rowan.kim847@example.com,Rowan,Kim, 030.821.1790 ,SOTH,27,2023-07-19,false
848,reese.weber848@example.com,Reese,Weber, 002.974.7132 ,SOTH,8,2024-09-11,false
849,kendall.fischer849@example.com,Kendall,Fischer,(097) 244-0326,NE  ,28,2023-06-06,false
85,quinn.novak85@example.com,Quinn,Novak,+1 (063) 306 - 4117,SOTH,31,2023-03-20,false
850,casey.nguyen850@example.com,Casey,Nguyen,(018) 896-2695,WEST,18,2024-07-15,false
851,avery.garcia851@example.com,Avery,Garcia,(093) 111-8610,EAST,21,2024-11-30,false
852,emerson.kim852@example.com,Emerson,Kim,(061) 307-7996,NRTH,9,2024-02-10,false
853,devon.fischer853@example.com,Devon,Fischer,+1 (083) 020 - 7388,EAST,16,2023-09-13,false
854,finley.osei854@example.com,Finley,Osei, 018.807.0455 ,NRTH,14,2023-08-02,false
855,devon.garcia855@example.com,Devon,Garcia,+1 (012) 129 - 1327,SOTH,35,2024-02-28,false
856,reese.larsen856@example.com,Reese,Larsen,+1 (039) 485 - 7051,NRTH,24,2023-01-17,false
857,jordan.garcia857@example.com,Jordan,Garcia,+1 (033) 207 - 4523,SOTH,17,2024-12-02,false
858,morgan.osei858@example.com,Morgan,Osei,\N,SOTH,25,2023-11-02,false
859,devon.mbeki859@example.com,Devon,Mbeki, 092.279.1690 ,EAST,16,2024-12-12,false
86,skyler.osei86@example.com,Skyler,Osei, 076.022.9059 ,EAST,12,2023-08-02,true
860,rowan.costa860@example.com,Rowan,Costa,0883901883,WEST,18,2024-01-01,false
861,rowan.costa861@example.com,Rowan,Costa,(054) 367-2548,EAST,11,2023-10-01,false
862,rowan.iqbal862@example.com,Rowan,Iqbal,0197288915,WEST,4,2024-09-06,false
863,avery.weber863@example.com,Avery,Weber,(008) 829-5994,SOTH,20,2023-05-03,false
864,casey.costa864@example.com,Casey,Costa, 078.938.5047 ,EAST,29,2023-07-22,false
865,rowan.mbeki865@example.com,Rowan,Mbeki,0195302103,SOTH,6,2024-11-11,false
866,reese.nguyen866@example.com,Reese,Nguyen, 067.283.6002 ,WEST,36,2024-12-05,false
867,kendall.novak867@example.com,Kendall,Novak,\N,WEST,11,2024-04-25,false
868,devon.johnson868@example.com,Devon,Johnson,(060) 907-2427,EAST,24,2023-01-11,false
869,hayden.iqbal869@example.com,Hayden,Iqbal, 021.812.5679 ,SOTH,8,2024-10-31,false
87,jordan.mbeki87@example.com,Jordan,Mbeki,\N,NRTH,32,2023-01-10,false
870,devon.mbeki870@example.com,Devon,Mbeki, 091.948.5633 ,SOTH,25,2024-04-11,false
871,skyler.novak871@example.com,Skyler,Novak,(015) 670-4945,NRTH,12,2023-08-14,false
872,reese.iqbal872@example.com,Reese,Iqbal,0694963903,SOTH,24,2023-03-08,true
873,casey.rossi873@example.com,Casey,Rossi,0760695792,NRTH,14,2024-07-25,false
874,riley.patel874@example.com,Riley,Patel,\N,NE  ,4,2024-12-24,false
875,emerson.garcia875@example.com,Emerson,Garcia,+1 (040) 902 - 8714,WEST,17,2023-11-03,false
876,casey.garcia876@example.com,Casey,Garcia,0540893920,SW  ,12,2024-12-23,false
877,kendall.johnson877@example.com,Kendall,Johnson, 046.485.4683 ,EAST,21,2023-07-22,false
878,jordan.johnson878@example.com,Jordan,Johnson,0994539454,SOTH,18,2023-08-08,false
879,devon.larsen879@example.com,Devon,Larsen,+1 (017) 715 - 0029,NE  ,21,2024-07-26,false
88,marlowe.fischer88@example.com,Marlowe,Fischer,+1 (005) 516 - 5334,SOTH,22,2024-12-31,false
880,casey.iqbal880@example.com,Casey,Iqbal, 024.681.0881 ,WEST,13,2023-01-28,false
881,quinn.iqbal881@example.com,Quinn,Iqbal,0995580228,NRTH,8,2023-02-01,false
882,marlowe.iqbal882@example.com,Marlowe,Iqbal, 093.080.4567 ,SOTH,8,2023-04-07,false
883,parker.mbeki883@example.com,Parker,Mbeki,+1 (088) 322 - 9699,NRTH,11,2024-03-13,false
884,parker.nguyen884@example.com,Parker,Nguyen,(098) 828-6147,NE  ,37,2023-07-11,false
885,morgan.rossi885@example.com,Morgan,Rossi,(073) 083-1002,WEST,19,2023-11-03,false
886,morgan.rossi886@example.com,Morgan,Rossi,\N,NRTH,2,2024-10-07,false
887,marlowe.iqbal887@example.com,Marlowe,Iqbal,(035) 371-9460,WEST,39,2024-05-24,false
888,kendall.rossi888@example.com,Kendall,Rossi,+1 (005) 227 - 2164,SW  ,9,2023-09-09,false
889,riley.weber889@example.com,Riley,Weber,0257784072,EAST,26,2023-03-11,true
89,morgan.kim89@example.com,Morgan,Kim,\N,NRTH,32,2024-05-03,false
890,parker.silva890@example.com,Parker,Silva, 080.805.3607 ,NRTH,26,2023-04-04,false
891,hayden.mbeki891@example.com,Hayden,Mbeki,+1 (010) 319 - 8935,SW  ,9,2024-02-03,false
892,kendall.weber892@example.com,Kendall,Weber,(045) 426-8579,SOTH,18,2024-08-10,false
893,emerson.silva893@example.com,Emerson,Silva,\N,NRTH,28,2024-02-03,false
894,kendall.osei894@example.com,Kendall,Osei,(069) 495-2969,NRTH,32,2023-08-14,false
895,riley.fischer895@example.com,Riley,Fischer,+1 (073) 477 - 6489,WEST,10,2024-10-15,false
896,hayden.mbeki896@example.com,Hayden,Mbeki,(098) 494-5540,SW  ,4,2024-02-03,false
897,hayden.costa897@example.com,Hayden,Costa,+1 (061) 039 - 8824,EAST,30,2023-10-04,false
898,riley.nguyen898@example.com,Riley,Nguyen,0195644490,EAST,30,2023-02-05,false
899,skyler.rossi899@example.com,Skyler,Rossi,+1 (048) 312 - 7884,SW  ,30,2023-09-23,false
9,riley.silva9@example.com,Riley,Silva,+1 (040) 743 - 7181,NE  ,16,2024-12-19,false
90,casey.johnson90@example.com,Casey,Johnson,\N,SW  ,20,2023-07-12,false
900,quinn.novak900@example.com,Quinn,Novak,+1 (064) 859 - 6832,NRTH,6,2024-11-08,false
901,hayden.nguyen901@example.com,Hayden,Nguyen,\N,WEST,26,2023-05-14,false
902,kendall.weber902@example.com,Kendall,Weber,+1 (087) 309 - 4351,SW  ,32,2024-06-20,false
903,finley.mbeki903@example.com,Finley,Mbeki,(020) 487-2179,EAST,9,2024-09-25,true
904,parker.nguyen904@example.com,Parker,Nguyen, 069.765.2827 ,SOTH,31,2023-12-05,false
905,parker.kim905@example.com,Parker,Kim,(045) 298-9372,WEST,30,2023-04-01,false
906,casey.iqbal906@example.com,Casey,Iqbal,\N,SOTH,31,2023-12-16,false
907,parker.mbeki907@example.com,Parker,Mbeki,\N,SW  ,26,2023-01-07,false
908,hayden.costa908@example.com,Hayden,Costa,+1 (059) 517 - 9948,SOTH,38,2023-01-29,false
909,marlowe.fischer909@example.com,Marlowe,Fischer,+1 (045) 312 - 3931,SOTH,4,2024-03-05,true
91,hayden.osei91@example.com,Hayden,Osei,+1 (047) 536 - 8059,NE  ,25,2024-10-30,false
910,hayden.fischer910@example.com,Hayden,Fischer,+1 (069) 383 - 0293,EAST,32,2023-12-15,false
911,avery.silva911@example.com,Avery,Silva, 047.041.7771 ,WEST,13,2024-01-30,false
912,rowan.iqbal912@example.com,Rowan,Iqbal,0419157914,NRTH,19,2024-10-09,false
913,emerson.fischer913@example.com,Emerson,Fischer,(074) 163-0844,NRTH,40,2024-06-02,false
914,quinn.novak914@example.com,Quinn,Novak,0851995296,NRTH,39,2024-01-19,false
915,parker.garcia915@example.com,Parker,Garcia, 038.337.2937 ,WEST,23,2023-05-16,false
916,jordan.kim916@example.com,Jordan,Kim,\N,EAST,28,2023-06-26,false
917,reese.fischer917@example.com,Reese,Fischer,(082) 610-8943,WEST,22,2024-08-21,false
918,devon.johnson918@example.com,Devon,Johnson,(075) 849-6505,NE  ,39,2024-12-20,false
919,kendall.patel919@example.com,Kendall,Patel,(092) 168-6459,EAST,40,2024-10-01,false
92,hayden.mbeki92@example.com,Hayden,Mbeki,\N,SW  ,40,2024-07-28,false
920,morgan.silva920@example.com,Morgan,Silva,+1 (016) 861 - 2410,EAST,14,2024-07-04,false
921,marlowe.patel921@example.com,Marlowe,Patel,(014) 793-2060,NRTH,24,2024-10-21,false
922,hayden.nguyen922@example.com,Hayden,Nguyen, 054.226.4030 ,SOTH,31,2023-03-08,false
923,hayden.tanaka923@example.com,Hayden,Tanaka,0568707653,SOTH,10,2024-09-03,false
924,hayden.costa924@example.com,Hayden,Costa,+1 (055) 421 - 7523,NRTH,30,2023-01-24,false
925,avery.kim925@example.com,Avery,Kim, 082.932.8811 ,EAST,22,2023-12-04,true
926,jordan.johnson926@example.com,Jordan,Johnson,+1 (076) 597 - 4687,SW  ,4,2023-11-22,false
927,skyler.rossi927@example.com,Skyler,Rossi, 096.659.1543 ,EAST,1,2024-06-27,false
928,parker.iqbal928@example.com,Parker,Iqbal,+1 (094) 593 - 9364,EAST,26,2023-03-07,true
929,rowan.weber929@example.com,Rowan,Weber, 030.486.5220 ,NRTH,34,2023-03-14,false
93,parker.novak93@example.com,Parker,Novak,(018) 663-0878,WEST,6,2023-05-02,true
930,skyler.rossi930@example.com,Skyler,Rossi,\N,NRTH,2,2024-09-10,false
931,devon.osei931@example.com,Devon,Osei,(011) 858-6088,WEST,28,2024-10-15,false
932,emerson.patel932@example.com,Emerson,Patel,(061) 464-7698,WEST,8,2023-12-18,false
933,reese.osei933@example.com,Reese,Osei, 084.266.1053 ,EAST,20,2024-07-08,false
934,reese.patel934@example.com,Reese,Patel,+1 (088) 352 - 0645,EAST,34,2023-12-19,false
935,hayden.costa935@example.com,Hayden,Costa,\N,EAST,6,2024-11-21,false
936,parker.iqbal936@example.com,Parker,Iqbal,0432453497,EAST,24,2024-11-08,false
937,marlowe.costa937@example.com,Marlowe,Costa, 044.766.6960 ,SOTH,32,2023-04-23,false
938,marlowe.iqbal938@example.com,Marlowe,Iqbal, 012.676.3976 ,NRTH,33,2023-12-20,false
939,quinn.tanaka939@example.com,Quinn,Tanaka,(011) 847-2553,EAST,39,2023-10-15,false
94,kendall.fischer94@example.com,Kendall,Fischer,+1 (075) 908 - 8046,WEST,3,2024-06-30,false
940,jordan.johnson940@example.com,Jordan,Johnson,+1 (040) 207 - 3105,EAST,24,2023-08-17,false
941,casey.johnson941@example.com,Casey,Johnson,\N,SW  ,27,2024-11-25,false
942,skyler.novak942@example.com,Skyler,Novak,\N,NRTH,32,2024-03-01,false
943,jordan.costa943@example.com,Jordan,Costa,+1 (048) 573 - 3343,SOTH,37,2024-08-29,false
944,casey.johnson944@example.com,Casey,Johnson,0716422822,NE  ,30,2023-04-26,false
945,rowan.kim945@example.com,Rowan,Kim,0249991019,SW  ,40,2023-09-21,false
946,kendall.larsen946@example.com,Kendall,Larsen,+1 (061) 417 - 4731,EAST,11,2024-03-11,false
947,riley.novak947@example.com,Riley,Novak, 005.677.3435 ,SW  ,35,2024-08-05,false
948,avery.patel948@example.com,Avery,Patel, 029.523.8760 ,NE  ,12,2023-07-10,false
949,kendall.kim949@example.com,Kendall,Kim,(063) 231-9072,NE  ,39,2024-01-17,false
95,riley.osei95@example.com,Riley,Osei,0212406764,WEST,38,2023-03-31,false
950,avery.rossi950@example.com,Avery,Rossi,+1 (092) 304 - 0452,NRTH,12,2023-10-24,false
951,morgan.patel951@example.com,Morgan,Patel,+1 (019) 613 - 9268,NE  ,11,2024-08-19,false
952,skyler.costa952@example.com,Skyler,Costa, 034.927.8231 ,NRTH,4,2023-01-22,false
953,skyler.weber953@example.com,Skyler,Weber,+1 (095) 886 - 3287,EAST,21,2023-07-20,false
954,morgan.garcia954@example.com,Morgan,Garcia, 062.924.3930 ,SOTH,16,2024-01-18,false
955,finley.patel955@example.com,Finley,Patel,0593909246,WEST,4,2023-02-20,false
956,hayden.osei956@example.com,Hayden,Osei,(062) 939-8143,WEST,18,2023-07-11,false
957,casey.mbeki957@example.com,Casey,Mbeki, 090.868.3924 ,SW  ,27,2024-08-31,false
958,emerson.silva958@example.com,Emerson,Silva,0978707870,SOTH,35,2023-02-02,true
959,kendall.mbeki959@example.com,Kendall,Mbeki,\N,NRTH,1,2024-12-16,false
96,casey.larsen96@example.com,Casey,Larsen,\N,NRTH,5,2024-09-07,false
960,devon.weber960@example.com,Devon,Weber,+1 (054) 796 - 0971,EAST,14,2023-02-05,false
961,riley.mbeki961@example.com,Riley,Mbeki, 089.174.0555 ,EAST,26,2024-07-17,false
962,devon.costa962@example.com,Devon,Costa,+1 (086) 120 - 1669,SOTH,40,2024-11-17,false
963,rowan.larsen963@example.com,Rowan,Larsen,+1 (034) 535 - 6445,SOTH,18,2023-06-13,false
964,rowan.nguyen964@example.com,Rowan,Nguyen,(000) 459-4803,NRTH,1,2024-06-06,false
965,marlowe.weber965@example.com,Marlowe,Weber,(069) 696-2892,NE  ,6,2024-02-23,true
966,kendall.patel966@example.com,Kendall,Patel,0384362791,EAST,25,2023-05-18,false
967,avery.patel967@example.com,Avery,Patel,(047) 736-1628,SOTH,24,2023-06-22,false
968,devon.tanaka968@example.com,Devon,Tanaka,+1 (067) 134 - 2645,SOTH,6,2024-09-19,false
969,reese.fischer969@example.com,Reese,Fischer, 097.120.7628 ,EAST,3,2023-01-06,false
97,skyler.iqbal97@example.com,Skyler,Iqbal,0751333320,EAST,30,2023-07-31,false
970,finley.patel970@example.com,Finley,Patel, 018.304.8386 ,WEST,37,2024-05-27,false
971,quinn.kim971@example.com,Quinn,Kim,+1 (013) 682 - 7900,SW  ,9,2024-12-26,false
972,reese.larsen972@example.com,Reese,Larsen,+1 (074) 408 - 7852,SOTH,2,2024-06-12,false
973,kendall.nguyen973@example.com,Kendall,Nguyen,0346817822,NRTH,4,2024-10-17,false
974,devon.patel974@example.com,Devon,Patel,(055) 540-0377,NE  ,30,2024-11-17,false
975,jordan.larsen975@example.com,Jordan,Larsen,0005539736,NRTH,35,2023-06-01,false
976,avery.osei976@example.com,Avery,Osei, 021.139.4879 ,NRTH,5,2023-09-13,false
977,morgan.nguyen977@example.com,Morgan,Nguyen,+1 (063) 622 - 5068,SOTH,28,2024-10-14,false
978,morgan.fischer978@example.com,Morgan,Fischer,+1 (088) 222 - 2571,SOTH,22,2024-02-08,false
979,riley.iqbal979@example.com,Riley,Iqbal,(009) 184-2179,EAST,29,2024-12-13,true
98,marlowe.iqbal98@example.com,Marlowe,Iqbal,\N,EAST,39,2023-12-02,false
980,rowan.kim980@example.com,Rowan,Kim,(047) 450-6277,NRTH,4,2023-08-23,false
981,hayden.kim981@example.com,Hayden,Kim,0316664467,EAST,4,2023-11-08,false
982,hayden.osei982@example.com,Hayden,Osei,\N,SW  ,40,2023-10-26,false
983,hayden.patel983@example.com,Hayden,Patel, 035.239.5271 ,EAST,2,2023-03-25,false
984,riley.novak984@example.com,Riley,Novak,+1 (027) 518 - 5107,SW  ,9,2023-11-24,false
985,kendall.silva985@example.com,Kendall,Silva, 006.495.1915 ,SOTH,9,2023-08-31,false
986,emerson.mbeki986@example.com,Emerson,Mbeki,0158279275,SW  ,35,2023-08-28,false
987,skyler.tanaka987@example.com,Skyler,Tanaka, 072.831.9480 ,WEST,34,2023-02-14,false
988,jordan.costa988@example.com,Jordan,Costa, 068.779.0466 ,EAST,13,2024-09-01,true
989,parker.fischer989@example.com,Parker,Fischer,+1 (091) 483 - 7354,SOTH,39,2024-04-23,false
99,devon.nguyen99@example.com,Devon,Nguyen,(089) 760-3725,EAST,15,2024-08-17,false
990,rowan.silva990@example.com,Rowan,Silva,(097) 768-8134,EAST,30,2024-01-21,false
991,avery.osei991@example.com,Avery,Osei,0256644737,SOTH,30,2024-07-24,false
992,rowan.weber992@example.com,Rowan,Weber,+1 (000) 722 - 1330,SOTH,26,2023-01-08,true
993,avery.patel993@example.com,Avery,Patel,+1 (067) 789 - 0337,NRTH,19,2023-02-04,false
994,parker.novak994@example.com,Parker,Novak, 028.131.9126 ,WEST,12,2023-09-21,false
995,reese.silva995@example.com,Reese,Silva,(028) 109-3372,SOTH,2,2023-01-17,false
996,casey.weber996@example.com,Casey,Weber,0327568970,EAST,22,2023-07-06,false
997,emerson.silva997@example.com,Emerson,Silva,(094) 316-1757,NE  ,40,2023-04-03,false
998,casey.novak998@example.com,Casey,Novak,+1 (040) 185 - 3574,SOTH,35,2024-04-10,false
999,reese.garcia999@example.com,Reese,Garcia,+1 (057) 495 - 4759,SW  ,38,2024-09-05,false
