return_id,order_item_id,quantity,reason,returned_ts
1,13,1,late_delivery,2025-05-25 07:53:08
10,143,1,damaged,2025-11-23 06:41:15
100,1610,1,damaged,2025-09-19 15:27:35
1000,16879,1,wrong_item,2025-07-20 11:55:19
1001,16901,1,late_delivery,2025-02-07 07:39:50
1002,16922,1,changed_mind,2025-06-23 04:24:18
1003,16941,1,late_delivery,2025-05-08 05:52:28
1004,16944,1,wrong_item,2025-09-04 10:24:47
1005,16954,1,\N,2025-02-18 00:20:55
1006,16955,1,\N,2025-02-09 10:47:03
1007,16960,1,changed_mind,2025-04-14 08:15:30
1008,16973,1,wrong_item,2025-03-30 09:31:40
1009,16976,2,wrong_item,2025-08-20 07:28:38
101,1648,1,changed_mind,2025-04-29 05:01:40
1010,17000,1,changed_mind,2025-05-06 03:42:50
1011,17019,2,wrong_item,2025-11-08 02:37:43
1012,17040,1,changed_mind,2025-07-16 21:36:00
1013,17091,1,\N,2025-09-01 15:16:23
1014,17092,2,\N,2025-10-04 03:26:12
1015,17110,1,damaged,2025-06-08 23:33:18
1016,17128,1,damaged,2025-07-25 03:18:10
1017,17133,1,late_delivery,2025-05-11 15:49:17
1018,17144,1,damaged,2025-12-11 15:09:11
1019,17155,1,damaged,2025-09-15 18:22:12
102,1651,1,late_delivery,2025-11-11 13:33:29
1020,17163,1,changed_mind,2025-06-24 15:30:45
1021,17173,1,wrong_item,2025-07-15 15:20:58
1022,17189,1,damaged,2025-08-13 04:25:22
1023,17201,1,late_delivery,2025-08-05 07:44:19
1024,17230,1,changed_mind,2025-07-27 17:33:57
1025,17234,1,late_delivery,2025-05-06 03:09:26
1026,17266,1,wrong_item,2025-05-23 16:20:30
1027,17271,1,size,2025-09-05 02:58:54
1028,17288,1,wrong_item,2025-12-02 04:00:38
1029,17290,1,\N,2025-11-27 04:00:38
103,1652,1,changed_mind,2025-07-22 16:35:39
1030,17296,2,size,2025-03-04 21:14:21
1031,17315,1,size,2025-09-18 13:53:06
1032,17317,1,size,2025-09-19 13:53:06
1033,17318,1,changed_mind,2025-10-16 01:00:11
1034,17320,1,late_delivery,2025-06-12 08:12:47
1035,17337,1,changed_mind,2025-12-31 23:59:59
1036,17356,1,changed_mind,2025-11-07 17:34:18
1037,17359,1,\N,2025-02-16 12:47:47
1038,17369,1,changed_mind,2025-03-22 14:10:04
1039,17385,1,damaged,2025-03-01 11:24:40
104,1691,1,changed_mind,2025-08-19 01:59:06
1040,17404,1,damaged,2025-03-18 12:49:23
1041,17412,1,changed_mind,2025-03-31 10:27:29
1042,17418,1,wrong_item,2025-03-12 07:45:51
1043,17443,1,size,2025-12-20 18:29:24
1044,17456,1,damaged,2025-05-24 23:34:56
1045,17507,1,\N,2025-10-16 16:53:36
1046,17513,1,late_delivery,2025-01-26 11:39:37
1047,17519,1,size,2025-11-28 02:42:32
1048,17540,1,\N,2025-12-18 08:28:18
1049,17559,1,\N,2025-11-06 07:55:25
105,1758,1,size,2025-04-02 02:33:03
1050,17562,1,size,2025-06-13 13:00:23
1051,17603,1,size,2025-04-21 00:18:08
1052,17645,1,changed_mind,2025-05-17 20:14:58
1053,17650,1,changed_mind,2025-05-17 08:35:52
1054,17721,1,late_delivery,2025-05-18 04:19:23
1055,17779,1,changed_mind,2025-02-22 06:15:37
1056,17781,1,late_delivery,2025-02-08 06:15:37
1057,17811,1,wrong_item,2025-05-26 09:58:52
1058,17816,1,size,2025-05-14 12:12:35
1059,17857,1,wrong_item,2025-04-09 10:45:56
106,1761,1,damaged,2025-07-04 20:02:42
1060,17864,1,size,2025-10-03 08:31:42
1061,17868,1,damaged,2025-11-07 06:18:06
1062,17887,1,damaged,2025-08-07 00:21:32
1063,17916,1,late_delivery,2025-12-01 22:26:58
1064,17933,1,changed_mind,2025-02-05 23:03:19
1065,17934,1,damaged,2025-02-18 23:03:19
1066,17993,1,wrong_item,2025-12-31 23:59:59
1067,18025,1,late_delivery,2025-05-30 08:30:10
1068,18030,1,size,2025-03-24 11:17:55
1069,18035,1,size,2025-06-02 15:27:09
107,1784,1,size,2025-01-20 14:06:34
1070,18059,1,wrong_item,2025-01-13 08:24:50
1071,18075,1,late_delivery,2025-03-29 16:37:25
1072,18080,1,late_delivery,2025-07-26 03:19:06
1073,18115,1,damaged,2025-12-31 23:59:59
1074,18118,1,wrong_item,2025-08-12 18:15:46
1075,18121,1,late_delivery,2025-09-11 04:43:49
1076,18156,1,late_delivery,2025-07-02 22:52:35
1077,18178,1,\N,2025-09-30 10:10:27
1078,18180,1,damaged,2025-10-03 10:10:27
1079,18196,1,late_delivery,2025-10-05 04:06:48
108,1796,1,late_delivery,2025-10-10 06:28:21
1080,18204,1,damaged,2025-01-13 17:51:09
1081,18211,1,size,2025-12-01 07:40:44
1082,18222,1,wrong_item,2025-10-15 21:51:51
1083,18223,1,wrong_item,2025-09-29 21:51:51
1084,18260,1,damaged,2025-08-25 03:45:13
1085,18262,1,wrong_item,2025-01-31 07:24:59
1086,18275,1,damaged,2025-03-14 04:39:54
1087,18300,1,damaged,2025-11-27 08:07:20
1088,18332,1,damaged,2025-07-17 15:52:30
1089,18342,1,late_delivery,2025-04-05 03:39:12
109,1799,1,damaged,2025-03-12 17:49:50
1090,18374,1,changed_mind,2025-05-27 07:29:09
1091,18387,1,wrong_item,2025-02-05 01:41:05
1092,18396,1,wrong_item,2025-10-03 23:51:11
1093,18400,1,changed_mind,2025-07-06 10:06:17
1094,18403,1,\N,2025-12-15 17:09:28
1095,18411,1,size,2025-03-21 11:57:10
1096,18424,2,damaged,2025-12-09 06:10:06
1097,18446,1,size,2025-01-15 03:34:08
1098,18459,1,size,2025-08-13 22:06:14
1099,18471,1,wrong_item,2025-02-13 03:51:11
11,148,2,wrong_item,2025-11-14 18:37:22
110,1890,1,size,2025-07-03 13:39:47
1100,18499,1,wrong_item,2025-11-15 11:07:36
1101,18501,1,wrong_item,2025-04-02 18:36:01
1102,18505,1,\N,2025-02-05 14:45:57
1103,18562,1,wrong_item,2025-07-11 14:36:55
1104,18569,1,wrong_item,2025-03-28 02:09:24
1105,18579,1,size,2025-11-13 07:01:07
1106,18604,1,wrong_item,2025-04-01 18:59:31
1107,18607,1,wrong_item,2025-12-31 23:59:59
1108,18610,1,size,2025-09-07 05:05:05
1109,18628,1,\N,2025-11-09 07:34:44
111,1895,1,wrong_item,2025-03-27 02:29:33
1110,18630,1,size,2025-04-29 09:56:01
1111,18687,1,wrong_item,2025-03-16 23:59:00
1112,18701,1,\N,2025-08-22 09:19:08
1113,18715,1,damaged,2025-11-20 19:08:07
1114,18717,1,changed_mind,2025-08-18 08:12:01
1115,18724,1,damaged,2025-09-26 00:56:01
1116,18727,1,wrong_item,2025-04-21 13:07:10
1117,18766,1,changed_mind,2025-10-17 16:56:49
1118,18768,1,size,2025-09-25 17:49:26
1119,18780,1,damaged,2025-07-20 04:14:20
112,1898,1,changed_mind,2025-02-20 01:01:42
1120,18802,1,\N,2025-02-13 21:27:35
1121,18804,1,\N,2025-12-13 06:14:53
1122,18805,1,damaged,2025-05-10 10:28:29
1123,18809,1,size,2025-06-25 13:13:58
1124,18837,1,size,2025-11-26 16:55:08
1125,18866,1,late_delivery,2025-07-07 12:54:42
1126,18915,1,size,2025-12-16 23:21:32
1127,18920,1,wrong_item,2025-10-12 12:01:41
1128,18953,1,damaged,2025-04-19 17:56:22
1129,18964,1,\N,2025-11-06 21:24:37
113,1935,1,damaged,2025-01-10 16:21:54
1130,18965,1,damaged,2025-06-05 10:39:43
1131,19033,1,wrong_item,2025-07-06 20:02:05
1132,19047,1,wrong_item,2025-11-09 09:27:46
1133,19054,1,late_delivery,2025-09-16 04:06:53
1134,19057,1,wrong_item,2025-10-11 07:37:09
1135,19084,1,\N,2025-09-26 14:27:16
1136,19128,1,wrong_item,2025-11-20 08:26:29
1137,19129,1,late_delivery,2025-11-02 08:26:29
1138,19135,1,wrong_item,2025-10-19 12:29:31
1139,19148,1,late_delivery,2025-02-10 03:28:04
114,1941,1,late_delivery,2025-04-07 23:32:06
1140,19188,1,wrong_item,2025-09-30 06:41:50
1141,19232,1,late_delivery,2025-08-27 22:12:23
1142,19244,1,damaged,2025-04-09 06:50:35
1143,19247,1,late_delivery,2025-12-31 23:59:59
1144,19265,1,wrong_item,2025-11-18 19:52:00
1145,19266,1,size,2025-12-12 09:08:19
1146,19276,1,changed_mind,2025-05-15 16:10:33
1147,19332,1,changed_mind,2025-03-17 00:04:34
1148,19345,1,late_delivery,2025-10-08 12:17:13
1149,19354,1,\N,2025-04-13 10:30:17
115,1969,1,wrong_item,2025-10-02 23:00:19
1150,19362,1,late_delivery,2025-03-16 23:00:23
1151,19369,1,\N,2025-07-15 17:30:16
1152,19376,1,late_delivery,2025-05-23 08:26:29
1153,19377,2,late_delivery,2025-02-09 23:31:38
1154,19381,1,late_delivery,2025-11-26 15:35:46
1155,19413,1,\N,2025-12-13 09:56:26
1156,19418,1,wrong_item,2025-09-01 17:32:17
1157,19482,1,wrong_item,2025-12-24 03:38:44
1158,19513,1,late_delivery,2025-12-13 00:24:33
1159,19522,1,late_delivery,2025-05-23 17:52:43
116,1990,1,\N,2025-12-06 03:49:40
1160,19523,1,\N,2025-06-12 17:52:43
1161,19531,1,size,2025-10-27 16:34:20
1162,19534,1,changed_mind,2025-08-21 00:25:30
1163,19553,1,changed_mind,2025-02-02 12:18:50
1164,19586,1,changed_mind,2025-08-04 00:06:10
1165,19613,1,\N,2025-11-14 03:01:20
1166,19625,1,size,2025-11-22 10:25:35
1167,19659,2,late_delivery,2025-04-18 06:07:19
1168,19700,1,size,2025-09-26 00:48:49
1169,19723,1,late_delivery,2025-02-27 01:45:48
117,2002,1,late_delivery,2025-01-10 11:15:58
1170,19727,1,size,2025-12-31 23:59:59
1171,19748,1,changed_mind,2025-07-19 22:51:01
1172,19769,1,late_delivery,2025-07-24 21:47:16
1173,19774,1,late_delivery,2025-12-10 14:03:20
1174,19789,1,\N,2025-09-16 14:23:34
1175,19799,1,damaged,2025-05-17 21:35:45
1176,19807,1,size,2025-06-21 17:53:08
1177,19888,2,damaged,2025-08-01 01:30:43
1178,19898,1,changed_mind,2025-06-04 22:31:15
1179,19904,1,damaged,2025-05-26 17:05:22
118,2018,1,changed_mind,2025-06-30 20:13:19
1180,19952,1,size,2025-11-12 15:00:53
1181,19957,1,damaged,2025-04-27 05:24:31
1182,19962,1,changed_mind,2025-06-17 09:41:46
1183,19969,1,late_delivery,2025-08-16 18:53:32
1184,19975,1,damaged,2025-11-19 21:35:43
1185,19989,1,size,2025-01-23 13:24:28
1186,19992,1,wrong_item,2025-10-08 15:58:43
1187,19993,1,\N,2025-09-04 20:40:07
1188,20013,1,size,2025-08-14 19:44:14
1189,20015,2,size,2025-08-12 19:44:14
119,2020,1,\N,2025-11-15 22:43:25
1190,20048,1,\N,2025-05-31 23:17:39
1191,20060,1,changed_mind,2025-02-28 19:56:01
1192,20068,1,size,2025-11-22 13:12:54
1193,20073,1,size,2025-06-13 05:52:12
1194,20081,1,wrong_item,2025-08-14 19:11:17
1195,20085,1,\N,2025-01-24 06:41:00
1196,20093,1,changed_mind,2025-02-06 01:39:12
1197,20109,1,size,2025-09-27 20:31:15
1198,20116,1,wrong_item,2025-10-19 16:14:45
1199,20122,1,damaged,2025-12-31 23:59:59
12,196,1,late_delivery,2025-12-23 02:41:07
120,2044,3,late_delivery,2025-06-11 06:37:31
1200,20134,1,wrong_item,2025-06-15 19:36:13
1201,20135,1,changed_mind,2025-02-19 15:59:59
1202,20139,1,damaged,2025-09-29 18:30:14
1203,20149,1,wrong_item,2025-08-14 02:15:35
1204,20173,1,\N,2025-08-09 06:46:43
1205,20268,1,\N,2025-07-03 19:16:38
1206,20283,1,late_delivery,2025-08-13 04:55:11
1207,20300,1,late_delivery,2025-08-20 20:39:04
1208,20329,1,\N,2025-04-22 04:20:24
1209,20346,1,late_delivery,2025-09-21 16:09:42
121,2071,1,size,2025-03-19 22:45:07
1210,20381,1,size,2025-05-23 20:05:45
1211,20435,1,late_delivery,2025-02-04 15:04:57
1212,20505,1,\N,2025-04-15 13:45:17
1213,20517,1,late_delivery,2025-08-31 23:32:04
1214,20530,1,wrong_item,2025-09-13 05:46:50
1215,20544,1,size,2025-07-28 12:16:07
1216,20572,1,damaged,2025-10-01 04:52:18
1217,20587,1,changed_mind,2025-05-07 06:23:38
1218,20588,1,damaged,2025-05-01 06:23:38
1219,20595,1,\N,2025-12-30 14:25:05
122,2091,1,\N,2025-02-20 13:40:58
1220,20607,1,wrong_item,2025-11-23 04:34:03
1221,20624,1,size,2025-09-06 09:53:35
1222,20670,1,changed_mind,2025-02-19 08:10:34
1223,20673,1,late_delivery,2025-02-14 08:10:34
1224,20676,1,late_delivery,2025-02-27 00:00:09
1225,20684,1,changed_mind,2025-09-15 19:51:11
1226,20687,1,late_delivery,2025-03-13 21:16:19
1227,20697,1,wrong_item,2025-12-31 23:59:59
1228,20702,1,changed_mind,2025-08-16 10:56:07
1229,20711,1,late_delivery,2025-08-18 15:50:31
123,2093,1,size,2025-02-25 13:40:58
1230,20720,1,size,2025-09-29 11:43:29
1231,20741,1,changed_mind,2025-12-02 04:51:21
1232,20769,1,\N,2025-06-09 18:47:38
1233,20780,1,changed_mind,2025-08-02 10:55:17
1234,20799,1,changed_mind,2025-12-14 15:13:46
1235,20803,1,damaged,2025-09-13 05:38:16
1236,20813,1,changed_mind,2025-12-25 01:15:21
1237,20819,1,damaged,2025-11-19 21:35:35
1238,20820,1,size,2025-11-02 21:35:35
1239,20842,1,damaged,2025-06-12 18:37:21
124,2104,1,wrong_item,2025-09-08 04:26:19
1240,20867,1,changed_mind,2025-10-16 23:54:03
1241,20873,1,wrong_item,2025-11-21 08:35:08
1242,20883,1,late_delivery,2025-03-08 14:53:39
1243,20898,1,wrong_item,2025-08-17 10:36:07
1244,20913,1,size,2025-12-19 18:20:20
1245,20932,1,late_delivery,2025-08-25 05:12:55
1246,20965,1,size,2025-01-30 18:19:33
1247,20980,1,changed_mind,2025-09-02 14:20:06
1248,20986,1,\N,2025-08-23 12:11:09
1249,21013,1,damaged,2025-12-31 23:59:59
125,2145,1,late_delivery,2025-11-23 16:40:42
1250,21023,1,late_delivery,2025-08-31 22:40:40
1251,21062,1,late_delivery,2025-12-09 02:48:22
1252,21080,1,wrong_item,2025-03-20 23:38:38
1253,21125,1,wrong_item,2025-08-27 05:29:04
1254,21145,1,changed_mind,2025-06-26 02:54:21
1255,21167,1,\N,2025-05-11 08:07:31
1256,21169,1,wrong_item,2025-03-07 22:44:47
1257,21174,1,\N,2025-08-10 13:49:08
1258,21187,1,wrong_item,2025-02-12 02:31:29
1259,21220,1,late_delivery,2025-10-27 01:57:41
126,2150,1,damaged,2025-04-19 17:14:48
1260,21246,1,changed_mind,2025-05-23 22:43:48
1261,21280,1,changed_mind,2025-11-06 14:51:47
1262,21283,1,damaged,2025-01-31 16:46:41
1263,21286,1,changed_mind,2025-03-16 06:32:26
1264,21302,1,late_delivery,2025-10-10 06:39:57
1265,21305,1,changed_mind,2025-03-17 18:06:32
1266,21338,1,damaged,2025-11-29 06:28:44
1267,21363,1,\N,2025-11-18 04:58:45
1268,21365,1,\N,2025-11-22 04:58:45
1269,21369,1,changed_mind,2025-01-20 01:40:44
127,2186,1,damaged,2025-10-12 09:41:26
1270,21378,1,late_delivery,2025-04-29 16:00:05
1271,21382,2,wrong_item,2025-06-16 13:40:12
1272,21391,1,\N,2025-04-03 10:32:49
1273,21398,1,\N,2025-09-20 03:55:38
1274,21433,1,size,2025-05-23 21:58:55
1275,21435,1,late_delivery,2025-06-17 15:33:21
1276,21436,1,late_delivery,2025-06-24 15:33:21
1277,21449,1,size,2025-09-08 16:47:39
1278,21450,1,\N,2025-09-01 16:47:39
1279,21451,1,size,2025-11-21 01:18:52
128,2196,1,late_delivery,2025-08-07 05:18:10
1280,21489,1,\N,2025-05-15 11:28:20
1281,21495,1,\N,2025-02-18 18:11:44
1282,21503,1,\N,2025-02-05 17:23:16
1283,21510,1,late_delivery,2025-09-19 08:00:15
1284,21526,1,damaged,2025-10-20 08:12:47
1285,21529,1,size,2025-03-27 20:55:08
1286,21544,1,size,2025-09-16 16:53:50
1287,21561,3,wrong_item,2025-01-23 20:10:26
1288,21566,1,size,2025-04-26 02:22:26
1289,21595,1,changed_mind,2025-07-12 22:50:57
129,2210,1,changed_mind,2025-04-10 18:28:29
1290,21596,1,wrong_item,2025-11-04 23:37:44
1291,21608,1,damaged,2025-10-22 16:03:25
1292,21624,1,damaged,2025-06-09 23:13:44
1293,21637,1,wrong_item,2025-04-28 17:34:35
1294,21685,1,late_delivery,2025-06-17 08:20:43
1295,21707,1,damaged,2025-11-13 14:17:12
1296,21720,1,wrong_item,2025-04-18 09:19:45
1297,21727,1,changed_mind,2025-02-13 01:34:38
1298,21750,1,size,2025-12-30 08:14:37
1299,21758,2,\N,2025-09-23 09:01:18
13,224,1,wrong_item,2025-11-24 04:06:57
130,2229,1,late_delivery,2025-10-02 13:07:48
1300,21760,1,damaged,2025-06-12 07:20:38
1301,21767,1,changed_mind,2025-04-11 07:20:51
1302,21778,1,changed_mind,2025-10-30 19:46:00
1303,21810,1,wrong_item,2025-06-15 01:55:26
1304,21817,1,damaged,2025-04-05 16:55:46
1305,21864,1,late_delivery,2025-06-17 03:52:47
1306,21882,1,damaged,2025-06-30 10:34:53
1307,21903,1,damaged,2025-10-23 09:41:12
1308,21912,1,damaged,2025-01-23 06:55:51
1309,21927,1,late_delivery,2025-11-08 10:15:26
131,2263,1,size,2025-10-30 15:49:20
1310,21941,1,\N,2025-07-08 08:18:44
1311,21956,1,late_delivery,2025-01-05 00:07:17
1312,21975,1,wrong_item,2025-11-29 15:37:25
1313,22036,1,wrong_item,2025-08-06 07:13:03
1314,22043,1,late_delivery,2025-12-31 23:59:59
1315,22047,1,size,2025-08-24 23:15:59
1316,22056,1,damaged,2025-07-10 20:48:37
1317,22057,1,\N,2025-07-21 20:48:37
1318,22066,1,wrong_item,2025-08-26 10:42:30
1319,22073,1,\N,2025-10-14 10:27:18
132,2286,1,damaged,2025-01-13 18:48:58
1320,22074,1,wrong_item,2025-10-11 10:27:18
1321,22084,1,\N,2025-02-27 00:50:22
1322,22085,1,changed_mind,2025-02-15 00:50:22
1323,22096,1,\N,2025-02-10 08:08:04
1324,22097,1,late_delivery,2025-06-11 23:21:14
1325,22100,1,\N,2025-12-05 04:11:20
1326,22117,1,damaged,2025-08-01 21:12:30
1327,22127,1,changed_mind,2025-10-09 18:40:51
1328,22132,1,late_delivery,2025-12-01 08:18:43
1329,22147,3,\N,2025-12-13 03:07:50
133,2323,1,late_delivery,2025-07-25 20:35:59
1330,22165,1,\N,2025-05-25 14:31:54
1331,22184,1,wrong_item,2025-01-25 09:18:41
1332,22186,1,size,2025-06-16 21:00:19
1333,22191,1,wrong_item,2025-12-21 07:11:52
1334,22202,1,late_delivery,2025-03-01 13:58:15
1335,22229,1,wrong_item,2025-07-21 09:59:25
1336,22255,1,\N,2025-11-29 00:00:46
1337,22278,1,changed_mind,2025-07-03 20:26:31
1338,22288,1,wrong_item,2025-01-10 19:33:16
1339,22317,1,damaged,2025-07-19 00:32:25
134,2331,1,changed_mind,2025-09-30 06:57:09
1340,22341,1,\N,2025-03-09 05:54:03
1341,22343,1,damaged,2025-12-06 03:41:57
1342,22367,1,wrong_item,2025-09-25 13:00:09
1343,22397,1,\N,2025-04-06 23:12:11
1344,22398,1,late_delivery,2025-04-06 23:12:11
1345,22399,1,wrong_item,2025-03-07 05:34:53
1346,22417,1,wrong_item,2025-08-21 16:30:24
1347,22422,1,\N,2025-11-27 12:25:55
1348,22428,1,changed_mind,2025-12-10 02:26:03
1349,22456,1,wrong_item,2025-09-26 06:36:26
135,2332,2,damaged,2025-07-12 16:53:11
1350,22469,1,\N,2025-05-09 02:31:59
1351,22484,1,\N,2025-10-22 18:33:08
1352,22486,1,late_delivery,2025-10-27 12:04:14
1353,22502,1,wrong_item,2025-04-10 15:00:52
1354,22508,1,changed_mind,2025-08-28 17:36:19
1355,22514,1,changed_mind,2025-09-05 23:35:46
1356,22543,1,\N,2025-07-30 11:08:22
1357,22549,1,\N,2025-12-17 10:09:07
1358,22561,1,late_delivery,2025-09-04 22:57:08
1359,22573,1,\N,2025-10-23 21:36:30
136,2337,3,changed_mind,2025-10-09 23:38:23
1360,22574,2,\N,2025-08-01 15:57:59
1361,22622,1,wrong_item,2025-05-27 20:46:47
1362,22635,1,damaged,2025-03-23 00:26:33
1363,22643,1,wrong_item,2025-11-30 05:24:12
1364,22644,1,changed_mind,2025-12-31 23:59:59
1365,22668,1,changed_mind,2025-08-12 18:50:53
1366,22709,2,wrong_item,2025-12-31 23:59:59
1367,22722,1,\N,2025-01-22 04:13:14
1368,22732,1,late_delivery,2025-05-19 20:56:43
1369,22754,3,size,2025-11-13 07:43:33
137,2409,1,damaged,2025-07-01 08:25:59
1370,22781,1,damaged,2025-11-11 18:51:32
1371,22789,1,wrong_item,2025-10-21 05:53:03
1372,22842,1,size,2025-03-24 15:52:49
1373,22855,1,size,2025-11-25 02:25:51
1374,22860,1,size,2025-12-26 19:29:09
1375,22870,1,wrong_item,2025-11-16 00:04:55
1376,22883,1,damaged,2025-09-06 19:29:48
1377,22886,1,wrong_item,2025-05-04 03:39:05
1378,22909,1,wrong_item,2025-03-12 00:15:05
1379,22915,1,\N,2025-01-27 08:56:31
138,2416,1,changed_mind,2025-07-09 09:31:29
1380,22917,1,wrong_item,2025-02-22 04:41:54
1381,22934,1,\N,2025-02-07 06:22:05
1382,22939,1,changed_mind,2025-07-22 15:37:00
1383,22996,1,changed_mind,2025-09-16 05:57:32
1384,23004,1,late_delivery,2025-06-06 05:29:00
1385,23009,1,wrong_item,2025-12-20 18:41:47
1386,23013,1,late_delivery,2025-05-19 16:29:04
1387,23034,1,wrong_item,2025-03-05 05:13:26
1388,23064,1,size,2025-09-11 06:16:23
1389,23068,1,wrong_item,2025-10-15 10:54:49
139,2444,1,\N,2025-04-11 09:08:44
1390,23084,1,damaged,2025-05-16 22:07:08
1391,23114,1,size,2025-07-06 00:46:47
1392,23127,1,changed_mind,2025-02-07 10:32:46
1393,23135,1,wrong_item,2025-06-27 21:57:14
1394,23152,1,late_delivery,2025-09-25 00:15:04
1395,23171,1,changed_mind,2025-04-25 02:21:36
1396,23196,1,changed_mind,2025-12-31 23:59:59
1397,23210,1,\N,2025-04-10 11:01:17
1398,23211,1,size,2025-08-07 11:48:09
1399,23238,1,damaged,2025-12-20 05:44:47
14,227,1,changed_mind,2025-05-18 21:13:12
140,2468,1,\N,2025-11-03 12:38:10
1400,23243,1,size,2025-07-02 18:36:05
1401,23246,1,late_delivery,2025-10-12 18:22:19
1402,23253,1,size,2025-11-19 21:32:40
1403,23254,1,damaged,2025-09-27 11:16:14
1404,23278,1,damaged,2025-09-03 03:02:52
1405,23282,1,changed_mind,2025-02-11 15:53:14
1406,23362,1,damaged,2025-08-01 11:37:15
1407,23364,1,\N,2025-12-24 22:58:12
1408,23377,1,size,2025-03-31 21:03:27
1409,23388,1,damaged,2025-11-28 16:57:38
141,2469,1,late_delivery,2025-08-09 17:37:38
1410,23392,1,wrong_item,2025-06-03 10:14:56
1411,23421,1,\N,2025-03-17 16:52:00
1412,23428,1,late_delivery,2025-12-12 02:26:34
1413,23447,1,\N,2025-11-13 06:11:53
1414,23465,1,changed_mind,2025-09-12 22:00:08
1415,23478,1,late_delivery,2025-05-03 12:51:23
1416,23487,1,\N,2025-06-13 01:46:47
1417,23491,1,damaged,2025-04-08 02:57:20
1418,23504,1,wrong_item,2025-07-18 14:24:29
1419,23511,1,changed_mind,2025-09-03 17:35:48
142,2488,2,late_delivery,2025-11-21 11:59:44
1420,23512,1,wrong_item,2025-08-18 17:35:48
1421,23525,1,late_delivery,2025-12-31 23:59:59
1422,23551,1,wrong_item,2025-04-24 06:45:24
1423,23562,1,size,2025-02-21 05:15:20
1424,23608,1,changed_mind,2025-05-19 18:22:08
1425,23641,1,wrong_item,2025-10-31 22:50:10
1426,23691,1,\N,2025-07-01 06:53:44
1427,23723,1,changed_mind,2025-10-27 22:59:57
1428,23728,1,wrong_item,2025-04-08 17:14:13
1429,23749,3,wrong_item,2025-11-10 08:39:55
143,2500,1,changed_mind,2025-09-08 18:26:59
1430,23750,1,\N,2025-12-03 08:39:55
1431,23763,1,late_delivery,2025-05-12 08:26:06
1432,23768,3,damaged,2025-01-26 07:29:35
1433,23774,1,\N,2025-11-14 21:39:33
1434,23781,1,wrong_item,2025-09-11 16:43:10
1435,23791,1,damaged,2025-06-09 16:35:17
1436,23804,1,changed_mind,2025-03-21 07:55:07
1437,23828,1,changed_mind,2025-04-18 07:12:00
1438,23836,1,damaged,2025-05-07 12:39:26
1439,23929,1,size,2025-12-08 04:49:55
144,2521,1,damaged,2025-03-06 12:51:40
1440,23971,1,late_delivery,2025-08-01 23:12:36
1441,24025,1,late_delivery,2025-09-03 10:36:37
1442,24028,1,size,2025-09-14 10:36:37
1443,24029,1,late_delivery,2025-12-19 05:42:04
1444,24043,1,wrong_item,2025-02-08 19:42:46
1445,24054,1,size,2025-11-29 12:30:29
1446,24117,1,damaged,2025-06-19 18:59:08
1447,24124,1,changed_mind,2025-03-23 12:04:51
1448,24148,1,size,2025-06-26 00:42:42
1449,24161,1,changed_mind,2025-05-25 18:10:16
145,2525,1,\N,2025-01-25 17:54:22
1450,24166,1,\N,2025-05-06 08:52:17
1451,24178,1,wrong_item,2025-10-25 17:57:10
1452,24188,1,\N,2025-08-12 20:01:22
1453,24200,1,damaged,2025-03-31 05:46:55
1454,24233,1,changed_mind,2025-03-19 10:53:19
1455,24234,1,size,2025-06-16 22:17:57
1456,24242,1,size,2025-07-19 15:31:10
1457,24248,1,damaged,2025-11-15 23:49:12
1458,24250,1,size,2025-12-13 13:24:27
1459,24253,1,wrong_item,2025-02-20 04:17:45
146,2528,1,changed_mind,2025-01-27 17:54:22
1460,24268,1,\N,2025-06-29 20:23:32
1461,24293,1,wrong_item,2025-12-31 23:59:59
1462,24318,1,size,2025-01-29 05:59:44
1463,24337,1,damaged,2025-01-19 11:42:15
1464,24345,1,damaged,2025-07-19 18:42:58
1465,24357,1,late_delivery,2025-07-06 21:38:22
1466,24363,1,wrong_item,2025-07-07 20:38:58
1467,24373,2,late_delivery,2025-04-22 07:49:15
1468,24422,1,wrong_item,2025-08-18 01:43:12
1469,24431,1,wrong_item,2025-10-30 05:59:12
147,2547,1,size,2025-09-24 15:51:43
1470,24448,1,changed_mind,2025-08-12 03:01:46
1471,24453,1,damaged,2025-11-13 17:06:11
1472,24470,1,damaged,2025-03-24 01:07:58
1473,24474,1,\N,2025-05-03 14:57:20
1474,24501,1,changed_mind,2025-11-23 06:41:16
1475,24521,1,late_delivery,2025-06-03 00:03:56
1476,24534,1,\N,2025-08-24 19:28:16
1477,24552,1,size,2025-09-18 06:25:18
1478,24561,1,changed_mind,2025-02-20 12:20:36
1479,24563,1,changed_mind,2025-02-13 12:20:36
148,2548,1,damaged,2025-10-02 15:51:43
1480,24570,1,changed_mind,2025-11-11 03:54:55
1481,24586,1,late_delivery,2025-04-27 16:00:38
1482,24602,1,size,2025-06-25 18:40:00
1483,24659,1,\N,2025-06-03 23:41:53
1484,24675,1,damaged,2025-04-26 03:32:29
1485,24686,1,size,2025-08-20 05:56:04
1486,24712,1,late_delivery,2025-08-05 11:42:52
1487,24719,1,wrong_item,2025-09-16 14:20:14
1488,24741,1,wrong_item,2025-08-25 13:00:19
1489,24766,1,\N,2025-07-28 10:18:15
149,2581,1,wrong_item,2025-06-11 23:37:39
1490,24778,1,changed_mind,2025-07-10 07:59:49
1491,24787,1,wrong_item,2025-02-26 18:42:00
1492,24791,1,wrong_item,2025-07-21 12:41:54
1493,24817,1,changed_mind,2025-12-14 13:11:03
1494,24869,1,wrong_item,2025-04-26 16:17:20
1495,24872,1,damaged,2025-05-09 06:46:17
1496,24931,1,\N,2025-05-28 04:40:58
1497,24943,1,changed_mind,2025-04-28 18:35:13
1498,24946,2,damaged,2025-07-26 14:01:35
1499,24968,1,late_delivery,2025-12-23 17:56:20
15,265,1,changed_mind,2025-10-22 15:58:33
150,2582,1,size,2025-06-15 23:37:39
1500,24973,1,\N,2025-05-18 18:10:37
1501,24976,1,changed_mind,2025-05-11 04:12:35
1502,24991,1,size,2025-12-12 18:22:57
1503,24992,1,wrong_item,2025-12-03 18:22:57
1504,25001,1,changed_mind,2025-11-14 09:44:40
1505,25002,1,\N,2025-03-30 14:23:41
1506,25006,1,size,2025-08-07 17:19:58
1507,25048,1,damaged,2025-06-28 08:41:50
1508,25049,1,late_delivery,2025-06-25 08:41:50
1509,25053,1,size,2025-08-21 20:03:37
151,2596,1,damaged,2025-05-12 18:50:06
1510,25068,1,late_delivery,2025-12-06 04:27:01
1511,25111,1,changed_mind,2025-08-13 09:07:17
1512,25125,1,damaged,2025-03-26 02:30:40
1513,25130,1,late_delivery,2025-10-06 01:02:13
1514,25133,1,late_delivery,2025-02-28 22:05:59
1515,25136,1,changed_mind,2025-05-20 11:21:31
1516,25141,2,wrong_item,2025-09-23 03:29:37
1517,25155,1,wrong_item,2025-12-31 23:59:59
1518,25158,1,wrong_item,2025-07-30 02:31:45
1519,25206,1,damaged,2025-09-16 21:23:21
152,2598,1,changed_mind,2025-09-10 17:43:03
1520,25229,1,damaged,2025-07-27 01:17:45
1521,25230,1,damaged,2025-08-04 01:17:45
1522,25241,1,damaged,2025-09-13 19:32:53
1523,25248,1,\N,2025-10-03 01:36:28
1524,25252,1,\N,2025-02-01 18:35:15
1525,25283,1,late_delivery,2025-07-18 19:11:47
1526,25308,1,changed_mind,2025-11-22 07:24:01
1527,25338,1,\N,2025-05-01 23:25:34
1528,25346,1,wrong_item,2025-09-17 10:42:01
1529,25347,1,changed_mind,2025-11-12 21:24:40
153,2616,1,wrong_item,2025-12-01 16:53:04
1530,25368,1,changed_mind,2025-12-31 23:59:59
1531,25380,1,\N,2025-07-09 17:42:44
1532,25391,1,damaged,2025-09-16 09:56:53
1533,25395,1,late_delivery,2025-06-24 21:32:24
1534,25396,1,\N,2025-06-15 01:03:25
1535,25397,1,size,2025-06-25 01:03:25
1536,25410,1,late_delivery,2025-06-01 12:24:18
1537,25420,1,late_delivery,2025-07-31 23:08:32
1538,25423,1,changed_mind,2025-07-06 02:48:58
1539,25478,1,late_delivery,2025-09-30 10:28:17
154,2637,1,changed_mind,2025-06-10 16:50:03
1540,25487,1,changed_mind,2025-09-10 21:19:12
1541,25545,1,wrong_item,2025-04-05 20:41:40
1542,25553,1,size,2025-03-03 23:54:06
1543,25578,1,size,2025-06-30 00:34:51
1544,25597,1,\N,2025-07-21 19:43:23
1545,25604,1,\N,2025-08-05 23:37:47
1546,25662,1,damaged,2025-06-12 15:51:43
1547,25703,1,wrong_item,2025-06-04 05:32:48
1548,25717,2,size,2025-10-26 21:26:37
1549,25736,1,damaged,2025-08-04 23:27:08
155,2647,1,late_delivery,2025-02-15 11:16:43
1550,25741,1,wrong_item,2025-06-22 18:06:39
1551,25744,1,wrong_item,2025-02-24 22:13:25
1552,25761,1,size,2025-07-07 02:16:27
1553,25772,1,changed_mind,2025-09-01 07:41:55
1554,25786,1,late_delivery,2025-03-13 03:50:25
1555,25788,1,wrong_item,2025-08-01 13:16:31
1556,25798,1,size,2025-04-24 09:37:17
1557,25823,1,changed_mind,2025-05-26 20:33:06
1558,25825,1,changed_mind,2025-09-10 18:52:23
1559,25849,1,wrong_item,2025-11-26 09:32:10
156,2657,1,changed_mind,2025-05-03 20:51:49
1560,25859,1,wrong_item,2025-09-21 00:54:36
1561,25868,1,late_delivery,2025-12-08 14:46:40
1562,25880,1,changed_mind,2025-04-20 07:56:07
1563,25968,1,damaged,2025-08-26 17:49:13
1564,25974,1,changed_mind,2025-03-21 00:18:12
1565,25980,1,late_delivery,2025-10-27 22:39:35
1566,25998,1,\N,2025-12-08 03:52:24
1567,26004,1,wrong_item,2025-09-16 08:39:55
1568,26025,1,changed_mind,2025-11-26 13:50:36
1569,26027,1,changed_mind,2025-03-21 02:30:32
157,2682,1,wrong_item,2025-11-18 01:41:05
1570,26039,1,late_delivery,2025-05-08 04:27:42
1571,26060,1,\N,2025-08-06 20:44:12
1572,26067,1,size,2025-07-08 16:19:50
1573,26090,2,damaged,2025-05-17 14:00:50
1574,26102,1,\N,2025-12-31 23:59:59
1575,26103,1,wrong_item,2025-10-26 23:22:46
1576,26116,1,damaged,2025-04-17 11:33:16
1577,26137,1,changed_mind,2025-10-18 10:29:48
1578,26151,1,wrong_item,2025-09-04 22:00:58
1579,26155,1,size,2025-09-03 01:55:48
158,2689,1,changed_mind,2025-10-14 17:24:39
1580,26163,1,late_delivery,2025-05-18 04:23:54
1581,26182,1,changed_mind,2025-03-20 23:20:01
1582,26212,1,late_delivery,2025-06-19 16:48:29
1583,26229,1,damaged,2025-07-10 03:41:10
1584,26244,1,\N,2025-04-10 20:52:16
1585,26258,1,size,2025-05-15 09:12:17
1586,26260,1,\N,2025-10-17 08:59:29
1587,26305,1,damaged,2025-04-04 05:49:09
1588,26325,1,late_delivery,2025-07-14 10:00:11
1589,26338,1,size,2025-08-27 14:03:35
159,2704,1,damaged,2025-10-11 08:21:32
1590,26346,1,wrong_item,2025-09-18 04:34:35
1591,26358,1,changed_mind,2025-05-21 01:58:41
1592,26372,1,size,2025-08-14 20:12:45
1593,26377,1,late_delivery,2025-04-01 14:23:54
1594,26402,1,wrong_item,2025-09-28 13:41:16
1595,26403,1,late_delivery,2025-11-02 10:32:12
1596,26416,1,wrong_item,2025-07-22 08:22:40
1597,26454,1,changed_mind,2025-09-22 23:23:29
1598,26456,1,size,2025-06-10 07:55:07
1599,26468,1,wrong_item,2025-04-10 11:59:33
16,307,1,\N,2025-08-03 03:04:54
160,2722,1,size,2025-02-16 00:50:05
1600,26479,1,size,2025-05-09 19:00:15
1601,26486,1,late_delivery,2025-05-04 23:30:24
1602,26489,1,wrong_item,2025-09-18 23:01:27
1603,26493,1,wrong_item,2025-11-23 19:22:40
1604,26509,1,late_delivery,2025-12-26 12:04:12
1605,26514,1,late_delivery,2025-11-20 05:03:38
1606,26548,1,damaged,2025-06-25 10:36:51
1607,26580,1,damaged,2025-02-05 11:15:39
1608,26603,1,wrong_item,2025-05-06 00:30:04
1609,26618,3,\N,2025-07-05 01:59:05
161,2742,1,damaged,2025-10-25 05:00:36
1610,26622,1,changed_mind,2025-05-09 14:54:20
1611,26625,1,\N,2025-11-05 06:12:57
1612,26651,1,size,2025-02-27 07:25:37
1613,26663,1,late_delivery,2025-12-12 23:22:37
1614,26669,1,size,2025-03-13 07:53:25
1615,26675,1,size,2025-07-12 20:42:12
1616,26687,1,\N,2025-07-12 08:11:58
1617,26698,1,damaged,2025-12-19 21:13:07
1618,26701,2,late_delivery,2025-12-31 23:59:59
1619,26710,1,changed_mind,2025-02-27 16:28:58
162,2755,1,size,2025-09-22 16:05:23
1620,26712,1,wrong_item,2025-08-13 08:58:09
1621,26718,1,size,2025-09-12 12:56:47
1622,26726,1,wrong_item,2025-12-28 04:59:08
1623,26741,1,changed_mind,2025-09-25 19:33:01
1624,26761,1,size,2025-04-09 18:47:14
1625,26768,1,late_delivery,2025-05-31 18:36:08
1626,26787,1,\N,2025-12-12 20:38:09
1627,26795,1,wrong_item,2025-07-13 08:07:10
1628,26820,2,damaged,2025-08-17 13:23:30
1629,26851,1,changed_mind,2025-05-22 20:11:29
163,2757,1,wrong_item,2025-10-08 13:48:24
1630,26870,1,wrong_item,2025-09-23 22:19:24
1631,26881,1,\N,2025-03-06 04:57:19
1632,26885,1,wrong_item,2025-02-15 16:41:11
1633,26896,1,size,2025-10-27 04:44:28
1634,26914,1,late_delivery,2025-11-01 06:37:56
1635,26922,1,size,2025-01-26 15:25:37
1636,26924,1,size,2025-07-20 02:16:30
1637,26932,1,late_delivery,2025-07-27 16:25:50
1638,26935,1,changed_mind,2025-08-29 15:15:44
1639,26943,1,size,2025-12-31 23:59:59
164,2760,1,wrong_item,2025-07-14 12:57:57
1640,26950,2,late_delivery,2025-06-17 04:24:58
1641,26962,1,changed_mind,2025-11-29 10:33:02
1642,26963,1,size,2025-08-11 04:06:56
1643,26964,1,changed_mind,2025-06-01 11:05:04
1644,26984,1,wrong_item,2025-09-20 14:10:17
1645,26991,1,wrong_item,2025-08-15 03:56:18
1646,26997,1,size,2025-07-01 02:09:05
1647,27031,1,late_delivery,2025-06-21 23:37:10
1648,27047,1,wrong_item,2025-08-28 21:24:16
1649,27063,1,wrong_item,2025-05-06 13:41:13
165,2832,1,\N,2025-08-01 02:41:05
1650,27064,1,late_delivery,2025-05-05 13:41:13
1651,27091,1,wrong_item,2025-11-29 16:25:37
1652,27123,1,size,2025-05-24 11:07:25
1653,27135,1,changed_mind,2025-07-23 03:10:52
1654,27136,1,wrong_item,2025-12-31 23:59:59
1655,27213,1,size,2025-08-04 05:54:39
1656,27225,1,size,2025-03-02 15:10:10
1657,27254,1,changed_mind,2025-08-17 12:39:41
1658,27278,1,changed_mind,2025-09-20 06:23:51
1659,27315,1,damaged,2025-09-29 10:37:37
166,2833,1,late_delivery,2025-08-19 02:41:05
1660,27327,1,late_delivery,2025-12-09 03:45:06
1661,27336,1,late_delivery,2025-11-04 06:21:05
1662,27345,1,\N,2025-12-20 14:51:31
1663,27365,1,\N,2025-03-15 17:00:41
1664,27369,1,changed_mind,2025-10-31 19:39:15
1665,27391,1,late_delivery,2025-10-17 14:21:04
1666,27418,1,\N,2025-05-19 12:24:28
1667,27512,1,damaged,2025-06-26 11:49:42
1668,27532,1,late_delivery,2025-01-29 00:59:04
1669,27539,1,wrong_item,2025-09-06 23:30:29
167,2846,1,\N,2025-06-27 16:56:15
1670,27546,1,size,2025-05-18 02:05:39
1671,27547,1,wrong_item,2025-05-14 02:05:39
1672,27572,1,changed_mind,2025-07-04 20:26:49
1673,27575,1,wrong_item,2025-07-25 20:26:49
1674,27580,1,\N,2025-07-30 01:08:22
1675,27588,1,\N,2025-12-21 02:52:38
1676,27598,1,late_delivery,2025-03-09 08:48:36
1677,27619,1,changed_mind,2025-12-31 23:59:59
1678,27621,1,late_delivery,2025-01-05 17:39:11
1679,27624,1,damaged,2025-11-06 11:59:28
168,2853,1,size,2025-12-22 02:51:41
1680,27638,1,changed_mind,2025-03-10 23:33:58
1681,27650,1,late_delivery,2025-06-16 00:48:06
1682,27661,1,damaged,2025-07-31 11:41:47
1683,27733,1,changed_mind,2025-08-27 17:53:36
1684,27739,1,\N,2025-08-21 06:49:18
1685,27761,1,damaged,2025-11-30 01:38:41
1686,27762,1,wrong_item,2025-02-06 19:19:58
1687,27778,1,size,2025-03-06 02:10:41
1688,27837,1,\N,2025-04-01 06:07:37
1689,27841,1,late_delivery,2025-11-28 01:52:56
169,2856,2,late_delivery,2025-02-11 02:45:43
1690,27847,1,size,2025-11-16 19:03:39
1691,27852,1,damaged,2025-10-21 16:57:19
1692,27866,1,size,2025-02-03 07:48:14
1693,27908,1,wrong_item,2025-12-24 21:06:51
1694,27925,2,changed_mind,2025-10-07 04:53:04
1695,27962,1,damaged,2025-12-03 00:55:02
1696,27972,1,\N,2025-06-07 23:26:33
1697,27980,1,wrong_item,2025-01-11 06:07:53
1698,28073,1,\N,2025-05-19 21:07:35
1699,28078,1,changed_mind,2025-05-06 10:11:46
17,309,1,changed_mind,2025-08-03 03:04:54
170,2891,1,\N,2025-10-21 09:29:53
1700,28086,1,\N,2025-11-21 09:33:16
1701,28101,1,damaged,2025-11-06 06:51:22
1702,28102,1,size,2025-11-09 06:51:22
1703,28128,1,changed_mind,2025-05-23 01:37:32
1704,28138,1,late_delivery,2025-08-08 23:37:02
1705,28162,1,late_delivery,2025-07-31 05:54:13
1706,28191,1,size,2025-09-15 19:02:35
1707,28207,1,changed_mind,2025-11-20 12:57:05
1708,28231,1,changed_mind,2025-08-24 00:40:04
1709,28238,1,changed_mind,2025-08-11 01:27:56
171,2892,1,\N,2025-09-29 09:29:53
1710,28292,1,wrong_item,2025-07-02 15:43:50
1711,28308,1,wrong_item,2025-04-18 23:24:47
1712,28386,1,damaged,2025-02-25 20:29:02
1713,28387,1,size,2025-02-10 20:29:02
1714,28393,1,damaged,2025-12-12 19:45:12
1715,28418,1,wrong_item,2025-09-02 23:45:00
1716,28423,1,\N,2025-09-13 18:23:47
1717,28435,1,size,2025-05-14 01:31:20
1718,28457,1,size,2025-08-30 10:40:41
1719,28478,1,size,2025-09-02 05:06:46
172,2916,1,wrong_item,2025-04-21 20:32:13
1720,28491,1,late_delivery,2025-03-04 11:27:44
1721,28494,1,size,2025-09-24 22:59:31
1722,28498,1,late_delivery,2025-05-26 22:32:27
1723,28514,1,wrong_item,2025-08-27 09:10:25
1724,28529,1,damaged,2025-05-22 03:59:49
1725,28531,1,damaged,2025-02-18 06:40:03
1726,28558,1,changed_mind,2025-12-31 23:59:59
1727,28562,1,\N,2025-02-07 19:09:48
1728,28564,1,\N,2025-03-04 19:09:48
1729,28582,1,size,2025-12-01 00:38:49
173,2928,1,\N,2025-05-10 20:32:31
1730,28593,1,changed_mind,2025-08-06 21:45:34
1731,28594,1,damaged,2025-07-29 21:45:34
1732,28623,2,damaged,2025-01-12 21:19:48
1733,28763,1,late_delivery,2025-03-26 15:35:01
1734,28764,1,late_delivery,2025-03-13 15:35:01
1735,28782,1,wrong_item,2025-05-27 10:19:09
1736,28795,1,wrong_item,2025-12-31 23:59:59
1737,28807,1,size,2025-07-07 08:52:35
1738,28809,1,late_delivery,2025-08-14 23:46:42
1739,28825,1,late_delivery,2025-03-13 17:21:05
174,2934,1,changed_mind,2025-05-12 13:07:25
1740,28826,1,\N,2025-03-13 17:21:05
1741,28897,1,wrong_item,2025-08-17 03:53:51
1742,28929,1,wrong_item,2025-06-16 00:03:51
1743,28941,1,damaged,2025-05-30 08:29:25
1744,28943,1,late_delivery,2025-09-26 20:30:09
1745,28958,1,damaged,2025-04-10 15:56:44
1746,28959,2,changed_mind,2025-02-26 22:33:15
1747,28962,1,damaged,2025-02-26 22:33:15
1748,28978,1,wrong_item,2025-09-24 02:15:03
1749,29019,1,wrong_item,2025-12-25 03:50:33
175,2940,1,\N,2025-10-19 06:21:38
1750,29041,1,changed_mind,2025-12-31 23:59:59
1751,29063,1,changed_mind,2025-06-20 08:00:37
1752,29066,1,size,2025-04-17 05:54:46
1753,29091,1,late_delivery,2025-07-19 15:56:03
1754,29108,1,wrong_item,2025-11-08 09:32:00
1755,29123,1,\N,2025-08-23 15:02:18
1756,29170,1,\N,2025-12-17 09:29:21
1757,29181,2,changed_mind,2025-12-31 23:59:59
1758,29196,1,late_delivery,2025-04-03 07:12:09
1759,29213,1,damaged,2025-02-02 01:15:07
176,2943,1,\N,2025-12-24 11:26:59
1760,29264,1,damaged,2025-02-22 06:24:16
1761,29283,1,changed_mind,2025-03-23 22:25:59
1762,29310,1,\N,2025-09-27 07:13:29
1763,29320,1,damaged,2025-09-30 02:49:01
1764,29346,1,damaged,2025-09-06 05:00:13
1765,29362,1,damaged,2025-07-03 11:57:00
1766,29373,1,late_delivery,2025-01-16 00:06:52
1767,29376,1,changed_mind,2025-05-09 19:20:07
1768,29411,1,wrong_item,2025-04-24 06:13:17
1769,29421,1,\N,2025-12-09 22:51:44
177,2960,1,\N,2025-11-11 07:50:31
1770,29424,1,wrong_item,2025-11-26 10:30:45
1771,29425,1,size,2025-12-10 10:30:45
1772,29455,1,late_delivery,2025-07-20 17:21:11
1773,29494,1,\N,2025-03-03 01:36:29
1774,29496,1,\N,2025-05-09 23:41:11
1775,29498,1,size,2025-05-02 23:41:11
1776,29509,1,\N,2025-06-26 15:20:29
1777,29521,1,size,2025-03-07 08:10:56
1778,29561,1,damaged,2025-02-05 16:29:44
1779,29582,1,changed_mind,2025-08-18 00:50:50
178,2972,1,changed_mind,2025-12-31 23:59:59
1780,29587,1,size,2025-09-03 06:11:13
1781,29592,1,late_delivery,2025-04-04 09:37:50
1782,29596,1,\N,2025-05-27 15:03:48
1783,29619,1,damaged,2025-12-21 00:19:15
1784,29634,1,size,2025-06-23 16:56:41
1785,29643,1,changed_mind,2025-08-25 00:09:01
1786,29646,1,changed_mind,2025-04-25 02:22:03
1787,29671,1,\N,2025-01-13 05:03:01
1788,29694,1,late_delivery,2025-10-11 20:10:56
1789,29706,1,damaged,2025-07-16 10:29:11
179,2976,1,wrong_item,2025-01-10 10:04:12
1790,29742,1,damaged,2025-04-16 02:01:09
1791,29746,1,late_delivery,2025-12-31 13:37:03
1792,29769,1,wrong_item,2025-12-31 23:59:59
1793,29861,1,late_delivery,2025-08-01 01:50:20
1794,29877,1,\N,2025-05-14 12:11:34
1795,29884,1,\N,2025-07-18 05:23:40
1796,29901,3,\N,2025-03-21 19:14:21
1797,29941,2,late_delivery,2025-09-12 00:07:16
1798,29960,2,changed_mind,2025-05-05 01:46:07
1799,29966,1,wrong_item,2025-07-07 15:38:07
18,310,1,\N,2025-01-21 09:04:46
180,2993,1,wrong_item,2025-09-04 17:19:56
1800,29981,1,size,2025-11-21 22:07:10
1801,30026,1,\N,2025-09-06 16:19:05
1802,30050,2,wrong_item,2025-03-01 10:48:33
1803,30073,1,changed_mind,2025-03-03 20:11:21
1804,30085,1,wrong_item,2025-09-03 12:58:09
1805,30104,1,damaged,2025-02-15 06:32:59
1806,30130,1,size,2025-11-19 03:34:15
1807,30165,1,damaged,2025-09-26 21:44:32
1808,30169,1,size,2025-07-29 13:36:11
1809,30207,1,size,2025-06-20 13:03:06
181,3017,1,\N,2025-07-08 00:40:03
1810,30212,1,wrong_item,2025-03-28 16:11:55
1811,30214,1,\N,2025-04-16 16:11:55
1812,30223,1,wrong_item,2025-10-23 23:30:06
1813,30240,1,size,2025-05-30 09:56:44
1814,30255,1,late_delivery,2025-05-05 20:09:24
1815,30261,1,changed_mind,2025-01-16 14:49:10
1816,30281,1,changed_mind,2025-02-18 11:13:00
1817,30289,1,damaged,2025-12-18 01:59:05
1818,30297,1,damaged,2025-06-04 06:42:51
1819,30300,1,changed_mind,2025-06-20 06:42:51
182,3018,1,changed_mind,2025-07-12 00:40:03
1820,30316,1,\N,2025-08-16 14:10:44
1821,30332,1,\N,2025-06-15 04:13:39
1822,30360,1,size,2025-12-09 10:37:05
1823,30421,1,\N,2025-07-24 21:37:07
1824,30424,1,\N,2025-01-19 00:29:31
1825,30426,1,\N,2025-01-20 00:29:31
1826,30428,1,\N,2025-07-16 16:57:05
1827,30431,1,\N,2025-02-15 13:54:16
1828,30436,1,\N,2025-05-23 19:11:08
1829,30453,1,damaged,2025-08-24 06:15:08
183,3025,1,changed_mind,2025-05-21 11:21:37
1830,30502,1,size,2025-09-26 00:56:52
1831,30543,1,size,2025-09-27 11:57:57
1832,30550,1,late_delivery,2025-03-26 03:06:09
1833,30553,1,damaged,2025-04-07 03:06:09
1834,30563,1,\N,2025-08-27 07:13:48
1835,30567,1,damaged,2025-02-27 09:23:10
1836,30568,1,damaged,2025-02-20 09:23:10
1837,30576,1,\N,2025-07-06 11:57:40
1838,30581,1,wrong_item,2025-12-06 06:46:13
1839,30607,1,size,2025-03-05 09:53:05
184,3035,1,\N,2025-02-09 20:04:12
1840,30615,1,size,2025-03-26 23:22:29
1841,30621,1,wrong_item,2025-05-10 04:15:40
1842,30643,1,late_delivery,2025-08-17 12:04:01
1843,30659,1,late_delivery,2025-02-06 22:14:31
1844,30687,1,\N,2025-10-28 12:16:02
1845,30705,1,late_delivery,2025-10-28 12:41:06
1846,30721,1,wrong_item,2025-11-29 02:57:13
1847,30739,1,late_delivery,2025-08-17 19:04:46
1848,30807,1,late_delivery,2025-07-23 15:10:12
1849,30810,1,wrong_item,2025-05-01 23:01:48
185,3043,1,wrong_item,2025-06-16 18:22:48
1850,30823,1,\N,2025-02-12 22:22:56
1851,30829,1,size,2025-02-09 10:40:22
1852,30837,1,changed_mind,2025-07-02 18:52:55
1853,30839,1,size,2025-04-04 22:29:47
1854,30842,1,\N,2025-03-19 22:29:47
1855,30848,1,late_delivery,2025-09-23 21:20:15
1856,30867,1,wrong_item,2025-12-29 05:59:32
1857,30890,1,\N,2025-12-09 20:34:00
1858,30899,1,changed_mind,2025-10-03 11:36:21
1859,30918,1,changed_mind,2025-01-30 02:52:31
186,3080,1,late_delivery,2025-08-06 17:08:24
1860,30922,1,late_delivery,2025-12-10 07:09:26
1861,30923,3,late_delivery,2025-03-28 06:20:33
1862,30928,1,changed_mind,2025-06-25 13:47:15
1863,30966,1,damaged,2025-03-18 08:00:00
1864,30975,1,late_delivery,2025-09-16 20:25:54
1865,30988,1,late_delivery,2025-12-31 23:59:59
1866,30997,1,\N,2025-11-03 16:59:45
1867,31016,1,damaged,2025-06-02 06:28:14
1868,31020,1,damaged,2025-11-25 05:21:42
1869,31040,2,changed_mind,2025-03-16 07:19:24
187,3095,1,damaged,2025-01-28 01:01:32
1870,31051,2,\N,2025-10-03 09:43:07
1871,31061,1,damaged,2025-11-21 14:39:20
1872,31113,1,wrong_item,2025-04-15 13:37:12
1873,31128,3,wrong_item,2025-10-05 17:32:02
1874,31135,1,\N,2025-04-28 10:15:20
1875,31141,1,size,2025-05-12 03:48:21
1876,31148,1,damaged,2025-02-01 15:49:39
1877,31159,1,size,2025-08-02 18:17:18
1878,31176,1,damaged,2025-05-26 07:48:07
1879,31186,1,late_delivery,2025-12-09 20:35:36
188,3096,1,changed_mind,2025-07-26 01:03:16
1880,31192,1,damaged,2025-06-07 14:28:50
1881,31200,1,damaged,2025-12-22 17:25:24
1882,31210,1,\N,2025-04-20 00:22:43
1883,31225,1,late_delivery,2025-06-03 07:41:56
1884,31235,1,late_delivery,2025-11-05 00:14:29
1885,31258,1,late_delivery,2025-04-13 19:36:14
1886,31268,1,size,2025-12-02 05:33:57
1887,31283,1,damaged,2025-12-31 06:01:08
1888,31287,1,damaged,2025-04-23 12:36:08
1889,31304,3,changed_mind,2025-01-18 16:59:45
189,3123,1,\N,2025-10-25 05:57:03
1890,31330,2,late_delivery,2025-06-07 02:39:47
1891,31335,1,changed_mind,2025-11-07 16:25:59
1892,31359,1,changed_mind,2025-10-06 22:58:16
1893,31371,1,\N,2025-05-31 09:55:04
1894,31400,1,\N,2025-02-06 02:36:21
1895,31425,1,changed_mind,2025-02-02 08:45:20
1896,31427,1,size,2025-01-14 08:45:20
1897,31445,1,damaged,2025-04-02 13:05:58
1898,31449,1,wrong_item,2025-06-09 14:13:12
1899,31472,1,changed_mind,2025-09-27 21:34:43
19,360,1,late_delivery,2025-04-03 06:50:08
190,3127,1,late_delivery,2025-11-05 03:50:37
1900,31473,1,\N,2025-04-01 00:48:17
1901,31475,1,late_delivery,2025-03-22 00:48:17
1902,31540,1,damaged,2025-10-10 03:33:04
1903,31545,1,changed_mind,2025-09-28 09:55:16
1904,31567,1,late_delivery,2025-02-15 18:04:40
1905,31569,2,\N,2025-03-30 22:54:06
1906,31591,1,late_delivery,2025-06-09 06:50:35
1907,31594,1,late_delivery,2025-08-28 23:45:59
1908,31604,3,damaged,2025-09-18 15:40:21
1909,31659,1,late_delivery,2025-12-28 09:42:06
191,3143,1,late_delivery,2025-09-25 02:39:21
1910,31680,1,late_delivery,2025-01-26 15:49:43
1911,31683,1,\N,2025-04-02 19:05:04
1912,31717,1,damaged,2025-04-22 08:33:03
1913,31721,1,size,2025-07-25 22:05:53
1914,31729,1,damaged,2025-12-31 23:59:59
1915,31740,1,\N,2025-11-20 01:11:09
1916,31744,1,changed_mind,2025-12-24 12:59:18
1917,31747,1,late_delivery,2025-07-07 12:41:53
1918,31755,1,changed_mind,2025-04-13 13:39:19
1919,31764,1,damaged,2025-03-24 17:53:02
192,3207,1,late_delivery,2025-12-02 01:02:24
1920,31782,1,wrong_item,2025-01-24 00:31:15
1921,31809,1,late_delivery,2025-10-01 19:51:26
1922,31810,1,late_delivery,2025-02-17 08:01:14
1923,31813,1,\N,2025-08-02 07:57:23
1924,31842,1,damaged,2025-03-23 01:53:00
1925,31843,1,damaged,2025-01-26 13:33:51
1926,31849,1,wrong_item,2025-10-15 10:41:16
1927,31864,1,wrong_item,2025-04-06 19:26:09
1928,31881,1,damaged,2025-04-01 06:54:10
1929,31925,1,changed_mind,2025-05-23 09:17:35
193,3223,1,damaged,2025-11-14 16:04:30
1930,31934,1,\N,2025-10-25 14:08:57
1931,31940,1,damaged,2025-10-15 11:16:33
1932,31969,1,\N,2025-04-16 11:03:51
1933,31973,1,size,2025-05-10 11:42:53
1934,31981,1,\N,2025-03-04 03:04:40
1935,31988,1,late_delivery,2025-05-25 07:18:40
1936,31999,1,\N,2025-07-11 00:23:13
1937,32004,1,damaged,2025-12-22 07:40:49
1938,32014,1,late_delivery,2025-10-01 10:07:31
1939,32021,1,late_delivery,2025-12-31 23:59:59
194,3229,1,wrong_item,2025-12-31 23:59:59
1940,32031,1,late_delivery,2025-02-28 12:51:54
1941,32045,3,late_delivery,2025-03-09 13:07:35
1942,32081,1,damaged,2025-12-05 13:44:09
1943,32095,1,late_delivery,2025-04-28 00:04:40
1944,32096,1,late_delivery,2025-05-15 00:04:40
1945,32107,1,wrong_item,2025-08-10 12:51:56
1946,32127,1,size,2025-09-26 00:10:26
1947,32146,1,damaged,2025-12-30 11:05:51
1948,32150,1,damaged,2025-06-10 04:21:09
1949,32172,1,wrong_item,2025-02-08 00:38:50
195,3235,1,late_delivery,2025-12-31 12:06:24
1950,32174,1,late_delivery,2025-03-26 10:06:05
1951,32184,1,damaged,2025-05-19 00:41:43
1952,32205,1,wrong_item,2025-12-23 04:16:12
1953,32211,1,late_delivery,2025-05-31 17:41:56
1954,32233,1,\N,2025-07-12 00:04:20
1955,32240,1,late_delivery,2025-09-11 23:03:02
1956,32241,1,late_delivery,2025-08-31 23:03:02
1957,32249,1,late_delivery,2025-07-17 16:07:27
1958,32252,1,wrong_item,2025-06-14 01:37:57
1959,32283,1,late_delivery,2025-01-21 00:25:23
196,3245,2,late_delivery,2025-12-17 12:51:28
1960,32331,1,damaged,2025-06-06 15:05:54
1961,32334,1,size,2025-10-26 01:26:46
1962,32351,1,late_delivery,2025-12-31 23:59:59
1963,32357,1,wrong_item,2025-08-30 23:10:33
1964,32363,1,changed_mind,2025-12-31 23:59:59
1965,32373,1,damaged,2025-10-17 09:01:51
1966,32378,1,\N,2025-09-04 19:27:07
1967,32386,1,\N,2025-06-20 10:35:57
1968,32388,1,damaged,2025-07-13 10:35:57
1969,32401,1,size,2025-10-30 23:58:58
197,3264,1,changed_mind,2025-04-20 20:21:07
1970,32413,1,\N,2025-05-14 18:13:04
1971,32417,1,\N,2025-08-07 18:14:03
1972,32428,2,wrong_item,2025-08-17 04:21:25
1973,32438,1,late_delivery,2025-07-19 20:32:30
1974,32441,1,changed_mind,2025-12-27 16:47:28
1975,32458,1,\N,2025-09-27 17:28:06
1976,32504,1,size,2025-09-19 07:14:51
1977,32513,1,size,2025-09-26 13:44:39
1978,32562,1,\N,2025-11-18 07:42:25
1979,32581,1,wrong_item,2025-03-21 04:55:02
198,3266,1,size,2025-09-14 15:38:11
1980,32583,1,changed_mind,2025-03-09 04:55:02
1981,32605,1,wrong_item,2025-06-20 16:34:42
1982,32638,2,late_delivery,2025-03-13 08:43:47
1983,32650,1,changed_mind,2025-11-30 05:59:26
1984,32667,1,\N,2025-06-05 07:00:08
1985,32668,1,\N,2025-02-09 01:51:33
1986,32673,3,size,2025-12-28 04:52:18
1987,32675,1,damaged,2025-07-11 06:52:54
1988,32694,2,changed_mind,2025-09-27 01:40:14
1989,32720,1,late_delivery,2025-07-18 10:00:05
199,3271,1,late_delivery,2025-09-30 14:48:32
1990,32730,1,wrong_item,2025-02-17 08:45:56
1991,32799,1,wrong_item,2025-03-29 13:36:34
1992,32801,2,damaged,2025-03-30 22:14:45
1993,32802,1,wrong_item,2025-11-19 20:41:50
1994,32807,1,\N,2025-02-27 03:57:09
1995,32814,1,wrong_item,2025-04-17 04:28:42
1996,32825,1,changed_mind,2025-11-01 16:00:12
1997,32833,1,changed_mind,2025-12-31 23:59:59
1998,32836,1,changed_mind,2025-02-28 15:22:23
1999,32855,1,late_delivery,2025-03-19 05:07:49
2,14,1,\N,2025-01-15 21:56:50
20,372,1,late_delivery,2025-02-28 20:08:42
200,3286,1,wrong_item,2025-08-26 13:00:35
2000,32871,1,changed_mind,2025-03-07 08:39:50
2001,32888,1,damaged,2025-01-24 05:38:03
2002,32889,1,size,2025-01-27 05:38:03
2003,32893,1,wrong_item,2025-05-12 20:07:51
2004,32945,1,late_delivery,2025-11-15 18:21:21
2005,32972,1,late_delivery,2025-11-04 08:33:31
2006,32999,1,\N,2025-08-01 06:30:53
2007,33007,1,\N,2025-02-01 10:12:11
2008,33030,1,wrong_item,2025-11-09 21:43:50
2009,33032,1,damaged,2025-12-22 06:00:11
201,3295,1,size,2025-01-28 14:15:32
2010,33039,1,wrong_item,2025-02-04 14:20:39
2011,33051,1,\N,2025-11-12 05:10:09
2012,33059,1,changed_mind,2025-03-01 14:10:33
2013,33061,1,\N,2025-10-09 11:30:36
2014,33089,1,changed_mind,2025-03-30 00:50:31
2015,33095,1,\N,2025-04-01 11:37:26
2016,33102,1,damaged,2025-04-11 07:43:29
2017,33112,1,\N,2025-07-10 09:10:39
2018,33122,1,changed_mind,2025-04-05 04:53:55
2019,33128,1,size,2025-03-03 04:08:15
202,3310,1,late_delivery,2025-12-31 23:59:59
2020,33133,1,changed_mind,2025-08-01 14:10:12
2021,33144,1,size,2025-02-12 23:40:24
2022,33168,1,damaged,2025-02-22 08:29:43
2023,33201,1,size,2025-11-09 23:05:26
2024,33202,1,changed_mind,2025-11-13 23:05:26
2025,33204,1,wrong_item,2025-11-17 04:16:41
2026,33214,1,damaged,2025-07-30 09:08:13
2027,33227,1,wrong_item,2025-05-23 02:13:04
2028,33330,1,\N,2025-06-08 17:00:19
2029,33331,1,wrong_item,2025-05-31 17:00:19
203,3330,1,late_delivery,2025-04-03 17:14:13
2030,33334,1,\N,2025-07-28 07:43:25
2031,33374,2,late_delivery,2025-09-14 05:30:37
2032,33379,1,late_delivery,2025-11-27 04:08:15
2033,33384,1,size,2025-02-03 08:34:08
2034,33417,1,size,2025-08-10 14:24:55
2035,33420,1,late_delivery,2025-12-31 23:59:59
2036,33439,1,late_delivery,2025-03-08 01:22:31
2037,33440,1,\N,2025-04-22 03:17:11
2038,33445,1,wrong_item,2025-12-29 01:56:34
2039,33462,1,size,2025-12-19 22:17:11
204,3335,1,changed_mind,2025-07-05 16:48:28
2040,33481,3,wrong_item,2025-09-22 03:42:28
2041,33483,1,late_delivery,2025-01-29 12:34:37
2042,33537,1,size,2025-11-13 07:20:34
2043,33544,1,\N,2025-03-11 09:13:24
2044,33546,1,size,2025-03-07 09:13:24
2045,33548,1,size,2025-12-21 00:51:42
2046,33552,1,\N,2025-07-12 15:35:32
2047,33569,1,wrong_item,2025-08-03 10:06:12
2048,33580,1,\N,2025-08-16 14:50:22
2049,33586,1,changed_mind,2025-04-29 20:31:41
205,3352,1,wrong_item,2025-09-02 15:14:59
2050,33617,1,size,2025-04-07 08:12:27
2051,33629,1,\N,2025-11-04 08:11:24
2052,33635,1,\N,2025-10-18 19:17:31
2053,33645,1,\N,2025-03-20 02:12:12
2054,33677,1,damaged,2025-12-27 05:23:28
2055,33690,1,wrong_item,2025-12-31 23:59:59
2056,33717,1,wrong_item,2025-06-30 06:38:38
2057,33731,1,\N,2025-02-14 00:33:01
2058,33733,1,wrong_item,2025-10-02 02:09:47
2059,33750,1,\N,2025-07-25 15:01:45
206,3354,1,wrong_item,2025-12-11 13:58:00
2060,33751,1,changed_mind,2025-07-10 15:01:45
2061,33780,1,late_delivery,2025-03-15 02:28:14
2062,33796,1,changed_mind,2025-12-04 17:49:55
2063,33826,1,\N,2025-10-16 00:32:13
2064,33830,1,size,2025-08-05 00:01:28
2065,33834,1,damaged,2025-02-14 22:12:41
2066,33838,1,\N,2025-05-12 00:33:41
2067,33843,1,late_delivery,2025-05-09 00:28:47
2068,33876,1,size,2025-06-12 10:11:37
2069,33880,1,late_delivery,2025-12-04 22:22:26
207,3412,1,changed_mind,2025-06-24 20:04:03
2070,33884,1,late_delivery,2025-08-05 03:23:32
2071,33902,1,changed_mind,2025-03-05 23:10:53
2072,33903,1,late_delivery,2025-10-26 10:26:19
2073,33941,1,late_delivery,2025-05-16 10:14:46
2074,33951,1,late_delivery,2025-08-11 19:29:38
2075,33993,1,wrong_item,2025-10-30 21:38:34
2076,34000,1,size,2025-06-18 01:28:16
2077,34037,1,size,2025-10-12 21:21:47
2078,34041,1,size,2025-02-04 23:58:37
2079,34075,1,late_delivery,2025-06-21 00:03:41
208,3423,1,changed_mind,2025-04-18 15:20:02
2080,34079,1,changed_mind,2025-03-09 14:13:14
2081,34118,1,changed_mind,2025-12-12 18:24:51
2082,34140,1,wrong_item,2025-05-12 22:10:22
2083,34158,1,damaged,2025-10-15 04:43:45
2084,34190,1,wrong_item,2025-09-05 13:58:12
2085,34232,1,size,2025-11-09 10:17:24
2086,34246,1,changed_mind,2025-05-11 06:12:33
2087,34258,1,damaged,2025-12-18 08:42:19
2088,34278,1,wrong_item,2025-11-30 19:09:55
2089,34334,1,wrong_item,2025-02-28 00:38:10
209,3438,2,late_delivery,2025-03-23 04:15:01
2090,34389,1,\N,2025-02-01 17:41:06
2091,34398,1,\N,2025-12-22 01:32:21
2092,34399,1,damaged,2025-12-31 23:59:59
2093,34449,1,wrong_item,2025-07-07 15:24:17
2094,34452,1,size,2025-02-05 20:12:20
2095,34480,1,size,2025-03-08 09:04:58
2096,34481,1,size,2025-03-05 09:04:58
2097,34485,2,wrong_item,2025-05-07 00:49:44
2098,34496,1,changed_mind,2025-08-28 09:55:36
2099,34565,1,\N,2025-11-11 15:55:49
21,378,1,damaged,2025-11-18 04:52:43
210,3445,1,\N,2025-10-30 15:06:43
2100,34576,1,late_delivery,2025-10-21 23:36:55
2101,34587,1,size,2025-11-26 11:23:08
2102,34593,2,wrong_item,2025-05-01 06:03:27
2103,34596,1,late_delivery,2025-10-31 22:02:11
2104,34602,1,changed_mind,2025-02-10 20:47:19
2105,34606,1,\N,2025-06-20 01:07:42
2106,34619,1,wrong_item,2025-11-18 04:23:09
2107,34646,1,size,2025-05-10 02:39:52
2108,34725,1,wrong_item,2025-02-07 07:34:07
2109,34735,1,late_delivery,2025-10-24 12:11:24
211,3477,1,size,2025-07-03 19:16:04
2110,34747,1,wrong_item,2025-03-01 23:38:24
2111,34752,1,late_delivery,2025-12-16 06:29:54
2112,34756,1,size,2025-01-14 04:46:46
2113,34764,1,\N,2025-09-18 03:40:39
2114,34766,1,\N,2025-07-04 14:42:50
2115,34781,1,size,2025-09-28 17:21:37
2116,34803,1,changed_mind,2025-10-20 13:28:13
2117,34809,1,size,2025-02-24 11:06:39
2118,34824,1,size,2025-11-19 21:23:41
2119,34838,1,\N,2025-11-12 05:41:51
212,3539,1,\N,2025-12-26 12:47:26
2120,34894,1,damaged,2025-03-11 19:13:59
2121,34900,1,\N,2025-05-27 21:08:42
2122,34908,1,size,2025-08-03 11:15:50
2123,34918,1,changed_mind,2025-04-08 08:33:26
2124,34920,1,damaged,2025-04-12 08:33:26
2125,34921,1,wrong_item,2025-04-27 15:52:57
2126,34922,1,late_delivery,2025-12-02 13:39:45
2127,34924,1,\N,2025-12-22 13:39:45
2128,34938,1,late_delivery,2025-10-28 05:14:04
2129,34949,1,wrong_item,2025-10-27 22:28:38
213,3544,1,changed_mind,2025-01-18 21:35:17
2130,34972,1,damaged,2025-01-28 04:45:36
2131,34984,1,late_delivery,2025-03-06 13:21:21
2132,34992,1,late_delivery,2025-07-04 06:28:55
2133,35000,1,wrong_item,2025-09-18 01:34:37
2134,35006,1,wrong_item,2025-05-03 20:12:40
2135,35030,1,damaged,2025-02-13 11:04:57
2136,35053,1,\N,2025-11-22 00:40:58
2137,35058,1,late_delivery,2025-08-20 05:09:59
2138,35067,1,late_delivery,2025-05-11 23:38:23
2139,35071,1,wrong_item,2025-04-10 14:49:46
214,3557,1,changed_mind,2025-06-04 19:45:04
2140,35079,1,damaged,2025-03-16 12:39:35
2141,35099,1,changed_mind,2025-12-25 09:39:24
2142,35108,1,late_delivery,2025-11-27 00:20:49
2143,35123,1,wrong_item,2025-10-15 18:35:17
2144,35127,1,\N,2025-04-30 10:14:11
2145,35135,1,wrong_item,2025-06-22 06:49:33
2146,35188,1,changed_mind,2025-08-20 13:35:59
2147,35193,1,late_delivery,2025-10-18 07:32:52
2148,35202,1,damaged,2025-09-21 09:19:58
2149,35211,2,size,2025-05-14 03:59:13
215,3571,1,late_delivery,2025-10-13 22:37:03
2150,35235,1,wrong_item,2025-07-27 20:09:16
2151,35270,2,late_delivery,2025-12-31 23:59:59
2152,35294,1,wrong_item,2025-12-02 16:49:43
2153,35300,1,\N,2025-10-25 05:07:59
2154,35305,1,late_delivery,2025-03-01 15:40:39
2155,35329,1,wrong_item,2025-10-17 06:12:55
2156,35342,1,changed_mind,2025-01-29 11:43:27
2157,35370,1,size,2025-09-29 22:04:19
2158,35374,2,damaged,2025-12-07 18:59:09
2159,35396,1,size,2025-09-17 02:43:43
216,3572,1,size,2025-05-29 03:01:20
2160,35417,1,damaged,2025-12-31 23:59:59
2161,35422,1,damaged,2025-03-04 02:19:09
2162,35431,1,\N,2025-09-06 01:39:52
2163,35434,2,changed_mind,2025-03-29 18:20:47
2164,35463,1,changed_mind,2025-12-31 23:59:59
2165,35471,1,size,2025-11-13 14:03:25
2166,35483,1,wrong_item,2025-12-31 23:59:59
2167,35491,1,\N,2025-12-20 23:09:32
2168,35505,1,size,2025-05-16 22:53:47
2169,35522,1,late_delivery,2025-08-25 12:25:13
217,3574,1,late_delivery,2025-07-22 02:57:42
2170,35531,1,size,2025-02-12 23:40:10
2171,35534,1,size,2025-05-23 14:14:25
2172,35543,1,wrong_item,2025-05-25 14:20:17
2173,35561,1,\N,2025-05-26 09:23:32
2174,35568,1,\N,2025-12-02 03:55:27
2175,35593,1,late_delivery,2025-12-31 23:59:59
2176,35623,1,\N,2025-12-31 23:59:59
2177,35631,1,\N,2025-09-08 18:00:48
2178,35635,1,damaged,2025-12-24 20:39:46
2179,35639,1,late_delivery,2025-04-07 05:18:32
218,3605,1,changed_mind,2025-01-08 04:22:42
2180,35640,1,late_delivery,2025-03-27 05:18:32
2181,35651,1,size,2025-08-15 06:08:03
2182,35680,1,damaged,2025-09-09 04:29:00
2183,35681,1,size,2025-09-20 11:50:31
2184,35690,1,size,2025-02-06 23:28:48
2185,35693,1,wrong_item,2025-12-07 10:38:07
2186,35721,1,size,2025-11-10 18:35:48
2187,35736,1,late_delivery,2025-08-02 18:49:34
2188,35740,1,\N,2025-07-17 15:27:50
2189,35768,1,size,2025-09-16 16:51:13
219,3630,1,\N,2025-03-10 15:27:12
2190,35791,1,damaged,2025-01-24 14:09:26
2191,35794,1,damaged,2025-10-17 20:54:37
2192,35814,1,wrong_item,2025-01-31 12:28:44
2193,35832,1,\N,2025-04-05 06:32:33
2194,35872,1,damaged,2025-10-31 14:05:54
2195,35908,1,size,2025-12-05 04:06:29
2196,35915,1,late_delivery,2025-03-18 12:58:54
2197,35934,1,changed_mind,2025-10-03 16:23:55
2198,35948,1,damaged,2025-10-06 00:25:33
2199,35966,1,changed_mind,2025-06-05 17:13:38
22,394,1,damaged,2025-06-17 09:15:40
220,3648,1,\N,2025-12-17 03:15:16
2200,35974,1,wrong_item,2025-09-25 14:37:52
2201,35994,1,size,2025-02-24 22:23:51
2202,36059,1,damaged,2025-05-04 20:46:27
2203,36063,1,late_delivery,2025-06-16 21:58:02
2204,36067,1,changed_mind,2025-05-08 02:43:12
2205,36095,1,size,2025-06-10 12:52:23
2206,36106,2,late_delivery,2025-05-24 22:44:20
2207,36107,1,\N,2025-06-02 22:44:20
2208,36128,1,damaged,2025-09-30 03:48:21
2209,36149,1,damaged,2025-08-29 21:56:25
221,3671,1,size,2025-04-14 04:30:46
2210,36152,1,size,2025-04-29 22:11:39
2211,36161,1,size,2025-09-20 19:03:30
2212,36166,1,size,2025-12-07 12:53:52
2213,36212,1,wrong_item,2025-02-06 07:02:58
2214,36242,1,late_delivery,2025-07-04 19:39:42
2215,36256,1,\N,2025-04-03 00:53:33
2216,36278,1,\N,2025-07-16 01:53:32
2217,36300,1,damaged,2025-01-25 06:42:02
2218,36311,1,\N,2025-03-29 11:00:25
2219,36314,1,changed_mind,2025-06-23 11:49:05
222,3685,1,damaged,2025-06-13 19:42:23
2220,36365,1,size,2025-11-11 14:33:30
2221,36419,1,late_delivery,2025-08-14 06:22:27
2222,36425,1,late_delivery,2025-12-31 23:59:59
2223,36431,1,damaged,2025-08-06 22:24:07
2224,36443,1,changed_mind,2025-10-18 23:18:21
2225,36482,1,size,2025-03-27 02:13:39
2226,36489,1,changed_mind,2025-06-19 07:38:54
2227,36509,1,wrong_item,2025-07-21 20:37:11
2228,36521,1,changed_mind,2025-03-28 03:24:31
2229,36541,1,wrong_item,2025-11-02 18:04:01
223,3701,1,wrong_item,2025-12-18 12:41:41
2230,36559,1,changed_mind,2025-10-24 04:47:29
2231,36598,1,damaged,2025-02-12 05:30:05
2232,36624,1,damaged,2025-06-13 19:00:09
2233,36654,1,size,2025-03-28 01:20:55
2234,36666,1,late_delivery,2025-09-17 21:54:11
2235,36721,1,changed_mind,2025-09-12 17:50:50
2236,36758,1,\N,2025-07-18 03:06:52
2237,36786,1,\N,2025-09-10 08:40:05
2238,36800,1,damaged,2025-01-30 10:54:31
2239,36826,1,changed_mind,2025-03-27 15:35:26
224,3708,1,\N,2025-08-12 00:56:34
2240,36829,1,\N,2025-01-21 15:24:49
2241,36831,1,damaged,2025-02-04 18:00:03
2242,36850,1,size,2025-07-27 13:34:10
2243,36869,1,size,2025-12-08 06:56:52
2244,36879,1,late_delivery,2025-02-06 04:58:42
2245,36919,1,late_delivery,2025-09-02 06:44:16
2246,36921,1,changed_mind,2025-09-08 04:07:57
2247,36928,1,\N,2025-02-10 11:17:35
2248,36933,1,\N,2025-09-09 08:32:52
2249,36942,1,size,2025-09-25 23:04:53
225,3741,1,size,2025-11-04 08:29:05
2250,36956,1,\N,2025-04-10 16:34:25
2251,36960,1,\N,2025-07-19 14:37:20
2252,36987,1,late_delivery,2025-01-31 05:55:11
2253,37003,1,late_delivery,2025-08-02 04:08:49
2254,37038,1,changed_mind,2025-04-19 19:20:45
2255,37048,1,late_delivery,2025-01-17 05:46:34
2256,37051,1,damaged,2025-11-02 09:25:20
2257,37075,1,damaged,2025-01-31 02:29:58
2258,37084,1,damaged,2025-05-11 10:41:08
2259,37105,1,changed_mind,2025-12-18 06:35:59
226,3753,1,wrong_item,2025-07-04 07:13:45
2260,37109,1,damaged,2025-02-07 23:32:04
2261,37119,1,\N,2025-09-08 05:43:07
2262,37122,1,late_delivery,2025-02-05 10:55:22
2263,37124,3,\N,2025-02-13 05:32:18
2264,37143,1,\N,2025-06-06 18:02:46
2265,37160,1,damaged,2025-07-24 05:04:58
2266,37193,1,changed_mind,2025-03-15 05:50:56
2267,37200,1,damaged,2025-06-28 23:01:53
2268,37212,1,changed_mind,2025-05-29 10:13:32
2269,37214,1,damaged,2025-05-06 06:34:08
227,3769,1,\N,2025-04-15 18:43:16
2270,37237,1,\N,2025-02-11 15:43:19
2271,37247,1,size,2025-04-24 22:47:01
2272,37248,1,wrong_item,2025-04-09 22:47:01
2273,37263,1,size,2025-09-09 17:12:13
2274,37267,1,wrong_item,2025-04-16 08:37:12
2275,37271,1,damaged,2025-12-21 05:58:47
2276,37317,1,changed_mind,2025-12-04 10:43:18
2277,37337,1,size,2025-11-10 04:01:14
2278,37351,1,size,2025-12-31 23:59:59
2279,37356,1,size,2025-05-14 14:59:33
228,3793,1,wrong_item,2025-10-04 06:42:15
2280,37359,1,\N,2025-11-20 03:56:24
2281,37386,1,size,2025-07-09 03:05:26
2282,37413,1,changed_mind,2025-11-12 01:48:36
2283,37476,1,size,2025-06-13 14:10:48
2284,37482,2,damaged,2025-03-27 04:47:08
2285,37506,1,late_delivery,2025-04-27 21:40:58
2286,37516,1,\N,2025-09-21 06:19:02
2287,37520,1,size,2025-05-01 00:02:52
2288,37525,1,\N,2025-03-26 23:46:41
2289,37546,1,size,2025-02-28 18:56:23
229,3856,1,\N,2025-05-16 21:21:22
2290,37559,1,late_delivery,2025-08-01 11:42:07
2291,37573,1,late_delivery,2025-01-12 19:17:37
2292,37575,1,late_delivery,2025-09-12 18:53:26
2293,37592,1,damaged,2025-08-02 16:18:12
2294,37599,1,wrong_item,2025-11-02 15:33:12
2295,37689,1,late_delivery,2025-06-10 03:58:22
2296,37704,1,damaged,2025-12-12 01:08:02
2297,37713,1,changed_mind,2025-11-06 15:44:26
2298,37766,1,wrong_item,2025-01-12 02:03:10
2299,37778,1,changed_mind,2025-08-07 02:12:21
23,407,1,damaged,2025-07-18 04:03:01
230,3859,1,size,2025-04-21 14:43:16
2300,37795,1,size,2025-08-15 20:08:05
2301,37806,1,changed_mind,2025-05-08 10:40:45
2302,37826,1,changed_mind,2025-07-21 19:51:39
2303,37841,1,size,2025-02-07 11:35:31
2304,37848,1,wrong_item,2025-04-07 07:58:46
2305,37861,2,\N,2025-02-05 00:52:10
2306,37865,1,size,2025-05-17 10:09:52
2307,37892,1,late_delivery,2025-05-21 12:02:08
2308,37897,1,\N,2025-06-07 17:00:15
2309,37949,1,\N,2025-10-16 07:31:23
231,3874,1,wrong_item,2025-05-02 21:39:48
2310,37956,1,late_delivery,2025-06-23 11:30:54
2311,37966,1,\N,2025-05-10 03:22:51
2312,37974,1,damaged,2025-06-13 04:21:26
2313,38000,1,\N,2025-04-30 03:43:11
2314,38020,1,late_delivery,2025-04-02 05:54:22
2315,38035,1,changed_mind,2025-06-09 16:50:39
2316,38037,1,size,2025-06-06 23:00:37
2317,38067,2,\N,2025-05-13 03:03:49
2318,38076,1,\N,2025-12-31 19:27:56
2319,38080,1,size,2025-12-31 23:59:59
232,3876,1,damaged,2025-11-22 21:56:06
2320,38104,1,\N,2025-03-07 14:46:20
2321,38108,1,changed_mind,2025-04-26 11:26:15
2322,38110,2,damaged,2025-03-28 22:41:31
2323,38117,1,late_delivery,2025-05-29 11:10:36
2324,38134,1,\N,2025-11-09 17:59:27
2325,38158,1,damaged,2025-05-04 21:03:33
2326,38186,1,\N,2025-08-24 10:37:16
2327,38191,1,damaged,2025-05-24 03:56:45
2328,38218,1,late_delivery,2025-09-22 20:12:28
2329,38229,1,\N,2025-06-02 13:02:31
233,3885,1,late_delivery,2025-08-16 23:39:36
2330,38239,1,late_delivery,2025-06-29 16:54:12
2331,38247,1,wrong_item,2025-07-30 20:45:32
2332,38252,1,damaged,2025-10-12 19:04:38
2333,38253,1,late_delivery,2025-12-13 11:08:54
2334,38259,1,\N,2025-12-31 23:59:59
2335,38270,1,\N,2025-03-04 12:35:44
2336,38277,1,changed_mind,2025-03-18 21:13:55
2337,38279,1,wrong_item,2025-06-08 00:10:51
2338,38288,1,\N,2025-08-18 08:12:35
2339,38291,1,size,2025-07-27 08:12:35
234,3892,1,wrong_item,2025-04-08 18:32:29
2340,38300,1,wrong_item,2025-09-10 12:32:14
2341,38329,1,changed_mind,2025-12-27 18:19:48
2342,38330,1,late_delivery,2025-12-06 18:19:48
2343,38335,1,wrong_item,2025-02-05 07:43:27
2344,38337,1,late_delivery,2025-02-06 07:43:27
2345,38358,1,size,2025-07-18 03:16:43
2346,38363,1,\N,2025-04-16 07:46:35
2347,38425,1,size,2025-04-01 18:31:09
2348,38426,1,damaged,2025-03-05 12:42:45
2349,38430,1,changed_mind,2025-07-12 05:52:57
235,3911,1,damaged,2025-11-27 23:42:43
2350,38463,1,\N,2025-07-30 21:39:26
2351,38469,1,late_delivery,2025-10-09 07:57:57
2352,38477,1,size,2025-12-08 07:12:19
2353,38502,1,late_delivery,2025-02-14 19:58:23
2354,38510,1,changed_mind,2025-06-06 10:22:08
2355,38523,1,late_delivery,2025-04-29 21:47:37
2356,38553,1,\N,2025-11-24 07:57:59
2357,38569,1,\N,2025-05-03 12:14:32
2358,38578,1,\N,2025-03-06 01:47:34
2359,38613,1,late_delivery,2025-08-13 18:59:02
236,3928,1,\N,2025-02-28 20:22:10
2360,38630,1,damaged,2025-12-31 23:59:59
2361,38633,1,late_delivery,2025-04-11 01:21:49
2362,38638,2,late_delivery,2025-02-19 04:33:46
2363,38645,1,damaged,2025-03-28 09:50:11
2364,38657,1,late_delivery,2025-12-26 21:32:55
2365,38658,1,damaged,2025-12-28 21:32:55
2366,38665,1,size,2025-05-18 03:50:54
2367,38668,1,size,2025-09-11 18:55:09
2368,38685,1,damaged,2025-12-31 23:59:59
2369,38698,1,wrong_item,2025-11-10 15:24:31
237,3930,1,damaged,2025-04-27 12:13:27
2370,38715,1,\N,2025-09-12 16:48:57
2371,38717,1,\N,2025-06-09 23:22:24
2372,38725,1,late_delivery,2025-09-09 13:58:12
2373,38738,1,wrong_item,2025-08-22 12:38:47
2374,38752,1,size,2025-04-09 02:49:57
2375,38774,1,damaged,2025-08-28 04:44:00
2376,38775,1,damaged,2025-10-03 22:34:18
2377,38783,1,\N,2025-05-18 05:51:46
2378,38812,1,\N,2025-02-25 17:40:14
2379,38820,1,late_delivery,2025-12-31 23:59:59
238,3944,2,late_delivery,2025-12-07 19:26:38
2380,38830,1,\N,2025-07-03 15:44:38
2381,38844,1,changed_mind,2025-12-31 23:59:59
2382,38846,1,\N,2025-10-10 03:20:23
2383,38847,1,\N,2025-10-02 03:20:23
2384,38860,1,size,2025-10-02 01:54:26
2385,38883,1,damaged,2025-06-22 02:12:36
2386,38891,1,wrong_item,2025-03-28 00:45:45
2387,38892,1,damaged,2025-01-20 14:16:42
2388,38893,2,damaged,2025-01-19 14:16:42
2389,38914,1,\N,2025-08-31 22:19:35
239,3954,1,\N,2025-04-15 08:53:19
2390,38974,1,damaged,2025-10-21 20:13:33
2391,38996,1,late_delivery,2025-09-11 00:28:13
2392,38997,1,wrong_item,2025-03-25 18:53:44
2393,39006,1,wrong_item,2025-12-01 07:06:06
2394,39014,1,wrong_item,2025-06-04 02:26:15
2395,39031,2,wrong_item,2025-03-03 11:21:38
2396,39036,1,damaged,2025-02-12 18:20:15
2397,39059,1,late_delivery,2025-01-20 07:52:23
2398,39062,1,size,2025-05-03 14:07:00
2399,39066,1,size,2025-05-09 14:07:00
24,408,1,changed_mind,2025-08-06 04:03:01
240,3963,1,changed_mind,2025-06-03 09:41:16
2400,39068,1,changed_mind,2025-12-10 09:25:51
2401,39092,1,size,2025-03-03 18:31:58
2402,39097,1,late_delivery,2025-12-24 18:36:08
2403,39125,1,\N,2025-12-31 17:44:36
2404,39138,1,\N,2025-08-04 01:33:29
2405,39159,1,size,2025-03-26 20:56:46
2406,39187,1,damaged,2025-07-23 04:53:34
2407,39209,1,changed_mind,2025-09-13 02:54:30
2408,39220,1,damaged,2025-08-05 04:42:46
2409,39222,1,\N,2025-08-05 04:42:46
241,3982,1,changed_mind,2025-12-29 17:01:19
2410,39234,1,size,2025-09-02 02:26:43
2411,39252,1,damaged,2025-08-01 08:53:52
2412,39285,1,wrong_item,2025-02-08 13:40:55
2413,39291,1,damaged,2025-02-19 23:03:49
2414,39327,1,size,2025-11-26 09:12:09
2415,39331,1,late_delivery,2025-12-31 23:59:59
2416,39345,1,damaged,2025-10-26 00:01:18
2417,39353,1,wrong_item,2025-02-28 20:01:33
2418,39411,1,changed_mind,2025-11-11 05:03:30
2419,39422,1,wrong_item,2025-12-31 23:59:59
242,3997,1,wrong_item,2025-09-22 11:45:00
2420,39450,1,late_delivery,2025-05-03 14:48:21
2421,39461,1,size,2025-07-31 20:56:36
2422,39475,2,wrong_item,2025-09-16 11:34:06
2423,39481,1,late_delivery,2025-09-11 22:40:51
2424,39515,2,\N,2025-12-22 20:50:16
2425,39545,1,changed_mind,2025-12-31 23:59:59
2426,39547,1,size,2025-12-31 23:59:59
2427,39591,1,wrong_item,2025-04-11 23:18:36
2428,39620,1,size,2025-07-21 14:58:48
2429,39623,1,late_delivery,2025-06-09 16:45:58
243,4004,1,wrong_item,2025-08-11 20:21:58
2430,39626,1,wrong_item,2025-11-29 11:04:08
2431,39657,3,changed_mind,2025-02-01 11:49:40
2432,39682,3,changed_mind,2025-07-16 08:31:40
2433,39702,2,wrong_item,2025-10-04 11:41:59
2434,39713,1,\N,2025-10-13 02:07:56
2435,39714,1,late_delivery,2025-10-19 02:07:56
2436,39717,1,wrong_item,2025-05-19 11:21:57
2437,39733,1,wrong_item,2025-03-25 08:53:15
2438,39749,1,wrong_item,2025-09-12 00:32:27
2439,39756,1,size,2025-04-11 15:30:04
244,4030,1,\N,2025-09-11 00:41:00
2440,39786,1,damaged,2025-11-17 00:18:55
2441,39798,1,\N,2025-12-08 07:47:51
2442,39822,1,late_delivery,2025-05-05 10:37:24
2443,39840,1,damaged,2025-10-10 04:20:55
2444,39864,1,wrong_item,2025-09-11 08:45:19
2445,39865,1,damaged,2025-12-31 23:59:59
2446,39884,1,wrong_item,2025-07-23 00:19:46
2447,39907,1,damaged,2025-04-01 19:40:28
2448,39908,1,changed_mind,2025-04-03 19:40:28
2449,39928,1,wrong_item,2025-10-11 10:38:16
245,4032,1,changed_mind,2025-08-29 18:11:51
2450,39935,1,size,2025-10-01 21:18:05
2451,39943,2,\N,2025-02-26 10:19:12
2452,39952,1,wrong_item,2025-08-24 00:03:33
2453,39962,1,late_delivery,2025-03-17 14:40:11
2454,39969,1,size,2025-08-09 21:59:32
2455,39971,1,size,2025-02-11 19:47:50
2456,39981,1,late_delivery,2025-06-29 22:01:20
2457,39989,1,wrong_item,2025-06-25 02:46:16
2458,40002,1,\N,2025-07-13 00:05:14
2459,40009,1,size,2025-02-24 10:18:03
246,4053,1,late_delivery,2025-05-16 03:16:08
2460,40011,1,late_delivery,2025-03-23 07:23:11
2461,40018,1,size,2025-09-07 11:40:35
2462,40024,3,size,2025-02-22 21:40:55
2463,40033,1,changed_mind,2025-10-11 05:10:56
2464,40049,1,size,2025-02-08 13:33:58
2465,40054,1,late_delivery,2025-10-13 09:55:51
2466,40058,1,changed_mind,2025-02-22 23:49:58
2467,40063,1,damaged,2025-07-01 03:49:36
2468,40107,1,changed_mind,2025-09-14 13:11:35
2469,40110,1,damaged,2025-07-04 05:32:06
247,4065,1,changed_mind,2025-07-09 06:44:08
2470,40136,1,\N,2025-05-17 01:21:11
2471,40159,2,late_delivery,2025-12-18 07:14:56
2472,40200,1,\N,2025-09-10 02:02:46
2473,40212,1,\N,2025-02-14 19:53:56
2474,40229,1,damaged,2025-12-08 02:44:40
2475,40230,1,changed_mind,2025-11-30 02:44:40
2476,40236,1,\N,2025-01-25 19:43:35
2477,40240,1,\N,2025-04-03 10:58:52
2478,40276,1,size,2025-05-17 15:22:11
2479,40278,1,size,2025-04-10 23:41:50
248,4066,1,damaged,2025-08-06 19:16:20
2480,40341,1,size,2025-05-24 17:09:16
2481,40372,1,\N,2025-06-01 22:32:12
2482,40377,1,\N,2025-06-05 20:38:46
2483,40388,1,\N,2025-04-12 20:51:51
2484,40413,1,size,2025-02-08 16:17:55
2485,40431,1,damaged,2025-02-15 18:03:34
2486,40434,1,size,2025-12-15 09:03:44
2487,40450,2,changed_mind,2025-04-22 07:07:27
2488,40485,1,size,2025-06-10 03:07:38
2489,40508,1,late_delivery,2025-11-15 06:56:34
249,4102,1,damaged,2025-01-26 09:11:57
2490,40509,1,damaged,2025-09-10 04:58:41
2491,40541,1,changed_mind,2025-06-10 18:40:20
2492,40563,1,changed_mind,2025-07-05 00:29:37
2493,40593,2,changed_mind,2025-08-19 21:54:52
2494,40623,1,damaged,2025-10-07 20:20:59
2495,40629,1,wrong_item,2025-07-23 21:57:20
2496,40651,1,\N,2025-12-31 11:24:54
2497,40656,1,damaged,2025-05-06 04:43:35
2498,40657,1,changed_mind,2025-06-08 04:07:34
2499,40681,1,\N,2025-12-04 23:24:46
25,430,1,\N,2025-09-06 11:46:09
250,4109,1,\N,2025-02-19 18:06:15
2500,40703,1,damaged,2025-03-13 03:20:46
2501,40711,1,late_delivery,2025-11-26 05:36:43
2502,40727,1,damaged,2025-03-22 15:54:32
2503,40729,1,size,2025-03-25 15:54:32
2504,40735,1,size,2025-12-18 05:43:44
2505,40745,1,late_delivery,2025-09-14 15:17:00
2506,40751,1,late_delivery,2025-02-13 20:09:41
2507,40759,1,late_delivery,2025-03-04 06:21:54
2508,40775,1,late_delivery,2025-11-04 21:32:11
2509,40783,1,late_delivery,2025-11-20 03:03:39
251,4129,1,late_delivery,2025-08-17 01:02:30
2510,40806,1,size,2025-12-07 13:19:23
2511,40829,1,wrong_item,2025-03-11 22:35:33
2512,40838,1,size,2025-12-28 11:28:49
2513,40864,1,changed_mind,2025-02-15 11:39:42
2514,40891,1,wrong_item,2025-05-15 22:55:51
2515,40912,1,wrong_item,2025-05-05 04:33:43
2516,40915,1,late_delivery,2025-10-12 19:16:38
2517,40926,1,late_delivery,2025-05-16 02:44:34
2518,40933,1,late_delivery,2025-04-06 19:06:17
252,4151,2,late_delivery,2025-04-28 22:09:05
253,4172,3,\N,2025-06-28 23:11:11
254,4178,3,damaged,2025-07-23 18:28:16
255,4254,1,late_delivery,2025-08-07 20:04:10
256,4286,1,damaged,2025-09-21 08:49:01
257,4329,1,changed_mind,2025-01-18 22:55:14
258,4342,1,late_delivery,2025-10-08 20:36:08
259,4358,1,size,2025-05-24 22:07:52
26,440,1,wrong_item,2025-04-21 20:15:37
260,4379,2,changed_mind,2025-02-18 17:32:38
261,4398,1,changed_mind,2025-12-08 20:09:54
262,4416,1,size,2025-07-12 19:41:19
263,4425,1,wrong_item,2025-08-11 23:11:25
264,4430,1,damaged,2025-11-08 04:06:14
265,4478,1,wrong_item,2025-04-16 07:44:09
266,4485,1,wrong_item,2025-11-13 13:29:23
267,4490,1,wrong_item,2025-06-22 17:48:41
268,4521,1,damaged,2025-05-03 05:10:10
269,4531,1,damaged,2025-08-15 23:13:28
27,455,1,changed_mind,2025-01-31 21:59:02
270,4535,1,late_delivery,2025-11-26 08:38:54
271,4561,2,wrong_item,2025-03-23 05:46:34
272,4564,1,\N,2025-12-04 16:32:42
273,4573,2,\N,2025-09-23 15:25:44
274,4611,1,\N,2025-04-09 09:50:02
275,4615,2,\N,2025-04-16 09:50:02
276,4621,1,late_delivery,2025-06-06 11:50:54
277,4625,1,size,2025-12-25 03:36:04
278,4626,3,damaged,2025-12-07 02:07:36
279,4666,1,changed_mind,2025-11-16 04:47:35
28,464,1,\N,2025-11-16 21:59:57
280,4673,2,wrong_item,2025-04-13 03:18:26
281,4701,1,changed_mind,2025-03-17 06:08:18
282,4715,1,late_delivery,2025-12-24 06:24:59
283,4743,1,late_delivery,2025-07-15 20:10:26
284,4744,3,\N,2025-07-21 20:10:26
285,4749,1,changed_mind,2025-02-25 08:42:02
286,4761,1,\N,2025-11-11 06:32:12
287,4769,1,size,2025-09-23 22:18:44
288,4794,1,\N,2025-09-18 14:22:32
289,4847,1,damaged,2025-05-09 05:01:56
29,487,1,late_delivery,2025-09-01 07:54:49
290,4868,1,size,2025-08-06 19:06:53
291,4928,1,changed_mind,2025-07-22 23:20:05
292,4935,1,wrong_item,2025-09-22 10:07:39
293,4936,1,\N,2025-09-19 10:07:39
294,4965,1,changed_mind,2025-04-26 11:42:21
295,4977,1,\N,2025-12-05 02:33:28
296,4996,1,\N,2025-01-18 03:50:03
297,5035,1,changed_mind,2025-11-04 04:16:52
298,5040,1,late_delivery,2025-11-12 06:41:37
299,5043,3,size,2025-09-08 17:16:17
3,26,1,wrong_item,2025-07-29 04:41:14
30,507,3,\N,2025-06-14 21:28:29
300,5044,1,damaged,2025-02-04 22:23:50
301,5058,1,size,2025-05-06 02:09:03
302,5115,1,late_delivery,2025-12-31 23:59:59
303,5119,2,damaged,2025-12-21 09:43:48
304,5125,1,size,2025-10-02 13:36:42
305,5144,1,damaged,2025-03-07 16:04:47
306,5149,2,\N,2025-12-22 10:23:02
307,5160,1,changed_mind,2025-08-09 14:48:49
308,5175,1,changed_mind,2025-07-07 17:37:48
309,5186,1,\N,2025-06-21 23:25:58
31,508,1,size,2025-04-14 21:52:48
310,5190,1,size,2025-05-14 21:31:26
311,5198,1,damaged,2025-07-17 11:19:35
312,5207,1,damaged,2025-10-13 17:58:38
313,5216,2,\N,2025-02-17 15:34:24
314,5235,1,damaged,2025-05-06 22:37:25
315,5239,1,damaged,2025-10-10 22:48:58
316,5258,1,late_delivery,2025-11-24 18:15:59
317,5260,1,late_delivery,2025-11-21 09:16:01
318,5300,1,size,2025-12-28 16:45:16
319,5310,1,size,2025-02-18 12:23:34
32,527,3,late_delivery,2025-12-30 03:41:26
320,5342,1,\N,2025-04-01 06:57:39
321,5355,1,wrong_item,2025-09-25 05:32:59
322,5360,1,damaged,2025-11-26 21:10:34
323,5364,1,wrong_item,2025-11-19 21:10:34
324,5379,1,size,2025-05-15 12:21:57
325,5403,1,late_delivery,2025-07-09 12:51:00
326,5428,1,late_delivery,2025-09-13 15:43:34
327,5446,1,late_delivery,2025-12-14 19:40:30
328,5484,1,size,2025-10-04 17:05:49
329,5504,1,\N,2025-11-12 15:34:49
33,537,1,size,2025-04-06 08:46:32
330,5523,1,wrong_item,2025-10-07 22:42:28
331,5528,1,\N,2025-03-28 19:45:31
332,5536,1,wrong_item,2025-09-18 06:58:51
333,5604,1,late_delivery,2025-12-09 06:27:49
334,5609,1,wrong_item,2025-12-31 21:29:13
335,5610,1,size,2025-12-31 23:59:59
336,5614,1,late_delivery,2025-01-21 06:03:49
337,5622,1,wrong_item,2025-02-28 23:37:30
338,5661,1,changed_mind,2025-10-10 07:53:28
339,5678,1,\N,2025-01-17 02:10:52
34,556,1,wrong_item,2025-09-03 18:47:46
340,5683,1,changed_mind,2025-11-09 13:40:07
341,5747,1,wrong_item,2025-07-04 13:39:57
342,5752,1,changed_mind,2025-08-16 16:09:13
343,5768,1,changed_mind,2025-03-08 17:28:51
344,5782,3,damaged,2025-10-26 06:25:05
345,5816,1,damaged,2025-05-21 11:35:44
346,5825,1,\N,2025-03-18 22:31:39
347,5830,1,wrong_item,2025-12-05 21:53:51
348,5835,1,size,2025-09-15 02:49:29
349,5841,1,damaged,2025-01-26 21:02:27
35,563,1,changed_mind,2025-02-10 20:55:16
350,5886,1,changed_mind,2025-10-27 06:51:59
351,5916,1,\N,2025-09-21 05:24:29
352,5926,1,changed_mind,2025-11-06 20:38:35
353,5962,1,\N,2025-03-08 03:04:43
354,5976,1,changed_mind,2025-05-28 12:53:59
355,5994,1,\N,2025-08-22 07:50:26
356,6007,1,damaged,2025-05-16 09:00:51
357,6022,1,late_delivery,2025-09-18 12:15:31
358,6030,1,late_delivery,2025-11-01 11:46:33
359,6033,1,wrong_item,2025-08-17 02:15:36
36,574,1,damaged,2025-12-31 23:59:59
360,6075,3,damaged,2025-08-07 07:19:28
361,6078,1,damaged,2025-08-23 07:19:28
362,6118,1,changed_mind,2025-03-28 05:56:40
363,6139,1,damaged,2025-12-19 03:06:43
364,6157,1,\N,2025-06-27 22:27:14
365,6158,1,changed_mind,2025-06-18 22:27:14
366,6159,1,size,2025-11-20 15:29:14
367,6177,1,\N,2025-03-22 18:51:48
368,6200,1,size,2025-08-20 00:08:06
369,6207,1,wrong_item,2025-09-19 04:35:18
37,577,1,changed_mind,2025-12-04 12:23:31
370,6210,1,late_delivery,2025-09-13 04:35:18
371,6232,1,late_delivery,2025-12-24 13:59:54
372,6235,1,\N,2025-03-14 04:00:29
373,6241,1,\N,2025-07-17 15:12:49
374,6245,1,changed_mind,2025-04-11 10:00:06
375,6246,1,damaged,2025-03-08 11:34:18
376,6268,1,changed_mind,2025-07-11 07:51:58
377,6269,1,\N,2025-07-10 07:51:58
378,6334,1,\N,2025-12-31 23:59:59
379,6343,1,\N,2025-02-10 20:01:55
38,607,1,late_delivery,2025-09-19 17:42:07
380,6355,1,\N,2025-10-17 09:38:33
381,6378,1,changed_mind,2025-12-08 12:47:33
382,6379,1,late_delivery,2025-10-20 10:03:36
383,6401,1,changed_mind,2025-10-19 00:32:13
384,6408,1,late_delivery,2025-07-23 17:51:31
385,6444,1,changed_mind,2025-09-20 06:44:22
386,6478,1,changed_mind,2025-06-29 10:54:42
387,6488,1,changed_mind,2025-07-13 10:59:38
388,6506,1,\N,2025-05-10 13:14:06
389,6508,1,changed_mind,2025-07-05 03:11:52
39,618,1,\N,2025-03-13 18:04:06
390,6539,1,size,2025-01-30 16:54:46
391,6565,1,damaged,2025-01-29 05:11:31
392,6602,1,size,2025-12-30 09:12:00
393,6610,1,\N,2025-04-28 12:14:45
394,6627,1,damaged,2025-12-31 23:59:59
395,6647,1,damaged,2025-09-16 17:27:16
396,6648,1,size,2025-04-01 14:28:39
397,6673,1,\N,2025-05-23 01:57:22
398,6684,1,damaged,2025-09-16 06:46:25
399,6691,1,wrong_item,2025-10-23 10:30:19
4,30,1,\N,2025-08-16 04:41:14
40,633,1,\N,2025-05-13 05:26:40
400,6692,1,\N,2025-10-23 10:30:19
401,6703,1,size,2025-03-22 16:55:25
402,6726,1,\N,2025-06-04 07:19:53
403,6727,1,wrong_item,2025-05-27 07:19:53
404,6771,1,\N,2025-03-22 06:10:15
405,6778,1,wrong_item,2025-02-26 15:36:28
406,6799,1,changed_mind,2025-04-23 13:39:25
407,6808,1,wrong_item,2025-12-18 15:58:13
408,6818,1,late_delivery,2025-05-07 16:56:02
409,6831,1,changed_mind,2025-04-20 07:23:37
41,638,1,size,2025-10-01 22:37:42
410,6892,1,changed_mind,2025-06-16 12:48:43
411,6924,1,damaged,2025-01-27 03:49:14
412,6937,1,late_delivery,2025-03-02 11:23:36
413,6939,1,late_delivery,2025-05-19 09:36:37
414,6985,1,changed_mind,2025-10-02 16:05:31
415,6988,1,changed_mind,2025-04-03 07:39:06
416,6998,1,changed_mind,2025-10-26 18:22:21
417,7086,1,damaged,2025-03-29 06:36:35
418,7089,1,\N,2025-02-21 15:15:29
419,7109,1,size,2025-10-11 11:49:55
42,668,1,\N,2025-11-21 23:10:00
420,7116,1,size,2025-10-17 13:52:22
421,7136,1,size,2025-12-04 19:58:25
422,7155,1,\N,2025-06-16 23:18:47
423,7162,1,\N,2025-10-06 14:34:41
424,7196,1,damaged,2025-08-08 11:50:31
425,7198,1,size,2025-08-15 11:50:31
426,7199,1,\N,2025-07-31 11:50:31
427,7200,1,late_delivery,2025-09-07 04:48:53
428,7204,1,changed_mind,2025-07-01 15:20:26
429,7222,1,size,2025-12-07 06:40:44
43,697,1,late_delivery,2025-12-24 21:44:40
430,7241,1,size,2025-10-24 12:04:53
431,7274,1,changed_mind,2025-04-14 03:58:56
432,7276,1,damaged,2025-10-04 06:03:10
433,7290,1,damaged,2025-06-28 03:43:07
434,7291,1,\N,2025-05-20 11:03:32
435,7303,1,wrong_item,2025-01-27 08:17:33
436,7311,2,\N,2025-07-02 19:08:27
437,7329,1,changed_mind,2025-08-29 02:25:41
438,7344,1,damaged,2025-08-23 23:59:53
439,7345,1,changed_mind,2025-12-31 23:59:59
44,698,1,wrong_item,2025-08-24 10:25:31
440,7349,1,size,2025-05-07 21:31:32
441,7360,2,late_delivery,2025-04-03 19:25:09
442,7399,1,damaged,2025-04-14 18:00:17
443,7420,1,changed_mind,2025-03-07 03:02:44
444,7437,1,wrong_item,2025-09-23 20:42:50
445,7459,1,changed_mind,2025-02-12 02:02:34
446,7463,1,\N,2025-12-19 23:50:31
447,7520,1,\N,2025-02-15 12:06:11
448,7557,1,damaged,2025-05-26 19:07:44
449,7580,2,\N,2025-07-01 16:22:54
45,732,1,late_delivery,2025-06-06 12:43:43
450,7590,1,damaged,2025-08-08 03:27:35
451,7593,1,changed_mind,2025-05-23 21:44:42
452,7602,1,changed_mind,2025-07-26 00:22:12
453,7612,1,late_delivery,2025-08-30 19:23:14
454,7639,1,damaged,2025-04-02 15:18:37
455,7660,1,wrong_item,2025-02-03 23:36:05
456,7668,1,changed_mind,2025-11-14 16:23:39
457,7681,1,late_delivery,2025-03-19 22:14:29
458,7708,1,\N,2025-10-12 09:39:43
459,7720,1,wrong_item,2025-08-17 12:19:32
46,734,1,\N,2025-03-21 06:30:11
460,7733,1,changed_mind,2025-06-05 14:14:39
461,7751,1,size,2025-03-25 13:04:18
462,7774,1,changed_mind,2025-08-06 05:02:28
463,7778,1,\N,2025-03-15 04:23:09
464,7786,1,size,2025-10-31 22:45:29
465,7836,1,late_delivery,2025-03-05 15:58:00
466,7890,1,damaged,2025-05-25 21:32:36
467,7892,1,damaged,2025-05-17 21:32:36
468,7928,3,\N,2025-09-24 04:18:07
469,8033,1,late_delivery,2025-07-10 08:31:46
47,764,1,size,2025-12-12 00:01:23
470,8039,1,size,2025-05-03 04:49:57
471,8040,1,size,2025-05-07 04:49:57
472,8057,1,changed_mind,2025-06-07 07:50:33
473,8068,1,changed_mind,2025-10-17 00:57:57
474,8069,1,late_delivery,2025-10-15 00:57:57
475,8083,1,size,2025-02-19 09:59:45
476,8118,1,changed_mind,2025-02-23 04:35:29
477,8119,1,changed_mind,2025-02-28 04:35:29
478,8162,2,late_delivery,2025-07-07 09:54:40
479,8167,1,changed_mind,2025-12-31 23:59:59
48,774,1,late_delivery,2025-04-01 13:59:04
480,8199,1,\N,2025-12-31 23:59:59
481,8242,1,late_delivery,2025-12-02 21:17:09
482,8260,1,size,2025-01-23 05:48:12
483,8273,1,late_delivery,2025-12-31 23:59:59
484,8307,1,changed_mind,2025-11-26 18:01:12
485,8321,1,damaged,2025-12-02 02:29:30
486,8327,1,wrong_item,2025-04-17 17:28:37
487,8337,1,wrong_item,2025-04-09 00:55:02
488,8344,1,changed_mind,2025-03-25 23:16:27
489,8356,1,size,2025-04-21 01:50:43
49,775,1,changed_mind,2025-03-21 16:42:07
490,8369,1,wrong_item,2025-04-17 04:16:11
491,8393,1,changed_mind,2025-11-15 14:46:52
492,8404,2,late_delivery,2025-06-16 07:02:36
493,8409,1,size,2025-06-06 23:37:16
494,8444,1,damaged,2025-02-26 07:44:06
495,8448,3,wrong_item,2025-12-03 14:26:06
496,8481,1,size,2025-03-13 03:05:41
497,8485,1,wrong_item,2025-01-06 02:29:19
498,8488,1,\N,2025-09-24 19:17:57
499,8538,1,\N,2025-09-10 01:41:41
5,68,1,damaged,2025-09-16 10:36:38
50,794,1,wrong_item,2025-04-04 17:53:59
500,8597,1,damaged,2025-08-06 11:42:23
501,8598,1,size,2025-07-18 11:42:23
502,8610,1,late_delivery,2025-07-05 00:41:25
503,8615,1,wrong_item,2025-05-25 18:37:19
504,8632,1,late_delivery,2025-04-01 14:10:58
505,8649,1,size,2025-05-30 13:20:07
506,8663,1,\N,2025-10-05 12:37:30
507,8674,1,\N,2025-12-06 20:25:57
508,8682,1,damaged,2025-07-21 16:17:26
509,8689,1,wrong_item,2025-03-21 02:17:48
51,814,2,damaged,2025-04-20 08:49:05
510,8698,1,wrong_item,2025-03-08 17:21:00
511,8712,1,damaged,2025-08-13 15:13:35
512,8729,1,wrong_item,2025-10-05 14:00:12
513,8738,2,damaged,2025-10-14 23:24:44
514,8741,1,late_delivery,2025-10-03 23:24:44
515,8803,1,changed_mind,2025-09-25 15:31:30
516,8804,1,wrong_item,2025-05-01 03:42:03
517,8810,1,wrong_item,2025-05-11 16:00:23
518,8817,1,late_delivery,2025-11-12 18:07:55
519,8829,1,changed_mind,2025-02-24 04:43:45
52,859,1,size,2025-06-12 18:18:25
520,8846,1,late_delivery,2025-04-14 01:31:44
521,8850,1,damaged,2025-04-11 00:26:40
522,8862,1,late_delivery,2025-04-17 01:36:48
523,8908,1,changed_mind,2025-05-01 13:55:30
524,8919,1,changed_mind,2025-03-17 09:06:14
525,8923,1,damaged,2025-10-18 01:47:07
526,8930,1,\N,2025-07-06 08:51:56
527,8940,1,\N,2025-09-08 06:54:06
528,8959,1,\N,2025-11-26 04:22:36
529,8974,2,damaged,2025-11-23 07:34:00
53,863,1,changed_mind,2025-07-23 02:00:55
530,8987,1,late_delivery,2025-04-18 06:07:24
531,9004,1,damaged,2025-12-31 23:59:59
532,9014,2,damaged,2025-02-01 22:51:49
533,9020,1,changed_mind,2025-07-10 11:56:52
534,9106,1,damaged,2025-01-23 02:37:33
535,9111,1,late_delivery,2025-09-07 14:25:33
536,9113,1,\N,2025-08-27 14:25:33
537,9156,1,damaged,2025-02-06 05:39:53
538,9158,1,changed_mind,2025-12-19 09:38:59
539,9163,1,changed_mind,2025-12-31 23:59:59
54,876,1,damaged,2025-08-09 12:21:06
540,9174,1,wrong_item,2025-03-13 06:33:39
541,9179,1,\N,2025-07-31 21:12:05
542,9189,1,wrong_item,2025-04-21 16:16:59
543,9194,1,\N,2025-08-22 15:28:44
544,9254,1,size,2025-12-12 22:48:28
545,9285,1,damaged,2025-10-07 12:24:44
546,9310,1,damaged,2025-06-21 17:16:04
547,9319,1,size,2025-06-10 13:46:18
548,9358,1,late_delivery,2025-09-18 12:36:41
549,9378,1,wrong_item,2025-11-02 16:32:52
55,913,1,changed_mind,2025-02-02 05:03:37
550,9394,1,wrong_item,2025-10-12 08:36:27
551,9396,1,wrong_item,2025-12-28 23:22:20
552,9402,1,size,2025-10-11 14:36:54
553,9409,1,\N,2025-06-13 00:09:30
554,9411,1,\N,2025-12-31 23:59:59
555,9414,1,size,2025-11-25 23:05:00
556,9452,1,size,2025-04-21 02:06:02
557,9483,1,wrong_item,2025-04-19 15:52:52
558,9493,1,\N,2025-04-19 19:58:10
559,9500,1,\N,2025-05-17 09:59:52
56,914,1,changed_mind,2025-01-20 05:03:37
560,9526,1,\N,2025-06-20 13:42:28
561,9528,1,changed_mind,2025-05-31 13:42:28
562,9553,1,wrong_item,2025-10-18 04:17:14
563,9557,1,\N,2025-07-25 10:14:08
564,9564,1,size,2025-06-30 07:00:13
565,9596,1,changed_mind,2025-12-31 23:59:59
566,9599,1,changed_mind,2025-11-26 22:35:05
567,9607,1,changed_mind,2025-09-14 08:15:46
568,9622,1,changed_mind,2025-04-27 14:20:19
569,9638,1,\N,2025-02-24 14:20:20
57,924,1,size,2025-03-22 17:27:33
570,9687,1,\N,2025-08-06 04:30:53
571,9689,1,wrong_item,2025-11-22 15:35:19
572,9744,1,late_delivery,2025-12-19 19:15:48
573,9762,1,size,2025-12-01 02:49:31
574,9802,1,damaged,2025-10-12 05:14:41
575,9819,1,size,2025-03-29 05:31:21
576,9828,1,late_delivery,2025-11-09 09:53:19
577,9845,1,damaged,2025-02-05 20:32:16
578,9856,1,size,2025-08-24 07:48:07
579,9878,1,changed_mind,2025-06-08 17:52:06
58,970,1,size,2025-11-15 23:11:05
580,9907,1,late_delivery,2025-05-06 23:11:11
581,9954,1,size,2025-03-27 07:31:24
582,9960,1,\N,2025-12-31 23:59:59
583,9968,1,wrong_item,2025-03-02 22:13:05
584,10020,1,damaged,2025-03-17 15:50:30
585,10025,1,size,2025-11-01 06:19:47
586,10082,1,late_delivery,2025-11-18 16:59:36
587,10125,1,damaged,2025-05-22 00:21:41
588,10211,1,damaged,2025-11-05 20:25:13
589,10253,1,damaged,2025-03-17 04:37:09
59,973,1,damaged,2025-11-07 23:11:05
590,10265,2,\N,2025-08-17 18:36:55
591,10281,1,\N,2025-09-28 14:14:10
592,10302,1,\N,2025-01-18 05:03:11
593,10309,1,size,2025-10-25 16:02:06
594,10318,1,size,2025-03-13 21:58:41
595,10336,1,wrong_item,2025-04-24 05:07:05
596,10347,1,size,2025-06-15 03:13:32
597,10349,1,wrong_item,2025-08-04 09:21:46
598,10401,1,\N,2025-12-16 01:24:16
599,10402,1,size,2025-12-18 01:24:16
6,69,1,size,2025-06-14 07:45:32
60,974,1,size,2025-10-30 23:11:05
600,10437,1,late_delivery,2025-03-20 02:22:07
601,10491,1,wrong_item,2025-03-17 07:25:36
602,10492,1,\N,2025-03-12 07:25:36
603,10551,1,changed_mind,2025-11-21 02:15:28
604,10568,1,damaged,2025-10-20 10:54:11
605,10575,1,wrong_item,2025-03-16 21:30:38
606,10618,1,wrong_item,2025-08-14 00:34:07
607,10620,1,size,2025-08-12 00:34:07
608,10625,3,wrong_item,2025-11-25 07:32:29
609,10630,1,size,2025-01-31 01:41:06
61,989,1,wrong_item,2025-03-17 17:03:01
610,10638,1,late_delivery,2025-07-16 03:49:52
611,10660,1,size,2025-12-08 14:01:26
612,10665,1,damaged,2025-07-22 14:17:45
613,10673,1,late_delivery,2025-03-05 07:12:55
614,10691,1,damaged,2025-12-31 23:59:59
615,10714,1,size,2025-10-13 22:02:06
616,10734,1,size,2025-10-04 01:19:26
617,10743,1,damaged,2025-03-15 12:04:07
618,10768,1,late_delivery,2025-12-25 07:01:35
619,10790,1,\N,2025-09-26 15:31:41
62,1014,1,late_delivery,2025-06-03 17:29:03
620,10820,1,\N,2025-09-26 15:23:34
621,10821,1,\N,2025-09-30 15:23:34
622,10887,1,wrong_item,2025-03-31 09:58:21
623,10938,1,size,2025-06-06 17:27:14
624,10954,1,\N,2025-11-28 11:27:42
625,10965,1,\N,2025-11-18 06:12:27
626,10967,1,damaged,2025-11-24 06:12:27
627,10969,1,\N,2025-10-24 07:54:46
628,10971,1,changed_mind,2025-10-25 07:54:46
629,10973,1,late_delivery,2025-08-08 18:37:44
63,1020,1,size,2025-08-17 13:16:52
630,10981,1,size,2025-01-29 15:43:55
631,10982,1,wrong_item,2025-02-12 15:43:55
632,10993,1,late_delivery,2025-11-12 14:03:16
633,10996,1,size,2025-02-24 16:19:29
634,11014,1,\N,2025-06-14 21:51:21
635,11023,1,wrong_item,2025-07-07 04:02:04
636,11055,1,\N,2025-09-29 07:39:24
637,11084,1,damaged,2025-09-19 08:10:00
638,11125,1,wrong_item,2025-04-13 15:23:25
639,11162,1,size,2025-03-12 11:05:28
64,1040,1,changed_mind,2025-03-11 05:35:58
640,11182,1,size,2025-04-17 00:59:14
641,11194,1,size,2025-08-26 20:48:50
642,11202,1,late_delivery,2025-08-29 19:06:52
643,11287,1,wrong_item,2025-09-30 09:35:30
644,11296,1,damaged,2025-10-30 15:00:35
645,11302,1,wrong_item,2025-02-28 07:43:01
646,11304,1,size,2025-08-18 22:38:31
647,11338,1,late_delivery,2025-09-18 22:36:25
648,11344,1,wrong_item,2025-03-06 03:11:49
649,11346,1,late_delivery,2025-03-08 03:11:49
65,1075,1,\N,2025-03-23 04:57:10
650,11352,1,size,2025-08-25 01:54:28
651,11361,1,\N,2025-09-23 00:08:56
652,11403,1,late_delivery,2025-03-20 14:30:17
653,11413,1,changed_mind,2025-10-04 06:56:33
654,11420,1,changed_mind,2025-03-21 02:51:08
655,11437,1,wrong_item,2025-10-12 09:40:09
656,11438,1,size,2025-10-20 09:40:09
657,11439,1,changed_mind,2025-10-24 09:40:09
658,11511,1,damaged,2025-02-05 19:59:04
659,11542,2,changed_mind,2025-02-08 21:38:27
66,1092,1,wrong_item,2025-04-30 05:55:42
660,11545,1,size,2025-09-07 03:11:48
661,11560,1,changed_mind,2025-09-15 08:19:27
662,11564,1,\N,2025-04-30 15:11:26
663,11565,3,late_delivery,2025-09-06 03:43:07
664,11578,1,damaged,2025-08-01 13:36:05
665,11582,1,\N,2025-04-22 13:50:59
666,11624,1,wrong_item,2025-12-22 02:13:09
667,11659,1,changed_mind,2025-01-29 14:05:54
668,11662,1,late_delivery,2025-07-09 06:29:14
669,11663,1,changed_mind,2025-07-07 06:29:14
67,1093,1,size,2025-10-04 06:04:00
670,11744,1,size,2025-11-29 20:51:24
671,11773,1,wrong_item,2025-08-11 23:32:20
672,11780,1,changed_mind,2025-05-20 05:28:20
673,11831,1,\N,2025-03-25 04:39:01
674,11836,1,changed_mind,2025-05-07 18:40:19
675,11859,1,late_delivery,2025-12-16 23:52:51
676,11909,1,late_delivery,2025-06-12 02:10:49
677,11923,1,wrong_item,2025-10-13 19:25:56
678,11975,1,changed_mind,2025-05-18 12:23:56
679,11983,1,changed_mind,2025-02-25 19:33:45
68,1126,1,size,2025-04-29 07:16:29
680,12009,1,size,2025-06-26 23:37:26
681,12020,1,late_delivery,2025-10-04 17:31:29
682,12021,1,changed_mind,2025-09-10 17:31:29
683,12050,2,late_delivery,2025-06-12 13:09:40
684,12058,1,late_delivery,2025-03-30 16:41:49
685,12063,1,size,2025-11-23 21:09:34
686,12073,2,size,2025-07-07 16:53:49
687,12094,1,late_delivery,2025-08-22 22:59:25
688,12096,1,size,2025-10-24 23:22:18
689,12110,1,\N,2025-11-01 19:12:45
69,1145,1,changed_mind,2025-04-10 19:12:23
690,12115,1,late_delivery,2025-06-22 14:11:23
691,12132,1,changed_mind,2025-05-16 23:51:16
692,12156,1,late_delivery,2025-08-18 14:39:54
693,12164,1,late_delivery,2025-06-02 15:58:40
694,12167,1,size,2025-04-06 11:11:55
695,12186,1,\N,2025-09-26 23:31:49
696,12213,1,changed_mind,2025-06-01 22:08:01
697,12217,1,late_delivery,2025-03-01 10:28:37
698,12236,1,wrong_item,2025-08-18 22:23:31
699,12283,1,wrong_item,2025-05-29 14:10:02
7,96,1,damaged,2025-08-13 23:47:12
70,1165,1,size,2025-03-30 16:07:43
700,12287,1,damaged,2025-11-27 07:21:35
701,12292,1,wrong_item,2025-03-22 16:29:10
702,12298,1,wrong_item,2025-04-20 19:43:40
703,12314,1,damaged,2025-08-22 01:56:18
704,12342,1,late_delivery,2025-06-25 15:43:02
705,12357,1,damaged,2025-10-20 19:33:42
706,12363,1,size,2025-08-11 06:28:27
707,12377,1,\N,2025-07-08 10:40:51
708,12395,2,size,2025-01-13 12:06:03
709,12401,1,changed_mind,2025-08-18 21:57:07
71,1177,1,wrong_item,2025-06-16 18:35:59
710,12407,1,damaged,2025-03-21 03:41:22
711,12410,1,changed_mind,2025-03-13 03:41:22
712,12453,1,changed_mind,2025-12-31 23:59:59
713,12464,1,\N,2025-02-21 17:41:31
714,12473,1,late_delivery,2025-03-10 14:02:57
715,12486,1,size,2025-02-26 04:09:57
716,12494,1,\N,2025-08-03 02:05:10
717,12499,1,size,2025-02-24 09:58:18
718,12516,1,wrong_item,2025-12-02 18:23:06
719,12537,1,wrong_item,2025-03-06 05:25:05
72,1187,1,wrong_item,2025-11-24 17:13:39
720,12547,1,size,2025-07-23 00:23:28
721,12557,1,changed_mind,2025-05-22 17:09:39
722,12564,1,late_delivery,2025-09-19 00:38:45
723,12567,1,wrong_item,2025-10-19 07:15:35
724,12579,2,late_delivery,2025-04-29 19:04:21
725,12580,1,\N,2025-04-30 19:04:21
726,12595,1,wrong_item,2025-04-22 17:57:45
727,12600,1,wrong_item,2025-06-13 22:12:05
728,12606,1,late_delivery,2025-02-27 00:23:46
729,12607,1,changed_mind,2025-02-09 00:23:46
73,1196,1,damaged,2025-10-04 07:06:03
730,12646,1,\N,2025-09-27 17:30:42
731,12653,1,wrong_item,2025-12-31 23:59:59
732,12681,1,size,2025-11-25 10:10:13
733,12692,1,\N,2025-12-31 23:59:59
734,12701,1,changed_mind,2025-12-24 20:30:51
735,12716,1,size,2025-06-04 22:21:10
736,12718,1,damaged,2025-02-25 02:57:45
737,12751,1,changed_mind,2025-02-24 19:08:31
738,12758,1,late_delivery,2025-12-01 11:48:23
739,12772,1,wrong_item,2025-08-04 13:40:55
74,1200,1,wrong_item,2025-01-20 21:49:30
740,12775,1,late_delivery,2025-09-13 05:18:33
741,12797,1,size,2025-09-20 01:14:30
742,12802,1,size,2025-05-22 07:20:29
743,12803,1,size,2025-06-14 07:20:29
744,12842,1,size,2025-10-07 00:54:56
745,12884,1,late_delivery,2025-02-10 03:41:19
746,12908,2,wrong_item,2025-03-10 17:58:05
747,12910,1,size,2025-06-03 11:48:46
748,12916,1,damaged,2025-02-24 17:22:17
749,12949,1,changed_mind,2025-07-10 17:27:28
75,1207,1,\N,2025-12-31 23:59:59
750,12983,1,damaged,2025-09-11 04:35:15
751,13047,1,damaged,2025-02-28 11:31:20
752,13048,1,\N,2025-02-25 11:31:20
753,13062,1,\N,2025-11-25 05:57:18
754,13098,1,size,2025-11-23 03:59:08
755,13102,1,damaged,2025-08-30 23:26:03
756,13104,1,late_delivery,2025-10-19 10:18:48
757,13114,1,size,2025-02-14 19:08:48
758,13119,1,late_delivery,2025-10-08 09:42:52
759,13123,1,\N,2025-05-18 12:15:04
76,1215,1,size,2025-09-03 07:27:33
760,13137,1,size,2025-05-03 22:46:34
761,13142,1,late_delivery,2025-03-12 10:28:29
762,13169,1,damaged,2025-05-18 03:13:27
763,13170,1,\N,2025-06-08 03:13:27
764,13172,1,changed_mind,2025-06-18 21:48:56
765,13186,1,changed_mind,2025-03-10 07:39:38
766,13217,1,wrong_item,2025-02-25 18:56:31
767,13234,1,damaged,2025-12-31 23:59:59
768,13257,1,damaged,2025-10-17 17:58:27
769,13287,1,size,2025-05-17 22:31:40
77,1237,1,size,2025-08-11 05:17:26
770,13292,1,\N,2025-10-26 05:57:39
771,13305,1,size,2025-11-30 19:18:31
772,13344,1,changed_mind,2025-12-19 19:08:29
773,13346,1,wrong_item,2025-12-31 23:59:59
774,13349,2,\N,2025-08-18 14:35:51
775,13350,1,changed_mind,2025-08-30 14:35:51
776,13363,1,late_delivery,2025-06-08 21:38:42
777,13366,1,late_delivery,2025-06-25 16:31:28
778,13370,1,late_delivery,2025-11-16 13:45:57
779,13392,1,\N,2025-12-31 13:53:46
78,1239,1,damaged,2025-08-23 05:17:26
780,13394,1,\N,2025-04-03 19:48:05
781,13401,1,\N,2025-10-26 23:11:30
782,13412,1,\N,2025-06-25 17:05:01
783,13417,1,size,2025-09-04 08:28:08
784,13423,1,changed_mind,2025-12-27 04:25:10
785,13449,1,size,2025-12-13 23:07:50
786,13495,1,changed_mind,2025-03-16 02:13:36
787,13524,1,\N,2025-03-21 15:15:15
788,13536,1,damaged,2025-04-12 10:27:06
789,13537,1,wrong_item,2025-04-18 10:27:06
79,1247,1,damaged,2025-05-28 10:57:34
790,13550,1,\N,2025-07-08 01:13:52
791,13566,1,\N,2025-08-13 01:42:30
792,13628,1,\N,2025-10-28 06:18:27
793,13633,1,late_delivery,2025-12-31 23:59:59
794,13646,1,\N,2025-08-28 03:18:25
795,13647,1,wrong_item,2025-05-24 11:41:03
796,13652,1,wrong_item,2025-09-30 20:03:21
797,13653,3,\N,2025-05-15 13:36:29
798,13654,1,late_delivery,2025-09-28 15:56:47
799,13657,1,late_delivery,2025-01-19 09:41:49
8,122,1,\N,2025-01-09 21:12:20
80,1248,1,damaged,2025-06-05 10:57:34
800,13677,1,changed_mind,2025-08-13 07:20:19
801,13702,1,late_delivery,2025-10-21 16:27:34
802,13705,1,\N,2025-07-14 08:47:57
803,13707,1,\N,2025-07-19 08:47:57
804,13715,1,\N,2025-02-11 22:42:06
805,13770,1,wrong_item,2025-08-15 03:12:26
806,13780,1,late_delivery,2025-12-24 18:05:25
807,13783,1,damaged,2025-12-17 18:05:25
808,13789,1,size,2025-05-05 17:03:47
809,13818,1,\N,2025-08-05 20:48:12
81,1280,1,wrong_item,2025-05-23 17:17:16
810,13881,1,size,2025-05-20 07:29:44
811,13904,1,late_delivery,2025-03-22 15:23:47
812,13908,3,damaged,2025-12-20 06:40:50
813,13939,1,damaged,2025-02-15 10:57:45
814,13951,1,\N,2025-03-17 14:50:53
815,13976,1,damaged,2025-05-13 10:10:06
816,13983,1,changed_mind,2025-10-06 16:30:29
817,13994,1,size,2025-11-27 15:51:56
818,14006,1,\N,2025-07-17 02:35:06
819,14012,1,changed_mind,2025-12-31 23:59:59
82,1284,1,\N,2025-09-22 00:27:52
820,14021,1,size,2025-12-31 23:59:59
821,14050,1,damaged,2025-08-10 18:24:24
822,14058,1,wrong_item,2025-11-15 22:19:39
823,14106,1,late_delivery,2025-01-23 21:11:51
824,14117,2,changed_mind,2025-05-31 01:20:27
825,14157,1,\N,2025-10-19 12:17:42
826,14213,1,changed_mind,2025-04-25 10:57:38
827,14245,1,changed_mind,2025-03-01 18:39:41
828,14251,1,late_delivery,2025-06-13 00:18:26
829,14275,1,late_delivery,2025-02-09 21:32:33
83,1315,1,damaged,2025-11-28 08:13:13
830,14281,1,size,2025-02-09 18:51:44
831,14288,1,damaged,2025-08-12 15:53:15
832,14296,1,changed_mind,2025-10-03 12:09:32
833,14297,3,late_delivery,2025-10-06 12:09:32
834,14312,1,late_delivery,2025-10-23 18:38:21
835,14324,1,\N,2025-08-23 22:08:01
836,14351,1,changed_mind,2025-07-18 06:19:09
837,14382,1,\N,2025-06-04 01:03:33
838,14408,1,changed_mind,2025-04-23 14:51:27
839,14411,1,size,2025-01-19 13:19:59
84,1336,1,damaged,2025-11-18 07:03:00
840,14425,1,wrong_item,2025-02-11 22:29:49
841,14426,1,late_delivery,2025-02-01 22:29:49
842,14484,1,\N,2025-12-19 21:30:21
843,14573,1,wrong_item,2025-03-21 06:47:40
844,14587,1,size,2025-07-07 17:33:47
845,14611,1,damaged,2025-12-14 15:14:10
846,14612,1,changed_mind,2025-12-12 15:14:10
847,14618,1,wrong_item,2025-03-25 06:27:34
848,14619,1,size,2025-04-20 06:27:34
849,14658,1,changed_mind,2025-10-25 00:34:36
85,1347,1,\N,2025-12-31 23:59:59
850,14682,1,changed_mind,2025-08-14 14:52:55
851,14691,1,changed_mind,2025-08-05 23:21:22
852,14693,1,damaged,2025-06-28 13:45:34
853,14758,1,\N,2025-08-02 14:15:02
854,14767,1,size,2025-01-29 19:23:08
855,14770,1,\N,2025-02-09 19:23:08
856,14772,1,late_delivery,2025-07-30 01:20:31
857,14776,1,wrong_item,2025-02-09 23:43:08
858,14786,1,changed_mind,2025-04-18 13:21:58
859,14787,1,size,2025-08-07 10:14:09
86,1375,1,late_delivery,2025-04-22 14:24:44
860,14801,1,late_delivery,2025-03-06 15:09:11
861,14811,1,wrong_item,2025-02-04 15:09:25
862,14814,1,late_delivery,2025-01-31 11:02:01
863,14825,1,late_delivery,2025-02-12 04:14:09
864,14827,1,damaged,2025-08-01 05:48:04
865,14849,1,\N,2025-10-12 22:02:31
866,14868,1,changed_mind,2025-08-08 20:25:14
867,14869,1,damaged,2025-07-25 20:25:14
868,14888,1,wrong_item,2025-12-24 05:54:15
869,14936,1,wrong_item,2025-07-28 01:24:04
87,1376,1,wrong_item,2025-04-26 14:24:44
870,14953,1,changed_mind,2025-10-05 11:33:40
871,14960,1,size,2025-06-10 17:30:09
872,14989,1,size,2025-12-21 02:22:38
873,15009,1,\N,2025-10-13 02:38:34
874,15051,1,wrong_item,2025-07-12 00:50:58
875,15052,1,late_delivery,2025-09-06 08:24:35
876,15063,1,late_delivery,2025-01-27 17:12:23
877,15089,2,damaged,2025-06-08 18:11:34
878,15100,1,\N,2025-02-17 17:55:06
879,15111,1,\N,2025-12-18 10:49:48
88,1400,1,size,2025-05-15 18:00:17
880,15120,1,late_delivery,2025-12-31 23:59:59
881,15174,1,late_delivery,2025-02-27 06:43:13
882,15214,1,changed_mind,2025-07-14 05:11:45
883,15224,1,\N,2025-02-07 00:21:26
884,15264,3,late_delivery,2025-12-31 23:59:59
885,15265,1,late_delivery,2025-12-15 11:17:37
886,15280,1,\N,2025-03-01 02:46:11
887,15321,1,\N,2025-05-25 19:24:31
888,15330,1,late_delivery,2025-08-11 18:31:03
889,15344,1,late_delivery,2025-10-23 12:57:34
89,1433,1,changed_mind,2025-09-10 18:18:24
890,15353,1,late_delivery,2025-06-26 03:29:57
891,15355,1,late_delivery,2025-05-19 08:17:33
892,15356,1,size,2025-05-09 08:17:33
893,15358,1,wrong_item,2025-06-03 03:54:23
894,15392,1,damaged,2025-06-02 16:40:19
895,15395,1,\N,2025-11-25 03:45:49
896,15396,1,\N,2025-11-23 03:45:49
897,15411,1,wrong_item,2025-12-31 23:59:59
898,15419,1,late_delivery,2025-02-26 10:07:52
899,15422,1,damaged,2025-09-24 18:29:57
9,125,1,damaged,2025-09-29 03:19:35
90,1491,1,late_delivery,2025-05-28 01:27:18
900,15437,1,changed_mind,2025-01-29 13:51:56
901,15445,1,\N,2025-10-13 11:36:48
902,15448,1,wrong_item,2025-11-19 17:36:37
903,15465,1,damaged,2025-07-01 20:56:18
904,15468,1,late_delivery,2025-04-06 09:47:19
905,15469,1,size,2025-04-28 09:47:19
906,15497,1,changed_mind,2025-05-04 20:21:19
907,15510,1,size,2025-05-04 11:00:37
908,15524,1,wrong_item,2025-10-15 14:30:58
909,15527,1,wrong_item,2025-05-08 14:05:20
91,1492,1,\N,2025-05-28 01:27:18
910,15528,1,\N,2025-03-31 23:23:01
911,15557,1,changed_mind,2025-09-11 22:49:08
912,15568,1,size,2025-02-11 07:51:46
913,15570,1,\N,2025-05-18 01:19:16
914,15579,1,late_delivery,2025-06-21 05:14:19
915,15580,1,late_delivery,2025-02-20 09:19:51
916,15615,1,late_delivery,2025-06-20 02:57:59
917,15624,1,late_delivery,2025-01-26 16:57:24
918,15663,1,size,2025-02-02 08:11:30
919,15666,1,damaged,2025-02-01 20:31:50
92,1535,1,late_delivery,2025-08-28 05:42:44
920,15692,1,size,2025-07-07 02:34:03
921,15706,1,changed_mind,2025-12-31 23:59:59
922,15723,1,changed_mind,2025-11-22 10:20:47
923,15729,1,size,2025-12-09 04:48:10
924,15761,3,changed_mind,2025-08-06 05:24:14
925,15778,1,changed_mind,2025-02-08 20:31:18
926,15853,1,wrong_item,2025-09-10 06:04:34
927,15855,1,late_delivery,2025-12-31 23:59:59
928,15873,1,changed_mind,2025-01-30 11:47:33
929,15907,1,\N,2025-09-22 09:24:49
93,1540,1,wrong_item,2025-07-28 00:23:53
930,15916,1,damaged,2025-09-27 17:46:51
931,15934,1,\N,2025-04-22 04:13:29
932,15935,1,damaged,2025-05-07 04:13:29
933,15944,1,damaged,2025-08-08 11:08:42
934,15948,1,late_delivery,2025-07-17 14:38:55
935,15949,1,size,2025-07-13 07:17:26
936,15950,1,late_delivery,2025-03-20 08:32:49
937,15978,1,changed_mind,2025-02-04 03:05:04
938,15982,1,damaged,2025-11-13 07:57:54
939,16014,1,late_delivery,2025-07-21 14:15:43
94,1545,1,wrong_item,2025-09-03 13:05:13
940,16020,1,wrong_item,2025-10-23 14:36:14
941,16029,1,wrong_item,2025-06-27 11:14:14
942,16079,1,damaged,2025-05-26 19:30:58
943,16103,1,changed_mind,2025-08-14 02:50:55
944,16124,2,wrong_item,2025-10-20 01:24:19
945,16130,1,damaged,2025-08-29 01:30:22
946,16136,1,wrong_item,2025-07-24 05:59:47
947,16151,2,changed_mind,2025-02-17 06:52:06
948,16162,1,wrong_item,2025-12-25 06:07:11
949,16188,1,damaged,2025-07-10 12:29:50
95,1553,1,late_delivery,2025-11-13 14:28:32
950,16190,1,late_delivery,2025-07-08 12:29:50
951,16205,1,changed_mind,2025-08-18 04:09:49
952,16230,1,late_delivery,2025-12-17 19:02:12
953,16232,1,damaged,2025-02-19 11:54:10
954,16243,1,\N,2025-09-07 05:44:01
955,16258,1,late_delivery,2025-02-18 16:34:08
956,16287,1,changed_mind,2025-06-25 18:58:36
957,16297,1,\N,2025-08-21 03:20:31
958,16308,1,wrong_item,2025-06-08 13:52:00
959,16314,1,late_delivery,2025-06-25 22:37:08
96,1555,1,changed_mind,2025-05-15 11:24:41
960,16317,1,wrong_item,2025-06-27 22:37:08
961,16358,1,\N,2025-10-15 17:51:53
962,16363,1,wrong_item,2025-10-09 21:39:11
963,16386,1,wrong_item,2025-11-25 18:22:51
964,16393,1,wrong_item,2025-05-05 10:45:26
965,16401,1,\N,2025-01-04 10:41:03
966,16411,1,damaged,2025-04-03 17:29:04
967,16437,1,\N,2025-07-25 00:32:23
968,16448,1,\N,2025-04-20 03:56:43
969,16450,1,\N,2025-10-06 22:43:33
97,1556,1,wrong_item,2025-07-11 17:17:30
970,16456,1,\N,2025-03-08 23:13:52
971,16462,1,changed_mind,2025-03-20 16:28:40
972,16472,1,late_delivery,2025-07-27 02:56:25
973,16473,1,changed_mind,2025-05-25 09:26:45
974,16485,1,size,2025-12-07 06:01:25
975,16560,3,late_delivery,2025-07-29 06:55:18
976,16563,1,size,2025-04-02 15:29:59
977,16582,1,changed_mind,2025-01-18 17:29:51
978,16584,1,damaged,2025-03-31 19:31:57
979,16588,1,changed_mind,2025-12-15 12:42:23
98,1592,1,damaged,2025-01-12 09:41:17
980,16605,1,changed_mind,2025-12-31 23:59:59
981,16626,1,damaged,2025-03-18 06:39:23
982,16636,1,size,2025-03-02 12:56:31
983,16663,1,changed_mind,2025-07-28 03:30:25
984,16674,1,size,2025-07-05 17:17:52
985,16681,1,changed_mind,2025-02-23 10:59:15
986,16683,1,\N,2025-11-03 08:18:58
987,16699,1,\N,2025-08-05 04:40:20
988,16713,2,changed_mind,2025-12-05 10:29:31
989,16715,1,damaged,2025-11-18 11:28:48
99,1604,1,changed_mind,2025-03-13 00:57:14
990,16717,1,wrong_item,2025-05-29 01:27:21
991,16739,1,late_delivery,2025-09-29 20:40:13
992,16740,2,late_delivery,2025-10-28 12:13:16
993,16764,1,\N,2025-09-03 17:21:13
994,16765,1,late_delivery,2025-09-19 17:21:13
995,16803,1,wrong_item,2025-03-15 09:15:14
996,16806,1,changed_mind,2025-03-13 09:15:14
997,16838,1,wrong_item,2025-03-27 21:13:06
998,16854,1,late_delivery,2025-11-04 10:20:16
999,16875,2,changed_mind,2025-12-28 07:36:32
