shipment_id,order_id,carrier,ship_ts,delivered_ts
1,2,fedex,2026-01-01 03:00:37,2025-12-31 23:59:59
10,16,dhl,2025-09-11 12:46:10,2025-09-12 23:46:10
100,158,ups,2025-07-28 03:02:20,2025-07-29 01:02:20
1000,1537,dhl,2025-08-24 22:44:19,2025-08-30 06:44:19
10000,15525,usps,2025-07-09 01:08:59,2025-07-13 15:08:59
10001,15527,ups,2025-03-18 05:14:11,2025-03-20 23:14:11
10002,15528,dhl,2025-01-08 07:54:23,2025-01-09 02:54:23
10003,15529,fedex,2025-05-21 00:01:38,2025-05-24 22:01:38
10004,15532,dhl,2025-08-02 17:30:37,2025-08-04 05:30:37
10005,15534,ups,2025-03-31 11:34:20,2025-04-04 19:34:20
10006,15535,dhl,2025-02-13 01:33:53,2025-02-16 14:33:53
10007,15536,ups,2025-05-31 20:02:11,2025-06-03 19:02:11
10008,15538,dhl,2025-07-22 14:08:50,2025-07-27 01:08:50
10009,15539,ups,2025-05-25 18:42:47,2025-05-29 20:42:47
1001,1538,usps,2025-01-14 06:30:17,2025-01-18 03:30:17
10010,15542,dhl,2025-10-29 06:17:43,2025-11-02 00:17:43
10011,15546,fedex,2025-08-03 10:57:16,2025-08-04 22:57:16
10012,15547,fedex,2025-03-22 15:10:26,\N
10013,15550,fedex,2025-09-16 17:16:33,2025-09-17 16:16:33
10014,15551,ups,2025-05-01 18:15:25,2025-05-04 08:15:25
10015,15553,usps,2025-01-10 20:02:34,\N
10016,15554,usps,2025-11-03 19:17:12,2025-11-06 10:17:12
10017,15555,usps,2025-10-28 13:43:15,2025-10-31 21:43:15
10018,15557,usps,2025-01-26 14:25:29,2025-01-28 13:25:29
10019,15559,usps,2025-03-23 19:03:51,2025-03-25 16:03:51
1002,1539,ups,2025-05-11 01:02:27,2025-05-14 01:02:27
10020,15560,fedex,2025-04-15 19:42:53,2025-04-17 05:42:53
10021,15561,ups,2025-07-30 05:56:02,2025-08-04 14:56:02
10022,15563,dhl,2025-11-07 02:01:07,2025-11-09 08:01:07
10023,15564,fedex,2025-04-26 18:23:21,2025-04-28 09:23:21
10024,15565,usps,2025-02-09 22:04:40,2025-02-10 04:04:40
10025,15567,ups,2025-07-15 03:55:40,\N
10026,15568,dhl,2025-02-08 17:41:28,2025-02-09 10:41:28
10027,15569,usps,2025-11-11 18:54:13,2025-11-13 05:54:13
10028,15570,usps,2025-05-13 17:18:40,2025-05-14 18:18:40
10029,15571,fedex,2025-04-30 23:47:30,2025-05-03 08:47:30
1003,1540,dhl,2025-03-06 12:14:35,2025-03-09 10:14:35
10030,15572,ups,2025-07-08 03:39:10,2025-07-09 23:39:10
10031,15573,fedex,2025-07-23 13:58:06,2025-07-24 10:58:06
10032,15575,fedex,2025-07-16 11:52:15,2025-07-21 11:52:15
10033,15576,ups,2025-12-20 00:40:49,2025-12-24 18:40:49
10034,15578,fedex,2025-11-10 12:43:29,2025-11-15 08:43:29
10035,15580,ups,2025-09-07 08:46:14,2025-09-11 07:46:14
10036,15581,fedex,2025-09-19 04:07:31,2025-09-21 07:07:31
10037,15582,ups,2025-02-11 07:29:33,2025-02-13 11:29:33
10038,15583,usps,2025-01-11 09:49:33,2025-01-12 17:49:33
10039,15584,usps,2025-07-13 19:55:26,2025-07-16 02:55:26
1004,1541,fedex,2025-10-16 05:57:03,2025-10-21 14:57:03
10040,15585,ups,2025-03-26 05:50:10,\N
10041,15586,ups,2026-01-02 07:46:33,2025-12-31 23:59:59
10042,15589,ups,2025-06-06 12:06:35,2025-06-11 03:06:35
10043,15590,fedex,2025-03-08 03:14:27,2025-03-13 03:14:27
10044,15591,ups,2025-07-12 14:33:22,2025-07-16 06:33:22
10045,15593,ups,2025-09-11 08:14:38,2025-09-12 07:14:38
10046,15594,fedex,2025-07-26 13:23:21,2025-07-30 19:23:21
10047,15595,fedex,2025-06-26 20:59:23,2025-06-30 09:59:23
10048,15598,ups,2025-02-12 08:07:35,2025-02-15 02:07:35
10049,15599,usps,2025-04-13 20:16:08,2025-04-16 04:16:08
1005,1542,ups,2025-01-02 21:54:29,2025-01-07 18:54:29
10050,15600,dhl,2025-03-18 11:18:56,2025-03-23 07:18:56
10051,15605,usps,2025-07-25 19:24:11,\N
10052,15606,usps,2025-08-11 20:12:07,2025-08-14 15:12:07
10053,15607,fedex,2025-08-13 18:23:49,2025-08-16 19:23:49
10054,15611,dhl,2025-11-02 08:58:36,2025-11-03 01:58:36
10055,15612,dhl,2025-04-03 18:10:46,2025-04-07 03:10:46
10056,15613,ups,2025-06-03 22:27:37,2025-06-04 22:27:37
10057,15616,usps,2025-06-07 20:48:06,2025-06-10 02:48:06
10058,15618,ups,2025-07-31 18:10:16,2025-08-05 07:10:16
10059,15620,dhl,2025-01-19 08:22:43,2025-01-22 07:22:43
1006,1543,ups,2025-11-02 21:50:37,2025-11-04 19:50:37
10060,15621,usps,2025-07-25 23:12:19,\N
10061,15622,dhl,2025-06-03 02:40:40,2025-06-08 12:40:40
10062,15623,fedex,2025-05-16 01:03:52,2025-05-19 16:03:52
10063,15624,dhl,2025-09-23 15:35:49,2025-09-27 14:35:49
10064,15627,ups,2025-04-21 01:04:40,2025-04-22 09:04:40
10065,15629,fedex,2025-11-06 12:55:25,2025-11-11 09:55:25
10066,15630,fedex,2025-05-25 07:37:16,2025-05-29 18:37:16
10067,15631,dhl,2025-09-20 23:15:35,2025-09-22 11:15:35
10068,15633,dhl,2025-07-18 02:51:56,2025-07-23 04:51:56
10069,15634,fedex,2025-06-22 09:34:49,2025-06-25 14:34:49
1007,1545,ups,2025-06-06 21:47:16,2025-06-09 19:47:16
10070,15636,ups,2025-08-17 10:31:27,2025-08-22 16:31:27
10071,15637,ups,2025-06-29 17:44:21,2025-07-01 15:44:21
10072,15638,usps,2025-01-21 23:08:06,2025-01-26 18:08:06
10073,15639,dhl,2025-12-30 05:40:58,2025-12-31 23:59:59
10074,15640,fedex,2025-06-11 19:45:19,2025-06-12 19:45:19
10075,15643,ups,2025-08-04 07:46:14,2025-08-05 08:46:14
10076,15644,fedex,2025-11-09 05:10:35,2025-11-14 17:10:35
10077,15645,dhl,2025-11-10 03:11:24,2025-11-10 11:11:24
10078,15649,ups,2025-02-05 02:26:06,2025-02-08 14:26:06
10079,15650,fedex,2025-04-10 20:28:40,2025-04-15 06:28:40
1008,1546,dhl,2025-05-21 16:04:13,2025-05-25 04:04:13
10080,15652,fedex,2025-12-23 09:05:51,2025-12-27 02:05:51
10081,15653,ups,2025-06-02 21:21:09,2025-06-08 12:21:09
10082,15654,dhl,2025-03-02 20:50:37,2025-03-05 17:50:37
10083,15655,usps,2025-08-05 23:20:09,2025-08-11 06:20:09
10084,15656,dhl,2025-01-05 00:11:27,2025-01-08 07:11:27
10085,15657,dhl,2025-07-14 08:55:36,2025-07-19 11:55:36
10086,15658,usps,2025-04-15 05:58:54,\N
10087,15659,fedex,2025-11-15 20:06:24,2025-11-20 21:06:24
10088,15660,ups,2025-03-01 10:56:29,2025-03-04 21:56:29
10089,15661,ups,2025-02-15 17:42:22,2025-02-18 12:42:22
1009,1547,ups,2025-12-23 22:46:44,2025-12-28 13:46:44
10090,15662,ups,2025-01-06 17:51:03,2025-01-11 14:51:03
10091,15664,fedex,2025-02-05 14:38:50,2025-02-07 03:38:50
10092,15665,dhl,2025-09-16 15:31:44,2025-09-21 08:31:44
10093,15666,dhl,2025-03-10 16:06:05,\N
10094,15667,usps,2025-09-04 11:27:21,2025-09-05 06:27:21
10095,15668,ups,2025-05-01 19:41:43,2025-05-04 14:41:43
10096,15669,usps,2025-06-27 09:13:12,\N
10097,15671,usps,2025-03-14 03:18:17,2025-03-18 05:18:17
10098,15673,usps,2025-10-12 05:26:50,2025-10-12 20:26:50
10099,15676,ups,2025-01-23 19:15:30,2025-01-27 00:15:30
101,160,dhl,2025-10-21 03:56:51,2025-10-25 19:56:51
1010,1548,fedex,2025-05-28 03:00:44,2025-05-30 03:00:44
10100,15678,dhl,2025-12-18 13:16:12,2025-12-22 10:16:12
10101,15680,ups,2025-04-28 23:23:37,2025-05-04 15:23:37
10102,15681,fedex,2025-05-22 23:41:56,2025-05-26 23:41:56
10103,15684,usps,2025-06-21 20:51:12,2025-06-23 13:51:12
10104,15685,fedex,2025-07-03 21:41:33,2025-07-06 10:41:33
10105,15686,ups,2025-03-12 19:16:36,2025-03-14 00:16:36
10106,15688,dhl,2025-01-04 22:31:40,2025-01-10 14:31:40
10107,15689,dhl,2025-06-08 22:47:17,2025-06-12 06:47:17
10108,15690,usps,2025-04-21 15:25:22,2025-04-23 15:25:22
10109,15693,fedex,2025-06-30 21:04:20,2025-07-03 16:04:20
1011,1549,fedex,2025-06-06 19:21:47,2025-06-10 02:21:47
10110,15694,usps,2025-04-28 20:49:43,2025-05-03 17:49:43
10111,15695,dhl,2025-08-17 11:39:11,\N
10112,15697,ups,2025-08-28 18:03:02,2025-09-01 15:03:02
10113,15703,dhl,2025-06-10 01:37:57,2025-06-13 22:37:57
10114,15704,fedex,2025-03-21 13:57:03,2025-03-25 01:57:03
10115,15705,dhl,2025-01-05 02:33:34,2025-01-08 08:33:34
10116,15706,usps,2025-01-04 12:08:27,2025-01-08 23:08:27
10117,15707,usps,2025-04-02 13:18:11,2025-04-04 00:18:11
10118,15709,ups,2025-05-23 01:32:59,\N
10119,15713,usps,2025-07-23 06:18:34,2025-07-23 15:18:34
1012,1551,fedex,2025-09-05 14:39:21,2025-09-08 14:39:21
10120,15714,dhl,2025-01-25 13:59:42,2025-01-26 16:59:42
10121,15715,fedex,2025-02-15 08:02:44,\N
10122,15718,dhl,2025-06-10 11:15:52,2025-06-13 22:15:52
10123,15723,usps,2025-06-24 18:20:32,\N
10124,15724,ups,2025-09-24 15:53:14,2025-09-30 06:53:14
10125,15725,usps,2025-04-30 01:41:42,\N
10126,15726,dhl,2025-03-10 02:07:24,2025-03-14 11:07:24
10127,15727,fedex,2025-01-12 07:42:50,2025-01-15 22:42:50
10128,15729,ups,2025-09-23 01:51:56,\N
10129,15730,usps,2025-08-30 19:07:39,2025-09-02 00:07:39
1013,1553,usps,2025-07-23 05:50:27,2025-07-25 21:50:27
10130,15734,ups,2025-06-21 18:57:52,2025-06-22 22:57:52
10131,15735,usps,2025-12-29 03:05:35,2025-12-31 23:59:59
10132,15736,dhl,2025-10-19 16:12:15,2025-10-23 07:12:15
10133,15738,usps,2025-01-22 13:48:39,2025-01-26 10:48:39
10134,15739,ups,2025-11-04 20:14:58,2025-11-09 05:14:58
10135,15743,fedex,2025-06-12 04:27:53,2025-06-12 12:27:53
10136,15747,usps,2025-10-09 16:18:56,2025-10-12 11:18:56
10137,15748,fedex,2025-01-22 03:37:04,2025-01-27 02:37:04
10138,15749,dhl,2025-06-13 08:21:55,2025-06-13 18:21:55
10139,15750,fedex,2025-12-30 09:37:33,2025-12-31 23:59:59
1014,1554,dhl,2025-05-18 14:49:41,2025-05-19 01:49:41
10140,15751,usps,2025-10-22 08:51:25,2025-10-28 00:51:25
10141,15753,fedex,2025-08-14 12:34:30,2025-08-17 20:34:30
10142,15754,ups,2025-08-03 00:10:33,2025-08-06 05:10:33
10143,15755,usps,2026-01-02 07:23:09,2025-12-31 23:59:59
10144,15756,usps,2025-01-15 12:33:07,2025-01-19 18:33:07
10145,15759,fedex,2025-01-17 00:55:50,2025-01-21 11:55:50
10146,15763,usps,2025-08-30 05:27:07,2025-09-04 15:27:07
10147,15764,dhl,2025-08-03 17:19:10,2025-08-03 23:19:10
10148,15765,ups,2025-06-18 06:35:57,2025-06-22 11:35:57
10149,15767,usps,2025-02-11 14:36:24,2025-02-14 04:36:24
1015,1558,dhl,2025-10-28 13:32:56,2025-10-30 19:32:56
10150,15768,ups,2025-11-03 13:42:38,2025-11-06 22:42:38
10151,15769,dhl,2025-09-05 18:44:22,2025-09-09 17:44:22
10152,15771,ups,2025-10-28 00:50:36,2025-11-01 15:50:36
10153,15773,fedex,2025-04-26 04:21:37,2025-04-29 11:21:37
10154,15776,dhl,2025-12-24 00:55:42,2025-12-27 11:55:42
10155,15778,ups,2025-03-19 23:36:14,2025-03-23 00:36:14
10156,15779,ups,2025-06-10 22:26:13,2025-06-16 12:26:13
10157,15780,usps,2025-01-11 19:00:29,2025-01-14 18:00:29
10158,15781,dhl,2025-08-01 18:12:56,2025-08-04 11:12:56
10159,15785,dhl,2025-07-15 21:14:03,2025-07-18 11:14:03
1016,1561,usps,2025-05-22 12:51:24,2025-05-28 00:51:24
10160,15786,dhl,2025-09-28 17:35:39,2025-10-01 15:35:39
10161,15787,usps,2025-04-08 17:48:08,2025-04-13 16:48:08
10162,15790,dhl,2025-04-05 19:33:30,2025-04-10 11:33:30
10163,15793,ups,2025-07-24 15:21:25,2025-07-27 09:21:25
10164,15794,ups,2025-06-26 05:53:34,2025-06-28 23:53:34
10165,15796,usps,2025-09-22 04:08:18,2025-09-25 12:08:18
10166,15798,ups,2025-05-29 20:03:51,2025-06-01 01:03:51
10167,15799,dhl,2025-12-16 01:47:28,2025-12-17 05:47:28
10168,15800,usps,2025-03-01 00:57:13,2025-03-05 21:57:13
10169,15801,fedex,2025-08-04 16:05:33,2025-08-09 18:05:33
1017,1563,fedex,2025-05-20 02:52:55,2025-05-24 10:52:55
10170,15802,dhl,2025-12-23 00:26:11,\N
10171,15803,ups,2025-12-22 17:39:12,2025-12-23 04:39:12
10172,15804,fedex,2025-07-26 05:33:49,\N
10173,15805,usps,2025-02-05 14:20:55,2025-02-11 01:20:55
10174,15807,ups,2025-01-18 19:17:04,2025-01-19 21:17:04
10175,15810,ups,2025-06-26 13:27:06,2025-06-30 15:27:06
10176,15812,usps,2025-02-04 09:41:59,2025-02-07 06:41:59
10177,15813,fedex,2025-07-20 18:13:57,2025-07-22 14:13:57
10178,15814,fedex,2025-01-04 21:02:57,2025-01-08 14:02:57
10179,15815,usps,2025-11-09 10:15:41,2025-11-14 05:15:41
1018,1564,dhl,2025-12-23 11:31:54,2025-12-23 23:31:54
10180,15820,usps,2025-01-03 03:48:48,2025-01-05 05:48:48
10181,15824,usps,2025-03-06 13:45:31,\N
10182,15825,usps,2025-07-19 15:36:18,2025-07-21 08:36:18
10183,15827,ups,2025-09-18 15:39:13,2025-09-21 07:39:13
10184,15830,dhl,2025-07-16 06:06:45,2025-07-17 14:06:45
10185,15831,dhl,2025-10-11 06:07:02,2025-10-13 12:07:02
10186,15832,ups,2025-07-08 03:21:18,2025-07-13 02:21:18
10187,15833,ups,2025-08-30 00:04:58,2025-09-04 19:04:58
10188,15835,usps,2025-08-22 17:14:51,2025-08-26 10:14:51
10189,15836,ups,2025-11-08 11:47:20,2025-11-12 08:47:20
1019,1566,fedex,2025-10-03 23:52:37,\N
10190,15838,usps,2025-03-01 00:55:34,\N
10191,15839,fedex,2025-01-08 09:21:27,2025-01-11 23:21:27
10192,15840,fedex,2025-10-10 03:28:17,\N
10193,15841,ups,2025-09-07 14:44:39,2025-09-12 17:44:39
10194,15842,ups,2025-12-13 20:26:30,2025-12-16 14:26:30
10195,15843,dhl,2025-03-27 02:14:07,2025-03-31 02:14:07
10196,15845,ups,2025-01-31 06:10:19,2025-02-05 05:10:19
10197,15846,dhl,2025-11-18 07:34:57,2025-11-19 04:34:57
10198,15847,usps,2025-06-08 23:18:09,2025-06-12 17:18:09
10199,15848,dhl,2025-04-04 13:43:28,\N
102,161,fedex,2025-10-23 18:45:13,2025-10-25 02:45:13
1020,1567,ups,2025-09-16 23:41:43,2025-09-19 06:41:43
10200,15849,usps,2025-11-27 10:55:44,2025-11-27 17:55:44
10201,15850,dhl,2025-08-07 21:53:40,2025-08-09 15:53:40
10202,15853,dhl,2025-12-21 23:54:47,2025-12-23 21:54:47
10203,15854,dhl,2025-12-10 02:02:14,2025-12-13 03:02:14
10204,15855,ups,2025-02-01 20:43:23,2025-02-04 18:43:23
10205,15857,usps,2025-11-21 14:11:21,2025-11-25 16:11:21
10206,15858,dhl,2025-12-24 16:57:02,2025-12-27 14:57:02
10207,15860,usps,2025-10-19 11:51:07,2025-10-25 00:51:07
10208,15861,ups,2025-10-09 15:13:05,2025-10-11 03:13:05
10209,15864,usps,2025-11-08 11:42:25,2025-11-12 13:42:25
1021,1568,usps,2025-06-19 21:24:59,2025-06-24 02:24:59
10210,15865,dhl,2025-01-12 01:21:57,2025-01-15 20:21:57
10211,15867,usps,2025-06-29 01:09:16,2025-07-02 09:09:16
10212,15870,fedex,2025-08-01 13:16:37,2025-08-06 12:16:37
10213,15871,ups,2025-08-22 08:30:07,2025-08-27 21:30:07
10214,15872,dhl,2025-03-19 04:11:53,2025-03-24 02:11:53
10215,15873,dhl,2025-02-26 14:55:02,2025-03-02 07:55:02
10216,15874,ups,2025-12-31 22:31:31,2025-12-31 23:59:59
10217,15875,fedex,2025-11-26 01:33:31,\N
10218,15878,usps,2025-02-05 03:59:13,2025-02-07 18:59:13
10219,15880,dhl,2025-05-04 08:34:54,2025-05-07 15:34:54
1022,1569,ups,2025-09-30 09:08:33,2025-10-03 20:08:33
10220,15884,fedex,2025-02-23 10:53:11,\N
10221,15885,usps,2025-07-05 14:59:26,2025-07-10 18:59:26
10222,15886,ups,2025-05-17 21:30:23,2025-05-18 08:30:23
10223,15887,fedex,2025-10-27 00:08:46,2025-10-29 00:08:46
10224,15888,fedex,2025-05-22 09:05:16,2025-05-26 23:05:16
10225,15894,fedex,2025-07-07 05:16:03,2025-07-11 07:16:03
10226,15895,ups,2025-06-23 10:36:59,2025-06-23 20:36:59
10227,15896,fedex,2025-06-17 23:04:17,2025-06-19 11:04:17
10228,15897,fedex,2025-02-19 21:19:52,2025-02-23 19:19:52
10229,15899,ups,2025-03-04 21:43:47,2025-03-07 05:43:47
1023,1570,ups,2025-01-04 11:18:13,2025-01-06 16:18:13
10230,15900,ups,2025-09-17 15:35:28,2025-09-19 09:35:28
10231,15901,dhl,2025-03-04 16:45:40,2025-03-05 03:45:40
10232,15902,usps,2025-03-13 21:26:51,2025-03-16 16:26:51
10233,15903,fedex,2025-01-28 21:58:19,2025-01-29 04:58:19
10234,15904,fedex,2025-11-26 01:59:26,2025-11-27 00:59:26
10235,15905,ups,2025-12-07 20:54:46,2025-12-11 14:54:46
10236,15906,fedex,2025-02-01 15:53:56,\N
10237,15908,ups,2025-09-27 19:27:19,2025-10-01 17:27:19
10238,15910,fedex,2025-09-25 02:24:53,2025-09-30 05:24:53
10239,15911,dhl,2025-07-27 01:01:17,2025-07-28 15:01:17
1024,1572,fedex,2025-09-05 09:07:07,2025-09-06 04:07:07
10240,15912,fedex,2025-12-20 16:42:26,2025-12-26 03:42:26
10241,15913,dhl,2025-12-07 11:39:09,2025-12-08 14:39:09
10242,15914,usps,2025-05-12 07:00:08,2025-05-12 15:00:08
10243,15916,dhl,2025-08-20 09:38:20,2025-08-26 03:38:20
10244,15918,ups,2025-07-22 19:34:29,2025-07-24 16:34:29
10245,15920,dhl,2025-07-09 08:52:54,2025-07-13 12:52:54
10246,15921,usps,2025-12-26 23:19:43,2025-12-31 23:59:59
10247,15922,ups,2026-01-01 23:00:51,2025-12-31 23:59:59
10248,15923,dhl,2025-01-08 05:31:05,2025-01-10 17:31:05
10249,15924,ups,2025-04-05 18:46:43,2025-04-09 00:46:43
1025,1573,usps,2025-01-25 20:36:42,2025-01-27 04:36:42
10250,15925,usps,2025-03-29 17:03:50,2025-03-29 23:03:50
10251,15926,usps,2025-04-02 22:32:57,2025-04-04 15:32:57
10252,15927,ups,2025-04-06 07:56:18,2025-04-11 04:56:18
10253,15928,ups,2025-09-15 11:40:14,2025-09-16 14:40:14
10254,15929,usps,2025-10-06 14:06:03,2025-10-12 08:06:03
10255,15932,ups,2025-09-20 00:02:40,\N
10256,15934,ups,2025-11-17 17:26:02,2025-11-19 02:26:02
10257,15935,usps,2025-07-25 11:31:00,2025-07-31 02:31:00
10258,15936,ups,2025-01-27 21:16:33,2025-01-31 13:16:33
10259,15937,dhl,2025-05-20 14:18:21,2025-05-24 20:18:21
1026,1574,dhl,2025-01-16 10:51:59,2025-01-21 16:51:59
10260,15939,ups,2025-07-06 01:00:05,2025-07-07 16:00:05
10261,15940,fedex,2025-07-25 10:53:22,2025-07-26 22:53:22
10262,15941,ups,2025-02-28 11:21:53,2025-03-05 02:21:53
10263,15942,dhl,2025-06-29 11:34:32,2025-07-04 03:34:32
10264,15943,usps,2025-08-23 15:17:43,2025-08-29 03:17:43
10265,15944,ups,2025-02-19 01:45:56,\N
10266,15945,ups,2025-09-29 03:49:30,2025-10-01 19:49:30
10267,15946,fedex,2025-06-18 11:57:27,2025-06-21 18:57:27
10268,15948,usps,2025-11-29 21:41:17,2025-12-04 22:41:17
10269,15950,usps,2025-10-18 02:12:26,\N
1027,1576,usps,2025-08-11 07:40:14,2025-08-13 11:40:14
10270,15952,ups,2025-12-29 17:12:05,2025-12-31 23:59:59
10271,15954,ups,2025-08-21 04:04:47,2025-08-22 19:04:47
10272,15955,fedex,2025-02-01 22:06:30,2025-02-04 13:06:30
10273,15956,ups,2025-07-12 00:58:51,\N
10274,15957,fedex,2025-08-19 20:00:19,2025-08-24 10:00:19
10275,15962,usps,2025-02-03 09:56:43,\N
10276,15964,dhl,2025-03-24 17:08:25,2025-03-30 10:08:25
10277,15965,ups,2025-12-31 04:26:19,2025-12-31 23:59:59
10278,15966,usps,2025-12-27 08:49:47,2025-12-28 21:49:47
10279,15968,ups,2025-09-13 10:40:15,2025-09-16 12:40:15
1028,1577,dhl,2026-01-01 15:40:10,2025-12-31 23:59:59
10280,15970,usps,2025-07-21 16:07:00,2025-07-23 01:07:00
10281,15973,dhl,2025-01-17 15:43:07,2025-01-22 13:43:07
10282,15974,usps,2025-01-26 08:32:02,2025-01-30 15:32:02
10283,15975,dhl,2025-03-13 04:01:27,2025-03-16 09:01:27
10284,15976,dhl,2025-08-08 09:39:51,\N
10285,15978,usps,2025-04-05 15:46:18,2025-04-10 12:46:18
10286,15980,dhl,2025-11-11 05:41:50,2025-11-14 07:41:50
10287,15982,ups,2025-12-08 23:01:48,2025-12-13 06:01:48
10288,15984,dhl,2025-02-15 04:57:09,2025-02-18 09:57:09
10289,15985,usps,2025-07-25 09:17:44,2025-07-26 00:17:44
1029,1578,dhl,2025-07-02 11:06:26,\N
10290,15986,usps,2025-01-18 03:39:32,2025-01-21 11:39:32
10291,15988,fedex,2025-09-29 09:37:44,2025-10-02 03:37:44
10292,15989,ups,2025-04-11 09:28:42,2025-04-17 01:28:42
10293,15993,usps,2025-02-09 03:27:56,2025-02-14 03:27:56
10294,15995,ups,2025-10-13 17:00:12,2025-10-14 21:00:12
10295,15997,fedex,2025-01-03 05:21:59,2025-01-07 08:21:59
10296,16001,usps,2025-02-27 12:38:12,\N
10297,16002,fedex,2025-03-08 16:36:06,2025-03-13 04:36:06
10298,16007,fedex,2025-03-17 15:07:49,2025-03-22 03:07:49
10299,16008,dhl,2025-09-03 18:42:24,\N
103,164,dhl,2025-02-15 06:51:27,2025-02-18 03:51:27
1030,1579,dhl,2025-04-30 08:12:57,2025-05-02 05:12:57
10300,16010,usps,2025-03-13 00:08:29,2025-03-17 15:08:29
10301,16011,ups,2025-08-24 14:05:23,2025-08-29 20:05:23
10302,16012,dhl,2025-08-24 05:10:36,\N
10303,16013,fedex,2025-12-05 03:45:21,2025-12-08 18:45:21
10304,16015,fedex,2025-03-04 03:39:50,2025-03-07 21:39:50
10305,16016,fedex,2025-04-11 07:49:45,2025-04-12 01:49:45
10306,16017,dhl,2025-10-18 23:17:15,2025-10-19 11:17:15
10307,16018,fedex,2025-10-29 01:30:06,2025-10-31 12:30:06
10308,16019,usps,2025-02-13 05:01:56,2025-02-14 01:01:56
10309,16021,usps,2025-09-27 05:59:14,2025-09-30 05:59:14
1031,1580,ups,2025-12-13 18:01:14,2025-12-19 13:01:14
10310,16024,dhl,2025-05-04 10:47:59,2025-05-09 10:47:59
10311,16026,fedex,2025-10-14 21:38:58,2025-10-17 17:38:58
10312,16027,usps,2025-11-13 04:03:50,2025-11-18 20:03:50
10313,16028,fedex,2025-08-29 00:06:22,2025-08-29 15:06:22
10314,16029,usps,2025-07-24 15:57:49,2025-07-27 22:57:49
10315,16032,dhl,2025-07-26 03:54:51,2025-07-28 16:54:51
10316,16033,fedex,2025-03-11 05:59:53,2025-03-11 21:59:53
10317,16039,ups,2025-06-07 05:44:50,2025-06-08 06:44:50
10318,16040,usps,2025-11-28 13:28:27,2025-12-01 20:28:27
10319,16043,ups,2025-06-04 13:46:11,2025-06-08 09:46:11
1032,1581,dhl,2025-12-03 18:02:24,2025-12-07 10:02:24
10320,16044,usps,2025-06-22 22:06:16,2025-06-27 01:06:16
10321,16046,usps,2025-03-17 22:00:18,2025-03-19 06:00:18
10322,16047,fedex,2025-05-01 02:13:13,2025-05-03 19:13:13
10323,16048,dhl,2025-03-09 14:22:30,2025-03-15 08:22:30
10324,16049,fedex,2025-12-24 19:52:50,2025-12-25 09:52:50
10325,16052,usps,2025-07-08 23:53:34,2025-07-10 05:53:34
10326,16053,ups,2025-10-27 11:21:21,2025-10-28 18:21:21
10327,16054,usps,2025-05-04 21:30:24,2025-05-06 14:30:24
10328,16055,ups,2025-10-05 03:21:39,2025-10-05 21:21:39
10329,16056,dhl,2025-09-24 18:47:47,2025-09-28 12:47:47
1033,1582,usps,2025-01-06 02:01:57,2025-01-07 22:01:57
10330,16057,ups,2025-09-13 11:24:57,2025-09-16 12:24:57
10331,16058,dhl,2025-11-23 21:17:43,2025-11-27 19:17:43
10332,16059,fedex,2025-05-01 01:10:57,2025-05-03 03:10:57
10333,16060,fedex,2025-08-23 09:39:18,\N
10334,16061,fedex,2025-10-01 21:46:24,2025-10-07 16:46:24
10335,16065,dhl,2025-12-18 04:24:21,2025-12-18 15:24:21
10336,16068,ups,2025-07-25 17:01:43,2025-07-28 13:01:43
10337,16069,dhl,2025-11-27 18:23:39,2025-11-28 08:23:39
10338,16070,ups,2025-03-13 09:28:37,2025-03-17 13:28:37
10339,16075,usps,2025-09-30 06:46:33,2025-10-03 05:46:33
1034,1583,ups,2025-09-05 09:12:40,2025-09-09 11:12:40
10340,16076,ups,2025-07-31 22:38:26,2025-08-03 15:38:26
10341,16077,ups,2025-12-29 12:21:55,2025-12-31 02:21:55
10342,16078,dhl,2025-10-13 10:29:11,2025-10-16 08:29:11
10343,16079,ups,2025-06-09 23:22:46,2025-06-10 19:22:46
10344,16080,dhl,2025-10-19 16:40:40,2025-10-20 02:40:40
10345,16081,ups,2025-07-07 18:02:30,2025-07-13 10:02:30
10346,16082,fedex,2025-11-10 16:16:26,2025-11-14 15:16:26
10347,16085,usps,2025-03-03 02:04:37,2025-03-08 06:04:37
10348,16086,fedex,2025-09-13 23:17:55,2025-09-19 04:17:55
10349,16087,usps,2025-01-12 12:18:08,2025-01-15 15:18:08
1035,1585,fedex,2025-09-30 00:51:04,2025-10-02 23:51:04
10350,16089,usps,2025-01-09 02:12:11,2025-01-12 01:12:11
10351,16090,usps,2025-01-06 19:48:37,2025-01-07 16:48:37
10352,16092,ups,2025-08-11 13:34:30,2025-08-15 09:34:30
10353,16093,ups,2025-09-27 09:02:21,2025-10-01 11:02:21
10354,16094,fedex,2025-02-15 20:52:18,2025-02-16 17:52:18
10355,16099,usps,2025-05-05 21:05:18,2025-05-10 13:05:18
10356,16101,ups,2025-10-27 02:43:50,2025-10-29 14:43:50
10357,16103,ups,2025-04-11 04:20:39,2025-04-12 11:20:39
10358,16104,fedex,2025-03-17 12:06:30,2025-03-19 19:06:30
10359,16106,fedex,2025-07-06 07:36:03,2025-07-06 17:36:03
1036,1592,usps,2025-06-30 00:14:16,2025-07-01 06:14:16
10360,16107,usps,2025-04-10 12:37:17,2025-04-11 14:37:17
10361,16108,fedex,2025-12-30 06:06:14,2025-12-31 23:59:59
10362,16110,usps,2025-03-01 06:15:35,2025-03-05 04:15:35
10363,16111,usps,2025-01-29 08:40:03,\N
10364,16112,usps,2025-12-10 09:56:52,2025-12-14 14:56:52
10365,16113,dhl,2025-03-01 18:11:00,2025-03-02 05:11:00
10366,16115,usps,2025-10-23 12:10:09,2025-10-28 09:10:09
10367,16119,dhl,2025-09-26 13:30:36,2025-10-01 01:30:36
10368,16120,fedex,2025-10-03 04:23:29,2025-10-07 23:23:29
10369,16121,dhl,2025-12-09 09:13:15,2025-12-10 08:13:15
1037,1593,fedex,2025-12-26 17:26:37,2025-12-28 13:26:37
10370,16122,dhl,2025-02-08 03:36:36,2025-02-13 19:36:36
10371,16124,ups,2025-01-12 22:57:26,2025-01-18 07:57:26
10372,16126,fedex,2025-01-28 20:29:35,2025-01-31 16:29:35
10373,16127,fedex,2025-07-17 16:10:56,2025-07-20 23:10:56
10374,16128,usps,2025-11-11 04:40:17,2025-11-14 02:40:17
10375,16130,ups,2025-07-27 02:25:24,2025-07-31 04:25:24
10376,16131,dhl,2025-03-11 20:50:31,\N
10377,16132,usps,2025-07-27 01:17:13,\N
10378,16133,usps,2025-04-10 11:42:51,2025-04-16 05:42:51
10379,16134,usps,2025-11-16 14:04:06,2025-11-19 14:04:06
1038,1594,fedex,2025-06-03 19:17:25,2025-06-05 20:17:25
10380,16135,dhl,2025-03-07 07:37:26,2025-03-11 17:37:26
10381,16136,ups,2025-07-23 02:54:14,2025-07-27 20:54:14
10382,16138,usps,2025-10-21 04:43:28,2025-10-25 01:43:28
10383,16139,fedex,2025-03-31 01:43:29,2025-04-02 11:43:29
10384,16143,dhl,2025-10-22 17:12:18,2025-10-24 00:12:18
10385,16144,dhl,2025-06-10 00:12:29,2025-06-12 10:12:29
10386,16145,dhl,2025-06-24 12:10:39,2025-06-25 22:10:39
10387,16148,usps,2025-03-08 10:53:55,2025-03-08 16:53:55
10388,16149,ups,2025-07-15 12:08:13,2025-07-17 20:08:13
10389,16150,dhl,2025-07-09 14:34:15,2025-07-10 18:34:15
1039,1596,dhl,2025-08-22 02:27:00,2025-08-27 20:27:00
10390,16152,ups,2025-02-10 18:08:15,2025-02-11 03:08:15
10391,16153,dhl,2025-04-04 09:37:58,2025-04-07 15:37:58
10392,16154,ups,2025-07-21 01:28:26,2025-07-26 06:28:26
10393,16155,fedex,2025-07-06 05:10:12,2025-07-07 14:10:12
10394,16156,dhl,2025-02-17 22:09:41,2025-02-21 20:09:41
10395,16157,dhl,2025-07-18 09:10:36,2025-07-18 22:10:36
10396,16158,usps,2025-06-26 08:42:11,2025-06-28 19:42:11
10397,16159,fedex,2025-03-29 16:57:30,2025-03-30 16:57:30
10398,16160,usps,2025-02-05 01:40:24,2025-02-08 15:40:24
10399,16161,fedex,2025-04-04 11:37:48,2025-04-06 01:37:48
104,165,fedex,2025-02-11 19:08:42,2025-02-14 17:08:42
1040,1599,usps,2025-12-14 19:31:03,2025-12-20 10:31:03
10400,16163,fedex,2025-07-19 00:43:52,2025-07-23 06:43:52
10401,16164,dhl,2025-01-14 11:25:25,2025-01-18 01:25:25
10402,16165,dhl,2025-12-10 03:51:48,2025-12-13 19:51:48
10403,16166,usps,2025-08-07 09:52:09,2025-08-12 18:52:09
10404,16170,usps,2025-02-07 01:29:43,2025-02-12 08:29:43
10405,16172,ups,2025-12-23 13:37:23,2025-12-29 03:37:23
10406,16173,ups,2025-05-19 01:58:09,2025-05-24 01:58:09
10407,16175,dhl,2025-01-28 02:16:56,2025-02-01 10:16:56
10408,16177,usps,2025-04-23 05:15:48,2025-04-24 12:15:48
10409,16178,fedex,2025-08-23 14:21:28,2025-08-25 16:21:28
1041,1601,dhl,2025-11-28 20:51:28,\N
10410,16179,dhl,2025-03-27 22:52:40,2025-04-01 11:52:40
10411,16180,usps,2025-06-03 03:00:10,2025-06-06 12:00:10
10412,16182,usps,2025-04-11 01:33:28,2025-04-11 21:33:28
10413,16183,fedex,2025-11-03 00:27:55,2025-11-06 08:27:55
10414,16184,dhl,2025-07-26 06:35:44,2025-07-30 18:35:44
10415,16186,fedex,2025-06-25 14:51:30,2025-06-30 23:51:30
10416,16187,ups,2025-11-29 15:13:46,2025-12-01 09:13:46
10417,16188,usps,2025-07-19 06:22:38,\N
10418,16191,ups,2025-10-27 21:16:41,2025-10-29 03:16:41
10419,16193,ups,2025-07-18 23:15:52,\N
1042,1602,fedex,2025-03-07 19:27:33,\N
10420,16196,usps,2025-07-23 09:08:13,2025-07-28 10:08:13
10421,16199,dhl,2025-05-07 20:04:12,2025-05-09 21:04:12
10422,16200,usps,2025-05-22 16:13:25,2025-05-24 09:13:25
10423,16202,dhl,2025-07-14 11:20:11,2025-07-16 19:20:11
10424,16204,usps,2025-05-03 11:13:04,2025-05-08 15:13:04
10425,16205,fedex,2025-12-07 12:32:38,2025-12-11 04:32:38
10426,16206,ups,2025-07-11 00:40:32,2025-07-16 04:40:32
10427,16207,ups,2025-05-18 08:43:59,\N
10428,16208,usps,2025-02-07 01:48:12,\N
10429,16209,fedex,2025-06-13 15:54:55,2025-06-19 05:54:55
1043,1603,fedex,2025-01-29 15:38:22,2025-02-02 06:38:22
10430,16211,usps,2025-04-29 13:19:03,2025-05-01 12:19:03
10431,16212,fedex,2025-05-18 20:15:46,2025-05-22 18:15:46
10432,16213,dhl,2025-02-27 20:46:26,2025-03-01 18:46:26
10433,16215,ups,2025-09-05 17:54:13,2025-09-10 20:54:13
10434,16216,fedex,2025-07-27 23:58:43,2025-07-31 21:58:43
10435,16217,dhl,2025-04-21 18:11:41,2025-04-24 08:11:41
10436,16218,ups,2025-06-25 03:02:38,2025-06-25 19:02:38
10437,16219,fedex,2025-07-05 15:26:07,2025-07-07 15:26:07
10438,16220,ups,2025-11-18 09:40:14,\N
10439,16222,dhl,2025-03-15 09:53:10,\N
1044,1604,usps,2025-03-27 14:55:12,\N
10440,16223,fedex,2025-10-19 14:30:09,2025-10-24 20:30:09
10441,16224,dhl,2025-02-15 11:37:26,2025-02-19 18:37:26
10442,16225,dhl,2025-08-29 18:49:28,2025-09-02 22:49:28
10443,16226,dhl,2025-10-29 04:28:13,2025-10-31 14:28:13
10444,16227,usps,2025-02-21 05:21:37,2025-02-21 19:21:37
10445,16228,fedex,2025-08-19 18:42:04,2025-08-24 21:42:04
10446,16229,fedex,2025-11-24 01:41:07,2025-11-26 23:41:07
10447,16232,usps,2025-02-24 11:55:33,2025-02-26 12:55:33
10448,16234,dhl,2025-02-04 12:40:24,2025-02-05 13:40:24
10449,16235,fedex,2025-02-20 12:03:14,2025-02-23 05:03:14
1045,1606,dhl,2025-08-29 12:45:15,2025-08-30 22:45:15
10450,16237,dhl,2025-02-08 01:44:24,2025-02-12 03:44:24
10451,16238,ups,2025-09-27 22:41:30,2025-09-30 10:41:30
10452,16239,usps,2025-04-12 18:41:33,2025-04-17 00:41:33
10453,16242,dhl,2025-12-10 08:26:22,\N
10454,16245,fedex,2025-07-09 18:58:48,2025-07-14 12:58:48
10455,16246,usps,2025-11-12 12:49:43,2025-11-17 20:49:43
10456,16247,fedex,2025-03-09 18:11:40,2025-03-13 18:11:40
10457,16250,ups,2025-09-21 00:48:11,2025-09-24 09:48:11
10458,16252,usps,2025-12-14 10:46:34,2025-12-15 20:46:34
10459,16254,fedex,2025-03-21 02:07:45,2025-03-22 13:07:45
1046,1607,fedex,2025-02-23 05:45:55,2025-02-25 19:45:55
10460,16257,fedex,2025-06-10 05:09:43,2025-06-10 20:09:43
10461,16258,ups,2025-12-16 10:34:41,2025-12-19 00:34:41
10462,16261,fedex,2025-05-17 03:00:19,2025-05-20 00:00:19
10463,16262,usps,2025-08-20 15:05:51,2025-08-23 01:05:51
10464,16263,ups,2025-06-30 05:43:25,2025-07-02 21:43:25
10465,16265,fedex,2025-04-04 09:54:21,2025-04-06 17:54:21
10466,16266,ups,2025-04-14 08:47:24,2025-04-20 03:47:24
10467,16267,ups,2025-05-05 21:07:51,2025-05-07 17:07:51
10468,16269,ups,2025-10-13 22:09:00,2025-10-17 03:09:00
10469,16270,dhl,2025-06-16 12:04:52,2025-06-19 16:04:52
1047,1608,dhl,2025-06-05 16:10:44,2025-06-10 09:10:44
10470,16272,dhl,2025-10-20 15:42:38,2025-10-21 18:42:38
10471,16274,dhl,2025-07-22 03:20:55,2025-07-25 22:20:55
10472,16276,ups,2025-03-07 20:31:46,2025-03-12 18:31:46
10473,16279,dhl,2025-07-16 18:53:26,2025-07-21 20:53:26
10474,16280,dhl,2025-09-26 10:25:17,2025-09-28 07:25:17
10475,16284,usps,2025-08-28 17:41:41,2025-08-30 16:41:41
10476,16285,usps,2025-11-19 16:08:15,2025-11-22 21:08:15
10477,16286,fedex,2025-03-09 08:26:43,2025-03-10 19:26:43
10478,16287,usps,2025-01-30 00:34:08,2025-02-02 06:34:08
10479,16288,dhl,2025-02-11 08:15:40,2025-02-12 00:15:40
1048,1609,usps,2025-04-04 22:21:07,\N
10480,16290,fedex,2025-07-22 21:50:20,2025-07-25 23:50:20
10481,16291,fedex,2025-04-04 15:12:01,2025-04-05 20:12:01
10482,16292,ups,2025-04-12 02:59:42,2025-04-17 09:59:42
10483,16293,usps,2025-12-15 09:31:12,2025-12-16 05:31:12
10484,16294,ups,2025-04-18 16:34:53,2025-04-20 19:34:53
10485,16296,usps,2025-03-25 21:59:14,2025-03-30 00:59:14
10486,16298,usps,2025-10-11 06:16:10,2025-10-12 01:16:10
10487,16299,fedex,2025-12-05 23:21:24,2025-12-10 05:21:24
10488,16300,fedex,2025-01-13 13:56:54,2025-01-16 01:56:54
10489,16301,ups,2025-10-02 02:14:28,\N
1049,1610,usps,2025-04-06 18:51:02,2025-04-10 20:51:02
10490,16302,usps,2025-10-17 12:54:55,2025-10-23 01:54:55
10491,16304,ups,2025-09-09 20:39:40,2025-09-15 12:39:40
10492,16305,dhl,2025-05-01 17:09:34,2025-05-04 11:09:34
10493,16306,dhl,2025-08-04 20:24:55,2025-08-05 10:24:55
10494,16307,dhl,2025-12-28 19:29:09,2025-12-31 23:59:59
10495,16308,ups,2025-04-01 04:52:56,2025-04-01 13:52:56
10496,16309,fedex,2025-06-28 12:47:55,2025-07-01 06:47:55
10497,16310,ups,2025-04-02 12:06:30,2025-04-05 19:06:30
10498,16311,usps,2025-10-25 14:01:27,2025-10-29 10:01:27
10499,16312,fedex,2025-03-14 02:51:09,2025-03-19 18:51:09
105,166,dhl,2025-12-26 06:45:38,2025-12-30 09:45:38
1050,1612,fedex,2025-07-25 03:12:20,2025-07-29 13:12:20
10500,16313,usps,2025-12-05 05:39:19,2025-12-10 12:39:19
10501,16314,dhl,2025-07-06 21:22:13,2025-07-11 00:22:13
10502,16316,dhl,2025-11-14 08:44:40,2025-11-19 10:44:40
10503,16318,fedex,2025-02-13 17:22:31,2025-02-16 10:22:31
10504,16322,fedex,2025-12-19 02:14:22,2025-12-24 11:14:22
10505,16324,ups,2025-11-13 20:58:23,2025-11-16 23:58:23
10506,16326,fedex,2025-05-12 09:13:02,2025-05-15 04:13:02
10507,16327,dhl,2025-08-19 02:13:42,2025-08-23 19:13:42
10508,16328,ups,2025-08-08 03:16:07,2025-08-09 12:16:07
10509,16329,ups,2025-12-24 21:52:51,2025-12-28 18:52:51
1051,1613,dhl,2025-09-03 13:48:32,2025-09-08 23:48:32
10510,16330,dhl,2025-12-07 12:17:11,2025-12-09 16:17:11
10511,16332,usps,2025-11-22 22:20:47,2025-11-28 14:20:47
10512,16333,dhl,2025-11-01 00:56:42,2025-11-01 06:56:42
10513,16334,dhl,2025-09-02 20:34:15,2025-09-06 01:34:15
10514,16335,ups,2025-05-23 09:56:24,2025-05-26 05:56:24
10515,16336,fedex,2025-08-20 14:09:53,2025-08-21 15:09:53
10516,16337,dhl,2025-06-10 10:01:37,2025-06-12 20:01:37
10517,16339,usps,2025-12-13 14:50:39,2025-12-17 23:50:39
10518,16341,fedex,2025-11-17 18:12:33,2025-11-22 09:12:33
10519,16342,fedex,2025-09-06 23:42:28,2025-09-09 14:42:28
1052,1614,usps,2025-04-09 07:40:12,2025-04-13 06:40:12
10520,16343,fedex,2025-01-17 02:34:37,2025-01-21 04:34:37
10521,16344,fedex,2025-12-15 12:28:15,2025-12-16 16:28:15
10522,16345,fedex,2025-01-04 18:32:13,2025-01-09 07:32:13
10523,16346,dhl,2025-11-12 23:56:37,2025-11-18 00:56:37
10524,16347,fedex,2025-08-10 04:19:41,2025-08-15 18:19:41
10525,16349,fedex,2025-08-31 18:20:12,2025-09-05 16:20:12
10526,16351,usps,2025-03-09 19:41:12,2025-03-13 19:41:12
10527,16352,ups,2025-02-09 13:52:38,2025-02-12 21:52:38
10528,16355,ups,2025-10-09 19:23:04,2025-10-13 12:23:04
10529,16358,usps,2025-04-21 21:35:02,2025-04-26 02:35:02
1053,1615,usps,2025-05-03 16:16:23,2025-05-05 14:16:23
10530,16359,usps,2025-04-19 04:02:56,2025-04-20 19:02:56
10531,16361,fedex,2025-06-26 04:30:09,2025-06-30 02:30:09
10532,16362,dhl,2025-11-03 20:10:25,2025-11-08 00:10:25
10533,16364,ups,2025-02-11 05:00:05,\N
10534,16365,dhl,2025-03-15 13:02:47,2025-03-18 10:02:47
10535,16366,usps,2025-10-18 19:20:34,2025-10-21 16:20:34
10536,16368,dhl,2025-10-04 14:57:31,2025-10-08 02:57:31
10537,16369,dhl,2025-02-15 03:13:24,2025-02-17 04:13:24
10538,16370,fedex,2025-11-30 13:51:42,2025-12-02 17:51:42
10539,16372,usps,2025-05-12 21:53:16,2025-05-14 19:53:16
1054,1616,fedex,2025-09-09 16:37:30,2025-09-10 18:37:30
10540,16373,usps,2025-07-11 11:35:32,2025-07-13 00:35:32
10541,16374,usps,2025-03-26 13:21:23,2025-03-27 21:21:23
10542,16379,usps,2025-07-10 17:24:02,2025-07-13 14:24:02
10543,16381,fedex,2025-08-10 10:00:41,2025-08-12 05:00:41
10544,16382,dhl,2025-07-27 19:15:16,2025-07-31 18:15:16
10545,16383,ups,2025-04-19 18:37:36,2025-04-22 06:37:36
10546,16384,ups,2025-07-06 16:45:13,2025-07-12 09:45:13
10547,16385,ups,2025-07-31 17:06:12,2025-08-01 00:06:12
10548,16386,ups,2025-04-18 00:46:40,2025-04-22 23:46:40
10549,16388,fedex,2025-06-07 03:05:33,2025-06-10 08:05:33
1055,1617,ups,2025-06-27 02:17:56,2025-06-28 10:17:56
10550,16389,ups,2025-03-13 19:27:46,2025-03-15 21:27:46
10551,16390,dhl,2025-07-26 21:50:22,2025-07-31 10:50:22
10552,16391,ups,2025-04-02 16:31:41,2025-04-07 20:31:41
10553,16392,dhl,2025-08-28 14:29:37,2025-08-30 19:29:37
10554,16395,usps,2025-12-27 16:14:21,2025-12-30 19:14:21
10555,16396,fedex,2025-07-18 09:42:00,2025-07-19 13:42:00
10556,16398,dhl,2025-05-03 06:01:45,2025-05-08 20:01:45
10557,16400,usps,2025-03-11 12:54:08,2025-03-12 18:54:08
10558,16401,dhl,2025-12-25 07:25:09,2025-12-29 18:25:09
10559,16402,fedex,2025-10-23 07:50:20,2025-10-26 07:50:20
1056,1618,dhl,2025-11-10 13:09:01,2025-11-15 21:09:01
10560,16404,ups,2025-10-27 11:40:47,\N
10561,16407,fedex,2025-01-07 05:17:30,2025-01-09 00:17:30
10562,16409,usps,2025-03-27 05:29:02,2025-03-30 10:29:02
10563,16411,fedex,2025-09-09 01:10:05,2025-09-13 00:10:05
10564,16412,fedex,2025-10-19 06:11:24,2025-10-22 23:11:24
10565,16413,ups,2025-11-18 09:19:23,2025-11-19 18:19:23
10566,16414,ups,2025-09-16 08:28:12,2025-09-18 12:28:12
10567,16415,ups,2025-10-18 23:49:38,2025-10-20 03:49:38
10568,16416,fedex,2025-09-28 09:17:31,2025-10-02 15:17:31
10569,16417,usps,2025-07-25 09:16:35,2025-07-31 04:16:35
1057,1622,usps,2025-01-16 01:14:15,2025-01-18 17:14:15
10570,16418,dhl,2025-01-09 12:39:34,2025-01-10 03:39:34
10571,16420,usps,2025-02-25 01:12:12,2025-02-26 10:12:12
10572,16423,usps,2025-05-24 03:12:17,\N
10573,16424,fedex,2025-01-09 18:29:37,2025-01-15 13:29:37
10574,16425,dhl,2025-05-19 04:26:07,2025-05-22 07:26:07
10575,16427,usps,2025-03-20 19:07:02,2025-03-23 10:07:02
10576,16428,fedex,2025-05-24 15:28:40,2025-05-29 02:28:40
10577,16430,ups,2025-07-10 05:04:59,2025-07-15 07:04:59
10578,16431,usps,2025-10-31 16:56:04,2025-11-02 14:56:04
10579,16433,ups,2025-03-04 11:05:50,2025-03-10 01:05:50
1058,1624,fedex,2025-01-17 04:15:32,2025-01-22 10:15:32
10580,16434,usps,2025-10-13 12:21:10,2025-10-15 17:21:10
10581,16436,ups,2025-09-04 15:37:12,2025-09-05 00:37:12
10582,16438,usps,2025-05-20 06:57:38,2025-05-23 13:57:38
10583,16439,dhl,2025-02-25 00:06:52,2025-03-01 15:06:52
10584,16442,fedex,2025-12-03 11:39:36,2025-12-07 00:39:36
10585,16443,usps,2025-03-23 11:13:35,2025-03-24 04:13:35
10586,16444,usps,2025-12-27 16:29:25,2025-12-29 02:29:25
10587,16445,ups,2025-12-14 15:27:51,2025-12-16 01:27:51
10588,16446,dhl,2025-10-10 13:56:15,\N
10589,16448,fedex,2025-11-07 18:27:41,\N
1059,1625,ups,2025-04-07 22:55:59,2025-04-13 09:55:59
10590,16449,dhl,2025-12-26 16:10:41,2025-12-31 21:10:41
10591,16450,fedex,2025-06-12 17:27:58,2025-06-15 10:27:58
10592,16451,dhl,2025-11-12 17:12:21,2025-11-15 17:12:21
10593,16453,usps,2025-07-27 18:27:52,2025-07-31 03:27:52
10594,16454,ups,2025-05-20 05:00:59,2025-05-22 19:00:59
10595,16455,fedex,2025-03-19 12:10:27,2025-03-22 01:10:27
10596,16456,ups,2025-04-11 21:14:55,2025-04-13 23:14:55
10597,16458,dhl,2025-10-16 04:27:26,2025-10-16 18:27:26
10598,16459,usps,2025-02-16 00:20:45,2025-02-19 07:20:45
10599,16460,dhl,2025-05-21 10:48:37,2025-05-21 22:48:37
106,167,fedex,2025-07-30 07:01:49,2025-08-03 14:01:49
1060,1626,dhl,2025-02-02 09:54:09,2025-02-07 09:54:09
10600,16462,dhl,2025-01-18 18:19:20,2025-01-24 10:19:20
10601,16463,usps,2025-03-15 21:58:00,2025-03-17 08:58:00
10602,16464,fedex,2025-11-30 17:26:19,2025-12-01 00:26:19
10603,16465,ups,2025-09-12 03:08:16,2025-09-15 18:08:16
10604,16466,usps,2025-01-17 05:13:46,2025-01-20 16:13:46
10605,16467,usps,2025-07-17 23:39:18,2025-07-19 09:39:18
10606,16470,usps,2025-01-24 12:33:01,2025-01-24 20:33:01
10607,16471,dhl,2025-11-30 14:25:21,2025-12-04 20:25:21
10608,16474,ups,2025-11-19 13:40:01,2025-11-22 19:40:01
10609,16475,dhl,2025-03-01 15:55:56,2025-03-05 04:55:56
1061,1627,dhl,2025-03-01 19:01:11,2025-03-04 08:01:11
10610,16477,dhl,2025-06-20 21:48:05,2025-06-21 20:48:05
10611,16478,ups,2025-05-07 06:24:42,2025-05-07 13:24:42
10612,16480,ups,2025-07-02 04:01:45,2025-07-07 22:01:45
10613,16481,fedex,2025-09-25 15:49:48,2025-09-28 20:49:48
10614,16483,usps,2025-02-28 06:12:14,2025-02-28 12:12:14
10615,16485,ups,2025-12-18 15:45:46,2025-12-21 06:45:46
10616,16486,ups,2025-12-07 17:43:41,2025-12-08 01:43:41
10617,16487,dhl,2025-12-22 18:30:09,2025-12-24 04:30:09
10618,16488,usps,2025-03-08 07:54:43,2025-03-12 16:54:43
10619,16489,dhl,2025-04-01 04:33:26,2025-04-04 21:33:26
1062,1628,ups,2025-01-19 22:50:44,2025-01-23 11:50:44
10620,16491,ups,2025-02-22 03:53:05,\N
10621,16492,usps,2025-04-28 17:34:44,2025-04-30 19:34:44
10622,16495,usps,2025-04-16 11:10:36,2025-04-18 12:10:36
10623,16496,dhl,2025-02-27 00:58:45,2025-03-01 22:58:45
10624,16497,fedex,2025-08-25 20:08:16,2025-08-27 07:08:16
10625,16499,dhl,2025-10-10 23:51:58,2025-10-15 06:51:58
10626,16502,fedex,2025-05-09 06:09:24,2025-05-12 09:09:24
10627,16503,fedex,2025-05-04 18:20:23,2025-05-09 12:20:23
10628,16504,fedex,2025-11-13 17:25:34,\N
10629,16508,usps,2025-12-04 22:47:01,2025-12-05 11:47:01
1063,1629,dhl,2025-12-30 22:26:53,2025-12-31 23:59:59
10630,16515,fedex,2025-07-27 04:01:28,2025-07-31 11:01:28
10631,16516,dhl,2025-07-26 01:41:17,2025-07-27 19:41:17
10632,16518,dhl,2025-01-29 15:10:00,2025-01-31 15:10:00
10633,16519,usps,2025-05-05 08:33:41,2025-05-09 09:33:41
10634,16520,dhl,2025-11-11 16:57:14,2025-11-13 03:57:14
10635,16521,fedex,2025-04-21 23:28:47,2025-04-23 17:28:47
10636,16522,dhl,2025-07-20 14:04:58,2025-07-21 15:04:58
10637,16526,fedex,2025-03-10 18:57:49,2025-03-14 16:57:49
10638,16529,ups,2025-12-05 13:44:42,2025-12-10 10:44:42
10639,16530,usps,2025-11-17 06:21:42,2025-11-18 04:21:42
1064,1630,usps,2025-01-07 06:05:47,2025-01-08 08:05:47
10640,16531,usps,2025-07-23 06:36:41,2025-07-27 23:36:41
10641,16532,fedex,2025-12-14 01:17:49,2025-12-16 17:17:49
10642,16535,ups,2025-01-19 00:00:35,2025-01-19 06:00:35
10643,16536,dhl,2025-05-23 06:11:37,2025-05-23 17:11:37
10644,16537,ups,2025-08-10 20:03:57,2025-08-14 13:03:57
10645,16538,usps,2025-11-11 19:22:26,2025-11-15 08:22:26
10646,16539,usps,2025-04-10 11:42:40,2025-04-13 10:42:40
10647,16541,ups,2025-10-17 20:04:37,2025-10-19 20:04:37
10648,16543,dhl,2025-12-21 12:39:56,2025-12-26 05:39:56
10649,16545,fedex,2025-01-27 09:44:07,\N
1065,1631,fedex,2025-09-25 23:02:52,2025-09-26 06:02:52
10650,16546,ups,2025-06-01 13:34:10,2025-06-05 09:34:10
10651,16547,fedex,2025-05-17 17:37:44,2025-05-22 06:37:44
10652,16548,usps,2025-08-23 03:06:31,2025-08-26 03:06:31
10653,16549,usps,2025-02-18 19:10:53,2025-02-22 16:10:53
10654,16550,usps,2025-10-23 08:26:19,2025-10-27 06:26:19
10655,16553,ups,2025-05-19 22:38:28,2025-05-22 10:38:28
10656,16554,dhl,2025-10-03 05:53:59,2025-10-08 14:53:59
10657,16555,usps,2025-04-23 09:49:12,2025-04-25 00:49:12
10658,16556,usps,2025-09-13 16:27:34,2025-09-15 22:27:34
10659,16557,dhl,2025-07-17 02:24:49,2025-07-19 13:24:49
1066,1635,usps,2025-06-13 03:22:44,2025-06-15 17:22:44
10660,16560,fedex,2025-05-10 00:06:42,2025-05-14 08:06:42
10661,16561,fedex,2025-06-22 23:17:19,2025-06-25 20:17:19
10662,16563,usps,2025-01-29 01:19:09,2025-02-03 15:19:09
10663,16564,fedex,2025-10-15 04:24:38,2025-10-17 00:24:38
10664,16565,dhl,2025-05-07 14:14:46,2025-05-12 16:14:46
10665,16566,ups,2025-11-27 13:42:02,2025-11-29 13:42:02
10666,16567,fedex,2025-08-30 16:36:24,2025-09-04 07:36:24
10667,16568,fedex,2025-02-20 03:30:02,2025-02-20 16:30:02
10668,16570,ups,2025-02-20 08:39:30,\N
10669,16571,fedex,2025-03-12 12:30:58,2025-03-14 08:30:58
1067,1639,dhl,2025-06-29 15:58:44,2025-07-04 07:58:44
10670,16572,dhl,2025-08-20 15:49:15,2025-08-24 03:49:15
10671,16573,usps,2025-01-12 00:03:42,2025-01-12 19:03:42
10672,16574,dhl,2025-06-11 09:12:41,2025-06-14 21:12:41
10673,16575,dhl,2025-04-12 04:25:24,2025-04-17 00:25:24
10674,16576,dhl,2025-01-12 00:24:43,\N
10675,16577,ups,2025-03-21 05:26:46,2025-03-26 02:26:46
10676,16579,ups,2025-03-25 19:35:08,2025-03-29 04:35:08
10677,16580,usps,2025-12-09 05:16:26,2025-12-11 16:16:26
10678,16581,dhl,2025-12-23 13:07:01,\N
10679,16583,usps,2025-05-06 01:14:41,2025-05-06 13:14:41
1068,1640,fedex,2025-07-05 06:10:05,2025-07-10 23:10:05
10680,16584,usps,2025-04-12 23:59:20,2025-04-15 00:59:20
10681,16585,fedex,2025-08-29 00:10:55,2025-08-30 00:10:55
10682,16586,usps,2025-09-02 03:46:13,2025-09-04 04:46:13
10683,16588,ups,2025-05-10 23:00:37,2025-05-11 17:00:37
10684,16589,fedex,2025-09-07 00:48:08,2025-09-07 21:48:08
10685,16591,ups,2025-10-09 22:38:34,2025-10-10 12:38:34
10686,16593,ups,2025-07-28 20:00:00,2025-07-30 12:00:00
10687,16594,fedex,2025-06-09 18:28:16,2025-06-13 05:28:16
10688,16595,ups,2025-04-09 12:29:50,2025-04-11 16:29:50
10689,16596,fedex,2025-08-06 09:21:23,2025-08-07 01:21:23
1069,1642,dhl,2025-05-11 06:32:26,2025-05-11 14:32:26
10690,16597,fedex,2025-04-27 16:45:39,\N
10691,16598,dhl,2025-07-22 19:34:49,2025-07-23 08:34:49
10692,16599,dhl,2025-04-09 02:29:49,2025-04-09 08:29:49
10693,16600,dhl,2025-04-20 11:24:27,2025-04-21 22:24:27
10694,16601,usps,2025-09-14 00:30:10,2025-09-18 20:30:10
10695,16602,fedex,2025-10-20 08:37:46,2025-10-22 09:37:46
10696,16603,ups,2025-05-25 20:34:01,2025-05-27 09:34:01
10697,16604,fedex,2025-03-22 03:40:27,2025-03-22 09:40:27
10698,16605,ups,2025-01-29 16:13:36,2025-01-31 13:13:36
10699,16608,ups,2025-05-02 13:45:55,2025-05-07 01:45:55
107,168,usps,2025-10-29 21:52:43,2025-11-04 04:52:43
1070,1643,ups,2025-12-01 20:34:38,2025-12-05 07:34:38
10700,16610,ups,2025-06-04 23:33:13,2025-06-07 19:33:13
10701,16614,usps,2025-12-03 01:13:21,2025-12-03 08:13:21
10702,16615,fedex,2025-06-19 16:01:42,\N
10703,16617,ups,2025-10-12 01:21:47,2025-10-16 11:21:47
10704,16619,dhl,2025-01-17 18:57:01,2025-01-20 05:57:01
10705,16621,usps,2025-04-11 22:22:17,2025-04-17 01:22:17
10706,16622,dhl,2025-11-27 07:31:54,2025-11-27 14:31:54
10707,16623,fedex,2025-06-11 21:39:28,2025-06-16 03:39:28
10708,16625,dhl,2025-09-25 16:30:29,2025-10-01 09:30:29
10709,16626,usps,2025-09-25 13:58:08,2025-10-01 00:58:08
1071,1644,dhl,2025-11-07 13:47:52,2025-11-11 00:47:52
10710,16627,dhl,2025-02-13 13:14:48,2025-02-15 20:14:48
10711,16628,fedex,2025-01-15 15:47:20,2025-01-18 13:47:20
10712,16630,dhl,2025-06-05 23:50:29,2025-06-09 12:50:29
10713,16631,usps,2025-05-01 04:36:29,2025-05-06 12:36:29
10714,16632,fedex,2025-05-07 20:45:04,2025-05-12 07:45:04
10715,16633,usps,2025-09-22 17:34:58,2025-09-24 11:34:58
10716,16634,dhl,2025-07-31 20:14:56,2025-08-04 12:14:56
10717,16637,dhl,2025-02-09 23:12:57,2025-02-12 16:12:57
10718,16639,dhl,2025-06-01 07:12:13,2025-06-06 13:12:13
10719,16640,usps,2025-01-14 06:19:48,2025-01-18 21:19:48
1072,1645,ups,2025-08-05 01:14:59,2025-08-05 08:14:59
10720,16641,ups,2025-12-21 10:43:06,2025-12-22 06:43:06
10721,16642,ups,2025-12-20 22:36:38,2025-12-24 13:36:38
10722,16643,dhl,2025-03-23 13:16:51,2025-03-28 02:16:51
10723,16644,usps,2025-01-14 05:55:33,2025-01-15 00:55:33
10724,16645,fedex,2025-07-26 19:15:57,2025-07-28 06:15:57
10725,16649,usps,2025-10-17 15:22:03,2025-10-21 07:22:03
10726,16650,fedex,2025-05-18 21:52:28,\N
10727,16652,fedex,2025-03-30 17:30:10,2025-03-31 20:30:10
10728,16653,usps,2025-01-11 08:03:00,2025-01-15 17:03:00
10729,16654,usps,2025-06-18 06:42:59,2025-06-19 22:42:59
1073,1646,usps,2025-11-21 02:58:00,2025-11-24 21:58:00
10730,16655,usps,2025-12-12 06:24:51,2025-12-14 10:24:51
10731,16656,dhl,2025-06-20 10:32:34,2025-06-22 05:32:34
10732,16659,dhl,2025-02-02 08:18:56,2025-02-03 17:18:56
10733,16660,dhl,2025-11-22 06:03:32,2025-11-26 05:03:32
10734,16662,fedex,2025-02-12 07:57:53,2025-02-13 12:57:53
10735,16663,dhl,2025-05-03 17:47:11,2025-05-04 06:47:11
10736,16664,fedex,2025-05-20 11:53:00,2025-05-24 06:53:00
10737,16667,dhl,2025-10-20 10:31:59,2025-10-21 06:31:59
10738,16668,ups,2025-11-21 04:43:58,2025-11-26 00:43:58
10739,16670,dhl,2025-04-01 12:11:05,2025-04-05 02:11:05
1074,1647,ups,2025-11-04 10:37:06,2025-11-08 16:37:06
10740,16671,usps,2025-04-20 01:35:55,\N
10741,16673,dhl,2025-01-02 21:27:46,2025-01-07 04:27:46
10742,16674,fedex,2025-11-22 13:04:51,2025-11-23 07:04:51
10743,16675,fedex,2025-09-22 10:43:45,2025-09-26 08:43:45
10744,16676,dhl,2025-10-07 14:47:54,2025-10-12 03:47:54
10745,16678,fedex,2025-07-22 05:34:51,2025-07-25 14:34:51
10746,16680,dhl,2025-04-22 19:29:00,\N
10747,16681,usps,2025-09-10 07:30:17,2025-09-12 23:30:17
10748,16682,fedex,2025-07-09 18:38:12,2025-07-13 22:38:12
10749,16687,fedex,2025-04-01 14:06:15,2025-04-07 02:06:15
1075,1648,dhl,2025-07-21 18:50:04,2025-07-24 13:50:04
10750,16688,fedex,2025-11-10 13:42:19,2025-11-11 06:42:19
10751,16690,usps,2025-02-06 01:38:33,2025-02-06 07:38:33
10752,16691,ups,2025-09-29 13:12:01,2025-10-03 11:12:01
10753,16693,dhl,2025-11-13 23:20:16,2025-11-14 05:20:16
10754,16694,ups,2025-08-05 05:30:38,2025-08-08 19:30:38
10755,16696,dhl,2025-07-30 11:27:13,2025-07-31 00:27:13
10756,16698,dhl,2025-06-25 22:01:33,2025-06-30 01:01:33
10757,16699,usps,2025-01-20 23:53:34,2025-01-25 00:53:34
10758,16700,fedex,2025-10-18 02:40:28,2025-10-19 04:40:28
10759,16701,usps,2025-04-06 03:37:28,2025-04-09 07:37:28
1076,1650,ups,2025-11-30 00:17:38,2025-12-04 23:17:38
10760,16702,usps,2025-10-21 13:30:27,2025-10-23 22:30:27
10761,16703,dhl,2025-04-17 13:06:07,2025-04-19 09:06:07
10762,16704,dhl,2025-08-09 23:52:16,2025-08-13 21:52:16
10763,16706,fedex,2025-03-13 08:41:52,2025-03-15 21:41:52
10764,16707,fedex,2025-04-30 22:44:03,2025-05-03 10:44:03
10765,16708,ups,2025-12-14 00:47:05,2025-12-18 12:47:05
10766,16709,fedex,2025-07-03 20:26:58,2025-07-06 13:26:58
10767,16710,dhl,2025-10-13 22:17:24,2025-10-16 06:17:24
10768,16711,usps,2025-07-23 13:43:49,2025-07-26 23:43:49
10769,16712,dhl,2025-04-15 06:47:22,2025-04-18 15:47:22
1077,1651,usps,2025-02-13 14:26:14,2025-02-15 05:26:14
10770,16713,fedex,2025-01-25 00:09:23,2025-01-26 04:09:23
10771,16716,ups,2025-05-09 22:54:51,\N
10772,16718,dhl,2025-09-07 10:33:23,2025-09-11 12:33:23
10773,16719,usps,2025-02-19 04:22:50,2025-02-22 18:22:50
10774,16720,dhl,2025-12-08 19:42:19,2025-12-10 14:42:19
10775,16721,ups,2025-05-05 15:40:27,2025-05-08 16:40:27
10776,16722,ups,2025-05-26 00:29:12,2025-05-26 20:29:12
10777,16723,fedex,2025-07-19 17:30:40,\N
10778,16725,dhl,2025-01-31 19:51:51,2025-02-03 03:51:51
10779,16727,usps,2025-04-16 00:26:44,2025-04-17 09:26:44
1078,1653,dhl,2025-11-23 23:55:46,2025-11-25 16:55:46
10780,16728,ups,2025-11-23 01:09:32,2025-11-23 21:09:32
10781,16729,usps,2025-04-04 10:52:34,2025-04-07 15:52:34
10782,16731,dhl,2025-05-30 18:02:06,2025-06-05 02:02:06
10783,16732,usps,2025-04-26 23:23:40,2025-04-28 04:23:40
10784,16734,fedex,2025-11-04 23:12:02,2025-11-08 22:12:02
10785,16735,fedex,2025-03-15 06:45:23,2025-03-15 23:45:23
10786,16737,ups,2025-02-17 02:08:56,\N
10787,16738,dhl,2025-05-18 02:41:31,2025-05-22 07:41:31
10788,16739,ups,2025-08-14 10:42:12,2025-08-15 19:42:12
10789,16740,usps,2025-10-01 00:48:11,2025-10-02 16:48:11
1079,1654,dhl,2025-06-09 00:35:29,2025-06-09 08:35:29
10790,16741,dhl,2025-03-17 18:52:17,2025-03-18 00:52:17
10791,16743,ups,2025-03-05 21:38:39,2025-03-06 15:38:39
10792,16744,dhl,2025-11-20 01:31:28,2025-11-23 22:31:28
10793,16745,ups,2025-10-22 03:21:44,2025-10-26 21:21:44
10794,16746,ups,2025-07-19 12:02:00,2025-07-23 12:02:00
10795,16749,dhl,2025-10-12 12:08:31,2025-10-13 15:08:31
10796,16756,dhl,2025-06-13 11:30:09,2025-06-13 20:30:09
10797,16757,dhl,2025-01-25 17:36:02,2025-01-28 08:36:02
10798,16759,dhl,2025-11-12 00:31:07,2025-11-14 10:31:07
10799,16760,dhl,2025-01-10 09:38:28,2025-01-15 06:38:28
108,169,dhl,2025-10-27 11:12:54,2025-10-30 09:12:54
1080,1655,usps,2025-04-01 11:53:07,2025-04-04 19:53:07
10800,16761,dhl,2025-09-15 14:05:20,2025-09-17 19:05:20
10801,16762,usps,2025-10-21 20:40:03,2025-10-23 02:40:03
10802,16763,fedex,2025-11-14 06:38:13,2025-11-17 18:38:13
10803,16766,dhl,2025-06-23 07:33:29,2025-06-24 21:33:29
10804,16767,dhl,2025-09-16 07:37:48,2025-09-20 07:37:48
10805,16768,fedex,2025-10-21 14:53:27,2025-10-22 07:53:27
10806,16769,dhl,2025-12-21 11:51:32,2025-12-22 10:51:32
10807,16770,usps,2025-09-06 00:56:11,2025-09-09 17:56:11
10808,16771,dhl,2025-01-05 04:29:04,2025-01-07 17:29:04
10809,16772,dhl,2025-05-28 16:07:52,\N
1081,1656,ups,2025-03-15 08:02:50,2025-03-18 12:02:50
10810,16774,ups,2025-12-07 12:08:51,2025-12-11 05:08:51
10811,16778,ups,2025-02-07 14:24:50,\N
10812,16779,dhl,2025-04-13 19:05:23,2025-04-15 20:05:23
10813,16782,fedex,2025-01-09 03:25:38,\N
10814,16783,usps,2025-09-05 21:09:36,2025-09-11 12:09:36
10815,16787,ups,2025-12-21 03:40:05,2025-12-26 05:40:05
10816,16788,usps,2025-09-13 04:28:23,2025-09-16 10:28:23
10817,16789,usps,2025-08-14 10:28:14,2025-08-17 22:28:14
10818,16792,usps,2025-09-10 11:45:15,\N
10819,16793,ups,2025-01-10 15:18:52,2025-01-12 04:18:52
1082,1658,fedex,2025-03-31 20:43:40,2025-04-03 09:43:40
10820,16794,usps,2025-06-02 19:32:07,2025-06-05 06:32:07
10821,16796,ups,2025-08-13 16:23:00,2025-08-15 07:23:00
10822,16799,fedex,2025-08-28 02:48:53,2025-08-29 02:48:53
10823,16800,dhl,2025-12-16 21:33:45,2025-12-17 14:33:45
10824,16801,fedex,2025-02-28 22:10:19,2025-03-04 13:10:19
10825,16803,usps,2025-08-04 15:23:34,2025-08-09 20:23:34
10826,16805,usps,2025-05-31 17:04:06,\N
10827,16807,fedex,2025-12-12 08:44:23,2025-12-15 18:44:23
10828,16808,ups,2025-09-22 06:03:51,2025-09-23 12:03:51
10829,16811,usps,2025-06-21 01:24:17,2025-06-21 20:24:17
1083,1659,dhl,2025-06-27 18:32:54,2025-06-30 09:32:54
10830,16814,usps,2025-04-27 11:49:16,2025-05-02 08:49:16
10831,16816,fedex,2025-06-07 17:24:33,2025-06-10 18:24:33
10832,16820,fedex,2025-11-16 16:40:42,2025-11-18 14:40:42
10833,16822,usps,2025-12-06 11:03:00,2025-12-11 03:03:00
10834,16823,fedex,2025-11-11 14:33:51,2025-11-16 09:33:51
10835,16826,dhl,2025-12-01 04:32:08,2025-12-02 01:32:08
10836,16827,fedex,2025-02-15 15:04:58,2025-02-19 03:04:58
10837,16828,usps,2025-10-05 05:35:42,2025-10-09 18:35:42
10838,16830,fedex,2025-04-11 18:49:44,2025-04-12 16:49:44
10839,16831,dhl,2025-05-11 13:30:53,2025-05-14 10:30:53
1084,1661,usps,2025-08-08 05:54:00,2025-08-11 02:54:00
10840,16834,dhl,2025-04-08 03:39:36,2025-04-09 10:39:36
10841,16835,dhl,2025-02-23 04:55:01,\N
10842,16836,ups,2025-12-02 18:15:40,2025-12-06 17:15:40
10843,16837,ups,2025-12-28 09:06:01,2025-12-30 17:06:01
10844,16838,dhl,2025-05-02 02:50:15,2025-05-05 04:50:15
10845,16839,usps,2025-10-09 00:29:38,2025-10-09 07:29:38
10846,16841,fedex,2025-11-01 22:21:05,2025-11-04 11:21:05
10847,16842,fedex,2025-10-31 13:20:01,2025-11-02 03:20:01
10848,16844,ups,2025-12-31 06:39:59,2025-12-31 23:59:59
10849,16845,usps,2025-06-14 10:06:57,2025-06-19 13:06:57
1085,1662,fedex,2025-07-28 03:31:16,2025-07-31 17:31:16
10850,16846,dhl,2025-08-12 20:23:25,2025-08-13 02:23:25
10851,16847,usps,2025-02-03 18:24:45,2025-02-06 15:24:45
10852,16848,usps,2025-05-02 21:06:15,2025-05-08 12:06:15
10853,16851,fedex,2025-06-17 09:43:50,2025-06-21 21:43:50
10854,16853,dhl,2025-02-22 06:15:09,2025-02-27 08:15:09
10855,16855,fedex,2025-07-13 18:38:48,2025-07-15 18:38:48
10856,16858,fedex,2025-09-22 03:31:23,2025-09-25 00:31:23
10857,16859,usps,2025-09-23 16:29:03,2025-09-24 04:29:03
10858,16860,usps,2025-11-18 10:05:42,2025-11-23 05:05:42
10859,16861,fedex,2025-06-26 17:11:01,2025-07-02 11:11:01
1086,1663,fedex,2025-04-17 23:48:05,2025-04-20 14:48:05
10860,16864,ups,2025-02-07 17:20:20,2025-02-13 07:20:20
10861,16866,fedex,2025-11-04 07:55:49,2025-11-06 07:55:49
10862,16871,fedex,2025-08-23 20:46:11,\N
10863,16873,ups,2025-02-04 12:16:40,2025-02-06 04:16:40
10864,16874,dhl,2025-01-25 02:17:14,2025-01-26 12:17:14
10865,16880,ups,2025-03-07 13:28:41,\N
10866,16881,ups,2025-11-21 09:23:08,2025-11-25 00:23:08
10867,16882,usps,2025-09-02 10:02:54,2025-09-07 13:02:54
10868,16883,dhl,2025-12-02 16:02:29,2025-12-05 09:02:29
10869,16884,fedex,2025-04-10 14:03:27,2025-04-14 00:03:27
1087,1664,ups,2026-01-01 14:49:25,2025-12-31 23:59:59
10870,16885,fedex,2025-10-12 02:02:11,2025-10-13 01:02:11
10871,16886,fedex,2025-01-26 04:45:40,\N
10872,16888,ups,2025-01-30 17:47:19,2025-02-02 22:47:19
10873,16889,dhl,2025-09-03 03:32:58,2025-09-08 20:32:58
10874,16890,dhl,2025-08-31 17:10:26,2025-09-04 16:10:26
10875,16892,usps,2025-07-12 06:34:58,2025-07-16 03:34:58
10876,16896,dhl,2025-03-12 12:15:39,2025-03-12 23:15:39
10877,16897,ups,2025-03-18 03:17:38,2025-03-23 19:17:38
10878,16898,ups,2025-04-10 22:54:39,2025-04-11 16:54:39
10879,16899,dhl,2025-05-22 08:12:51,2025-05-24 20:12:51
1088,1665,usps,2025-01-28 11:54:41,2025-01-30 23:54:41
10880,16900,ups,2025-06-14 15:05:43,2025-06-15 15:05:43
10881,16901,dhl,2025-06-20 05:38:08,2025-06-25 00:38:08
10882,16902,usps,2025-09-07 10:28:34,2025-09-11 00:28:34
10883,16903,usps,2025-11-22 11:14:55,2025-11-24 07:14:55
10884,16905,usps,2025-03-24 22:18:17,2025-03-30 14:18:17
10885,16907,dhl,2025-03-23 00:39:47,\N
10886,16908,usps,2025-05-04 11:39:52,2025-05-05 04:39:52
10887,16911,usps,2025-10-17 22:41:28,2025-10-20 22:41:28
10888,16913,usps,2025-11-21 22:59:41,2025-11-24 18:59:41
10889,16915,ups,2025-01-15 21:19:26,2025-01-20 12:19:26
1089,1666,dhl,2025-05-26 19:34:11,2025-05-28 21:34:11
10890,16916,dhl,2025-09-09 14:28:34,2025-09-14 03:28:34
10891,16917,fedex,2025-04-06 12:54:40,\N
10892,16919,dhl,2025-08-24 16:31:14,2025-08-25 20:31:14
10893,16920,ups,2025-01-05 02:50:22,2025-01-07 00:50:22
10894,16923,usps,2025-11-02 22:20:06,2025-11-03 22:20:06
10895,16925,fedex,2025-05-17 08:21:18,2025-05-17 23:21:18
10896,16930,usps,2025-07-26 09:10:03,2025-07-30 04:10:03
10897,16932,fedex,2025-02-04 11:06:29,2025-02-05 18:06:29
10898,16933,usps,2025-11-06 08:58:20,2025-11-09 02:58:20
10899,16934,dhl,2025-09-24 13:34:09,2025-09-25 00:34:09
109,170,dhl,2025-10-23 13:18:28,2025-10-26 16:18:28
1090,1668,usps,2025-07-13 16:46:22,2025-07-14 11:46:22
10900,16935,ups,2025-06-17 03:10:31,2025-06-17 12:10:31
10901,16937,ups,2025-07-22 11:50:01,2025-07-24 11:50:01
10902,16938,ups,2025-07-20 08:10:39,2025-07-25 11:10:39
10903,16939,usps,2025-02-15 10:31:43,2025-02-17 14:31:43
10904,16941,dhl,2025-12-03 03:04:12,2025-12-08 21:04:12
10905,16942,usps,2025-07-11 16:02:51,2025-07-14 01:02:51
10906,16943,dhl,2025-12-06 18:50:31,2025-12-11 05:50:31
10907,16944,ups,2025-03-18 18:38:30,2025-03-23 19:38:30
10908,16945,ups,2025-03-27 22:02:17,2025-03-29 12:02:17
10909,16947,dhl,2025-11-13 08:56:04,2025-11-17 03:56:04
1091,1669,fedex,2025-06-14 18:56:50,2025-06-19 16:56:50
10910,16948,usps,2025-07-06 13:23:06,2025-07-11 11:23:06
10911,16949,usps,2025-02-03 02:34:07,2025-02-04 11:34:07
10912,16951,usps,2025-08-29 15:33:12,2025-08-30 18:33:12
10913,16955,fedex,2025-10-12 07:21:34,2025-10-15 21:21:34
10914,16956,usps,2025-06-19 17:21:00,2025-06-21 15:21:00
10915,16957,fedex,2025-03-23 09:23:43,2025-03-24 11:23:43
10916,16958,dhl,2025-03-20 01:54:24,2025-03-25 08:54:24
10917,16959,dhl,2025-04-28 14:35:12,2025-05-04 03:35:12
10918,16960,ups,2025-02-13 17:38:24,2025-02-14 07:38:24
10919,16962,fedex,2025-04-14 01:58:40,2025-04-15 09:58:40
1092,1670,ups,2025-11-05 15:36:44,2025-11-07 05:36:44
10920,16963,ups,2025-02-08 09:33:40,2025-02-11 22:33:40
10921,16964,dhl,2025-01-02 23:46:46,2025-01-05 08:46:46
10922,16965,dhl,2025-01-20 00:09:37,2025-01-23 06:09:37
10923,16967,dhl,2025-09-09 05:40:39,2025-09-09 12:40:39
10924,16968,usps,2025-08-03 12:10:55,2025-08-06 07:10:55
10925,16972,usps,2025-10-05 02:20:17,2025-10-07 14:20:17
10926,16973,dhl,2025-12-06 01:23:32,2025-12-11 14:23:32
10927,16976,usps,2025-11-09 14:52:26,2025-11-14 06:52:26
10928,16978,dhl,2025-09-20 19:21:37,2025-09-21 15:21:37
10929,16979,ups,2025-11-18 15:16:08,2025-11-22 21:16:08
1093,1672,usps,2025-08-17 04:02:25,2025-08-20 22:02:25
10930,16980,usps,2025-04-14 21:24:15,2025-04-16 04:24:15
10931,16981,fedex,2025-05-06 12:51:14,2025-05-09 13:51:14
10932,16982,ups,2025-12-19 19:35:33,2025-12-24 08:35:33
10933,16985,ups,2025-10-07 02:45:57,2025-10-09 09:45:57
10934,16986,ups,2025-12-21 03:15:03,2025-12-26 03:15:03
10935,16987,usps,2025-08-07 06:52:56,2025-08-09 23:52:56
10936,16988,dhl,2025-12-11 04:41:46,2025-12-12 16:41:46
10937,16990,fedex,2025-09-11 18:55:41,2025-09-12 12:55:41
10938,16991,fedex,2025-09-24 04:28:13,\N
10939,16993,dhl,2025-12-23 04:01:10,2025-12-24 22:01:10
1094,1673,ups,2026-01-03 07:22:28,2025-12-31 23:59:59
10940,16995,usps,2025-04-22 02:41:44,2025-04-24 09:41:44
10941,16996,fedex,2025-06-23 15:09:44,2025-06-28 08:09:44
10942,16999,dhl,2025-04-12 10:48:21,2025-04-15 21:48:21
10943,17000,fedex,2025-12-30 23:27:59,\N
10944,17003,ups,2025-09-30 18:13:21,2025-10-02 10:13:21
10945,17004,ups,2025-01-24 23:11:02,2025-01-27 01:11:02
10946,17005,dhl,2025-09-21 07:58:52,2025-09-21 23:58:52
10947,17006,fedex,2025-05-10 12:49:19,2025-05-14 23:49:19
10948,17007,fedex,2025-10-09 21:32:32,2025-10-13 01:32:32
10949,17008,fedex,2025-11-13 00:41:51,2025-11-13 23:41:51
1095,1675,ups,2025-06-20 09:04:03,2025-06-21 04:04:03
10950,17009,fedex,2025-03-06 16:04:17,2025-03-11 12:04:17
10951,17011,dhl,2025-04-28 03:47:53,2025-04-28 17:47:53
10952,17013,ups,2025-12-07 17:08:21,2025-12-12 00:08:21
10953,17014,ups,2025-12-01 11:21:08,2025-12-04 10:21:08
10954,17017,fedex,2025-02-18 18:37:23,2025-02-22 14:37:23
10955,17018,ups,2025-10-18 02:34:49,2025-10-22 15:34:49
10956,17019,dhl,2025-08-06 07:13:42,2025-08-08 04:13:42
10957,17020,usps,2025-10-10 21:09:37,2025-10-15 14:09:37
10958,17022,dhl,2025-09-27 19:20:23,2025-10-02 15:20:23
10959,17025,ups,2025-05-21 00:35:13,2025-05-25 11:35:13
1096,1677,ups,2025-01-09 06:31:10,2025-01-11 10:31:10
10960,17028,usps,2025-04-07 03:33:14,2025-04-09 10:33:14
10961,17029,usps,2025-11-16 17:05:32,2025-11-17 02:05:32
10962,17030,usps,2025-09-06 19:53:04,2025-09-07 16:53:04
10963,17031,usps,2025-04-21 01:52:56,2025-04-23 16:52:56
10964,17032,usps,2025-02-26 11:13:59,2025-02-28 01:13:59
10965,17034,ups,2025-10-19 20:30:51,2025-10-25 02:30:51
10966,17035,ups,2025-02-13 01:14:13,2025-02-16 06:14:13
10967,17037,ups,2025-06-12 13:43:46,2025-06-17 04:43:46
10968,17039,ups,2025-09-14 14:19:34,2025-09-17 02:19:34
10969,17040,ups,2025-02-11 14:41:41,2025-02-15 02:41:41
1097,1679,dhl,2025-04-20 10:20:02,2025-04-24 18:20:02
10970,17041,fedex,2025-04-05 04:33:26,2025-04-08 14:33:26
10971,17042,dhl,2025-04-10 01:52:57,2025-04-15 06:52:57
10972,17044,dhl,2025-12-26 20:22:03,2025-12-31 13:22:03
10973,17045,ups,2025-01-05 21:27:57,2025-01-06 06:27:57
10974,17046,ups,2025-02-05 19:54:22,\N
10975,17047,usps,2025-07-03 23:26:23,2025-07-06 16:26:23
10976,17048,fedex,2025-11-20 03:32:21,2025-11-20 15:32:21
10977,17049,dhl,2025-08-15 14:39:14,2025-08-16 16:39:14
10978,17050,ups,2025-08-01 20:00:22,2025-08-03 23:00:22
10979,17051,fedex,2025-06-24 03:28:48,2025-06-25 05:28:48
1098,1680,dhl,2025-01-17 21:14:13,\N
10980,17052,ups,2025-10-18 15:14:04,2025-10-21 15:14:04
10981,17053,dhl,2025-01-04 00:32:14,2025-01-05 05:32:14
10982,17056,dhl,2025-10-15 08:28:38,\N
10983,17057,ups,2025-09-22 16:00:00,2025-09-26 22:00:00
10984,17058,fedex,2025-06-02 03:10:06,2025-06-05 20:10:06
10985,17059,fedex,2025-01-14 12:11:02,2025-01-15 20:11:02
10986,17060,ups,2025-09-13 21:02:42,2025-09-17 16:02:42
10987,17061,usps,2025-10-18 17:21:54,2025-10-22 01:21:54
10988,17063,dhl,2025-05-03 01:28:42,2025-05-05 10:28:42
10989,17064,fedex,2025-03-04 07:26:42,2025-03-05 19:26:42
1099,1681,ups,2025-07-13 12:35:20,2025-07-14 05:35:20
10990,17065,fedex,2025-11-06 04:57:03,2025-11-08 10:57:03
10991,17067,fedex,2025-01-29 02:45:36,2025-02-01 11:45:36
10992,17073,dhl,2025-02-21 12:21:21,2025-02-24 15:21:21
10993,17075,usps,2025-08-11 19:19:16,\N
10994,17077,dhl,2025-06-14 08:28:55,2025-06-19 21:28:55
10995,17079,fedex,2025-08-13 05:15:55,2025-08-15 02:15:55
10996,17080,fedex,2025-06-07 05:37:29,\N
10997,17081,fedex,2025-09-16 09:34:37,2025-09-21 20:34:37
10998,17082,fedex,2025-11-24 10:43:59,2025-11-28 10:43:59
10999,17083,ups,2025-05-04 19:12:40,2025-05-08 19:12:40
11,17,dhl,2025-04-28 04:42:35,2025-05-01 15:42:35
110,172,ups,2025-06-18 12:40:14,2025-06-21 14:40:14
1100,1682,dhl,2025-06-28 23:09:42,2025-07-02 04:09:42
11000,17084,fedex,2025-11-07 00:36:42,2025-11-08 18:36:42
11001,17086,usps,2025-01-05 17:52:13,2025-01-10 18:52:13
11002,17087,fedex,2025-12-31 13:51:52,2025-12-31 23:59:59
11003,17088,ups,2025-11-09 00:50:25,2025-11-12 10:50:25
11004,17090,dhl,2025-07-11 10:09:41,2025-07-13 08:09:41
11005,17091,usps,2025-04-09 02:14:08,2025-04-13 17:14:08
11006,17094,fedex,2025-05-03 09:05:49,2025-05-07 14:05:49
11007,17095,dhl,2025-02-23 21:21:51,2025-03-01 06:21:51
11008,17098,dhl,2025-02-03 22:04:57,2025-02-05 04:04:57
11009,17099,usps,2025-04-16 09:21:45,2025-04-18 10:21:45
1101,1683,fedex,2025-11-21 23:23:14,\N
11010,17100,usps,2025-04-10 04:50:29,2025-04-15 07:50:29
11011,17101,usps,2025-09-27 21:17:03,2025-09-28 20:17:03
11012,17103,fedex,2025-10-04 18:56:02,2025-10-09 20:56:02
11013,17104,dhl,2025-05-19 20:37:39,2025-05-23 12:37:39
11014,17105,ups,2025-02-23 08:56:14,2025-02-28 14:56:14
11015,17106,dhl,2025-09-19 00:33:14,2025-09-21 21:33:14
11016,17107,fedex,2025-06-20 14:42:09,2025-06-22 03:42:09
11017,17108,fedex,2025-03-10 09:37:49,2025-03-12 07:37:49
11018,17109,fedex,2025-10-27 01:40:58,2025-10-27 07:40:58
11019,17111,ups,2025-01-29 23:57:28,2025-02-03 14:57:28
1102,1684,dhl,2025-11-29 01:03:56,2025-11-30 05:03:56
11020,17114,usps,2025-11-22 00:44:53,2025-11-26 14:44:53
11021,17115,ups,2025-04-18 14:38:23,2025-04-19 23:38:23
11022,17116,fedex,2025-03-27 02:49:46,2025-03-28 22:49:46
11023,17117,fedex,2025-05-18 14:41:46,2025-05-22 19:41:46
11024,17118,fedex,2025-11-20 06:13:45,2025-11-21 01:13:45
11025,17119,usps,2025-02-21 22:39:35,2025-02-25 04:39:35
11026,17120,fedex,2025-09-05 19:08:22,2025-09-11 00:08:22
11027,17121,usps,2025-11-15 16:58:17,2025-11-16 13:58:17
11028,17122,usps,2025-09-03 12:53:56,\N
11029,17123,usps,2025-07-12 01:13:44,2025-07-13 14:13:44
1103,1685,fedex,2025-02-25 06:15:01,2025-02-27 21:15:01
11030,17124,dhl,2025-03-27 22:29:05,2025-04-01 06:29:05
11031,17125,dhl,2025-09-07 20:37:40,2025-09-09 07:37:40
11032,17126,usps,2025-09-12 02:59:18,2025-09-16 21:59:18
11033,17127,dhl,2025-08-27 20:14:50,2025-08-28 05:14:50
11034,17128,usps,2025-11-15 20:58:40,2025-11-19 17:58:40
11035,17129,usps,2025-02-27 22:48:50,2025-03-04 18:48:50
11036,17130,usps,2025-02-11 20:12:05,2025-02-15 17:12:05
11037,17133,usps,2025-11-19 11:20:49,2025-11-24 21:20:49
11038,17134,fedex,2025-10-20 21:30:49,2025-10-24 22:30:49
11039,17135,fedex,2025-09-24 18:10:43,2025-09-30 10:10:43
1104,1686,ups,2025-10-27 11:53:53,2025-10-30 04:53:53
11040,17136,ups,2025-11-18 07:58:52,2025-11-21 05:58:52
11041,17137,dhl,2025-04-29 05:46:32,2025-05-01 01:46:32
11042,17138,dhl,2025-04-14 05:27:42,2025-04-14 23:27:42
11043,17140,ups,2025-09-15 17:31:02,2025-09-20 13:31:02
11044,17141,dhl,2025-05-21 18:16:55,2025-05-25 12:16:55
11045,17145,ups,2025-06-14 06:13:11,2025-06-16 00:13:11
11046,17146,ups,2025-09-23 14:20:36,2025-09-29 08:20:36
11047,17147,ups,2025-04-18 13:14:04,\N
11048,17148,usps,2025-06-09 12:49:33,2025-06-10 04:49:33
11049,17149,fedex,2025-05-24 22:15:56,2025-05-25 05:15:56
1105,1687,dhl,2025-09-25 14:16:46,2025-09-30 16:16:46
11050,17150,usps,2025-11-04 10:05:27,2025-11-06 14:05:27
11051,17151,ups,2025-12-02 13:04:37,2025-12-03 10:04:37
11052,17152,usps,2025-07-17 15:04:11,2025-07-21 07:04:11
11053,17153,fedex,2025-12-09 06:50:31,2025-12-14 20:50:31
11054,17155,fedex,2025-10-24 02:35:32,2025-10-29 09:35:32
11055,17158,usps,2025-11-19 06:11:04,2025-11-20 13:11:04
11056,17160,usps,2025-02-18 12:57:14,2025-02-20 13:57:14
11057,17161,dhl,2025-07-03 06:25:39,2025-07-05 23:25:39
11058,17163,ups,2025-12-01 11:52:12,2025-12-02 22:52:12
11059,17165,fedex,2025-10-20 04:40:31,2025-10-23 17:40:31
1106,1688,dhl,2025-12-21 17:27:55,2025-12-22 00:27:55
11060,17166,usps,2025-03-12 15:06:07,2025-03-16 21:06:07
11061,17168,ups,2025-10-15 01:49:34,2025-10-20 12:49:34
11062,17169,usps,2025-12-13 03:18:12,2025-12-13 17:18:12
11063,17170,dhl,2025-08-25 00:36:39,2025-08-26 21:36:39
11064,17172,ups,2025-03-18 06:54:51,2025-03-24 00:54:51
11065,17177,dhl,2025-11-26 15:34:29,2025-11-28 11:34:29
11066,17179,fedex,2025-04-25 17:05:26,2025-04-27 09:05:26
11067,17180,dhl,2025-09-27 09:32:52,2025-09-29 20:32:52
11068,17182,usps,2025-10-16 14:18:13,2025-10-18 06:18:13
11069,17187,fedex,2025-10-01 18:00:08,2025-10-05 15:00:08
1107,1689,fedex,2025-07-26 01:29:05,2025-07-29 20:29:05
11070,17189,usps,2025-05-08 22:59:13,2025-05-12 01:59:13
11071,17190,usps,2025-11-14 03:47:03,2025-11-18 04:47:03
11072,17193,fedex,2025-05-06 04:23:53,2025-05-06 18:23:53
11073,17196,fedex,2025-07-29 19:51:05,\N
11074,17197,fedex,2025-12-31 18:14:45,2025-12-31 23:59:59
11075,17198,dhl,2025-12-13 19:20:34,2025-12-14 20:20:34
11076,17199,ups,2025-04-03 21:38:02,2025-04-06 11:38:02
11077,17200,ups,2025-07-10 03:09:16,2025-07-14 03:09:16
11078,17201,dhl,2025-04-24 23:32:15,2025-04-29 01:32:15
11079,17202,fedex,2025-02-01 23:22:09,2025-02-07 16:22:09
1108,1691,ups,2025-10-06 21:06:43,2025-10-10 21:06:43
11080,17203,dhl,2025-07-09 03:56:48,2025-07-12 07:56:48
11081,17204,dhl,2025-06-26 22:02:34,2025-06-28 10:02:34
11082,17205,fedex,2025-11-08 15:44:43,2025-11-09 13:44:43
11083,17206,fedex,2025-05-31 22:18:37,2025-06-03 09:18:37
11084,17208,fedex,2025-05-18 03:31:02,2025-05-23 16:31:02
11085,17209,dhl,2025-05-21 16:09:43,2025-05-22 13:09:43
11086,17210,dhl,2025-09-05 00:15:47,2025-09-08 17:15:47
11087,17211,ups,2025-09-29 12:41:19,2025-10-02 06:41:19
11088,17212,dhl,2025-08-09 01:23:22,2025-08-11 03:23:22
11089,17213,dhl,2025-01-15 18:08:41,\N
1109,1692,fedex,2025-05-17 23:55:36,2025-05-21 21:55:36
11090,17214,usps,2025-08-03 16:58:42,2025-08-08 02:58:42
11091,17216,fedex,2025-11-09 09:22:48,2025-11-11 07:22:48
11092,17219,fedex,2025-11-18 00:22:14,2025-11-21 20:22:14
11093,17222,usps,2025-04-06 00:51:53,2025-04-10 07:51:53
11094,17223,usps,2025-09-13 12:13:02,2025-09-16 21:13:02
11095,17224,fedex,2025-03-15 05:33:49,\N
11096,17226,ups,2025-06-07 13:44:43,2025-06-11 16:44:43
11097,17228,dhl,2025-10-03 19:40:52,2025-10-04 11:40:52
11098,17229,usps,2025-07-12 02:19:01,\N
11099,17230,ups,2025-05-23 02:11:33,2025-05-25 20:11:33
111,173,usps,2025-04-10 23:46:57,2025-04-15 23:46:57
1110,1693,dhl,2025-10-29 01:07:28,2025-11-02 15:07:28
11100,17231,usps,2025-11-05 08:49:43,2025-11-09 19:49:43
11101,17234,usps,2025-02-25 15:17:27,2025-03-02 20:17:27
11102,17235,dhl,2025-10-23 00:07:59,2025-10-24 04:07:59
11103,17241,ups,2025-09-05 23:08:10,2025-09-10 14:08:10
11104,17242,fedex,2025-05-13 10:31:43,2025-05-18 03:31:43
11105,17243,dhl,2025-01-17 21:19:42,\N
11106,17244,fedex,2025-03-04 16:21:08,2025-03-05 19:21:08
11107,17245,fedex,2025-05-24 02:15:27,2025-05-29 18:15:27
11108,17246,ups,2025-01-29 03:35:23,2025-02-03 00:35:23
11109,17248,fedex,2025-01-09 19:14:58,2025-01-14 01:14:58
1111,1695,fedex,2025-10-03 00:11:22,2025-10-04 15:11:22
11110,17249,ups,2025-10-25 19:13:06,2025-10-28 20:13:06
11111,17250,fedex,2025-05-10 07:36:29,2025-05-12 00:36:29
11112,17251,usps,2025-10-13 15:12:55,2025-10-17 16:12:55
11113,17252,usps,2025-04-22 18:40:09,2025-04-27 13:40:09
11114,17256,ups,2025-01-25 05:43:27,2025-01-26 10:43:27
11115,17258,dhl,2025-05-21 16:13:47,2025-05-22 15:13:47
11116,17259,ups,2025-09-29 21:51:35,2025-10-02 09:51:35
11117,17260,dhl,2025-06-09 09:57:27,\N
11118,17261,ups,2025-06-02 01:32:30,2025-06-06 12:32:30
11119,17262,usps,2025-09-02 18:51:11,2025-09-03 21:51:11
1112,1699,usps,2025-11-07 22:28:46,2025-11-11 08:28:46
11120,17263,dhl,2025-10-04 18:19:10,2025-10-08 05:19:10
11121,17265,dhl,2025-04-11 17:06:08,2025-04-16 23:06:08
11122,17267,usps,2025-07-20 23:10:36,2025-07-25 05:10:36
11123,17268,ups,2025-10-01 14:04:14,2025-10-02 04:04:14
11124,17269,usps,2025-09-17 12:04:19,2025-09-22 01:04:19
11125,17271,dhl,2025-08-24 16:44:15,2025-08-28 09:44:15
11126,17272,fedex,2025-10-30 16:34:07,2025-11-04 17:34:07
11127,17273,usps,2025-12-07 13:52:55,2025-12-09 08:52:55
11128,17274,dhl,2025-09-14 17:42:38,2025-09-20 09:42:38
11129,17275,fedex,2025-07-19 10:55:47,2025-07-22 13:55:47
1113,1700,ups,2025-01-14 01:50:21,2025-01-16 22:50:21
11130,17276,ups,2025-05-10 13:48:08,2025-05-11 08:48:08
11131,17278,fedex,2025-09-25 18:35:29,2025-09-26 11:35:29
11132,17281,fedex,2025-07-30 05:14:34,2025-07-30 13:14:34
11133,17282,fedex,2025-08-31 17:43:43,2025-09-01 13:43:43
11134,17284,usps,2025-07-24 07:14:25,2025-07-30 00:14:25
11135,17286,ups,2025-02-06 10:16:26,2025-02-11 06:16:26
11136,17291,usps,2025-07-16 10:39:07,2025-07-17 08:39:07
11137,17292,usps,2026-01-02 03:04:27,2025-12-31 23:59:59
11138,17293,fedex,2025-08-05 20:38:10,2025-08-08 18:38:10
11139,17294,dhl,2025-05-05 22:40:39,2025-05-08 21:40:39
1114,1701,fedex,2025-06-20 00:05:24,2025-06-20 09:05:24
11140,17295,fedex,2025-02-14 05:19:09,2025-02-17 12:19:09
11141,17296,usps,2025-12-19 03:46:52,2025-12-19 14:46:52
11142,17298,dhl,2025-01-11 23:53:21,\N
11143,17302,ups,2025-03-29 18:59:57,2025-03-31 16:59:57
11144,17304,dhl,2025-06-04 01:30:49,2025-06-08 04:30:49
11145,17305,dhl,2025-06-13 05:41:11,2025-06-14 02:41:11
11146,17306,fedex,2025-04-27 07:55:30,2025-05-01 16:55:30
11147,17307,dhl,2025-12-26 21:30:46,2025-12-31 07:30:46
11148,17308,fedex,2025-08-04 03:17:06,2025-08-09 17:17:06
11149,17309,fedex,2025-06-30 16:14:58,2025-07-01 09:14:58
1115,1702,ups,2025-05-01 19:06:21,\N
11150,17310,usps,2025-05-18 08:50:55,2025-05-20 02:50:55
11151,17318,ups,2025-10-29 11:51:36,2025-11-03 03:51:36
11152,17322,fedex,2025-10-24 12:06:44,2025-10-26 23:06:44
11153,17323,fedex,2025-11-18 20:55:27,2025-11-24 05:55:27
11154,17325,usps,2025-05-13 15:50:41,2025-05-19 05:50:41
11155,17326,usps,2025-04-11 14:42:56,2025-04-14 12:42:56
11156,17327,ups,2025-12-12 15:09:32,2025-12-14 06:09:32
11157,17330,usps,2025-07-18 21:06:26,\N
11158,17331,ups,2025-06-12 08:52:04,2025-06-16 09:52:04
11159,17332,fedex,2025-02-07 00:08:59,2025-02-11 20:08:59
1116,1704,ups,2025-02-24 06:12:08,2025-02-24 13:12:08
11160,17336,usps,2025-05-02 07:53:47,2025-05-07 14:53:47
11161,17337,usps,2025-06-12 19:55:04,2025-06-15 05:55:04
11162,17338,fedex,2025-10-31 23:45:15,\N
11163,17340,dhl,2025-01-23 02:28:59,2025-01-23 17:28:59
11164,17342,fedex,2025-03-21 05:24:07,2025-03-25 12:24:07
11165,17343,ups,2025-08-19 12:25:13,2025-08-24 17:25:13
11166,17346,ups,2025-11-07 17:34:12,2025-11-08 12:34:12
11167,17348,dhl,2025-02-06 19:40:10,\N
11168,17349,dhl,2025-05-06 17:14:25,2025-05-11 21:14:25
11169,17350,fedex,2025-11-25 23:49:09,2025-11-28 12:49:09
1117,1705,ups,2025-04-18 06:44:02,2025-04-21 15:44:02
11170,17351,usps,2025-12-21 19:22:28,2025-12-23 06:22:28
11171,17352,usps,2025-11-10 10:04:52,2025-11-13 16:04:52
11172,17353,fedex,2025-08-23 19:25:38,2025-08-26 22:25:38
11173,17354,ups,2025-08-02 03:01:33,2025-08-03 02:01:33
11174,17356,ups,2025-10-09 11:41:07,2025-10-12 16:41:07
11175,17359,usps,2025-08-16 07:34:03,2025-08-17 07:34:03
11176,17361,usps,2025-01-20 07:22:10,2025-01-21 19:22:10
11177,17362,fedex,2025-01-29 03:24:10,2025-01-31 00:24:10
11178,17363,fedex,2025-05-04 08:23:32,2025-05-09 13:23:32
11179,17365,dhl,2025-09-19 09:07:07,2025-09-24 20:07:07
1118,1706,usps,2025-04-07 05:32:43,2025-04-11 13:32:43
11180,17371,ups,2025-08-25 00:41:58,2025-08-28 12:41:58
11181,17372,fedex,2025-03-10 22:33:31,2025-03-12 21:33:31
11182,17373,ups,2025-06-05 06:06:11,2025-06-05 17:06:11
11183,17377,ups,2025-08-02 01:45:30,\N
11184,17378,fedex,2025-01-07 14:35:00,\N
11185,17380,fedex,2025-06-19 05:04:39,2025-06-22 16:04:39
11186,17381,ups,2025-12-29 10:34:04,2025-12-31 23:59:59
11187,17382,fedex,2025-05-06 02:57:15,2025-05-08 08:57:15
11188,17384,dhl,2025-03-29 16:10:20,\N
11189,17385,usps,2025-04-15 08:26:58,2025-04-16 14:26:58
1119,1707,dhl,2025-06-11 18:16:04,2025-06-16 05:16:04
11190,17387,fedex,2025-03-17 05:32:36,2025-03-19 00:32:36
11191,17389,ups,2025-02-26 05:36:00,\N
11192,17393,ups,2025-06-24 00:44:45,2025-06-26 07:44:45
11193,17395,ups,2025-12-14 02:03:05,2025-12-15 07:03:05
11194,17398,usps,2025-10-04 11:34:56,2025-10-05 23:34:56
11195,17399,ups,2025-02-09 16:50:43,2025-02-11 04:50:43
11196,17400,usps,2025-08-22 17:00:48,2025-08-25 06:00:48
11197,17401,ups,2025-05-02 08:11:51,2025-05-04 19:11:51
11198,17402,ups,2025-12-12 20:25:46,\N
11199,17403,fedex,2025-09-16 17:11:45,\N
112,177,usps,2025-11-26 19:13:47,2025-12-02 12:13:47
1120,1709,dhl,2025-04-16 22:19:27,2025-04-18 22:19:27
11200,17405,usps,2025-10-28 10:05:16,2025-11-01 05:05:16
11201,17406,ups,2025-03-13 23:18:32,2025-03-16 16:18:32
11202,17407,dhl,2025-12-31 21:52:31,2025-12-31 23:59:59
11203,17408,ups,2025-11-12 06:20:03,2025-11-17 13:20:03
11204,17409,usps,2025-07-18 12:59:33,2025-07-18 22:59:33
11205,17412,usps,2025-03-18 19:54:36,2025-03-21 12:54:36
11206,17413,ups,2025-08-14 05:08:03,2025-08-18 14:08:03
11207,17414,fedex,2025-09-15 08:43:20,2025-09-17 06:43:20
11208,17419,ups,2025-05-09 23:27:22,2025-05-12 23:27:22
11209,17420,fedex,2025-03-07 05:08:41,2025-03-11 06:08:41
1121,1710,fedex,2025-08-17 20:28:01,2025-08-19 16:28:01
11210,17421,fedex,2025-05-19 07:56:05,\N
11211,17422,ups,2025-06-10 00:21:26,\N
11212,17423,usps,2025-05-23 02:15:08,2025-05-25 10:15:08
11213,17424,usps,2025-10-16 22:39:32,\N
11214,17425,ups,2025-08-20 01:41:17,2025-08-21 17:41:17
11215,17426,dhl,2025-01-09 04:19:40,2025-01-13 18:19:40
11216,17427,ups,2025-10-17 02:02:40,2025-10-18 02:02:40
11217,17430,ups,2025-11-13 03:30:36,2025-11-15 02:30:36
11218,17431,ups,2025-04-12 05:29:29,2025-04-15 23:29:29
11219,17432,usps,2025-09-05 01:29:00,2025-09-08 13:29:00
1122,1712,ups,2025-09-20 12:47:51,2025-09-26 04:47:51
11220,17433,usps,2025-08-31 00:50:31,2025-09-04 01:50:31
11221,17434,usps,2025-03-10 00:47:53,2025-03-12 15:47:53
11222,17435,dhl,2025-12-25 20:06:39,2025-12-26 04:06:39
11223,17436,fedex,2025-03-08 08:58:50,2025-03-12 23:58:50
11224,17437,usps,2025-05-13 09:32:53,2025-05-14 00:32:53
11225,17438,dhl,2025-01-24 03:28:48,2025-01-27 07:28:48
11226,17440,ups,2025-07-01 07:29:50,2025-07-02 03:29:50
11227,17441,usps,2025-02-01 16:16:59,2025-02-04 11:16:59
11228,17442,fedex,2025-01-26 08:54:36,2025-01-28 21:54:36
11229,17443,fedex,2025-07-02 07:36:21,2025-07-07 08:36:21
1123,1713,usps,2025-11-29 01:07:12,2025-12-04 19:07:12
11230,17446,usps,2025-12-23 08:27:41,2025-12-23 21:27:41
11231,17447,usps,2025-08-05 11:30:56,2025-08-06 17:30:56
11232,17449,ups,2025-08-02 21:05:48,2025-08-06 13:05:48
11233,17450,usps,2025-11-25 16:09:34,2025-11-29 00:09:34
11234,17451,dhl,2025-05-27 14:06:42,2025-05-31 21:06:42
11235,17453,dhl,2025-06-15 06:08:36,2025-06-17 09:08:36
11236,17458,fedex,2025-07-18 19:49:34,2025-07-23 19:49:34
11237,17459,dhl,2025-07-08 11:27:50,2025-07-11 15:27:50
11238,17460,ups,2025-02-19 12:00:28,2025-02-21 20:00:28
11239,17462,ups,2025-12-04 18:30:39,2025-12-09 10:30:39
1124,1714,ups,2025-04-16 06:46:25,2025-04-16 17:46:25
11240,17464,dhl,2025-02-14 09:54:25,2025-02-15 05:54:25
11241,17465,dhl,2025-07-18 00:37:53,2025-07-22 09:37:53
11242,17468,fedex,2025-01-09 08:43:41,2025-01-13 22:43:41
11243,17469,ups,2025-09-28 13:54:11,2025-10-02 14:54:11
11244,17470,fedex,2025-02-17 20:24:19,2025-02-21 20:24:19
11245,17471,usps,2025-09-13 14:51:13,2025-09-18 16:51:13
11246,17474,fedex,2025-12-02 22:31:04,2025-12-03 21:31:04
11247,17475,dhl,2025-02-20 17:06:26,2025-02-24 14:06:26
11248,17476,ups,2025-08-04 14:09:46,2025-08-07 03:09:46
11249,17477,dhl,2025-09-12 23:00:13,2025-09-14 08:00:13
1125,1716,usps,2025-07-15 13:22:17,2025-07-17 10:22:17
11250,17478,usps,2025-03-23 08:45:52,2025-03-26 04:45:52
11251,17481,ups,2025-12-31 12:39:33,2025-12-31 23:59:59
11252,17482,usps,2025-01-20 00:09:26,2025-01-24 02:09:26
11253,17483,usps,2025-05-05 06:05:29,2025-05-08 21:05:29
11254,17484,dhl,2025-10-21 13:34:27,2025-10-22 11:34:27
11255,17485,ups,2025-10-08 12:54:37,2025-10-12 20:54:37
11256,17486,ups,2025-10-10 09:35:43,2025-10-11 12:35:43
11257,17488,usps,2025-05-08 20:31:17,2025-05-12 05:31:17
11258,17490,fedex,2025-10-03 12:54:14,2025-10-05 20:54:14
11259,17491,ups,2025-03-01 05:27:17,2025-03-05 17:27:17
1126,1717,usps,2025-08-31 15:08:13,2025-09-01 09:08:13
11260,17493,usps,2025-01-17 02:28:26,2025-01-20 07:28:26
11261,17495,fedex,2025-01-05 14:28:44,2025-01-08 19:28:44
11262,17496,dhl,2025-11-29 03:10:13,2025-12-01 05:10:13
11263,17497,ups,2025-06-05 02:36:37,2025-06-05 11:36:37
11264,17498,usps,2025-09-01 12:05:32,2025-09-06 06:05:32
11265,17499,usps,2025-07-24 17:37:00,2025-07-29 14:37:00
11266,17500,fedex,2025-10-29 12:02:54,2025-11-03 20:02:54
11267,17505,fedex,2025-09-13 12:28:58,2025-09-14 06:28:58
11268,17506,fedex,2025-01-05 03:47:57,\N
11269,17507,fedex,2025-09-12 03:35:45,2025-09-14 16:35:45
1127,1719,ups,2025-01-12 17:02:04,2025-01-14 09:02:04
11270,17513,usps,2025-12-21 22:50:02,2025-12-26 21:50:02
11271,17514,ups,2025-05-17 09:47:22,2025-05-22 00:47:22
11272,17517,ups,2025-10-27 10:41:31,2025-11-02 04:41:31
11273,17518,ups,2025-02-01 23:46:30,2025-02-07 15:46:30
11274,17519,fedex,2025-12-02 19:38:38,2025-12-04 17:38:38
11275,17521,ups,2025-03-12 03:45:57,2025-03-13 21:45:57
11276,17522,dhl,2025-07-30 22:05:16,2025-08-01 10:05:16
11277,17523,dhl,2025-10-12 11:05:54,2025-10-16 07:05:54
11278,17524,ups,2025-01-02 03:48:07,2025-01-02 16:48:07
11279,17526,dhl,2025-01-26 13:59:42,2025-01-27 05:59:42
1128,1722,ups,2025-03-10 01:02:40,2025-03-15 03:02:40
11280,17527,fedex,2025-04-13 14:47:03,2025-04-16 19:47:03
11281,17528,ups,2025-05-01 18:41:47,2025-05-07 09:41:47
11282,17529,fedex,2025-11-03 15:21:55,2025-11-06 14:21:55
11283,17530,usps,2025-01-07 12:25:47,2025-01-08 05:25:47
11284,17534,dhl,2025-01-10 03:01:59,2025-01-13 06:01:59
11285,17535,fedex,2025-04-16 05:24:43,2025-04-18 20:24:43
11286,17536,fedex,2025-08-05 15:07:35,2025-08-08 15:07:35
11287,17538,ups,2025-10-11 00:53:29,\N
11288,17541,fedex,2025-06-10 02:35:05,2025-06-14 21:35:05
11289,17542,ups,2025-08-23 20:03:00,2025-08-25 12:03:00
1129,1725,dhl,2025-05-16 18:58:47,2025-05-21 21:58:47
11290,17543,ups,2025-03-14 07:58:54,2025-03-16 15:58:54
11291,17545,ups,2025-02-15 01:27:02,\N
11292,17546,dhl,2025-10-14 19:02:32,2025-10-15 21:02:32
11293,17547,usps,2025-02-08 12:28:58,2025-02-09 15:28:58
11294,17548,ups,2025-02-08 23:47:17,2025-02-12 10:47:17
11295,17549,ups,2025-09-18 22:23:55,2025-09-24 10:23:55
11296,17550,usps,2025-05-28 00:21:33,2025-05-28 17:21:33
11297,17552,fedex,2025-01-15 04:44:28,2025-01-18 21:44:28
11298,17553,dhl,2025-04-16 13:12:06,\N
11299,17555,fedex,2025-10-06 17:25:33,2025-10-09 02:25:33
113,178,ups,2025-11-10 16:56:19,2025-11-11 07:56:19
1130,1726,usps,2025-07-23 09:54:32,2025-07-28 01:54:32
11300,17557,ups,2025-12-04 22:44:25,2025-12-09 16:44:25
11301,17564,dhl,2025-08-28 18:37:52,2025-09-03 13:37:52
11302,17565,dhl,2025-01-25 00:59:46,2025-01-26 11:59:46
11303,17566,fedex,2025-11-19 17:20:19,\N
11304,17567,ups,2025-09-15 02:41:41,2025-09-17 14:41:41
11305,17568,ups,2025-04-05 00:42:17,2025-04-07 19:42:17
11306,17569,fedex,2025-02-13 10:44:50,2025-02-18 03:44:50
11307,17570,dhl,2025-02-09 01:23:51,2025-02-11 17:23:51
11308,17571,usps,2025-01-04 16:33:38,\N
11309,17572,usps,2025-04-16 15:20:02,2025-04-19 06:20:02
1131,1728,ups,2025-09-22 06:09:01,2025-09-22 21:09:01
11310,17573,fedex,2025-02-14 20:11:09,2025-02-19 18:11:09
11311,17574,fedex,2025-09-02 14:55:42,2025-09-04 22:55:42
11312,17575,fedex,2025-07-15 15:24:05,2025-07-20 05:24:05
11313,17577,ups,2025-12-24 02:25:24,2025-12-27 15:25:24
11314,17578,dhl,2025-01-18 06:03:16,2025-01-23 02:03:16
11315,17581,fedex,2025-11-01 13:18:23,2025-11-04 03:18:23
11316,17582,fedex,2025-09-21 20:20:23,2025-09-24 20:20:23
11317,17584,usps,2025-12-09 15:17:55,2025-12-10 04:17:55
11318,17586,dhl,2025-12-11 04:31:12,2025-12-16 04:31:12
11319,17587,dhl,2025-02-26 12:34:44,2025-02-27 08:34:44
1132,1729,ups,2025-09-18 11:57:13,2025-09-20 22:57:13
11320,17588,dhl,2025-06-01 02:21:53,2025-06-05 17:21:53
11321,17590,dhl,2025-04-11 10:39:25,\N
11322,17592,dhl,2025-06-15 02:27:28,\N
11323,17593,fedex,2025-05-27 09:55:20,2025-05-30 13:55:20
11324,17594,ups,2025-01-27 00:33:40,2025-01-27 07:33:40
11325,17595,usps,2025-09-12 06:45:22,2025-09-15 16:45:22
11326,17597,ups,2025-08-13 07:52:30,2025-08-17 15:52:30
11327,17599,usps,2025-04-08 15:54:47,2025-04-11 09:54:47
11328,17600,fedex,2025-02-18 09:33:33,2025-02-19 03:33:33
11329,17602,usps,2025-03-22 19:24:14,2025-03-27 08:24:14
1133,1730,fedex,2025-05-18 11:45:13,2025-05-19 07:45:13
11330,17605,usps,2025-02-04 16:17:39,2025-02-09 17:17:39
11331,17606,ups,2025-05-13 21:03:57,2025-05-19 09:03:57
11332,17607,usps,2025-05-02 07:46:27,2025-05-07 00:46:27
11333,17609,dhl,2025-07-12 09:00:38,2025-07-17 20:00:38
11334,17611,usps,2025-05-24 04:30:07,2025-05-27 20:30:07
11335,17612,dhl,2025-04-14 21:43:12,2025-04-15 07:43:12
11336,17617,dhl,2025-03-11 00:04:56,2025-03-11 11:04:56
11337,17618,usps,2025-08-12 11:40:20,2025-08-12 20:40:20
11338,17622,dhl,2025-02-01 23:11:25,2025-02-07 17:11:25
11339,17623,ups,2025-03-31 05:58:17,2025-04-01 19:58:17
1134,1731,ups,2025-05-05 07:40:11,2025-05-06 08:40:11
11340,17624,usps,2025-07-21 10:38:28,2025-07-23 18:38:28
11341,17625,ups,2025-07-06 17:54:02,2025-07-09 12:54:02
11342,17626,fedex,2025-05-15 23:50:56,2025-05-16 05:50:56
11343,17627,usps,2025-08-28 01:44:32,2025-09-02 17:44:32
11344,17628,dhl,2025-06-10 00:52:23,\N
11345,17629,fedex,2025-11-15 02:54:05,\N
11346,17630,fedex,2025-01-14 08:22:42,2025-01-19 19:22:42
11347,17631,dhl,2025-04-29 22:17:34,2025-05-02 09:17:34
11348,17634,dhl,2025-06-24 05:58:51,2025-06-29 09:58:51
11349,17635,dhl,2025-06-30 00:33:21,2025-07-02 09:33:21
1135,1732,fedex,2025-11-02 13:04:52,2025-11-05 00:04:52
11350,17636,usps,2025-07-21 18:07:06,2025-07-26 17:07:06
11351,17638,usps,2025-10-01 04:24:55,2025-10-05 03:24:55
11352,17639,fedex,2025-07-11 07:14:35,2025-07-16 23:14:35
11353,17641,dhl,2025-10-28 01:47:23,2025-11-01 22:47:23
11354,17642,usps,2025-02-06 20:30:21,\N
11355,17643,usps,2025-12-11 08:44:11,2025-12-15 15:44:11
11356,17645,ups,2025-01-24 13:31:18,2025-01-27 14:31:18
11357,17646,dhl,2025-11-22 01:24:02,2025-11-24 20:24:02
11358,17647,usps,2025-10-30 08:27:45,2025-11-01 03:27:45
11359,17648,ups,2025-02-10 14:35:00,2025-02-15 07:35:00
1136,1733,dhl,2025-04-20 20:39:03,2025-04-22 02:39:03
11360,17649,usps,2025-12-03 20:41:08,2025-12-05 17:41:08
11361,17651,fedex,2025-04-26 02:11:39,2025-04-27 11:11:39
11362,17655,ups,2025-09-10 05:03:30,2025-09-12 09:03:30
11363,17656,usps,2025-12-03 11:53:52,2025-12-05 05:53:52
11364,17658,ups,2025-01-10 12:24:02,2025-01-14 12:24:02
11365,17659,usps,2025-09-09 16:25:58,2025-09-10 14:25:58
11366,17660,usps,2025-08-13 13:45:53,2025-08-18 22:45:53
11367,17661,ups,2025-07-11 08:57:10,2025-07-13 05:57:10
11368,17663,dhl,2025-05-05 17:19:36,2025-05-10 17:19:36
11369,17666,fedex,2025-10-17 11:41:19,2025-10-23 04:41:19
1137,1734,usps,2025-09-18 13:20:02,2025-09-21 09:20:02
11370,17667,ups,2025-09-30 03:49:10,2025-10-04 01:49:10
11371,17669,fedex,2025-06-20 02:56:32,2025-06-21 18:56:32
11372,17670,dhl,2025-01-09 06:29:07,2025-01-10 10:29:07
11373,17671,usps,2025-04-23 09:28:41,2025-04-26 05:28:41
11374,17672,fedex,2025-05-20 00:54:46,2025-05-21 14:54:46
11375,17673,usps,2025-06-26 18:56:48,2025-06-27 19:56:48
11376,17674,ups,2025-02-19 22:03:31,2025-02-24 16:03:31
11377,17676,fedex,2025-05-26 17:35:40,2025-05-30 01:35:40
11378,17677,usps,2025-01-22 16:02:58,2025-01-24 10:02:58
11379,17678,ups,2025-07-17 10:12:25,2025-07-18 01:12:25
1138,1736,dhl,2025-12-15 11:47:26,2025-12-17 22:47:26
11380,17679,fedex,2025-09-07 12:05:38,2025-09-10 11:05:38
11381,17680,usps,2025-12-15 12:14:05,2025-12-21 07:14:05
11382,17686,usps,2025-02-10 05:40:15,2025-02-12 11:40:15
11383,17687,ups,2025-07-25 02:03:54,2025-07-29 00:03:54
11384,17689,ups,2025-06-13 23:34:03,2025-06-16 20:34:03
11385,17692,usps,2025-07-03 01:39:42,2025-07-06 14:39:42
11386,17693,fedex,2025-03-24 11:55:59,2025-03-27 18:55:59
11387,17694,ups,2025-02-15 08:57:32,2025-02-20 07:57:32
11388,17698,usps,2025-11-25 06:09:08,2025-11-29 19:09:08
11389,17700,ups,2025-11-25 13:05:56,\N
1139,1737,ups,2025-11-04 17:16:05,2025-11-09 02:16:05
11390,17702,usps,2025-11-22 07:59:27,2025-11-24 22:59:27
11391,17703,usps,2025-08-15 07:36:15,2025-08-16 23:36:15
11392,17707,usps,2025-04-11 09:45:56,2025-04-16 14:45:56
11393,17708,fedex,2025-06-22 07:53:32,2025-06-27 20:53:32
11394,17710,dhl,2025-12-08 20:51:00,2025-12-11 13:51:00
11395,17711,usps,2025-02-08 13:08:16,2025-02-08 23:08:16
11396,17712,fedex,2025-06-15 16:08:43,2025-06-20 13:08:43
11397,17713,fedex,2025-05-17 03:56:51,2025-05-17 22:56:51
11398,17718,fedex,2025-07-18 13:26:37,2025-07-20 01:26:37
11399,17720,ups,2025-12-15 14:40:15,2025-12-21 08:40:15
114,179,fedex,2025-10-19 19:03:34,2025-10-21 03:03:34
1140,1738,dhl,2025-01-05 05:35:17,2025-01-08 21:35:17
11400,17721,fedex,2025-06-11 13:31:03,2025-06-14 02:31:03
11401,17722,usps,2025-07-15 06:29:30,2025-07-19 17:29:30
11402,17723,ups,2025-06-06 06:36:53,2025-06-08 23:36:53
11403,17724,fedex,2025-12-04 13:23:12,2025-12-05 02:23:12
11404,17730,ups,2025-08-12 12:32:27,2025-08-13 08:32:27
11405,17731,fedex,2025-08-27 01:51:06,2025-08-31 18:51:06
11406,17732,fedex,2025-09-27 07:01:59,2025-09-28 12:01:59
11407,17733,usps,2025-01-18 03:26:56,2025-01-21 12:26:56
11408,17735,usps,2025-11-21 18:03:15,2025-11-22 08:03:15
11409,17737,usps,2025-10-30 11:21:41,\N
1141,1740,fedex,2025-08-12 22:30:04,2025-08-14 07:30:04
11410,17738,dhl,2025-11-22 11:08:40,2025-11-25 22:08:40
11411,17739,fedex,2025-06-16 14:43:01,2025-06-19 05:43:01
11412,17740,fedex,2025-04-21 07:32:12,2025-04-23 10:32:12
11413,17741,usps,2025-09-27 04:40:12,2025-10-02 15:40:12
11414,17742,usps,2025-04-16 15:28:47,2025-04-21 22:28:47
11415,17743,fedex,2025-09-23 22:50:29,2025-09-27 03:50:29
11416,17744,fedex,2025-01-13 20:07:39,2025-01-15 08:07:39
11417,17745,dhl,2025-10-19 16:01:04,2025-10-21 21:01:04
11418,17746,usps,2025-02-01 11:36:05,2025-02-03 17:36:05
11419,17749,usps,2025-02-01 10:01:27,2025-02-01 23:01:27
1142,1741,ups,2025-03-04 05:00:43,2025-03-07 00:00:43
11420,17752,ups,2025-11-10 09:05:40,2025-11-13 19:05:40
11421,17754,usps,2025-08-18 16:09:57,\N
11422,17755,dhl,2025-05-21 19:38:16,2025-05-24 17:38:16
11423,17756,ups,2025-10-29 12:56:02,2025-11-02 17:56:02
11424,17757,fedex,2025-11-11 02:58:46,2025-11-13 00:58:46
11425,17758,usps,2025-04-12 09:02:25,2025-04-16 06:02:25
11426,17759,dhl,2025-05-04 02:55:10,2025-05-08 06:55:10
11427,17760,usps,2025-07-09 15:24:21,2025-07-13 06:24:21
11428,17762,dhl,2025-12-17 05:38:37,2025-12-20 13:38:37
11429,17763,dhl,2025-06-21 21:28:23,2025-06-27 14:28:23
1143,1744,dhl,2025-05-30 06:45:04,2025-06-02 00:45:04
11430,17764,usps,2025-03-28 18:13:25,2025-03-30 02:13:25
11431,17768,dhl,2025-11-25 02:25:05,2025-11-27 14:25:05
11432,17769,ups,2025-02-21 09:58:49,2025-02-23 18:58:49
11433,17771,dhl,2025-03-12 19:25:41,2025-03-16 16:25:41
11434,17773,fedex,2025-02-10 13:51:04,2025-02-11 13:51:04
11435,17776,usps,2025-07-22 22:58:59,2025-07-28 05:58:59
11436,17777,dhl,2025-11-10 00:48:35,2025-11-11 18:48:35
11437,17778,dhl,2025-07-28 19:22:27,2025-07-30 20:22:27
11438,17779,dhl,2025-08-12 07:34:16,2025-08-14 20:34:16
11439,17780,fedex,2025-09-07 19:46:14,2025-09-08 16:46:14
1144,1746,fedex,2025-07-03 20:10:58,2025-07-05 20:10:58
11440,17781,dhl,2025-12-27 19:15:37,2025-12-31 23:59:59
11441,17785,fedex,2025-07-16 09:24:07,2025-07-19 18:24:07
11442,17786,fedex,2025-09-18 17:39:10,\N
11443,17788,usps,2025-04-01 00:28:06,2025-04-04 01:28:06
11444,17790,ups,2025-11-13 01:58:01,2025-11-15 14:58:01
11445,17791,ups,2025-11-12 19:24:00,2025-11-17 05:24:00
11446,17792,usps,2025-10-07 10:18:21,2025-10-12 08:18:21
11447,17794,ups,2025-05-28 13:19:01,2025-05-30 09:19:01
11448,17795,ups,2025-04-27 22:36:24,2025-04-29 08:36:24
11449,17796,fedex,2025-03-30 16:11:31,2025-04-03 02:11:31
1145,1748,ups,2025-09-24 02:17:03,2025-09-28 01:17:03
11450,17799,ups,2025-08-13 14:22:16,2025-08-16 12:22:16
11451,17800,dhl,2025-12-07 23:17:20,2025-12-08 13:17:20
11452,17802,ups,2025-06-27 23:48:03,2025-07-02 15:48:03
11453,17805,fedex,2025-08-22 14:18:31,2025-08-24 07:18:31
11454,17807,usps,2025-04-15 09:54:44,2025-04-17 13:54:44
11455,17808,fedex,2025-03-27 15:34:14,2025-04-01 17:34:14
11456,17811,fedex,2025-09-07 01:08:20,2025-09-07 16:08:20
11457,17812,dhl,2025-05-31 14:38:54,2025-06-02 14:38:54
11458,17813,usps,2025-03-14 16:05:22,2025-03-19 01:05:22
11459,17815,usps,2025-10-06 08:32:22,2025-10-07 04:32:22
1146,1750,ups,2025-10-08 15:37:03,2025-10-12 13:37:03
11460,17816,dhl,2025-04-28 15:49:53,2025-05-01 00:49:53
11461,17818,ups,2025-09-16 23:15:05,2025-09-20 16:15:05
11462,17819,ups,2025-03-06 21:10:01,2025-03-10 21:10:01
11463,17820,fedex,2025-02-16 18:17:16,2025-02-17 12:17:16
11464,17821,dhl,2025-06-10 07:37:50,2025-06-11 16:37:50
11465,17822,dhl,2025-07-18 06:37:11,2025-07-24 00:37:11
11466,17825,dhl,2025-07-17 01:29:31,2025-07-22 13:29:31
11467,17827,dhl,2025-03-24 15:14:52,2025-03-28 19:14:52
11468,17828,fedex,2025-05-19 12:22:40,2025-05-20 00:22:40
11469,17830,dhl,2025-03-19 00:24:31,2025-03-22 17:24:31
1147,1751,dhl,2025-05-16 21:01:20,2025-05-20 07:01:20
11470,17833,usps,2025-03-22 13:10:05,2025-03-25 13:10:05
11471,17838,ups,2025-01-05 12:28:11,2025-01-07 09:28:11
11472,17839,ups,2025-04-22 18:32:03,2025-04-26 04:32:03
11473,17840,fedex,2025-10-17 10:04:01,2025-10-20 05:04:01
11474,17842,ups,2025-08-02 21:29:15,2025-08-08 02:29:15
11475,17844,fedex,2025-05-28 09:03:26,2025-05-29 02:03:26
11476,17847,ups,2025-08-21 12:44:48,2025-08-21 22:44:48
11477,17850,usps,2025-10-17 21:47:29,2025-10-21 18:47:29
11478,17853,usps,2025-01-11 21:31:17,2025-01-12 14:31:17
11479,17854,fedex,2025-03-26 15:20:50,2025-03-27 19:20:50
1148,1752,usps,2025-07-02 04:57:42,2025-07-03 19:57:42
11480,17855,fedex,2025-02-11 06:13:05,2025-02-15 23:13:05
11481,17856,dhl,2025-10-13 12:49:47,2025-10-17 16:49:47
11482,17859,fedex,2025-03-13 23:54:51,2025-03-16 00:54:51
11483,17860,fedex,2025-06-30 02:44:45,2025-07-01 11:44:45
11484,17861,dhl,2025-09-13 17:35:09,2025-09-16 15:35:09
11485,17862,ups,2025-03-04 11:19:33,\N
11486,17864,ups,2025-06-14 20:50:24,2025-06-18 04:50:24
11487,17867,usps,2025-08-26 17:48:24,2025-08-27 23:48:24
11488,17870,dhl,2025-01-11 00:40:13,\N
11489,17871,dhl,2025-02-16 22:21:00,2025-02-21 11:21:00
1149,1753,dhl,2025-12-15 01:56:14,2025-12-18 15:56:14
11490,17872,fedex,2025-01-22 15:30:05,2025-01-26 05:30:05
11491,17873,dhl,2025-02-18 04:26:23,2025-02-21 20:26:23
11492,17875,fedex,2025-03-20 01:35:25,2025-03-23 05:35:25
11493,17877,fedex,2025-12-20 05:49:13,2025-12-23 01:49:13
11494,17879,fedex,2025-03-30 10:01:34,\N
11495,17880,dhl,2025-12-08 05:38:38,2025-12-13 02:38:38
11496,17881,usps,2025-12-18 01:21:23,2025-12-21 02:21:23
11497,17882,usps,2025-03-27 17:13:27,2025-03-30 05:13:27
11498,17884,ups,2025-01-19 22:00:53,2025-01-23 05:00:53
11499,17885,dhl,2025-05-18 06:00:09,2025-05-19 15:00:09
115,180,dhl,2025-07-14 11:03:01,2025-07-19 20:03:01
1150,1755,dhl,2025-01-10 13:40:58,2025-01-13 00:40:58
11500,17887,dhl,2025-09-19 12:43:36,2025-09-25 07:43:36
11501,17891,fedex,2025-07-29 17:37:35,2025-08-04 10:37:35
11502,17893,usps,2025-03-10 11:21:18,2025-03-14 13:21:18
11503,17894,usps,2025-05-10 05:56:03,2025-05-12 18:56:03
11504,17895,ups,2025-03-12 17:25:34,2025-03-17 04:25:34
11505,17896,usps,2025-03-28 15:28:44,2025-04-01 11:28:44
11506,17897,ups,2025-02-28 04:39:13,\N
11507,17898,dhl,2025-07-20 13:17:07,2025-07-24 11:17:07
11508,17900,ups,2025-01-21 02:40:23,2025-01-26 03:40:23
11509,17902,usps,2025-02-05 07:14:12,2025-02-09 15:14:12
1151,1757,ups,2025-03-06 20:18:26,\N
11510,17904,dhl,2025-10-26 08:55:42,2025-10-28 02:55:42
11511,17906,fedex,2025-09-03 14:16:12,2025-09-08 23:16:12
11512,17908,fedex,2025-04-11 20:41:49,2025-04-13 04:41:49
11513,17910,ups,2025-09-11 16:13:47,2025-09-14 17:13:47
11514,17911,dhl,2025-11-14 07:28:46,2025-11-18 15:28:46
11515,17912,usps,2025-10-19 22:38:48,2025-10-22 19:38:48
11516,17913,usps,2025-10-20 02:25:30,2025-10-24 05:25:30
11517,17914,ups,2025-03-16 14:13:02,2025-03-20 18:13:02
11518,17916,ups,2025-06-14 02:21:55,2025-06-19 01:21:55
11519,17917,fedex,2025-12-09 12:28:40,\N
1152,1758,usps,2025-02-01 01:25:21,\N
11520,17918,fedex,2025-09-19 15:37:30,2025-09-21 13:37:30
11521,17919,fedex,2025-03-18 00:02:08,2025-03-21 06:02:08
11522,17922,usps,2025-08-24 21:17:17,2025-08-28 03:17:17
11523,17925,usps,2025-11-06 05:21:25,2025-11-11 20:21:25
11524,17926,ups,2025-08-18 16:50:50,2025-08-23 19:50:50
11525,17927,dhl,2025-02-28 11:49:25,2025-03-01 22:49:25
11526,17928,usps,2025-01-24 02:53:20,2025-01-27 01:53:20
11527,17929,ups,2025-01-31 22:27:30,2025-02-06 08:27:30
11528,17930,fedex,2025-09-10 14:28:17,2025-09-11 19:28:17
11529,17931,dhl,2025-12-21 00:40:11,2025-12-24 03:40:11
1153,1759,dhl,2025-11-19 06:42:47,\N
11530,17932,ups,2025-09-05 05:21:39,2025-09-06 07:21:39
11531,17933,dhl,2025-01-18 16:08:33,2025-01-22 08:08:33
11532,17935,usps,2025-12-19 17:11:06,2025-12-21 03:11:06
11533,17937,dhl,2025-07-14 22:57:56,2025-07-17 03:57:56
11534,17938,usps,2025-09-08 14:11:12,2025-09-09 01:11:12
11535,17940,usps,2025-07-13 00:09:19,2025-07-15 05:09:19
11536,17943,ups,2025-07-25 21:36:50,2025-07-28 13:36:50
11537,17944,fedex,2025-04-26 10:28:11,\N
11538,17947,usps,2025-06-30 10:24:25,2025-07-04 02:24:25
11539,17951,usps,2025-04-08 18:18:29,2025-04-09 09:18:29
1154,1760,fedex,2025-12-13 22:24:08,2025-12-14 06:24:08
11540,17952,dhl,2025-07-21 10:15:26,2025-07-24 16:15:26
11541,17953,dhl,2025-09-22 13:30:28,\N
11542,17954,fedex,2025-07-28 06:00:41,2025-07-29 20:00:41
11543,17955,ups,2025-01-31 23:07:20,2025-02-02 15:07:20
11544,17957,fedex,2025-08-10 04:25:03,2025-08-12 06:25:03
11545,17958,fedex,2025-01-24 22:01:19,2025-01-28 17:01:19
11546,17960,dhl,2025-02-17 04:18:36,2025-02-21 15:18:36
11547,17962,usps,2025-08-04 03:38:36,2025-08-05 08:38:36
11548,17963,usps,2025-03-13 23:46:05,2025-03-15 13:46:05
11549,17964,fedex,2025-08-10 23:07:24,2025-08-15 03:07:24
1155,1761,fedex,2025-10-12 06:53:33,2025-10-18 01:53:33
11550,17966,dhl,2025-05-03 23:36:58,2025-05-04 20:36:58
11551,17967,fedex,2025-06-10 23:37:14,2025-06-15 00:37:14
11552,17968,usps,2025-08-31 09:40:05,2025-09-04 10:40:05
11553,17969,ups,2025-06-26 07:16:10,2025-06-29 10:16:10
11554,17971,usps,2025-03-09 00:00:39,2025-03-12 01:00:39
11555,17974,usps,2025-01-21 09:54:31,2025-01-23 03:54:31
11556,17977,fedex,2025-04-24 10:58:07,2025-04-25 18:58:07
11557,17978,usps,2025-06-11 05:02:57,2025-06-14 02:02:57
11558,17979,ups,2025-10-17 07:20:20,2025-10-23 02:20:20
11559,17980,fedex,2025-09-09 04:28:51,2025-09-14 05:28:51
1156,1762,ups,2025-05-10 16:41:16,2025-05-12 05:41:16
11560,17981,fedex,2025-08-28 15:52:21,2025-09-02 17:52:21
11561,17982,fedex,2025-08-09 09:09:33,\N
11562,17983,usps,2025-05-20 03:51:40,2025-05-23 20:51:40
11563,17985,ups,2025-06-18 21:31:16,2025-06-22 09:31:16
11564,17987,dhl,2025-03-03 07:35:26,2025-03-08 09:35:26
11565,17988,ups,2025-01-20 07:24:49,2025-01-23 01:24:49
11566,17989,ups,2025-01-16 06:00:03,\N
11567,17992,ups,2025-03-11 18:51:40,2025-03-13 16:51:40
11568,17993,ups,2025-05-26 14:29:56,2025-05-27 20:29:56
11569,17994,dhl,2025-06-29 13:18:15,2025-06-30 20:18:15
1157,1763,usps,2025-03-12 00:20:39,2025-03-12 08:20:39
11570,17998,dhl,2025-07-01 08:34:10,\N
11571,17999,usps,2025-03-25 22:39:54,2025-03-31 00:39:54
11572,18001,fedex,2025-03-30 13:21:53,2025-04-01 01:21:53
11573,18002,ups,2025-05-22 09:09:37,2025-05-22 22:09:37
11574,18003,ups,2025-04-20 22:38:47,2025-04-23 08:38:47
11575,18005,ups,2025-01-12 15:00:41,2025-01-14 22:00:41
11576,18007,usps,2025-11-30 17:56:52,\N
11577,18008,ups,2025-04-07 07:25:50,2025-04-10 21:25:50
11578,18009,usps,2025-07-15 00:18:37,\N
11579,18010,ups,2025-02-01 04:58:42,2025-02-05 19:58:42
1158,1764,usps,2025-05-05 06:13:05,2025-05-05 20:13:05
11580,18011,usps,2025-03-10 09:36:56,2025-03-10 15:36:56
11581,18012,ups,2025-05-31 00:55:36,2025-05-31 10:55:36
11582,18013,ups,2025-05-01 14:35:57,2025-05-02 21:35:57
11583,18016,dhl,2025-02-15 09:36:13,2025-02-19 12:36:13
11584,18017,usps,2025-03-08 00:48:12,2025-03-09 19:48:12
11585,18018,dhl,2025-03-07 07:21:40,2025-03-08 05:21:40
11586,18019,usps,2025-10-25 09:16:56,2025-10-27 21:16:56
11587,18024,dhl,2025-04-20 14:20:59,2025-04-24 21:20:59
11588,18027,usps,2025-10-08 14:12:59,2025-10-14 07:12:59
11589,18029,ups,2025-10-05 21:07:39,2025-10-06 23:07:39
1159,1765,usps,2025-04-29 04:10:42,2025-04-30 11:10:42
11590,18037,dhl,2025-09-08 22:39:41,2025-09-13 01:39:41
11591,18038,usps,2025-09-09 07:32:52,2025-09-09 13:32:52
11592,18040,ups,2025-09-13 03:24:59,2025-09-16 04:24:59
11593,18041,dhl,2025-10-28 00:42:11,2025-10-29 12:42:11
11594,18044,fedex,2025-04-18 20:04:04,2025-04-23 04:04:04
11595,18048,ups,2025-12-18 06:43:37,2025-12-21 09:43:37
11596,18049,fedex,2025-03-19 22:34:25,2025-03-24 23:34:25
11597,18051,ups,2025-01-08 19:59:31,2025-01-09 07:59:31
11598,18053,dhl,2025-07-16 23:09:53,2025-07-20 03:09:53
11599,18055,usps,2025-04-22 20:25:52,2025-04-23 20:25:52
116,184,ups,2025-12-19 19:00:18,2025-12-20 23:00:18
1160,1766,usps,2025-11-14 03:12:46,2025-11-16 10:12:46
11600,18056,usps,2025-05-02 16:11:21,2025-05-05 06:11:21
11601,18057,fedex,2025-07-05 01:26:57,2025-07-07 14:26:57
11602,18058,usps,2025-04-27 17:13:23,2025-04-29 05:13:23
11603,18059,fedex,2025-10-17 00:09:52,2025-10-20 19:09:52
11604,18060,dhl,2025-12-20 07:07:42,2025-12-20 15:07:42
11605,18063,ups,2025-12-03 09:08:29,2025-12-07 09:08:29
11606,18064,ups,2025-02-25 20:48:26,2025-03-03 01:48:26
11607,18065,dhl,2025-01-14 16:55:11,2025-01-17 22:55:11
11608,18066,fedex,2025-12-01 03:28:22,2025-12-02 18:28:22
11609,18068,ups,2025-08-21 22:56:10,2025-08-24 00:56:10
1161,1767,ups,2025-03-01 23:30:38,2025-03-05 04:30:38
11610,18069,fedex,2025-04-09 23:35:28,2025-04-14 03:35:28
11611,18073,fedex,2025-10-05 11:45:26,2025-10-07 09:45:26
11612,18074,dhl,2025-02-25 05:01:58,2025-02-28 04:01:58
11613,18076,fedex,2025-07-31 22:16:33,\N
11614,18077,usps,2025-07-25 23:21:57,2025-07-27 00:21:57
11615,18078,dhl,2025-04-15 22:30:56,\N
11616,18079,fedex,2025-04-25 15:31:47,2025-04-27 06:31:47
11617,18081,usps,2025-10-19 15:06:41,2025-10-21 10:06:41
11618,18083,fedex,2025-01-16 12:58:21,2025-01-17 21:58:21
11619,18085,usps,2026-01-01 05:52:27,2025-12-31 23:59:59
1162,1768,ups,2025-05-13 00:39:57,2025-05-18 15:39:57
11620,18086,ups,2025-11-10 20:18:36,2025-11-14 10:18:36
11621,18087,ups,2025-02-02 22:50:21,2025-02-07 01:50:21
11622,18088,dhl,2025-06-01 22:07:08,2025-06-06 12:07:08
11623,18089,fedex,2025-12-13 04:33:34,2025-12-15 20:33:34
11624,18090,dhl,2025-10-10 08:35:52,2025-10-13 10:35:52
11625,18091,ups,2025-11-03 13:00:36,2025-11-03 19:00:36
11626,18092,usps,2025-03-28 11:20:45,2025-03-29 14:20:45
11627,18094,dhl,2025-11-11 21:56:37,2025-11-13 01:56:37
11628,18097,ups,2025-01-18 18:54:14,2025-01-24 09:54:14
11629,18101,usps,2025-02-26 23:39:26,2025-03-02 05:39:26
1163,1770,fedex,2025-05-29 08:29:45,2025-06-03 00:29:45
11630,18102,dhl,2025-10-08 21:25:20,2025-10-12 14:25:20
11631,18105,dhl,2025-11-05 09:52:17,2025-11-06 14:52:17
11632,18108,ups,2025-04-06 01:07:54,\N
11633,18111,ups,2025-10-27 09:03:23,2025-10-28 22:03:23
11634,18112,usps,2025-07-06 00:44:27,2025-07-11 15:44:27
11635,18114,ups,2025-03-06 12:00:35,2025-03-07 08:00:35
11636,18116,ups,2025-11-23 21:47:22,2025-11-29 10:47:22
11637,18117,fedex,2025-09-05 20:21:21,2025-09-11 15:21:21
11638,18118,ups,2025-01-30 00:29:58,2025-02-02 21:29:58
11639,18119,usps,2025-12-19 21:28:39,2025-12-25 04:28:39
1164,1771,ups,2025-11-14 05:45:58,2025-11-14 17:45:58
11640,18120,ups,2025-09-22 21:05:27,2025-09-23 11:05:27
11641,18121,ups,2025-02-21 01:21:42,2025-02-26 09:21:42
11642,18123,dhl,2025-04-08 12:52:45,2025-04-13 13:52:45
11643,18124,usps,2025-04-23 11:41:08,2025-04-26 14:41:08
11644,18125,dhl,2025-04-01 10:54:33,2025-04-05 03:54:33
11645,18127,fedex,2025-12-18 22:35:44,2025-12-23 19:35:44
11646,18129,ups,2025-07-05 12:01:30,2025-07-06 22:01:30
11647,18130,dhl,2025-06-05 20:39:40,2025-06-06 09:39:40
11648,18131,fedex,2025-11-10 23:45:11,2025-11-12 20:45:11
11649,18132,fedex,2025-09-01 13:15:22,2025-09-04 17:15:22
1165,1772,usps,2025-09-24 10:39:26,2025-09-28 09:39:26
11650,18135,dhl,2025-05-17 20:20:26,2025-05-19 17:20:26
11651,18136,usps,2025-01-31 18:32:04,2025-02-03 02:32:04
11652,18137,usps,2025-06-11 08:04:06,2025-06-15 11:04:06
11653,18141,usps,2025-11-27 10:32:59,2025-12-02 10:32:59
11654,18142,ups,2025-01-19 17:55:22,2025-01-22 04:55:22
11655,18143,ups,2025-05-07 11:06:28,\N
11656,18144,fedex,2025-01-31 19:32:18,2025-02-06 09:32:18
11657,18147,usps,2025-06-25 22:13:45,2025-06-29 08:13:45
11658,18149,fedex,2025-11-22 17:59:59,2025-11-25 09:59:59
11659,18150,ups,2025-06-26 20:51:18,2025-07-01 00:51:18
1166,1773,ups,2025-05-02 09:35:46,2025-05-03 14:35:46
11660,18152,fedex,2025-07-16 12:46:46,2025-07-16 23:46:46
11661,18153,ups,2025-04-06 23:25:03,2025-04-11 21:25:03
11662,18154,fedex,2025-08-03 20:38:28,2025-08-05 13:38:28
11663,18155,usps,2025-05-28 08:02:46,2025-06-02 06:02:46
11664,18156,ups,2025-06-04 19:46:39,2025-06-08 07:46:39
11665,18157,fedex,2025-11-22 00:21:40,2025-11-22 17:21:40
11666,18158,dhl,2025-12-28 05:31:41,2025-12-31 23:59:59
11667,18161,dhl,2025-08-04 09:14:20,2025-08-07 08:14:20
11668,18162,usps,2025-10-23 21:56:08,2025-10-27 00:56:08
11669,18163,ups,2025-06-27 09:04:58,2025-06-29 05:04:58
1167,1775,ups,2025-03-16 13:51:05,2025-03-20 23:51:05
11670,18164,usps,2025-07-01 06:40:49,2025-07-03 15:40:49
11671,18166,ups,2025-01-08 16:54:12,2025-01-13 03:54:12
11672,18167,usps,2025-09-02 17:30:55,2025-09-06 12:30:55
11673,18168,fedex,2025-09-03 21:51:13,2025-09-05 07:51:13
11674,18169,ups,2025-05-11 08:27:37,2025-05-12 20:27:37
11675,18171,usps,2025-04-22 02:37:02,2025-04-27 20:37:02
11676,18172,fedex,2025-04-21 05:51:20,2025-04-24 01:51:20
11677,18174,usps,2025-02-26 19:35:28,2025-03-01 18:35:28
11678,18175,usps,2025-02-19 18:19:14,2025-02-24 01:19:14
11679,18177,dhl,2025-02-09 06:43:53,2025-02-12 21:43:53
1168,1777,ups,2025-12-13 03:24:26,\N
11680,18178,ups,2025-08-03 13:19:14,2025-08-04 16:19:14
11681,18180,dhl,2025-03-11 04:50:56,\N
11682,18183,dhl,2025-02-11 11:12:08,2025-02-17 00:12:08
11683,18185,ups,2025-10-01 07:03:46,2025-10-05 01:03:46
11684,18186,fedex,2025-05-03 01:28:22,2025-05-04 17:28:22
11685,18187,usps,2025-06-24 12:32:52,\N
11686,18190,ups,2025-04-25 23:34:08,2025-04-26 23:34:08
11687,18191,ups,2025-05-11 17:52:41,2025-05-16 15:52:41
11688,18192,usps,2025-03-27 00:29:52,2025-03-30 10:29:52
11689,18193,fedex,2025-02-16 22:36:27,2025-02-19 04:36:27
1169,1778,ups,2025-07-11 23:10:23,2025-07-16 12:10:23
11690,18198,dhl,2025-08-21 23:41:12,2025-08-23 18:41:12
11691,18199,usps,2025-04-27 07:21:04,2025-04-27 18:21:04
11692,18200,usps,2025-03-15 04:47:53,2025-03-20 15:47:53
11693,18201,ups,2025-03-25 10:40:53,2025-03-25 17:40:53
11694,18202,fedex,2025-01-19 15:43:19,2025-01-21 22:43:19
11695,18203,usps,2025-10-04 22:24:41,2025-10-10 15:24:41
11696,18204,dhl,2025-10-28 17:39:30,\N
11697,18206,fedex,2025-05-26 02:54:23,2025-05-27 17:54:23
11698,18209,usps,2025-12-22 02:36:27,2025-12-23 00:36:27
11699,18214,fedex,2025-08-23 22:12:13,2025-08-25 08:12:13
117,185,dhl,2025-01-01 19:46:45,2025-01-04 02:46:45
1170,1779,usps,2025-01-12 03:10:24,2025-01-12 21:10:24
11700,18218,usps,2025-11-22 09:58:47,2025-11-25 14:58:47
11701,18220,fedex,2025-09-14 03:05:41,2025-09-17 10:05:41
11702,18221,ups,2025-11-18 20:41:18,2025-11-21 05:41:18
11703,18223,usps,2025-08-13 07:31:28,2025-08-18 10:31:28
11704,18225,usps,2025-05-05 15:57:28,2025-05-05 21:57:28
11705,18226,ups,2025-01-16 19:47:54,2025-01-18 17:47:54
11706,18227,dhl,2025-01-27 12:13:17,2025-02-01 04:13:17
11707,18228,fedex,2025-01-31 15:59:09,2025-02-06 04:59:09
11708,18230,fedex,2025-05-04 20:12:40,2025-05-09 16:12:40
11709,18231,fedex,2025-03-22 12:22:49,2025-03-23 08:22:49
1171,1781,ups,2025-02-12 16:27:12,2025-02-14 10:27:12
11710,18232,usps,2025-11-13 12:43:38,2025-11-18 07:43:38
11711,18237,usps,2025-07-12 01:36:29,2025-07-13 05:36:29
11712,18238,dhl,2025-05-09 12:34:24,2025-05-15 01:34:24
11713,18239,usps,2025-11-10 10:43:18,2025-11-14 17:43:18
11714,18240,ups,2025-04-11 17:47:27,2025-04-16 12:47:27
11715,18241,ups,2025-07-14 09:30:57,2025-07-17 14:30:57
11716,18242,fedex,2025-09-29 20:25:10,\N
11717,18246,usps,2025-01-16 03:05:07,2025-01-17 20:05:07
11718,18247,dhl,2025-05-17 15:52:07,2025-05-23 09:52:07
11719,18250,ups,2025-04-21 06:41:29,2025-04-22 09:41:29
1172,1782,fedex,2025-05-04 15:14:54,2025-05-06 18:14:54
11720,18252,dhl,2025-04-19 19:38:38,2025-04-20 10:38:38
11721,18254,ups,2025-10-27 19:30:54,2025-11-01 18:30:54
11722,18255,dhl,2025-04-13 04:12:32,2025-04-18 09:12:32
11723,18259,usps,2025-10-13 06:49:04,2025-10-15 14:49:04
11724,18260,usps,2025-05-04 00:59:33,2025-05-09 16:59:33
11725,18261,dhl,2025-11-01 20:56:24,2025-11-02 16:56:24
11726,18263,dhl,2025-04-01 23:45:28,2025-04-07 14:45:28
11727,18266,dhl,2025-03-06 17:24:43,2025-03-07 19:24:43
11728,18267,usps,2025-07-02 19:09:53,2025-07-06 09:09:53
11729,18271,dhl,2025-04-16 18:15:16,2025-04-21 10:15:16
1173,1783,ups,2025-08-07 14:33:59,2025-08-11 20:33:59
11730,18273,fedex,2025-04-16 19:17:24,2025-04-19 06:17:24
11731,18274,ups,2025-11-19 10:33:59,2025-11-22 01:33:59
11732,18275,fedex,2025-06-25 08:05:26,2025-06-28 08:05:26
11733,18276,usps,2025-07-04 00:04:22,2025-07-09 07:04:22
11734,18277,ups,2025-03-04 10:10:06,2025-03-06 06:10:06
11735,18278,dhl,2025-04-01 10:24:23,2025-04-04 02:24:23
11736,18279,usps,2025-12-17 16:26:48,2025-12-19 00:26:48
11737,18281,dhl,2025-08-12 04:33:38,2025-08-15 11:33:38
11738,18282,fedex,2025-07-14 02:12:34,2025-07-17 06:12:34
11739,18283,ups,2025-07-31 20:56:23,2025-08-01 23:56:23
1174,1784,ups,2025-07-20 04:01:42,2025-07-22 08:01:42
11740,18284,usps,2025-02-24 09:56:24,2025-03-01 16:56:24
11741,18285,usps,2025-08-11 16:14:23,2025-08-14 09:14:23
11742,18286,fedex,2025-04-28 15:24:18,2025-05-02 05:24:18
11743,18288,ups,2025-03-18 16:21:54,2025-03-23 18:21:54
11744,18290,usps,2025-06-17 00:19:48,2025-06-22 07:19:48
11745,18292,ups,2025-01-12 15:03:13,2025-01-14 18:03:13
11746,18296,ups,2025-12-07 05:14:32,2025-12-11 09:14:32
11747,18299,dhl,2025-01-14 02:06:56,2025-01-16 19:06:56
11748,18302,ups,2025-01-19 02:25:15,2025-01-23 09:25:15
11749,18303,dhl,2025-10-04 23:26:33,2025-10-09 19:26:33
1175,1786,usps,2025-07-11 21:12:22,2025-07-14 10:12:22
11750,18305,dhl,2025-11-22 12:49:55,2025-11-25 06:49:55
11751,18306,dhl,2025-05-18 15:14:30,2025-05-19 10:14:30
11752,18307,dhl,2025-07-13 09:24:05,\N
11753,18309,fedex,2025-05-27 11:29:08,2025-05-29 06:29:08
11754,18310,fedex,2025-02-01 23:40:03,2025-02-02 05:40:03
11755,18311,dhl,2025-09-20 21:25:55,2025-09-21 11:25:55
11756,18313,usps,2025-08-30 13:33:40,2025-09-05 01:33:40
11757,18314,fedex,2025-01-26 08:03:33,2025-01-27 17:03:33
11758,18315,fedex,2025-03-02 20:01:53,2025-03-05 09:01:53
11759,18317,usps,2025-03-06 03:10:48,2025-03-10 12:10:48
1176,1787,usps,2025-09-02 02:57:05,2025-09-05 01:57:05
11760,18318,ups,2025-01-27 14:39:56,2025-01-28 06:39:56
11761,18319,dhl,2025-12-06 13:06:05,2025-12-06 23:06:05
11762,18320,fedex,2025-04-28 23:23:58,2025-05-04 07:23:58
11763,18321,dhl,2025-06-02 07:10:48,2025-06-04 00:10:48
11764,18322,dhl,2025-09-27 23:05:04,2025-10-01 11:05:04
11765,18324,fedex,2025-03-13 00:47:08,2025-03-13 15:47:08
11766,18325,dhl,2025-06-21 17:41:16,2025-06-22 04:41:16
11767,18327,fedex,2025-06-28 01:45:45,2025-06-30 08:45:45
11768,18329,dhl,2025-08-13 05:03:22,2025-08-18 11:03:22
11769,18330,fedex,2025-05-11 16:04:44,2025-05-17 04:04:44
1177,1789,usps,2025-01-08 00:13:50,2025-01-09 20:13:50
11770,18331,usps,2025-08-28 17:36:32,2025-08-29 05:36:32
11771,18332,dhl,2025-07-23 03:53:55,2025-07-24 19:53:55
11772,18333,dhl,2025-11-29 16:16:59,2025-12-03 07:16:59
11773,18335,usps,2025-07-03 22:20:14,2025-07-06 19:20:14
11774,18336,ups,2025-10-08 16:21:24,2025-10-09 07:21:24
11775,18337,ups,2025-11-18 00:21:02,2025-11-19 09:21:02
11776,18338,dhl,2025-08-30 10:25:35,\N
11777,18340,usps,2025-12-10 17:16:56,2025-12-14 23:16:56
11778,18341,usps,2025-11-23 21:45:58,2025-11-28 23:45:58
11779,18346,ups,2025-11-06 14:46:43,2025-11-10 20:46:43
1178,1791,usps,2025-12-12 01:15:16,2025-12-12 15:15:16
11780,18347,fedex,2025-06-30 22:32:33,2025-07-06 11:32:33
11781,18348,ups,2025-12-04 01:47:59,2025-12-08 07:47:59
11782,18351,ups,2025-08-23 02:26:25,2025-08-27 00:26:25
11783,18352,ups,2025-04-17 07:06:28,\N
11784,18353,dhl,2025-04-23 13:45:35,2025-04-24 02:45:35
11785,18354,usps,2025-08-08 09:26:24,2025-08-11 23:26:24
11786,18355,ups,2025-06-08 18:43:35,2025-06-11 14:43:35
11787,18356,fedex,2025-12-01 01:00:09,2025-12-02 07:00:09
11788,18358,dhl,2025-05-23 11:53:42,\N
11789,18360,usps,2025-08-02 06:47:00,2025-08-04 07:47:00
1179,1792,fedex,2025-07-08 15:43:02,2025-07-11 06:43:02
11790,18361,dhl,2025-09-10 15:20:52,\N
11791,18366,dhl,2025-02-23 18:00:24,2025-02-27 02:00:24
11792,18367,fedex,2025-04-25 15:46:32,2025-04-30 10:46:32
11793,18368,usps,2025-11-17 12:57:59,2025-11-23 03:57:59
11794,18370,ups,2025-05-09 13:45:26,2025-05-10 21:45:26
11795,18373,ups,2025-09-10 10:53:26,2025-09-13 12:53:26
11796,18378,dhl,2025-08-01 15:18:54,2025-08-02 13:18:54
11797,18379,dhl,2025-04-25 00:08:31,2025-04-29 01:08:31
11798,18380,dhl,2025-06-01 19:30:47,2025-06-05 16:30:47
11799,18381,usps,2025-06-13 07:35:03,2025-06-17 03:35:03
118,186,ups,2025-03-20 18:35:31,2025-03-25 14:35:31
1180,1793,dhl,2025-06-22 03:40:31,2025-06-27 15:40:31
11800,18382,usps,2025-12-14 07:59:40,2025-12-15 17:59:40
11801,18383,dhl,2025-08-18 17:08:38,2025-08-21 15:08:38
11802,18384,fedex,2025-07-19 13:18:12,2025-07-23 02:18:12
11803,18385,usps,2025-10-27 03:33:12,\N
11804,18387,fedex,2025-01-16 10:39:59,2025-01-17 16:39:59
11805,18389,fedex,2025-05-15 14:42:35,2025-05-16 04:42:35
11806,18390,dhl,2025-06-09 14:28:34,2025-06-10 07:28:34
11807,18391,dhl,2025-07-16 16:36:08,2025-07-19 16:36:08
11808,18392,dhl,2025-10-24 21:29:21,2025-10-29 22:29:21
11809,18393,usps,2025-07-14 04:46:27,2025-07-19 10:46:27
1181,1794,ups,2025-10-25 21:45:37,\N
11810,18394,fedex,2025-02-12 01:50:53,2025-02-14 13:50:53
11811,18395,dhl,2025-02-18 05:22:59,2025-02-22 18:22:59
11812,18396,fedex,2025-06-04 17:32:44,2025-06-09 13:32:44
11813,18397,dhl,2025-03-01 12:02:29,2025-03-06 21:02:29
11814,18398,usps,2025-08-11 07:36:32,2025-08-13 22:36:32
11815,18399,dhl,2025-04-23 06:29:13,2025-04-28 06:29:13
11816,18400,usps,2025-07-24 15:49:13,2025-07-26 23:49:13
11817,18402,dhl,2025-07-26 15:09:27,2025-07-30 06:09:27
11818,18403,ups,2025-08-10 23:43:25,2025-08-13 01:43:25
11819,18404,ups,2025-12-19 00:22:31,2025-12-21 00:22:31
1182,1795,fedex,2025-03-04 09:29:23,2025-03-04 15:29:23
11820,18405,usps,2025-05-21 17:17:50,2025-05-25 09:17:50
11821,18406,dhl,2025-04-15 05:20:06,2025-04-20 08:20:06
11822,18407,ups,2025-03-23 14:14:31,2025-03-25 22:14:31
11823,18408,ups,2025-07-06 04:50:07,2025-07-10 06:50:07
11824,18409,fedex,2025-03-27 17:06:08,2025-03-30 23:06:08
11825,18411,ups,2025-01-30 16:48:59,2025-02-04 03:48:59
11826,18412,usps,2025-09-06 17:22:14,2025-09-10 14:22:14
11827,18413,dhl,2025-02-26 02:31:12,2025-03-01 04:31:12
11828,18415,fedex,2025-04-01 23:48:42,2025-04-02 08:48:42
11829,18417,usps,2025-04-20 13:59:01,2025-04-22 01:59:01
1183,1796,dhl,2026-01-01 15:10:25,2025-12-31 23:59:59
11830,18418,ups,2025-05-12 17:21:03,2025-05-18 08:21:03
11831,18419,usps,2025-12-07 17:22:26,\N
11832,18420,usps,2025-05-10 12:47:54,2025-05-16 04:47:54
11833,18421,dhl,2025-04-16 09:29:24,2025-04-18 09:29:24
11834,18423,dhl,2025-07-25 16:33:17,2025-07-31 07:33:17
11835,18425,usps,2025-12-20 12:27:34,2025-12-24 02:27:34
11836,18428,usps,2025-12-22 13:18:18,2025-12-23 12:18:18
11837,18429,usps,2025-03-08 17:19:39,2025-03-09 19:19:39
11838,18431,fedex,2025-05-30 06:58:22,2025-05-31 00:58:22
11839,18432,fedex,2025-01-09 23:54:09,2025-01-10 19:54:09
1184,1800,dhl,2025-09-16 06:15:40,\N
11840,18433,fedex,2025-03-30 17:36:55,2025-04-04 03:36:55
11841,18434,fedex,2025-12-25 05:03:44,2025-12-25 19:03:44
11842,18437,dhl,2025-02-09 18:16:12,2025-02-14 21:16:12
11843,18439,ups,2025-07-07 08:39:20,2025-07-08 05:39:20
11844,18441,usps,2025-07-25 04:43:40,2025-07-29 19:43:40
11845,18443,usps,2025-08-15 23:48:16,2025-08-19 04:48:16
11846,18444,fedex,2025-07-15 09:30:36,2025-07-20 12:30:36
11847,18445,dhl,2025-01-25 12:30:29,2025-01-27 22:30:29
11848,18447,fedex,2025-01-29 02:58:02,2025-01-31 21:58:02
11849,18448,fedex,2025-05-18 06:00:18,2025-05-22 21:00:18
1185,1801,fedex,2025-05-07 00:13:44,2025-05-09 23:13:44
11850,18449,usps,2025-06-15 14:40:22,\N
11851,18450,usps,2025-12-04 11:50:43,2025-12-04 18:50:43
11852,18451,usps,2025-11-10 14:29:40,2025-11-16 00:29:40
11853,18452,dhl,2025-05-27 17:30:04,2025-06-02 01:30:04
11854,18453,dhl,2025-10-15 20:47:05,2025-10-16 17:47:05
11855,18455,ups,2025-01-14 18:10:04,2025-01-17 15:10:04
11856,18456,ups,2025-09-19 23:03:41,2025-09-25 13:03:41
11857,18457,dhl,2025-07-01 17:59:41,2025-07-03 08:59:41
11858,18459,ups,2025-04-21 04:49:56,2025-04-26 08:49:56
11859,18460,ups,2025-09-24 07:24:16,2025-09-24 20:24:16
1186,1802,fedex,2025-05-02 16:38:12,2025-05-07 05:38:12
11860,18461,dhl,2025-05-24 01:00:19,2025-05-27 23:00:19
11861,18462,ups,2025-08-08 19:04:37,2025-08-13 03:04:37
11862,18465,usps,2025-03-11 14:21:15,2025-03-16 04:21:15
11863,18466,usps,2025-06-03 10:14:44,2025-06-08 05:14:44
11864,18468,fedex,2025-07-06 17:03:38,\N
11865,18469,fedex,2025-01-09 18:03:10,2025-01-14 08:03:10
11866,18470,ups,2025-03-12 04:27:49,2025-03-14 14:27:49
11867,18471,dhl,2025-11-22 21:56:48,2025-11-23 13:56:48
11868,18475,fedex,2025-07-13 13:12:21,2025-07-19 06:12:21
11869,18476,dhl,2025-03-30 07:02:43,2025-03-31 14:02:43
1187,1803,dhl,2025-03-26 10:30:46,2025-04-01 05:30:46
11870,18478,usps,2025-12-22 16:53:11,2025-12-25 19:53:11
11871,18479,fedex,2025-01-12 10:07:02,2025-01-16 13:07:02
11872,18480,ups,2025-10-14 17:20:52,2025-10-17 12:20:52
11873,18481,usps,2025-04-27 08:52:56,2025-04-29 12:52:56
11874,18482,usps,2025-08-04 10:20:38,2025-08-07 02:20:38
11875,18484,usps,2025-03-06 17:47:49,2025-03-07 06:47:49
11876,18487,dhl,2025-10-17 00:54:10,2025-10-17 13:54:10
11877,18488,fedex,2025-12-12 23:12:59,2025-12-15 15:12:59
11878,18489,ups,2025-06-03 00:36:14,2025-06-07 21:36:14
11879,18490,usps,2025-11-20 13:50:51,2025-11-24 22:50:51
1188,1804,ups,2025-03-11 07:53:04,2025-03-16 09:53:04
11880,18491,dhl,2025-08-07 04:21:33,2025-08-11 10:21:33
11881,18492,dhl,2025-11-02 20:26:03,2025-11-07 09:26:03
11882,18493,fedex,2025-05-04 18:40:45,2025-05-08 13:40:45
11883,18497,dhl,2025-07-19 16:07:35,2025-07-24 15:07:35
11884,18503,dhl,2025-09-26 13:28:17,2025-09-29 11:28:17
11885,18509,usps,2025-05-05 18:35:59,2025-05-07 01:35:59
11886,18512,ups,2025-07-18 11:20:50,2025-07-22 00:20:50
11887,18515,usps,2025-06-16 18:33:35,\N
11888,18516,fedex,2025-04-24 07:16:20,2025-04-25 17:16:20
11889,18517,dhl,2025-05-12 21:47:13,2025-05-14 16:47:13
1189,1805,fedex,2025-02-06 04:31:23,2025-02-06 16:31:23
11890,18518,dhl,2025-01-14 14:41:07,2025-01-18 11:41:07
11891,18520,dhl,2025-04-20 07:09:52,2025-04-23 10:09:52
11892,18521,dhl,2025-09-22 15:51:16,2025-09-26 03:51:16
11893,18522,ups,2025-03-12 04:40:50,2025-03-13 22:40:50
11894,18523,ups,2025-05-26 20:00:55,2025-05-27 19:00:55
11895,18524,fedex,2025-09-26 17:55:02,2025-09-27 15:55:02
11896,18525,ups,2025-06-15 22:42:06,\N
11897,18526,dhl,2025-12-23 16:00:25,2025-12-28 17:00:25
11898,18527,dhl,2025-12-04 03:20:13,2025-12-09 07:20:13
11899,18528,fedex,2025-11-02 16:16:42,2025-11-07 01:16:42
119,187,fedex,2025-09-25 11:53:44,2025-09-25 22:53:44
1190,1806,fedex,2025-03-28 23:45:35,2025-04-01 13:45:35
11900,18530,dhl,2025-12-25 18:39:16,2025-12-28 23:39:16
11901,18531,ups,2025-02-17 03:15:17,2025-02-18 05:15:17
11902,18532,dhl,2025-11-13 21:22:07,2025-11-18 15:22:07
11903,18533,ups,2025-10-24 09:25:22,2025-10-30 02:25:22
11904,18535,usps,2025-06-06 21:00:15,2025-06-12 16:00:15
11905,18536,dhl,2025-06-14 19:17:14,2025-06-18 04:17:14
11906,18537,dhl,2025-04-02 18:50:44,\N
11907,18539,fedex,2025-12-04 02:33:46,2025-12-07 19:33:46
11908,18542,fedex,2025-10-21 06:49:52,2025-10-23 04:49:52
11909,18546,fedex,2025-08-25 02:35:25,2025-08-26 20:35:25
1191,1807,fedex,2025-08-08 01:04:47,2025-08-12 20:04:47
11910,18547,usps,2025-09-06 03:03:36,2025-09-09 08:03:36
11911,18549,fedex,2025-08-22 16:26:26,2025-08-26 09:26:26
11912,18552,usps,2025-03-10 15:14:55,2025-03-15 07:14:55
11913,18556,fedex,2025-01-21 22:29:01,2025-01-26 00:29:01
11914,18559,usps,2025-10-08 15:31:23,2025-10-08 23:31:23
11915,18560,ups,2025-03-16 15:41:33,\N
11916,18561,ups,2025-11-18 09:12:17,2025-11-23 06:12:17
11917,18562,fedex,2025-12-06 11:03:31,2025-12-07 01:03:31
11918,18563,fedex,2025-06-08 21:30:54,2025-06-13 03:30:54
11919,18566,ups,2025-04-18 18:22:51,\N
1192,1808,fedex,2025-02-07 22:53:15,2025-02-12 00:53:15
11920,18567,fedex,2025-11-03 06:32:42,2025-11-06 08:32:42
11921,18570,fedex,2025-05-29 11:21:26,2025-06-03 21:21:26
11922,18571,ups,2025-11-21 09:24:13,2025-11-26 06:24:13
11923,18573,usps,2025-03-13 10:31:25,2025-03-18 03:31:25
11924,18574,fedex,2025-10-22 23:37:08,2025-10-24 21:37:08
11925,18578,fedex,2025-01-15 16:35:15,2025-01-16 22:35:15
11926,18579,dhl,2025-02-18 13:59:19,2025-02-18 23:59:19
11927,18581,fedex,2025-05-24 14:04:03,2025-05-25 02:04:03
11928,18583,fedex,2025-03-25 17:54:00,2025-03-27 23:54:00
11929,18586,dhl,2025-01-13 03:29:36,2025-01-17 00:29:36
1193,1809,dhl,2025-11-15 08:37:00,2025-11-19 09:37:00
11930,18587,dhl,2025-11-15 16:37:44,2025-11-18 18:37:44
11931,18588,ups,2025-09-02 05:19:02,2025-09-06 05:19:02
11932,18589,usps,2025-10-10 08:36:41,2025-10-14 18:36:41
11933,18590,usps,2025-09-26 22:23:05,2025-09-28 05:23:05
11934,18591,usps,2025-06-25 18:51:04,2025-06-29 07:51:04
11935,18595,fedex,2025-06-19 12:40:00,2025-06-22 22:40:00
11936,18599,dhl,2025-05-16 23:50:39,2025-05-22 16:50:39
11937,18600,ups,2025-06-05 14:00:37,\N
11938,18601,usps,2025-01-03 08:33:59,\N
11939,18603,dhl,2025-08-08 22:39:53,2025-08-10 09:39:53
1194,1810,usps,2025-04-02 20:48:07,2025-04-05 09:48:07
11940,18604,fedex,2025-01-05 03:27:16,2025-01-06 04:27:16
11941,18607,fedex,2025-05-11 06:02:44,2025-05-11 23:02:44
11942,18608,dhl,2025-05-02 03:03:49,2025-05-04 07:03:49
11943,18611,usps,2025-12-18 13:35:04,2025-12-19 13:35:04
11944,18612,fedex,2025-12-20 04:27:56,2025-12-23 09:27:56
11945,18616,usps,2025-06-05 02:11:49,2025-06-08 15:11:49
11946,18617,usps,2025-10-09 20:43:47,2025-10-14 03:43:47
11947,18619,dhl,2025-12-02 10:41:16,2025-12-06 07:41:16
11948,18622,ups,2025-08-17 10:31:31,2025-08-20 22:31:31
11949,18624,fedex,2025-11-08 03:30:45,\N
1195,1818,ups,2025-02-22 21:10:46,2025-02-24 11:10:46
11950,18625,ups,2025-07-09 10:57:33,2025-07-10 18:57:33
11951,18627,dhl,2025-04-10 23:26:15,2025-04-16 00:26:15
11952,18628,usps,2025-10-21 13:42:39,2025-10-23 13:42:39
11953,18629,dhl,2025-03-22 13:41:31,2025-03-23 22:41:31
11954,18631,fedex,2025-11-08 18:46:22,2025-11-12 18:46:22
11955,18632,dhl,2025-01-18 06:13:17,2025-01-19 05:13:17
11956,18633,fedex,2025-08-24 20:16:48,2025-08-27 02:16:48
11957,18634,ups,2025-05-06 11:10:36,2025-05-09 15:10:36
11958,18635,usps,2025-01-27 13:29:27,2025-01-31 05:29:27
11959,18636,usps,2025-12-16 22:47:05,2025-12-17 10:47:05
1196,1821,usps,2025-12-14 19:41:41,2025-12-16 22:41:41
11960,18637,usps,2025-11-28 02:41:39,2025-12-02 05:41:39
11961,18638,dhl,2025-11-08 12:31:58,2025-11-09 08:31:58
11962,18639,dhl,2025-01-20 09:34:15,2025-01-24 20:34:15
11963,18640,ups,2025-03-09 21:42:30,2025-03-10 06:42:30
11964,18642,dhl,2025-10-27 09:24:34,2025-10-28 20:24:34
11965,18645,dhl,2025-09-01 08:55:21,2025-09-02 10:55:21
11966,18649,fedex,2025-07-21 13:35:48,2025-07-23 17:35:48
11967,18651,ups,2025-10-12 20:52:41,2025-10-15 18:52:41
11968,18652,usps,2025-04-09 19:03:33,2025-04-14 09:03:33
11969,18653,usps,2025-03-22 04:35:56,\N
1197,1822,dhl,2025-12-29 01:53:09,2025-12-30 07:53:09
11970,18656,dhl,2025-11-09 13:50:51,2025-11-12 14:50:51
11971,18658,dhl,2025-02-15 09:28:14,2025-02-18 20:28:14
11972,18661,fedex,2025-09-07 03:46:35,2025-09-11 19:46:35
11973,18662,dhl,2025-08-05 07:28:02,2025-08-09 11:28:02
11974,18663,dhl,2025-05-08 00:06:39,2025-05-08 15:06:39
11975,18665,dhl,2025-12-13 23:37:56,2025-12-14 10:37:56
11976,18666,dhl,2025-08-05 23:37:16,2025-08-11 06:37:16
11977,18668,ups,2025-05-17 19:00:52,2025-05-19 12:00:52
11978,18670,fedex,2025-10-06 03:30:34,2025-10-08 14:30:34
11979,18672,ups,2025-03-19 01:07:26,2025-03-22 21:07:26
1198,1823,usps,2025-03-08 02:06:56,2025-03-08 14:06:56
11980,18674,fedex,2025-12-03 16:07:10,2025-12-08 07:07:10
11981,18675,usps,2025-04-18 01:07:18,\N
11982,18676,ups,2025-10-05 19:51:51,2025-10-06 04:51:51
11983,18678,fedex,2025-01-28 03:39:09,2025-02-01 15:39:09
11984,18679,dhl,2025-06-03 13:54:26,2025-06-07 20:54:26
11985,18680,usps,2025-07-05 15:05:56,2025-07-08 19:05:56
11986,18682,ups,2025-09-07 13:12:28,2025-09-12 12:12:28
11987,18684,ups,2025-03-28 12:26:20,2025-04-02 04:26:20
11988,18687,usps,2025-10-16 09:38:01,2025-10-19 12:38:01
11989,18688,ups,2025-02-13 05:34:46,2025-02-15 07:34:46
1199,1824,fedex,2025-07-18 05:56:34,2025-07-18 22:56:34
11990,18692,dhl,2025-09-29 08:51:28,2025-09-29 15:51:28
11991,18693,ups,2025-07-30 11:45:32,2025-07-31 18:45:32
11992,18694,ups,2025-12-20 19:34:50,\N
11993,18695,dhl,2025-09-15 23:04:38,2025-09-19 20:04:38
11994,18696,dhl,2025-12-11 10:08:54,\N
11995,18698,ups,2025-12-20 11:48:44,2025-12-25 23:48:44
11996,18699,dhl,2025-10-02 12:27:27,2025-10-04 18:27:27
11997,18700,dhl,2025-02-15 21:16:39,2025-02-18 08:16:39
11998,18701,fedex,2025-09-27 06:49:01,2025-10-02 11:49:01
11999,18702,fedex,2025-02-13 00:35:44,2025-02-17 21:35:44
12,20,usps,2025-03-08 23:43:23,2025-03-14 02:43:23
120,189,fedex,2025-02-16 15:46:32,2025-02-21 04:46:32
1200,1825,ups,2025-03-27 00:55:15,2025-03-29 10:55:15
12000,18703,dhl,2025-10-01 17:41:01,2025-10-04 11:41:01
12001,18706,dhl,2025-11-02 11:14:07,2025-11-08 06:14:07
12002,18707,fedex,2025-03-18 00:13:55,2025-03-19 05:13:55
12003,18710,ups,2025-10-14 22:14:32,2025-10-18 03:14:32
12004,18711,usps,2025-03-30 20:28:14,2025-04-05 07:28:14
12005,18712,fedex,2025-08-15 10:51:28,2025-08-17 10:51:28
12006,18714,ups,2025-01-13 11:26:58,2025-01-14 19:26:58
12007,18717,fedex,2025-04-09 12:26:35,2025-04-10 00:26:35
12008,18719,ups,2025-08-30 06:32:14,2025-09-02 20:32:14
12009,18720,fedex,2025-12-31 15:16:07,2025-12-31 23:59:59
1201,1826,ups,2025-07-23 18:25:44,\N
12010,18721,usps,2025-02-18 06:39:13,2025-02-23 05:39:13
12011,18723,dhl,2025-10-05 00:41:58,2025-10-05 13:41:58
12012,18727,usps,2025-08-14 00:39:02,2025-08-14 08:39:02
12013,18728,fedex,2025-11-14 02:32:47,2025-11-19 17:32:47
12014,18729,dhl,2025-02-16 15:44:57,2025-02-18 16:44:57
12015,18731,fedex,2025-02-24 05:10:08,\N
12016,18732,usps,2025-02-05 11:06:14,2025-02-06 05:06:14
12017,18734,ups,2025-05-26 21:15:56,2025-05-31 23:15:56
12018,18735,ups,2025-01-15 18:43:27,2025-01-18 23:43:27
12019,18737,fedex,2025-03-13 08:43:38,2025-03-15 01:43:38
1202,1829,ups,2025-03-01 06:49:26,\N
12020,18738,usps,2025-08-25 01:06:21,2025-08-29 09:06:21
12021,18740,dhl,2025-05-03 17:52:55,2025-05-08 23:52:55
12022,18741,usps,2025-02-22 12:45:17,2025-02-23 19:45:17
12023,18746,usps,2025-07-02 19:16:43,2025-07-08 10:16:43
12024,18747,dhl,2025-06-19 15:38:02,2025-06-22 16:38:02
12025,18748,dhl,2025-04-14 22:46:35,2025-04-18 05:46:35
12026,18751,dhl,2025-05-28 06:14:34,2025-05-29 23:14:34
12027,18752,usps,2025-06-21 23:49:39,2025-06-22 08:49:39
12028,18754,dhl,2025-12-02 18:59:35,\N
12029,18755,fedex,2025-04-12 11:11:40,2025-04-18 04:11:40
1203,1832,dhl,2025-12-25 05:49:59,2025-12-29 09:49:59
12030,18758,dhl,2025-01-25 04:35:00,2025-01-28 19:35:00
12031,18760,fedex,2025-11-24 07:51:30,2025-11-25 00:51:30
12032,18763,dhl,2025-03-27 06:23:04,2025-03-28 11:23:04
12033,18764,ups,2025-08-22 15:58:31,\N
12034,18765,fedex,2025-06-05 21:45:21,2025-06-09 06:45:21
12035,18766,ups,2025-04-22 01:35:41,2025-04-23 19:35:41
12036,18768,dhl,2025-08-10 08:50:49,2025-08-15 05:50:49
12037,18769,fedex,2025-02-10 05:05:14,2025-02-13 22:05:14
12038,18770,fedex,2025-09-17 13:41:43,\N
12039,18772,usps,2025-10-04 09:45:05,2025-10-08 20:45:05
1204,1837,dhl,2025-05-13 09:09:34,2025-05-14 15:09:34
12040,18774,ups,2025-09-27 14:03:50,2025-10-02 11:03:50
12041,18775,ups,2025-12-01 11:30:59,2025-12-05 02:30:59
12042,18779,ups,2025-02-10 09:42:45,2025-02-13 12:42:45
12043,18782,ups,2025-09-15 04:04:39,2025-09-18 17:04:39
12044,18783,fedex,2025-05-23 17:42:34,2025-05-25 14:42:34
12045,18786,dhl,2025-08-13 05:50:50,2025-08-18 20:50:50
12046,18788,usps,2025-12-07 17:37:32,2025-12-11 21:37:32
12047,18789,ups,2025-08-24 15:29:20,2025-08-26 15:29:20
12048,18790,fedex,2025-09-20 10:41:54,2025-09-26 01:41:54
12049,18791,fedex,2025-05-21 10:14:02,2025-05-26 20:14:02
1205,1838,fedex,2025-08-04 05:07:32,2025-08-09 08:07:32
12050,18792,fedex,2025-11-05 19:17:37,2025-11-09 00:17:37
12051,18796,dhl,2025-09-12 15:16:30,2025-09-13 01:16:30
12052,18797,ups,2025-09-10 05:00:11,2025-09-11 16:00:11
12053,18799,dhl,2025-09-16 11:57:57,2025-09-20 02:57:57
12054,18800,usps,2025-05-22 07:30:15,2025-05-24 19:30:15
12055,18801,usps,2025-06-11 01:06:54,2025-06-13 14:06:54
12056,18802,dhl,2025-06-30 13:12:32,2025-07-03 15:12:32
12057,18803,ups,2025-08-20 00:40:47,2025-08-23 00:40:47
12058,18804,ups,2025-12-05 09:12:19,2025-12-05 19:12:19
12059,18805,usps,2025-02-20 21:22:37,2025-02-26 15:22:37
1206,1839,ups,2025-10-29 09:53:53,2025-11-01 14:53:53
12060,18808,usps,2025-06-25 19:09:15,\N
12061,18809,dhl,2025-11-04 13:53:01,\N
12062,18810,usps,2025-10-24 20:16:58,2025-10-30 06:16:58
12063,18811,usps,2025-03-10 13:00:39,2025-03-15 12:00:39
12064,18812,usps,2025-02-01 00:53:20,2025-02-02 12:53:20
12065,18813,ups,2025-09-22 07:24:55,2025-09-27 05:24:55
12066,18816,ups,2025-04-10 16:32:45,2025-04-15 21:32:45
12067,18819,ups,2025-07-13 00:26:12,2025-07-13 16:26:12
12068,18820,usps,2025-11-20 15:13:37,2025-11-22 00:13:37
12069,18821,ups,2025-07-17 23:13:58,2025-07-23 16:13:58
1207,1840,usps,2025-01-09 14:44:56,2025-01-10 03:44:56
12070,18822,ups,2025-05-20 21:22:08,2025-05-21 07:22:08
12071,18824,fedex,2025-10-23 00:33:23,2025-10-23 16:33:23
12072,18825,fedex,2025-01-08 20:49:49,\N
12073,18826,dhl,2025-06-04 12:48:55,2025-06-07 12:48:55
12074,18827,dhl,2025-04-06 18:47:37,2025-04-12 09:47:37
12075,18828,dhl,2025-06-16 06:01:40,2025-06-20 01:01:40
12076,18829,fedex,2025-10-23 06:52:58,2025-10-28 05:52:58
12077,18832,fedex,2025-03-23 19:37:55,2025-03-26 15:37:55
12078,18833,usps,2025-01-03 06:31:01,2025-01-08 10:31:01
12079,18834,usps,2025-04-19 12:29:36,\N
1208,1842,usps,2025-11-04 04:29:05,\N
12080,18836,dhl,2025-08-11 09:24:42,2025-08-14 12:24:42
12081,18840,ups,2025-08-13 14:26:48,2025-08-18 05:26:48
12082,18842,fedex,2025-10-27 18:57:59,2025-11-01 01:57:59
12083,18843,dhl,2025-11-27 08:51:28,2025-12-03 02:51:28
12084,18846,fedex,2025-07-12 18:24:06,\N
12085,18847,dhl,2025-03-07 11:27:38,2025-03-09 07:27:38
12086,18849,dhl,2025-07-03 04:22:35,2025-07-08 17:22:35
12087,18850,fedex,2025-12-29 02:44:47,2025-12-30 08:44:47
12088,18851,dhl,2025-08-04 15:44:30,2025-08-10 04:44:30
12089,18853,usps,2025-05-08 05:48:36,2025-05-12 13:48:36
1209,1846,dhl,2025-05-26 09:19:36,2025-05-28 19:19:36
12090,18855,usps,2025-05-22 09:27:11,2025-05-24 18:27:11
12091,18857,ups,2025-05-10 08:22:58,2025-05-12 19:22:58
12092,18858,dhl,2025-09-16 22:06:26,2025-09-20 00:06:26
12093,18859,fedex,2025-02-19 08:42:19,2025-02-20 15:42:19
12094,18860,usps,2025-08-20 03:49:41,2025-08-22 00:49:41
12095,18863,ups,2025-10-28 16:47:20,2025-11-02 01:47:20
12096,18867,dhl,2025-08-09 15:59:02,2025-08-13 20:59:02
12097,18868,fedex,2025-04-14 07:22:07,2025-04-19 16:22:07
12098,18871,usps,2025-08-08 13:00:44,\N
12099,18872,dhl,2025-11-04 02:36:29,2025-11-08 08:36:29
121,191,ups,2025-11-18 19:46:55,2025-11-19 01:46:55
1210,1849,usps,2025-02-18 02:05:24,2025-02-23 00:05:24
12100,18874,fedex,2025-10-25 05:27:11,2025-10-26 07:27:11
12101,18875,fedex,2025-03-22 12:15:30,2025-03-23 16:15:30
12102,18876,dhl,2025-05-08 18:42:29,2025-05-10 03:42:29
12103,18877,fedex,2025-12-20 21:37:16,2025-12-21 22:37:16
12104,18878,usps,2025-03-26 22:21:49,2025-03-28 06:21:49
12105,18879,ups,2025-06-19 01:05:56,2025-06-22 16:05:56
12106,18881,fedex,2025-08-01 17:19:42,2025-08-02 03:19:42
12107,18883,fedex,2025-06-29 07:53:28,2025-07-04 15:53:28
12108,18888,fedex,2025-03-13 00:47:57,2025-03-18 16:47:57
12109,18889,usps,2025-06-26 12:52:24,2025-06-28 21:52:24
1211,1851,ups,2025-04-20 19:29:23,2025-04-23 06:29:23
12110,18890,fedex,2025-06-02 17:06:19,2025-06-05 02:06:19
12111,18892,usps,2025-04-20 03:44:58,\N
12112,18895,fedex,2025-08-02 02:37:11,2025-08-06 22:37:11
12113,18899,fedex,2025-09-05 00:55:44,2025-09-08 02:55:44
12114,18902,dhl,2025-03-22 06:56:03,2025-03-22 14:56:03
12115,18903,usps,2025-04-18 16:45:50,2025-04-22 00:45:50
12116,18904,usps,2025-08-11 14:21:14,2025-08-14 16:21:14
12117,18905,usps,2025-07-14 07:00:23,2025-07-19 07:00:23
12118,18906,ups,2025-11-10 04:02:37,2025-11-11 02:02:37
12119,18907,dhl,2025-12-27 16:17:56,\N
1212,1853,usps,2025-05-25 10:37:18,2025-05-27 07:37:18
12120,18908,dhl,2025-03-31 00:16:23,2025-03-31 12:16:23
12121,18909,fedex,2025-10-21 02:43:59,2025-10-25 00:43:59
12122,18910,dhl,2025-04-05 00:23:22,2025-04-07 07:23:22
12123,18911,ups,2025-05-11 12:36:53,2025-05-15 14:36:53
12124,18915,dhl,2025-10-20 17:24:31,2025-10-26 07:24:31
12125,18916,fedex,2025-10-11 10:32:44,2025-10-14 15:32:44
12126,18917,dhl,2025-06-15 19:07:55,2025-06-21 01:07:55
12127,18919,dhl,2025-02-06 11:56:30,2025-02-06 21:56:30
12128,18920,usps,2025-07-18 23:09:05,2025-07-19 08:09:05
12129,18921,usps,2025-10-17 20:56:55,2025-10-21 23:56:55
1213,1855,usps,2025-07-20 20:36:49,2025-07-22 08:36:49
12130,18923,fedex,2025-08-16 04:48:57,2025-08-17 05:48:57
12131,18924,dhl,2025-01-17 22:20:52,2025-01-18 20:20:52
12132,18925,fedex,2025-05-29 19:22:24,2025-06-03 15:22:24
12133,18926,usps,2025-04-27 19:47:13,2025-05-02 22:47:13
12134,18928,usps,2025-09-02 21:58:12,2025-09-04 11:58:12
12135,18929,ups,2025-09-08 16:19:46,2025-09-08 23:19:46
12136,18931,usps,2025-03-29 02:00:00,2025-03-30 12:00:00
12137,18932,ups,2025-07-21 22:33:18,2025-07-24 09:33:18
12138,18933,ups,2025-08-14 05:38:47,2025-08-16 08:38:47
12139,18934,ups,2025-02-14 19:42:02,2025-02-19 12:42:02
1214,1857,usps,2025-07-24 01:13:40,2025-07-24 15:13:40
12140,18935,ups,2025-02-12 11:35:07,2025-02-13 10:35:07
12141,18936,dhl,2025-08-31 16:21:55,2025-09-04 19:21:55
12142,18938,fedex,2025-07-17 20:03:12,\N
12143,18939,ups,2025-03-15 07:49:57,2025-03-17 08:49:57
12144,18942,ups,2025-10-03 19:46:54,2025-10-07 22:46:54
12145,18943,usps,2025-03-13 08:34:55,\N
12146,18944,dhl,2025-10-14 19:26:29,2025-10-20 00:26:29
12147,18945,fedex,2025-03-12 17:26:52,2025-03-15 03:26:52
12148,18946,fedex,2025-03-25 09:21:17,2025-03-25 22:21:17
12149,18947,fedex,2025-02-16 00:16:00,2025-02-18 15:16:00
1215,1862,fedex,2025-07-10 19:12:27,2025-07-12 15:12:27
12150,18948,fedex,2025-06-24 09:39:56,2025-06-28 08:39:56
12151,18949,ups,2025-08-22 15:17:27,2025-08-26 00:17:27
12152,18950,usps,2025-10-13 11:50:00,2025-10-16 02:50:00
12153,18951,ups,2025-08-01 00:44:00,2025-08-01 06:44:00
12154,18952,usps,2025-09-12 03:34:18,\N
12155,18953,ups,2025-02-15 23:17:27,2025-02-19 20:17:27
12156,18954,dhl,2025-02-12 20:59:43,2025-02-17 00:59:43
12157,18956,usps,2025-11-04 02:52:09,2025-11-09 04:52:09
12158,18957,dhl,2025-04-03 07:51:59,2025-04-05 04:51:59
12159,18958,ups,2025-09-21 07:52:21,2025-09-24 00:52:21
1216,1866,ups,2025-08-11 00:17:27,2025-08-15 07:17:27
12160,18959,usps,2025-04-17 04:34:46,\N
12161,18960,fedex,2025-03-23 08:48:52,2025-03-26 18:48:52
12162,18961,fedex,2025-07-20 03:54:05,2025-07-24 01:54:05
12163,18962,usps,2025-10-29 08:54:30,2025-11-03 21:54:30
12164,18963,usps,2025-06-15 02:47:27,2025-06-18 04:47:27
12165,18964,ups,2025-12-26 04:30:09,2025-12-26 15:30:09
12166,18966,fedex,2025-08-24 21:59:59,2025-08-30 03:59:59
12167,18967,ups,2025-01-30 06:40:14,2025-02-03 19:40:14
12168,18968,fedex,2025-04-15 02:42:44,2025-04-17 23:42:44
12169,18970,dhl,2025-12-13 13:46:25,\N
1217,1867,dhl,2025-08-26 12:17:55,2025-08-31 04:17:55
12170,18971,dhl,2025-10-23 12:01:33,2025-10-24 09:01:33
12171,18974,usps,2025-12-06 17:42:46,2025-12-10 06:42:46
12172,18977,usps,2025-02-21 16:17:18,\N
12173,18978,dhl,2025-09-12 08:26:59,\N
12174,18979,ups,2025-03-15 16:27:14,2025-03-16 05:27:14
12175,18980,usps,2025-12-14 14:19:19,2025-12-15 10:19:19
12176,18981,ups,2025-09-29 13:20:23,2025-10-04 21:20:23
12177,18982,usps,2025-03-23 06:49:16,2025-03-24 17:49:16
12178,18984,usps,2025-10-10 12:22:18,2025-10-12 12:22:18
12179,18986,dhl,2025-03-31 20:28:00,2025-04-02 04:28:00
1218,1869,fedex,2025-10-29 23:02:05,2025-11-03 09:02:05
12180,18987,ups,2025-08-16 15:46:11,2025-08-21 04:46:11
12181,18989,ups,2025-01-04 18:34:11,2025-01-08 21:34:11
12182,18990,usps,2025-04-17 07:56:39,2025-04-22 16:56:39
12183,18992,dhl,2025-12-10 23:49:12,2025-12-12 23:49:12
12184,18993,ups,2025-04-23 01:35:21,2025-04-26 19:35:21
12185,18994,usps,2025-07-11 17:01:20,2025-07-17 12:01:20
12186,18996,ups,2025-12-11 04:59:31,2025-12-12 13:59:31
12187,18997,fedex,2025-06-26 23:20:46,2025-07-02 16:20:46
12188,19002,fedex,2025-03-19 16:45:45,\N
12189,19004,fedex,2025-08-15 02:57:51,2025-08-15 13:57:51
1219,1870,fedex,2025-09-20 00:29:48,2025-09-23 08:29:48
12190,19005,dhl,2025-10-26 12:20:10,\N
12191,19007,dhl,2025-09-26 06:19:44,2025-09-27 00:19:44
12192,19008,usps,2025-04-30 03:13:55,2025-05-02 12:13:55
12193,19011,usps,2025-02-26 10:26:08,2025-03-02 12:26:08
12194,19014,fedex,2025-09-24 20:20:14,2025-09-26 02:20:14
12195,19016,fedex,2025-12-07 22:04:22,2025-12-13 01:04:22
12196,19021,fedex,2025-06-16 16:39:45,2025-06-20 04:39:45
12197,19024,dhl,2025-03-06 23:47:05,2025-03-07 13:47:05
12198,19026,fedex,2025-01-08 07:49:23,\N
12199,19027,fedex,2025-03-21 07:28:39,2025-03-25 23:28:39
122,192,fedex,2025-09-04 11:46:09,2025-09-09 12:46:09
1220,1872,fedex,2025-07-10 11:45:08,2025-07-13 00:45:08
12200,19028,usps,2025-07-23 05:21:24,2025-07-28 02:21:24
12201,19030,usps,2025-01-05 13:25:52,2025-01-10 13:25:52
12202,19033,ups,2025-10-14 07:56:48,2025-10-15 10:56:48
12203,19034,ups,2025-03-31 01:37:36,2025-04-05 20:37:36
12204,19035,ups,2025-01-18 22:17:39,2025-01-21 09:17:39
12205,19036,dhl,2025-09-04 15:58:23,2025-09-05 13:58:23
12206,19037,ups,2025-04-06 09:14:59,2025-04-08 01:14:59
12207,19038,dhl,2025-09-02 16:23:11,\N
12208,19041,ups,2025-01-22 23:43:05,2025-01-27 15:43:05
12209,19044,ups,2025-09-08 13:53:43,2025-09-12 11:53:43
1221,1877,dhl,2025-10-31 22:35:05,2025-11-03 15:35:05
12210,19046,usps,2025-12-10 19:37:17,\N
12211,19047,ups,2025-04-07 14:57:03,2025-04-08 18:57:03
12212,19048,fedex,2025-03-22 07:42:21,2025-03-26 08:42:21
12213,19050,fedex,2025-05-22 16:00:20,2025-05-27 08:00:20
12214,19052,usps,2025-02-26 14:53:44,2025-03-04 08:53:44
12215,19054,usps,2025-02-15 13:55:14,2025-02-16 03:55:14
12216,19055,ups,2025-05-01 08:22:44,2025-05-06 05:22:44
12217,19056,fedex,2025-10-06 22:55:08,2025-10-11 10:55:08
12218,19058,dhl,2025-11-23 16:06:06,2025-11-24 10:06:06
12219,19059,fedex,2025-02-28 21:45:14,2025-03-02 15:45:14
1222,1878,fedex,2025-02-27 19:20:13,2025-03-05 04:20:13
12220,19060,usps,2025-07-30 19:44:13,2025-08-03 06:44:13
12221,19061,usps,2025-06-01 11:26:15,\N
12222,19062,fedex,2025-03-30 05:27:58,\N
12223,19063,dhl,2025-02-21 09:16:03,2025-02-26 05:16:03
12224,19064,dhl,2025-05-12 20:08:22,2025-05-15 17:08:22
12225,19066,ups,2025-01-12 03:22:53,2025-01-13 19:22:53
12226,19069,fedex,2025-02-22 08:21:38,2025-02-27 09:21:38
12227,19070,ups,2025-04-03 08:25:28,2025-04-05 15:25:28
12228,19073,ups,2025-05-11 06:33:17,2025-05-16 02:33:17
12229,19076,usps,2025-04-13 05:34:51,2025-04-18 09:34:51
1223,1879,usps,2025-02-10 16:51:27,2025-02-15 15:51:27
12230,19077,dhl,2025-10-18 19:25:43,2025-10-23 21:25:43
12231,19081,fedex,2025-01-28 06:26:07,2025-01-31 04:26:07
12232,19082,fedex,2025-01-03 12:52:23,2025-01-08 05:52:23
12233,19083,ups,2025-10-25 01:32:57,2025-10-29 02:32:57
12234,19084,dhl,2025-04-27 09:07:00,2025-04-29 09:07:00
12235,19085,dhl,2025-09-09 23:46:53,2025-09-11 21:46:53
12236,19087,fedex,2025-04-20 19:34:12,2025-04-26 04:34:12
12237,19088,dhl,2025-04-09 19:40:24,2025-04-15 14:40:24
12238,19089,dhl,2025-10-21 16:05:44,\N
12239,19091,usps,2025-05-28 22:49:54,\N
1224,1880,dhl,2025-02-03 07:28:04,2025-02-07 04:28:04
12240,19092,ups,2025-02-06 09:57:34,2025-02-06 16:57:34
12241,19093,usps,2025-11-11 20:12:24,2025-11-15 08:12:24
12242,19101,dhl,2025-04-23 03:03:56,2025-04-26 15:03:56
12243,19102,usps,2025-11-18 04:40:23,2025-11-19 23:40:23
12244,19107,ups,2025-10-04 02:55:08,2025-10-08 20:55:08
12245,19110,usps,2025-01-08 17:42:08,2025-01-13 23:42:08
12246,19111,ups,2025-10-20 03:47:19,2025-10-25 08:47:19
12247,19113,dhl,2025-05-04 15:02:56,2025-05-08 14:02:56
12248,19114,dhl,2025-12-27 02:44:36,2025-12-27 16:44:36
12249,19115,fedex,2025-07-14 00:18:35,2025-07-15 04:18:35
1225,1881,ups,2025-09-09 09:21:28,2025-09-13 12:21:28
12250,19118,dhl,2025-05-14 14:00:54,2025-05-17 13:00:54
12251,19121,ups,2025-10-16 05:34:58,2025-10-18 23:34:58
12252,19122,fedex,2025-09-25 00:35:06,2025-09-25 23:35:06
12253,19124,ups,2025-12-16 13:03:34,2025-12-19 02:03:34
12254,19125,usps,2025-07-16 15:31:03,2025-07-20 01:31:03
12255,19126,ups,2025-11-29 06:10:08,2025-12-03 10:10:08
12256,19127,fedex,2025-12-27 08:39:00,2025-12-28 09:39:00
12257,19128,ups,2025-08-21 16:16:46,2025-08-24 07:16:46
12258,19130,ups,2025-12-06 02:48:55,2025-12-08 06:48:55
12259,19131,usps,2025-10-30 12:00:06,2025-11-04 17:00:06
1226,1882,usps,2025-06-18 04:24:50,2025-06-20 12:24:50
12260,19134,ups,2025-11-13 22:40:30,2025-11-19 14:40:30
12261,19137,fedex,2025-05-16 19:59:29,2025-05-19 19:59:29
12262,19138,usps,2025-11-16 20:14:38,2025-11-18 04:14:38
12263,19140,fedex,2025-07-13 04:53:34,2025-07-17 22:53:34
12264,19142,fedex,2025-08-14 11:31:31,2025-08-16 11:31:31
12265,19143,fedex,2025-10-28 11:19:12,2025-11-02 17:19:12
12266,19145,fedex,2025-01-15 14:03:40,2025-01-16 19:03:40
12267,19146,dhl,2025-02-18 15:44:02,2025-02-20 12:44:02
12268,19147,ups,2025-06-24 19:18:17,2025-06-29 10:18:17
12269,19148,fedex,2025-03-22 09:20:02,2025-03-27 01:20:02
1227,1884,dhl,2025-02-26 15:40:08,2025-03-01 14:40:08
12270,19149,dhl,2025-10-06 08:51:58,2025-10-10 10:51:58
12271,19150,fedex,2025-05-09 12:20:05,2025-05-12 02:20:05
12272,19152,usps,2025-09-05 11:54:30,2025-09-09 18:54:30
12273,19155,usps,2025-03-05 10:32:54,2025-03-10 13:32:54
12274,19156,fedex,2025-07-25 15:42:46,2025-07-30 17:42:46
12275,19159,ups,2025-05-22 00:56:28,2025-05-24 09:56:28
12276,19160,dhl,2025-08-18 22:26:43,2025-08-24 03:26:43
12277,19161,ups,2025-11-14 02:16:59,2025-11-16 00:16:59
12278,19162,dhl,2025-07-24 19:47:59,2025-07-28 13:47:59
12279,19163,usps,2025-03-20 04:31:01,2025-03-22 12:31:01
1228,1885,fedex,2025-06-29 00:48:10,2025-07-01 18:48:10
12280,19164,ups,2025-10-14 17:54:53,2025-10-17 01:54:53
12281,19166,usps,2025-03-23 05:55:12,2025-03-26 01:55:12
12282,19167,dhl,2025-06-16 03:12:06,2025-06-18 12:12:06
12283,19169,ups,2025-07-13 16:53:52,2025-07-18 05:53:52
12284,19170,usps,2025-01-04 17:22:48,2025-01-09 04:22:48
12285,19171,dhl,2025-05-10 00:27:26,2025-05-10 17:27:26
12286,19173,ups,2025-06-25 21:02:24,2025-06-27 06:02:24
12287,19175,fedex,2025-10-20 02:29:56,2025-10-21 14:29:56
12288,19176,dhl,2025-04-01 19:50:41,2025-04-02 02:50:41
12289,19177,fedex,2025-09-13 21:45:36,2025-09-14 10:45:36
1229,1886,dhl,2025-01-12 04:23:04,2025-01-13 02:23:04
12290,19178,usps,2025-05-30 10:50:21,2025-06-04 11:50:21
12291,19181,fedex,2025-08-27 11:04:14,2025-08-31 00:04:14
12292,19182,usps,2025-10-15 06:51:18,2025-10-17 16:51:18
12293,19185,fedex,2025-02-07 17:40:55,2025-02-09 23:40:55
12294,19187,fedex,2025-02-07 05:03:49,\N
12295,19188,dhl,2025-02-10 23:15:57,2025-02-11 09:15:57
12296,19189,ups,2025-10-03 21:51:35,\N
12297,19190,ups,2025-07-28 04:46:08,2025-07-29 18:46:08
12298,19191,fedex,2025-01-10 21:16:16,2025-01-11 19:16:16
12299,19193,fedex,2025-08-13 04:40:26,2025-08-17 00:40:26
123,193,usps,2025-06-15 09:45:01,2025-06-16 02:45:01
1230,1887,fedex,2025-09-21 04:25:02,2025-09-23 16:25:02
12300,19195,ups,2025-05-26 16:44:46,2025-06-01 07:44:46
12301,19197,usps,2025-02-18 12:46:17,2025-02-22 05:46:17
12302,19202,dhl,2025-12-27 21:06:44,2025-12-28 21:06:44
12303,19203,usps,2025-03-03 21:43:47,2025-03-09 08:43:47
12304,19204,dhl,2025-11-12 14:20:54,2025-11-15 23:20:54
12305,19205,fedex,2025-11-13 04:46:00,2025-11-14 23:46:00
12306,19207,usps,2025-06-12 02:02:43,2025-06-17 10:02:43
12307,19208,ups,2025-05-29 00:20:25,2025-05-31 21:20:25
12308,19210,ups,2025-04-18 10:13:28,2025-04-22 10:13:28
12309,19211,dhl,2025-10-11 06:01:18,2025-10-12 08:01:18
1231,1891,ups,2025-03-31 09:17:22,2025-04-02 11:17:22
12310,19213,dhl,2025-10-06 21:02:53,2025-10-11 02:02:53
12311,19214,ups,2025-02-08 18:01:33,2025-02-13 23:01:33
12312,19215,dhl,2025-07-09 17:57:00,2025-07-14 06:57:00
12313,19218,fedex,2025-10-30 01:31:40,2025-11-03 15:31:40
12314,19219,ups,2025-12-16 14:59:42,2025-12-20 15:59:42
12315,19220,ups,2025-11-19 22:27:35,2025-11-24 03:27:35
12316,19223,dhl,2025-11-08 16:05:16,2025-11-14 02:05:16
12317,19226,dhl,2025-12-15 21:20:24,2025-12-17 18:20:24
12318,19227,dhl,2025-05-20 15:31:02,2025-05-21 23:31:02
12319,19228,fedex,2026-01-01 11:41:09,2025-12-31 23:59:59
1232,1892,ups,2025-11-14 20:09:50,\N
12320,19229,ups,2025-06-18 00:33:04,2025-06-18 17:33:04
12321,19232,ups,2025-07-09 02:27:59,2025-07-13 05:27:59
12322,19234,usps,2025-06-09 17:39:16,2025-06-15 01:39:16
12323,19235,usps,2025-12-24 17:00:43,2025-12-28 11:00:43
12324,19236,fedex,2025-08-04 05:45:43,2025-08-04 17:45:43
12325,19237,usps,2025-11-03 14:48:29,2025-11-06 04:48:29
12326,19238,dhl,2025-02-09 10:31:34,2025-02-10 23:31:34
12327,19240,dhl,2025-10-24 09:25:28,2025-10-28 10:25:28
12328,19241,fedex,2025-03-29 17:17:37,2025-03-30 20:17:37
12329,19243,ups,2025-12-19 07:15:45,2025-12-21 12:15:45
1233,1893,ups,2025-12-14 10:51:35,2025-12-19 07:51:35
12330,19244,usps,2025-02-08 04:39:22,2025-02-10 15:39:22
12331,19245,usps,2025-11-08 19:03:30,2025-11-09 10:03:30
12332,19250,fedex,2025-11-20 15:10:19,2025-11-24 07:10:19
12333,19251,usps,2026-01-02 02:11:35,2025-12-31 23:59:59
12334,19252,dhl,2025-08-06 11:58:53,2025-08-11 06:58:53
12335,19253,ups,2025-03-24 02:24:14,2025-03-26 00:24:14
12336,19254,dhl,2025-08-27 11:38:18,2025-08-29 15:38:18
12337,19255,fedex,2025-07-17 08:14:03,2025-07-21 16:14:03
12338,19257,usps,2025-10-10 13:55:23,2025-10-15 11:55:23
12339,19258,fedex,2025-07-06 09:22:36,2025-07-08 10:22:36
1234,1894,usps,2025-07-30 18:09:52,2025-07-31 22:09:52
12340,19264,dhl,2025-08-15 17:22:37,2025-08-20 17:22:37
12341,19265,ups,2025-01-18 07:40:44,2025-01-20 17:40:44
12342,19266,usps,2025-07-29 13:56:36,2025-08-04 02:56:36
12343,19267,fedex,2025-03-21 09:54:09,2025-03-25 19:54:09
12344,19269,fedex,2025-08-07 05:18:45,2025-08-10 22:18:45
12345,19270,usps,2025-06-26 07:44:28,2025-06-30 16:44:28
12346,19272,usps,2025-09-11 09:34:06,2025-09-14 16:34:06
12347,19273,dhl,2025-02-01 10:37:05,2025-02-01 18:37:05
12348,19274,usps,2025-11-05 14:02:08,2025-11-05 22:02:08
12349,19279,fedex,2025-07-13 21:27:27,2025-07-17 15:27:27
1235,1895,fedex,2026-01-01 11:10:34,2025-12-31 23:59:59
12350,19280,usps,2025-11-10 08:03:23,2025-11-12 18:03:23
12351,19283,ups,2025-12-31 16:29:15,2025-12-31 23:59:59
12352,19284,ups,2025-12-27 18:31:33,2025-12-31 23:59:59
12353,19286,fedex,2025-04-21 14:23:17,2025-04-23 02:23:17
12354,19287,fedex,2025-06-27 02:25:23,\N
12355,19289,fedex,2025-08-13 02:12:28,2025-08-18 13:12:28
12356,19290,usps,2025-03-06 17:17:17,2025-03-11 13:17:17
12357,19291,dhl,2025-12-05 18:52:29,2025-12-06 23:52:29
12358,19292,ups,2025-04-03 22:25:39,2025-04-05 08:25:39
12359,19293,usps,2025-11-23 22:47:03,2025-11-25 00:47:03
1236,1896,usps,2025-03-02 07:45:46,2025-03-08 00:45:46
12360,19294,fedex,2025-06-28 05:38:45,2025-06-29 23:38:45
12361,19296,ups,2025-12-06 16:32:11,2025-12-11 11:32:11
12362,19299,fedex,2025-08-15 14:44:22,2025-08-21 09:44:22
12363,19300,dhl,2025-01-29 11:38:19,2025-02-02 10:38:19
12364,19301,usps,2025-10-29 05:46:24,2025-10-30 14:46:24
12365,19303,dhl,2025-09-21 22:43:57,2025-09-25 12:43:57
12366,19306,usps,2025-08-19 11:16:59,2025-08-25 04:16:59
12367,19307,fedex,2025-05-24 15:06:32,2025-05-28 10:06:32
12368,19309,fedex,2025-07-20 13:12:19,\N
12369,19310,usps,2025-03-16 21:04:17,\N
1237,1898,usps,2025-02-10 11:40:19,2025-02-12 01:40:19
12370,19312,fedex,2025-03-05 11:10:22,\N
12371,19313,ups,2025-02-25 07:49:10,2025-02-26 16:49:10
12372,19314,ups,2025-02-05 09:49:05,2025-02-07 00:49:05
12373,19316,ups,2025-12-21 19:19:12,2025-12-22 13:19:12
12374,19317,ups,2025-08-29 19:46:43,2025-09-04 13:46:43
12375,19318,dhl,2025-01-24 23:39:12,2025-01-30 03:39:12
12376,19321,dhl,2025-04-19 16:59:24,2025-04-21 20:59:24
12377,19322,fedex,2025-10-03 15:12:46,\N
12378,19324,dhl,2025-07-10 18:49:08,2025-07-12 06:49:08
12379,19326,fedex,2025-03-13 07:15:57,2025-03-17 19:15:57
1238,1899,usps,2025-04-04 04:45:21,2025-04-05 07:45:21
12380,19327,ups,2025-06-30 12:17:14,2025-07-05 13:17:14
12381,19328,fedex,2025-03-12 12:50:49,2025-03-15 12:50:49
12382,19329,fedex,2025-04-29 04:29:13,\N
12383,19334,usps,2025-01-09 17:39:26,2025-01-12 05:39:26
12384,19335,fedex,2025-12-28 11:57:48,\N
12385,19337,dhl,2025-02-15 01:39:48,2025-02-15 09:39:48
12386,19338,ups,2025-05-18 23:22:20,\N
12387,19340,ups,2025-07-09 06:07:46,2025-07-14 11:07:46
12388,19341,fedex,2025-04-21 18:45:50,2025-04-22 09:45:50
12389,19343,usps,2025-05-29 00:45:58,2025-05-31 14:45:58
1239,1902,ups,2025-07-11 02:09:59,2025-07-15 16:09:59
12390,19344,usps,2025-01-24 05:02:55,2025-01-25 06:02:55
12391,19345,dhl,2025-11-16 21:04:08,2025-11-20 22:04:08
12392,19346,usps,2025-08-03 19:33:05,2025-08-06 20:33:05
12393,19347,dhl,2025-09-20 13:53:42,2025-09-21 23:53:42
12394,19348,ups,2025-04-11 22:43:33,2025-04-14 01:43:33
12395,19350,dhl,2025-11-08 02:40:58,2025-11-09 14:40:58
12396,19351,dhl,2025-06-15 04:09:26,2025-06-16 16:09:26
12397,19352,fedex,2025-01-30 03:05:03,2025-02-03 06:05:03
12398,19354,fedex,2025-10-02 22:10:27,2025-10-08 01:10:27
12399,19355,fedex,2025-12-28 12:38:51,2025-12-30 06:38:51
124,195,usps,2025-04-11 21:03:38,2025-04-16 12:03:38
1240,1903,ups,2025-04-18 15:43:16,\N
12400,19357,usps,2025-06-30 15:05:45,2025-07-05 03:05:45
12401,19358,ups,2025-02-07 15:01:31,2025-02-13 07:01:31
12402,19359,usps,2025-11-03 13:17:06,2025-11-07 01:17:06
12403,19361,ups,2025-01-05 14:49:40,2025-01-07 18:49:40
12404,19363,dhl,2025-12-01 03:42:28,2025-12-02 08:42:28
12405,19365,fedex,2025-11-03 21:13:02,2025-11-04 06:13:02
12406,19367,fedex,2025-12-17 04:31:00,2025-12-22 08:31:00
12407,19368,usps,2025-05-22 07:43:00,2025-05-25 14:43:00
12408,19369,fedex,2025-03-12 10:45:20,2025-03-13 20:45:20
12409,19370,fedex,2025-01-26 15:20:01,2025-01-30 03:20:01
1241,1904,usps,2025-04-13 11:45:20,2025-04-16 19:45:20
12410,19371,fedex,2025-04-14 08:00:29,2025-04-19 13:00:29
12411,19372,usps,2025-03-02 01:41:10,2025-03-04 10:41:10
12412,19373,usps,2025-06-19 07:33:35,2025-06-20 19:33:35
12413,19374,fedex,2025-09-30 16:01:55,2025-10-01 03:01:55
12414,19376,ups,2025-04-26 19:31:38,2025-04-27 05:31:38
12415,19377,fedex,2025-06-20 21:31:40,2025-06-25 04:31:40
12416,19379,fedex,2025-03-12 01:08:11,2025-03-12 08:08:11
12417,19381,usps,2025-10-06 21:45:30,2025-10-07 23:45:30
12418,19382,fedex,2025-05-01 16:41:36,2025-05-04 10:41:36
12419,19383,dhl,2025-08-15 02:51:27,2025-08-16 17:51:27
1242,1905,fedex,2025-04-22 16:36:01,2025-04-23 11:36:01
12420,19384,dhl,2025-10-04 10:05:21,2025-10-07 14:05:21
12421,19386,fedex,2025-08-05 08:29:41,2025-08-06 14:29:41
12422,19387,usps,2025-12-20 00:43:39,2025-12-25 02:43:39
12423,19389,ups,2025-08-08 18:13:34,2025-08-13 23:13:34
12424,19391,dhl,2025-02-19 06:00:43,2025-02-21 06:00:43
12425,19393,usps,2025-10-10 18:07:56,2025-10-12 01:07:56
12426,19395,dhl,2025-05-13 03:45:27,2025-05-18 01:45:27
12427,19396,usps,2025-05-04 16:21:57,2025-05-08 23:21:57
12428,19397,ups,2025-06-30 05:11:37,2025-07-04 02:11:37
12429,19398,fedex,2025-08-04 09:39:21,2025-08-07 11:39:21
1243,1906,usps,2025-03-23 07:55:42,2025-03-26 03:55:42
12430,19399,fedex,2025-07-11 20:40:17,2025-07-13 03:40:17
12431,19400,ups,2025-04-08 23:37:53,\N
12432,19401,dhl,2025-03-07 11:53:15,2025-03-08 06:53:15
12433,19402,dhl,2025-07-25 15:34:07,2025-07-31 00:34:07
12434,19403,dhl,2025-10-10 15:48:37,2025-10-14 20:48:37
12435,19404,ups,2025-01-17 01:33:21,2025-01-19 21:33:21
12436,19405,ups,2025-07-06 15:52:41,2025-07-07 23:52:41
12437,19406,dhl,2025-02-07 18:20:49,2025-02-11 01:20:49
12438,19407,fedex,2025-10-24 17:15:15,2025-10-25 03:15:15
12439,19408,ups,2025-08-26 11:32:27,\N
1244,1912,fedex,2025-04-30 02:39:48,2025-04-30 14:39:48
12440,19409,ups,2025-02-05 07:29:41,2025-02-08 17:29:41
12441,19411,usps,2025-12-12 18:51:29,2025-12-16 14:51:29
12442,19413,ups,2025-11-19 22:11:31,2025-11-24 01:11:31
12443,19414,usps,2025-10-24 14:32:42,2025-10-28 07:32:42
12444,19416,ups,2025-09-06 19:59:21,2025-09-09 00:59:21
12445,19419,ups,2025-08-12 12:48:42,2025-08-14 10:48:42
12446,19420,fedex,2025-06-22 14:48:33,2025-06-24 12:48:33
12447,19421,ups,2025-04-06 23:07:15,2025-04-08 01:07:15
12448,19422,ups,2025-12-08 18:14:31,2025-12-14 04:14:31
12449,19425,ups,2025-02-12 00:34:59,\N
1245,1914,usps,2025-05-30 21:07:43,2025-06-04 00:07:43
12450,19426,dhl,2025-04-09 03:39:47,2025-04-11 21:39:47
12451,19427,dhl,2025-03-23 08:11:04,2025-03-25 21:11:04
12452,19428,usps,2025-11-11 04:18:55,2025-11-11 20:18:55
12453,19430,ups,2025-07-30 11:28:09,2025-08-02 20:28:09
12454,19433,usps,2025-11-24 09:47:51,2025-11-26 21:47:51
12455,19434,ups,2025-10-18 18:26:03,2025-10-19 12:26:03
12456,19437,usps,2025-11-11 20:32:32,2025-11-17 09:32:32
12457,19439,dhl,2025-08-03 12:38:56,2025-08-04 02:38:56
12458,19440,dhl,2025-10-16 12:10:17,2025-10-19 17:10:17
12459,19442,ups,2025-05-01 03:17:20,2025-05-03 07:17:20
1246,1917,fedex,2025-08-12 10:39:36,2025-08-17 05:39:36
12460,19445,fedex,2025-01-05 00:23:27,2025-01-05 15:23:27
12461,19446,ups,2025-07-09 19:23:44,2025-07-12 18:23:44
12462,19447,ups,2025-07-10 12:48:09,2025-07-14 13:48:09
12463,19448,usps,2025-04-15 08:37:24,2025-04-19 02:37:24
12464,19449,dhl,2025-11-06 09:38:09,2025-11-11 16:38:09
12465,19450,fedex,2025-11-23 17:52:37,2025-11-26 06:52:37
12466,19451,dhl,2025-07-07 08:38:33,2025-07-07 23:38:33
12467,19452,usps,2025-07-05 09:20:03,2025-07-05 18:20:03
12468,19453,ups,2025-07-12 20:25:06,2025-07-17 11:25:06
12469,19454,usps,2025-10-09 08:20:55,2025-10-14 02:20:55
1247,1920,usps,2025-03-13 07:32:29,2025-03-15 09:32:29
12470,19455,dhl,2025-08-20 14:07:10,2025-08-21 16:07:10
12471,19456,dhl,2025-12-10 10:22:15,2025-12-15 01:22:15
12472,19457,fedex,2025-08-30 21:24:56,2025-09-02 04:24:56
12473,19458,dhl,2025-06-02 11:50:21,2025-06-07 06:50:21
12474,19459,dhl,2025-09-15 22:19:33,2025-09-20 03:19:33
12475,19461,fedex,2025-06-10 10:10:28,2025-06-15 17:10:28
12476,19463,ups,2025-10-14 05:34:17,2025-10-16 16:34:17
12477,19465,fedex,2025-06-22 22:30:35,2025-06-23 06:30:35
12478,19466,dhl,2025-05-24 03:20:34,2025-05-28 04:20:34
12479,19467,dhl,2025-03-23 14:02:03,2025-03-24 09:02:03
1248,1921,usps,2025-10-29 16:38:18,2025-10-29 23:38:18
12480,19470,fedex,2025-09-29 01:28:46,2025-10-01 07:28:46
12481,19471,usps,2025-05-27 08:59:13,2025-05-30 05:59:13
12482,19472,ups,2025-06-26 13:18:58,\N
12483,19474,fedex,2025-04-24 06:37:46,2025-04-25 22:37:46
12484,19478,dhl,2025-01-06 18:54:31,2025-01-07 17:54:31
12485,19479,fedex,2025-07-21 13:19:46,2025-07-23 04:19:46
12486,19480,usps,2025-06-26 23:31:23,2025-06-28 16:31:23
12487,19481,usps,2025-10-20 17:59:16,2025-10-25 13:59:16
12488,19482,fedex,2025-07-14 14:02:05,2025-07-16 10:02:05
12489,19484,fedex,2025-12-19 03:54:12,\N
1249,1922,usps,2025-06-08 03:57:48,2025-06-09 20:57:48
12490,19485,usps,2025-09-17 02:35:46,2025-09-18 03:35:46
12491,19486,usps,2025-12-12 08:07:48,2025-12-14 23:07:48
12492,19487,fedex,2025-11-13 10:58:40,\N
12493,19488,dhl,2025-10-07 01:24:18,2025-10-12 13:24:18
12494,19489,ups,2025-10-22 07:33:47,2025-10-27 16:33:47
12495,19490,ups,2025-03-22 21:40:28,\N
12496,19491,dhl,2025-12-20 15:35:21,2025-12-22 08:35:21
12497,19493,fedex,2025-09-26 16:26:11,2025-10-01 05:26:11
12498,19494,fedex,2025-12-01 14:57:29,2025-12-04 03:57:29
12499,19495,dhl,2025-01-16 20:35:57,2025-01-21 09:35:57
125,196,ups,2025-04-13 03:15:37,2025-04-15 07:15:37
1250,1923,ups,2025-06-30 01:39:29,2025-07-03 10:39:29
12500,19496,fedex,2025-09-23 19:25:45,2025-09-29 14:25:45
12501,19498,ups,2025-09-20 12:43:24,2025-09-25 22:43:24
12502,19499,ups,2025-10-04 07:38:16,2025-10-06 01:38:16
12503,19500,ups,2025-02-09 14:44:09,2025-02-10 09:44:09
12504,19501,ups,2025-03-29 11:05:36,2025-04-01 20:05:36
12505,19503,fedex,2025-11-11 07:25:30,2025-11-15 05:25:30
12506,19506,ups,2025-07-23 11:27:12,2025-07-29 02:27:12
12507,19507,dhl,2025-06-03 14:03:03,2025-06-08 17:03:03
12508,19508,ups,2025-09-12 01:27:17,2025-09-16 09:27:17
12509,19510,ups,2025-02-26 07:19:12,2025-02-28 18:19:12
1251,1924,usps,2025-10-25 15:54:48,2025-10-27 17:54:48
12510,19511,fedex,2025-07-14 01:15:16,2025-07-14 10:15:16
12511,19512,usps,2025-09-19 13:02:36,2025-09-24 04:02:36
12512,19513,fedex,2025-07-30 10:03:33,2025-07-31 20:03:33
12513,19516,usps,2025-02-03 04:35:22,2025-02-07 18:35:22
12514,19517,ups,2025-02-26 07:40:11,2025-03-03 09:40:11
12515,19518,ups,2025-02-11 03:05:34,2025-02-13 13:05:34
12516,19526,ups,2025-11-14 01:59:52,2025-11-17 09:59:52
12517,19529,dhl,2025-06-24 08:46:16,\N
12518,19530,ups,2025-10-31 12:15:40,2025-11-04 05:15:40
12519,19532,usps,2025-04-03 20:30:31,2025-04-08 10:30:31
1252,1926,fedex,2025-08-19 14:14:13,2025-08-23 04:14:13
12520,19533,ups,2025-10-16 20:19:16,2025-10-19 08:19:16
12521,19534,dhl,2025-06-20 17:08:53,2025-06-23 07:08:53
12522,19537,fedex,2025-04-01 18:01:02,2025-04-04 03:01:02
12523,19538,ups,2025-06-17 04:05:14,2025-06-19 00:05:14
12524,19539,fedex,2025-04-19 22:17:11,2025-04-23 14:17:11
12525,19541,usps,2025-02-05 06:09:14,2025-02-08 06:09:14
12526,19543,usps,2025-03-12 19:23:11,2025-03-13 05:23:11
12527,19547,ups,2025-10-24 04:15:20,\N
12528,19549,usps,2025-02-05 07:29:23,2025-02-07 15:29:23
12529,19550,usps,2025-05-01 03:55:20,2025-05-02 02:55:20
1253,1927,ups,2025-05-12 09:46:21,2025-05-16 01:46:21
12530,19551,dhl,2025-09-29 09:10:56,2025-10-04 13:10:56
12531,19553,usps,2025-06-08 13:20:33,2025-06-12 15:20:33
12532,19555,usps,2025-01-08 18:37:14,2025-01-12 20:37:14
12533,19556,fedex,2025-04-05 07:44:53,2025-04-05 20:44:53
12534,19557,usps,2025-10-06 01:01:10,2025-10-08 05:01:10
12535,19559,fedex,2025-09-09 10:15:56,\N
12536,19560,dhl,2025-10-30 08:20:01,2025-10-30 23:20:01
12537,19561,ups,2025-10-09 21:14:54,2025-10-12 17:14:54
12538,19563,dhl,2025-01-31 17:33:58,2025-02-01 20:33:58
12539,19566,fedex,2025-10-13 06:55:51,2025-10-13 13:55:51
1254,1928,ups,2025-08-13 07:17:35,2025-08-14 13:17:35
12540,19567,usps,2025-07-08 00:28:14,2025-07-13 19:28:14
12541,19568,ups,2025-11-20 13:18:59,2025-11-22 15:18:59
12542,19569,dhl,2025-01-30 08:49:58,2025-02-01 04:49:58
12543,19570,fedex,2025-06-13 18:49:36,2025-06-18 16:49:36
12544,19571,usps,2025-12-15 07:38:18,2025-12-19 07:38:18
12545,19572,usps,2025-03-09 18:59:53,\N
12546,19573,dhl,2025-12-04 20:31:07,2025-12-07 16:31:07
12547,19575,fedex,2025-04-12 02:23:50,2025-04-15 15:23:50
12548,19576,fedex,2025-10-18 01:00:47,2025-10-18 13:00:47
12549,19578,fedex,2025-01-21 17:13:04,2025-01-27 08:13:04
1255,1929,ups,2025-04-20 16:52:57,2025-04-22 15:52:57
12550,19580,usps,2025-11-22 01:59:02,2025-11-24 23:59:02
12551,19581,fedex,2025-09-25 01:24:13,2025-09-30 17:24:13
12552,19582,fedex,2025-09-02 22:13:23,2025-09-04 07:13:23
12553,19584,dhl,2025-09-17 08:00:10,2025-09-22 19:00:10
12554,19586,usps,2025-02-27 07:19:51,2025-03-02 19:19:51
12555,19587,dhl,2025-06-06 20:51:55,2025-06-08 07:51:55
12556,19588,usps,2025-06-29 16:55:31,2025-07-02 00:55:31
12557,19590,usps,2025-07-26 17:22:29,2025-07-29 15:22:29
12558,19592,dhl,2025-07-12 17:30:04,2025-07-14 02:30:04
12559,19594,usps,2025-08-23 13:11:35,2025-08-26 15:11:35
1256,1930,ups,2025-11-15 02:42:43,2025-11-18 21:42:43
12560,19596,fedex,2025-02-13 19:59:13,2025-02-15 20:59:13
12561,19597,dhl,2025-01-09 08:23:27,2025-01-11 12:23:27
12562,19598,usps,2025-08-05 09:54:36,2025-08-08 13:54:36
12563,19599,dhl,2025-11-01 17:09:18,2025-11-06 13:09:18
12564,19600,dhl,2025-03-27 01:15:17,\N
12565,19601,usps,2025-12-08 05:46:55,2025-12-11 15:46:55
12566,19604,dhl,2025-11-29 11:02:50,2025-12-03 04:02:50
12567,19605,ups,2025-12-09 10:24:29,2025-12-15 04:24:29
12568,19606,dhl,2025-06-19 08:08:27,2025-06-23 03:08:27
12569,19607,fedex,2025-04-24 17:21:11,2025-04-28 10:21:11
1257,1932,dhl,2025-09-14 20:07:07,2025-09-17 06:07:07
12570,19608,ups,2025-02-21 12:28:22,2025-02-25 07:28:22
12571,19609,fedex,2025-04-27 06:52:06,2025-04-29 20:52:06
12572,19610,usps,2025-02-12 05:17:56,2025-02-12 11:17:56
12573,19611,dhl,2025-11-30 02:48:12,2025-12-03 03:48:12
12574,19612,ups,2025-09-05 09:49:49,2025-09-11 02:49:49
12575,19614,usps,2025-04-22 06:08:25,2025-04-25 07:08:25
12576,19616,usps,2025-04-08 15:48:00,2025-04-08 23:48:00
12577,19618,usps,2025-04-17 09:48:08,2025-04-22 18:48:08
12578,19619,fedex,2025-08-21 09:27:10,2025-08-23 07:27:10
12579,19620,usps,2025-03-23 03:37:18,2025-03-25 04:37:18
1258,1933,ups,2025-10-31 00:17:31,2025-11-04 21:17:31
12580,19622,usps,2025-11-29 04:42:22,2025-11-30 23:42:22
12581,19623,dhl,2025-09-29 20:35:04,2025-10-01 06:35:04
12582,19625,dhl,2025-02-05 01:09:47,\N
12583,19630,fedex,2025-07-15 01:31:29,2025-07-16 19:31:29
12584,19632,fedex,2025-05-22 21:25:20,2025-05-25 07:25:20
12585,19633,dhl,2025-06-21 13:54:38,2025-06-27 06:54:38
12586,19635,usps,2025-04-28 23:58:38,2025-05-04 18:58:38
12587,19636,usps,2025-08-20 09:10:48,2025-08-22 04:10:48
12588,19637,fedex,2025-11-23 12:32:55,\N
12589,19638,fedex,2025-09-05 17:02:46,2025-09-10 07:02:46
1259,1934,ups,2025-07-14 16:27:39,2025-07-19 00:27:39
12590,19639,dhl,2025-06-12 20:34:26,2025-06-14 07:34:26
12591,19640,usps,2025-08-24 16:59:45,2025-08-29 04:59:45
12592,19643,dhl,2025-03-21 00:08:09,2025-03-25 19:08:09
12593,19644,fedex,2025-11-26 01:33:45,\N
12594,19645,usps,2025-02-24 07:32:09,2025-02-27 01:32:09
12595,19646,usps,2025-02-10 14:53:56,2025-02-11 11:53:56
12596,19647,ups,2025-06-09 16:34:52,2025-06-14 03:34:52
12597,19648,fedex,2025-12-22 15:10:49,\N
12598,19649,fedex,2025-11-21 09:29:58,2025-11-23 14:29:58
12599,19650,dhl,2025-05-01 16:48:16,2025-05-03 15:48:16
126,198,fedex,2025-01-17 20:44:24,2025-01-21 11:44:24
1260,1935,ups,2025-03-24 16:21:02,2025-03-27 18:21:02
12600,19651,ups,2025-09-24 01:52:36,2025-09-28 02:52:36
12601,19652,ups,2025-01-07 10:01:00,2025-01-11 08:01:00
12602,19653,ups,2025-06-16 01:10:38,2025-06-20 14:10:38
12603,19655,usps,2025-11-17 19:44:40,2025-11-22 09:44:40
12604,19657,fedex,2025-05-14 13:13:23,2025-05-17 18:13:23
12605,19659,ups,2025-03-21 18:58:52,2025-03-26 04:58:52
12606,19660,ups,2025-09-02 00:20:42,\N
12607,19661,fedex,2025-05-02 09:57:00,2025-05-07 06:57:00
12608,19662,fedex,2025-02-23 23:07:56,2025-02-25 15:07:56
12609,19663,ups,2025-10-08 09:22:23,2025-10-12 13:22:23
1261,1936,fedex,2025-10-15 12:05:18,2025-10-17 10:05:18
12610,19667,ups,2025-02-20 20:57:05,2025-02-21 14:57:05
12611,19668,fedex,2025-01-30 00:15:49,2025-02-02 14:15:49
12612,19671,dhl,2025-07-28 01:12:44,\N
12613,19675,dhl,2025-10-28 21:03:15,2025-10-30 00:03:15
12614,19676,fedex,2025-09-30 18:50:12,2025-10-03 02:50:12
12615,19678,usps,2025-05-11 09:22:11,2025-05-13 19:22:11
12616,19680,usps,2025-03-09 05:31:30,2025-03-12 12:31:30
12617,19681,usps,2025-02-03 20:30:51,2025-02-09 08:30:51
12618,19683,ups,2025-05-09 14:09:44,2025-05-13 12:09:44
12619,19685,dhl,2025-01-19 10:03:58,2025-01-20 22:03:58
1262,1938,fedex,2025-07-18 07:23:12,2025-07-20 14:23:12
12620,19686,dhl,2025-08-19 23:52:07,2025-08-20 20:52:07
12621,19687,ups,2025-04-14 01:11:11,2025-04-15 20:11:11
12622,19691,ups,2025-02-20 19:03:14,2025-02-22 23:03:14
12623,19694,ups,2025-03-23 19:50:27,2025-03-26 14:50:27
12624,19698,ups,2025-01-05 12:03:11,2025-01-06 16:03:11
12625,19699,ups,2025-07-02 15:14:07,2025-07-04 00:14:07
12626,19700,dhl,2025-06-01 08:22:20,2025-06-02 13:22:20
12627,19701,fedex,2025-01-01 21:05:55,2025-01-05 15:05:55
12628,19702,usps,2025-10-01 09:01:14,2025-10-05 22:01:14
12629,19703,dhl,2025-07-12 20:30:07,2025-07-17 08:30:07
1263,1941,dhl,2025-07-13 01:22:07,2025-07-14 06:22:07
12630,19705,ups,2025-02-02 11:13:38,\N
12631,19706,usps,2025-01-02 16:22:52,2025-01-06 08:22:52
12632,19707,usps,2025-10-25 04:21:19,2025-10-28 21:21:19
12633,19709,usps,2025-02-22 20:46:18,2025-02-25 14:46:18
12634,19710,dhl,2025-05-06 17:10:01,2025-05-12 06:10:01
12635,19711,dhl,2025-10-01 17:13:50,2025-10-03 20:13:50
12636,19712,dhl,2025-05-08 21:09:16,2025-05-09 03:09:16
12637,19713,usps,2025-12-03 12:07:54,2025-12-05 18:07:54
12638,19714,usps,2025-08-27 06:58:33,2025-09-01 08:58:33
12639,19717,fedex,2025-11-19 04:32:32,2025-11-24 10:32:32
1264,1942,dhl,2025-04-08 21:13:27,2025-04-12 04:13:27
12640,19718,dhl,2025-12-06 08:16:06,2025-12-08 15:16:06
12641,19719,usps,2025-03-14 23:54:53,2025-03-18 07:54:53
12642,19725,usps,2025-03-31 05:45:47,2025-04-01 17:45:47
12643,19726,dhl,2025-07-20 08:39:38,2025-07-22 06:39:38
12644,19727,dhl,2025-05-08 03:32:12,2025-05-10 15:32:12
12645,19732,ups,2025-07-29 13:17:53,2025-07-31 03:17:53
12646,19734,dhl,2025-05-25 16:01:02,2025-05-31 10:01:02
12647,19736,dhl,2025-04-11 20:51:51,2025-04-16 13:51:51
12648,19738,dhl,2025-12-24 18:12:27,2025-12-29 21:12:27
12649,19739,ups,2025-06-02 01:27:52,2025-06-02 20:27:52
1265,1943,dhl,2025-02-06 02:21:24,2025-02-10 08:21:24
12650,19741,usps,2025-07-20 05:17:37,2025-07-21 09:17:37
12651,19743,fedex,2025-04-26 06:12:25,2025-04-30 23:12:25
12652,19744,usps,2025-12-17 21:43:22,2025-12-22 05:43:22
12653,19746,ups,2025-07-17 01:23:44,\N
12654,19747,fedex,2025-04-16 00:11:55,2025-04-18 15:11:55
12655,19748,ups,2025-01-29 16:17:55,2025-02-02 17:17:55
12656,19749,ups,2025-11-13 22:34:05,2025-11-17 10:34:05
12657,19750,usps,2025-07-31 19:07:01,2025-08-01 22:07:01
12658,19751,usps,2025-10-30 13:59:23,2025-11-05 04:59:23
12659,19753,fedex,2025-09-20 06:32:00,2025-09-24 12:32:00
1266,1946,ups,2025-11-26 00:36:42,2025-11-28 23:36:42
12660,19754,ups,2025-06-14 05:56:32,2025-06-17 08:56:32
12661,19756,ups,2025-10-30 03:23:46,2025-11-04 21:23:46
12662,19757,dhl,2025-03-10 04:04:24,2025-03-12 09:04:24
12663,19758,usps,2025-10-10 09:12:49,2025-10-14 19:12:49
12664,19760,usps,2025-02-10 01:03:34,2025-02-11 16:03:34
12665,19761,fedex,2025-12-11 04:03:44,2025-12-14 15:03:44
12666,19762,fedex,2025-06-06 16:01:56,2025-06-10 07:01:56
12667,19764,fedex,2025-02-08 10:47:57,2025-02-14 02:47:57
12668,19766,ups,2025-08-05 05:33:10,2025-08-09 02:33:10
12669,19768,ups,2025-06-16 04:29:57,2025-06-20 19:29:57
1267,1947,dhl,2025-05-09 06:27:43,2025-05-10 22:27:43
12670,19770,ups,2025-07-18 08:55:11,2025-07-23 00:55:11
12671,19771,ups,2025-11-27 13:42:50,2025-11-29 23:42:50
12672,19772,dhl,2025-04-04 23:45:11,2025-04-07 02:45:11
12673,19774,ups,2025-10-24 01:11:46,2025-10-26 19:11:46
12674,19777,fedex,2025-01-20 04:08:19,2025-01-22 15:08:19
12675,19778,fedex,2025-06-02 21:40:12,2025-06-04 00:40:12
12676,19780,fedex,2025-09-26 00:44:20,2025-09-26 11:44:20
12677,19782,dhl,2025-01-08 15:29:18,2025-01-12 11:29:18
12678,19783,ups,2025-06-02 01:07:38,2025-06-05 22:07:38
12679,19784,ups,2025-11-23 08:05:54,2025-11-26 04:05:54
1268,1948,usps,2025-05-06 22:59:32,2025-05-12 11:59:32
12680,19787,usps,2025-02-10 19:14:15,2025-02-14 08:14:15
12681,19788,dhl,2025-12-24 14:54:06,2025-12-27 07:54:06
12682,19791,fedex,2025-10-18 14:56:34,2025-10-23 04:56:34
12683,19792,dhl,2025-08-19 22:58:41,2025-08-23 05:58:41
12684,19793,fedex,2025-03-21 21:36:48,2025-03-27 13:36:48
12685,19794,fedex,2025-11-21 12:47:59,2025-11-21 22:47:59
12686,19796,ups,2025-08-29 22:03:45,2025-09-03 03:03:45
12687,19797,usps,2025-10-16 13:49:34,2025-10-21 15:49:34
12688,19798,usps,2025-02-20 21:42:52,2025-02-21 14:42:52
12689,19799,dhl,2025-07-08 11:23:47,2025-07-08 23:23:47
1269,1953,dhl,2025-04-21 14:28:54,2025-04-21 20:28:54
12690,19800,fedex,2025-08-10 11:38:11,2025-08-14 06:38:11
12691,19801,dhl,2025-04-14 12:10:12,2025-04-16 13:10:12
12692,19802,ups,2025-11-15 14:07:36,2025-11-19 16:07:36
12693,19804,ups,2025-08-04 12:42:12,2025-08-08 08:42:12
12694,19805,dhl,2025-10-22 05:42:45,\N
12695,19807,ups,2025-06-05 06:40:20,2025-06-05 16:40:20
12696,19808,ups,2025-08-11 04:53:36,2025-08-16 03:53:36
12697,19810,usps,2025-05-30 10:21:23,2025-06-01 19:21:23
12698,19815,dhl,2025-02-17 00:35:17,2025-02-21 18:35:17
12699,19816,fedex,2025-11-22 06:09:41,2025-11-26 18:09:41
127,200,ups,2025-06-26 06:50:58,2025-06-29 23:50:58
1270,1954,usps,2025-03-22 08:33:18,2025-03-22 17:33:18
12700,19817,dhl,2025-10-31 19:13:39,2025-11-03 20:13:39
12701,19818,fedex,2025-06-28 03:29:37,2025-06-30 09:29:37
12702,19819,usps,2025-06-28 19:32:49,2025-07-02 03:32:49
12703,19820,ups,2025-03-02 12:16:13,2025-03-03 23:16:13
12704,19821,dhl,2025-07-16 07:49:44,\N
12705,19822,ups,2025-11-27 04:01:47,2025-11-30 05:01:47
12706,19823,usps,2025-09-28 13:44:19,2025-10-03 22:44:19
12707,19824,usps,2025-06-30 06:55:55,2025-07-02 02:55:55
12708,19825,dhl,2025-08-18 00:43:41,2025-08-20 18:43:41
12709,19826,usps,2025-07-02 20:40:32,\N
1271,1959,fedex,2025-07-13 14:07:44,2025-07-14 01:07:44
12710,19827,usps,2025-09-06 22:54:02,2025-09-09 00:54:02
12711,19828,ups,2025-03-22 13:31:28,2025-03-26 07:31:28
12712,19830,dhl,2025-03-30 12:02:10,2025-04-03 08:02:10
12713,19831,usps,2025-11-22 16:40:18,2025-11-23 02:40:18
12714,19832,ups,2025-06-09 20:08:40,2025-06-12 06:08:40
12715,19834,fedex,2025-08-07 01:54:52,2025-08-12 12:54:52
12716,19836,fedex,2025-01-17 08:36:08,2025-01-22 17:36:08
12717,19839,usps,2025-06-27 13:36:55,2025-06-30 06:36:55
12718,19840,fedex,2025-03-29 01:56:22,2025-03-29 22:56:22
12719,19841,ups,2025-12-16 13:20:07,2025-12-17 05:20:07
1272,1960,fedex,2025-06-03 09:41:16,2025-06-06 22:41:16
12720,19842,dhl,2025-03-29 10:23:36,2025-04-03 00:23:36
12721,19844,fedex,2025-05-07 10:18:15,2025-05-12 22:18:15
12722,19845,usps,2025-12-12 06:24:24,2025-12-17 18:24:24
12723,19846,usps,2025-05-01 12:08:42,2025-05-06 05:08:42
12724,19847,usps,2025-01-16 16:47:40,2025-01-18 20:47:40
12725,19848,ups,2025-02-15 01:12:59,2025-02-19 22:12:59
12726,19849,fedex,2025-09-21 17:20:59,2025-09-26 13:20:59
12727,19850,fedex,2025-03-10 17:36:51,2025-03-11 19:36:51
12728,19851,dhl,2025-04-11 07:42:24,2025-04-14 11:42:24
12729,19853,dhl,2025-07-04 03:57:20,2025-07-07 10:57:20
1273,1962,dhl,2025-01-30 13:41:09,\N
12730,19855,fedex,2025-06-20 01:29:16,2025-06-24 08:29:16
12731,19856,usps,2025-05-24 08:22:29,2025-05-26 04:22:29
12732,19857,fedex,2025-04-18 14:54:11,2025-04-20 04:54:11
12733,19863,ups,2025-04-09 06:43:35,2025-04-14 12:43:35
12734,19864,dhl,2025-05-26 12:07:34,2025-05-30 00:07:34
12735,19865,ups,2025-03-17 14:32:48,2025-03-20 09:32:48
12736,19868,fedex,2025-02-14 06:10:07,\N
12737,19869,dhl,2025-06-28 04:14:49,2025-07-02 10:14:49
12738,19870,usps,2025-03-29 00:13:57,2025-04-03 08:13:57
12739,19871,fedex,2025-04-27 04:29:10,2025-04-29 16:29:10
1274,1963,usps,2025-06-22 02:15:39,2025-06-25 19:15:39
12740,19873,ups,2025-02-10 19:25:47,\N
12741,19874,dhl,2025-01-10 21:58:09,2025-01-15 01:58:09
12742,19876,fedex,2025-04-06 13:06:44,2025-04-07 12:06:44
12743,19877,usps,2025-11-14 15:24:46,2025-11-18 17:24:46
12744,19878,ups,2025-06-13 11:13:11,2025-06-17 01:13:11
12745,19881,ups,2025-09-17 13:19:05,2025-09-21 01:19:05
12746,19882,fedex,2025-03-13 13:05:40,2025-03-18 16:05:40
12747,19883,ups,2025-01-21 00:22:39,2025-01-23 05:22:39
12748,19885,usps,2025-06-02 23:08:59,2025-06-08 09:08:59
12749,19886,ups,2025-09-09 14:26:05,2025-09-10 12:26:05
1275,1965,fedex,2025-06-01 16:19:01,2025-06-03 06:19:01
12750,19887,usps,2025-02-15 08:24:24,2025-02-19 22:24:24
12751,19888,usps,2025-12-12 00:32:39,2025-12-17 16:32:39
12752,19894,usps,2025-11-20 13:38:11,2025-11-25 18:38:11
12753,19895,ups,2025-05-25 03:30:07,2025-05-30 14:30:07
12754,19896,dhl,2025-10-08 01:28:14,2025-10-11 20:28:14
12755,19900,usps,2025-10-24 15:25:38,2025-10-29 15:25:38
12756,19901,fedex,2025-06-06 16:08:10,2025-06-12 09:08:10
12757,19902,ups,2025-02-20 04:23:03,2025-02-22 22:23:03
12758,19906,fedex,2025-10-13 02:03:39,2025-10-18 13:03:39
12759,19907,usps,2025-11-30 18:43:44,2025-12-02 22:43:44
1276,1968,usps,2025-05-29 05:21:57,\N
12760,19909,fedex,2025-09-14 04:22:06,2025-09-16 18:22:06
12761,19910,fedex,2025-06-16 11:52:08,2025-06-21 07:52:08
12762,19913,usps,2026-01-01 17:55:48,2025-12-31 23:59:59
12763,19914,ups,2025-01-23 03:09:41,2025-01-28 15:09:41
12764,19915,dhl,2025-11-10 00:15:21,2025-11-11 22:15:21
12765,19918,dhl,2025-11-14 23:52:45,2025-11-18 14:52:45
12766,19919,fedex,2025-01-25 14:14:07,\N
12767,19921,fedex,2025-02-14 04:42:09,2025-02-17 19:42:09
12768,19922,usps,2025-02-02 20:10:08,2025-02-05 11:10:08
12769,19923,dhl,2025-06-07 04:57:52,2025-06-10 23:57:52
1277,1969,usps,2025-04-04 23:10:50,2025-04-09 03:10:50
12770,19924,ups,2025-10-09 21:32:11,2025-10-14 11:32:11
12771,19925,dhl,2025-05-03 09:43:10,2025-05-07 11:43:10
12772,19926,ups,2025-01-29 04:49:18,\N
12773,19927,dhl,2025-06-18 01:45:10,2025-06-22 13:45:10
12774,19928,dhl,2025-11-12 00:03:39,2025-11-16 11:03:39
12775,19931,fedex,2025-06-10 15:53:13,2025-06-14 20:53:13
12776,19933,usps,2025-02-28 03:09:16,2025-03-01 10:09:16
12777,19935,dhl,2025-11-05 21:04:47,2025-11-07 13:04:47
12778,19937,fedex,2025-03-15 21:27:10,2025-03-21 00:27:10
12779,19938,fedex,2025-11-12 20:19:23,2025-11-18 10:19:23
1278,1970,usps,2025-06-18 14:24:26,2025-06-22 13:24:26
12780,19939,ups,2025-02-05 21:34:40,2025-02-08 11:34:40
12781,19941,usps,2025-12-11 03:48:25,2025-12-15 13:48:25
12782,19943,dhl,2025-01-17 01:11:35,2025-01-20 11:11:35
12783,19944,fedex,2025-07-24 19:51:35,2025-07-28 19:51:35
12784,19947,dhl,2025-11-11 20:35:47,2025-11-13 17:35:47
12785,19948,fedex,2025-10-29 17:17:57,2025-11-02 16:17:57
12786,19949,dhl,2025-02-23 17:35:33,2025-02-28 13:35:33
12787,19950,ups,2025-02-13 07:35:56,2025-02-14 23:35:56
12788,19952,dhl,2025-03-25 07:36:43,2025-03-25 19:36:43
12789,19953,usps,2025-05-17 16:46:27,2025-05-21 10:46:27
1279,1971,ups,2025-09-12 10:34:50,2025-09-16 03:34:50
12790,19954,ups,2025-08-16 06:43:48,2025-08-19 23:43:48
12791,19955,ups,2025-01-17 19:09:19,2025-01-18 18:09:19
12792,19956,fedex,2025-03-11 21:42:14,2025-03-13 06:42:14
12793,19958,ups,2025-04-05 14:18:18,2025-04-07 20:18:18
12794,19959,fedex,2025-04-19 15:34:53,2025-04-22 20:34:53
12795,19960,ups,2025-10-27 23:31:36,2025-10-30 01:31:36
12796,19961,usps,2025-12-22 15:56:33,2025-12-25 01:56:33
12797,19962,dhl,2025-02-15 14:46:48,2025-02-17 08:46:48
12798,19963,ups,2025-08-30 13:10:37,2025-08-31 03:10:37
12799,19965,fedex,2025-06-16 11:37:47,2025-06-21 20:37:47
128,202,ups,2025-05-09 04:09:30,2025-05-09 10:09:30
1280,1972,fedex,2025-12-02 16:01:19,2025-12-04 17:01:19
12800,19968,ups,2025-11-10 09:00:02,2025-11-14 16:00:02
12801,19969,usps,2025-11-15 23:26:25,2025-11-16 15:26:25
12802,19970,dhl,2025-05-31 03:53:52,2025-06-02 12:53:52
12803,19972,dhl,2025-01-09 14:03:31,\N
12804,19973,usps,2025-05-30 06:51:59,2025-06-01 03:51:59
12805,19979,dhl,2025-04-11 12:10:46,2025-04-12 20:10:46
12806,19980,dhl,2025-01-23 06:58:17,2025-01-23 13:58:17
12807,19981,ups,2025-12-01 20:27:50,2025-12-03 21:27:50
12808,19982,usps,2025-04-13 06:44:07,2025-04-16 21:44:07
12809,19983,dhl,2025-03-26 07:23:13,2025-03-28 08:23:13
1281,1973,usps,2025-01-09 02:57:03,\N
12810,19987,usps,2025-09-22 13:16:38,2025-09-27 11:16:38
12811,19991,usps,2025-02-18 11:57:04,2025-02-19 17:57:04
12812,19992,usps,2025-08-30 06:29:26,2025-09-04 20:29:26
12813,19993,dhl,2026-01-01 14:48:19,2025-12-31 23:59:59
12814,19995,dhl,2025-12-13 21:05:37,2025-12-14 20:05:37
12815,19997,fedex,2025-08-25 23:44:09,2025-08-26 20:44:09
12816,19999,fedex,2025-03-19 01:06:17,2025-03-19 23:06:17
12817,20000,fedex,2025-01-05 23:25:54,2025-01-07 18:25:54
1282,1974,ups,2025-11-04 06:58:30,2025-11-09 16:58:30
1283,1975,ups,2025-02-11 16:34:14,2025-02-12 19:34:14
1284,1976,ups,2025-09-07 17:45:00,2025-09-08 17:45:00
1285,1978,ups,2025-05-06 07:51:22,2025-05-07 17:51:22
1286,1981,fedex,2025-07-19 01:21:58,2025-07-19 16:21:58
1287,1985,ups,2025-02-11 07:44:57,2025-02-13 14:44:57
1288,1986,fedex,2025-08-27 19:33:04,2025-08-28 09:33:04
1289,1988,usps,2025-11-29 05:29:37,2025-12-04 00:29:37
129,203,usps,2025-06-20 18:00:29,2025-06-22 22:00:29
1290,1989,fedex,2025-09-04 05:42:10,2025-09-07 15:42:10
1291,1990,usps,2025-05-09 19:52:47,2025-05-13 23:52:47
1292,1993,ups,2025-08-13 21:41:00,2025-08-18 01:41:00
1293,1994,dhl,2025-08-06 12:28:14,2025-08-06 21:28:14
1294,1997,dhl,2025-12-04 02:34:12,\N
1295,1998,dhl,2025-12-14 01:26:47,2025-12-19 17:26:47
1296,1999,ups,2025-05-10 19:35:18,2025-05-15 07:35:18
1297,2000,dhl,2025-06-25 04:34:37,2025-06-26 18:34:37
1298,2003,dhl,2025-02-19 03:23:34,2025-02-24 15:23:34
1299,2006,dhl,2025-06-18 21:11:16,2025-06-24 03:11:16
13,21,fedex,2025-04-24 03:42:49,2025-04-27 05:42:49
130,204,usps,2025-04-12 15:55:26,2025-04-13 09:55:26
1300,2008,usps,2025-10-14 18:21:36,2025-10-18 09:21:36
1301,2010,fedex,2025-08-21 19:57:10,2025-08-25 07:57:10
1302,2011,usps,2025-07-01 17:42:39,2025-07-03 19:42:39
1303,2012,fedex,2025-10-02 13:26:37,2025-10-03 09:26:37
1304,2013,fedex,2025-06-29 14:44:08,2025-07-02 01:44:08
1305,2014,ups,2025-07-15 00:16:20,\N
1306,2016,ups,2025-07-30 01:54:18,2025-07-30 09:54:18
1307,2017,dhl,2025-07-24 19:02:20,2025-07-29 08:02:20
1308,2018,dhl,2025-07-11 04:45:43,2025-07-16 15:45:43
1309,2020,usps,2025-02-13 23:36:32,2025-02-16 16:36:32
131,205,usps,2025-09-08 20:42:25,\N
1310,2021,dhl,2025-03-22 20:50:44,2025-03-26 05:50:44
1311,2022,dhl,2025-10-04 03:03:22,2025-10-07 20:03:22
1312,2023,dhl,2025-11-18 09:08:10,2025-11-23 02:08:10
1313,2024,ups,2025-07-11 23:44:46,2025-07-13 03:44:46
1314,2025,fedex,2025-10-30 23:50:06,2025-11-02 16:50:06
1315,2027,fedex,2025-03-14 23:44:22,2025-03-20 09:44:22
1316,2029,ups,2025-07-20 07:07:26,2025-07-23 15:07:26
1317,2030,fedex,2025-11-26 06:45:46,2025-11-28 16:45:46
1318,2031,ups,2025-06-06 22:55:01,2025-06-11 03:55:01
1319,2033,dhl,2025-12-02 14:38:24,2025-12-07 14:38:24
132,208,ups,2025-01-16 00:59:02,2025-01-16 11:59:02
1320,2036,dhl,2025-01-16 06:11:57,2025-01-21 15:11:57
1321,2037,ups,2025-10-23 21:23:26,2025-10-27 18:23:26
1322,2038,dhl,2025-01-10 07:24:58,2025-01-11 09:24:58
1323,2039,dhl,2025-02-08 14:06:15,2025-02-11 02:06:15
1324,2041,fedex,2025-11-05 10:11:20,2025-11-10 04:11:20
1325,2043,dhl,2025-12-17 12:45:57,2025-12-23 04:45:57
1326,2046,usps,2025-03-26 08:00:52,2025-03-31 11:00:52
1327,2048,fedex,2025-05-27 09:25:16,2025-05-27 15:25:16
1328,2049,dhl,2025-11-12 15:28:10,2025-11-14 23:28:10
1329,2052,dhl,2025-08-02 01:02:30,\N
133,209,dhl,2025-06-30 05:18:30,2025-07-01 20:18:30
1330,2057,dhl,2025-04-19 14:28:34,2025-04-23 13:28:34
1331,2058,ups,2025-09-16 13:29:42,2025-09-16 21:29:42
1332,2060,usps,2025-05-31 09:43:53,2025-06-01 12:43:53
1333,2061,ups,2025-01-16 17:13:02,2025-01-19 13:13:02
1334,2065,dhl,2025-12-18 08:45:53,2025-12-19 23:45:53
1335,2066,ups,2025-08-23 09:40:45,2025-08-25 15:40:45
1336,2067,usps,2025-02-28 15:57:15,2025-03-03 18:57:15
1337,2069,fedex,2025-11-30 09:12:52,2025-12-02 02:12:52
1338,2070,dhl,2025-06-13 18:11:11,2025-06-16 09:11:11
1339,2071,fedex,2025-11-24 18:25:21,2025-11-25 06:25:21
134,210,usps,2025-02-12 09:49:40,2025-02-15 21:49:40
1340,2072,fedex,2025-12-19 11:21:57,2025-12-24 03:21:57
1341,2074,ups,2025-04-09 23:08:55,2025-04-10 15:08:55
1342,2075,ups,2025-12-21 07:45:37,2025-12-22 16:45:37
1343,2076,usps,2025-08-30 08:05:30,2025-09-03 22:05:30
1344,2078,dhl,2025-07-14 02:12:17,2025-07-15 10:12:17
1345,2079,usps,2025-05-30 23:01:08,2025-05-31 20:01:08
1346,2080,dhl,2025-02-05 10:07:28,2025-02-07 17:07:28
1347,2081,usps,2025-03-31 20:38:52,2025-04-06 08:38:52
1348,2082,dhl,2025-06-26 12:19:39,2025-06-30 09:19:39
1349,2083,ups,2025-08-12 20:58:42,2025-08-16 10:58:42
135,211,ups,2025-01-09 05:59:06,2025-01-12 01:59:06
1350,2084,ups,2025-04-25 09:20:13,2025-04-25 20:20:13
1351,2085,usps,2025-08-29 17:46:57,2025-09-04 11:46:57
1352,2087,ups,2025-07-09 13:50:32,2025-07-15 07:50:32
1353,2088,ups,2025-04-06 21:33:17,2025-04-10 18:33:17
1354,2089,dhl,2025-09-15 21:34:57,\N
1355,2092,dhl,2025-11-26 17:42:02,2025-11-27 05:42:02
1356,2093,usps,2025-04-10 18:11:22,2025-04-15 15:11:22
1357,2094,fedex,2025-10-07 18:39:08,2025-10-12 22:39:08
1358,2095,fedex,2025-05-06 21:05:24,2025-05-09 06:05:24
1359,2096,usps,2025-06-09 22:21:19,2025-06-13 09:21:19
136,214,ups,2025-01-03 21:13:41,2025-01-05 22:13:41
1360,2097,usps,2025-11-18 01:08:28,2025-11-22 06:08:28
1361,2102,fedex,2025-12-02 19:13:55,2025-12-07 05:13:55
1362,2103,fedex,2025-11-05 14:11:48,2025-11-08 11:11:48
1363,2104,fedex,2025-02-11 01:54:04,\N
1364,2106,ups,2025-04-25 11:39:00,2025-04-29 07:39:00
1365,2107,dhl,2025-07-22 08:04:10,\N
1366,2108,fedex,2025-05-01 19:58:42,2025-05-02 12:58:42
1367,2109,usps,2025-07-01 13:21:17,2025-07-05 07:21:17
1368,2111,ups,2025-06-19 00:05:59,2025-06-22 11:05:59
1369,2112,usps,2025-05-22 10:20:52,2025-05-27 02:20:52
137,216,dhl,2025-08-10 11:14:47,2025-08-15 15:14:47
1370,2113,ups,2025-03-10 09:54:47,2025-03-10 21:54:47
1371,2114,fedex,2025-10-05 10:31:13,2025-10-10 06:31:13
1372,2115,ups,2025-02-10 18:28:01,\N
1373,2116,fedex,2025-08-17 11:28:46,2025-08-19 23:28:46
1374,2119,fedex,2025-06-24 13:04:02,2025-06-28 00:04:02
1375,2120,ups,2025-09-14 00:25:51,2025-09-17 13:25:51
1376,2122,fedex,2025-02-04 04:59:29,2025-02-07 20:59:29
1377,2124,fedex,2025-01-01 14:08:57,2025-01-02 06:08:57
1378,2126,dhl,2025-11-17 13:30:56,2025-11-22 23:30:56
1379,2127,ups,2025-08-27 05:49:01,2025-09-01 06:49:01
138,217,ups,2025-05-31 03:53:09,2025-06-03 16:53:09
1380,2128,ups,2025-09-19 04:15:37,2025-09-23 20:15:37
1381,2129,ups,2025-04-23 06:15:35,\N
1382,2130,usps,2025-12-24 08:22:36,2025-12-25 01:22:36
1383,2132,ups,2025-03-14 08:05:30,2025-03-16 05:05:30
1384,2135,dhl,2025-08-20 13:37:11,\N
1385,2136,ups,2025-05-29 23:39:17,\N
1386,2138,usps,2025-01-01 16:07:02,2025-01-07 11:07:02
1387,2139,dhl,2025-10-26 23:05:58,2025-10-28 10:05:58
1388,2141,ups,2025-04-17 21:37:36,\N
1389,2142,ups,2025-11-03 05:50:44,2025-11-04 12:50:44
139,219,ups,2025-04-21 12:46:55,2025-04-23 02:46:55
1390,2143,fedex,2025-09-10 09:01:44,2025-09-14 13:01:44
1391,2146,ups,2025-04-19 03:56:40,2025-04-19 09:56:40
1392,2147,usps,2025-03-07 16:16:18,2025-03-08 03:16:18
1393,2148,fedex,2025-05-31 15:32:32,2025-06-03 06:32:32
1394,2149,dhl,2025-01-06 00:24:29,2025-01-07 00:24:29
1395,2150,ups,2025-10-01 18:57:20,2025-10-07 13:57:20
1396,2151,dhl,2025-07-30 02:23:56,2025-08-02 15:23:56
1397,2153,fedex,2025-01-06 02:55:14,2025-01-11 00:55:14
1398,2154,dhl,2025-11-05 21:27:40,2025-11-07 19:27:40
1399,2155,fedex,2025-05-16 07:14:41,2025-05-17 19:14:41
14,22,dhl,2025-02-08 13:35:24,2025-02-10 09:35:24
140,222,dhl,2025-01-27 10:22:28,2025-01-31 14:22:28
1400,2156,fedex,2025-01-10 07:17:48,2025-01-14 03:17:48
1401,2157,ups,2025-06-13 22:16:56,2025-06-18 14:16:56
1402,2160,ups,2025-09-16 00:36:08,2025-09-16 23:36:08
1403,2162,usps,2025-06-29 01:47:16,2025-07-03 02:47:16
1404,2163,dhl,2025-07-01 13:26:47,\N
1405,2165,ups,2025-09-14 14:46:50,2025-09-16 15:46:50
1406,2166,fedex,2025-04-19 14:00:29,2025-04-24 12:00:29
1407,2168,dhl,2025-04-28 18:07:52,2025-05-01 23:07:52
1408,2169,ups,2025-01-29 17:12:00,2025-01-30 13:12:00
1409,2170,fedex,2025-01-12 00:51:30,2025-01-16 21:51:30
141,223,usps,2025-10-20 22:48:02,2025-10-24 05:48:02
1410,2171,fedex,2025-03-08 04:23:43,\N
1411,2172,usps,2025-10-04 10:04:51,2025-10-07 19:04:51
1412,2173,usps,2025-09-12 18:07:33,2025-09-17 04:07:33
1413,2175,dhl,2025-09-18 05:12:00,2025-09-23 14:12:00
1414,2176,ups,2025-09-04 01:40:28,2025-09-05 02:40:28
1415,2177,ups,2025-07-25 02:51:34,2025-07-27 04:51:34
1416,2178,fedex,2025-09-17 23:15:26,2025-09-21 21:15:26
1417,2179,dhl,2025-01-26 10:32:38,2025-01-29 08:32:38
1418,2182,ups,2025-09-25 21:13:45,2025-09-26 23:13:45
1419,2183,fedex,2025-02-03 05:45:11,2025-02-05 09:45:11
142,224,usps,2025-06-23 05:11:14,2025-06-26 21:11:14
1420,2185,dhl,2025-08-22 21:20:49,2025-08-25 03:20:49
1421,2187,dhl,2025-12-26 14:53:26,2025-12-30 00:53:26
1422,2188,fedex,2025-02-25 20:25:00,2025-02-26 11:25:00
1423,2189,ups,2025-09-13 17:43:47,2025-09-19 04:43:47
1424,2190,usps,2025-12-01 20:09:54,2025-12-04 19:09:54
1425,2195,dhl,2025-03-25 06:38:21,2025-03-28 11:38:21
1426,2197,ups,2025-07-11 15:17:37,2025-07-17 09:17:37
1427,2198,usps,2025-06-20 09:41:19,2025-06-23 04:41:19
1428,2201,usps,2025-08-13 00:25:01,2025-08-17 17:25:01
1429,2202,fedex,2025-07-20 10:11:25,2025-07-24 09:11:25
143,225,dhl,2025-09-22 15:23:45,2025-09-25 21:23:45
1430,2203,ups,2025-09-14 23:18:29,\N
1431,2204,fedex,2025-10-24 12:06:14,2025-10-29 07:06:14
1432,2206,dhl,2025-07-31 11:51:32,2025-08-03 13:51:32
1433,2210,fedex,2025-06-28 21:34:59,2025-07-04 04:34:59
1434,2212,ups,2025-10-02 09:14:00,2025-10-04 00:14:00
1435,2214,usps,2025-02-14 03:09:23,2025-02-16 00:09:23
1436,2218,ups,2025-12-17 19:35:39,2025-12-20 19:35:39
1437,2219,ups,2025-01-27 19:27:06,2025-01-30 23:27:06
1438,2220,dhl,2025-02-03 07:45:24,2025-02-06 23:45:24
1439,2221,usps,2025-10-14 19:26:20,2025-10-16 03:26:20
144,226,usps,2025-09-19 21:11:30,2025-09-20 10:11:30
1440,2222,dhl,2025-10-18 09:09:37,2025-10-19 22:09:37
1441,2223,dhl,2025-05-29 00:48:31,2025-06-03 03:48:31
1442,2224,dhl,2025-11-14 02:45:41,2025-11-19 06:45:41
1443,2225,fedex,2025-03-27 01:04:27,2025-04-01 01:04:27
1444,2226,ups,2025-12-19 09:28:18,2025-12-25 01:28:18
1445,2227,ups,2025-08-17 17:29:45,2025-08-19 23:29:45
1446,2228,dhl,2025-03-30 07:44:09,2025-04-02 21:44:09
1447,2229,fedex,2025-03-23 06:08:48,\N
1448,2230,fedex,2025-05-25 17:01:09,2025-05-29 12:01:09
1449,2231,ups,2025-11-13 13:29:23,2025-11-17 06:29:23
145,228,ups,2025-05-31 08:55:30,2025-06-03 20:55:30
1450,2234,usps,2025-11-28 11:33:06,2025-11-29 09:33:06
1451,2235,fedex,2025-12-23 15:33:40,2025-12-27 21:33:40
1452,2236,usps,2025-08-23 03:11:30,2025-08-27 22:11:30
1453,2237,fedex,2025-04-16 06:35:58,2025-04-18 20:35:58
1454,2238,ups,2025-05-22 14:37:24,\N
1455,2240,ups,2025-08-11 22:37:58,2025-08-15 15:37:58
1456,2242,dhl,2025-02-05 23:23:49,2025-02-07 05:23:49
1457,2243,fedex,2025-02-23 01:17:21,2025-02-24 19:17:21
1458,2244,dhl,2025-02-25 04:50:10,2025-02-26 09:50:10
1459,2245,fedex,2025-03-26 13:21:34,2025-03-29 02:21:34
146,229,usps,2025-10-24 17:36:28,\N
1460,2247,fedex,2025-05-24 11:44:41,2025-05-29 06:44:41
1461,2251,fedex,2025-03-18 13:28:22,\N
1462,2253,fedex,2025-08-05 20:13:28,2025-08-10 00:13:28
1463,2254,usps,2025-05-10 09:48:16,2025-05-13 17:48:16
1464,2255,ups,2025-11-01 02:10:58,2025-11-05 00:10:58
1465,2256,usps,2025-05-06 04:09:16,2025-05-07 05:09:16
1466,2257,usps,2025-11-12 22:38:54,\N
1467,2258,fedex,2025-05-27 07:14:30,2025-05-28 18:14:30
1468,2260,ups,2025-10-01 08:57:32,2025-10-04 22:57:32
1469,2261,fedex,2025-09-02 03:55:20,2025-09-05 02:55:20
147,230,usps,2025-05-24 21:28:29,2025-05-26 08:28:29
1470,2262,fedex,2025-08-29 19:01:38,2025-09-04 01:01:38
1471,2263,ups,2025-04-25 08:56:28,2025-04-29 12:56:28
1472,2266,ups,2025-10-27 22:14:35,\N
1473,2268,ups,2025-03-08 16:46:34,2025-03-09 02:46:34
1474,2270,usps,2025-11-06 22:32:42,2025-11-10 08:32:42
1475,2271,usps,2025-03-10 18:09:47,2025-03-12 14:09:47
1476,2272,usps,2025-03-13 01:54:07,2025-03-14 16:54:07
1477,2273,fedex,2025-11-08 09:29:21,2025-11-10 19:29:21
1478,2274,ups,2025-12-19 04:44:12,2025-12-24 01:44:12
1479,2275,dhl,2025-09-14 10:25:44,\N
148,231,dhl,2025-03-25 16:52:48,\N
1480,2277,ups,2025-12-11 14:55:42,2025-12-13 10:55:42
1481,2278,fedex,2025-11-16 01:33:47,2025-11-17 16:33:47
1482,2279,fedex,2025-10-25 04:32:49,2025-10-26 08:32:49
1483,2280,dhl,2025-03-13 08:45:08,2025-03-18 05:45:08
1484,2281,usps,2025-03-02 13:09:34,2025-03-07 21:09:34
1485,2282,ups,2025-05-15 21:20:56,2025-05-17 19:20:56
1486,2284,usps,2025-11-13 00:55:44,\N
1487,2285,fedex,2025-01-21 16:51:51,2025-01-23 20:51:51
1488,2287,usps,2025-07-11 12:07:39,2025-07-14 21:07:39
1489,2288,usps,2025-06-27 17:38:47,2025-07-01 01:38:47
149,232,ups,2025-04-21 14:43:26,2025-04-27 03:43:26
1490,2289,dhl,2025-07-29 04:39:01,2025-08-02 08:39:01
1491,2290,dhl,2025-10-17 08:41:04,2025-10-20 14:41:04
1492,2291,dhl,2025-03-24 08:53:53,2025-03-29 13:53:53
1493,2292,fedex,2025-01-25 16:47:32,2025-01-26 20:47:32
1494,2293,usps,2025-07-22 07:45:50,2025-07-27 10:45:50
1495,2294,usps,2025-03-04 21:00:00,\N
1496,2295,usps,2025-04-08 17:17:21,2025-04-14 07:17:21
1497,2296,dhl,2025-03-22 09:50:02,2025-03-26 15:50:02
1498,2297,usps,2025-01-25 04:38:37,2025-01-27 17:38:37
1499,2298,dhl,2025-01-22 10:46:51,2025-01-27 05:46:51
15,25,ups,2025-04-28 05:23:41,2025-05-03 14:23:41
150,235,fedex,2025-11-13 22:58:01,2025-11-16 01:58:01
1500,2299,dhl,2025-12-24 04:04:04,2025-12-27 22:04:04
1501,2300,usps,2025-12-14 09:58:11,2025-12-18 09:58:11
1502,2301,dhl,2025-06-01 16:50:54,2025-06-03 12:50:54
1503,2302,dhl,2025-08-13 23:58:43,2025-08-16 11:58:43
1504,2303,dhl,2025-12-05 12:36:04,2025-12-10 11:36:04
1505,2304,dhl,2025-11-27 23:07:36,2025-12-03 17:07:36
1506,2305,usps,2025-10-23 06:06:11,2025-10-27 17:06:11
1507,2306,usps,2025-09-30 12:00:11,2025-10-06 02:00:11
1508,2307,fedex,2025-12-11 00:43:36,2025-12-14 09:43:36
1509,2308,usps,2025-09-14 12:56:09,2025-09-16 00:56:09
151,236,ups,2025-03-14 23:31:18,2025-03-16 23:31:18
1510,2309,dhl,2025-04-16 10:16:42,2025-04-21 17:16:42
1511,2310,ups,2025-12-05 18:23:08,2025-12-11 02:23:08
1512,2311,fedex,2025-10-20 20:10:15,2025-10-21 17:10:15
1513,2312,fedex,2025-12-08 05:58:06,2025-12-12 20:58:06
1514,2313,dhl,2025-10-22 09:13:50,2025-10-26 01:13:50
1515,2315,ups,2025-08-06 08:42:08,2025-08-06 18:42:08
1516,2316,fedex,2025-08-21 13:10:28,2025-08-23 08:10:28
1517,2319,ups,2026-01-01 06:37:47,2025-12-31 23:59:59
1518,2322,ups,2025-07-13 23:41:58,2025-07-18 02:41:58
1519,2323,ups,2025-11-04 02:47:35,2025-11-09 12:47:35
152,237,fedex,2025-03-20 01:34:16,2025-03-25 11:34:16
1520,2325,dhl,2025-07-30 09:47:20,2025-07-31 02:47:20
1521,2326,dhl,2025-03-04 16:19:30,2025-03-06 03:19:30
1522,2327,dhl,2025-03-02 20:32:42,2025-03-07 13:32:42
1523,2328,ups,2025-04-12 22:18:26,2025-04-16 12:18:26
1524,2330,fedex,2025-08-05 21:06:44,\N
1525,2331,dhl,2025-12-12 10:56:04,\N
1526,2332,fedex,2025-10-20 17:29:03,2025-10-25 15:29:03
1527,2333,fedex,2025-12-12 21:30:35,2025-12-13 07:30:35
1528,2335,dhl,2025-04-25 00:45:45,2025-04-29 22:45:45
1529,2336,dhl,2025-07-20 03:33:27,2025-07-21 00:33:27
153,238,fedex,2025-10-09 18:50:16,2025-10-12 00:50:16
1530,2337,fedex,2025-04-14 00:18:25,2025-04-17 17:18:25
1531,2338,ups,2025-12-22 12:48:58,2025-12-27 22:48:58
1532,2340,fedex,2025-03-06 16:08:18,2025-03-08 16:08:18
1533,2342,fedex,2025-03-12 00:19:42,2025-03-15 08:19:42
1534,2346,dhl,2025-12-07 17:44:31,2025-12-12 00:44:31
1535,2347,ups,2025-12-03 03:24:59,2025-12-06 04:24:59
1536,2348,dhl,2025-08-01 05:08:28,2025-08-05 01:08:28
1537,2350,ups,2025-03-07 17:47:24,2025-03-11 08:47:24
1538,2351,fedex,2025-07-31 09:32:23,2025-08-05 14:32:23
1539,2352,ups,2025-10-10 22:04:17,2025-10-13 02:04:17
154,239,fedex,2025-05-24 23:54:35,2025-05-26 11:54:35
1540,2353,fedex,2025-05-31 08:34:23,2025-05-31 22:34:23
1541,2354,dhl,2025-04-02 06:58:25,2025-04-05 04:58:25
1542,2355,usps,2025-01-03 19:39:52,2025-01-04 09:39:52
1543,2356,usps,2025-03-22 19:17:11,2025-03-26 14:17:11
1544,2357,usps,2025-08-20 23:21:13,2025-08-26 15:21:13
1545,2358,usps,2025-06-30 23:20:59,2025-07-01 23:20:59
1546,2359,fedex,2025-02-28 23:13:51,2025-03-05 03:13:51
1547,2360,fedex,2025-03-02 08:12:22,2025-03-04 17:12:22
1548,2361,usps,2025-05-11 22:55:11,2025-05-15 05:55:11
1549,2363,usps,2025-10-08 23:51:09,2025-10-10 18:51:09
155,240,usps,2025-01-18 18:32:21,2025-01-23 15:32:21
1550,2366,ups,2025-06-06 11:15:13,2025-06-08 20:15:13
1551,2367,dhl,2025-03-29 14:03:34,2025-03-31 20:03:34
1552,2368,ups,2025-06-25 00:03:09,2025-06-29 01:03:09
1553,2369,usps,2025-01-28 06:44:33,2025-01-29 13:44:33
1554,2370,fedex,2025-10-28 22:32:12,2025-10-29 21:32:12
1555,2371,dhl,2025-01-16 01:53:12,2025-01-21 19:53:12
1556,2372,dhl,2025-03-06 13:35:58,2025-03-06 21:35:58
1557,2373,dhl,2025-09-09 02:18:44,2025-09-14 02:18:44
1558,2376,ups,2025-07-26 07:06:13,2025-07-30 21:06:13
1559,2377,dhl,2025-12-27 12:44:24,2025-12-31 15:44:24
156,242,dhl,2025-12-24 13:41:26,2025-12-27 09:41:26
1560,2380,dhl,2025-08-25 23:03:03,2025-08-28 19:03:03
1561,2382,usps,2025-04-29 09:25:16,2025-04-30 17:25:16
1562,2384,ups,2025-11-09 05:43:06,\N
1563,2386,fedex,2025-01-26 08:41:36,2025-01-30 03:41:36
1564,2389,dhl,2025-08-27 17:06:44,2025-08-30 22:06:44
1565,2390,ups,2025-11-05 16:33:08,2025-11-07 22:33:08
1566,2391,usps,2025-03-29 18:24:56,2025-03-30 05:24:56
1567,2394,ups,2025-02-09 22:56:23,2025-02-11 16:56:23
1568,2395,usps,2025-03-17 17:04:02,2025-03-21 15:04:02
1569,2400,fedex,2025-04-01 02:20:35,2025-04-04 07:20:35
157,243,ups,2025-11-30 21:57:24,2025-12-04 09:57:24
1570,2401,usps,2025-07-18 08:36:10,2025-07-21 22:36:10
1571,2402,ups,2025-03-23 17:55:53,2025-03-26 17:55:53
1572,2403,dhl,2025-03-09 13:20:52,2025-03-14 07:20:52
1573,2404,dhl,2025-08-22 04:56:08,2025-08-25 21:56:08
1574,2406,usps,2025-04-01 15:05:37,2025-04-03 11:05:37
1575,2407,ups,2025-02-12 02:39:32,2025-02-13 05:39:32
1576,2408,dhl,2025-06-16 14:33:16,2025-06-17 17:33:16
1577,2410,dhl,2025-04-30 01:01:56,2025-05-02 14:01:56
1578,2411,ups,2025-02-15 20:24:34,2025-02-16 11:24:34
1579,2412,dhl,2025-09-01 14:11:39,2025-09-06 11:11:39
158,245,usps,2025-05-05 04:53:37,2025-05-09 01:53:37
1580,2415,fedex,2025-04-22 07:47:34,2025-04-25 10:47:34
1581,2417,dhl,2025-01-21 05:37:40,2025-01-25 05:37:40
1582,2418,fedex,2025-06-20 14:01:46,2025-06-24 10:01:46
1583,2421,fedex,2025-05-28 11:44:18,2025-05-30 05:44:18
1584,2422,usps,2025-12-02 16:25:55,2025-12-07 22:25:55
1585,2424,fedex,2025-05-08 00:51:17,2025-05-11 13:51:17
1586,2425,fedex,2025-10-29 16:15:26,2025-11-03 18:15:26
1587,2426,fedex,2025-04-27 09:31:11,2025-04-30 16:31:11
1588,2428,usps,2025-11-05 11:13:45,2025-11-09 00:13:45
1589,2431,dhl,2025-01-07 07:48:33,2025-01-08 03:48:33
159,246,fedex,2025-01-10 08:35:04,2025-01-11 12:35:04
1590,2432,ups,2025-11-23 16:10:58,\N
1591,2434,dhl,2025-01-13 01:41:49,2025-01-14 05:41:49
1592,2436,ups,2025-04-28 11:49:20,2025-04-28 20:49:20
1593,2438,usps,2025-12-16 11:08:42,2025-12-20 09:08:42
1594,2439,fedex,2025-09-10 23:28:47,2025-09-15 19:28:47
1595,2440,ups,2025-05-23 02:43:26,2025-05-26 23:43:26
1596,2441,usps,2025-01-05 06:55:07,2025-01-07 11:55:07
1597,2443,usps,2025-09-04 13:30:34,2025-09-09 17:30:34
1598,2444,fedex,2025-07-12 07:20:05,2025-07-14 12:20:05
1599,2445,usps,2025-10-19 05:25:11,2025-10-22 10:25:11
16,26,fedex,2025-06-21 22:18:16,2025-06-26 09:18:16
160,249,ups,2025-02-15 21:33:47,2025-02-17 16:33:47
1600,2449,ups,2025-08-13 11:38:55,2025-08-17 11:38:55
1601,2451,dhl,2025-12-12 08:58:54,2025-12-18 03:58:54
1602,2453,usps,2025-05-03 20:47:21,2025-05-04 08:47:21
1603,2455,usps,2025-02-06 10:24:38,2025-02-10 02:24:38
1604,2456,fedex,2025-03-16 15:05:45,2025-03-19 13:05:45
1605,2457,usps,2025-08-30 12:44:59,2025-09-04 12:44:59
1606,2458,fedex,2025-04-19 00:36:57,2025-04-24 07:36:57
1607,2460,dhl,2025-10-29 03:43:50,2025-10-31 12:43:50
1608,2461,usps,2025-03-31 18:42:21,2025-04-03 04:42:21
1609,2462,dhl,2025-04-20 20:20:28,2025-04-22 01:20:28
161,250,dhl,2025-08-18 09:47:14,2025-08-23 06:47:14
1610,2464,fedex,2025-04-15 00:09:01,2025-04-18 03:09:01
1611,2465,fedex,2025-09-14 06:47:52,2025-09-19 17:47:52
1612,2466,ups,2025-12-05 03:44:56,2025-12-08 21:44:56
1613,2467,ups,2025-11-26 02:33:28,2025-11-30 14:33:28
1614,2471,ups,2025-08-23 08:42:46,2025-08-25 09:42:46
1615,2474,ups,2025-02-02 01:04:04,2025-02-03 22:04:04
1616,2475,fedex,2025-06-20 15:01:36,2025-06-26 02:01:36
1617,2476,fedex,2025-01-13 00:50:03,2025-01-16 15:50:03
1618,2477,ups,2025-08-23 04:58:35,2025-08-26 04:58:35
1619,2478,ups,2025-02-12 11:09:51,2025-02-16 03:09:51
162,251,dhl,2025-08-12 18:06:57,2025-08-15 08:06:57
1620,2480,ups,2025-06-27 14:24:03,2025-07-03 02:24:03
1621,2481,fedex,2025-03-30 15:50:18,2025-03-31 03:50:18
1622,2482,ups,2025-02-26 17:45:48,2025-03-03 18:45:48
1623,2483,usps,2025-10-18 02:06:00,2025-10-22 18:06:00
1624,2484,fedex,2025-02-18 08:01:21,2025-02-21 18:01:21
1625,2485,fedex,2025-12-18 13:55:11,\N
1626,2487,fedex,2025-07-01 04:21:37,2025-07-06 04:21:37
1627,2489,fedex,2025-12-29 06:25:34,2025-12-31 23:59:59
1628,2491,dhl,2025-05-12 21:14:13,2025-05-16 23:14:13
1629,2492,dhl,2025-07-26 13:00:54,2025-07-30 23:00:54
163,252,usps,2025-08-18 22:36:13,\N
1630,2493,usps,2025-08-30 03:04:03,\N
1631,2494,usps,2025-08-04 20:17:17,2025-08-10 14:17:17
1632,2495,dhl,2025-12-01 02:39:41,2025-12-01 08:39:41
1633,2496,fedex,2025-11-06 00:16:52,2025-11-09 18:16:52
1634,2500,usps,2025-04-30 20:53:58,2025-05-03 23:53:58
1635,2501,dhl,2025-10-21 17:41:37,2025-10-27 03:41:37
1636,2502,usps,2025-08-31 16:16:17,2025-09-03 02:16:17
1637,2503,usps,2025-01-30 08:23:50,2025-02-04 06:23:50
1638,2505,usps,2025-03-17 09:28:58,2025-03-21 18:28:58
1639,2507,usps,2025-03-03 22:10:33,2025-03-06 20:10:33
164,253,usps,2025-10-08 15:42:48,2025-10-12 05:42:48
1640,2508,ups,2025-10-08 20:00:43,2025-10-11 10:00:43
1641,2509,fedex,2025-08-08 09:07:43,\N
1642,2513,usps,2025-10-30 00:29:35,\N
1643,2514,dhl,2025-10-04 02:05:02,2025-10-04 15:05:02
1644,2515,usps,2025-06-29 19:51:56,\N
1645,2518,usps,2025-03-07 06:18:25,2025-03-08 00:18:25
1646,2519,fedex,2025-04-20 17:59:30,2025-04-26 09:59:30
1647,2520,usps,2025-05-27 15:01:34,2025-05-28 20:01:34
1648,2521,usps,2025-08-26 03:00:38,2025-08-28 11:00:38
1649,2522,ups,2025-04-02 01:43:16,2025-04-02 23:43:16
165,254,usps,2025-11-28 19:00:17,2025-12-02 07:00:17
1650,2523,fedex,2025-06-06 15:28:22,2025-06-07 04:28:22
1651,2525,usps,2025-06-05 02:09:46,2025-06-09 20:09:46
1652,2526,ups,2025-09-26 00:14:33,2025-09-30 18:14:33
1653,2528,ups,2025-08-17 04:00:20,\N
1654,2529,ups,2025-01-15 18:43:09,2025-01-18 03:43:09
1655,2531,ups,2025-07-06 05:07:26,2025-07-06 14:07:26
1656,2533,ups,2025-01-21 13:45:32,2025-01-23 03:45:32
1657,2534,ups,2025-12-29 08:52:32,2025-12-31 23:59:59
1658,2535,fedex,2025-11-09 16:09:43,2025-11-15 07:09:43
1659,2536,ups,2025-08-24 12:28:26,2025-08-26 09:28:26
166,255,fedex,2025-08-29 15:07:46,2025-08-31 16:07:46
1660,2537,usps,2025-12-03 13:43:48,2025-12-04 13:43:48
1661,2539,usps,2025-11-17 22:06:21,2025-11-20 02:06:21
1662,2540,fedex,2025-12-23 06:54:04,2025-12-28 09:54:04
1663,2544,fedex,2025-02-09 11:11:13,\N
1664,2545,usps,2025-05-18 08:00:24,2025-05-19 05:00:24
1665,2546,fedex,2025-03-12 20:00:15,2025-03-17 19:00:15
1666,2548,fedex,2025-03-05 18:34:22,2025-03-11 01:34:22
1667,2550,ups,2025-02-06 13:41:28,2025-02-09 05:41:28
1668,2553,usps,2025-10-16 04:34:32,2025-10-17 17:34:32
1669,2557,ups,2025-07-20 06:48:49,2025-07-22 15:48:49
167,256,ups,2025-08-22 08:09:08,2025-08-25 11:09:08
1670,2558,fedex,2025-09-29 01:46:56,2025-10-01 05:46:56
1671,2559,dhl,2025-09-30 13:11:58,2025-10-01 01:11:58
1672,2563,ups,2025-07-02 20:37:48,2025-07-06 08:37:48
1673,2564,dhl,2025-07-21 08:49:33,\N
1674,2566,dhl,2025-07-30 23:25:45,2025-07-31 20:25:45
1675,2567,usps,2025-08-01 07:16:41,2025-08-03 07:16:41
1676,2572,fedex,2025-07-26 19:54:01,2025-08-01 03:54:01
1677,2575,usps,2025-04-24 14:31:26,2025-04-28 22:31:26
1678,2577,dhl,2025-02-02 10:39:57,2025-02-05 20:39:57
1679,2578,usps,2025-01-16 13:36:50,2025-01-20 17:36:50
168,257,usps,2025-02-11 23:43:39,2025-02-17 17:43:39
1680,2579,dhl,2025-05-03 13:06:22,2025-05-08 18:06:22
1681,2580,ups,2025-06-16 16:10:16,2025-06-17 04:10:16
1682,2581,usps,2025-07-08 08:19:35,2025-07-09 11:19:35
1683,2582,dhl,2025-10-12 08:24:48,2025-10-14 20:24:48
1684,2583,ups,2025-06-24 15:19:18,2025-06-27 18:19:18
1685,2584,usps,2025-06-15 19:02:32,2025-06-20 14:02:32
1686,2585,usps,2025-12-27 17:58:48,2025-12-30 02:58:48
1687,2586,usps,2025-05-12 18:26:17,\N
1688,2587,usps,2025-10-12 11:58:38,2025-10-14 00:58:38
1689,2588,usps,2025-05-15 18:56:43,\N
169,258,fedex,2025-09-04 22:47:46,2025-09-06 17:47:46
1690,2589,fedex,2025-06-04 19:06:50,2025-06-08 04:06:50
1691,2591,ups,2025-02-17 22:34:24,2025-02-22 23:34:24
1692,2592,usps,2025-06-18 12:39:57,\N
1693,2593,fedex,2025-03-31 15:42:50,\N
1694,2594,usps,2025-03-07 05:38:08,2025-03-08 10:38:08
1695,2595,ups,2025-11-04 22:47:43,2025-11-10 12:47:43
1696,2596,ups,2025-09-09 03:42:08,2025-09-11 15:42:08
1697,2599,usps,2025-06-01 22:50:02,2025-06-05 11:50:02
1698,2601,fedex,2025-08-08 03:50:58,2025-08-09 04:50:58
1699,2604,fedex,2025-11-10 12:56:32,2025-11-14 17:56:32
17,28,dhl,2025-02-02 20:10:46,2025-02-03 02:10:46
170,261,ups,2025-02-05 05:55:16,2025-02-09 16:55:16
1700,2605,usps,2025-12-04 09:51:45,2025-12-06 11:51:45
1701,2606,fedex,2025-09-23 14:59:32,2025-09-26 02:59:32
1702,2607,usps,2025-01-23 12:56:20,2025-01-26 16:56:20
1703,2608,dhl,2026-01-02 13:13:27,2025-12-31 23:59:59
1704,2611,fedex,2025-11-02 07:16:01,2025-11-03 09:16:01
1705,2612,fedex,2025-08-06 20:11:04,2025-08-11 14:11:04
1706,2613,ups,2025-08-05 10:33:32,2025-08-09 07:33:32
1707,2615,dhl,2025-02-17 12:01:24,2025-02-21 10:01:24
1708,2616,fedex,2025-11-14 09:16:42,2025-11-15 06:16:42
1709,2617,dhl,2025-10-25 12:03:35,2025-10-27 17:03:35
171,267,usps,2025-12-30 02:27:46,\N
1710,2619,fedex,2025-06-18 05:06:12,2025-06-21 21:06:12
1711,2620,dhl,2025-05-27 09:29:55,2025-05-29 01:29:55
1712,2621,usps,2025-12-22 22:46:20,2025-12-23 21:46:20
1713,2624,usps,2025-03-28 09:12:39,2025-04-01 20:12:39
1714,2626,usps,2025-11-16 21:51:56,2025-11-21 06:51:56
1715,2627,dhl,2025-12-16 19:45:16,2025-12-19 22:45:16
1716,2628,ups,2025-03-03 21:26:18,2025-03-07 07:26:18
1717,2629,dhl,2025-12-02 23:57:56,2025-12-04 16:57:56
1718,2630,ups,2025-07-25 11:32:53,2025-07-30 18:32:53
1719,2631,fedex,2025-02-02 04:58:45,2025-02-03 05:58:45
172,268,dhl,2025-11-08 05:23:31,2025-11-13 12:23:31
1720,2632,usps,2025-11-17 01:21:05,2025-11-19 15:21:05
1721,2633,usps,2025-07-10 09:09:20,2025-07-15 23:09:20
1722,2634,usps,2025-02-18 07:23:34,2025-02-23 15:23:34
1723,2635,ups,2025-05-04 03:09:44,2025-05-09 19:09:44
1724,2636,usps,2025-10-26 01:47:46,2025-10-29 07:47:46
1725,2637,fedex,2025-02-18 12:26:03,2025-02-19 19:26:03
1726,2638,usps,2025-02-01 22:09:26,2025-02-04 11:09:26
1727,2639,fedex,2025-08-02 07:25:01,2025-08-02 22:25:01
1728,2642,usps,2025-11-13 20:52:02,\N
1729,2644,usps,2025-02-10 03:26:06,2025-02-12 13:26:06
173,269,dhl,2025-06-12 14:00:49,2025-06-16 11:00:49
1730,2645,usps,2025-08-22 02:38:29,2025-08-24 07:38:29
1731,2646,usps,2025-10-05 07:58:59,\N
1732,2649,usps,2025-09-17 17:23:36,2025-09-20 01:23:36
1733,2650,dhl,2025-08-28 18:32:12,2025-08-31 15:32:12
1734,2652,dhl,2025-03-30 20:57:39,2025-04-03 16:57:39
1735,2654,ups,2025-08-31 08:33:12,2025-09-05 01:33:12
1736,2655,ups,2025-09-10 20:26:10,2025-09-14 18:26:10
1737,2656,dhl,2025-09-01 07:32:59,2025-09-02 11:32:59
1738,2659,ups,2025-11-14 09:10:34,2025-11-18 03:10:34
1739,2661,fedex,2025-08-23 01:05:02,2025-08-28 02:05:02
174,270,usps,2025-04-23 07:04:34,\N
1740,2662,ups,2025-03-15 10:54:52,2025-03-16 05:54:52
1741,2663,fedex,2025-06-21 07:08:51,2025-06-25 17:08:51
1742,2664,dhl,2025-09-17 14:34:57,2025-09-18 13:34:57
1743,2667,dhl,2025-07-07 00:32:54,2025-07-10 07:32:54
1744,2668,usps,2025-05-08 06:53:37,\N
1745,2670,ups,2025-09-26 13:19:11,\N
1746,2671,ups,2025-10-10 12:49:40,2025-10-15 08:49:40
1747,2673,usps,2025-12-06 08:44:23,2025-12-10 22:44:23
1748,2674,fedex,2025-07-20 06:19:32,2025-07-22 10:19:32
1749,2675,fedex,2025-12-06 15:11:04,2025-12-07 12:11:04
175,272,usps,2025-09-28 19:41:45,2025-10-02 21:41:45
1750,2676,ups,2025-07-07 20:51:00,2025-07-08 16:51:00
1751,2677,ups,2025-04-23 22:19:36,2025-04-25 02:19:36
1752,2678,ups,2025-01-31 13:04:15,2025-01-31 21:04:15
1753,2679,fedex,2025-07-21 02:46:02,2025-07-25 21:46:02
1754,2681,fedex,2025-06-12 19:10:14,2025-06-16 10:10:14
1755,2684,fedex,2025-09-15 23:37:18,2025-09-18 20:37:18
1756,2686,usps,2025-03-24 15:44:49,2025-03-25 12:44:49
1757,2687,fedex,2025-08-02 09:21:51,2025-08-05 04:21:51
1758,2689,fedex,2025-04-11 17:40:04,\N
1759,2690,fedex,2025-08-19 11:43:34,2025-08-24 09:43:34
176,273,fedex,2025-02-15 01:06:50,2025-02-15 07:06:50
1760,2691,dhl,2025-01-27 12:05:23,2025-01-31 22:05:23
1761,2692,usps,2025-08-30 00:07:45,2025-09-03 09:07:45
1762,2693,dhl,2025-12-15 19:16:39,2025-12-21 12:16:39
1763,2694,ups,2025-09-18 10:38:58,2025-09-23 14:38:58
1764,2695,dhl,2025-02-22 09:39:57,2025-02-25 04:39:57
1765,2696,dhl,2025-09-07 20:28:20,2025-09-13 09:28:20
1766,2697,dhl,2025-01-04 06:51:36,2025-01-05 05:51:36
1767,2699,usps,2025-08-07 13:55:34,2025-08-08 11:55:34
1768,2701,usps,2025-10-16 17:41:50,2025-10-20 13:41:50
1769,2702,usps,2025-07-13 05:20:28,2025-07-16 21:20:28
177,274,dhl,2025-04-27 04:15:52,2025-05-02 04:15:52
1770,2706,fedex,2025-07-19 11:02:58,2025-07-19 22:02:58
1771,2708,ups,2025-10-07 21:40:02,2025-10-13 03:40:02
1772,2709,dhl,2025-01-17 00:40:16,2025-01-22 04:40:16
1773,2712,usps,2025-06-14 06:33:42,2025-06-17 14:33:42
1774,2713,fedex,2025-06-01 17:37:25,2025-06-02 02:37:25
1775,2714,usps,2025-11-19 23:16:45,\N
1776,2715,dhl,2025-06-21 09:38:10,2025-06-23 00:38:10
1777,2716,dhl,2025-11-06 10:13:23,2025-11-09 14:13:23
1778,2718,dhl,2025-10-02 15:05:49,2025-10-06 11:05:49
1779,2719,fedex,2025-09-27 22:46:11,2025-10-03 14:46:11
178,276,fedex,2025-06-27 23:12:45,2025-06-29 02:12:45
1780,2721,dhl,2025-02-14 22:18:23,2025-02-16 15:18:23
1781,2726,usps,2025-06-05 04:48:01,2025-06-08 04:48:01
1782,2730,usps,2025-12-30 13:56:40,2025-12-31 23:59:59
1783,2733,usps,2025-09-16 16:40:14,2025-09-19 07:40:14
1784,2734,ups,2025-05-04 10:29:42,2025-05-04 20:29:42
1785,2735,ups,2025-05-02 00:08:21,2025-05-02 07:08:21
1786,2737,fedex,2025-09-13 17:42:28,2025-09-15 21:42:28
1787,2741,ups,2025-02-05 21:41:38,\N
1788,2742,ups,2025-02-13 22:51:59,2025-02-15 17:51:59
1789,2744,fedex,2025-10-07 22:48:40,2025-10-09 04:48:40
179,277,fedex,2025-01-13 03:54:00,2025-01-18 07:54:00
1790,2745,ups,2025-08-13 06:35:09,2025-08-15 14:35:09
1791,2746,usps,2025-06-15 19:22:06,2025-06-20 04:22:06
1792,2747,usps,2025-02-10 14:39:24,2025-02-11 05:39:24
1793,2748,dhl,2025-08-27 03:36:13,2025-08-28 20:36:13
1794,2750,usps,2025-06-08 01:09:49,2025-06-10 21:09:49
1795,2751,fedex,2025-12-08 15:13:06,2025-12-10 20:13:06
1796,2752,fedex,2025-09-05 08:27:55,2025-09-07 16:27:55
1797,2753,fedex,2025-01-08 07:51:00,2025-01-13 02:51:00
1798,2754,usps,2026-01-01 15:27:45,2025-12-31 23:59:59
1799,2755,dhl,2025-04-24 09:03:10,2025-04-28 12:03:10
18,29,dhl,2025-02-23 00:09:16,2025-02-27 10:09:16
180,278,ups,2025-03-10 21:30:57,2025-03-13 07:30:57
1800,2756,dhl,2025-12-18 01:06:14,2025-12-22 19:06:14
1801,2758,usps,2025-06-24 02:29:33,2025-06-27 08:29:33
1802,2759,usps,2025-05-11 06:18:55,2025-05-17 01:18:55
1803,2760,dhl,2025-05-02 06:00:13,2025-05-04 00:00:13
1804,2763,ups,2025-06-12 22:41:05,2025-06-16 09:41:05
1805,2764,ups,2025-08-22 11:58:59,2025-08-27 20:58:59
1806,2766,usps,2025-08-03 04:12:19,\N
1807,2767,ups,2025-12-30 00:34:23,2025-12-31 23:59:59
1808,2768,fedex,2025-04-25 09:56:28,2025-04-26 04:56:28
1809,2769,fedex,2025-04-07 15:37:31,2025-04-12 13:37:31
181,279,ups,2025-10-23 20:21:08,2025-10-25 16:21:08
1810,2770,fedex,2025-02-20 18:22:14,2025-02-25 15:22:14
1811,2772,dhl,2025-10-13 05:22:02,2025-10-16 21:22:02
1812,2775,usps,2025-12-14 18:29:13,2025-12-17 09:29:13
1813,2776,usps,2025-12-26 14:37:44,2025-12-31 09:37:44
1814,2777,usps,2025-01-16 11:03:49,2025-01-19 19:03:49
1815,2778,dhl,2025-09-15 13:20:40,2025-09-20 22:20:40
1816,2781,fedex,2025-11-26 02:34:24,2025-11-28 16:34:24
1817,2784,ups,2025-07-14 22:32:06,2025-07-17 00:32:06
1818,2786,fedex,2025-05-06 11:04:02,2025-05-11 02:04:02
1819,2788,usps,2025-08-01 16:34:58,2025-08-02 19:34:58
182,280,ups,2025-05-26 06:20:46,2025-05-29 07:20:46
1820,2789,fedex,2025-08-27 07:24:15,2025-08-28 03:24:15
1821,2791,fedex,2025-03-17 01:00:01,2025-03-21 13:00:01
1822,2792,fedex,2025-07-20 05:00:17,\N
1823,2794,ups,2025-11-28 22:36:43,2025-12-04 16:36:43
1824,2796,dhl,2025-04-23 02:50:16,2025-04-28 09:50:16
1825,2799,ups,2025-12-26 01:35:40,2025-12-27 00:35:40
1826,2800,dhl,2025-10-06 13:16:29,2025-10-10 12:16:29
1827,2801,ups,2025-09-26 11:46:04,2025-09-29 13:46:04
1828,2802,usps,2025-01-28 19:42:44,2025-01-29 18:42:44
1829,2805,fedex,2025-03-17 15:06:20,2025-03-22 05:06:20
183,284,dhl,2025-10-12 19:37:18,\N
1830,2806,dhl,2025-06-07 04:43:26,2025-06-12 20:43:26
1831,2809,usps,2025-09-25 13:41:42,2025-09-30 16:41:42
1832,2811,ups,2025-01-18 19:04:59,2025-01-23 02:04:59
1833,2812,fedex,2025-11-22 23:29:22,2025-11-26 21:29:22
1834,2814,ups,2025-03-07 00:45:16,2025-03-12 06:45:16
1835,2816,fedex,2025-10-29 21:16:31,2025-10-30 18:16:31
1836,2818,fedex,2025-06-22 17:17:52,2025-06-24 08:17:52
1837,2819,ups,2025-01-04 04:44:28,2025-01-06 11:44:28
1838,2820,dhl,2025-09-29 02:13:51,2025-09-29 13:13:51
1839,2822,dhl,2025-01-31 22:39:20,2025-02-03 06:39:20
184,287,fedex,2026-01-01 19:47:29,2025-12-31 23:59:59
1840,2823,fedex,2025-07-26 19:17:18,2025-07-28 04:17:18
1841,2825,ups,2025-02-21 13:41:45,2025-02-22 03:41:45
1842,2826,usps,2025-09-04 00:18:43,\N
1843,2829,dhl,2025-07-12 04:42:45,2025-07-15 19:42:45
1844,2830,dhl,2025-08-11 10:41:59,2025-08-14 02:41:59
1845,2831,ups,2025-12-28 15:54:44,2025-12-31 23:59:59
1846,2832,usps,2025-05-27 07:57:27,2025-05-27 21:57:27
1847,2833,dhl,2025-04-10 16:07:05,2025-04-11 00:07:05
1848,2834,usps,2025-05-31 22:22:48,2025-06-03 16:22:48
1849,2837,ups,2025-11-19 05:22:38,2025-11-22 00:22:38
185,289,ups,2025-03-12 02:04:06,2025-03-13 23:04:06
1850,2838,ups,2025-12-27 16:42:00,2025-12-31 10:42:00
1851,2839,fedex,2025-06-11 09:39:57,2025-06-16 11:39:57
1852,2840,dhl,2025-04-14 03:23:06,2025-04-19 16:23:06
1853,2841,ups,2025-08-11 16:09:13,2025-08-15 17:09:13
1854,2842,fedex,2025-02-08 22:34:41,2025-02-09 12:34:41
1855,2845,ups,2025-02-18 23:17:50,\N
1856,2846,ups,2025-09-27 18:04:50,2025-10-01 15:04:50
1857,2847,fedex,2025-08-01 09:59:17,2025-08-02 05:59:17
1858,2849,dhl,2025-06-28 13:59:00,\N
1859,2850,fedex,2025-03-07 16:28:51,2025-03-09 08:28:51
186,291,fedex,2025-12-01 07:18:00,2025-12-06 20:18:00
1860,2851,dhl,2025-12-25 01:03:02,2025-12-25 12:03:02
1861,2853,fedex,2025-01-14 03:56:51,2025-01-15 05:56:51
1862,2854,fedex,2025-08-04 01:36:13,2025-08-08 07:36:13
1863,2856,usps,2025-03-16 02:46:25,2025-03-19 20:46:25
1864,2857,dhl,2025-10-26 01:25:05,2025-10-27 06:25:05
1865,2858,fedex,2025-11-24 11:01:07,2025-11-28 00:01:07
1866,2859,ups,2025-05-07 23:12:37,2025-05-10 13:12:37
1867,2860,ups,2025-10-01 02:10:48,\N
1868,2861,fedex,2025-06-06 09:52:05,2025-06-07 00:52:05
1869,2862,usps,2025-01-26 22:40:27,2025-01-28 23:40:27
187,292,usps,2025-10-01 07:24:33,2025-10-03 17:24:33
1870,2863,ups,2025-01-29 23:40:32,2025-02-04 09:40:32
1871,2865,dhl,2025-09-14 08:30:46,2025-09-17 15:30:46
1872,2866,ups,2025-03-03 14:33:44,2025-03-06 04:33:44
1873,2867,fedex,2025-11-11 06:09:16,2025-11-13 22:09:16
1874,2868,usps,2025-03-29 14:02:00,2025-04-02 03:02:00
1875,2869,dhl,2025-02-27 06:11:58,2025-03-01 20:11:58
1876,2872,fedex,2025-09-01 17:11:43,2025-09-03 06:11:43
1877,2875,fedex,2025-07-30 20:04:29,2025-08-02 16:04:29
1878,2878,fedex,2025-11-21 20:53:51,2025-11-25 08:53:51
1879,2879,fedex,2025-03-20 08:24:53,2025-03-23 11:24:53
188,294,dhl,2025-12-04 03:11:22,2025-12-08 14:11:22
1880,2883,fedex,2025-01-15 11:02:27,2025-01-18 11:02:27
1881,2884,dhl,2026-01-01 00:15:33,2025-12-31 23:59:59
1882,2886,ups,2025-07-28 02:52:39,2025-07-28 12:52:39
1883,2891,ups,2025-03-06 16:48:00,2025-03-08 17:48:00
1884,2893,ups,2025-04-02 01:33:14,2025-04-04 08:33:14
1885,2894,usps,2025-10-08 19:31:00,2025-10-09 23:31:00
1886,2895,dhl,2025-04-09 01:04:32,2025-04-09 15:04:32
1887,2896,usps,2025-06-06 13:11:43,2025-06-07 11:11:43
1888,2898,usps,2025-04-17 00:43:46,2025-04-20 16:43:46
1889,2900,dhl,2025-09-05 02:38:32,2025-09-10 01:38:32
189,295,dhl,2025-01-05 07:51:31,2025-01-06 17:51:31
1890,2901,fedex,2025-10-05 21:56:48,2025-10-10 19:56:48
1891,2904,dhl,2025-03-11 18:14:46,2025-03-13 16:14:46
1892,2905,dhl,2025-05-08 23:49:26,2025-05-09 12:49:26
1893,2907,fedex,2025-04-14 09:02:08,2025-04-14 19:02:08
1894,2908,usps,2025-10-19 05:51:59,2025-10-20 23:51:59
1895,2909,usps,2025-02-23 00:41:39,2025-02-24 00:41:39
1896,2910,usps,2025-09-07 18:57:02,2025-09-08 10:57:02
1897,2911,ups,2026-01-01 01:06:27,2025-12-31 23:59:59
1898,2912,fedex,2025-08-31 18:59:13,2025-09-02 23:59:13
1899,2914,ups,2025-09-17 14:22:21,2025-09-18 15:22:21
19,30,usps,2025-08-21 11:36:38,2025-08-24 23:36:38
190,296,dhl,2025-04-23 13:26:40,2025-04-25 06:26:40
1900,2915,ups,2025-08-12 16:32:57,\N
1901,2916,ups,2025-11-24 13:03:22,2025-11-28 12:03:22
1902,2917,dhl,2025-05-21 22:59:35,2025-05-27 01:59:35
1903,2918,dhl,2025-09-21 19:24:29,2025-09-27 00:24:29
1904,2919,fedex,2025-06-08 18:45:18,2025-06-14 01:45:18
1905,2920,fedex,2025-12-22 09:34:59,2025-12-23 08:34:59
1906,2923,dhl,2025-08-25 07:54:32,2025-08-25 19:54:32
1907,2924,usps,2025-01-25 04:11:03,2025-01-28 15:11:03
1908,2925,ups,2025-10-11 20:38:35,2025-10-12 11:38:35
1909,2926,usps,2025-09-29 21:18:37,2025-10-04 21:18:37
191,297,usps,2025-06-06 14:16:19,2025-06-07 06:16:19
1910,2927,dhl,2025-01-25 10:12:45,2025-01-29 05:12:45
1911,2928,fedex,2025-12-02 06:20:59,2025-12-05 12:20:59
1912,2929,usps,2025-02-11 07:21:08,\N
1913,2930,ups,2025-06-24 00:16:40,2025-06-29 01:16:40
1914,2931,fedex,2025-09-02 12:55:52,2025-09-07 22:55:52
1915,2936,ups,2025-05-31 16:22:22,2025-06-06 01:22:22
1916,2937,ups,2025-12-25 02:29:28,2025-12-29 20:29:28
1917,2938,fedex,2025-01-15 08:58:04,2025-01-16 11:58:04
1918,2939,fedex,2025-04-02 10:28:52,2025-04-06 17:28:52
1919,2940,fedex,2025-07-11 04:01:47,2025-07-12 14:01:47
192,299,dhl,2025-09-23 15:51:46,2025-09-24 10:51:46
1920,2942,ups,2025-02-28 19:04:43,2025-03-06 01:04:43
1921,2944,fedex,2025-11-09 18:29:05,2025-11-12 20:29:05
1922,2945,dhl,2025-01-28 13:49:59,2025-02-02 08:49:59
1923,2948,fedex,2025-04-12 16:53:35,2025-04-18 04:53:35
1924,2949,dhl,2025-05-12 05:53:59,2025-05-14 10:53:59
1925,2950,usps,2025-07-07 14:06:56,\N
1926,2951,usps,2025-01-18 16:44:55,2025-01-22 06:44:55
1927,2952,fedex,2025-05-10 17:20:40,2025-05-14 06:20:40
1928,2956,dhl,2025-11-27 12:37:15,2025-11-30 02:37:15
1929,2957,ups,2025-10-20 23:57:20,2025-10-26 06:57:20
193,300,usps,2025-07-27 12:35:46,2025-07-30 21:35:46
1930,2958,dhl,2025-08-09 16:50:26,2025-08-13 09:50:26
1931,2959,ups,2025-03-14 08:21:50,2025-03-17 15:21:50
1932,2960,usps,2025-06-11 14:23:03,2025-06-15 09:23:03
1933,2961,ups,2025-07-02 23:03:16,\N
1934,2963,usps,2025-04-18 17:30:58,2025-04-22 08:30:58
1935,2965,ups,2025-10-04 17:06:59,2025-10-09 00:06:59
1936,2966,dhl,2025-01-07 01:37:40,2025-01-10 18:37:40
1937,2967,dhl,2025-05-22 03:07:12,2025-05-25 23:07:12
1938,2968,fedex,2025-08-30 00:07:12,2025-08-30 10:07:12
1939,2969,dhl,2025-11-25 20:34:18,2025-11-30 13:34:18
194,301,dhl,2025-08-23 09:56:53,2025-08-27 07:56:53
1940,2970,dhl,2026-01-01 18:45:21,2025-12-31 23:59:59
1941,2971,ups,2025-04-23 16:58:51,2025-04-24 17:58:51
1942,2972,ups,2025-09-12 21:15:31,2025-09-13 23:15:31
1943,2973,dhl,2025-05-20 04:44:27,2025-05-22 07:44:27
1944,2975,usps,2025-07-05 03:24:16,2025-07-06 11:24:16
1945,2977,ups,2025-07-23 22:15:36,2025-07-29 09:15:36
1946,2979,ups,2025-01-26 14:02:35,2025-01-29 17:02:35
1947,2980,ups,2025-06-18 10:14:45,2025-06-21 14:14:45
1948,2981,dhl,2025-09-20 13:59:09,2025-09-25 10:59:09
1949,2982,usps,2025-10-01 02:23:46,2025-10-04 08:23:46
195,302,usps,2025-05-05 04:59:12,2025-05-05 17:59:12
1950,2983,usps,2025-01-25 12:09:43,2025-01-29 00:09:43
1951,2985,fedex,2025-09-08 09:58:33,2025-09-12 22:58:33
1952,2986,dhl,2025-05-06 20:13:52,2025-05-09 22:13:52
1953,2987,fedex,2025-04-18 11:15:24,2025-04-19 13:15:24
1954,2988,fedex,2025-02-09 14:15:02,2025-02-15 08:15:02
1955,2989,ups,2025-02-27 04:20:46,2025-02-27 23:20:46
1956,2990,usps,2025-06-10 03:03:08,2025-06-14 22:03:08
1957,2993,fedex,2025-05-15 23:30:55,2025-05-17 14:30:55
1958,2994,usps,2025-09-24 12:21:24,2025-09-25 07:21:24
1959,2995,ups,2025-06-06 01:23:37,2025-06-07 19:23:37
196,303,usps,2025-07-07 03:39:19,2025-07-10 10:39:19
1960,2997,usps,2025-01-22 14:09:41,2025-01-27 12:09:41
1961,2998,dhl,2025-10-13 14:16:56,2025-10-18 12:16:56
1962,3000,ups,2025-08-01 21:19:28,2025-08-06 05:19:28
1963,3002,ups,2025-06-20 12:10:24,2025-06-24 10:10:24
1964,3003,usps,2025-08-18 13:29:07,2025-08-22 19:29:07
1965,3006,ups,2025-06-07 22:05:05,2025-06-10 06:05:05
1966,3007,fedex,2025-05-09 07:43:38,\N
1967,3008,fedex,2025-01-29 11:45:05,2025-01-31 00:45:05
1968,3009,fedex,2025-11-03 08:16:25,2025-11-04 15:16:25
1969,3011,usps,2025-10-21 02:49:46,2025-10-22 01:49:46
197,308,fedex,2025-11-21 20:36:35,\N
1970,3014,fedex,2025-02-20 10:47:10,2025-02-23 20:47:10
1971,3015,fedex,2025-07-14 17:23:17,2025-07-17 18:23:17
1972,3016,ups,2025-07-04 00:18:27,2025-07-06 04:18:27
1973,3017,dhl,2025-06-01 21:34:43,2025-06-07 03:34:43
1974,3018,dhl,2025-03-19 01:56:40,2025-03-22 09:56:40
1975,3020,fedex,2025-03-21 06:41:13,2025-03-25 04:41:13
1976,3022,ups,2025-04-23 20:46:51,2025-04-26 13:46:51
1977,3023,fedex,2025-10-22 18:38:55,\N
1978,3025,usps,2025-05-15 17:18:38,\N
1979,3027,fedex,2025-07-02 06:52:35,2025-07-03 15:52:35
198,309,dhl,2025-07-30 10:10:56,2025-08-01 14:10:56
1980,3028,usps,2025-11-12 01:29:55,2025-11-13 22:29:55
1981,3029,ups,2025-09-21 13:50:44,2025-09-21 20:50:44
1982,3030,ups,2025-11-25 17:06:43,2025-11-30 18:06:43
1983,3034,fedex,2025-02-24 12:37:30,2025-02-27 05:37:30
1984,3035,fedex,2025-08-10 14:41:49,2025-08-12 22:41:49
1985,3037,fedex,2025-08-23 07:47:16,\N
1986,3038,fedex,2025-07-01 11:25:27,2025-07-03 23:25:27
1987,3042,fedex,2025-06-17 12:52:54,2025-06-23 00:52:54
1988,3043,ups,2025-12-28 17:26:41,2025-12-29 17:26:41
1989,3044,ups,2025-10-12 17:04:10,\N
199,311,ups,2025-03-15 07:34:48,2025-03-20 16:34:48
1990,3047,usps,2025-12-22 13:53:58,\N
1991,3048,ups,2025-03-26 20:22:25,2025-03-31 07:22:25
1992,3050,ups,2025-07-09 21:02:16,\N
1993,3052,ups,2025-03-04 22:51:48,2025-03-06 05:51:48
1994,3055,ups,2025-01-04 23:09:07,2025-01-10 16:09:07
1995,3056,ups,2025-03-16 13:50:49,\N
1996,3057,dhl,2025-10-02 13:27:23,2025-10-04 21:27:23
1997,3060,usps,2025-12-11 03:12:22,2025-12-15 03:12:22
1998,3061,usps,2025-04-02 15:41:38,2025-04-05 19:41:38
1999,3062,fedex,2025-08-13 08:04:42,2025-08-13 16:04:42
2,3,fedex,2025-11-09 19:27:35,2025-11-13 15:27:35
20,32,dhl,2025-09-26 20:04:08,2025-09-29 07:04:08
200,312,dhl,2025-08-10 17:45:17,2025-08-12 16:45:17
2000,3063,dhl,2025-07-26 05:08:06,2025-07-31 17:08:06
2001,3065,dhl,2025-02-16 18:11:53,2025-02-19 09:11:53
2002,3066,dhl,2025-06-23 00:49:42,2025-06-25 08:49:42
2003,3067,fedex,2025-04-09 04:49:58,\N
2004,3068,usps,2025-09-13 07:35:18,2025-09-16 07:35:18
2005,3069,dhl,2025-12-05 23:42:12,2025-12-09 17:42:12
2006,3070,ups,2025-12-29 16:47:53,2025-12-31 18:47:53
2007,3071,dhl,2025-02-26 08:46:00,2025-02-28 02:46:00
2008,3073,dhl,2025-05-14 18:45:05,2025-05-19 15:45:05
2009,3074,fedex,2025-11-05 15:58:32,2025-11-06 06:58:32
201,314,usps,2025-08-04 20:37:11,2025-08-09 10:37:11
2010,3076,dhl,2025-06-05 09:19:02,2025-06-08 02:19:02
2011,3078,dhl,2025-01-23 22:28:30,2025-01-28 03:28:30
2012,3081,dhl,2025-11-27 09:59:54,2025-11-30 03:59:54
2013,3082,ups,2025-12-28 08:27:39,2025-12-31 19:27:39
2014,3083,dhl,2025-02-13 20:00:29,2025-02-18 05:00:29
2015,3085,usps,2025-06-06 20:29:44,\N
2016,3086,usps,2025-07-09 16:46:29,2025-07-13 17:46:29
2017,3088,ups,2025-03-18 18:00:06,2025-03-22 01:00:06
2018,3091,usps,2025-04-04 18:01:29,2025-04-09 23:01:29
2019,3095,dhl,2025-06-24 06:44:08,2025-06-26 06:44:08
202,315,fedex,2025-09-13 05:34:32,2025-09-18 03:34:32
2020,3096,fedex,2025-08-29 12:32:43,2025-09-03 20:32:43
2021,3098,fedex,2025-09-16 05:40:44,2025-09-18 10:40:44
2022,3099,usps,2025-10-31 12:35:18,2025-11-05 12:35:18
2023,3102,ups,2025-05-14 13:51:06,2025-05-17 07:51:06
2024,3103,fedex,2025-12-29 16:18:11,2025-12-31 22:18:11
2025,3104,fedex,2025-01-18 09:46:57,2025-01-19 06:46:57
2026,3105,fedex,2025-06-03 06:18:27,2025-06-08 12:18:27
2027,3109,fedex,2025-03-29 05:45:01,2025-03-29 20:45:01
2028,3110,dhl,2025-01-07 03:51:43,2025-01-10 06:51:43
2029,3112,usps,2025-02-03 03:50:42,2025-02-07 22:50:42
203,316,fedex,2025-11-17 12:10:00,2025-11-20 22:10:00
2030,3113,usps,2025-07-28 10:13:53,2025-08-02 19:13:53
2031,3114,usps,2025-02-19 10:03:56,2025-02-21 06:03:56
2032,3116,dhl,2025-08-19 06:01:50,2025-08-23 16:01:50
2033,3117,dhl,2025-07-19 02:57:11,2025-07-23 06:57:11
2034,3118,fedex,2025-06-22 14:15:30,\N
2035,3119,usps,2025-11-24 11:34:58,\N
2036,3120,usps,2025-04-23 20:49:21,2025-04-25 13:49:21
2037,3121,usps,2025-08-31 12:44:26,2025-09-06 01:44:26
2038,3123,usps,2025-06-06 23:08:22,2025-06-11 22:08:22
2039,3124,dhl,2025-03-17 06:37:02,2025-03-19 10:37:02
204,317,ups,2025-12-20 08:41:07,2025-12-24 18:41:07
2040,3125,dhl,2025-05-20 03:43:21,2025-05-22 17:43:21
2041,3126,ups,2025-08-09 10:22:19,2025-08-12 16:22:19
2042,3127,usps,2025-04-10 00:09:42,2025-04-14 20:09:42
2043,3128,ups,2025-02-22 02:09:16,2025-02-27 13:09:16
2044,3129,fedex,2025-12-27 18:23:18,2025-12-29 16:23:18
2045,3130,dhl,2025-02-19 04:06:01,2025-02-20 04:06:01
2046,3131,dhl,2025-12-31 09:33:33,2025-12-31 23:59:59
2047,3132,usps,2025-09-07 10:57:18,2025-09-07 18:57:18
2048,3133,fedex,2025-06-17 15:42:42,\N
2049,3135,fedex,2025-02-05 07:01:55,2025-02-10 06:01:55
205,320,dhl,2025-11-22 11:47:59,2025-11-22 22:47:59
2050,3136,fedex,2025-08-05 18:58:48,2025-08-07 12:58:48
2051,3137,ups,2025-08-29 14:18:09,2025-09-03 14:18:09
2052,3138,dhl,2025-12-19 02:27:24,2025-12-21 14:27:24
2053,3139,ups,2025-09-21 09:44:44,2025-09-23 15:44:44
2054,3140,usps,2025-10-13 17:38:33,\N
2055,3141,usps,2025-01-25 16:38:07,2025-01-29 12:38:07
2056,3143,usps,2025-02-09 19:02:44,2025-02-13 06:02:44
2057,3144,ups,2025-09-15 14:57:39,2025-09-18 12:57:39
2058,3145,usps,2025-09-05 23:55:06,2025-09-10 06:55:06
2059,3147,dhl,2025-11-17 10:29:40,2025-11-17 22:29:40
206,322,ups,2025-02-21 18:08:41,2025-02-23 01:08:41
2060,3148,usps,2025-06-30 19:29:57,2025-07-05 15:29:57
2061,3152,ups,2025-09-23 23:03:36,2025-09-29 15:03:36
2062,3153,ups,2025-10-26 12:07:24,2025-10-30 10:07:24
2063,3157,dhl,2025-05-30 04:11:03,2025-06-04 15:11:03
2064,3158,dhl,2025-04-30 23:19:23,2025-05-04 13:19:23
2065,3160,usps,2025-12-22 16:54:09,2025-12-25 05:54:09
2066,3161,usps,2025-03-02 21:59:16,2025-03-07 19:59:16
2067,3163,usps,2025-09-23 07:32:13,2025-09-24 09:32:13
2068,3164,dhl,2025-05-07 22:36:06,2025-05-10 04:36:06
2069,3165,dhl,2025-07-29 12:24:34,\N
207,323,dhl,2025-05-11 05:45:38,2025-05-15 12:45:38
2070,3167,fedex,2025-02-05 19:17:05,\N
2071,3168,fedex,2025-06-26 18:51:31,2025-06-29 19:51:31
2072,3171,dhl,2025-09-15 02:47:28,2025-09-19 09:47:28
2073,3173,fedex,2025-06-28 18:21:29,\N
2074,3176,fedex,2025-06-30 16:40:38,\N
2075,3177,ups,2025-08-27 01:32:12,2025-09-01 00:32:12
2076,3181,ups,2025-12-07 01:38:23,2025-12-09 13:38:23
2077,3182,fedex,2025-01-05 04:46:11,\N
2078,3185,fedex,2025-07-15 13:23:31,2025-07-19 17:23:31
2079,3186,fedex,2025-02-11 05:53:38,2025-02-15 00:53:38
208,325,fedex,2025-05-25 03:03:35,2025-05-25 19:03:35
2080,3187,dhl,2025-10-23 18:49:58,2025-10-29 12:49:58
2081,3188,fedex,2025-08-29 11:44:22,2025-09-02 19:44:22
2082,3190,usps,2025-04-20 02:55:45,2025-04-25 13:55:45
2083,3191,ups,2025-10-18 02:06:29,2025-10-19 11:06:29
2084,3192,usps,2025-07-19 08:11:53,2025-07-23 02:11:53
2085,3193,dhl,2025-03-13 21:26:46,2025-03-18 23:26:46
2086,3194,dhl,2025-04-24 15:44:03,2025-04-25 17:44:03
2087,3195,ups,2025-10-08 22:01:41,2025-10-13 14:01:41
2088,3197,ups,2025-05-01 02:40:59,2025-05-03 21:40:59
2089,3199,ups,2025-12-27 08:10:04,2025-12-31 23:59:59
209,326,ups,2025-07-04 15:02:29,2025-07-09 06:02:29
2090,3200,fedex,2025-09-10 02:38:26,2025-09-12 06:38:26
2091,3201,ups,2025-06-29 01:54:42,2025-06-30 12:54:42
2092,3202,usps,2025-11-21 02:22:26,2025-11-25 10:22:26
2093,3203,ups,2025-04-21 22:46:06,2025-04-27 04:46:06
2094,3204,usps,2025-12-25 03:49:14,2025-12-30 00:49:14
2095,3206,ups,2025-08-30 02:22:09,2025-09-03 20:22:09
2096,3210,usps,2025-01-21 00:37:08,2025-01-22 13:37:08
2097,3211,usps,2025-07-20 05:51:22,2025-07-21 16:51:22
2098,3214,dhl,2025-05-10 01:14:06,2025-05-15 11:14:06
2099,3215,dhl,2025-07-04 14:11:52,2025-07-05 00:11:52
21,34,fedex,2025-11-02 11:50:39,\N
210,327,ups,2025-08-31 06:59:32,2025-09-02 18:59:32
2100,3217,usps,2025-02-06 01:07:27,2025-02-09 17:07:27
2101,3219,dhl,2025-01-14 06:45:21,2025-01-16 12:45:21
2102,3221,fedex,2025-07-18 21:12:43,2025-07-22 16:12:43
2103,3224,fedex,2025-01-05 07:46:15,2025-01-08 22:46:15
2104,3225,fedex,2025-08-21 10:34:08,2025-08-25 19:34:08
2105,3228,ups,2025-01-19 22:57:13,2025-01-24 00:57:13
2106,3230,ups,2025-07-31 16:18:25,2025-08-04 06:18:25
2107,3231,usps,2025-09-07 19:30:44,2025-09-08 05:30:44
2108,3233,ups,2025-10-04 15:23:25,2025-10-10 02:23:25
2109,3234,dhl,2025-01-13 05:48:43,2025-01-14 12:48:43
211,328,usps,2025-07-11 22:30:01,2025-07-14 14:30:01
2110,3235,ups,2025-05-05 06:09:06,2025-05-09 17:09:06
2111,3236,usps,2025-05-19 12:41:28,2025-05-19 21:41:28
2112,3238,usps,2025-05-27 14:38:32,2025-05-31 19:38:32
2113,3239,fedex,2025-01-20 02:11:31,2025-01-23 01:11:31
2114,3240,dhl,2025-08-10 16:47:21,2025-08-16 06:47:21
2115,3245,usps,2025-11-08 14:44:47,2025-11-09 04:44:47
2116,3247,dhl,2025-06-11 13:57:58,2025-06-15 14:57:58
2117,3248,usps,2025-09-23 09:02:51,2025-09-28 04:02:51
2118,3250,ups,2025-10-12 11:05:38,2025-10-13 10:05:38
2119,3251,ups,2025-10-01 10:48:18,2025-10-06 07:48:18
212,329,ups,2025-08-14 00:35:56,2025-08-17 23:35:56
2120,3252,ups,2025-10-05 03:14:28,2025-10-06 14:14:28
2121,3253,fedex,2025-08-29 22:56:40,2025-08-31 01:56:40
2122,3254,fedex,2025-04-15 02:08:43,\N
2123,3258,fedex,2025-12-22 12:12:00,2025-12-27 00:12:00
2124,3259,fedex,2025-09-13 17:02:43,2025-09-15 06:02:43
2125,3260,ups,2025-07-10 00:23:36,2025-07-15 11:23:36
2126,3261,ups,2025-04-26 05:14:45,2025-04-27 01:14:45
2127,3263,usps,2025-06-01 04:59:18,2025-06-02 20:59:18
2128,3264,ups,2025-12-19 13:52:55,2025-12-22 07:52:55
2129,3265,usps,2025-03-09 11:41:50,2025-03-15 05:41:50
213,330,ups,2025-07-29 03:08:43,2025-07-31 14:08:43
2130,3266,ups,2025-03-28 06:10:06,2025-03-28 14:10:06
2131,3267,ups,2025-05-17 18:05:15,2025-05-20 17:05:15
2132,3268,usps,2025-10-12 14:50:51,2025-10-17 20:50:51
2133,3271,ups,2025-09-23 05:59:46,2025-09-29 00:59:46
2134,3272,usps,2025-05-07 07:35:52,2025-05-07 14:35:52
2135,3274,usps,2025-03-02 00:17:09,2025-03-03 10:17:09
2136,3275,fedex,2025-03-02 17:23:23,\N
2137,3276,ups,2025-05-10 02:32:30,2025-05-10 19:32:30
2138,3277,usps,2025-01-14 00:17:45,2025-01-18 14:17:45
2139,3279,usps,2025-03-06 21:28:39,2025-03-10 15:28:39
214,331,usps,2025-03-22 00:49:53,2025-03-23 10:49:53
2140,3280,fedex,2025-01-07 22:25:17,2025-01-11 18:25:17
2141,3281,fedex,2025-07-29 04:28:13,2025-08-02 06:28:13
2142,3282,fedex,2025-12-16 20:02:21,2025-12-18 17:02:21
2143,3283,dhl,2025-09-06 16:22:24,2025-09-07 14:22:24
2144,3286,dhl,2025-07-21 10:44:37,2025-07-24 07:44:37
2145,3287,ups,2025-10-03 04:49:33,2025-10-04 20:49:33
2146,3288,fedex,2025-01-30 13:34:23,2025-02-01 06:34:23
2147,3289,ups,2025-02-08 16:21:14,2025-02-11 23:21:14
2148,3290,fedex,2025-06-24 14:41:43,2025-06-29 05:41:43
2149,3291,fedex,2025-05-25 21:04:05,2025-05-28 13:04:05
215,335,usps,2025-10-19 22:35:30,\N
2150,3294,usps,2025-07-19 03:21:03,2025-07-21 13:21:03
2151,3295,ups,2025-01-26 15:02:02,2025-02-01 01:02:02
2152,3296,usps,2025-02-09 04:00:21,2025-02-09 20:00:21
2153,3297,fedex,2025-08-27 23:46:25,2025-09-02 16:46:25
2154,3298,dhl,2025-12-17 23:40:58,\N
2155,3299,fedex,2025-09-18 13:43:35,2025-09-21 06:43:35
2156,3301,ups,2025-10-14 03:21:35,2025-10-16 11:21:35
2157,3303,fedex,2025-12-24 02:00:43,2025-12-27 02:00:43
2158,3304,fedex,2025-01-31 22:23:20,2025-02-04 11:23:20
2159,3305,ups,2025-04-29 09:20:02,2025-05-02 12:20:02
216,336,usps,2025-06-18 14:00:02,2025-06-19 04:00:02
2160,3306,fedex,2025-11-23 22:39:52,2025-11-24 07:39:52
2161,3307,fedex,2025-03-23 09:55:25,2025-03-24 03:55:25
2162,3308,dhl,2025-12-20 23:16:08,2025-12-23 00:16:08
2163,3315,ups,2025-03-18 00:49:11,2025-03-20 08:49:11
2164,3316,fedex,2025-09-15 04:35:23,2025-09-16 17:35:23
2165,3320,dhl,2025-05-07 09:19:53,2025-05-11 11:19:53
2166,3322,dhl,2025-05-20 17:04:15,2025-05-22 10:04:15
2167,3324,ups,2025-03-30 12:38:18,2025-04-03 19:38:18
2168,3328,dhl,2025-10-07 21:02:36,2025-10-09 22:02:36
2169,3329,dhl,2025-08-29 07:26:34,2025-09-03 07:26:34
217,337,ups,2025-12-15 17:48:36,\N
2170,3331,ups,2025-05-23 07:09:35,2025-05-28 04:09:35
2171,3332,ups,2025-06-17 12:45:46,2025-06-20 22:45:46
2172,3333,dhl,2025-11-16 12:11:10,2025-11-18 03:11:10
2173,3334,dhl,2025-02-16 16:34:50,\N
2174,3338,ups,2025-05-25 11:57:46,2025-05-28 07:57:46
2175,3339,fedex,2025-06-03 04:16:21,2025-06-05 11:16:21
2176,3341,usps,2025-04-10 18:35:50,2025-04-16 08:35:50
2177,3342,fedex,2025-02-28 20:10:15,2025-03-04 01:10:15
2178,3343,ups,2025-06-12 20:37:19,2025-06-13 10:37:19
2179,3344,ups,2025-02-14 03:38:13,2025-02-19 18:38:13
218,338,dhl,2025-02-24 12:50:43,2025-02-27 17:50:43
2180,3345,usps,2025-02-14 04:02:30,2025-02-17 02:02:30
2181,3347,dhl,2025-06-29 03:36:52,2025-07-03 10:36:52
2182,3350,fedex,2025-11-01 07:47:56,2025-11-04 04:47:56
2183,3353,dhl,2025-04-01 14:57:08,2025-04-04 20:57:08
2184,3356,fedex,2025-03-29 11:07:20,2025-04-01 20:07:20
2185,3357,dhl,2025-02-18 17:18:05,2025-02-22 02:18:05
2186,3358,ups,2025-12-14 06:58:13,2025-12-18 16:58:13
2187,3359,usps,2025-10-06 03:21:50,2025-10-08 12:21:50
2188,3362,usps,2025-12-30 11:42:55,2025-12-31 23:59:59
2189,3363,dhl,2025-04-25 09:56:02,2025-04-25 22:56:02
219,341,fedex,2025-04-18 05:28:09,2025-04-18 17:28:09
2190,3365,dhl,2025-12-19 23:07:47,2025-12-22 10:07:47
2191,3366,ups,2025-02-28 10:14:29,2025-03-01 01:14:29
2192,3367,fedex,2025-08-04 18:47:03,2025-08-06 14:47:03
2193,3369,dhl,2025-06-02 23:36:16,2025-06-03 13:36:16
2194,3370,usps,2025-11-25 18:44:08,2025-11-28 11:44:08
2195,3374,dhl,2025-07-26 21:37:04,2025-08-01 10:37:04
2196,3375,dhl,2025-09-30 17:48:23,2025-10-03 23:48:23
2197,3376,ups,2025-09-17 05:55:37,2025-09-17 14:55:37
2198,3377,usps,2025-11-03 18:31:34,\N
2199,3379,ups,2025-01-31 13:58:45,2025-02-02 02:58:45
22,35,ups,2025-02-08 13:50:21,\N
220,343,dhl,2025-11-10 02:05:17,2025-11-12 19:05:17
2200,3380,ups,2025-03-18 09:36:36,2025-03-23 23:36:36
2201,3385,usps,2025-11-15 14:20:02,2025-11-18 10:20:02
2202,3387,ups,2025-12-14 14:04:46,2025-12-20 01:04:46
2203,3388,dhl,2025-07-08 19:12:18,2025-07-10 19:12:18
2204,3389,usps,2025-10-25 00:05:00,2025-10-25 13:05:00
2205,3392,ups,2025-01-31 04:40:05,2025-02-01 00:40:05
2206,3394,usps,2025-09-11 18:20:56,2025-09-15 14:20:56
2207,3395,dhl,2025-06-25 03:18:20,2025-06-26 01:18:20
2208,3396,dhl,2025-09-07 16:37:48,2025-09-08 14:37:48
2209,3397,ups,2025-05-28 21:48:43,2025-05-29 07:48:43
221,344,dhl,2025-02-06 16:32:21,2025-02-09 01:32:21
2210,3399,ups,2025-07-21 07:39:53,2025-07-26 14:39:53
2211,3400,usps,2025-08-20 04:10:42,2025-08-25 11:10:42
2212,3401,dhl,2025-10-20 04:35:46,2025-10-20 11:35:46
2213,3403,fedex,2025-05-10 05:21:44,2025-05-12 07:21:44
2214,3405,dhl,2025-01-21 13:29:35,2025-01-25 07:29:35
2215,3406,usps,2025-02-09 16:15:40,2025-02-13 02:15:40
2216,3407,fedex,2025-11-28 04:09:47,2025-12-02 10:09:47
2217,3408,dhl,2025-06-06 16:14:29,\N
2218,3409,ups,2025-07-24 19:23:23,2025-07-29 15:23:23
2219,3413,fedex,2025-03-30 11:08:08,2025-04-03 10:08:08
222,346,fedex,2025-05-21 03:43:43,2025-05-22 23:43:43
2220,3414,fedex,2025-03-07 11:06:11,2025-03-13 03:06:11
2221,3415,dhl,2025-02-19 20:38:58,2025-02-20 22:38:58
2222,3420,usps,2025-09-13 21:12:52,2025-09-15 08:12:52
2223,3421,usps,2025-10-30 14:37:05,2025-11-02 04:37:05
2224,3422,ups,2025-08-20 23:25:56,\N
2225,3423,fedex,2025-10-29 21:24:44,2025-11-01 11:24:44
2226,3428,fedex,2025-02-08 09:04:30,2025-02-09 01:04:30
2227,3429,ups,2025-05-01 09:13:20,2025-05-02 23:13:20
2228,3431,dhl,2025-08-01 22:32:21,2025-08-02 11:32:21
2229,3433,usps,2025-03-07 10:49:16,2025-03-09 12:49:16
223,348,ups,2025-07-07 18:11:37,2025-07-09 06:11:37
2230,3434,dhl,2025-06-16 11:32:55,2025-06-22 02:32:55
2231,3435,dhl,2025-02-26 17:53:14,2025-03-04 08:53:14
2232,3436,dhl,2025-05-10 20:41:38,2025-05-15 20:41:38
2233,3440,fedex,2025-09-27 02:05:31,2025-10-02 03:05:31
2234,3441,usps,2025-03-07 07:39:06,2025-03-08 08:39:06
2235,3442,ups,2025-12-17 00:16:42,2025-12-20 22:16:42
2236,3443,fedex,2025-04-09 03:14:37,2025-04-14 13:14:37
2237,3444,ups,2025-06-18 00:13:03,2025-06-18 22:13:03
2238,3445,dhl,2025-08-02 18:37:29,2025-08-05 19:37:29
2239,3446,fedex,2025-08-29 00:35:38,2025-09-01 04:35:38
224,349,usps,2025-02-04 08:47:14,2025-02-09 08:47:14
2240,3448,usps,2025-10-01 23:22:21,2025-10-06 01:22:21
2241,3449,ups,2025-10-20 23:53:43,2025-10-24 13:53:43
2242,3450,usps,2025-08-05 19:36:07,2025-08-09 12:36:07
2243,3451,fedex,2025-08-06 00:36:15,2025-08-11 19:36:15
2244,3452,ups,2025-10-08 11:22:28,2025-10-11 12:22:28
2245,3453,usps,2025-07-11 07:36:17,2025-07-12 19:36:17
2246,3454,fedex,2025-07-26 19:00:51,2025-07-29 08:00:51
2247,3458,ups,2025-11-13 06:10:34,2025-11-15 17:10:34
2248,3459,usps,2025-01-13 17:39:33,2025-01-18 19:39:33
2249,3461,ups,2025-12-02 18:18:11,2025-12-03 15:18:11
225,350,fedex,2025-08-25 16:36:11,2025-08-26 21:36:11
2250,3462,ups,2025-10-21 06:19:51,2025-10-25 23:19:51
2251,3463,dhl,2025-09-08 18:34:58,2025-09-09 18:34:58
2252,3465,fedex,2025-01-10 05:46:36,2025-01-12 17:46:36
2253,3467,dhl,2025-08-11 08:09:05,\N
2254,3469,ups,2025-01-29 20:58:25,2025-02-02 15:58:25
2255,3470,ups,2025-05-22 09:18:10,2025-05-26 19:18:10
2256,3474,dhl,2025-09-11 06:26:34,2025-09-12 04:26:34
2257,3476,dhl,2025-01-15 21:13:33,2025-01-17 00:13:33
2258,3477,usps,2025-01-07 13:59:27,\N
2259,3478,fedex,2025-04-15 12:51:14,2025-04-20 05:51:14
226,351,ups,2025-07-20 16:39:56,2025-07-25 18:39:56
2260,3482,dhl,2025-01-10 06:31:20,2025-01-12 06:31:20
2261,3485,usps,2025-02-28 10:01:06,2025-03-03 21:01:06
2262,3486,ups,2025-04-15 11:20:59,2025-04-16 01:20:59
2263,3488,ups,2025-09-25 01:29:12,2025-09-25 17:29:12
2264,3492,usps,2025-03-11 12:09:18,2025-03-12 07:09:18
2265,3495,usps,2025-06-19 12:08:26,2025-06-22 01:08:26
2266,3496,fedex,2025-10-02 17:14:29,2025-10-05 15:14:29
2267,3497,dhl,2025-02-15 13:15:29,2025-02-17 09:15:29
2268,3498,fedex,2025-04-29 13:37:54,2025-05-03 04:37:54
2269,3500,fedex,2025-08-06 08:41:05,2025-08-09 16:41:05
227,353,ups,2026-01-01 20:17:33,2025-12-31 23:59:59
2270,3501,ups,2025-11-19 07:51:52,2025-11-22 23:51:52
2271,3502,dhl,2025-11-04 09:37:39,2025-11-05 10:37:39
2272,3503,ups,2025-10-29 21:33:26,2025-11-03 07:33:26
2273,3507,usps,2025-01-21 00:11:07,2025-01-21 22:11:07
2274,3508,ups,2025-10-06 17:52:22,2025-10-07 02:52:22
2275,3509,usps,2025-01-13 21:06:11,\N
2276,3511,fedex,2025-11-05 21:21:22,2025-11-06 08:21:22
2277,3512,usps,2025-05-11 15:13:28,2025-05-12 05:13:28
2278,3513,fedex,2025-12-07 06:42:28,2025-12-12 17:42:28
2279,3518,ups,2025-11-26 04:23:11,2025-11-27 16:23:11
228,357,ups,2025-11-29 14:01:23,2025-12-03 02:01:23
2280,3519,fedex,2025-07-27 08:37:56,2025-08-01 01:37:56
2281,3521,dhl,2025-11-30 16:36:08,\N
2282,3522,dhl,2025-07-15 17:14:48,2025-07-16 12:14:48
2283,3523,fedex,2025-10-24 17:33:59,2025-10-26 01:33:59
2284,3527,fedex,2025-05-21 11:18:47,2025-05-25 19:18:47
2285,3528,dhl,2025-10-09 18:34:59,2025-10-10 16:34:59
2286,3530,ups,2025-09-15 16:34:41,2025-09-20 19:34:41
2287,3532,fedex,2025-06-03 08:35:57,2025-06-06 21:35:57
2288,3534,usps,2025-02-25 17:56:47,2025-02-27 05:56:47
2289,3536,dhl,2026-01-01 04:07:57,2025-12-31 23:59:59
229,358,fedex,2025-12-10 07:07:31,2025-12-13 06:07:31
2290,3537,dhl,2025-09-23 05:12:43,2025-09-27 12:12:43
2291,3538,usps,2025-07-19 13:55:16,\N
2292,3539,dhl,2025-05-18 06:52:38,2025-05-21 02:52:38
2293,3540,dhl,2025-02-18 19:50:08,2025-02-22 05:50:08
2294,3541,ups,2025-04-30 23:32:18,2025-05-01 19:32:18
2295,3542,dhl,2025-08-25 00:24:43,2025-08-25 10:24:43
2296,3543,fedex,2025-09-14 11:49:41,2025-09-18 07:49:41
2297,3544,usps,2025-02-13 19:56:17,2025-02-14 05:56:17
2298,3545,ups,2025-03-24 18:43:24,2025-03-27 19:43:24
2299,3548,ups,2025-08-16 15:48:53,2025-08-18 09:48:53
23,36,fedex,2025-10-07 02:24:15,2025-10-11 12:24:15
230,359,usps,2025-09-16 16:56:42,2025-09-19 07:56:42
2300,3549,dhl,2025-06-25 21:20:26,2025-06-29 02:20:26
2301,3550,fedex,2025-06-13 17:10:57,2025-06-15 02:10:57
2302,3551,usps,2025-03-29 17:07:45,2025-03-31 17:07:45
2303,3552,usps,2025-11-07 03:57:00,2025-11-09 09:57:00
2304,3554,usps,2025-06-25 17:45:44,2025-06-29 14:45:44
2305,3555,usps,2025-06-02 17:52:07,\N
2306,3557,dhl,2025-12-04 13:48:34,2025-12-07 07:48:34
2307,3558,fedex,2025-12-02 21:40:44,2025-12-05 23:40:44
2308,3559,dhl,2025-11-04 14:55:04,2025-11-10 00:55:04
2309,3561,dhl,2025-04-30 11:05:13,\N
231,361,dhl,2025-03-13 23:59:04,2025-03-15 06:59:04
2310,3562,fedex,2025-05-08 19:34:18,2025-05-13 15:34:18
2311,3563,ups,2025-10-17 19:10:46,2025-10-22 01:10:46
2312,3564,fedex,2025-02-24 18:57:55,2025-02-26 14:57:55
2313,3566,usps,2025-10-15 06:04:53,2025-10-18 05:04:53
2314,3567,usps,2025-04-14 10:21:50,2025-04-15 14:21:50
2315,3568,ups,2025-06-30 00:40:16,2025-07-03 13:40:16
2316,3569,ups,2025-10-11 18:52:16,2025-10-14 00:52:16
2317,3570,usps,2025-12-24 06:57:20,2025-12-27 12:57:20
2318,3571,ups,2025-12-09 14:34:15,2025-12-10 15:34:15
2319,3572,usps,2025-01-12 12:48:32,\N
232,363,fedex,2025-09-23 17:56:44,2025-09-24 18:56:44
2320,3573,dhl,2025-08-21 06:06:58,2025-08-25 12:06:58
2321,3574,dhl,2025-08-28 11:18:07,2025-09-02 11:18:07
2322,3575,ups,2025-08-29 10:12:12,\N
2323,3576,ups,2025-05-20 21:41:48,2025-05-25 03:41:48
2324,3580,fedex,2025-04-03 21:58:56,2025-04-07 00:58:56
2325,3583,usps,2025-11-17 05:57:18,2025-11-19 21:57:18
2326,3584,fedex,2025-02-01 12:14:58,2025-02-07 04:14:58
2327,3585,fedex,2025-12-28 20:45:32,2025-12-29 21:45:32
2328,3586,dhl,2025-05-26 21:11:56,2025-05-27 04:11:56
2329,3587,usps,2025-02-09 00:00:55,2025-02-13 15:00:55
233,364,fedex,2025-03-31 16:46:08,2025-04-05 22:46:08
2330,3588,usps,2025-03-14 20:16:28,2025-03-18 14:16:28
2331,3592,fedex,2025-02-05 07:14:06,2025-02-08 00:14:06
2332,3593,usps,2025-05-23 10:42:55,2025-05-27 08:42:55
2333,3594,usps,2025-03-13 11:21:38,2025-03-17 22:21:38
2334,3595,dhl,2025-01-12 06:17:33,2025-01-14 09:17:33
2335,3598,fedex,2025-05-12 05:26:07,2025-05-14 03:26:07
2336,3599,dhl,2025-06-30 09:08:27,2025-07-02 15:08:27
2337,3604,ups,2025-04-25 20:33:58,2025-04-27 12:33:58
2338,3607,usps,2025-08-03 19:25:41,2025-08-06 20:25:41
2339,3608,dhl,2025-08-16 04:23:08,2025-08-19 23:23:08
234,365,usps,2025-10-24 12:56:01,2025-10-28 20:56:01
2340,3609,usps,2025-09-03 06:17:02,2025-09-04 19:17:02
2341,3611,usps,2025-05-29 09:06:06,2025-06-03 14:06:06
2342,3612,usps,2025-01-24 11:11:59,2025-01-27 05:11:59
2343,3613,fedex,2025-04-17 18:39:41,2025-04-21 04:39:41
2344,3614,usps,2025-08-21 16:59:53,2025-08-23 20:59:53
2345,3615,usps,2025-12-20 07:34:11,2025-12-21 16:34:11
2346,3617,dhl,2025-06-06 12:44:19,2025-06-07 02:44:19
2347,3618,ups,2025-04-06 12:27:07,2025-04-12 04:27:07
2348,3619,ups,2025-02-15 16:57:52,2025-02-20 02:57:52
2349,3620,fedex,2025-05-03 06:16:04,2025-05-09 00:16:04
235,367,fedex,2025-11-08 12:24:19,2025-11-11 21:24:19
2350,3623,ups,2025-09-20 08:00:17,2025-09-24 16:00:17
2351,3626,fedex,2025-05-15 22:23:18,2025-05-20 13:23:18
2352,3627,usps,2025-12-09 21:26:51,\N
2353,3628,dhl,2025-04-20 05:33:33,\N
2354,3631,ups,2025-01-11 05:15:42,\N
2355,3633,usps,2025-03-06 21:59:42,2025-03-07 14:59:42
2356,3634,fedex,2025-01-24 12:14:56,2025-01-26 19:14:56
2357,3635,ups,2025-05-16 17:10:41,2025-05-20 04:10:41
2358,3636,ups,2025-01-26 22:36:56,2025-01-29 11:36:56
2359,3637,usps,2025-10-07 17:23:20,2025-10-08 06:23:20
236,368,usps,2025-12-09 12:04:16,2025-12-14 14:04:16
2360,3639,ups,2025-07-31 14:37:35,2025-08-02 09:37:35
2361,3640,usps,2025-08-10 11:29:53,2025-08-11 16:29:53
2362,3641,ups,2025-11-01 06:39:16,2025-11-05 01:39:16
2363,3642,ups,2025-03-27 21:00:39,2025-04-02 11:00:39
2364,3643,fedex,2025-04-08 08:00:17,2025-04-11 06:00:17
2365,3646,dhl,2025-07-09 19:40:48,2025-07-11 22:40:48
2366,3647,ups,2025-04-29 18:46:41,2025-05-04 13:46:41
2367,3649,dhl,2025-02-17 01:24:43,2025-02-20 15:24:43
2368,3650,fedex,2025-05-19 20:17:53,2025-05-22 11:17:53
2369,3651,dhl,2025-01-13 17:35:22,2025-01-18 07:35:22
237,369,usps,2025-01-09 04:41:48,2025-01-13 18:41:48
2370,3652,ups,2025-02-26 18:02:44,2025-02-28 14:02:44
2371,3653,fedex,2025-09-21 21:00:37,2025-09-27 11:00:37
2372,3654,ups,2025-11-26 06:17:46,2025-11-28 01:17:46
2373,3656,usps,2025-09-30 17:50:02,2025-10-02 01:50:02
2374,3657,ups,2025-06-18 05:02:12,2025-06-20 01:02:12
2375,3658,dhl,2025-10-05 13:22:50,2025-10-08 19:22:50
2376,3660,ups,2025-09-21 09:42:50,2025-09-25 00:42:50
2377,3661,usps,2025-09-26 08:43:30,2025-09-29 15:43:30
2378,3662,usps,2025-05-09 19:49:05,2025-05-10 01:49:05
2379,3663,ups,2025-06-14 06:50:06,2025-06-14 18:50:06
238,370,usps,2025-01-29 17:36:34,2025-01-30 01:36:34
2380,3664,ups,2025-10-10 01:12:47,2025-10-11 05:12:47
2381,3665,usps,2025-12-10 20:45:47,\N
2382,3666,dhl,2025-03-19 16:10:32,2025-03-21 20:10:32
2383,3667,fedex,2025-06-21 12:45:00,2025-06-25 07:45:00
2384,3668,usps,2025-12-25 21:55:33,2025-12-26 17:55:33
2385,3669,dhl,2025-10-02 17:04:02,2025-10-04 07:04:02
2386,3670,ups,2025-08-19 14:16:09,2025-08-25 02:16:09
2387,3671,usps,2025-02-07 17:02:34,2025-02-13 12:02:34
2388,3672,fedex,2025-12-16 05:23:55,2025-12-21 06:23:55
2389,3673,dhl,2025-12-11 03:50:31,2025-12-12 23:50:31
239,371,usps,2025-08-24 08:48:31,2025-08-28 17:48:31
2390,3674,fedex,2025-07-14 12:23:03,2025-07-16 17:23:03
2391,3675,usps,2025-12-02 08:11:19,2025-12-03 16:11:19
2392,3676,dhl,2025-10-01 22:10:56,2025-10-05 10:10:56
2393,3678,usps,2025-09-15 04:36:57,2025-09-15 19:36:57
2394,3679,fedex,2025-02-08 00:56:14,2025-02-08 13:56:14
2395,3680,fedex,2025-07-06 11:35:39,2025-07-07 23:35:39
2396,3682,ups,2025-11-22 22:42:38,2025-11-26 22:42:38
2397,3684,ups,2025-03-15 09:41:13,\N
2398,3686,usps,2025-09-28 06:24:17,\N
2399,3688,ups,2025-12-27 22:04:32,2025-12-31 23:59:59
24,37,fedex,2025-06-28 05:27:52,\N
240,372,ups,2025-04-01 16:53:59,2025-04-06 10:53:59
2400,3689,fedex,2025-11-11 12:16:21,2025-11-12 21:16:21
2401,3690,dhl,2025-04-11 05:50:33,2025-04-12 18:50:33
2402,3692,dhl,2025-02-15 08:48:25,2025-02-17 18:48:25
2403,3693,fedex,2025-10-30 20:57:39,2025-11-02 07:57:39
2404,3694,ups,2025-08-19 03:46:27,2025-08-20 00:46:27
2405,3695,fedex,2025-09-03 20:25:40,2025-09-08 07:25:40
2406,3697,fedex,2025-02-09 01:22:30,2025-02-13 11:22:30
2407,3698,ups,2025-07-17 23:49:45,2025-07-22 03:49:45
2408,3699,fedex,2025-06-30 19:54:03,2025-07-05 23:54:03
2409,3700,usps,2025-05-08 10:19:57,2025-05-13 14:19:57
241,373,dhl,2025-04-07 19:10:26,2025-04-08 12:10:26
2410,3703,dhl,2025-05-18 21:47:42,2025-05-22 17:47:42
2411,3704,ups,2025-06-25 13:55:05,2025-06-27 16:55:05
2412,3705,fedex,2025-10-09 20:49:19,2025-10-10 08:49:19
2413,3706,dhl,2025-01-31 07:06:11,2025-02-02 10:06:11
2414,3707,dhl,2025-01-21 02:03:27,2025-01-26 04:03:27
2415,3708,ups,2025-03-04 12:52:08,2025-03-06 06:52:08
2416,3709,usps,2025-04-29 04:24:45,2025-05-03 22:24:45
2417,3710,fedex,2025-06-03 05:02:31,2025-06-04 08:02:31
2418,3711,ups,2025-01-16 09:31:23,2025-01-17 11:31:23
2419,3714,usps,2025-11-20 01:22:36,2025-11-20 22:22:36
242,374,ups,2025-10-14 02:39:24,\N
2420,3715,fedex,2025-09-15 06:38:59,2025-09-17 01:38:59
2421,3716,usps,2025-09-16 20:37:50,2025-09-20 06:37:50
2422,3717,fedex,2025-03-21 07:08:34,2025-03-26 03:08:34
2423,3718,ups,2025-05-24 01:43:46,2025-05-24 15:43:46
2424,3720,dhl,2025-02-14 07:31:39,2025-02-19 23:31:39
2425,3721,dhl,2025-05-05 14:07:44,2025-05-07 10:07:44
2426,3722,fedex,2025-08-06 13:30:29,2025-08-08 21:30:29
2427,3723,dhl,2025-10-19 14:28:15,2025-10-21 09:28:15
2428,3724,fedex,2025-09-29 06:19:19,2025-10-04 05:19:19
2429,3726,ups,2025-12-10 07:43:59,2025-12-13 06:43:59
243,375,fedex,2025-01-12 23:36:28,2025-01-13 20:36:28
2430,3729,usps,2025-06-04 16:22:54,2025-06-08 20:22:54
2431,3732,ups,2025-03-19 03:54:29,2025-03-20 19:54:29
2432,3733,fedex,2025-02-21 08:39:08,2025-02-23 15:39:08
2433,3734,usps,2025-07-23 00:04:59,2025-07-24 06:04:59
2434,3735,dhl,2025-07-24 18:27:35,2025-07-28 22:27:35
2435,3737,fedex,2025-10-03 20:17:53,2025-10-05 17:17:53
2436,3739,fedex,2025-07-11 16:22:12,2025-07-12 18:22:12
2437,3740,dhl,2025-09-10 01:18:28,2025-09-13 09:18:28
2438,3742,ups,2025-10-20 05:01:17,2025-10-22 23:01:17
2439,3743,fedex,2025-08-24 10:44:26,2025-08-27 23:44:26
244,376,usps,2025-05-05 12:26:32,2025-05-09 07:26:32
2440,3744,usps,2025-08-13 12:23:14,2025-08-17 14:23:14
2441,3745,fedex,2025-08-20 18:08:52,\N
2442,3746,dhl,2025-09-10 09:17:07,2025-09-11 18:17:07
2443,3747,usps,2025-01-19 16:03:57,2025-01-25 02:03:57
2444,3748,usps,2025-05-05 19:15:29,2025-05-11 03:15:29
2445,3750,dhl,2025-08-23 00:09:48,2025-08-27 14:09:48
2446,3751,usps,2025-09-23 23:06:03,2025-09-27 14:06:03
2447,3753,ups,2025-10-25 02:02:11,2025-10-28 05:02:11
2448,3754,usps,2025-07-10 18:28:51,2025-07-13 07:28:51
2449,3757,dhl,2025-11-08 15:41:37,2025-11-12 15:41:37
245,378,usps,2025-06-25 05:40:44,2025-06-26 22:40:44
2450,3758,usps,2025-09-26 11:52:46,2025-09-30 05:52:46
2451,3761,usps,2025-05-19 23:49:21,2025-05-21 22:49:21
2452,3764,dhl,2025-06-12 05:12:41,2025-06-13 02:12:41
2453,3765,fedex,2025-09-05 15:20:53,2025-09-08 07:20:53
2454,3766,ups,2025-10-07 13:58:53,2025-10-10 19:58:53
2455,3769,ups,2025-04-23 05:49:15,\N
2456,3773,usps,2025-07-26 19:09:55,2025-07-30 13:09:55
2457,3774,fedex,2025-10-24 08:23:39,2025-10-25 08:23:39
2458,3775,dhl,2025-01-27 03:38:46,2025-01-29 20:38:46
2459,3776,usps,2025-07-07 20:12:14,2025-07-11 22:12:14
246,379,ups,2025-03-28 03:51:51,\N
2460,3778,ups,2025-10-01 13:05:19,2025-10-05 04:05:19
2461,3780,ups,2025-02-21 02:14:29,2025-02-24 11:14:29
2462,3781,fedex,2025-11-26 23:16:26,2025-11-29 06:16:26
2463,3784,fedex,2025-03-15 13:55:22,2025-03-17 04:55:22
2464,3786,dhl,2025-12-08 22:18:57,2025-12-12 07:18:57
2465,3787,ups,2025-09-04 10:27:51,2025-09-09 02:27:51
2466,3788,dhl,2025-03-08 20:12:05,2025-03-11 05:12:05
2467,3789,ups,2025-03-28 01:36:15,2025-03-30 16:36:15
2468,3790,usps,2025-04-11 00:59:35,\N
2469,3791,usps,2025-05-05 05:10:14,2025-05-07 06:10:14
247,383,dhl,2025-11-21 12:23:37,2025-11-24 14:23:37
2470,3792,dhl,2025-12-23 05:11:19,\N
2471,3794,dhl,2025-01-23 06:37:25,2025-01-24 14:37:25
2472,3796,dhl,2025-01-05 21:51:54,2025-01-07 01:51:54
2473,3797,dhl,2025-09-06 05:42:41,2025-09-08 14:42:41
2474,3798,dhl,2025-07-04 19:25:39,2025-07-08 11:25:39
2475,3799,usps,2025-02-15 03:50:07,2025-02-18 08:50:07
2476,3800,ups,2025-07-27 07:13:22,2025-07-31 03:13:22
2477,3803,dhl,2025-01-22 21:46:49,2025-01-27 07:46:49
2478,3804,dhl,2025-06-14 11:01:37,2025-06-18 05:01:37
2479,3805,dhl,2025-01-21 19:30:44,2025-01-26 14:30:44
248,387,usps,2025-03-05 23:27:58,2025-03-07 21:27:58
2480,3806,dhl,2025-04-10 11:10:53,2025-04-12 15:10:53
2481,3810,dhl,2025-09-04 23:43:28,2025-09-10 02:43:28
2482,3811,fedex,2025-05-29 17:17:22,2025-05-31 08:17:22
2483,3812,ups,2025-03-15 01:52:44,2025-03-17 00:52:44
2484,3813,ups,2025-03-26 17:56:21,2025-03-29 14:56:21
2485,3815,ups,2025-06-03 14:27:50,2025-06-07 18:27:50
2486,3816,usps,2025-10-14 17:08:31,2025-10-19 21:08:31
2487,3817,fedex,2025-10-21 21:49:35,2025-10-24 18:49:35
2488,3818,dhl,2025-12-02 02:04:27,2025-12-05 11:04:27
2489,3819,usps,2025-02-02 18:26:31,2025-02-07 09:26:31
249,388,usps,2025-11-16 17:48:17,2025-11-17 11:48:17
2490,3821,fedex,2025-05-22 01:13:33,2025-05-23 02:13:33
2491,3822,dhl,2025-12-15 19:18:33,2025-12-16 14:18:33
2492,3824,fedex,2025-07-16 08:20:00,2025-07-17 22:20:00
2493,3825,usps,2025-04-05 10:45:35,2025-04-05 18:45:35
2494,3826,dhl,2025-07-14 00:02:28,2025-07-15 09:02:28
2495,3827,dhl,2025-05-03 11:21:16,2025-05-06 11:21:16
2496,3828,dhl,2025-03-07 18:23:09,2025-03-12 18:23:09
2497,3829,fedex,2025-11-22 15:15:47,2025-11-24 18:15:47
2498,3832,fedex,2025-04-12 09:19:38,2025-04-17 05:19:38
2499,3833,fedex,2025-05-03 07:21:14,2025-05-07 03:21:14
25,38,usps,2025-11-18 10:00:05,\N
250,390,fedex,2025-01-10 11:03:23,2025-01-11 19:03:23
2500,3834,dhl,2025-10-06 10:45:29,2025-10-07 04:45:29
2501,3837,dhl,2025-06-07 06:43:30,\N
2502,3838,usps,2025-12-28 10:00:32,2025-12-30 02:00:32
2503,3840,usps,2025-11-13 12:17:51,\N
2504,3841,ups,2025-03-21 00:46:43,2025-03-26 19:46:43
2505,3842,dhl,2025-12-30 16:06:27,2025-12-31 23:59:59
2506,3843,ups,2025-02-23 00:39:43,2025-02-28 19:39:43
2507,3845,usps,2025-03-02 20:16:03,2025-03-04 10:16:03
2508,3846,fedex,2025-04-08 18:13:04,2025-04-12 22:13:04
2509,3847,ups,2025-04-21 12:42:32,2025-04-21 22:42:32
251,395,dhl,2025-01-31 19:25:03,2025-02-03 05:25:03
2510,3848,dhl,2025-06-28 06:52:27,\N
2511,3850,fedex,2025-04-27 10:50:49,2025-04-30 03:50:49
2512,3851,usps,2025-07-04 00:28:28,2025-07-07 21:28:28
2513,3852,dhl,2025-05-07 03:18:49,2025-05-07 15:18:49
2514,3853,usps,2025-12-12 02:57:17,2025-12-12 09:57:17
2515,3854,dhl,2025-06-13 03:22:02,2025-06-14 07:22:02
2516,3855,dhl,2025-12-13 15:14:35,2025-12-16 01:14:35
2517,3856,usps,2025-12-09 01:16:39,2025-12-09 18:16:39
2518,3858,fedex,2025-02-11 13:58:00,2025-02-17 01:58:00
2519,3860,usps,2025-02-05 13:37:33,2025-02-07 22:37:33
252,396,dhl,2025-11-07 06:59:33,2025-11-10 10:59:33
2520,3861,fedex,2025-05-20 14:09:14,2025-05-25 06:09:14
2521,3862,fedex,2025-11-19 23:47:38,2025-11-25 05:47:38
2522,3865,usps,2025-03-27 03:45:47,2025-03-30 00:45:47
2523,3867,fedex,2025-07-26 10:31:49,2025-07-30 18:31:49
2524,3868,fedex,2025-08-02 10:43:38,2025-08-05 02:43:38
2525,3872,ups,2025-12-09 21:15:39,2025-12-11 11:15:39
2526,3873,usps,2025-02-12 19:12:59,2025-02-16 06:12:59
2527,3874,ups,2025-05-17 10:44:07,2025-05-18 12:44:07
2528,3875,dhl,2025-03-22 06:53:55,2025-03-27 08:53:55
2529,3877,fedex,2025-11-30 15:45:30,2025-12-03 19:45:30
253,397,fedex,2025-09-17 15:09:31,\N
2530,3880,fedex,2025-05-12 04:02:31,2025-05-14 09:02:31
2531,3881,usps,2025-06-28 04:38:16,2025-06-28 21:38:16
2532,3882,ups,2025-06-24 18:48:00,2025-06-28 11:48:00
2533,3883,ups,2025-05-02 00:27:30,2025-05-03 06:27:30
2534,3885,usps,2025-05-13 08:32:36,2025-05-16 07:32:36
2535,3886,ups,2025-02-23 16:15:21,2025-02-27 15:15:21
2536,3888,fedex,2025-04-23 11:43:50,2025-04-25 11:43:50
2537,3891,ups,2025-11-19 13:40:40,2025-11-20 09:40:40
2538,3892,fedex,2025-09-13 08:11:12,2025-09-17 11:11:12
2539,3894,ups,2025-08-03 22:52:46,2025-08-09 17:52:46
254,398,dhl,2025-12-17 20:50:41,2025-12-22 19:50:41
2540,3896,usps,2025-02-23 00:12:28,2025-02-23 22:12:28
2541,3898,fedex,2025-04-03 18:40:57,2025-04-07 10:40:57
2542,3903,ups,2025-05-24 11:56:30,2025-05-27 14:56:30
2543,3906,ups,2025-10-06 12:39:18,2025-10-09 06:39:18
2544,3908,fedex,2025-09-27 13:19:40,2025-09-28 00:19:40
2545,3909,dhl,2025-06-06 20:32:50,2025-06-10 05:32:50
2546,3910,dhl,2025-07-21 05:32:30,\N
2547,3911,fedex,2025-02-01 03:31:00,\N
2548,3913,ups,2025-08-25 18:28:40,2025-08-29 07:28:40
2549,3916,usps,2025-08-06 17:29:43,2025-08-11 04:29:43
255,400,fedex,2025-10-02 04:18:45,2025-10-04 12:18:45
2550,3918,fedex,2025-06-03 16:40:54,2025-06-06 18:40:54
2551,3919,dhl,2025-10-18 13:48:37,2025-10-23 14:48:37
2552,3921,usps,2025-09-04 02:28:19,2025-09-07 12:28:19
2553,3922,fedex,2025-10-07 23:19:03,2025-10-11 21:19:03
2554,3923,fedex,2025-07-14 16:18:02,2025-07-18 05:18:02
2555,3924,ups,2025-10-12 08:47:52,2025-10-14 02:47:52
2556,3925,usps,2025-05-15 12:54:39,2025-05-20 15:54:39
2557,3928,dhl,2025-01-06 05:28:50,2025-01-11 01:28:50
2558,3929,dhl,2025-07-26 08:36:53,2025-07-31 06:36:53
2559,3931,dhl,2025-06-11 02:22:42,2025-06-11 23:22:42
256,402,usps,2025-12-12 08:04:30,2025-12-14 09:04:30
2560,3932,ups,2025-03-21 05:53:01,2025-03-23 16:53:01
2561,3934,ups,2025-02-21 00:29:25,2025-02-22 15:29:25
2562,3935,ups,2025-06-05 02:15:27,2025-06-06 09:15:27
2563,3937,usps,2025-10-28 22:28:15,2025-10-31 06:28:15
2564,3938,fedex,2025-01-04 19:52:43,2025-01-07 17:52:43
2565,3939,usps,2025-07-29 21:52:23,2025-08-01 00:52:23
2566,3940,fedex,2025-06-07 09:11:17,2025-06-11 16:11:17
2567,3942,dhl,2025-06-29 06:42:28,2025-06-29 17:42:28
2568,3943,usps,2025-09-23 03:21:07,2025-09-28 15:21:07
2569,3948,fedex,2025-01-07 10:17:13,2025-01-13 02:17:13
257,403,dhl,2025-12-02 13:52:43,2025-12-06 13:52:43
2570,3949,usps,2025-09-09 20:28:19,2025-09-15 08:28:19
2571,3950,ups,2025-03-12 16:44:50,2025-03-15 19:44:50
2572,3953,dhl,2025-06-10 17:29:10,2025-06-13 16:29:10
2573,3960,ups,2025-04-22 00:01:40,2025-04-22 19:01:40
2574,3961,dhl,2025-01-26 18:50:15,2025-01-29 19:50:15
2575,3963,ups,2025-08-12 21:11:56,2025-08-14 14:11:56
2576,3964,usps,2025-12-22 03:06:11,2025-12-23 02:06:11
2577,3965,dhl,2025-10-23 08:56:34,2025-10-24 12:56:34
2578,3969,dhl,2025-07-23 00:03:08,2025-07-27 23:03:08
2579,3970,dhl,2025-04-05 19:45:20,2025-04-11 10:45:20
258,405,ups,2025-12-27 08:12:16,2025-12-31 23:59:59
2580,3971,ups,2025-03-22 14:50:52,2025-03-26 16:50:52
2581,3972,ups,2025-10-24 17:11:42,\N
2582,3974,fedex,2025-02-07 05:14:14,2025-02-08 18:14:14
2583,3977,ups,2025-08-09 11:26:18,2025-08-13 18:26:18
2584,3978,ups,2025-02-17 23:59:45,2025-02-20 14:59:45
2585,3979,ups,2025-01-06 20:07:19,2025-01-11 03:07:19
2586,3980,fedex,2025-05-04 22:05:06,2025-05-08 00:05:06
2587,3982,fedex,2025-04-16 20:38:08,2025-04-18 10:38:08
2588,3983,fedex,2025-04-14 11:58:13,2025-04-18 11:58:13
2589,3984,dhl,2025-04-15 15:57:48,2025-04-18 14:57:48
259,406,dhl,2025-06-07 09:18:25,2025-06-09 23:18:25
2590,3985,dhl,2025-01-04 06:01:09,2025-01-05 10:01:09
2591,3986,ups,2025-05-15 08:28:46,2025-05-19 06:28:46
2592,3988,fedex,2025-07-14 07:21:47,2025-07-18 16:21:47
2593,3989,usps,2025-12-15 14:31:11,2025-12-16 11:31:11
2594,3990,ups,2025-05-22 20:25:25,2025-05-23 07:25:25
2595,3992,fedex,2025-04-08 06:57:49,2025-04-09 07:57:49
2596,3995,usps,2025-10-24 13:31:11,2025-10-25 21:31:11
2597,3996,fedex,2025-02-09 15:35:29,2025-02-10 03:35:29
2598,3997,ups,2025-09-09 04:52:18,2025-09-10 08:52:18
2599,3999,usps,2025-04-22 17:57:13,2025-04-25 08:57:13
26,41,dhl,2025-03-06 10:39:29,2025-03-07 21:39:29
260,408,fedex,2025-07-04 17:00:55,2025-07-09 11:00:55
2600,4000,dhl,2025-06-30 01:52:36,2025-07-02 10:52:36
2601,4001,fedex,2025-04-18 10:40:52,2025-04-20 00:40:52
2602,4003,usps,2025-05-01 17:05:45,2025-05-06 17:05:45
2603,4004,ups,2025-04-30 13:56:02,2025-05-02 13:56:02
2604,4006,ups,2025-11-11 16:57:45,2025-11-14 18:57:45
2605,4007,usps,2025-12-31 17:24:32,2025-12-31 23:59:59
2606,4008,usps,2025-02-28 12:06:14,2025-03-01 11:06:14
2607,4009,fedex,2025-09-08 14:22:40,2025-09-13 08:22:40
2608,4011,usps,2025-10-14 05:01:57,2025-10-18 05:01:57
2609,4015,fedex,2025-10-07 18:49:01,2025-10-09 13:49:01
261,411,ups,2025-11-12 07:02:49,2025-11-14 11:02:49
2610,4017,fedex,2025-08-13 06:15:38,2025-08-14 21:15:38
2611,4018,ups,2025-04-23 12:13:48,2025-04-29 07:13:48
2612,4019,fedex,2025-12-19 22:00:56,2025-12-22 18:00:56
2613,4022,dhl,2025-06-10 06:54:40,2025-06-15 16:54:40
2614,4024,usps,2025-07-17 14:46:58,2025-07-20 06:46:58
2615,4026,usps,2025-07-08 19:57:35,2025-07-14 02:57:35
2616,4028,dhl,2025-01-28 10:48:55,2025-02-01 04:48:55
2617,4030,fedex,2025-09-11 08:04:50,2025-09-14 01:04:50
2618,4031,usps,2025-06-24 08:38:50,2025-06-28 20:38:50
2619,4032,dhl,2025-01-16 16:18:33,2025-01-19 20:18:33
262,415,dhl,2025-07-16 22:21:06,\N
2620,4033,dhl,2025-12-27 05:41:44,2025-12-31 23:41:44
2621,4034,ups,2025-11-18 07:40:20,2025-11-23 08:40:20
2622,4035,ups,2025-07-28 00:35:24,2025-08-01 18:35:24
2623,4037,usps,2025-11-23 23:50:47,2025-11-26 04:50:47
2624,4039,ups,2025-05-28 14:25:55,2025-05-30 14:25:55
2625,4041,fedex,2025-04-28 00:29:15,2025-04-28 20:29:15
2626,4042,ups,2025-12-30 08:53:19,2025-12-31 23:59:59
2627,4045,fedex,2025-11-10 00:44:19,2025-11-10 13:44:19
2628,4048,usps,2025-04-13 06:12:43,2025-04-15 22:12:43
2629,4051,usps,2025-07-06 21:30:37,2025-07-07 15:30:37
263,416,usps,2025-10-16 09:42:11,2025-10-21 10:42:11
2630,4053,ups,2025-07-28 12:18:19,2025-07-28 23:18:19
2631,4054,usps,2025-07-13 17:09:29,2025-07-16 14:09:29
2632,4055,fedex,2025-06-06 04:44:20,2025-06-09 16:44:20
2633,4058,fedex,2025-02-07 20:46:01,2025-02-10 22:46:01
2634,4059,fedex,2025-04-18 17:45:25,2025-04-19 13:45:25
2635,4061,ups,2025-04-18 08:28:16,2025-04-21 18:28:16
2636,4064,usps,2025-01-16 01:46:59,2025-01-18 23:46:59
2637,4066,dhl,2025-01-03 13:48:12,2025-01-07 08:48:12
2638,4067,usps,2025-07-29 09:47:34,2025-07-30 06:47:34
2639,4068,usps,2025-05-20 17:33:03,2025-05-26 10:33:03
264,417,usps,2025-12-16 18:13:59,2025-12-17 22:13:59
2640,4070,fedex,2025-03-19 22:37:22,2025-03-24 20:37:22
2641,4071,usps,2025-01-15 22:52:29,2025-01-20 02:52:29
2642,4075,usps,2025-10-08 06:54:18,2025-10-09 17:54:18
2643,4076,ups,2025-07-26 15:40:09,\N
2644,4078,usps,2025-08-05 07:31:26,2025-08-10 18:31:26
2645,4080,ups,2025-08-20 12:59:48,2025-08-21 03:59:48
2646,4081,fedex,2025-01-21 07:13:15,2025-01-25 13:13:15
2647,4082,fedex,2025-09-19 01:53:41,2025-09-23 23:53:41
2648,4083,fedex,2025-04-09 13:40:42,2025-04-14 08:40:42
2649,4086,fedex,2025-11-15 19:19:01,2025-11-16 14:19:01
265,418,dhl,2025-08-12 15:28:02,2025-08-17 17:28:02
2650,4088,usps,2025-08-06 20:49:57,2025-08-08 16:49:57
2651,4089,fedex,2025-06-17 08:13:46,2025-06-21 09:13:46
2652,4091,fedex,2025-11-02 01:01:12,2025-11-05 09:01:12
2653,4093,dhl,2025-05-31 14:48:53,2025-06-06 06:48:53
2654,4094,fedex,2025-11-15 20:27:53,2025-11-18 00:27:53
2655,4096,dhl,2025-05-01 23:51:01,2025-05-07 13:51:01
2656,4099,usps,2025-12-23 05:19:04,2025-12-25 11:19:04
2657,4101,usps,2025-07-30 20:02:08,2025-08-02 07:02:08
2658,4102,fedex,2025-11-29 10:29:30,2025-12-02 03:29:30
2659,4103,ups,2025-11-07 06:34:45,2025-11-08 00:34:45
266,419,ups,2025-04-02 23:25:50,2025-04-08 05:25:50
2660,4106,usps,2025-03-20 19:07:18,2025-03-23 05:07:18
2661,4108,usps,2025-03-29 12:50:15,2025-04-03 17:50:15
2662,4109,ups,2025-09-04 11:01:59,2025-09-07 03:01:59
2663,4110,dhl,2025-02-10 18:03:45,2025-02-13 13:03:45
2664,4111,dhl,2025-04-04 15:55:02,2025-04-06 19:55:02
2665,4112,fedex,2025-11-24 05:25:09,2025-11-26 20:25:09
2666,4115,dhl,2025-03-05 07:16:27,2025-03-09 04:16:27
2667,4116,dhl,2025-07-29 08:51:42,2025-08-03 05:51:42
2668,4119,usps,2025-04-29 16:15:33,2025-05-03 06:15:33
2669,4120,dhl,2025-06-19 15:36:53,2025-06-23 17:36:53
267,421,dhl,2025-07-18 13:41:51,2025-07-20 14:41:51
2670,4121,usps,2025-04-08 11:50:43,2025-04-12 08:50:43
2671,4122,fedex,2025-10-22 23:40:02,\N
2672,4123,dhl,2025-02-03 15:30:20,2025-02-07 20:30:20
2673,4124,dhl,2025-09-20 18:06:32,2025-09-24 11:06:32
2674,4126,ups,2025-02-13 18:15:09,2025-02-18 15:15:09
2675,4129,dhl,2025-08-07 14:31:33,2025-08-11 15:31:33
2676,4131,usps,2025-03-23 20:56:33,2025-03-29 04:56:33
2677,4132,ups,2025-03-27 19:08:09,2025-03-31 18:08:09
2678,4133,fedex,2025-04-29 00:24:57,2025-04-29 20:24:57
2679,4134,fedex,2025-03-03 08:13:20,2025-03-06 17:13:20
268,422,fedex,2025-10-16 09:55:30,2025-10-18 19:55:30
2680,4136,ups,2025-05-21 09:01:25,2025-05-26 13:01:25
2681,4138,usps,2025-07-06 21:15:49,2025-07-12 14:15:49
2682,4139,dhl,2025-10-22 07:46:52,2025-10-23 04:46:52
2683,4140,ups,2025-09-29 07:57:01,\N
2684,4143,fedex,2025-07-08 20:04:01,2025-07-12 15:04:01
2685,4146,dhl,2025-01-19 09:18:40,2025-01-22 05:18:40
2686,4148,ups,2025-07-17 00:17:06,2025-07-18 09:17:06
2687,4149,ups,2025-02-27 14:24:49,2025-03-02 09:24:49
2688,4151,ups,2025-06-03 16:07:29,2025-06-08 05:07:29
2689,4153,dhl,2025-12-06 23:34:31,\N
269,425,fedex,2025-05-09 21:19:20,2025-05-14 19:19:20
2690,4154,fedex,2025-03-31 08:31:26,2025-04-03 21:31:26
2691,4155,usps,2025-04-20 16:17:36,2025-04-22 21:17:36
2692,4156,ups,2025-11-03 04:17:11,2025-11-08 12:17:11
2693,4159,dhl,2025-05-16 14:16:21,2025-05-17 07:16:21
2694,4160,ups,2025-04-11 02:35:12,2025-04-14 10:35:12
2695,4161,dhl,2025-01-29 02:57:40,2025-01-31 00:57:40
2696,4162,fedex,2025-12-14 20:41:04,2025-12-17 16:41:04
2697,4163,ups,2025-02-08 23:44:06,2025-02-13 16:44:06
2698,4165,fedex,2025-11-11 13:26:06,2025-11-14 17:26:06
2699,4166,usps,2025-02-13 02:13:18,2025-02-17 06:13:18
27,42,ups,2025-07-15 12:39:14,2025-07-18 10:39:14
270,428,dhl,2025-05-31 08:15:21,2025-06-01 06:15:21
2700,4169,ups,2025-05-06 09:56:57,2025-05-07 14:56:57
2701,4171,ups,2025-08-29 02:42:46,2025-08-30 06:42:46
2702,4175,usps,2025-04-16 18:23:01,2025-04-19 00:23:01
2703,4177,dhl,2025-03-06 11:05:41,2025-03-07 02:05:41
2704,4178,ups,2025-02-04 12:49:32,\N
2705,4183,usps,2025-07-07 20:07:42,2025-07-10 04:07:42
2706,4185,usps,2025-07-06 19:37:34,2025-07-09 21:37:34
2707,4186,usps,2025-04-09 05:14:40,2025-04-09 21:14:40
2708,4187,fedex,2025-07-06 04:57:38,2025-07-06 23:57:38
2709,4189,usps,2025-04-11 19:04:30,2025-04-13 09:04:30
271,430,fedex,2025-02-01 11:29:32,2025-02-02 01:29:32
2710,4190,dhl,2025-06-17 20:16:35,2025-06-21 00:16:35
2711,4193,dhl,2025-05-30 01:06:38,2025-06-01 14:06:38
2712,4195,fedex,2025-02-20 01:32:55,2025-02-21 14:32:55
2713,4197,dhl,2025-05-06 14:46:45,2025-05-12 09:46:45
2714,4200,fedex,2025-02-06 12:56:43,2025-02-09 11:56:43
2715,4201,fedex,2025-11-27 18:42:59,2025-12-02 15:42:59
2716,4202,usps,2025-07-20 09:33:55,2025-07-23 04:33:55
2717,4203,dhl,2025-06-01 07:46:04,2025-06-06 22:46:04
2718,4206,fedex,2025-05-09 04:36:10,2025-05-09 16:36:10
2719,4208,ups,2026-01-02 13:54:30,2025-12-31 23:59:59
272,431,fedex,2025-09-01 23:29:39,2025-09-06 06:29:39
2720,4209,dhl,2025-09-09 20:41:41,2025-09-12 19:41:41
2721,4210,usps,2025-02-25 23:42:08,2025-02-26 22:42:08
2722,4211,ups,2025-02-16 05:20:10,2025-02-19 20:20:10
2723,4212,dhl,2025-05-25 16:16:55,2025-05-30 10:16:55
2724,4213,dhl,2025-07-10 05:06:43,2025-07-15 05:06:43
2725,4214,dhl,2025-05-06 10:11:00,2025-05-06 16:11:00
2726,4215,ups,2025-02-14 18:11:10,2025-02-16 20:11:10
2727,4217,fedex,2025-11-06 16:54:40,\N
2728,4219,usps,2025-05-21 08:51:11,2025-05-25 18:51:11
2729,4221,ups,2025-08-06 06:01:05,2025-08-09 02:01:05
273,432,fedex,2025-05-11 17:10:44,2025-05-15 22:10:44
2730,4222,usps,2025-01-18 05:10:38,2025-01-23 12:10:38
2731,4223,fedex,2025-10-14 05:07:13,2025-10-19 02:07:13
2732,4224,fedex,2025-01-29 11:37:14,2025-01-30 13:37:14
2733,4225,dhl,2025-09-20 18:33:29,2025-09-22 09:33:29
2734,4226,ups,2025-03-21 23:41:48,2025-03-23 02:41:48
2735,4227,ups,2025-03-05 21:14:53,2025-03-06 04:14:53
2736,4230,ups,2025-08-11 07:23:52,2025-08-16 21:23:52
2737,4231,fedex,2025-07-04 07:37:03,2025-07-06 18:37:03
2738,4232,ups,2025-06-08 13:08:08,2025-06-13 17:08:08
2739,4233,dhl,2025-10-01 10:04:05,2025-10-04 01:04:05
274,433,dhl,2025-01-09 20:03:37,2025-01-12 16:03:37
2740,4235,dhl,2025-07-17 10:34:58,2025-07-22 15:34:58
2741,4236,dhl,2025-07-14 18:42:23,2025-07-17 08:42:23
2742,4237,ups,2025-10-15 06:07:10,2025-10-20 14:07:10
2743,4238,fedex,2025-07-20 22:26:02,2025-07-21 16:26:02
2744,4239,usps,2025-07-02 21:25:29,2025-07-08 11:25:29
2745,4240,fedex,2025-05-24 07:41:57,\N
2746,4241,fedex,2025-06-29 15:41:25,2025-07-01 01:41:25
2747,4243,dhl,2025-05-19 21:37:19,2025-05-23 02:37:19
2748,4244,dhl,2025-07-25 20:57:41,2025-07-29 17:57:41
2749,4248,fedex,2025-03-25 23:32:57,2025-03-27 17:32:57
275,439,fedex,2025-05-05 22:21:36,2025-05-08 20:21:36
2750,4249,dhl,2025-01-29 00:55:26,2025-02-01 11:55:26
2751,4251,usps,2025-03-14 22:10:58,2025-03-15 08:10:58
2752,4252,usps,2025-04-29 17:43:54,2025-05-03 19:43:54
2753,4253,usps,2025-05-04 22:58:52,2025-05-05 07:58:52
2754,4255,usps,2025-05-06 03:20:07,2025-05-08 21:20:07
2755,4258,fedex,2025-07-08 10:52:12,2025-07-14 04:52:12
2756,4259,ups,2025-05-01 13:01:05,2025-05-06 11:01:05
2757,4260,dhl,2025-07-22 05:35:45,2025-07-23 09:35:45
2758,4261,fedex,2025-11-28 09:57:10,2025-11-29 19:57:10
2759,4262,dhl,2025-09-21 20:37:30,2025-09-23 19:37:30
276,441,usps,2025-03-01 16:13:12,2025-03-06 13:13:12
2760,4264,usps,2025-05-08 12:29:37,2025-05-10 03:29:37
2761,4265,usps,2025-07-03 10:15:39,2025-07-04 23:15:39
2762,4266,ups,2025-08-04 22:58:16,2025-08-07 21:58:16
2763,4268,usps,2025-11-23 01:25:57,2025-11-24 12:25:57
2764,4269,usps,2025-01-07 12:42:06,2025-01-12 03:42:06
2765,4270,fedex,2025-12-07 03:20:32,\N
2766,4271,ups,2025-12-13 17:37:25,2025-12-14 05:37:25
2767,4272,ups,2025-06-29 21:17:26,2025-07-01 01:17:26
2768,4274,dhl,2026-01-01 01:58:59,2025-12-31 23:59:59
2769,4275,usps,2025-09-23 16:14:39,2025-09-24 07:14:39
277,445,fedex,2025-01-23 01:05:19,2025-01-24 01:05:19
2770,4276,usps,2025-03-16 06:17:48,2025-03-21 22:17:48
2771,4277,usps,2025-10-17 14:43:37,2025-10-18 15:43:37
2772,4278,usps,2025-11-04 01:51:04,2025-11-06 23:51:04
2773,4279,usps,2025-07-17 20:26:50,2025-07-22 21:26:50
2774,4280,fedex,2025-04-21 07:01:38,2025-04-25 15:01:38
2775,4281,fedex,2025-11-08 04:20:55,2025-11-12 20:20:55
2776,4283,usps,2025-08-23 16:23:40,2025-08-29 05:23:40
2777,4284,dhl,2025-02-17 08:21:00,2025-02-17 18:21:00
2778,4286,ups,2025-08-06 09:48:12,\N
2779,4287,fedex,2025-07-23 16:40:40,2025-07-25 16:40:40
278,447,ups,2025-08-05 05:54:25,2025-08-06 06:54:25
2780,4288,fedex,2025-02-17 10:31:54,2025-02-22 15:31:54
2781,4289,fedex,2025-05-11 18:53:12,2025-05-13 05:53:12
2782,4290,fedex,2025-09-21 00:00:02,2025-09-23 04:00:02
2783,4291,dhl,2025-05-29 07:59:48,2025-05-29 13:59:48
2784,4292,fedex,2025-07-20 16:13:35,2025-07-23 19:13:35
2785,4293,dhl,2025-02-23 17:41:57,2025-02-27 04:41:57
2786,4294,usps,2025-03-21 02:27:19,\N
2787,4295,dhl,2025-05-20 08:26:50,2025-05-25 04:26:50
2788,4297,usps,2025-03-05 12:41:39,2025-03-07 17:41:39
2789,4299,fedex,2025-02-18 07:13:17,2025-02-21 05:13:17
279,448,ups,2025-12-24 09:56:16,2025-12-28 09:56:16
2790,4302,fedex,2025-01-06 03:35:30,2025-01-09 22:35:30
2791,4303,usps,2025-02-16 08:14:22,2025-02-19 00:14:22
2792,4304,fedex,2025-04-30 03:20:21,2025-05-01 00:20:21
2793,4306,fedex,2025-02-12 09:21:31,2025-02-18 03:21:31
2794,4307,ups,2025-01-18 14:42:32,2025-01-18 23:42:32
2795,4311,usps,2025-09-13 17:52:20,2025-09-15 01:52:20
2796,4314,ups,2025-09-25 09:04:45,2025-09-26 15:04:45
2797,4315,ups,2025-03-19 08:08:28,2025-03-21 05:08:28
2798,4316,ups,2025-12-01 03:19:04,2025-12-03 05:19:04
2799,4317,dhl,2025-08-05 23:08:24,2025-08-06 12:08:24
28,44,dhl,2025-01-15 08:39:16,2025-01-20 11:39:16
280,449,dhl,2025-08-01 06:07:26,2025-08-02 00:07:26
2800,4318,usps,2025-08-10 14:25:29,2025-08-15 03:25:29
2801,4319,ups,2025-05-30 05:00:39,2025-06-02 13:00:39
2802,4320,ups,2025-06-17 01:13:02,2025-06-22 18:13:02
2803,4321,usps,2025-04-24 09:26:19,2025-04-25 14:26:19
2804,4325,fedex,2025-04-05 14:08:07,2025-04-08 00:08:07
2805,4327,ups,2025-08-13 22:07:43,2025-08-14 06:07:43
2806,4329,usps,2025-08-09 09:35:38,2025-08-13 03:35:38
2807,4330,usps,2025-11-17 02:28:45,2025-11-21 02:28:45
2808,4331,ups,2025-08-20 01:28:01,2025-08-25 07:28:01
2809,4333,dhl,2025-10-23 04:31:13,2025-10-26 22:31:13
281,451,usps,2025-03-12 15:02:51,2025-03-17 03:02:51
2810,4334,ups,2025-03-20 01:27:52,2025-03-23 11:27:52
2811,4335,dhl,2025-09-20 23:18:22,2025-09-24 03:18:22
2812,4338,ups,2025-01-18 11:27:55,2025-01-23 13:27:55
2813,4341,dhl,2025-09-15 07:26:03,2025-09-19 06:26:03
2814,4345,usps,2025-03-23 15:03:17,2025-03-28 20:03:17
2815,4346,usps,2025-02-06 13:10:55,2025-02-11 06:10:55
2816,4348,dhl,2025-04-22 09:48:55,2025-04-25 17:48:55
2817,4350,usps,2025-05-26 13:14:52,2025-05-31 23:14:52
2818,4353,fedex,2025-06-12 05:50:06,2025-06-12 18:50:06
2819,4354,usps,2025-11-15 12:54:16,2025-11-20 19:54:16
282,452,dhl,2025-09-15 14:18:43,2025-09-19 11:18:43
2820,4355,usps,2025-12-26 14:34:55,2025-12-27 14:34:55
2821,4357,usps,2025-12-25 11:51:42,\N
2822,4358,ups,2025-11-12 09:02:28,2025-11-14 09:02:28
2823,4360,ups,2025-04-10 17:26:40,2025-04-11 21:26:40
2824,4362,dhl,2025-08-15 05:52:46,2025-08-16 02:52:46
2825,4363,dhl,2025-04-15 19:15:30,2025-04-21 06:15:30
2826,4364,usps,2025-04-04 15:36:48,2025-04-05 22:36:48
2827,4366,dhl,2025-10-28 23:38:14,2025-11-02 10:38:14
2828,4367,dhl,2025-10-08 21:17:54,2025-10-13 09:17:54
2829,4368,dhl,2025-10-13 19:55:21,\N
283,455,fedex,2025-05-15 01:04:47,2025-05-16 23:04:47
2830,4370,ups,2025-07-26 05:50:34,2025-07-27 00:50:34
2831,4371,usps,2025-09-20 02:08:39,2025-09-24 12:08:39
2832,4372,dhl,2025-02-20 17:08:48,2025-02-21 03:08:48
2833,4374,dhl,2025-07-03 01:34:34,2025-07-07 15:34:34
2834,4375,ups,2025-06-04 22:51:01,2025-06-10 03:51:01
2835,4377,dhl,2025-09-16 22:53:18,2025-09-20 01:53:18
2836,4379,usps,2025-06-30 07:04:49,2025-07-01 20:04:49
2837,4381,usps,2025-04-08 21:59:55,2025-04-12 01:59:55
2838,4383,dhl,2025-03-24 03:41:16,2025-03-25 04:41:16
2839,4385,fedex,2025-04-20 09:55:30,2025-04-21 04:55:30
284,456,ups,2025-03-30 22:27:00,\N
2840,4387,fedex,2025-12-11 06:18:03,2025-12-16 20:18:03
2841,4388,dhl,2025-03-16 15:06:14,\N
2842,4389,fedex,2025-10-16 16:47:07,2025-10-19 18:47:07
2843,4390,usps,2025-02-04 20:44:49,2025-02-09 21:44:49
2844,4391,ups,2025-01-21 02:55:28,2025-01-24 20:55:28
2845,4394,usps,2025-04-28 17:45:37,2025-05-01 00:45:37
2846,4395,usps,2025-09-09 20:54:06,2025-09-14 09:54:06
2847,4400,usps,2025-03-14 22:40:15,2025-03-20 09:40:15
2848,4402,ups,2025-09-02 12:05:14,2025-09-06 02:05:14
2849,4404,dhl,2025-11-26 18:00:42,2025-12-01 05:00:42
285,457,fedex,2025-10-19 20:16:18,2025-10-23 23:16:18
2850,4406,dhl,2025-11-10 00:22:36,2025-11-14 00:22:36
2851,4407,dhl,2025-05-31 04:31:15,2025-06-01 22:31:15
2852,4408,dhl,2025-01-08 12:25:32,2025-01-14 03:25:32
2853,4409,fedex,2025-12-09 01:31:17,2025-12-09 16:31:17
2854,4410,usps,2025-10-17 20:21:16,\N
2855,4411,ups,2025-11-03 13:34:00,\N
2856,4412,fedex,2025-12-12 00:42:20,2025-12-12 13:42:20
2857,4413,usps,2026-01-01 17:44:33,2025-12-31 23:59:59
2858,4414,dhl,2025-06-09 16:51:20,2025-06-12 22:51:20
2859,4415,usps,2025-07-23 21:57:13,2025-07-27 15:57:13
286,458,ups,2025-10-21 08:33:41,2025-10-25 12:33:41
2860,4416,dhl,2025-07-11 00:51:49,2025-07-14 02:51:49
2861,4417,usps,2025-12-24 19:07:13,2025-12-25 01:07:13
2862,4418,dhl,2025-05-10 09:38:43,2025-05-14 17:38:43
2863,4419,usps,2025-04-06 20:07:24,2025-04-07 16:07:24
2864,4423,dhl,2025-05-15 08:45:58,2025-05-19 09:45:58
2865,4424,dhl,2025-09-09 13:21:18,2025-09-10 11:21:18
2866,4425,dhl,2025-11-15 21:46:54,\N
2867,4426,fedex,2025-02-05 11:15:49,2025-02-08 07:15:49
2868,4427,dhl,2025-07-23 16:09:21,2025-07-23 22:09:21
2869,4428,dhl,2025-12-28 18:53:59,2025-12-30 11:53:59
287,459,fedex,2025-12-12 07:21:57,2025-12-13 04:21:57
2870,4430,usps,2025-05-16 14:38:37,2025-05-20 20:38:37
2871,4431,fedex,2025-05-19 15:50:30,2025-05-20 07:50:30
2872,4432,fedex,2025-12-21 08:30:27,2025-12-24 16:30:27
2873,4433,dhl,2025-01-09 19:51:49,2025-01-12 09:51:49
2874,4434,ups,2025-04-12 09:10:38,2025-04-15 11:10:38
2875,4435,dhl,2025-10-28 05:29:23,2025-10-30 15:29:23
2876,4437,fedex,2025-07-04 04:56:52,2025-07-08 20:56:52
2877,4439,fedex,2025-05-09 08:49:26,2025-05-14 21:49:26
2878,4440,usps,2025-09-12 13:30:42,2025-09-17 01:30:42
2879,4441,ups,2025-03-07 20:34:30,2025-03-08 04:34:30
288,460,fedex,2025-02-28 05:22:12,2025-03-04 08:22:12
2880,4444,dhl,2025-07-27 19:23:07,2025-07-30 09:23:07
2881,4445,dhl,2025-03-19 04:40:27,2025-03-23 12:40:27
2882,4446,ups,2025-01-19 03:24:36,2025-01-20 18:24:36
2883,4447,fedex,2025-06-24 18:01:15,2025-06-30 05:01:15
2884,4448,usps,2025-08-05 18:50:22,\N
2885,4449,ups,2025-08-22 00:33:38,2025-08-22 15:33:38
2886,4450,fedex,2025-06-03 11:43:53,2025-06-04 17:43:53
2887,4451,dhl,2025-09-10 07:59:46,2025-09-15 11:59:46
2888,4452,fedex,2025-04-08 08:48:17,2025-04-13 09:48:17
2889,4453,fedex,2025-12-27 00:26:57,2025-12-30 15:26:57
289,462,fedex,2025-09-17 03:25:49,2025-09-21 02:25:49
2890,4455,ups,2025-02-16 10:40:56,2025-02-17 07:40:56
2891,4456,dhl,2025-11-27 05:31:19,2025-11-30 06:31:19
2892,4458,usps,2025-07-08 02:29:36,2025-07-13 01:29:36
2893,4459,dhl,2025-02-03 01:04:25,2025-02-03 18:04:25
2894,4461,ups,2025-03-04 02:38:28,2025-03-07 08:38:28
2895,4462,fedex,2025-12-04 13:28:08,2025-12-06 18:28:08
2896,4464,ups,2025-10-15 23:13:10,2025-10-21 17:13:10
2897,4465,fedex,2025-10-28 14:37:44,2025-11-02 13:37:44
2898,4466,ups,2025-06-04 13:44:37,2025-06-05 02:44:37
2899,4467,usps,2025-09-01 03:49:47,2025-09-03 01:49:47
29,45,fedex,2025-03-19 23:52:06,2025-03-21 10:52:06
290,463,ups,2025-10-24 12:11:05,2025-10-26 20:11:05
2900,4468,ups,2025-11-29 14:57:58,2025-12-01 22:57:58
2901,4470,fedex,2025-06-17 18:41:53,2025-06-21 00:41:53
2902,4473,fedex,2025-09-30 04:28:10,2025-10-04 02:28:10
2903,4474,ups,2025-12-29 13:45:56,2025-12-30 03:45:56
2904,4475,dhl,2025-03-03 19:53:36,2025-03-09 05:53:36
2905,4476,usps,2025-03-07 10:48:26,2025-03-12 10:48:26
2906,4477,ups,2025-04-08 12:04:47,2025-04-12 07:04:47
2907,4478,fedex,2025-06-20 06:08:40,2025-06-21 16:08:40
2908,4480,usps,2025-05-27 14:51:49,\N
2909,4481,fedex,2025-11-13 03:00:13,2025-11-18 00:00:13
291,464,dhl,2025-04-01 22:28:43,2025-04-05 10:28:43
2910,4482,fedex,2025-05-14 03:27:10,2025-05-14 11:27:10
2911,4484,ups,2025-11-29 06:58:23,2025-12-01 00:58:23
2912,4486,usps,2025-07-17 22:54:30,2025-07-20 00:54:30
2913,4487,fedex,2025-06-19 05:52:04,2025-06-24 10:52:04
2914,4488,ups,2025-01-10 20:29:07,2025-01-11 19:29:07
2915,4489,ups,2025-01-08 12:59:42,2025-01-09 01:59:42
2916,4490,dhl,2025-03-20 00:27:53,2025-03-25 12:27:53
2917,4491,dhl,2025-12-22 15:07:22,2025-12-24 22:07:22
2918,4492,usps,2025-08-21 14:29:14,2025-08-25 21:29:14
2919,4493,ups,2025-07-04 19:54:54,2025-07-06 06:54:54
292,465,dhl,2025-01-25 22:41:04,2025-01-30 09:41:04
2920,4495,ups,2025-03-27 18:43:50,2025-03-31 18:43:50
2921,4498,usps,2025-10-06 21:45:09,2025-10-09 16:45:09
2922,4501,dhl,2025-09-01 07:25:17,2025-09-03 06:25:17
2923,4502,usps,2025-01-13 07:39:53,2025-01-16 16:39:53
2924,4503,usps,2025-12-10 22:38:59,2025-12-13 09:38:59
2925,4505,dhl,2025-12-15 11:23:10,\N
2926,4506,usps,2025-03-29 21:23:08,2025-03-30 03:23:08
2927,4507,ups,2025-03-29 11:23:08,\N
2928,4508,fedex,2025-06-01 23:54:55,2025-06-07 09:54:55
2929,4509,fedex,2025-07-19 20:55:00,2025-07-24 05:55:00
293,467,ups,2025-09-03 02:56:22,2025-09-03 09:56:22
2930,4510,dhl,2025-07-03 04:37:11,2025-07-03 22:37:11
2931,4511,ups,2025-03-06 23:56:42,2025-03-11 06:56:42
2932,4512,fedex,2025-04-07 13:35:06,2025-04-11 17:35:06
2933,4516,usps,2025-01-23 01:27:54,2025-01-24 07:27:54
2934,4517,usps,2025-10-13 21:09:53,2025-10-15 05:09:53
2935,4518,dhl,2025-10-16 11:05:25,2025-10-20 10:05:25
2936,4519,dhl,2025-04-05 10:16:59,\N
2937,4520,fedex,2025-03-19 03:42:41,\N
2938,4522,fedex,2025-04-15 06:06:54,2025-04-16 06:06:54
2939,4523,usps,2025-07-10 15:43:05,2025-07-14 04:43:05
294,468,fedex,2025-03-08 09:03:14,2025-03-10 01:03:14
2940,4524,ups,2025-08-17 23:28:44,2025-08-20 19:28:44
2941,4525,dhl,2025-02-16 23:46:44,\N
2942,4526,dhl,2025-01-04 05:42:20,2025-01-08 13:42:20
2943,4528,dhl,2025-07-02 08:01:54,2025-07-06 06:01:54
2944,4530,ups,2025-10-20 00:18:39,2025-10-23 18:18:39
2945,4531,ups,2025-01-04 14:47:39,2025-01-07 23:47:39
2946,4532,fedex,2025-03-14 20:31:22,2025-03-20 04:31:22
2947,4534,fedex,2025-11-09 17:15:18,2025-11-12 11:15:18
2948,4539,usps,2025-11-22 22:04:08,2025-11-28 17:04:08
2949,4540,usps,2025-12-13 14:19:05,2025-12-19 09:19:05
295,469,usps,2025-04-25 20:34:06,2025-04-28 01:34:06
2950,4541,dhl,2025-11-11 17:15:18,2025-11-13 16:15:18
2951,4546,fedex,2025-12-11 07:07:43,2025-12-13 04:07:43
2952,4547,ups,2025-05-15 02:38:54,2025-05-18 11:38:54
2953,4549,dhl,2025-12-19 22:04:38,2025-12-21 10:04:38
2954,4554,usps,2025-12-05 15:26:29,2025-12-06 12:26:29
2955,4555,ups,2025-04-14 00:22:47,2025-04-18 07:22:47
2956,4558,ups,2025-08-09 09:56:54,2025-08-09 23:56:54
2957,4561,usps,2025-03-19 11:15:03,2025-03-22 23:15:03
2958,4563,usps,2025-11-16 22:59:32,2025-11-20 05:59:32
2959,4564,ups,2025-04-13 00:07:56,2025-04-13 14:07:56
296,472,fedex,2025-01-25 00:40:28,2025-01-27 12:40:28
2960,4565,usps,2025-08-14 14:23:37,\N
2961,4566,fedex,2025-12-09 21:41:47,2025-12-14 18:41:47
2962,4567,ups,2025-03-29 05:52:35,2025-04-03 04:52:35
2963,4569,fedex,2025-10-04 13:05:14,2025-10-06 09:05:14
2964,4570,fedex,2025-07-21 10:35:40,2025-07-21 18:35:40
2965,4571,dhl,2025-04-11 12:29:21,2025-04-15 10:29:21
2966,4572,ups,2025-04-22 01:57:41,2025-04-25 01:57:41
2967,4574,dhl,2025-04-21 04:06:51,2025-04-21 12:06:51
2968,4575,dhl,2025-04-06 14:45:14,2025-04-10 01:45:14
2969,4578,ups,2025-09-09 23:48:09,2025-09-12 02:48:09
297,474,usps,2025-12-29 06:24:26,2025-12-30 22:24:26
2970,4579,ups,2025-12-23 01:23:57,2025-12-27 23:23:57
2971,4582,fedex,2025-04-08 12:00:34,2025-04-13 14:00:34
2972,4583,ups,2025-12-20 00:34:15,2025-12-20 14:34:15
2973,4585,dhl,2025-08-30 21:58:36,2025-09-04 11:58:36
2974,4586,usps,2025-03-21 19:53:15,2025-03-23 08:53:15
2975,4587,usps,2025-06-06 07:16:04,2025-06-10 06:16:04
2976,4588,dhl,2025-06-06 20:40:43,2025-06-10 23:40:43
2977,4589,dhl,2025-06-05 07:19:25,2025-06-10 16:19:25
2978,4591,ups,2025-05-28 18:46:18,2025-05-31 08:46:18
2979,4597,usps,2025-06-19 17:00:17,2025-06-23 15:00:17
298,475,ups,2025-09-09 03:09:05,2025-09-09 12:09:05
2980,4598,usps,2025-08-19 06:16:39,2025-08-23 21:16:39
2981,4599,dhl,2025-05-09 07:16:55,2025-05-14 05:16:55
2982,4601,fedex,2025-09-29 13:39:38,2025-09-29 20:39:38
2983,4602,ups,2025-07-17 14:39:11,2025-07-18 13:39:11
2984,4603,fedex,2025-03-14 05:22:47,2025-03-18 17:22:47
2985,4604,fedex,2025-12-02 03:59:03,\N
2986,4605,usps,2025-09-23 12:11:11,2025-09-25 18:11:11
2987,4607,fedex,2025-01-03 20:44:42,2025-01-04 06:44:42
2988,4609,fedex,2025-12-04 08:29:42,2025-12-08 11:29:42
2989,4611,fedex,2025-03-16 04:48:33,\N
299,476,usps,2025-03-17 18:24:45,2025-03-18 19:24:45
2990,4612,fedex,2025-06-28 06:37:43,2025-06-29 04:37:43
2991,4614,fedex,2025-01-19 13:38:57,2025-01-20 12:38:57
2992,4615,dhl,2025-04-23 02:53:44,2025-04-25 08:53:44
2993,4617,dhl,2025-05-25 00:37:12,2025-05-30 07:37:12
2994,4620,usps,2025-07-01 09:05:59,2025-07-02 16:05:59
2995,4622,dhl,2025-10-06 21:32:52,2025-10-11 15:32:52
2996,4623,usps,2025-09-30 09:35:33,2025-10-01 21:35:33
2997,4624,ups,2025-06-30 07:53:08,\N
2998,4625,dhl,2025-11-12 07:12:26,2025-11-16 14:12:26
2999,4626,fedex,2025-01-11 08:38:13,2025-01-13 02:38:13
3,5,fedex,2025-01-04 17:27:04,2025-01-06 05:27:04
30,46,ups,2025-08-04 22:47:12,2025-08-09 13:47:12
300,477,fedex,2025-06-17 10:15:08,2025-06-18 17:15:08
3000,4627,usps,2025-04-25 03:16:11,2025-04-30 12:16:11
3001,4628,dhl,2025-03-23 18:49:02,\N
3002,4629,ups,2025-12-30 08:34:17,2025-12-31 23:59:59
3003,4632,fedex,2025-07-24 08:28:56,2025-07-28 16:28:56
3004,4633,usps,2025-10-08 01:36:54,2025-10-12 19:36:54
3005,4634,usps,2025-11-19 15:59:15,2025-11-20 04:59:15
3006,4635,fedex,2025-12-18 02:51:14,2025-12-21 18:51:14
3007,4636,usps,2025-01-22 12:27:39,2025-01-23 15:27:39
3008,4637,dhl,2025-06-07 00:09:30,2025-06-12 17:09:30
3009,4639,ups,2025-12-27 20:00:14,2025-12-29 19:00:14
301,478,fedex,2025-10-08 04:50:49,2025-10-13 01:50:49
3010,4640,ups,2025-10-31 12:05:00,2025-11-03 10:05:00
3011,4641,dhl,2025-11-07 05:44:18,2025-11-09 04:44:18
3012,4642,fedex,2025-01-28 07:13:42,2025-02-02 04:13:42
3013,4643,usps,2025-02-03 23:08:17,\N
3014,4644,fedex,2025-02-02 05:20:16,2025-02-02 22:20:16
3015,4645,usps,2025-06-05 04:45:00,2025-06-09 11:45:00
3016,4646,usps,2025-09-05 05:06:56,2025-09-06 16:06:56
3017,4647,fedex,2025-11-21 15:46:42,2025-11-26 20:46:42
3018,4648,fedex,2025-02-09 18:03:47,2025-02-13 04:03:47
3019,4649,dhl,2025-01-05 04:49:16,2025-01-08 08:49:16
302,479,fedex,2025-11-17 00:27:14,2025-11-18 18:27:14
3020,4651,fedex,2025-05-21 09:12:07,2025-05-26 18:12:07
3021,4652,usps,2025-10-26 13:57:04,2025-10-29 08:57:04
3022,4653,fedex,2025-06-10 08:10:48,2025-06-14 20:10:48
3023,4654,dhl,2025-02-22 16:00:09,2025-02-23 08:00:09
3024,4656,ups,2025-12-01 07:11:40,2025-12-03 13:11:40
3025,4659,dhl,2025-02-18 14:02:51,2025-02-20 18:02:51
3026,4660,dhl,2025-04-16 04:06:02,2025-04-19 18:06:02
3027,4661,dhl,2025-08-17 01:38:10,2025-08-22 19:38:10
3028,4662,fedex,2025-10-19 08:29:42,2025-10-22 20:29:42
3029,4665,dhl,2025-12-25 03:04:37,2025-12-27 00:04:37
303,480,usps,2025-07-24 18:21:59,2025-07-27 03:21:59
3030,4666,fedex,2025-12-07 04:57:25,2025-12-10 10:57:25
3031,4667,fedex,2025-08-24 12:04:26,2025-08-26 21:04:26
3032,4670,usps,2025-10-15 02:56:25,2025-10-15 22:56:25
3033,4671,fedex,2025-09-18 09:28:28,2025-09-23 12:28:28
3034,4672,usps,2025-08-06 10:19:22,2025-08-07 15:19:22
3035,4674,usps,2025-01-27 23:36:10,2025-01-29 03:36:10
3036,4675,dhl,2025-10-14 14:52:51,2025-10-20 01:52:51
3037,4676,dhl,2025-03-30 01:52:52,2025-04-04 01:52:52
3038,4677,ups,2025-02-25 04:36:46,\N
3039,4678,usps,2025-07-03 18:52:38,2025-07-07 00:52:38
304,481,fedex,2025-06-05 19:51:27,2025-06-10 18:51:27
3040,4679,ups,2025-04-07 01:48:58,2025-04-10 20:48:58
3041,4680,fedex,2025-12-28 01:22:27,2025-12-30 03:22:27
3042,4682,usps,2025-11-26 13:02:19,\N
3043,4684,usps,2025-05-05 09:59:52,2025-05-06 14:59:52
3044,4687,ups,2025-06-24 22:14:18,2025-06-29 17:14:18
3045,4688,ups,2025-08-03 21:39:04,2025-08-07 01:39:04
3046,4689,dhl,2025-01-19 03:04:57,2025-01-24 00:04:57
3047,4691,dhl,2025-09-26 16:18:34,2025-09-27 21:18:34
3048,4697,ups,2025-03-26 01:22:01,2025-03-30 01:22:01
3049,4699,dhl,2025-12-11 22:10:36,2025-12-12 20:10:36
305,482,usps,2025-11-12 03:40:58,2025-11-15 19:40:58
3050,4701,dhl,2025-09-03 13:25:25,2025-09-06 02:25:25
3051,4702,dhl,2025-01-22 15:43:19,2025-01-27 05:43:19
3052,4703,dhl,2025-01-15 16:04:38,2025-01-17 05:04:38
3053,4706,fedex,2025-09-05 00:01:34,2025-09-09 04:01:34
3054,4707,usps,2025-03-06 06:10:54,2025-03-10 07:10:54
3055,4708,ups,2025-11-27 02:51:26,2025-11-29 09:51:26
3056,4711,dhl,2025-11-09 08:51:16,2025-11-13 08:51:16
3057,4714,dhl,2025-06-27 14:14:08,2025-06-29 19:14:08
3058,4716,usps,2025-04-30 08:27:09,2025-05-05 09:27:09
3059,4717,ups,2025-03-08 07:15:43,2025-03-10 14:15:43
306,483,ups,2025-05-20 16:29:03,2025-05-24 00:29:03
3060,4718,dhl,2025-06-11 05:00:13,2025-06-12 01:00:13
3061,4719,dhl,2025-08-06 14:41:00,2025-08-07 21:41:00
3062,4720,dhl,2025-02-22 11:54:12,2025-02-26 06:54:12
3063,4724,dhl,2025-06-02 00:57:59,\N
3064,4725,dhl,2025-10-26 08:05:31,2025-10-30 02:05:31
3065,4726,fedex,2025-07-25 04:55:52,2025-07-29 02:55:52
3066,4727,ups,2025-10-30 12:54:44,2025-11-03 17:54:44
3067,4728,usps,2025-04-26 07:00:55,2025-05-01 13:00:55
3068,4729,ups,2025-04-05 18:34:30,2025-04-10 23:34:30
3069,4730,dhl,2025-12-08 04:34:37,2025-12-12 02:34:37
307,484,fedex,2025-06-13 17:30:00,2025-06-14 00:30:00
3070,4733,fedex,2025-11-18 13:31:39,2025-11-21 00:31:39
3071,4735,dhl,2025-02-11 16:54:05,\N
3072,4736,fedex,2025-07-07 07:22:55,2025-07-07 16:22:55
3073,4740,ups,2026-01-02 22:15:38,2025-12-31 23:59:59
3074,4741,usps,2025-11-11 01:35:05,2025-11-13 07:35:05
3075,4743,fedex,2025-02-07 15:38:16,2025-02-12 09:38:16
3076,4744,ups,2025-05-03 02:56:19,2025-05-07 16:56:19
3077,4745,ups,2025-06-08 11:22:09,2025-06-10 20:22:09
3078,4748,dhl,2025-08-25 02:15:46,2025-08-29 04:15:46
3079,4751,fedex,2025-06-17 20:26:22,2025-06-22 07:26:22
308,485,usps,2025-07-26 21:16:52,\N
3080,4752,ups,2025-07-31 08:59:57,2025-08-02 08:59:57
3081,4753,dhl,2025-05-27 22:13:28,2025-05-29 02:13:28
3082,4754,fedex,2025-12-17 14:47:31,2025-12-18 04:47:31
3083,4755,fedex,2025-10-21 08:03:05,2025-10-25 11:03:05
3084,4756,ups,2025-01-22 10:12:07,2025-01-27 21:12:07
3085,4757,fedex,2025-10-04 10:09:43,2025-10-09 11:09:43
3086,4758,usps,2025-04-11 17:20:19,2025-04-14 00:20:19
3087,4760,ups,2025-10-21 08:25:32,\N
3088,4763,ups,2025-02-09 18:20:20,2025-02-12 09:20:20
3089,4765,dhl,2025-01-06 17:23:41,2025-01-10 09:23:41
309,486,usps,2025-04-18 11:19:54,\N
3090,4767,dhl,2025-06-17 03:25:20,2025-06-21 01:25:20
3091,4768,fedex,2025-10-26 10:08:16,2025-10-29 01:08:16
3092,4771,dhl,2025-05-26 20:16:02,\N
3093,4772,ups,2025-09-21 17:51:57,2025-09-26 00:51:57
3094,4775,dhl,2025-02-13 14:58:04,2025-02-14 17:58:04
3095,4778,usps,2025-03-06 06:10:00,2025-03-09 16:10:00
3096,4779,fedex,2025-04-10 09:40:01,2025-04-11 21:40:01
3097,4781,dhl,2025-07-03 05:42:24,2025-07-05 07:42:24
3098,4784,usps,2025-02-26 02:29:17,2025-02-27 01:29:17
3099,4787,fedex,2025-06-27 11:50:25,2025-06-30 22:50:25
31,47,fedex,2025-02-01 00:05:29,2025-02-03 04:05:29
310,487,ups,2025-03-22 08:25:11,2025-03-27 04:25:11
3100,4788,ups,2025-07-13 19:30:53,2025-07-18 06:30:53
3101,4789,ups,2025-11-08 16:35:19,2025-11-09 15:35:19
3102,4791,fedex,2025-04-10 21:18:40,2025-04-13 03:18:40
3103,4793,fedex,2025-06-29 23:37:55,2025-07-01 10:37:55
3104,4794,fedex,2025-02-20 01:29:14,2025-02-20 14:29:14
3105,4795,usps,2025-01-13 13:19:15,2025-01-14 04:19:15
3106,4796,ups,2025-05-20 17:40:02,2025-05-24 02:40:02
3107,4797,ups,2025-11-06 07:19:13,2025-11-11 19:19:13
3108,4798,fedex,2025-04-25 08:08:10,2025-04-28 16:08:10
3109,4802,ups,2025-07-04 12:27:02,2025-07-05 00:27:02
311,488,fedex,2025-04-08 17:15:12,2025-04-12 06:15:12
3110,4805,ups,2025-01-29 00:21:26,2025-01-29 23:21:26
3111,4806,ups,2025-03-04 22:56:48,2025-03-10 06:56:48
3112,4809,dhl,2025-12-01 05:55:45,2025-12-06 06:55:45
3113,4812,usps,2025-09-09 15:06:39,2025-09-11 02:06:39
3114,4816,ups,2025-12-13 03:15:48,2025-12-16 07:15:48
3115,4817,usps,2025-11-12 20:34:53,2025-11-15 05:34:53
3116,4818,usps,2025-07-28 13:27:12,2025-07-31 06:27:12
3117,4819,dhl,2026-01-01 08:17:36,2025-12-31 23:59:59
3118,4820,fedex,2025-01-07 16:19:59,2025-01-12 13:19:59
3119,4823,usps,2025-09-05 07:37:24,2025-09-06 15:37:24
312,489,ups,2025-02-10 08:13:28,2025-02-12 17:13:28
3120,4825,usps,2025-11-19 07:49:31,2025-11-24 01:49:31
3121,4826,usps,2025-08-05 20:49:30,2025-08-07 02:49:30
3122,4828,ups,2025-02-01 01:29:45,2025-02-06 12:29:45
3123,4830,fedex,2025-06-12 09:53:17,2025-06-16 03:53:17
3124,4831,dhl,2025-08-06 07:51:20,2025-08-07 20:51:20
3125,4833,fedex,2025-11-05 12:22:01,2025-11-08 03:22:01
3126,4835,usps,2025-11-10 08:05:40,2025-11-15 14:05:40
3127,4836,usps,2025-01-18 17:18:17,2025-01-24 10:18:17
3128,4837,dhl,2025-12-23 12:07:04,2025-12-28 18:07:04
3129,4838,ups,2025-11-04 02:30:14,2025-11-05 22:30:14
313,494,usps,2025-02-18 18:35:58,\N
3130,4839,dhl,2026-01-03 12:29:54,2025-12-31 23:59:59
3131,4840,dhl,2025-05-29 08:49:33,2025-05-30 13:49:33
3132,4841,ups,2025-05-31 11:23:33,\N
3133,4843,dhl,2025-11-18 09:54:00,2025-11-20 17:54:00
3134,4844,ups,2025-05-10 15:11:01,2025-05-15 21:11:01
3135,4845,ups,2025-07-15 21:23:46,2025-07-18 00:23:46
3136,4846,fedex,2025-12-07 08:44:16,2025-12-11 00:44:16
3137,4847,fedex,2025-05-28 09:44:07,2025-05-29 09:44:07
3138,4850,dhl,2025-03-14 19:31:21,2025-03-17 20:31:21
3139,4851,ups,2025-01-17 15:22:32,2025-01-18 09:22:32
314,495,dhl,2025-08-14 23:36:47,2025-08-17 10:36:47
3140,4853,dhl,2025-09-05 02:37:29,2025-09-06 04:37:29
3141,4855,fedex,2025-10-15 09:29:16,\N
3142,4857,fedex,2025-02-12 04:12:48,2025-02-16 03:12:48
3143,4858,ups,2025-04-20 15:20:17,\N
3144,4860,dhl,2025-11-28 09:08:32,2025-12-03 13:08:32
3145,4865,ups,2025-01-19 04:45:18,2025-01-20 15:45:18
3146,4867,dhl,2025-08-30 21:57:57,2025-09-04 08:57:57
3147,4868,usps,2025-09-30 01:36:42,2025-10-01 11:36:42
3148,4870,usps,2025-06-13 16:50:56,2025-06-13 23:50:56
3149,4871,usps,2025-11-14 15:35:50,2025-11-19 06:35:50
315,496,dhl,2025-05-19 12:47:49,2025-05-24 11:47:49
3150,4872,usps,2025-02-23 01:19:13,2025-02-26 03:19:13
3151,4875,fedex,2025-09-25 20:25:45,2025-09-30 01:25:45
3152,4876,usps,2025-05-30 03:48:12,2025-06-01 08:48:12
3153,4878,dhl,2025-05-10 21:34:10,2025-05-14 23:34:10
3154,4880,usps,2025-03-29 08:58:43,2025-04-02 15:58:43
3155,4882,fedex,2025-06-13 00:50:43,2025-06-14 09:50:43
3156,4883,usps,2025-10-29 08:35:23,2025-10-30 23:35:23
3157,4884,ups,2025-10-06 15:13:15,2025-10-12 02:13:15
3158,4885,dhl,2025-03-17 17:34:44,2025-03-20 22:34:44
3159,4886,fedex,2025-11-24 14:52:02,2025-11-30 03:52:02
316,498,dhl,2025-09-04 07:59:29,2025-09-04 19:59:29
3160,4889,dhl,2025-06-30 00:13:57,2025-07-01 21:13:57
3161,4890,usps,2025-07-25 13:52:59,2025-07-28 08:52:59
3162,4891,usps,2025-05-04 12:11:11,\N
3163,4892,fedex,2025-09-02 08:14:56,2025-09-02 17:14:56
3164,4893,ups,2025-03-22 19:17:30,2025-03-25 16:17:30
3165,4894,dhl,2025-12-09 15:22:48,2025-12-12 11:22:48
3166,4895,fedex,2025-08-08 19:40:47,2025-08-10 16:40:47
3167,4900,fedex,2025-11-24 23:52:17,2025-11-28 15:52:17
3168,4901,ups,2025-09-10 11:08:25,2025-09-10 23:08:25
3169,4903,dhl,2025-03-21 02:57:07,2025-03-22 18:57:07
317,499,dhl,2025-06-02 01:38:43,2025-06-07 17:38:43
3170,4904,usps,2025-08-22 00:52:46,2025-08-26 04:52:46
3171,4905,dhl,2025-10-02 05:21:02,2025-10-03 08:21:02
3172,4906,fedex,2025-09-02 20:47:22,2025-09-07 13:47:22
3173,4908,ups,2025-03-10 17:59:15,2025-03-14 09:59:15
3174,4909,fedex,2025-08-05 16:31:59,\N
3175,4910,fedex,2025-10-12 02:27:00,2025-10-14 22:27:00
3176,4911,ups,2025-07-03 16:32:17,2025-07-08 06:32:17
3177,4912,fedex,2025-03-17 19:20:22,2025-03-18 16:20:22
3178,4915,usps,2025-12-29 02:44:04,2025-12-29 22:44:04
3179,4916,dhl,2025-03-01 07:47:25,2025-03-02 05:47:25
318,500,fedex,2025-12-20 06:22:09,2025-12-22 21:22:09
3180,4917,usps,2025-10-11 07:57:31,\N
3181,4918,fedex,2025-02-05 16:13:05,2025-02-08 20:13:05
3182,4919,fedex,2025-09-26 12:09:24,2025-09-29 05:09:24
3183,4922,usps,2025-12-18 11:32:06,2025-12-23 01:32:06
3184,4924,fedex,2025-09-27 03:29:12,\N
3185,4925,ups,2025-05-14 12:01:18,2025-05-19 10:01:18
3186,4927,fedex,2025-05-29 19:00:30,2025-06-03 02:00:30
3187,4928,dhl,2025-05-27 11:56:17,2025-05-30 11:56:17
3188,4930,ups,2025-11-01 18:37:47,2025-11-03 23:37:47
3189,4931,dhl,2025-06-02 00:36:58,2025-06-07 11:36:58
319,501,usps,2025-09-26 19:05:05,2025-09-29 09:05:05
3190,4932,dhl,2025-08-05 22:05:20,2025-08-07 14:05:20
3191,4933,ups,2025-09-19 09:19:52,2025-09-20 05:19:52
3192,4941,ups,2025-03-14 00:50:30,2025-03-16 00:50:30
3193,4942,fedex,2025-09-20 15:02:34,\N
3194,4943,dhl,2025-10-09 09:19:47,2025-10-09 20:19:47
3195,4944,dhl,2025-01-19 17:00:03,2025-01-23 20:00:03
3196,4945,usps,2025-03-26 20:40:01,2025-03-31 17:40:01
3197,4946,ups,2025-11-24 23:31:33,2025-11-27 12:31:33
3198,4948,ups,2025-02-23 00:46:48,2025-02-23 23:46:48
3199,4950,fedex,2025-12-09 08:21:42,2025-12-10 15:21:42
32,49,fedex,2025-12-20 10:30:33,2025-12-22 11:30:33
320,502,dhl,2025-01-18 16:45:01,2025-01-23 14:45:01
3200,4955,dhl,2025-09-27 06:24:43,2025-09-29 06:24:43
3201,4958,fedex,2025-06-11 05:05:09,2025-06-12 03:05:09
3202,4959,ups,2025-09-18 13:36:37,2025-09-24 05:36:37
3203,4960,ups,2025-09-16 01:55:59,2025-09-21 15:55:59
3204,4961,dhl,2025-05-01 06:07:22,2025-05-04 21:07:22
3205,4962,usps,2025-08-25 22:41:58,2025-08-28 20:41:58
3206,4963,ups,2025-06-18 00:26:27,\N
3207,4964,fedex,2025-07-09 17:38:56,2025-07-14 00:38:56
3208,4966,usps,2025-02-13 22:38:31,2025-02-15 11:38:31
3209,4967,fedex,2025-11-21 17:58:02,2025-11-25 01:58:02
321,503,ups,2025-07-31 11:58:38,2025-08-03 20:58:38
3210,4968,ups,2025-04-09 20:22:59,2025-04-13 06:22:59
3211,4971,ups,2025-09-03 21:40:32,2025-09-06 09:40:32
3212,4972,ups,2025-09-05 12:19:59,2025-09-08 15:19:59
3213,4973,dhl,2025-03-31 16:04:46,2025-04-03 22:04:46
3214,4974,fedex,2025-03-05 09:33:54,2025-03-10 05:33:54
3215,4975,ups,2025-09-01 04:04:31,2025-09-05 17:04:31
3216,4979,usps,2025-04-10 21:37:48,\N
3217,4980,dhl,2025-10-10 01:01:56,2025-10-11 09:01:56
3218,4981,dhl,2025-05-11 05:20:35,2025-05-13 01:20:35
3219,4982,fedex,2025-02-16 15:41:13,2025-02-19 17:41:13
322,504,dhl,2025-10-10 19:21:16,2025-10-12 14:21:16
3220,4983,fedex,2025-10-27 03:01:42,2025-10-28 15:01:42
3221,4984,fedex,2025-03-03 17:37:40,2025-03-06 23:37:40
3222,4985,fedex,2025-05-02 20:21:41,2025-05-03 13:21:41
3223,4987,fedex,2025-09-22 19:06:48,2025-09-27 10:06:48
3224,4988,fedex,2025-02-20 19:23:53,2025-02-21 01:23:53
3225,4989,fedex,2025-03-19 17:14:43,2025-03-20 08:14:43
3226,4990,ups,2025-05-08 19:23:17,2025-05-10 06:23:17
3227,4991,fedex,2025-02-09 21:39:24,2025-02-15 10:39:24
3228,4992,dhl,2025-08-22 09:38:52,\N
3229,4993,dhl,2025-08-17 20:42:32,2025-08-23 06:42:32
323,505,usps,2025-07-19 19:38:00,\N
3230,4994,usps,2025-07-09 08:58:59,2025-07-14 19:58:59
3231,4997,fedex,2025-06-08 10:24:43,2025-06-08 21:24:43
3232,4998,fedex,2025-05-23 16:37:08,2025-05-28 04:37:08
3233,5001,usps,2025-02-03 12:14:04,\N
3234,5003,ups,2026-01-01 04:02:58,2025-12-31 23:59:59
3235,5004,ups,2025-08-26 12:06:45,2025-09-01 04:06:45
3236,5005,usps,2025-06-09 10:05:18,2025-06-10 01:05:18
3237,5006,ups,2025-09-03 01:14:06,2025-09-05 16:14:06
3238,5007,usps,2025-09-24 18:52:09,2025-09-26 06:52:09
3239,5009,dhl,2026-01-02 14:34:41,2025-12-31 23:59:59
324,507,dhl,2025-10-06 02:32:09,2025-10-07 13:32:09
3240,5010,usps,2025-04-01 17:29:18,\N
3241,5012,fedex,2025-07-10 01:07:09,2025-07-12 14:07:09
3242,5014,dhl,2025-04-02 02:20:22,2025-04-06 03:20:22
3243,5015,dhl,2025-08-12 21:49:20,\N
3244,5016,usps,2025-08-05 14:35:15,2025-08-10 04:35:15
3245,5017,usps,2025-01-04 22:04:43,2025-01-09 17:04:43
3246,5019,usps,2025-09-18 15:43:24,2025-09-20 09:43:24
3247,5020,usps,2025-08-21 00:48:31,2025-08-26 16:48:31
3248,5021,dhl,2025-11-08 16:32:20,2025-11-13 00:32:20
3249,5023,usps,2025-10-24 18:25:13,2025-10-25 22:25:13
325,508,usps,2025-01-03 09:22:42,2025-01-08 10:22:42
3250,5024,dhl,2025-07-18 14:55:34,2025-07-23 18:55:34
3251,5025,fedex,2025-02-07 03:13:52,\N
3252,5026,dhl,2025-06-27 22:55:39,2025-07-02 06:55:39
3253,5028,ups,2025-02-01 13:53:25,2025-02-04 21:53:25
3254,5030,dhl,2025-11-27 01:35:32,2025-11-29 11:35:32
3255,5031,usps,2025-08-05 12:31:35,2025-08-11 06:31:35
3256,5032,ups,2025-01-10 18:03:59,2025-01-15 08:03:59
3257,5033,ups,2025-02-03 16:53:29,2025-02-04 10:53:29
3258,5034,dhl,2025-07-25 01:09:51,2025-07-26 01:09:51
3259,5036,ups,2025-10-01 03:14:22,2025-10-02 21:14:22
326,510,usps,2025-12-31 02:32:44,2025-12-31 23:59:59
3260,5039,fedex,2025-03-22 08:14:48,2025-03-24 15:14:48
3261,5040,ups,2025-12-11 17:56:40,2025-12-14 05:56:40
3262,5042,usps,2025-06-06 09:18:46,2025-06-10 05:18:46
3263,5043,dhl,2025-06-21 19:30:40,2025-06-23 12:30:40
3264,5045,dhl,2025-02-19 10:37:09,2025-02-24 14:37:09
3265,5046,fedex,2025-06-15 03:02:14,\N
3266,5047,ups,2025-07-11 11:28:07,2025-07-13 22:28:07
3267,5048,fedex,2025-02-28 12:25:31,2025-03-02 06:25:31
3268,5049,ups,2025-08-11 09:36:55,2025-08-14 03:36:55
3269,5050,fedex,2025-08-05 17:27:49,2025-08-08 07:27:49
327,512,usps,2025-08-30 16:41:33,\N
3270,5051,fedex,2025-07-27 14:44:00,\N
3271,5052,dhl,2025-01-30 15:32:31,2025-01-31 03:32:31
3272,5057,dhl,2025-11-11 12:07:03,2025-11-14 18:07:03
3273,5061,dhl,2025-02-04 05:23:06,2025-02-05 19:23:06
3274,5063,fedex,2025-12-16 11:12:05,2025-12-18 16:12:05
3275,5064,fedex,2025-06-07 19:18:33,2025-06-13 01:18:33
3276,5065,dhl,2025-10-06 23:01:43,2025-10-07 06:01:43
3277,5067,dhl,2025-01-13 06:03:11,2025-01-14 09:03:11
3278,5069,ups,2026-01-01 22:38:50,2025-12-31 23:59:59
3279,5071,fedex,2025-07-23 18:14:05,2025-07-28 17:14:05
328,513,dhl,2025-06-19 18:47:32,2025-06-24 16:47:32
3280,5073,ups,2025-06-20 02:35:22,\N
3281,5075,usps,2025-03-08 20:58:41,2025-03-09 22:58:41
3282,5076,usps,2025-05-28 14:04:55,2025-06-02 10:04:55
3283,5077,usps,2025-04-22 20:33:09,2025-04-27 18:33:09
3284,5079,usps,2025-10-26 07:45:11,2025-10-27 10:45:11
3285,5080,usps,2025-04-10 08:40:05,2025-04-13 18:40:05
3286,5081,ups,2025-09-25 15:44:24,2025-09-25 23:44:24
3287,5083,usps,2025-10-07 01:19:55,2025-10-09 12:19:55
3288,5084,fedex,2025-07-07 19:23:12,2025-07-12 17:23:12
3289,5086,ups,2025-07-29 03:42:55,2025-08-03 16:42:55
329,514,usps,2025-04-28 05:26:18,2025-05-01 08:26:18
3290,5088,fedex,2025-04-13 11:21:15,2025-04-13 19:21:15
3291,5090,dhl,2025-06-08 02:13:32,2025-06-13 03:13:32
3292,5091,fedex,2025-02-20 15:37:05,2025-02-21 19:37:05
3293,5092,usps,2025-07-21 18:21:46,2025-07-23 15:21:46
3294,5093,fedex,2025-11-13 19:31:07,2025-11-18 13:31:07
3295,5094,usps,2025-06-18 05:50:13,2025-06-23 18:50:13
3296,5095,dhl,2025-10-31 04:11:17,2025-11-01 03:11:17
3297,5096,fedex,2025-05-24 17:00:31,2025-05-27 21:00:31
3298,5097,dhl,2025-12-19 10:56:28,2025-12-24 12:56:28
3299,5099,usps,2025-05-26 14:25:28,2025-05-31 04:25:28
33,50,ups,2025-10-01 06:58:25,2025-10-04 00:58:25
330,516,dhl,2025-12-26 22:02:11,2025-12-31 23:59:59
3300,5102,usps,2025-04-26 22:03:27,2025-05-01 23:03:27
3301,5103,dhl,2025-07-30 07:48:05,2025-08-02 21:48:05
3302,5104,usps,2025-06-29 00:48:53,2025-07-03 23:48:53
3303,5106,ups,2025-11-21 11:09:00,2025-11-25 05:09:00
3304,5109,fedex,2025-12-20 18:52:37,2025-12-25 17:52:37
3305,5110,dhl,2025-08-20 22:59:42,2025-08-22 09:59:42
3306,5114,fedex,2025-08-25 02:42:03,\N
3307,5117,fedex,2025-02-07 12:30:27,2025-02-08 23:30:27
3308,5119,usps,2025-04-08 03:44:37,2025-04-13 04:44:37
3309,5120,ups,2025-09-28 03:11:28,2025-09-30 16:11:28
331,517,ups,2025-03-26 10:25:14,2025-03-28 20:25:14
3310,5121,dhl,2025-09-05 09:54:14,2025-09-06 03:54:14
3311,5123,fedex,2025-03-05 20:45:46,2025-03-08 04:45:46
3312,5124,usps,2025-05-09 03:23:44,2025-05-09 16:23:44
3313,5125,ups,2025-02-27 20:34:13,2025-03-01 05:34:13
3314,5126,fedex,2025-02-24 22:08:04,2025-03-01 05:08:04
3315,5128,dhl,2025-01-20 07:00:59,2025-01-23 21:00:59
3316,5129,ups,2025-06-05 22:21:40,\N
3317,5132,usps,2025-06-08 12:55:21,2025-06-09 17:55:21
3318,5133,dhl,2025-11-14 00:16:42,2025-11-17 12:16:42
3319,5136,usps,2025-03-31 00:30:33,2025-04-01 04:30:33
332,518,ups,2025-12-31 22:45:52,2025-12-31 23:59:59
3320,5137,fedex,2025-07-12 07:23:02,2025-07-16 18:23:02
3321,5140,fedex,2025-02-21 08:15:09,2025-02-25 17:15:09
3322,5141,fedex,2025-11-25 19:17:39,2025-11-28 06:17:39
3323,5143,ups,2025-08-23 11:53:55,2025-08-28 17:53:55
3324,5144,dhl,2025-01-11 21:45:26,2025-01-14 09:45:26
3325,5145,usps,2025-09-11 05:07:59,2025-09-16 05:07:59
3326,5146,usps,2025-01-28 08:24:26,\N
3327,5148,dhl,2025-10-13 05:34:06,2025-10-16 13:34:06
3328,5149,ups,2025-06-20 20:02:03,2025-06-21 12:02:03
3329,5150,fedex,2025-05-21 03:45:04,2025-05-22 13:45:04
333,519,fedex,2025-09-03 22:03:29,2025-09-06 06:03:29
3330,5152,usps,2025-02-07 19:17:59,2025-02-13 13:17:59
3331,5153,ups,2025-12-18 02:27:54,2025-12-18 20:27:54
3332,5154,usps,2025-09-05 08:41:50,2025-09-07 17:41:50
3333,5155,dhl,2025-08-05 03:51:32,2025-08-06 17:51:32
3334,5157,fedex,2025-08-02 20:08:53,2025-08-04 08:08:53
3335,5159,ups,2025-12-24 22:18:49,2025-12-26 00:18:49
3336,5160,dhl,2025-12-29 07:43:40,2025-12-31 23:59:59
3337,5161,dhl,2025-10-25 22:59:30,2025-10-26 23:59:30
3338,5162,usps,2025-01-08 13:44:57,2025-01-08 21:44:57
3339,5163,fedex,2025-06-10 17:58:51,2025-06-15 09:58:51
334,521,dhl,2025-09-21 04:04:00,\N
3340,5166,usps,2025-08-25 16:33:18,2025-08-27 14:33:18
3341,5167,fedex,2025-06-30 19:09:31,2025-07-01 14:09:31
3342,5168,ups,2025-08-16 15:49:42,2025-08-21 22:49:42
3343,5172,ups,2025-12-25 00:50:31,2025-12-30 15:50:31
3344,5174,ups,2025-09-12 18:59:36,2025-09-17 01:59:36
3345,5175,ups,2025-11-17 12:57:33,2025-11-22 15:57:33
3346,5176,usps,2025-06-13 10:46:30,2025-06-18 10:46:30
3347,5177,fedex,2025-12-20 13:46:13,2025-12-23 00:46:13
3348,5178,usps,2025-07-03 08:31:13,2025-07-08 06:31:13
3349,5179,fedex,2025-07-30 18:27:02,2025-07-31 19:27:02
335,525,usps,2025-04-06 15:19:09,2025-04-07 10:19:09
3350,5180,fedex,2025-05-09 07:22:54,2025-05-15 00:22:54
3351,5183,ups,2025-07-10 01:29:46,2025-07-13 01:29:46
3352,5184,ups,2025-10-04 16:46:09,2025-10-10 01:46:09
3353,5185,ups,2025-06-12 04:17:21,2025-06-17 17:17:21
3354,5187,ups,2025-10-26 17:31:32,2025-10-31 20:31:32
3355,5188,ups,2025-05-01 18:36:59,2025-05-06 02:36:59
3356,5190,dhl,2025-10-27 22:15:28,2025-10-29 02:15:28
3357,5192,ups,2025-05-25 05:09:41,2025-05-28 01:09:41
3358,5194,usps,2025-07-17 00:00:47,2025-07-21 18:00:47
3359,5195,dhl,2025-11-13 11:41:19,2025-11-14 18:41:19
336,526,dhl,2025-10-20 00:48:28,2025-10-22 03:48:28
3360,5196,fedex,2025-10-08 11:54:11,2025-10-10 18:54:11
3361,5197,usps,2025-01-05 06:30:35,2025-01-10 10:30:35
3362,5198,fedex,2025-06-21 22:29:20,2025-06-25 10:29:20
3363,5199,dhl,2025-01-29 16:57:32,2025-02-03 06:57:32
3364,5200,ups,2025-04-27 02:39:12,2025-04-30 13:39:12
3365,5201,ups,2025-03-05 08:30:38,2025-03-08 09:30:38
3366,5202,ups,2025-07-18 03:06:40,2025-07-19 23:06:40
3367,5203,fedex,2025-04-27 11:56:24,2025-04-30 03:56:24
3368,5204,fedex,2025-04-22 17:33:25,2025-04-23 10:33:25
3369,5205,fedex,2025-06-13 15:04:02,2025-06-15 09:04:02
337,527,usps,2025-11-15 06:43:14,2025-11-19 19:43:14
3370,5206,fedex,2025-04-06 14:59:25,2025-04-07 01:59:25
3371,5208,usps,2025-07-01 17:08:46,2025-07-02 19:08:46
3372,5209,ups,2025-07-07 01:48:45,2025-07-12 15:48:45
3373,5214,ups,2025-08-18 05:12:50,2025-08-20 04:12:50
3374,5215,ups,2025-04-26 17:05:04,2025-04-28 15:05:04
3375,5218,dhl,2025-11-02 09:25:00,2025-11-05 15:25:00
3376,5220,fedex,2025-05-09 16:35:43,2025-05-11 00:35:43
3377,5222,ups,2025-05-08 23:39:41,\N
3378,5223,usps,2025-05-16 09:37:45,2025-05-20 13:37:45
3379,5224,fedex,2025-11-15 13:32:29,2025-11-19 02:32:29
338,528,usps,2025-12-10 06:00:57,2025-12-12 02:00:57
3380,5226,dhl,2025-01-23 12:41:06,2025-01-28 20:41:06
3381,5227,fedex,2025-10-20 22:27:36,2025-10-26 16:27:36
3382,5231,usps,2025-07-19 19:04:21,2025-07-22 18:04:21
3383,5232,fedex,2025-11-22 12:24:46,2025-11-25 18:24:46
3384,5233,usps,2025-03-10 21:54:24,2025-03-15 19:54:24
3385,5234,fedex,2025-10-13 14:15:52,2025-10-16 01:15:52
3386,5235,dhl,2025-06-19 03:40:29,2025-06-24 15:40:29
3387,5236,fedex,2025-12-30 21:44:22,2025-12-31 23:59:59
3388,5237,ups,2025-08-18 21:33:25,2025-08-23 21:33:25
3389,5240,fedex,2025-11-30 22:01:26,2025-12-02 18:01:26
339,529,ups,2025-07-07 05:39:11,2025-07-10 02:39:11
3390,5241,dhl,2025-06-23 09:34:30,2025-06-28 00:34:30
3391,5242,dhl,2025-07-16 00:17:45,2025-07-21 13:17:45
3392,5245,usps,2025-03-19 12:55:56,2025-03-20 02:55:56
3393,5246,dhl,2025-05-24 07:18:53,2025-05-28 00:18:53
3394,5249,dhl,2025-07-27 03:26:26,2025-07-30 12:26:26
3395,5250,usps,2025-09-15 08:23:38,2025-09-17 02:23:38
3396,5251,fedex,2025-11-06 05:12:29,2025-11-10 07:12:29
3397,5254,ups,2025-07-08 14:41:00,2025-07-09 10:41:00
3398,5257,dhl,2025-03-31 21:24:07,2025-04-04 20:24:07
3399,5259,fedex,2025-07-17 02:23:11,2025-07-22 01:23:11
34,51,fedex,2025-08-27 07:58:42,2025-08-31 20:58:42
340,535,dhl,2025-02-14 20:52:46,2025-02-19 10:52:46
3400,5260,ups,2025-03-30 05:19:24,2025-03-31 22:19:24
3401,5261,dhl,2025-08-31 15:42:25,2025-09-04 07:42:25
3402,5264,fedex,2025-11-19 15:06:24,2025-11-20 19:06:24
3403,5266,dhl,2025-03-02 03:35:56,2025-03-06 14:35:56
3404,5269,usps,2025-08-09 05:36:16,2025-08-12 07:36:16
3405,5270,usps,2025-09-13 12:43:41,2025-09-18 21:43:41
3406,5271,fedex,2025-10-04 16:02:06,2025-10-09 17:02:06
3407,5272,fedex,2025-04-30 20:08:17,2025-05-04 16:08:17
3408,5275,ups,2025-02-04 04:13:40,2025-02-08 21:13:40
3409,5276,fedex,2025-10-06 23:13:48,2025-10-10 00:13:48
341,537,usps,2025-02-16 19:43:20,2025-02-19 05:43:20
3410,5277,fedex,2025-04-02 21:42:29,2025-04-05 17:42:29
3411,5278,usps,2025-09-28 12:19:26,2025-09-30 22:19:26
3412,5280,ups,2025-06-28 06:20:41,2025-07-02 05:20:41
3413,5284,usps,2025-05-01 04:30:09,2025-05-02 19:30:09
3414,5285,fedex,2025-12-28 05:35:44,2025-12-30 19:35:44
3415,5286,ups,2025-03-23 01:37:06,2025-03-26 15:37:06
3416,5287,fedex,2025-03-25 04:46:44,2025-03-25 18:46:44
3417,5289,fedex,2025-10-18 18:50:50,2025-10-21 19:50:50
3418,5290,dhl,2025-12-24 23:46:43,2025-12-25 20:46:43
3419,5291,ups,2025-04-29 02:42:13,2025-04-30 01:42:13
342,538,ups,2025-04-21 23:16:29,2025-04-23 02:16:29
3420,5292,fedex,2025-08-28 00:19:25,2025-09-01 09:19:25
3421,5293,ups,2025-12-10 07:01:35,2025-12-10 21:01:35
3422,5295,ups,2025-10-28 06:34:59,2025-10-31 06:34:59
3423,5297,usps,2025-05-26 09:42:42,2025-05-27 08:42:42
3424,5299,ups,2025-07-07 05:39:54,2025-07-12 07:39:54
3425,5301,usps,2025-01-15 21:02:01,2025-01-17 06:02:01
3426,5302,usps,2025-03-18 06:14:22,2025-03-23 18:14:22
3427,5303,dhl,2025-09-06 16:31:41,2025-09-08 22:31:41
3428,5304,usps,2025-02-08 05:50:33,2025-02-13 00:50:33
3429,5308,usps,2025-07-06 21:21:54,2025-07-07 18:21:54
343,541,usps,2025-03-20 20:39:48,\N
3430,5309,usps,2025-01-26 19:06:53,2025-01-30 13:06:53
3431,5310,ups,2025-07-20 04:52:22,2025-07-25 06:52:22
3432,5311,fedex,2025-06-15 18:40:23,2025-06-16 08:40:23
3433,5312,usps,2025-06-19 07:21:27,2025-06-24 01:21:27
3434,5315,fedex,2025-02-13 17:07:40,2025-02-15 02:07:40
3435,5318,ups,2025-04-09 13:44:38,2025-04-11 16:44:38
3436,5319,usps,2025-04-24 04:42:32,2025-04-27 07:42:32
3437,5320,dhl,2025-09-09 22:23:34,2025-09-10 06:23:34
3438,5321,usps,2025-12-05 12:08:55,2025-12-09 18:08:55
3439,5323,usps,2025-02-17 14:40:35,2025-02-19 07:40:35
344,542,ups,2025-11-30 00:09:36,2025-12-05 04:09:36
3440,5324,fedex,2025-07-09 09:03:07,2025-07-13 12:03:07
3441,5325,dhl,2025-11-07 21:37:46,2025-11-10 23:37:46
3442,5326,fedex,2025-11-28 16:25:07,2025-11-30 01:25:07
3443,5327,fedex,2025-12-10 19:34:50,2025-12-14 14:34:50
3444,5328,fedex,2025-08-16 08:32:47,2025-08-16 23:32:47
3445,5329,ups,2025-08-11 02:37:15,2025-08-15 01:37:15
3446,5330,fedex,2025-03-26 06:39:48,2025-03-27 19:39:48
3447,5331,usps,2025-12-21 07:43:34,2025-12-22 04:43:34
3448,5333,usps,2025-10-24 18:46:41,2025-10-29 06:46:41
3449,5335,fedex,2025-11-24 15:36:24,\N
345,543,fedex,2025-08-07 12:59:25,2025-08-08 13:59:25
3450,5336,ups,2025-04-03 18:54:16,\N
3451,5337,dhl,2025-01-08 22:28:24,\N
3452,5338,fedex,2025-12-30 12:59:03,2025-12-31 02:59:03
3453,5340,usps,2025-09-05 13:53:42,2025-09-10 02:53:42
3454,5342,fedex,2025-01-16 13:11:54,2025-01-20 02:11:54
3455,5343,fedex,2025-03-26 02:16:09,2025-03-29 09:16:09
3456,5344,usps,2025-03-13 06:35:04,2025-03-17 18:35:04
3457,5346,ups,2025-11-04 02:29:31,2025-11-06 16:29:31
3458,5347,usps,2025-05-26 02:05:39,\N
3459,5349,usps,2025-09-16 12:52:24,2025-09-18 13:52:24
346,544,dhl,2025-11-29 13:29:40,2025-11-30 23:29:40
3460,5351,usps,2025-02-11 09:16:08,2025-02-13 02:16:08
3461,5352,ups,2025-03-09 21:58:21,2025-03-12 14:58:21
3462,5355,dhl,2025-05-16 09:00:55,2025-05-19 10:00:55
3463,5356,dhl,2025-08-12 02:08:04,2025-08-17 10:08:04
3464,5358,ups,2025-03-01 18:52:11,2025-03-03 04:52:11
3465,5359,usps,2025-10-13 01:51:39,2025-10-18 18:51:39
3466,5360,usps,2025-12-11 13:12:05,2025-12-12 22:12:05
3467,5364,ups,2025-03-06 03:02:56,2025-03-08 16:02:56
3468,5365,dhl,2025-11-27 21:04:36,2025-11-30 13:04:36
3469,5366,dhl,2025-11-15 02:16:47,2025-11-17 16:16:47
347,547,dhl,2025-10-16 20:30:45,2025-10-20 21:30:45
3470,5368,ups,2025-01-28 11:01:38,2025-01-31 14:01:38
3471,5369,usps,2025-10-15 14:37:22,2025-10-18 00:37:22
3472,5370,fedex,2025-04-12 19:28:15,2025-04-14 20:28:15
3473,5371,dhl,2025-02-04 02:01:47,2025-02-04 16:01:47
3474,5372,fedex,2025-10-31 19:07:08,2025-11-06 04:07:08
3475,5375,ups,2025-08-23 09:33:20,2025-08-25 03:33:20
3476,5376,ups,2025-01-09 14:02:23,2025-01-10 03:02:23
3477,5377,ups,2025-02-16 22:34:28,2025-02-21 19:34:28
3478,5380,fedex,2025-03-29 21:38:37,2025-04-02 01:38:37
3479,5382,usps,2025-08-16 21:09:39,2025-08-19 00:09:39
348,549,dhl,2025-05-25 04:49:42,2025-05-29 06:49:42
3480,5385,fedex,2025-09-13 02:50:34,2025-09-13 20:50:34
3481,5386,dhl,2025-11-20 23:00:13,2025-11-25 06:00:13
3482,5387,usps,2025-09-14 05:18:19,2025-09-15 20:18:19
3483,5389,ups,2025-11-22 08:33:46,2025-11-22 17:33:46
3484,5392,usps,2025-05-16 09:22:12,2025-05-20 12:22:12
3485,5393,dhl,2025-09-05 16:17:17,2025-09-09 03:17:17
3486,5394,usps,2025-08-09 16:33:29,2025-08-15 11:33:29
3487,5397,ups,2025-06-02 02:16:18,2025-06-03 15:16:18
3488,5398,dhl,2025-09-15 23:25:18,2025-09-19 16:25:18
3489,5401,ups,2025-09-28 02:30:50,2025-10-02 21:30:50
349,550,dhl,2025-04-11 22:58:00,2025-04-17 15:58:00
3490,5404,dhl,2025-07-24 21:27:19,2025-07-25 10:27:19
3491,5405,usps,2025-01-29 02:43:55,2025-02-02 06:43:55
3492,5408,fedex,2025-01-27 04:39:03,2025-01-30 13:39:03
3493,5409,usps,2025-11-06 16:41:44,2025-11-09 07:41:44
3494,5411,fedex,2025-11-11 07:03:16,2025-11-13 16:03:16
3495,5412,usps,2025-05-30 18:29:41,2025-06-01 20:29:41
3496,5414,ups,2025-10-23 05:38:09,2025-10-28 03:38:09
3497,5415,fedex,2025-05-20 16:11:00,2025-05-23 06:11:00
3498,5417,fedex,2025-10-12 12:02:39,2025-10-16 01:02:39
3499,5418,fedex,2025-04-07 07:19:41,2025-04-11 01:19:41
35,53,fedex,2025-09-24 21:58:38,2025-09-27 03:58:38
350,551,fedex,2025-01-03 01:58:24,2025-01-05 00:58:24
3500,5419,ups,2025-01-12 23:53:56,2025-01-18 01:53:56
3501,5422,usps,2025-12-16 09:58:57,2025-12-16 17:58:57
3502,5423,ups,2025-07-22 04:14:24,2025-07-26 21:14:24
3503,5424,fedex,2025-06-11 01:02:04,2025-06-13 02:02:04
3504,5425,dhl,2025-12-29 11:00:06,2025-12-31 23:59:59
3505,5426,usps,2025-04-20 04:07:54,2025-04-23 04:07:54
3506,5427,dhl,2025-07-20 01:36:52,2025-07-25 01:36:52
3507,5428,fedex,2025-10-20 14:43:52,2025-10-22 14:43:52
3508,5430,dhl,2025-10-03 08:08:14,2025-10-04 21:08:14
3509,5432,dhl,2025-01-17 11:34:50,2025-01-22 04:34:50
351,553,ups,2025-03-17 13:12:23,2025-03-21 11:12:23
3510,5433,usps,2025-07-26 07:20:01,2025-07-27 01:20:01
3511,5434,ups,2025-02-03 23:48:57,2025-02-04 21:48:57
3512,5435,ups,2025-10-30 03:44:50,2025-11-03 15:44:50
3513,5439,usps,2025-09-02 10:39:24,2025-09-07 09:39:24
3514,5440,usps,2025-12-17 02:24:31,2025-12-20 08:24:31
3515,5441,usps,2025-08-17 00:43:05,\N
3516,5443,ups,2025-07-09 15:29:26,2025-07-13 10:29:26
3517,5444,dhl,2025-02-27 12:33:39,\N
3518,5446,usps,2025-11-30 10:10:39,2025-12-01 15:10:39
3519,5448,fedex,2025-12-05 12:57:33,2025-12-10 16:57:33
352,554,dhl,2025-05-06 20:21:14,2025-05-07 12:21:14
3520,5449,fedex,2025-03-28 20:00:29,2025-03-30 06:00:29
3521,5450,ups,2025-04-11 03:09:14,\N
3522,5452,usps,2025-01-27 15:01:05,2025-01-30 23:01:05
3523,5453,dhl,2025-09-05 20:10:00,2025-09-06 03:10:00
3524,5454,ups,2025-12-12 06:46:44,2025-12-15 04:46:44
3525,5455,ups,2025-03-02 13:43:27,\N
3526,5456,ups,2025-12-08 15:25:17,2025-12-11 14:25:17
3527,5457,dhl,2025-05-26 02:26:18,2025-05-31 06:26:18
3528,5459,ups,2025-01-06 04:30:26,2025-01-08 22:30:26
3529,5460,ups,2025-11-15 22:08:11,2025-11-16 07:08:11
353,556,usps,2025-04-30 16:09:16,2025-05-05 18:09:16
3530,5461,fedex,2025-07-16 12:17:08,2025-07-18 01:17:08
3531,5462,dhl,2025-06-25 22:02:59,2025-06-28 07:02:59
3532,5463,dhl,2025-07-13 01:23:57,2025-07-15 06:23:57
3533,5466,ups,2025-10-02 14:58:44,2025-10-04 19:58:44
3534,5468,usps,2025-03-14 00:02:04,2025-03-15 21:02:04
3535,5469,fedex,2025-10-17 01:51:04,2025-10-21 06:51:04
3536,5471,dhl,2025-04-11 14:00:26,2025-04-15 20:00:26
3537,5474,fedex,2025-08-18 21:29:38,2025-08-23 23:29:38
3538,5475,fedex,2025-01-30 11:59:37,2025-02-05 05:59:37
3539,5476,usps,2025-09-11 15:32:57,2025-09-17 08:32:57
354,557,fedex,2025-08-05 14:59:20,2025-08-06 02:59:20
3540,5478,dhl,2025-07-23 18:37:44,\N
3541,5480,usps,2025-07-06 00:39:12,2025-07-09 02:39:12
3542,5482,usps,2025-02-10 13:39:35,2025-02-16 05:39:35
3543,5483,fedex,2025-08-05 07:27:36,2025-08-10 02:27:36
3544,5484,dhl,2025-05-26 08:57:38,2025-05-26 14:57:38
3545,5485,usps,2025-04-25 14:59:18,\N
3546,5486,ups,2025-06-16 22:35:15,2025-06-18 15:35:15
3547,5488,ups,2025-01-06 02:30:15,2025-01-08 06:30:15
3548,5489,ups,2025-03-02 21:34:26,2025-03-03 07:34:26
3549,5491,usps,2025-03-05 07:05:28,2025-03-10 06:05:28
355,558,usps,2025-08-18 02:17:57,2025-08-21 18:17:57
3550,5493,fedex,2025-05-26 22:30:04,2025-05-31 15:30:04
3551,5495,ups,2025-07-22 18:50:18,2025-07-23 17:50:18
3552,5498,dhl,2025-03-29 23:59:14,2025-04-01 17:59:14
3553,5499,ups,2025-03-11 21:38:42,2025-03-14 22:38:42
3554,5500,fedex,2025-01-24 03:39:58,2025-01-27 21:39:58
3555,5502,fedex,2025-09-20 05:24:25,2025-09-22 17:24:25
3556,5503,ups,2025-08-03 04:48:50,2025-08-08 07:48:50
3557,5504,dhl,2025-11-06 07:24:14,2025-11-10 02:24:14
3558,5505,dhl,2025-08-02 13:06:52,2025-08-07 23:06:52
3559,5506,fedex,2025-04-04 14:49:07,2025-04-07 04:49:07
356,559,ups,2025-08-20 00:09:45,2025-08-24 19:09:45
3560,5507,fedex,2025-09-02 14:28:54,\N
3561,5509,fedex,2025-12-25 06:16:56,2025-12-28 21:16:56
3562,5510,usps,2025-11-01 02:08:15,2025-11-04 10:08:15
3563,5516,fedex,2025-06-17 03:11:21,2025-06-21 14:11:21
3564,5517,fedex,2025-10-31 19:46:34,2025-11-04 07:46:34
3565,5519,usps,2025-07-17 21:03:39,2025-07-21 23:03:39
3566,5521,ups,2025-01-19 12:07:53,2025-01-21 21:07:53
3567,5525,dhl,2025-04-14 09:34:38,2025-04-18 15:34:38
3568,5527,usps,2025-07-29 03:25:46,2025-08-03 21:25:46
3569,5531,ups,2025-04-18 20:01:51,2025-04-20 03:01:51
357,563,ups,2025-05-06 15:35:26,2025-05-09 19:35:26
3570,5532,fedex,2025-02-16 15:38:18,2025-02-18 18:38:18
3571,5533,ups,2025-01-27 19:14:04,\N
3572,5534,dhl,2025-07-02 19:04:50,2025-07-05 04:04:50
3573,5535,fedex,2025-11-20 03:29:38,2025-11-24 09:29:38
3574,5536,usps,2025-09-02 22:05:27,\N
3575,5537,ups,2025-03-16 00:29:40,2025-03-20 17:29:40
3576,5539,usps,2025-06-04 12:11:52,2025-06-05 16:11:52
3577,5540,usps,2025-11-29 12:07:47,2025-12-04 03:07:47
3578,5545,fedex,2025-09-07 11:35:30,2025-09-08 10:35:30
3579,5546,dhl,2025-11-24 17:41:21,2025-11-29 02:41:21
358,564,dhl,2025-04-30 20:02:11,2025-05-06 09:02:11
3580,5547,fedex,2025-01-03 20:16:25,2025-01-04 21:16:25
3581,5548,usps,2025-07-11 02:38:58,2025-07-13 20:38:58
3582,5551,dhl,2025-02-15 05:47:14,\N
3583,5553,dhl,2025-02-08 16:43:01,2025-02-14 04:43:01
3584,5554,ups,2025-08-04 21:38:31,2025-08-06 23:38:31
3585,5555,fedex,2025-06-02 06:08:10,2025-06-06 23:08:10
3586,5556,dhl,2025-01-20 10:47:34,2025-01-25 16:47:34
3587,5560,dhl,2025-03-22 07:37:55,2025-03-26 08:37:55
3588,5562,dhl,2025-11-19 03:35:03,2025-11-23 10:35:03
3589,5563,fedex,2025-11-23 10:47:05,2025-11-27 10:47:05
359,567,ups,2025-02-07 12:52:50,2025-02-09 15:52:50
3590,5565,usps,2025-09-14 08:36:25,2025-09-18 17:36:25
3591,5566,ups,2025-05-27 11:30:22,2025-05-29 18:30:22
3592,5568,usps,2025-02-11 17:11:49,2025-02-16 13:11:49
3593,5571,dhl,2025-09-28 13:03:41,2025-10-04 08:03:41
3594,5573,usps,2025-02-18 13:27:15,2025-02-22 15:27:15
3595,5574,dhl,2025-09-04 15:04:57,2025-09-06 13:04:57
3596,5576,fedex,2025-02-05 20:55:18,2025-02-07 03:55:18
3597,5577,ups,2025-01-26 13:55:52,2025-01-27 13:55:52
3598,5578,dhl,2025-09-23 00:08:56,2025-09-28 16:08:56
3599,5580,usps,2025-10-26 14:17:50,2025-10-29 14:17:50
36,54,ups,2025-04-20 07:54:33,2025-04-24 22:54:33
360,569,dhl,2025-03-27 19:07:43,2025-04-02 06:07:43
3600,5583,usps,2025-04-14 11:31:54,2025-04-17 06:31:54
3601,5585,ups,2025-11-01 17:41:13,2025-11-03 05:41:13
3602,5586,ups,2025-09-11 09:46:25,2025-09-13 14:46:25
3603,5587,fedex,2025-05-09 00:20:52,2025-05-10 17:20:52
3604,5588,dhl,2025-04-17 22:08:53,2025-04-23 12:08:53
3605,5592,fedex,2025-08-15 10:55:42,2025-08-15 16:55:42
3606,5593,fedex,2025-01-06 04:12:49,2025-01-08 10:12:49
3607,5596,dhl,2025-07-07 23:07:28,2025-07-09 21:07:28
3608,5597,fedex,2025-06-18 01:19:20,2025-06-21 19:19:20
3609,5598,dhl,2025-02-28 02:30:17,2025-03-02 18:30:17
361,570,usps,2025-01-27 18:57:48,\N
3610,5601,dhl,2025-09-27 15:56:33,2025-10-02 05:56:33
3611,5602,usps,2025-06-10 17:26:28,2025-06-11 18:26:28
3612,5603,dhl,2025-05-21 04:19:59,2025-05-23 18:19:59
3613,5604,ups,2025-03-09 10:51:08,2025-03-13 00:51:08
3614,5605,dhl,2025-05-25 07:28:10,2025-05-31 00:28:10
3615,5607,ups,2025-02-06 14:07:49,2025-02-07 11:07:49
3616,5608,fedex,2025-03-23 20:34:47,\N
3617,5609,fedex,2025-08-16 13:07:27,2025-08-17 11:07:27
3618,5611,fedex,2025-12-16 18:23:49,2025-12-17 02:23:49
3619,5614,dhl,2025-02-23 05:18:39,2025-02-28 17:18:39
362,571,usps,2025-05-03 16:03:41,2025-05-04 17:03:41
3620,5615,dhl,2025-12-28 11:54:35,2025-12-31 23:59:59
3621,5616,ups,2025-02-18 01:47:04,2025-02-23 03:47:04
3622,5618,fedex,2025-04-20 12:05:13,2025-04-20 21:05:13
3623,5619,fedex,2025-12-29 05:47:51,2025-12-30 17:47:51
3624,5621,fedex,2025-09-14 18:51:15,2025-09-19 22:51:15
3625,5622,ups,2025-01-19 21:01:16,\N
3626,5623,fedex,2025-09-06 09:06:06,2025-09-11 17:06:06
3627,5624,fedex,2025-03-25 10:02:25,2025-03-25 20:02:25
3628,5625,fedex,2025-10-22 06:06:59,2025-10-25 03:06:59
3629,5626,dhl,2025-06-03 21:39:24,2025-06-06 18:39:24
363,572,dhl,2025-04-23 22:30:12,2025-04-29 04:30:12
3630,5629,dhl,2025-11-10 11:09:38,2025-11-12 22:09:38
3631,5630,dhl,2025-03-14 09:48:35,2025-03-15 07:48:35
3632,5631,fedex,2025-07-19 17:18:26,2025-07-24 07:18:26
3633,5632,fedex,2025-10-25 20:00:51,2025-10-30 03:00:51
3634,5633,fedex,2025-04-26 11:36:07,2025-04-30 09:36:07
3635,5634,usps,2025-04-27 02:40:46,2025-05-01 15:40:46
3636,5635,ups,2025-03-11 05:51:32,2025-03-14 18:51:32
3637,5636,usps,2025-04-14 06:20:31,2025-04-17 11:20:31
3638,5637,fedex,2025-02-10 17:57:20,2025-02-14 13:57:20
3639,5638,ups,2025-03-03 20:04:50,2025-03-08 17:04:50
364,575,usps,2025-09-04 13:21:45,2025-09-10 07:21:45
3640,5639,usps,2025-04-03 02:56:46,2025-04-08 02:56:46
3641,5641,fedex,2025-04-20 00:26:24,2025-04-25 02:26:24
3642,5643,fedex,2025-02-05 08:57:12,2025-02-08 18:57:12
3643,5644,fedex,2025-07-20 11:59:00,2025-07-23 10:59:00
3644,5645,dhl,2025-12-20 13:46:18,2025-12-25 18:46:18
3645,5646,usps,2025-11-17 13:13:04,2025-11-22 17:13:04
3646,5649,dhl,2025-03-10 09:50:05,2025-03-13 11:50:05
3647,5653,fedex,2025-01-10 14:59:04,2025-01-16 03:59:04
3648,5654,fedex,2025-12-09 02:36:49,\N
3649,5655,fedex,2025-10-20 01:14:45,2025-10-21 20:14:45
365,576,fedex,2025-05-26 14:35:59,2025-05-30 21:35:59
3650,5656,dhl,2025-07-23 21:13:52,2025-07-29 08:13:52
3651,5657,usps,2025-04-21 06:45:48,2025-04-22 21:45:48
3652,5658,usps,2025-05-09 06:02:29,2025-05-13 07:02:29
3653,5660,usps,2025-12-08 06:19:48,2025-12-10 21:19:48
3654,5662,dhl,2025-10-14 06:00:28,2025-10-15 09:00:28
3655,5664,ups,2025-01-28 20:18:09,2025-02-02 11:18:09
3656,5665,dhl,2025-01-21 14:38:27,2025-01-26 19:38:27
3657,5666,usps,2025-08-20 02:11:48,2025-08-25 07:11:48
3658,5667,fedex,2025-04-26 13:10:29,2025-04-28 10:10:29
3659,5671,ups,2025-03-05 06:16:15,2025-03-09 22:16:15
366,577,ups,2025-10-21 20:47:26,2025-10-25 00:47:26
3660,5673,dhl,2025-08-30 17:34:53,2025-09-03 19:34:53
3661,5675,dhl,2025-08-28 06:19:27,2025-08-29 17:19:27
3662,5676,usps,2025-05-02 20:30:33,2025-05-05 09:30:33
3663,5677,dhl,2025-04-04 10:11:26,2025-04-07 06:11:26
3664,5678,dhl,2025-09-03 09:43:07,2025-09-07 17:43:07
3665,5679,fedex,2025-11-15 07:41:41,2025-11-15 18:41:41
3666,5680,fedex,2025-02-10 05:14:06,2025-02-14 03:14:06
3667,5681,ups,2025-10-29 00:15:31,2025-11-01 19:15:31
3668,5682,dhl,2025-12-16 08:43:26,2025-12-17 13:43:26
3669,5684,fedex,2025-12-14 10:15:37,2025-12-16 03:15:37
367,578,usps,2025-03-08 07:29:28,2025-03-11 12:29:28
3670,5686,dhl,2025-01-30 14:44:08,2025-02-03 22:44:08
3671,5687,ups,2025-07-17 18:36:05,2025-07-20 18:36:05
3672,5688,usps,2025-04-05 12:50:59,\N
3673,5690,fedex,2025-03-01 19:19:25,2025-03-07 13:19:25
3674,5691,ups,2025-01-06 12:49:03,2025-01-10 09:49:03
3675,5693,dhl,2025-01-12 04:51:01,2025-01-17 03:51:01
3676,5694,fedex,2025-09-23 01:01:22,2025-09-25 22:01:22
3677,5695,ups,2025-04-12 20:59:25,2025-04-15 18:59:25
3678,5697,dhl,2025-03-10 21:43:58,2025-03-11 22:43:58
3679,5700,fedex,2025-02-28 14:19:39,2025-03-05 08:19:39
368,580,usps,2025-07-28 09:40:25,2025-07-31 02:40:25
3680,5702,ups,2025-05-14 21:56:35,2025-05-20 15:56:35
3681,5703,usps,2025-07-12 08:16:10,2025-07-17 18:16:10
3682,5704,usps,2025-04-15 15:17:45,2025-04-18 21:17:45
3683,5705,dhl,2025-12-11 23:13:09,2025-12-12 05:13:09
3684,5706,fedex,2025-03-02 05:43:40,2025-03-07 18:43:40
3685,5707,dhl,2025-04-11 13:29:16,2025-04-13 21:29:16
3686,5708,fedex,2025-07-20 06:02:10,2025-07-21 23:02:10
3687,5709,fedex,2025-02-08 23:39:35,2025-02-12 09:39:35
3688,5712,ups,2025-06-11 08:31:19,2025-06-11 17:31:19
3689,5713,usps,2025-12-28 20:58:51,2025-12-31 09:58:51
369,582,fedex,2025-12-14 05:10:22,2025-12-16 15:10:22
3690,5714,usps,2025-08-15 18:21:49,2025-08-17 23:21:49
3691,5716,ups,2025-01-24 07:34:47,2025-01-29 03:34:47
3692,5717,dhl,2025-03-22 01:13:24,2025-03-26 14:13:24
3693,5721,fedex,2025-01-20 18:05:54,2025-01-25 19:05:54
3694,5724,usps,2025-12-11 07:22:52,2025-12-13 13:22:52
3695,5726,usps,2025-05-13 12:33:59,2025-05-17 19:33:59
3696,5727,fedex,2025-04-12 13:24:40,2025-04-16 11:24:40
3697,5728,ups,2025-01-24 07:28:10,2025-01-29 08:28:10
3698,5729,usps,2025-06-23 13:34:31,2025-06-27 09:34:31
3699,5731,fedex,2025-02-15 03:23:38,2025-02-17 13:23:38
37,55,dhl,2025-04-22 09:54:35,2025-04-25 13:54:35
370,584,ups,2025-09-30 05:06:03,2025-09-30 12:06:03
3700,5735,usps,2025-11-09 02:37:27,2025-11-10 00:37:27
3701,5736,usps,2025-10-17 05:50:19,2025-10-18 21:50:19
3702,5737,dhl,2025-03-08 09:03:43,2025-03-09 15:03:43
3703,5738,ups,2025-04-30 10:06:53,2025-05-05 02:06:53
3704,5739,fedex,2025-09-18 05:27:02,2025-09-22 00:27:02
3705,5743,ups,2025-10-18 10:53:33,2025-10-22 19:53:33
3706,5744,ups,2025-09-19 16:15:32,2025-09-20 01:15:32
3707,5745,usps,2025-01-15 08:38:15,2025-01-19 04:38:15
3708,5746,fedex,2025-12-23 01:07:20,\N
3709,5748,fedex,2025-02-22 01:18:09,2025-02-24 16:18:09
371,587,usps,2025-08-07 23:56:03,2025-08-10 12:56:03
3710,5749,ups,2025-12-08 07:26:16,2025-12-08 17:26:16
3711,5750,dhl,2025-12-11 14:49:13,2025-12-14 16:49:13
3712,5751,dhl,2025-05-03 05:00:49,2025-05-07 17:00:49
3713,5753,usps,2025-07-31 19:10:41,2025-08-06 13:10:41
3714,5754,usps,2025-04-29 00:03:43,2025-04-30 18:03:43
3715,5755,usps,2025-11-26 19:58:30,2025-11-28 20:58:30
3716,5756,dhl,2025-11-05 21:16:51,2025-11-06 09:16:51
3717,5757,fedex,2025-04-06 12:59:07,2025-04-07 23:59:07
3718,5758,dhl,2025-08-12 18:29:47,2025-08-17 17:29:47
3719,5759,dhl,2025-09-29 02:04:57,2025-10-04 00:04:57
372,588,ups,2025-01-31 11:50:32,2025-02-06 03:50:32
3720,5762,dhl,2025-01-03 10:51:45,2025-01-06 09:51:45
3721,5763,fedex,2025-03-09 07:17:07,2025-03-14 11:17:07
3722,5765,dhl,2025-01-12 05:03:40,\N
3723,5767,usps,2025-09-03 17:51:37,2025-09-07 16:51:37
3724,5768,usps,2025-04-08 20:22:39,2025-04-13 05:22:39
3725,5769,usps,2025-09-20 20:41:38,2025-09-21 14:41:38
3726,5770,ups,2025-06-23 11:23:38,\N
3727,5771,usps,2025-04-11 13:25:19,2025-04-11 19:25:19
3728,5773,dhl,2025-08-05 02:15:15,2025-08-10 20:15:15
3729,5774,ups,2025-04-11 15:10:51,2025-04-16 01:10:51
373,589,ups,2025-09-07 02:07:32,2025-09-09 08:07:32
3730,5776,usps,2025-07-06 16:07:28,2025-07-11 07:07:28
3731,5778,ups,2025-11-12 05:11:10,2025-11-14 17:11:10
3732,5779,ups,2025-12-06 05:35:54,\N
3733,5780,usps,2025-09-24 22:23:26,2025-09-28 15:23:26
3734,5781,usps,2025-05-26 05:18:20,2025-05-31 03:18:20
3735,5783,usps,2025-04-23 03:28:20,2025-04-28 07:28:20
3736,5785,ups,2025-05-01 06:33:20,2025-05-02 18:33:20
3737,5786,fedex,2025-08-21 04:32:49,2025-08-23 05:32:49
3738,5788,ups,2025-12-16 16:10:52,\N
3739,5789,usps,2025-03-25 22:21:41,2025-03-26 09:21:41
374,591,dhl,2025-12-27 05:17:18,2025-12-31 14:17:18
3740,5790,usps,2025-04-21 21:52:34,2025-04-24 11:52:34
3741,5794,ups,2025-07-10 21:28:51,2025-07-11 10:28:51
3742,5795,usps,2025-03-10 19:38:32,2025-03-13 11:38:32
3743,5797,dhl,2025-08-09 16:38:27,2025-08-14 11:38:27
3744,5798,usps,2025-05-22 09:18:15,2025-05-24 07:18:15
3745,5801,dhl,2025-11-09 07:53:33,2025-11-11 04:53:33
3746,5802,fedex,2025-06-11 15:32:51,2025-06-12 18:32:51
3747,5804,ups,2025-07-12 11:44:42,\N
3748,5808,ups,2025-06-16 08:07:01,2025-06-22 01:07:01
3749,5810,dhl,2025-12-02 19:51:14,2025-12-05 13:51:14
375,592,usps,2025-02-14 02:35:03,2025-02-16 13:35:03
3750,5812,dhl,2025-07-08 07:29:36,2025-07-10 02:29:36
3751,5813,usps,2025-07-17 03:28:25,2025-07-22 03:28:25
3752,5817,usps,2025-05-20 20:35:23,\N
3753,5818,dhl,2025-12-18 08:11:04,2025-12-22 14:11:04
3754,5819,dhl,2025-11-22 06:52:51,2025-11-27 23:52:51
3755,5820,dhl,2025-02-27 05:16:32,2025-02-28 14:16:32
3756,5824,ups,2025-08-30 00:20:06,2025-09-02 17:20:06
3757,5825,fedex,2025-03-31 06:32:11,2025-04-03 15:32:11
3758,5826,fedex,2025-01-30 04:10:34,2025-02-01 04:10:34
3759,5827,ups,2025-01-16 01:23:26,2025-01-20 00:23:26
376,595,fedex,2025-08-07 13:27:33,2025-08-12 17:27:33
3760,5829,usps,2025-09-01 05:46:58,2025-09-06 11:46:58
3761,5830,usps,2025-12-03 19:49:17,2025-12-08 17:49:17
3762,5831,fedex,2025-08-02 09:03:56,\N
3763,5835,ups,2025-05-09 16:32:17,2025-05-11 09:32:17
3764,5836,fedex,2025-04-09 14:26:36,2025-04-11 16:26:36
3765,5838,fedex,2025-07-19 10:14:43,\N
3766,5840,dhl,2025-04-24 10:43:25,\N
3767,5843,fedex,2025-04-13 13:34:38,2025-04-15 10:34:38
3768,5844,ups,2025-03-06 04:37:03,2025-03-08 14:37:03
3769,5847,ups,2025-09-22 14:05:10,2025-09-23 06:05:10
377,597,fedex,2025-04-30 06:33:51,2025-05-03 21:33:51
3770,5848,fedex,2025-11-12 12:51:43,2025-11-17 03:51:43
3771,5850,dhl,2025-11-27 10:18:29,2025-12-01 07:18:29
3772,5851,usps,2025-04-15 23:40:27,2025-04-19 06:40:27
3773,5852,usps,2025-09-29 11:25:56,2025-10-01 01:25:56
3774,5853,dhl,2025-06-08 00:51:56,2025-06-10 23:51:56
3775,5854,dhl,2025-08-27 12:35:35,2025-09-02 01:35:35
3776,5856,fedex,2025-04-03 17:03:06,2025-04-05 05:03:06
3777,5857,ups,2025-12-20 21:20:34,2025-12-24 20:20:34
3778,5859,fedex,2025-05-17 14:17:50,2025-05-21 06:17:50
3779,5860,dhl,2025-08-19 10:07:26,2025-08-22 19:07:26
378,598,usps,2025-12-26 12:23:28,2025-12-29 21:23:28
3780,5861,ups,2025-04-10 00:26:56,2025-04-15 04:26:56
3781,5862,usps,2025-09-14 17:14:05,2025-09-17 23:14:05
3782,5865,dhl,2025-10-31 13:26:10,2025-11-04 01:26:10
3783,5866,usps,2025-03-04 10:53:29,2025-03-09 13:53:29
3784,5869,dhl,2025-08-10 17:37:42,2025-08-15 00:37:42
3785,5870,dhl,2025-10-22 12:41:55,2025-10-24 01:41:55
3786,5871,usps,2025-03-25 23:35:33,2025-03-26 08:35:33
3787,5873,usps,2025-06-14 05:14:54,2025-06-15 17:14:54
3788,5876,dhl,2025-07-28 02:01:12,\N
3789,5877,fedex,2025-04-30 06:23:56,2025-05-01 01:23:56
379,599,dhl,2025-12-14 11:56:07,2025-12-18 23:56:07
3790,5879,ups,2025-12-24 12:07:44,2025-12-27 20:07:44
3791,5880,usps,2025-11-20 11:04:45,2025-11-24 02:04:45
3792,5881,fedex,2025-02-14 01:33:45,2025-02-16 16:33:45
3793,5884,fedex,2025-02-17 23:13:09,2025-02-20 18:13:09
3794,5885,fedex,2025-11-12 22:08:48,2025-11-14 10:08:48
3795,5886,dhl,2025-05-28 15:45:00,2025-05-30 08:45:00
3796,5891,ups,2025-12-07 14:41:11,2025-12-12 08:41:11
3797,5896,fedex,2025-06-02 07:37:26,2025-06-05 02:37:26
3798,5898,fedex,2025-02-27 14:16:42,2025-02-28 13:16:42
3799,5899,fedex,2025-04-29 18:19:27,2025-04-30 18:19:27
38,58,fedex,2025-01-11 07:12:20,2025-01-14 10:12:20
380,600,usps,2025-04-27 14:52:45,2025-05-01 21:52:45
3800,5900,ups,2025-09-11 14:31:29,2025-09-12 09:31:29
3801,5901,usps,2025-09-17 21:29:56,2025-09-19 21:29:56
3802,5908,dhl,2025-07-03 03:04:20,2025-07-08 13:04:20
3803,5909,dhl,2025-11-01 02:11:59,2025-11-04 11:11:59
3804,5911,dhl,2025-08-20 05:24:59,2025-08-22 20:24:59
3805,5913,usps,2025-10-27 19:53:09,2025-10-29 23:53:09
3806,5914,usps,2025-01-24 11:50:25,2025-01-29 13:50:25
3807,5915,usps,2025-03-26 19:41:49,2025-03-30 05:41:49
3808,5918,usps,2025-09-08 21:04:28,2025-09-10 04:04:28
3809,5920,dhl,2025-06-13 21:53:49,2025-06-17 00:53:49
381,602,dhl,2025-01-09 22:04:31,\N
3810,5921,fedex,2025-10-17 05:35:07,\N
3811,5922,ups,2025-06-30 18:14:23,2025-07-02 22:14:23
3812,5924,fedex,2025-09-02 09:44:58,2025-09-03 12:44:58
3813,5925,usps,2025-06-18 00:39:47,2025-06-19 22:39:47
3814,5926,ups,2025-10-16 20:17:53,2025-10-19 05:17:53
3815,5927,ups,2025-07-10 03:09:28,2025-07-12 22:09:28
3816,5928,usps,2025-08-05 16:47:12,2025-08-07 08:47:12
3817,5931,fedex,2025-10-25 13:22:18,\N
3818,5934,fedex,2025-05-23 20:29:55,2025-05-24 12:29:55
3819,5936,dhl,2025-10-02 13:22:06,2025-10-08 03:22:06
382,603,fedex,2025-01-06 10:04:42,2025-01-08 20:04:42
3820,5938,fedex,2025-10-28 19:41:27,2025-10-30 00:41:27
3821,5941,dhl,2025-06-18 20:18:32,2025-06-23 05:18:32
3822,5942,ups,2025-06-18 15:11:23,2025-06-19 02:11:23
3823,5943,dhl,2025-12-29 15:45:57,2025-12-31 23:59:59
3824,5944,ups,2025-04-14 22:52:13,2025-04-16 14:52:13
3825,5945,ups,2025-05-06 20:51:29,2025-05-09 16:51:29
3826,5946,dhl,2025-01-10 08:49:17,2025-01-11 07:49:17
3827,5947,fedex,2025-02-10 20:27:17,2025-02-16 01:27:17
3828,5950,usps,2025-05-25 03:32:41,2025-05-26 07:32:41
3829,5951,dhl,2025-10-14 18:16:04,2025-10-19 11:16:04
383,605,fedex,2025-09-06 03:18:11,2025-09-11 21:18:11
3830,5952,usps,2025-04-27 22:51:16,2025-04-29 05:51:16
3831,5954,dhl,2025-08-02 03:38:20,2025-08-06 07:38:20
3832,5955,ups,2025-03-30 06:28:14,2025-04-04 19:28:14
3833,5956,dhl,2025-09-24 06:57:30,2025-09-28 23:57:30
3834,5957,dhl,2025-04-25 18:24:50,2025-04-27 11:24:50
3835,5961,usps,2025-01-31 21:05:49,2025-02-03 16:05:49
3836,5962,dhl,2025-08-19 11:39:54,2025-08-23 01:39:54
3837,5963,fedex,2025-08-08 22:14:22,2025-08-09 15:14:22
3838,5967,ups,2025-04-15 23:15:49,2025-04-18 15:15:49
3839,5968,dhl,2025-01-24 17:36:22,2025-01-26 01:36:22
384,606,ups,2025-07-29 23:17:26,2025-08-01 08:17:26
3840,5969,fedex,2025-11-19 19:54:38,2025-11-22 12:54:38
3841,5970,fedex,2025-06-06 09:57:37,\N
3842,5971,dhl,2025-09-13 16:49:23,2025-09-19 00:49:23
3843,5972,usps,2025-04-25 02:10:59,2025-04-28 19:10:59
3844,5973,fedex,2025-02-14 04:22:47,2025-02-14 18:22:47
3845,5975,fedex,2025-05-15 20:39:23,\N
3846,5976,usps,2025-09-03 00:31:49,2025-09-08 13:31:49
3847,5978,ups,2025-05-10 14:59:33,2025-05-11 07:59:33
3848,5979,fedex,2025-09-29 23:13:00,2025-10-03 22:13:00
3849,5980,ups,2025-11-30 08:41:44,2025-12-05 05:41:44
385,607,ups,2025-04-02 19:26:07,2025-04-06 08:26:07
3850,5981,ups,2025-10-23 20:55:16,2025-10-27 06:55:16
3851,5982,usps,2025-04-15 12:04:06,2025-04-19 00:04:06
3852,5983,dhl,2025-10-17 23:26:13,2025-10-18 08:26:13
3853,5984,fedex,2025-02-25 09:44:01,2025-03-02 23:44:01
3854,5985,fedex,2025-11-13 23:11:45,2025-11-15 10:11:45
3855,5987,dhl,2025-03-07 07:39:14,2025-03-12 08:39:14
3856,5989,ups,2025-05-24 20:08:01,2025-05-25 06:08:01
3857,5990,dhl,2025-07-03 15:16:24,2025-07-08 22:16:24
3858,5994,usps,2025-04-13 19:35:10,2025-04-17 10:35:10
3859,5995,dhl,2025-08-02 03:00:10,2025-08-03 21:00:10
386,609,dhl,2025-09-04 13:19:01,2025-09-06 06:19:01
3860,5996,fedex,2025-01-06 05:48:33,2025-01-08 17:48:33
3861,5998,usps,2025-04-19 04:03:53,2025-04-20 23:03:53
3862,6000,usps,2025-09-14 12:19:45,2025-09-18 16:19:45
3863,6001,fedex,2025-10-09 02:25:37,2025-10-12 01:25:37
3864,6002,dhl,2025-08-16 22:05:56,2025-08-21 04:05:56
3865,6005,ups,2025-10-18 08:35:15,2025-10-21 08:35:15
3866,6006,fedex,2025-09-08 20:14:08,2025-09-10 05:14:08
3867,6007,fedex,2025-03-01 12:47:08,2025-03-02 22:47:08
3868,6008,dhl,2025-08-11 10:17:00,2025-08-12 22:17:00
3869,6009,ups,2025-08-16 22:05:53,2025-08-17 06:05:53
387,610,dhl,2025-05-17 05:57:34,2025-05-18 22:57:34
3870,6011,ups,2025-03-20 15:43:33,2025-03-25 17:43:33
3871,6013,usps,2025-08-29 04:15:06,2025-09-01 12:15:06
3872,6014,dhl,2025-10-25 03:24:07,2025-10-25 13:24:07
3873,6015,usps,2025-08-19 15:53:57,2025-08-23 18:53:57
3874,6016,fedex,2025-04-02 01:54:46,2025-04-05 15:54:46
3875,6017,dhl,2025-02-15 02:37:25,2025-02-18 02:37:25
3876,6019,ups,2025-04-28 01:54:06,2025-04-29 09:54:06
3877,6020,usps,2025-06-26 09:21:33,2025-07-02 04:21:33
3878,6021,dhl,2025-05-05 14:29:38,2025-05-10 14:29:38
3879,6022,usps,2025-08-16 00:34:29,2025-08-20 03:34:29
388,615,usps,2025-04-26 14:30:57,2025-04-28 07:30:57
3880,6023,ups,2025-12-29 15:53:29,2025-12-31 23:59:59
3881,6025,dhl,2025-01-07 09:34:45,2025-01-10 10:34:45
3882,6026,usps,2025-05-07 22:10:02,2025-05-09 07:10:02
3883,6027,ups,2025-10-13 03:32:24,2025-10-14 12:32:24
3884,6028,dhl,2025-02-06 15:26:31,2025-02-11 18:26:31
3885,6029,usps,2025-11-02 20:21:35,2025-11-04 03:21:35
3886,6030,ups,2025-10-02 13:05:57,2025-10-07 01:05:57
3887,6031,usps,2025-03-01 12:29:10,2025-03-05 15:29:10
3888,6032,fedex,2025-02-17 14:55:59,2025-02-18 16:55:59
3889,6033,fedex,2025-04-05 21:43:40,2025-04-10 16:43:40
389,616,dhl,2025-11-09 18:53:28,2025-11-11 22:53:28
3890,6034,usps,2025-11-01 01:35:53,2025-11-02 08:35:53
3891,6035,usps,2025-04-21 02:01:28,2025-04-23 15:01:28
3892,6036,dhl,2025-12-21 21:21:18,2025-12-26 13:21:18
3893,6037,fedex,2025-01-03 16:37:21,2025-01-08 10:37:21
3894,6039,dhl,2025-09-19 16:16:19,2025-09-21 18:16:19
3895,6041,dhl,2025-10-18 04:06:21,2025-10-21 04:06:21
3896,6043,usps,2025-05-15 02:04:38,2025-05-20 18:04:38
3897,6048,dhl,2025-06-08 09:09:55,2025-06-12 07:09:55
3898,6049,dhl,2025-01-19 22:47:58,2025-01-20 22:47:58
3899,6050,fedex,2025-01-08 11:46:50,2025-01-10 07:46:50
39,59,ups,2025-09-20 14:19:35,2025-09-21 00:19:35
390,617,dhl,2025-05-19 00:19:44,2025-05-19 15:19:44
3900,6051,ups,2025-02-19 06:27:51,2025-02-22 04:27:51
3901,6052,usps,2025-07-30 14:01:49,2025-07-31 17:01:49
3902,6053,usps,2025-07-06 03:05:06,2025-07-06 20:05:06
3903,6054,usps,2025-06-27 22:11:17,2025-06-30 09:11:17
3904,6058,dhl,2025-05-18 09:18:32,2025-05-19 05:18:32
3905,6061,usps,2025-05-18 09:40:34,2025-05-18 22:40:34
3906,6062,ups,2025-10-14 00:23:17,2025-10-14 16:23:17
3907,6063,ups,2025-04-08 22:10:02,2025-04-12 20:10:02
3908,6064,ups,2025-10-12 00:16:17,2025-10-16 15:16:17
3909,6067,dhl,2025-05-17 00:37:17,2025-05-18 02:37:17
391,618,ups,2025-08-13 04:53:26,2025-08-13 20:53:26
3910,6069,dhl,2025-10-16 17:09:00,2025-10-21 22:09:00
3911,6070,ups,2025-05-20 09:50:46,2025-05-25 17:50:46
3912,6072,fedex,2025-12-31 21:32:38,2025-12-31 23:59:59
3913,6073,ups,2025-04-06 01:19:48,2025-04-07 03:19:48
3914,6078,fedex,2025-09-01 16:49:03,2025-09-05 02:49:03
3915,6079,usps,2025-06-28 11:04:53,2025-06-28 18:04:53
3916,6081,ups,2025-08-01 06:05:42,2025-08-05 18:05:42
3917,6082,usps,2025-07-07 09:37:17,2025-07-08 08:37:17
3918,6083,dhl,2025-08-13 17:12:44,2025-08-16 13:12:44
3919,6085,fedex,2025-05-25 06:29:21,2025-05-26 14:29:21
392,620,usps,2025-05-02 06:30:36,2025-05-06 08:30:36
3920,6088,dhl,2025-07-23 04:57:07,2025-07-25 14:57:07
3921,6089,ups,2025-11-23 00:27:03,2025-11-28 18:27:03
3922,6091,dhl,2025-06-15 16:24:57,2025-06-18 01:24:57
3923,6092,fedex,2025-03-01 08:41:22,2025-03-04 07:41:22
3924,6095,fedex,2025-04-12 00:58:12,2025-04-17 06:58:12
3925,6096,dhl,2025-05-21 12:04:14,2025-05-24 21:04:14
3926,6097,fedex,2025-11-10 17:36:49,2025-11-14 07:36:49
3927,6098,usps,2025-07-18 10:13:52,2025-07-20 04:13:52
3928,6099,fedex,2025-10-29 02:46:11,2025-10-30 16:46:11
3929,6100,usps,2025-03-17 05:39:20,2025-03-17 19:39:20
393,621,dhl,2025-03-28 09:00:52,2025-04-01 09:00:52
3930,6101,dhl,2025-02-20 10:31:24,2025-02-24 23:31:24
3931,6103,usps,2025-09-12 21:19:58,2025-09-16 11:19:58
3932,6104,dhl,2025-11-29 08:07:01,2025-12-03 18:07:01
3933,6105,dhl,2025-10-23 17:14:18,2025-10-28 14:14:18
3934,6107,usps,2025-03-21 13:05:04,2025-03-26 17:05:04
3935,6108,fedex,2025-11-10 20:07:52,2025-11-11 03:07:52
3936,6113,dhl,2025-12-27 06:14:03,2025-12-31 20:14:03
3937,6114,fedex,2025-02-10 03:37:23,\N
3938,6116,usps,2025-12-14 09:02:05,2025-12-18 15:02:05
3939,6117,ups,2025-11-04 22:55:00,2025-11-05 19:55:00
394,623,dhl,2025-05-23 01:17:16,2025-05-26 03:17:16
3940,6118,dhl,2026-01-03 05:45:34,2025-12-31 23:59:59
3941,6119,fedex,2025-02-22 01:05:02,2025-02-22 16:05:02
3942,6121,usps,2025-06-24 17:42:48,2025-06-29 08:42:48
3943,6127,usps,2025-03-03 03:02:57,2025-03-06 03:02:57
3944,6128,fedex,2025-05-03 19:43:29,2025-05-04 11:43:29
3945,6129,ups,2025-03-03 15:16:31,2025-03-05 02:16:31
3946,6131,fedex,2025-02-01 03:09:57,2025-02-05 06:09:57
3947,6133,usps,2025-11-10 02:14:43,2025-11-10 10:14:43
3948,6137,ups,2025-10-09 10:00:14,2025-10-10 10:00:14
3949,6139,dhl,2025-02-08 02:58:18,2025-02-12 10:58:18
395,624,usps,2025-10-13 12:20:36,2025-10-17 02:20:36
3950,6140,fedex,2025-10-04 19:15:03,2025-10-08 11:15:03
3951,6141,dhl,2025-01-26 12:15:21,2025-02-01 06:15:21
3952,6142,ups,2025-03-12 13:09:55,\N
3953,6144,fedex,2025-04-13 16:57:52,2025-04-16 03:57:52
3954,6146,fedex,2025-11-15 18:23:06,2025-11-17 04:23:06
3955,6147,fedex,2025-01-09 17:55:53,2025-01-10 03:55:53
3956,6148,fedex,2025-08-28 06:14:00,\N
3957,6149,fedex,2025-10-03 02:34:17,2025-10-04 14:34:17
3958,6150,dhl,2025-11-19 18:19:16,2025-11-22 10:19:16
3959,6151,dhl,2025-10-21 19:04:38,2025-10-25 00:04:38
396,626,usps,2025-08-08 18:16:02,2025-08-14 05:16:02
3960,6153,fedex,2025-12-12 02:40:33,2025-12-16 04:40:33
3961,6155,ups,2025-09-29 12:53:06,\N
3962,6156,usps,2025-02-19 11:25:05,\N
3963,6157,usps,2025-12-22 22:33:50,2025-12-28 03:33:50
3964,6158,ups,2025-10-29 15:01:39,2025-10-31 21:01:39
3965,6159,fedex,2025-09-18 08:25:11,2025-09-20 08:25:11
3966,6160,ups,2025-07-21 18:23:28,2025-07-27 00:23:28
3967,6163,usps,2025-11-26 10:16:39,2025-12-01 19:16:39
3968,6165,ups,2025-12-04 07:37:16,2025-12-05 06:37:16
3969,6167,dhl,2025-10-12 13:15:35,2025-10-16 12:15:35
397,627,dhl,2025-11-09 07:07:11,2025-11-11 03:07:11
3970,6168,fedex,2025-04-06 21:08:11,2025-04-10 09:08:11
3971,6169,fedex,2025-03-28 19:35:44,2025-04-01 01:35:44
3972,6170,fedex,2025-09-07 17:35:25,2025-09-11 11:35:25
3973,6172,dhl,2025-04-27 08:04:21,2025-05-02 22:04:21
3974,6174,dhl,2025-07-23 02:44:48,2025-07-27 20:44:48
3975,6175,ups,2025-09-19 16:01:09,2025-09-23 10:01:09
3976,6176,fedex,2025-11-14 08:06:00,2025-11-16 13:06:00
3977,6177,usps,2025-11-27 00:41:05,2025-11-29 15:41:05
3978,6179,usps,2025-10-05 20:03:40,2025-10-10 17:03:40
3979,6180,ups,2025-04-09 06:57:45,2025-04-10 21:57:45
398,628,fedex,2025-11-12 12:37:24,2025-11-13 14:37:24
3980,6181,dhl,2025-01-25 03:11:23,2025-01-30 15:11:23
3981,6183,dhl,2025-02-16 17:32:08,2025-02-19 11:32:08
3982,6184,ups,2025-09-12 00:03:19,2025-09-12 06:03:19
3983,6186,ups,2025-02-03 16:23:46,2025-02-05 17:23:46
3984,6187,fedex,2025-06-08 11:09:14,2025-06-13 20:09:14
3985,6190,fedex,2025-11-03 05:33:14,2025-11-06 13:33:14
3986,6191,fedex,2025-07-31 11:48:40,2025-08-03 20:48:40
3987,6192,ups,2025-03-12 21:45:46,2025-03-17 21:45:46
3988,6193,ups,2025-09-19 07:58:16,2025-09-24 05:58:16
3989,6194,usps,2025-11-19 04:11:30,2025-11-21 22:11:30
399,631,usps,2025-04-13 09:28:18,2025-04-16 03:28:18
3990,6195,fedex,2025-08-31 04:02:08,2025-09-02 21:02:08
3991,6197,usps,2025-08-20 15:04:29,2025-08-22 15:04:29
3992,6198,dhl,2025-05-06 07:18:55,2025-05-11 20:18:55
3993,6200,fedex,2025-09-28 16:02:58,2025-09-29 05:02:58
3994,6201,ups,2025-09-05 08:22:36,2025-09-08 09:22:36
3995,6202,fedex,2025-09-19 21:30:42,2025-09-23 04:30:42
3996,6205,usps,2025-03-01 07:24:25,2025-03-01 15:24:25
3997,6207,dhl,2025-12-13 00:41:18,2025-12-16 13:41:18
3998,6208,fedex,2025-11-25 04:30:16,2025-11-27 19:30:16
3999,6211,ups,2025-12-22 00:32:25,2025-12-25 15:32:25
4,6,usps,2025-05-22 17:53:08,2025-05-25 19:53:08
40,63,fedex,2025-02-09 02:56:22,2025-02-11 09:56:22
400,636,fedex,2025-04-08 07:20:47,2025-04-12 21:20:47
4000,6213,ups,2025-05-21 16:35:07,2025-05-25 03:35:07
4001,6214,fedex,2025-12-21 20:58:12,2025-12-26 06:58:12
4002,6215,ups,2025-08-30 09:16:38,2025-09-01 06:16:38
4003,6216,fedex,2025-09-25 04:59:17,2025-09-27 17:59:17
4004,6217,usps,2025-01-29 05:51:02,2025-01-29 16:51:02
4005,6218,usps,2025-09-10 15:15:18,2025-09-14 18:15:18
4006,6219,dhl,2025-06-22 07:00:29,2025-06-24 16:00:29
4007,6221,usps,2025-07-07 16:49:01,\N
4008,6222,fedex,2025-08-09 01:29:33,2025-08-14 08:29:33
4009,6223,fedex,2025-09-27 23:58:37,2025-10-03 05:58:37
401,637,ups,2025-09-21 20:10:51,2025-09-22 23:10:51
4010,6225,usps,2025-02-28 06:41:41,2025-03-05 10:41:41
4011,6226,usps,2026-01-01 11:15:34,2025-12-31 23:59:59
4012,6227,usps,2025-12-26 03:31:26,2025-12-27 05:31:26
4013,6229,ups,2025-02-04 13:53:46,2025-02-08 12:53:46
4014,6231,ups,2025-11-08 19:42:39,2025-11-09 06:42:39
4015,6232,usps,2025-01-07 22:53:51,2025-01-08 06:53:51
4016,6233,dhl,2025-07-13 16:10:18,2025-07-19 11:10:18
4017,6234,usps,2025-10-24 16:35:02,2025-10-27 01:35:02
4018,6235,dhl,2025-10-23 00:22:06,2025-10-26 17:22:06
4019,6236,ups,2025-04-07 07:31:05,2025-04-10 02:31:05
402,639,usps,2025-09-23 01:26:33,\N
4020,6237,fedex,2025-05-25 03:21:10,2025-05-27 16:21:10
4021,6241,ups,2025-09-01 18:47:08,2025-09-07 11:47:08
4022,6242,ups,2025-11-18 09:48:22,\N
4023,6243,usps,2025-12-03 20:50:56,2025-12-05 18:50:56
4024,6244,ups,2025-06-21 02:26:05,2025-06-21 23:26:05
4025,6245,dhl,2025-09-18 17:31:56,2025-09-21 06:31:56
4026,6247,dhl,2025-10-31 07:54:18,2025-11-01 08:54:18
4027,6249,ups,2025-04-05 16:22:12,2025-04-06 23:22:12
4028,6250,dhl,2025-05-16 06:26:25,2025-05-20 21:26:25
4029,6251,dhl,2025-05-30 00:15:59,2025-06-03 00:15:59
403,643,fedex,2025-11-04 00:13:13,2025-11-05 22:13:13
4030,6252,ups,2025-06-12 10:42:35,2025-06-17 21:42:35
4031,6253,dhl,2025-08-07 00:29:39,2025-08-08 17:29:39
4032,6254,fedex,2025-04-10 22:58:01,2025-04-16 06:58:01
4033,6257,ups,2025-02-14 15:08:31,2025-02-16 10:08:31
4034,6259,ups,2025-10-16 09:43:39,2025-10-18 02:43:39
4035,6262,ups,2025-01-12 10:01:21,2025-01-14 09:01:21
4036,6263,ups,2025-01-05 12:50:26,2025-01-10 21:50:26
4037,6264,ups,2025-03-15 06:50:43,2025-03-20 14:50:43
4038,6265,ups,2025-07-08 23:40:55,2025-07-11 02:40:55
4039,6266,dhl,2025-02-06 23:21:55,\N
404,645,dhl,2025-08-10 10:21:12,2025-08-12 23:21:12
4040,6267,dhl,2025-08-20 13:18:33,2025-08-21 16:18:33
4041,6268,ups,2025-08-25 10:34:33,2025-08-28 18:34:33
4042,6269,fedex,2025-12-22 05:50:15,2025-12-24 07:50:15
4043,6271,usps,2025-04-23 01:49:19,2025-04-28 06:49:19
4044,6272,fedex,2025-09-20 00:24:49,2025-09-23 19:24:49
4045,6273,fedex,2025-12-14 13:36:17,2025-12-16 08:36:17
4046,6275,ups,2025-07-24 01:51:36,\N
4047,6278,fedex,2025-04-18 13:12:19,2025-04-19 04:12:19
4048,6279,fedex,2025-01-28 19:22:34,2025-02-03 04:22:34
4049,6280,dhl,2025-11-05 14:33:13,2025-11-08 19:33:13
405,646,dhl,2025-05-25 22:54:03,2025-05-31 12:54:03
4050,6281,usps,2025-09-14 23:14:30,2025-09-16 08:14:30
4051,6282,dhl,2025-03-22 00:06:42,2025-03-24 22:06:42
4052,6283,usps,2025-08-11 18:28:56,2025-08-14 08:28:56
4053,6284,ups,2025-05-20 06:20:29,2025-05-23 06:20:29
4054,6286,ups,2025-01-20 11:39:27,2025-01-20 17:39:27
4055,6287,ups,2025-05-02 00:22:38,2025-05-06 14:22:38
4056,6290,ups,2025-08-13 04:22:46,\N
4057,6291,ups,2025-11-09 14:16:17,2025-11-12 05:16:17
4058,6294,fedex,2025-11-26 08:55:55,2025-12-02 03:55:55
4059,6298,ups,2025-03-02 19:34:29,2025-03-03 14:34:29
406,647,fedex,2025-04-04 16:47:13,2025-04-10 04:47:13
4060,6301,usps,2025-07-28 20:22:55,\N
4061,6302,usps,2025-10-30 22:05:12,2025-11-04 12:05:12
4062,6304,usps,2025-02-23 14:49:39,2025-02-28 15:49:39
4063,6306,fedex,2025-09-18 19:54:56,2025-09-24 00:54:56
4064,6307,usps,2025-03-15 21:51:45,2025-03-20 12:51:45
4065,6308,usps,2025-03-18 17:08:23,2025-03-22 15:08:23
4066,6313,dhl,2025-09-02 09:17:52,2025-09-07 18:17:52
4067,6316,ups,2025-05-24 06:31:16,2025-05-26 22:31:16
4068,6317,fedex,2025-03-15 16:05:17,2025-03-19 21:05:17
4069,6319,usps,2025-07-22 05:50:37,2025-07-26 07:50:37
407,648,ups,2025-03-18 03:05:52,2025-03-19 13:05:52
4070,6321,usps,2025-01-24 09:30:15,2025-01-25 20:30:15
4071,6323,dhl,2025-07-04 19:38:36,2025-07-06 14:38:36
4072,6326,ups,2025-09-06 06:48:49,2025-09-10 10:48:49
4073,6327,ups,2025-12-27 23:49:02,2025-12-28 20:49:02
4074,6328,dhl,2025-11-10 22:42:49,\N
4075,6329,ups,2025-11-16 18:33:00,2025-11-20 01:33:00
4076,6330,dhl,2025-03-06 00:44:42,2025-03-06 18:44:42
4077,6331,usps,2025-10-01 00:55:41,2025-10-05 14:55:41
4078,6332,usps,2025-09-21 12:54:28,2025-09-21 18:54:28
4079,6333,ups,2025-02-18 04:12:49,2025-02-21 14:12:49
408,649,usps,2025-11-01 23:04:02,2025-11-06 15:04:02
4080,6334,usps,2025-07-03 00:21:20,2025-07-05 16:21:20
4081,6335,fedex,2025-01-13 08:45:45,2025-01-14 03:45:45
4082,6337,fedex,2025-12-07 23:32:18,2025-12-11 16:32:18
4083,6338,fedex,2025-12-31 03:10:22,2025-12-31 23:59:59
4084,6340,dhl,2025-02-10 09:58:05,\N
4085,6342,ups,2025-07-18 11:14:57,2025-07-22 01:14:57
4086,6344,usps,2025-10-03 11:33:41,2025-10-08 08:33:41
4087,6346,dhl,2025-11-16 10:13:14,2025-11-18 23:13:14
4088,6349,usps,2025-03-09 08:45:45,2025-03-12 19:45:45
4089,6350,ups,2025-08-31 00:59:42,2025-09-03 19:59:42
409,652,usps,2025-10-27 14:03:00,2025-11-01 22:03:00
4090,6351,ups,2025-05-14 03:34:48,2025-05-14 16:34:48
4091,6354,ups,2025-10-12 06:46:11,2025-10-15 23:46:11
4092,6355,dhl,2025-06-07 23:23:02,2025-06-09 10:23:02
4093,6356,dhl,2025-06-12 23:10:31,2025-06-16 16:10:31
4094,6360,ups,2025-07-07 23:27:28,2025-07-10 09:27:28
4095,6361,usps,2025-03-06 09:24:58,2025-03-07 11:24:58
4096,6362,fedex,2025-04-18 00:33:51,2025-04-19 23:33:51
4097,6363,fedex,2025-01-07 02:44:42,2025-01-11 02:44:42
4098,6364,dhl,2025-06-29 19:29:37,2025-07-04 16:29:37
4099,6366,dhl,2025-02-27 08:14:42,2025-03-02 10:14:42
41,64,fedex,2025-10-15 06:45:54,\N
410,653,usps,2025-08-29 07:54:53,2025-09-02 23:54:53
4100,6367,ups,2025-03-29 21:58:45,2025-03-30 05:58:45
4101,6368,usps,2025-01-14 06:47:48,2025-01-16 09:47:48
4102,6369,fedex,2025-05-04 13:05:56,2025-05-08 06:05:56
4103,6370,usps,2025-10-12 18:15:21,2025-10-17 13:15:21
4104,6371,usps,2026-01-03 08:46:55,\N
4105,6372,fedex,2025-06-23 23:24:18,\N
4106,6373,fedex,2025-11-08 21:12:28,2025-11-12 22:12:28
4107,6374,fedex,2025-05-29 07:53:20,2025-05-31 06:53:20
4108,6376,fedex,2025-08-21 11:35:15,2025-08-23 11:35:15
4109,6378,fedex,2025-12-20 04:57:16,2025-12-23 16:57:16
411,655,ups,2025-03-07 17:23:32,2025-03-09 17:23:32
4110,6380,ups,2025-03-18 10:50:55,2025-03-22 11:50:55
4111,6381,ups,2025-12-17 16:45:55,2025-12-23 04:45:55
4112,6382,ups,2025-08-25 05:56:06,2025-08-25 12:56:06
4113,6383,usps,2025-08-03 22:21:11,2025-08-06 14:21:11
4114,6384,ups,2025-05-02 05:42:24,2025-05-04 17:42:24
4115,6388,fedex,2025-01-18 10:05:31,2025-01-21 07:05:31
4116,6389,usps,2025-04-07 22:27:58,2025-04-10 11:27:58
4117,6390,usps,2025-04-10 04:14:06,2025-04-15 15:14:06
4118,6391,ups,2025-02-09 06:15:29,\N
4119,6394,usps,2025-08-12 08:33:39,2025-08-17 20:33:39
412,657,usps,2025-12-27 07:37:35,2025-12-31 08:37:35
4120,6395,usps,2025-01-29 15:13:56,2025-02-04 07:13:56
4121,6397,usps,2025-10-05 12:28:17,2025-10-06 14:28:17
4122,6398,dhl,2025-04-29 02:28:03,\N
4123,6399,fedex,2025-09-23 17:38:18,2025-09-29 00:38:18
4124,6402,ups,2026-01-02 11:20:04,2025-12-31 23:59:59
4125,6403,fedex,2025-07-16 19:29:02,\N
4126,6404,fedex,2025-02-21 12:31:20,\N
4127,6405,fedex,2025-01-10 16:30:13,2025-01-16 01:30:13
4128,6406,ups,2025-05-21 17:36:15,2025-05-23 16:36:15
4129,6409,ups,2025-09-29 16:24:06,2025-10-02 14:24:06
413,658,fedex,2025-10-30 08:44:12,2025-11-02 13:44:12
4130,6411,usps,2025-08-01 06:13:03,2025-08-02 07:13:03
4131,6416,ups,2025-12-22 03:54:20,\N
4132,6418,ups,2025-05-31 12:29:33,2025-06-02 11:29:33
4133,6420,dhl,2025-11-26 10:16:17,2025-11-26 18:16:17
4134,6421,dhl,2025-04-29 18:04:40,2025-04-30 10:04:40
4135,6422,usps,2025-10-31 14:25:46,2025-11-03 17:25:46
4136,6423,usps,2025-09-21 13:10:48,2025-09-24 02:10:48
4137,6425,ups,2025-01-23 09:19:12,2025-01-24 06:19:12
4138,6426,usps,2025-09-01 03:16:19,2025-09-06 19:16:19
4139,6427,usps,2025-10-27 17:59:08,2025-10-29 23:59:08
414,659,dhl,2025-02-27 00:09:27,2025-03-01 23:09:27
4140,6428,dhl,2025-08-26 01:14:31,2025-08-30 05:14:31
4141,6429,fedex,2025-08-09 23:26:03,2025-08-15 02:26:03
4142,6430,fedex,2025-04-21 00:21:32,2025-04-23 23:21:32
4143,6431,usps,2025-10-13 22:18:48,2025-10-16 08:18:48
4144,6432,usps,2025-06-18 16:59:58,2025-06-22 05:59:58
4145,6434,ups,2025-03-13 08:11:45,2025-03-15 14:11:45
4146,6436,dhl,2025-07-07 12:38:27,\N
4147,6437,usps,2025-02-10 05:08:48,2025-02-15 22:08:48
4148,6438,dhl,2025-10-09 18:42:52,2025-10-11 03:42:52
4149,6439,dhl,2025-05-06 13:15:04,2025-05-12 03:15:04
415,660,ups,2025-12-19 14:31:01,2025-12-22 10:31:01
4150,6441,dhl,2025-01-07 20:42:51,2025-01-09 11:42:51
4151,6442,usps,2025-10-30 16:11:16,2025-10-31 08:11:16
4152,6445,fedex,2025-01-17 11:03:07,2025-01-20 00:03:07
4153,6446,fedex,2025-05-15 17:10:24,2025-05-19 00:10:24
4154,6447,usps,2025-04-10 21:46:34,2025-04-13 14:46:34
4155,6448,usps,2025-07-09 21:35:15,2025-07-12 20:35:15
4156,6449,ups,2025-03-06 10:52:29,2025-03-09 04:52:29
4157,6450,ups,2025-03-12 20:28:29,2025-03-16 13:28:29
4158,6452,fedex,2025-12-20 06:16:00,2025-12-24 19:16:00
4159,6453,ups,2025-11-29 20:44:43,2025-12-02 14:44:43
416,661,fedex,2025-06-06 04:44:14,2025-06-06 18:44:14
4160,6456,usps,2025-04-30 03:21:47,2025-04-30 20:21:47
4161,6457,dhl,2025-07-28 09:05:52,\N
4162,6458,usps,2025-07-04 11:04:32,2025-07-05 11:04:32
4163,6460,usps,2025-01-22 18:54:53,2025-01-27 08:54:53
4164,6461,dhl,2025-02-27 15:55:00,2025-02-28 06:55:00
4165,6462,ups,2025-05-16 14:13:27,2025-05-18 17:13:27
4166,6463,fedex,2025-06-19 16:48:56,2025-06-20 19:48:56
4167,6464,fedex,2025-08-22 00:33:54,2025-08-24 07:33:54
4168,6465,usps,2025-11-14 22:41:16,2025-11-18 11:41:16
4169,6466,dhl,2025-10-12 10:37:10,2025-10-14 07:37:10
417,665,fedex,2025-02-09 01:55:50,2025-02-12 06:55:50
4170,6467,dhl,2025-06-02 20:38:19,2025-06-04 20:38:19
4171,6468,dhl,2025-07-11 13:51:08,2025-07-17 00:51:08
4172,6469,usps,2025-11-06 06:41:09,2025-11-11 04:41:09
4173,6474,ups,2025-05-27 08:44:49,2025-05-30 07:44:49
4174,6475,ups,2025-07-04 19:15:25,2025-07-09 19:15:25
4175,6476,fedex,2025-04-05 05:14:17,2025-04-07 09:14:17
4176,6477,fedex,2025-12-29 14:48:19,2025-12-31 02:48:19
4177,6478,ups,2025-12-26 02:08:38,2025-12-29 03:08:38
4178,6481,fedex,2025-05-09 17:31:48,2025-05-14 00:31:48
4179,6482,ups,2025-10-07 20:50:49,2025-10-10 13:50:49
418,666,usps,2025-09-30 14:05:50,\N
4180,6483,usps,2025-02-24 14:56:24,2025-02-25 09:56:24
4181,6484,fedex,2025-09-20 17:25:46,2025-09-21 22:25:46
4182,6486,usps,2025-01-30 03:56:06,2025-02-03 00:56:06
4183,6487,usps,2025-01-31 17:56:31,\N
4184,6489,dhl,2025-03-25 13:20:37,2025-03-30 18:20:37
4185,6491,fedex,2025-04-02 07:41:08,2025-04-02 14:41:08
4186,6492,fedex,2025-10-06 15:19:05,2025-10-06 21:19:05
4187,6494,fedex,2025-06-20 15:31:41,2025-06-26 04:31:41
4188,6495,ups,2025-06-11 07:18:42,2025-06-16 04:18:42
4189,6497,usps,2026-01-02 11:28:13,2025-12-31 23:59:59
419,667,dhl,2025-07-12 16:40:02,2025-07-14 19:40:02
4190,6498,dhl,2025-06-08 06:48:51,2025-06-11 08:48:51
4191,6502,dhl,2025-04-20 12:48:51,2025-04-24 17:48:51
4192,6504,ups,2025-08-13 15:10:49,2025-08-15 09:10:49
4193,6505,dhl,2025-11-04 08:03:25,2025-11-06 13:03:25
4194,6506,usps,2025-08-23 10:16:08,2025-08-26 16:16:08
4195,6509,usps,2025-10-01 12:58:27,2025-10-02 13:58:27
4196,6511,dhl,2025-08-26 16:35:33,2025-08-29 11:35:33
4197,6512,fedex,2025-10-07 01:44:30,2025-10-12 19:44:30
4198,6513,usps,2025-12-25 00:39:55,2025-12-26 22:39:55
4199,6517,ups,2025-01-26 22:35:25,\N
42,65,fedex,2025-11-22 03:24:01,2025-11-27 00:24:01
420,669,fedex,2025-04-06 02:18:59,2025-04-06 12:18:59
4200,6518,fedex,2025-01-08 02:19:57,2025-01-11 10:19:57
4201,6519,usps,2025-04-10 10:17:33,2025-04-11 14:17:33
4202,6521,dhl,2025-05-03 04:31:40,2025-05-08 23:31:40
4203,6523,fedex,2025-03-23 10:24:10,2025-03-27 03:24:10
4204,6525,ups,2025-04-02 20:49:39,2025-04-06 00:49:39
4205,6526,dhl,2025-11-22 01:18:31,2025-11-24 23:18:31
4206,6527,dhl,2025-05-07 23:24:05,2025-05-08 14:24:05
4207,6530,ups,2025-08-26 03:40:49,2025-08-27 11:40:49
4208,6533,dhl,2025-01-29 17:56:38,\N
4209,6534,ups,2025-12-16 15:58:19,2025-12-17 06:58:19
421,671,usps,2025-11-10 08:01:49,2025-11-14 10:01:49
4210,6535,ups,2025-12-10 07:31:23,2025-12-14 16:31:23
4211,6536,usps,2025-05-11 03:31:41,2025-05-12 19:31:41
4212,6537,usps,2025-08-24 08:49:09,2025-08-26 05:49:09
4213,6538,usps,2025-05-30 07:43:37,2025-06-05 02:43:37
4214,6540,fedex,2025-11-02 09:44:40,2025-11-06 07:44:40
4215,6542,dhl,2025-12-10 06:56:24,2025-12-15 10:56:24
4216,6544,usps,2025-03-25 03:36:31,2025-03-28 02:36:31
4217,6545,usps,2025-11-28 13:08:29,2025-11-30 08:08:29
4218,6546,ups,2025-12-25 20:10:09,\N
4219,6547,dhl,2025-09-16 01:55:25,2025-09-21 14:55:25
422,674,ups,2025-09-08 18:21:34,2025-09-13 14:21:34
4220,6548,ups,2025-08-07 10:35:51,2025-08-11 15:35:51
4221,6552,dhl,2025-06-25 02:43:00,2025-06-26 05:43:00
4222,6553,ups,2025-01-31 05:22:45,2025-02-03 11:22:45
4223,6554,ups,2025-05-16 16:38:42,2025-05-21 10:38:42
4224,6555,dhl,2025-06-18 22:31:28,2025-06-20 03:31:28
4225,6556,ups,2025-08-09 12:01:05,2025-08-13 21:01:05
4226,6557,usps,2025-10-29 20:45:57,2025-11-03 10:45:57
4227,6560,dhl,2025-09-17 00:04:44,2025-09-19 16:04:44
4228,6561,dhl,2025-12-29 09:30:11,2025-12-31 23:59:59
4229,6562,dhl,2025-07-29 12:23:25,2025-08-03 04:23:25
423,675,dhl,2025-09-01 12:14:28,2025-09-05 13:14:28
4230,6563,dhl,2025-09-01 01:18:22,2025-09-04 23:18:22
4231,6565,usps,2025-06-25 03:13:57,2025-06-26 18:13:57
4232,6566,dhl,2025-10-21 00:57:31,2025-10-26 10:57:31
4233,6568,fedex,2025-01-29 17:20:10,2025-01-31 17:20:10
4234,6569,usps,2025-04-17 14:26:33,2025-04-21 18:26:33
4235,6570,dhl,2025-12-13 06:53:46,2025-12-14 00:53:46
4236,6573,usps,2025-08-25 08:15:41,2025-08-25 20:15:41
4237,6574,dhl,2025-10-23 22:11:30,2025-10-28 12:11:30
4238,6575,usps,2025-06-28 14:20:49,2025-06-30 22:20:49
4239,6578,ups,2026-01-02 16:13:24,2025-12-31 23:59:59
424,676,dhl,2025-01-02 16:28:48,2025-01-06 20:28:48
4240,6579,dhl,2025-04-06 15:40:48,2025-04-11 10:40:48
4241,6581,ups,2025-08-31 20:28:08,2025-09-04 21:28:08
4242,6582,usps,2025-02-10 04:08:21,2025-02-11 19:08:21
4243,6584,fedex,2025-01-07 10:56:35,2025-01-12 06:56:35
4244,6585,ups,2025-01-02 16:09:02,2025-01-07 20:09:02
4245,6586,fedex,2025-04-28 14:04:12,2025-04-30 13:04:12
4246,6588,dhl,2025-04-07 15:46:47,2025-04-08 07:46:47
4247,6590,dhl,2025-04-14 13:48:28,2025-04-15 20:48:28
4248,6591,usps,2025-06-01 08:00:41,2025-06-02 18:00:41
4249,6592,fedex,2025-01-29 03:26:18,2025-02-03 15:26:18
425,677,ups,2025-05-09 15:04:13,2025-05-13 04:04:13
4250,6595,ups,2025-11-24 20:14:36,2025-11-30 12:14:36
4251,6596,fedex,2025-12-09 05:07:50,2025-12-09 18:07:50
4252,6597,dhl,2025-07-10 08:32:06,\N
4253,6599,fedex,2025-06-21 04:06:22,2025-06-22 04:06:22
4254,6600,ups,2025-12-12 10:25:05,2025-12-16 16:25:05
4255,6601,dhl,2025-09-27 06:36:13,2025-09-30 13:36:13
4256,6602,ups,2025-09-11 21:46:33,2025-09-12 19:46:33
4257,6604,fedex,2025-07-23 12:20:23,2025-07-25 00:20:23
4258,6607,fedex,2025-09-28 11:10:51,2025-09-30 09:10:51
4259,6608,fedex,2025-12-11 13:44:20,2025-12-16 17:44:20
426,679,dhl,2025-04-29 12:22:46,2025-04-30 12:22:46
4260,6609,dhl,2025-04-26 21:37:21,2025-04-29 09:37:21
4261,6610,usps,2025-05-24 04:50:01,2025-05-29 16:50:01
4262,6612,usps,2025-09-05 09:09:52,2025-09-08 10:09:52
4263,6613,usps,2025-08-21 17:11:37,2025-08-25 23:11:37
4264,6616,dhl,2025-01-29 13:32:19,2025-02-02 07:32:19
4265,6617,fedex,2025-09-24 12:06:39,\N
4266,6619,usps,2025-08-14 01:06:59,\N
4267,6622,dhl,2025-09-24 16:38:33,2025-09-30 01:38:33
4268,6623,dhl,2025-03-05 06:13:36,2025-03-09 09:13:36
4269,6624,ups,2025-10-01 06:04:12,2025-10-04 21:04:12
427,680,ups,2025-09-10 12:50:46,\N
4270,6625,dhl,2025-08-11 04:00:01,2025-08-13 02:00:01
4271,6628,fedex,2025-08-03 01:47:57,2025-08-07 06:47:57
4272,6632,usps,2025-03-22 01:06:11,2025-03-26 20:06:11
4273,6633,ups,2025-06-15 21:18:44,2025-06-21 11:18:44
4274,6635,usps,2025-02-22 23:15:15,2025-02-24 21:15:15
4275,6636,fedex,2025-09-20 15:46:23,2025-09-25 21:46:23
4276,6637,usps,2025-07-31 06:18:57,2025-08-05 00:18:57
4277,6638,ups,2025-01-24 08:23:07,\N
4278,6640,ups,2025-06-01 20:56:19,2025-06-06 22:56:19
4279,6643,dhl,2025-03-31 12:27:06,2025-04-01 03:27:06
428,682,fedex,2025-12-19 11:40:11,2025-12-24 05:40:11
4280,6644,fedex,2025-06-25 13:45:30,2025-06-26 20:45:30
4281,6647,dhl,2025-08-12 16:58:16,2025-08-16 11:58:16
4282,6648,fedex,2025-10-17 09:09:55,2025-10-22 21:09:55
4283,6649,usps,2025-10-26 21:29:15,2025-11-01 01:29:15
4284,6650,dhl,2025-08-27 10:31:06,2025-09-02 01:31:06
4285,6651,fedex,2025-06-28 23:13:52,2025-07-03 21:13:52
4286,6652,dhl,2025-12-14 06:47:01,\N
4287,6654,fedex,2025-08-03 10:02:03,2025-08-06 11:02:03
4288,6655,usps,2025-10-27 09:26:32,2025-10-31 03:26:32
4289,6657,usps,2025-10-05 09:45:30,2025-10-08 05:45:30
429,683,dhl,2025-09-23 01:05:08,2025-09-27 05:05:08
4290,6658,ups,2025-02-05 18:29:27,2025-02-06 09:29:27
4291,6660,fedex,2025-08-02 02:42:30,2025-08-07 16:42:30
4292,6664,usps,2025-01-30 19:42:46,2025-02-01 13:42:46
4293,6665,usps,2025-06-19 19:49:32,2025-06-20 14:49:32
4294,6667,dhl,2025-11-20 00:02:45,2025-11-22 11:02:45
4295,6672,dhl,2025-04-06 09:23:22,2025-04-09 08:23:22
4296,6673,ups,2025-08-09 05:00:31,2025-08-09 12:00:31
4297,6674,fedex,2025-02-21 10:43:03,2025-02-25 12:43:03
4298,6677,usps,2025-11-11 03:11:00,2025-11-12 04:11:00
4299,6678,usps,2025-01-31 02:43:55,2025-01-31 16:43:55
43,66,fedex,2025-10-07 16:08:17,2025-10-10 16:08:17
430,686,dhl,2025-07-07 13:29:20,2025-07-11 01:29:20
4300,6681,fedex,2025-06-04 06:42:57,2025-06-09 01:42:57
4301,6682,ups,2025-12-17 21:18:15,2025-12-18 20:18:15
4302,6684,dhl,2025-05-05 13:52:35,2025-05-06 09:52:35
4303,6685,usps,2025-11-20 13:24:19,2025-11-24 14:24:19
4304,6689,fedex,2025-05-15 07:22:08,2025-05-16 18:22:08
4305,6690,dhl,2025-09-08 08:55:56,\N
4306,6691,usps,2025-06-27 05:36:03,2025-07-01 05:36:03
4307,6692,usps,2025-08-21 16:29:38,2025-08-25 00:29:38
4308,6693,usps,2025-03-21 01:12:21,2025-03-26 11:12:21
4309,6694,fedex,2025-10-29 12:53:06,2025-11-02 17:53:06
431,687,usps,2025-04-28 09:00:17,2025-05-02 23:00:17
4310,6697,fedex,2025-10-24 10:12:28,2025-10-29 07:12:28
4311,6698,fedex,2025-10-30 00:18:27,2025-11-03 15:18:27
4312,6700,dhl,2025-12-30 22:30:23,2025-12-31 23:59:59
4313,6702,ups,2025-11-25 10:39:35,2025-11-28 20:39:35
4314,6703,dhl,2025-09-05 10:52:22,2025-09-10 17:52:22
4315,6704,dhl,2025-08-07 00:18:25,\N
4316,6705,dhl,2025-04-27 20:41:03,2025-04-30 01:41:03
4317,6706,fedex,2025-04-19 09:59:16,\N
4318,6709,ups,2025-05-13 21:36:29,2025-05-14 08:36:29
4319,6710,ups,2025-09-19 10:56:47,2025-09-22 06:56:47
432,689,dhl,2025-09-04 23:07:19,2025-09-09 01:07:19
4320,6713,fedex,2025-07-31 23:05:20,2025-08-06 04:05:20
4321,6714,ups,2025-10-25 13:46:04,2025-10-27 16:46:04
4322,6716,fedex,2025-04-06 00:55:36,2025-04-06 21:55:36
4323,6717,dhl,2025-10-17 10:55:15,2025-10-21 13:55:15
4324,6720,ups,2025-07-19 00:20:19,2025-07-20 21:20:19
4325,6721,ups,2025-03-07 01:16:34,2025-03-11 21:16:34
4326,6722,fedex,2025-08-18 17:02:32,2025-08-20 06:02:32
4327,6723,usps,2025-11-08 20:13:52,2025-11-14 07:13:52
4328,6724,fedex,2025-06-25 07:29:26,2025-06-30 23:29:26
4329,6725,dhl,2025-10-18 02:14:26,2025-10-20 12:14:26
433,690,fedex,2025-08-24 08:28:15,2025-08-28 16:28:15
4330,6726,ups,2025-01-10 17:48:05,2025-01-15 05:48:05
4331,6728,ups,2025-07-18 05:41:35,2025-07-20 16:41:35
4332,6729,dhl,2025-05-14 22:26:52,2025-05-18 22:26:52
4333,6732,dhl,2025-10-15 21:27:34,2025-10-19 19:27:34
4334,6734,usps,2025-04-21 11:54:19,2025-04-22 10:54:19
4335,6735,dhl,2025-08-28 17:51:03,2025-09-02 22:51:03
4336,6736,dhl,2025-12-16 01:08:15,2025-12-21 12:08:15
4337,6737,usps,2025-01-10 17:14:32,2025-01-14 20:14:32
4338,6738,fedex,2025-11-20 07:37:59,2025-11-21 12:37:59
4339,6739,ups,2025-01-31 15:42:06,2025-02-04 07:42:06
434,691,fedex,2025-10-17 03:47:11,2025-10-19 20:47:11
4340,6741,dhl,2025-08-25 11:27:53,2025-08-29 00:27:53
4341,6742,ups,2025-01-30 10:51:09,2025-01-31 05:51:09
4342,6745,usps,2025-11-19 04:12:24,2025-11-24 18:12:24
4343,6747,ups,2025-11-12 21:18:28,2025-11-14 07:18:28
4344,6749,usps,2025-06-15 20:51:24,2025-06-20 08:51:24
4345,6750,dhl,2025-06-30 17:43:00,2025-07-04 22:43:00
4346,6753,dhl,2025-02-21 22:19:00,\N
4347,6756,ups,2025-03-22 04:27:39,2025-03-27 20:27:39
4348,6757,ups,2025-07-25 12:03:23,2025-07-27 23:03:23
4349,6758,ups,2025-08-18 06:38:06,2025-08-23 21:38:06
435,693,usps,2025-07-28 19:50:25,2025-08-01 05:50:25
4350,6759,usps,2025-06-01 22:45:53,2025-06-02 11:45:53
4351,6760,dhl,2025-12-10 22:51:48,2025-12-14 07:51:48
4352,6762,ups,2025-07-23 18:12:26,2025-07-29 09:12:26
4353,6763,usps,2025-08-21 10:22:54,2025-08-23 02:22:54
4354,6764,usps,2025-09-30 19:30:34,2025-10-02 16:30:34
4355,6765,fedex,2025-12-01 03:26:50,2025-12-05 01:26:50
4356,6766,ups,2025-12-11 10:05:25,2025-12-12 12:05:25
4357,6767,fedex,2025-07-16 12:23:11,\N
4358,6768,ups,2025-12-11 11:59:15,2025-12-15 23:59:15
4359,6769,fedex,2025-04-16 17:03:47,2025-04-19 22:03:47
436,694,dhl,2025-03-16 08:04:41,2025-03-17 11:04:41
4360,6771,fedex,2025-09-20 10:55:56,2025-09-20 22:55:56
4361,6772,dhl,2025-04-08 10:01:00,2025-04-09 15:01:00
4362,6773,ups,2025-04-03 21:12:36,2025-04-06 11:12:36
4363,6774,ups,2025-03-14 02:23:45,2025-03-17 22:23:45
4364,6776,usps,2025-03-19 13:50:51,2025-03-20 14:50:51
4365,6777,dhl,2025-09-05 01:25:09,2025-09-07 04:25:09
4366,6778,usps,2025-02-18 10:35:56,2025-02-19 23:35:56
4367,6780,dhl,2025-03-31 15:38:09,\N
4368,6782,fedex,2025-09-11 00:47:44,2025-09-16 00:47:44
4369,6783,fedex,2025-09-29 06:03:27,2025-10-03 11:03:27
437,695,usps,2025-12-26 16:52:50,2025-12-31 23:59:59
4370,6784,dhl,2025-07-01 10:26:08,2025-07-04 05:26:08
4371,6785,ups,2025-08-03 00:48:12,2025-08-04 20:48:12
4372,6787,usps,2025-11-24 02:46:13,2025-11-26 19:46:13
4373,6788,fedex,2025-06-02 05:47:53,2025-06-02 21:47:53
4374,6789,dhl,2025-03-07 07:53:41,2025-03-10 23:53:41
4375,6792,dhl,2025-11-03 07:58:35,2025-11-08 04:58:35
4376,6795,fedex,2025-12-21 07:28:23,2025-12-26 08:28:23
4377,6796,usps,2025-07-26 22:45:12,2025-07-29 09:45:12
4378,6797,ups,2025-04-26 13:12:45,2025-04-28 08:12:45
4379,6801,dhl,2025-02-12 10:00:04,2025-02-14 12:00:04
438,696,usps,2025-12-18 16:09:03,2025-12-19 12:09:03
4380,6802,usps,2025-08-16 12:04:32,2025-08-18 07:04:32
4381,6803,fedex,2025-03-09 00:47:38,2025-03-11 16:47:38
4382,6806,usps,2025-12-28 23:20:28,2025-12-30 08:20:28
4383,6807,dhl,2025-04-10 14:09:30,2025-04-15 11:09:30
4384,6809,fedex,2025-07-08 15:34:20,2025-07-10 21:34:20
4385,6810,ups,2025-04-12 05:49:08,2025-04-14 08:49:08
4386,6812,dhl,2025-09-15 22:28:10,2025-09-17 21:28:10
4387,6813,dhl,2025-05-20 12:29:44,2025-05-26 02:29:44
4388,6814,fedex,2025-10-20 13:17:07,2025-10-26 01:17:07
4389,6815,dhl,2025-06-01 05:59:50,2025-06-06 14:59:50
439,697,fedex,2025-08-05 10:39:34,2025-08-06 16:39:34
4390,6816,dhl,2025-09-25 12:56:31,2025-09-29 06:56:31
4391,6817,usps,2025-01-28 03:23:15,2025-01-29 22:23:15
4392,6818,ups,2025-12-31 22:59:35,2025-12-31 23:59:59
4393,6819,ups,2025-02-04 23:19:44,2025-02-05 13:19:44
4394,6820,dhl,2025-10-27 15:42:54,2025-10-30 15:42:54
4395,6821,usps,2025-03-29 05:46:10,2025-03-31 00:46:10
4396,6823,fedex,2025-04-29 13:40:55,2025-04-30 15:40:55
4397,6824,ups,2025-03-05 18:23:47,2025-03-09 09:23:47
4398,6826,ups,2025-12-19 12:40:50,2025-12-21 12:40:50
4399,6828,ups,2025-08-23 11:01:50,2025-08-25 19:01:50
44,67,fedex,2025-06-08 11:28:50,\N
440,698,ups,2025-10-25 10:15:42,2025-10-26 05:15:42
4400,6829,dhl,2025-01-29 02:34:08,2025-02-03 06:34:08
4401,6830,ups,2025-12-06 08:26:23,2025-12-08 12:26:23
4402,6831,dhl,2025-05-02 23:51:18,2025-05-05 01:51:18
4403,6832,dhl,2025-06-20 20:34:00,2025-06-24 06:34:00
4404,6833,fedex,2025-04-23 20:54:14,2025-04-25 15:54:14
4405,6834,dhl,2025-07-31 20:43:06,2025-08-05 04:43:06
4406,6835,usps,2025-11-27 02:30:07,2025-11-28 04:30:07
4407,6838,fedex,2025-12-05 03:39:43,2025-12-08 10:39:43
4408,6840,dhl,2025-02-07 23:57:45,2025-02-11 03:57:45
4409,6841,ups,2025-07-30 22:21:53,2025-08-04 18:21:53
441,699,usps,2025-07-21 05:14:42,2025-07-22 03:14:42
4410,6842,fedex,2025-06-09 23:57:51,2025-06-13 13:57:51
4411,6843,ups,2025-05-21 04:41:46,2025-05-21 13:41:46
4412,6844,dhl,2025-07-05 21:56:33,2025-07-07 01:56:33
4413,6848,dhl,2025-06-14 16:04:52,2025-06-16 18:04:52
4414,6849,fedex,2025-09-24 23:38:19,\N
4415,6852,fedex,2025-07-14 13:27:19,2025-07-16 05:27:19
4416,6859,ups,2025-06-13 10:02:27,2025-06-15 15:02:27
4417,6860,ups,2025-11-23 13:43:24,2025-11-23 19:43:24
4418,6862,usps,2025-08-04 22:34:24,2025-08-07 11:34:24
4419,6867,ups,2025-03-04 22:42:31,2025-03-06 00:42:31
442,700,usps,2025-03-18 01:09:03,2025-03-21 12:09:03
4420,6868,dhl,2025-02-26 12:50:29,2025-02-28 16:50:29
4421,6870,dhl,2025-11-20 13:51:56,2025-11-21 20:51:56
4422,6873,ups,2025-09-19 22:55:07,\N
4423,6874,usps,2025-06-25 14:35:06,2025-06-26 03:35:06
4424,6876,usps,2025-07-03 14:00:43,2025-07-07 03:00:43
4425,6877,ups,2026-01-02 17:20:24,2025-12-31 23:59:59
4426,6878,fedex,2025-12-16 04:40:31,2025-12-20 18:40:31
4427,6879,ups,2025-08-10 06:02:39,2025-08-10 23:02:39
4428,6880,ups,2025-12-27 05:32:37,2025-12-27 19:32:37
4429,6881,usps,2025-07-02 01:19:52,2025-07-02 19:19:52
443,701,ups,2025-06-08 10:26:18,2025-06-09 13:26:18
4430,6882,usps,2025-12-27 19:55:17,\N
4431,6884,dhl,2025-06-06 00:03:32,2025-06-09 01:03:32
4432,6885,usps,2025-03-09 22:12:48,2025-03-15 11:12:48
4433,6886,usps,2025-11-06 21:26:43,2025-11-12 09:26:43
4434,6887,usps,2025-04-03 05:51:35,2025-04-05 19:51:35
4435,6888,fedex,2025-08-22 22:59:09,2025-08-23 18:59:09
4436,6889,ups,2025-08-23 18:04:30,2025-08-25 09:04:30
4437,6891,fedex,2025-03-18 04:11:40,2025-03-21 15:11:40
4438,6893,fedex,2025-10-03 05:52:27,2025-10-06 22:52:27
4439,6895,dhl,2025-04-23 05:28:34,2025-04-26 17:28:34
444,702,fedex,2025-02-11 13:19:47,2025-02-17 03:19:47
4440,6896,ups,2025-05-03 01:34:21,2025-05-05 11:34:21
4441,6897,fedex,2025-04-25 17:43:36,2025-04-30 01:43:36
4442,6898,dhl,2025-12-21 18:14:50,2025-12-22 17:14:50
4443,6899,usps,2025-08-05 00:24:24,2025-08-08 01:24:24
4444,6901,fedex,2025-05-13 01:04:46,2025-05-18 13:04:46
4445,6903,dhl,2025-08-21 23:52:11,2025-08-22 13:52:11
4446,6904,dhl,2025-07-06 03:41:49,2025-07-10 21:41:49
4447,6905,ups,2025-06-25 06:08:25,2025-06-27 17:08:25
4448,6906,dhl,2025-05-28 23:47:09,2025-06-03 17:47:09
4449,6907,fedex,2025-04-03 18:54:23,2025-04-07 03:54:23
445,703,fedex,2025-09-06 08:18:24,\N
4450,6910,dhl,2025-05-28 04:37:16,2025-06-01 16:37:16
4451,6912,ups,2025-12-23 08:36:54,2025-12-26 15:36:54
4452,6914,dhl,2025-08-31 00:08:57,\N
4453,6915,ups,2025-08-11 00:24:01,2025-08-12 06:24:01
4454,6917,usps,2025-01-16 16:57:30,2025-01-18 17:57:30
4455,6918,dhl,2025-09-10 16:48:48,2025-09-15 09:48:48
4456,6919,fedex,2025-12-09 17:08:40,2025-12-14 20:08:40
4457,6921,ups,2025-11-13 22:39:10,2025-11-18 04:39:10
4458,6922,usps,2025-12-28 19:14:33,2025-12-31 14:14:33
4459,6925,ups,2025-09-15 22:23:06,2025-09-17 15:23:06
446,704,dhl,2025-01-13 18:19:56,2025-01-19 12:19:56
4460,6926,usps,2025-09-04 14:04:55,2025-09-06 03:04:55
4461,6928,dhl,2025-10-26 14:26:37,2025-10-30 08:26:37
4462,6929,ups,2025-04-19 01:27:46,2025-04-20 08:27:46
4463,6931,dhl,2025-05-17 14:20:27,2025-05-18 09:20:27
4464,6933,fedex,2025-04-05 10:59:18,2025-04-07 06:59:18
4465,6934,usps,2025-11-03 18:51:01,2025-11-08 16:51:01
4466,6936,fedex,2025-01-30 19:14:36,2025-02-03 17:14:36
4467,6939,fedex,2025-06-06 14:03:58,\N
4468,6940,ups,2025-04-12 13:32:48,2025-04-15 16:32:48
4469,6945,ups,2025-11-19 14:45:55,2025-11-24 19:45:55
447,706,ups,2025-11-11 15:49:19,2025-11-14 09:49:19
4470,6946,usps,2025-10-31 12:42:00,2025-11-01 08:42:00
4471,6947,ups,2025-03-22 04:32:03,2025-03-22 16:32:03
4472,6948,usps,2025-05-10 06:47:17,2025-05-15 04:47:17
4473,6950,ups,2025-09-10 23:52:00,2025-09-13 05:52:00
4474,6951,ups,2025-10-19 07:17:42,2025-10-19 19:17:42
4475,6952,ups,2025-03-16 12:32:29,2025-03-20 13:32:29
4476,6953,dhl,2025-08-27 11:21:27,2025-09-01 16:21:27
4477,6954,ups,2025-05-25 03:01:11,2025-05-30 18:01:11
4478,6956,ups,2025-04-21 20:09:08,2025-04-27 11:09:08
4479,6960,dhl,2025-05-18 11:14:37,2025-05-24 00:14:37
448,707,ups,2025-09-15 13:20:34,2025-09-20 13:20:34
4480,6961,ups,2025-08-19 10:32:49,2025-08-20 19:32:49
4481,6962,dhl,2025-12-19 12:36:46,2025-12-24 05:36:46
4482,6966,usps,2025-05-06 05:08:02,2025-05-10 07:08:02
4483,6971,usps,2025-05-01 19:08:33,\N
4484,6972,dhl,2025-05-15 10:32:25,2025-05-20 19:32:25
4485,6973,ups,2025-12-25 16:42:10,2025-12-29 09:42:10
4486,6974,ups,2025-12-01 00:46:27,2025-12-03 05:46:27
4487,6975,fedex,2025-07-24 21:10:31,2025-07-30 10:10:31
4488,6976,ups,2025-08-28 03:17:53,2025-08-31 14:17:53
4489,6977,dhl,2025-09-27 13:23:43,2025-09-28 19:23:43
449,710,fedex,2025-04-02 02:03:29,2025-04-05 20:03:29
4490,6978,dhl,2025-02-23 13:07:55,\N
4491,6979,usps,2025-12-17 11:36:32,2025-12-19 01:36:32
4492,6982,ups,2025-04-01 13:57:38,2025-04-06 13:57:38
4493,6985,dhl,2025-10-20 12:14:18,2025-10-23 01:14:18
4494,6987,fedex,2025-11-22 12:19:37,2025-11-23 19:19:37
4495,6988,dhl,2025-08-15 16:36:02,\N
4496,6989,ups,2025-07-10 23:36:02,2025-07-15 23:36:02
4497,6990,ups,2025-05-09 00:04:39,2025-05-14 17:04:39
4498,6992,fedex,2025-12-07 14:41:21,2025-12-09 08:41:21
4499,6994,fedex,2025-01-01 16:10:21,2025-01-01 23:10:21
45,69,ups,2025-06-22 19:58:44,2025-06-23 21:58:44
450,711,fedex,2025-07-13 13:02:55,2025-07-15 09:02:55
4500,6995,ups,2025-07-18 01:05:55,2025-07-22 06:05:55
4501,6996,dhl,2025-02-27 21:39:41,2025-03-04 22:39:41
4502,6998,fedex,2025-03-15 18:53:33,2025-03-19 00:53:33
4503,6999,dhl,2025-11-13 18:43:02,2025-11-18 10:43:02
4504,7001,dhl,2025-06-12 04:18:26,\N
4505,7002,ups,2025-12-13 16:44:28,\N
4506,7003,usps,2025-08-11 02:54:42,2025-08-12 18:54:42
4507,7005,dhl,2025-09-01 14:34:17,\N
4508,7007,fedex,2025-01-15 11:59:55,2025-01-18 22:59:55
4509,7008,usps,2025-12-03 06:47:10,2025-12-04 18:47:10
451,713,usps,2025-06-17 17:48:13,2025-06-23 00:48:13
4510,7010,dhl,2025-07-05 10:32:31,2025-07-08 05:32:31
4511,7013,fedex,2025-01-22 23:32:33,2025-01-25 02:32:33
4512,7014,usps,2025-04-29 22:25:32,\N
4513,7015,usps,2025-01-24 12:51:44,2025-01-28 04:51:44
4514,7020,ups,2025-10-02 19:09:32,2025-10-07 21:09:32
4515,7021,ups,2025-11-19 19:39:51,2025-11-25 09:39:51
4516,7022,dhl,2025-02-06 21:06:17,2025-02-10 23:06:17
4517,7023,ups,2025-10-16 16:48:07,2025-10-19 18:48:07
4518,7025,dhl,2025-10-02 03:09:26,2025-10-06 19:09:26
4519,7026,usps,2025-09-30 23:00:26,2025-10-02 10:00:26
452,714,usps,2025-04-01 17:33:05,2025-04-07 04:33:05
4520,7027,fedex,2025-11-29 20:52:46,\N
4521,7028,ups,2025-10-04 03:38:21,2025-10-09 10:38:21
4522,7030,usps,2025-11-11 14:13:21,2025-11-15 18:13:21
4523,7033,ups,2025-09-30 13:27:38,2025-10-05 09:27:38
4524,7035,ups,2025-07-28 03:08:01,2025-07-30 16:08:01
4525,7037,usps,2025-11-04 14:14:30,2025-11-07 05:14:30
4526,7039,usps,2025-11-02 01:36:38,2025-11-07 03:36:38
4527,7040,dhl,2025-08-28 20:52:16,2025-08-31 02:52:16
4528,7041,dhl,2025-12-02 04:27:47,2025-12-05 18:27:47
4529,7044,fedex,2025-11-01 06:42:36,2025-11-03 05:42:36
453,715,usps,2025-04-19 22:33:09,2025-04-23 23:33:09
4530,7045,dhl,2025-11-26 22:15:53,2025-11-30 23:15:53
4531,7047,usps,2025-12-04 14:57:09,2025-12-05 02:57:09
4532,7051,fedex,2025-08-15 04:42:18,2025-08-15 11:42:18
4533,7052,dhl,2025-09-21 10:13:46,2025-09-24 12:13:46
4534,7053,ups,2025-10-11 11:55:29,2025-10-14 12:55:29
4535,7055,fedex,2025-05-09 05:44:07,2025-05-12 08:44:07
4536,7056,dhl,2025-05-09 07:16:10,2025-05-09 22:16:10
4537,7057,usps,2025-11-09 21:25:30,2025-11-13 21:25:30
4538,7058,fedex,2025-06-25 00:06:10,2025-06-29 19:06:10
4539,7060,fedex,2025-04-17 08:22:45,2025-04-22 20:22:45
454,716,fedex,2025-11-02 01:32:29,2025-11-03 22:32:29
4540,7061,ups,2025-03-27 14:53:12,2025-04-02 04:53:12
4541,7063,usps,2025-07-22 00:51:48,2025-07-25 03:51:48
4542,7065,usps,2025-06-08 23:49:07,2025-06-13 19:49:07
4543,7068,ups,2025-07-14 12:26:09,2025-07-17 18:26:09
4544,7069,usps,2025-01-03 18:11:31,2025-01-07 16:11:31
4545,7070,fedex,2025-01-30 13:59:45,2025-01-31 03:59:45
4546,7071,usps,2025-09-16 18:34:56,2025-09-19 20:34:56
4547,7072,fedex,2025-06-26 16:24:56,2025-06-28 17:24:56
4548,7073,ups,2025-10-24 17:34:47,2025-10-28 23:34:47
4549,7074,dhl,2025-06-20 16:13:52,2025-06-21 19:13:52
455,723,ups,2025-06-06 09:30:21,2025-06-07 16:30:21
4550,7075,fedex,2025-07-09 05:57:03,2025-07-10 18:57:03
4551,7076,fedex,2025-07-22 08:23:18,2025-07-22 18:23:18
4552,7077,dhl,2025-04-23 01:51:27,2025-04-28 09:51:27
4553,7079,dhl,2025-12-29 14:42:15,2025-12-31 23:59:59
4554,7082,ups,2025-07-07 07:22:24,2025-07-08 17:22:24
4555,7083,dhl,2025-08-24 01:34:46,2025-08-25 22:34:46
4556,7084,fedex,2025-03-09 03:35:02,2025-03-14 22:35:02
4557,7085,ups,2025-01-18 12:29:49,2025-01-21 19:29:49
4558,7086,usps,2025-07-06 03:54:48,2025-07-10 00:54:48
4559,7087,usps,2025-04-28 21:52:32,2025-05-03 19:52:32
456,724,fedex,2025-05-27 03:56:16,2025-05-30 07:56:16
4560,7089,dhl,2025-08-15 18:30:12,2025-08-20 16:30:12
4561,7091,usps,2025-08-29 14:58:34,2025-08-31 12:58:34
4562,7094,usps,2025-07-09 16:28:30,2025-07-13 05:28:30
4563,7097,usps,2025-01-11 12:07:09,2025-01-15 00:07:09
4564,7102,ups,2025-11-07 04:55:08,2025-11-09 23:55:08
4565,7104,dhl,2025-10-13 21:01:20,2025-10-18 19:01:20
4566,7105,dhl,2025-06-04 01:04:04,2025-06-08 15:04:04
4567,7106,dhl,2025-02-22 10:29:35,2025-02-23 15:29:35
4568,7107,dhl,2025-09-19 08:14:24,2025-09-19 15:14:24
4569,7108,fedex,2025-11-02 23:28:57,2025-11-06 10:28:57
457,725,usps,2025-07-22 11:02:40,2025-07-24 22:02:40
4570,7109,usps,2025-06-06 01:16:07,2025-06-09 12:16:07
4571,7114,fedex,2025-09-07 13:05:38,\N
4572,7115,dhl,2025-11-28 13:59:02,2025-11-29 14:59:02
4573,7116,fedex,2025-08-25 12:30:03,2025-08-26 18:30:03
4574,7118,fedex,2025-01-28 20:32:20,2025-02-03 15:32:20
4575,7119,usps,2025-07-10 23:43:29,2025-07-13 10:43:29
4576,7120,fedex,2025-09-20 09:40:26,2025-09-25 06:40:26
4577,7121,ups,2025-09-05 13:15:28,2025-09-08 18:15:28
4578,7122,ups,2025-01-13 17:17:25,2025-01-16 23:17:25
4579,7123,usps,2025-12-19 08:48:54,2025-12-21 14:48:54
458,726,dhl,2025-07-30 03:36:28,2025-07-30 22:36:28
4580,7124,usps,2025-01-31 07:22:26,2025-02-04 21:22:26
4581,7125,ups,2025-05-10 15:10:57,2025-05-12 06:10:57
4582,7126,ups,2025-07-08 00:21:59,2025-07-11 19:21:59
4583,7127,dhl,2025-05-08 17:31:53,2025-05-09 18:31:53
4584,7128,fedex,2025-11-15 19:00:30,2025-11-21 03:00:30
4585,7130,fedex,2025-01-10 02:49:54,\N
4586,7131,dhl,2025-10-01 19:56:34,2025-10-05 13:56:34
4587,7132,usps,2025-08-08 04:17:47,2025-08-12 17:17:47
4588,7133,usps,2025-04-22 02:32:01,2025-04-23 01:32:01
4589,7135,usps,2025-06-17 03:21:25,2025-06-17 15:21:25
459,728,usps,2025-07-01 03:21:18,2025-07-06 13:21:18
4590,7136,ups,2025-04-11 16:01:25,2025-04-12 10:01:25
4591,7137,usps,2025-09-10 12:10:43,2025-09-12 15:10:43
4592,7138,fedex,2025-01-08 14:08:45,2025-01-13 01:08:45
4593,7140,ups,2025-11-02 01:43:36,2025-11-02 08:43:36
4594,7141,ups,2025-06-20 07:38:59,2025-06-25 12:38:59
4595,7142,usps,2025-01-15 03:35:09,2025-01-16 15:35:09
4596,7143,fedex,2025-12-21 19:36:18,2025-12-27 09:36:18
4597,7144,fedex,2025-06-20 08:45:44,\N
4598,7145,usps,2025-06-28 08:49:03,2025-07-01 10:49:03
4599,7146,ups,2025-04-12 14:35:48,2025-04-13 06:35:48
46,70,usps,2025-11-10 16:37:22,2025-11-16 00:37:22
460,729,dhl,2025-07-29 08:56:07,2025-08-01 19:56:07
4600,7147,usps,2025-06-28 10:16:43,2025-07-04 05:16:43
4601,7148,usps,2025-09-09 18:24:53,2025-09-14 19:24:53
4602,7149,usps,2025-02-22 12:19:16,2025-02-25 17:19:16
4603,7151,usps,2025-01-23 15:11:24,2025-01-25 23:11:24
4604,7153,ups,2025-09-03 18:30:08,2025-09-06 01:30:08
4605,7154,dhl,2025-11-11 23:36:59,2025-11-16 02:36:59
4606,7157,usps,2025-04-11 17:38:46,2025-04-11 23:38:46
4607,7158,fedex,2025-06-21 17:30:22,2025-06-24 22:30:22
4608,7159,dhl,2025-05-10 12:10:24,2025-05-14 19:10:24
4609,7162,dhl,2025-10-24 01:08:36,2025-10-29 03:08:36
461,730,dhl,2025-02-08 23:49:34,2025-02-12 10:49:34
4610,7163,ups,2025-05-26 11:53:35,2025-05-30 08:53:35
4611,7165,ups,2025-11-21 06:53:44,2025-11-25 05:53:44
4612,7166,usps,2025-06-17 16:00:01,2025-06-20 16:00:01
4613,7168,fedex,2025-03-18 11:47:40,2025-03-23 02:47:40
4614,7169,usps,2025-08-31 04:44:57,2025-09-05 20:44:57
4615,7171,usps,2025-07-21 21:14:12,2025-07-23 17:14:12
4616,7172,usps,2025-05-24 18:04:15,2025-05-28 12:04:15
4617,7173,ups,2025-11-27 16:40:38,\N
4618,7174,dhl,2025-04-12 02:17:52,2025-04-13 03:17:52
4619,7175,usps,2025-06-11 22:33:47,2025-06-14 12:33:47
462,731,usps,2025-01-09 13:02:09,2025-01-11 02:02:09
4620,7176,dhl,2025-03-24 02:54:19,2025-03-29 07:54:19
4621,7177,dhl,2025-10-12 17:19:14,2025-10-16 05:19:14
4622,7178,dhl,2025-11-10 15:09:47,2025-11-10 23:09:47
4623,7180,ups,2025-07-23 17:04:13,2025-07-28 03:04:13
4624,7182,fedex,2025-06-30 22:12:07,2025-07-03 18:12:07
4625,7183,usps,2025-08-28 08:44:49,2025-09-01 16:44:49
4626,7184,usps,2025-03-12 18:31:35,2025-03-16 16:31:35
4627,7185,usps,2025-11-01 18:56:17,2025-11-06 18:56:17
4628,7186,ups,2025-12-04 10:14:10,2025-12-05 12:14:10
4629,7187,fedex,2025-08-08 08:04:23,2025-08-12 17:04:23
463,732,ups,2025-05-15 06:27:18,2025-05-18 09:27:18
4630,7188,ups,2025-12-26 07:31:06,2025-12-30 11:31:06
4631,7189,fedex,2025-05-02 22:55:25,2025-05-06 05:55:25
4632,7190,dhl,2025-03-25 04:27:34,2025-03-28 12:27:34
4633,7191,ups,2025-09-12 06:11:11,2025-09-15 05:11:11
4634,7192,dhl,2025-04-30 10:27:24,2025-05-06 05:27:24
4635,7193,ups,2025-03-11 09:34:34,2025-03-15 19:34:34
4636,7195,usps,2025-04-21 20:30:41,2025-04-22 21:30:41
4637,7197,ups,2025-02-06 16:56:08,2025-02-10 03:56:08
4638,7198,dhl,2025-06-03 17:01:45,2025-06-07 21:01:45
4639,7199,dhl,2025-02-19 17:30:56,2025-02-25 08:30:56
464,734,ups,2025-09-18 03:21:27,2025-09-22 17:21:27
4640,7200,usps,2025-09-17 00:07:33,2025-09-18 19:07:33
4641,7201,ups,2025-12-30 16:41:23,2025-12-31 12:41:23
4642,7202,dhl,2025-12-26 23:41:38,2025-12-30 18:41:38
4643,7203,dhl,2025-08-27 18:40:05,2025-08-29 01:40:05
4644,7206,fedex,2025-01-27 19:09:56,2025-02-02 07:09:56
4645,7208,fedex,2025-07-10 11:07:25,2025-07-14 18:07:25
4646,7210,ups,2025-12-26 11:32:27,2025-12-27 14:32:27
4647,7212,usps,2025-11-25 22:49:04,2025-11-29 12:49:04
4648,7213,usps,2025-08-26 02:22:55,2025-08-26 19:22:55
4649,7214,dhl,2025-07-11 23:41:17,2025-07-13 09:41:17
465,736,usps,2025-03-17 22:50:29,2025-03-18 20:50:29
4650,7216,dhl,2025-09-17 04:44:19,2025-09-19 02:44:19
4651,7218,usps,2025-06-20 05:25:51,2025-06-20 17:25:51
4652,7219,dhl,2025-11-23 20:25:09,2025-11-26 16:25:09
4653,7220,dhl,2025-07-21 05:52:55,2025-07-23 19:52:55
4654,7221,fedex,2025-09-07 01:05:41,2025-09-11 17:05:41
4655,7226,fedex,2025-06-03 06:11:15,2025-06-07 03:11:15
4656,7227,fedex,2025-04-16 00:56:46,2025-04-16 23:56:46
4657,7229,usps,2025-06-09 19:31:02,2025-06-13 01:31:02
4658,7230,usps,2025-03-18 07:46:15,2025-03-21 09:46:15
4659,7231,usps,2025-03-17 20:22:38,2025-03-23 11:22:38
466,737,dhl,2025-03-19 01:00:46,2025-03-24 20:00:46
4660,7232,dhl,2025-02-21 17:17:18,2025-02-24 15:17:18
4661,7233,usps,2025-08-10 16:13:42,2025-08-13 17:13:42
4662,7234,ups,2025-10-07 10:52:21,2025-10-12 15:52:21
4663,7235,ups,2025-07-24 20:37:36,2025-07-25 11:37:36
4664,7236,dhl,2025-07-21 01:27:39,\N
4665,7238,fedex,2025-11-08 16:38:27,2025-11-11 23:38:27
4666,7239,usps,2025-08-12 00:33:41,2025-08-17 17:33:41
4667,7240,usps,2025-08-09 22:08:44,\N
4668,7241,fedex,2025-04-28 09:05:08,\N
4669,7242,ups,2025-05-08 22:14:08,2025-05-10 23:14:08
467,738,dhl,2025-02-11 04:25:32,2025-02-14 16:25:32
4670,7245,dhl,2025-06-14 19:20:32,2025-06-19 16:20:32
4671,7246,dhl,2025-11-07 22:03:15,2025-11-11 07:03:15
4672,7247,usps,2025-02-19 00:43:19,2025-02-24 11:43:19
4673,7248,ups,2025-04-18 12:00:23,2025-04-18 23:00:23
4674,7249,ups,2025-10-24 02:53:33,2025-10-29 17:53:33
4675,7250,ups,2025-05-16 05:51:08,2025-05-19 03:51:08
4676,7251,dhl,2025-03-03 21:11:56,2025-03-09 08:11:56
4677,7255,fedex,2025-12-27 14:07:26,2025-12-28 10:07:26
4678,7256,fedex,2025-07-17 21:15:02,2025-07-18 04:15:02
4679,7257,usps,2025-03-15 07:50:18,\N
468,739,fedex,2025-04-14 00:38:44,2025-04-15 07:38:44
4680,7258,ups,2025-08-07 22:38:45,2025-08-12 04:38:45
4681,7261,dhl,2025-11-10 10:56:45,\N
4682,7263,dhl,2025-11-30 11:04:07,2025-12-03 15:04:07
4683,7264,fedex,2025-07-24 22:08:34,2025-07-27 22:08:34
4684,7275,fedex,2025-04-20 04:30:01,2025-04-22 20:30:01
4685,7276,dhl,2025-02-10 21:09:11,2025-02-16 04:09:11
4686,7277,dhl,2025-12-16 14:04:46,2025-12-22 06:04:46
4687,7278,ups,2025-02-15 02:48:30,2025-02-18 12:48:30
4688,7279,dhl,2025-01-21 13:11:12,2025-01-24 04:11:12
4689,7280,dhl,2025-10-24 08:18:58,2025-10-29 23:18:58
469,740,ups,2025-07-20 10:25:23,2025-07-23 12:25:23
4690,7282,dhl,2025-01-07 21:09:25,2025-01-09 02:09:25
4691,7283,ups,2025-12-19 00:28:01,2025-12-21 11:28:01
4692,7285,fedex,2025-08-10 21:45:00,2025-08-14 19:45:00
4693,7286,usps,2025-05-20 22:18:14,2025-05-22 04:18:14
4694,7288,ups,2025-01-29 12:12:15,\N
4695,7289,ups,2025-02-05 17:14:09,2025-02-09 21:14:09
4696,7290,fedex,2025-08-01 01:48:04,2025-08-02 05:48:04
4697,7292,ups,2025-11-13 01:02:55,2025-11-16 23:02:55
4698,7293,usps,2025-10-02 16:43:18,2025-10-03 09:43:18
4699,7294,fedex,2025-06-23 17:10:48,2025-06-28 05:10:48
47,71,ups,2025-12-23 03:10:42,\N
470,741,dhl,2025-03-13 21:26:54,2025-03-19 06:26:54
4700,7296,fedex,2025-05-16 00:47:05,2025-05-21 08:47:05
4701,7299,ups,2025-03-24 05:05:47,2025-03-27 10:05:47
4702,7305,fedex,2025-11-06 23:06:31,2025-11-10 03:06:31
4703,7308,usps,2025-07-14 05:25:14,2025-07-17 20:25:14
4704,7309,fedex,2025-10-20 15:42:11,2025-10-25 01:42:11
4705,7310,dhl,2025-03-07 12:24:47,2025-03-10 18:24:47
4706,7311,fedex,2025-10-03 07:23:08,2025-10-06 22:23:08
4707,7313,usps,2025-12-22 08:59:31,2025-12-26 07:59:31
4708,7320,fedex,2025-02-21 07:45:44,\N
4709,7321,usps,2025-03-18 07:30:39,2025-03-21 00:30:39
471,742,dhl,2025-04-05 12:13:17,2025-04-06 18:13:17
4710,7323,fedex,2025-02-22 16:34:52,\N
4711,7328,dhl,2025-04-17 01:21:21,2025-04-21 22:21:21
4712,7329,usps,2026-01-02 05:34:00,2025-12-31 23:59:59
4713,7331,dhl,2025-03-08 17:13:06,\N
4714,7332,dhl,2025-11-06 12:38:50,2025-11-07 13:38:50
4715,7334,ups,2025-06-09 08:34:35,2025-06-12 20:34:35
4716,7336,dhl,2025-10-09 00:31:30,2025-10-14 12:31:30
4717,7339,usps,2025-10-13 02:00:03,\N
4718,7340,ups,2025-01-24 12:34:55,2025-01-29 05:34:55
4719,7341,dhl,2025-04-15 16:54:10,2025-04-18 04:54:10
472,743,usps,2025-04-21 11:51:40,2025-04-24 21:51:40
4720,7343,fedex,2025-03-12 19:30:42,\N
4721,7344,dhl,2025-11-16 00:44:19,2025-11-16 13:44:19
4722,7345,ups,2025-08-05 04:20:51,2025-08-05 10:20:51
4723,7347,ups,2025-10-01 06:33:40,2025-10-01 21:33:40
4724,7349,dhl,2025-05-15 02:42:59,2025-05-17 13:42:59
4725,7353,ups,2025-03-11 05:24:42,2025-03-13 09:24:42
4726,7355,ups,2025-10-14 01:13:51,2025-10-15 10:13:51
4727,7356,ups,2025-05-28 11:45:53,2025-05-30 05:45:53
4728,7358,usps,2025-08-06 23:10:51,2025-08-08 07:10:51
4729,7359,fedex,2025-04-17 17:01:55,2025-04-20 14:01:55
473,744,ups,2025-08-27 23:57:44,2025-08-30 21:57:44
4730,7360,ups,2025-09-19 19:00:10,2025-09-23 05:00:10
4731,7361,dhl,2025-05-25 03:15:28,2025-05-27 01:15:28
4732,7362,usps,2025-01-22 01:51:36,2025-01-26 07:51:36
4733,7363,dhl,2025-03-13 10:19:37,2025-03-18 15:19:37
4734,7364,dhl,2025-11-25 08:22:38,\N
4735,7367,dhl,2025-12-10 09:40:02,2025-12-14 16:40:02
4736,7368,ups,2025-11-27 19:18:44,2025-11-29 08:18:44
4737,7369,fedex,2025-07-02 09:47:39,2025-07-03 23:47:39
4738,7370,fedex,2025-07-11 18:40:27,2025-07-15 00:40:27
4739,7371,usps,2025-09-07 13:38:27,2025-09-09 07:38:27
474,745,ups,2025-09-09 08:26:51,2025-09-13 13:26:51
4740,7372,dhl,2025-05-15 18:08:25,\N
4741,7373,dhl,2025-09-24 20:38:34,2025-09-27 04:38:34
4742,7374,ups,2025-05-06 01:59:42,2025-05-08 09:59:42
4743,7375,fedex,2025-06-01 20:13:01,2025-06-07 13:13:01
4744,7376,ups,2025-10-27 19:33:52,2025-10-28 15:33:52
4745,7377,fedex,2025-10-31 06:07:39,2025-11-04 01:07:39
4746,7378,ups,2025-08-08 12:07:48,2025-08-11 05:07:48
4747,7382,dhl,2025-10-19 19:58:11,\N
4748,7383,dhl,2025-03-10 12:19:38,2025-03-15 07:19:38
4749,7384,dhl,2025-06-14 12:43:07,2025-06-19 00:43:07
475,747,fedex,2025-04-09 01:33:07,2025-04-13 05:33:07
4750,7386,fedex,2025-07-18 16:24:03,2025-07-22 05:24:03
4751,7387,fedex,2025-12-13 11:19:19,2025-12-18 06:19:19
4752,7388,dhl,2025-10-14 04:54:16,2025-10-18 04:54:16
4753,7389,dhl,2025-08-07 14:42:22,2025-08-10 07:42:22
4754,7391,dhl,2025-11-04 14:36:50,2025-11-08 22:36:50
4755,7392,ups,2025-06-08 20:17:35,2025-06-13 21:17:35
4756,7395,fedex,2025-06-21 00:27:18,2025-06-24 08:27:18
4757,7396,fedex,2025-07-13 14:58:26,2025-07-17 01:58:26
4758,7400,ups,2025-11-15 13:40:17,2025-11-18 09:40:17
4759,7403,usps,2025-10-05 11:18:25,2025-10-08 23:18:25
476,748,usps,2025-03-18 02:43:36,2025-03-20 15:43:36
4760,7404,usps,2025-08-21 21:57:30,2025-08-27 11:57:30
4761,7406,dhl,2025-04-23 12:29:55,2025-04-28 04:29:55
4762,7407,ups,2025-10-08 12:45:53,2025-10-10 09:45:53
4763,7408,fedex,2025-06-28 13:40:20,2025-07-03 07:40:20
4764,7409,fedex,2025-11-06 03:35:37,2025-11-08 01:35:37
4765,7411,dhl,2025-10-12 08:22:28,2025-10-12 16:22:28
4766,7414,usps,2025-05-21 19:11:34,2025-05-25 18:11:34
4767,7415,fedex,2025-02-23 09:13:57,2025-02-24 16:13:57
4768,7416,dhl,2025-08-02 03:49:01,2025-08-07 06:49:01
4769,7417,ups,2025-09-14 12:02:00,2025-09-19 01:02:00
477,750,dhl,2025-07-19 15:37:27,2025-07-25 05:37:27
4770,7418,ups,2025-02-27 08:33:10,2025-02-27 16:33:10
4771,7419,fedex,2025-01-23 19:55:06,2025-01-29 13:55:06
4772,7420,fedex,2025-08-19 00:01:50,2025-08-21 22:01:50
4773,7421,fedex,2025-04-05 17:06:05,2025-04-07 22:06:05
4774,7422,fedex,2025-03-11 01:28:16,2025-03-13 09:28:16
4775,7423,usps,2025-09-25 16:30:30,2025-09-28 17:30:30
4776,7424,fedex,2025-02-22 14:40:06,2025-02-24 02:40:06
4777,7425,dhl,2025-03-03 03:17:38,2025-03-04 11:17:38
4778,7426,usps,2025-12-14 06:49:48,2025-12-19 19:49:48
4779,7427,ups,2025-09-19 00:16:06,2025-09-19 18:16:06
478,751,dhl,2025-04-30 17:29:48,2025-05-05 17:29:48
4780,7430,usps,2025-12-19 15:16:28,2025-12-22 10:16:28
4781,7432,dhl,2025-05-15 05:35:11,2025-05-15 15:35:11
4782,7437,fedex,2025-10-25 17:05:56,2025-10-31 03:05:56
4783,7438,ups,2025-11-08 08:02:45,2025-11-08 18:02:45
4784,7439,dhl,2025-10-14 17:30:46,2025-10-19 10:30:46
4785,7441,usps,2025-10-30 05:23:44,2025-10-30 11:23:44
4786,7444,dhl,2025-10-15 14:20:52,2025-10-17 22:20:52
4787,7445,usps,2025-01-03 21:34:15,2025-01-08 20:34:15
4788,7446,ups,2025-04-26 23:41:32,\N
4789,7447,fedex,2025-10-15 10:31:07,2025-10-17 00:31:07
479,752,fedex,2025-02-16 03:42:17,2025-02-21 09:42:17
4790,7448,fedex,2025-07-05 16:10:14,2025-07-06 02:10:14
4791,7449,dhl,2025-08-03 01:02:59,\N
4792,7450,dhl,2025-11-26 02:05:13,2025-11-26 21:05:13
4793,7452,dhl,2025-07-07 22:57:28,2025-07-11 10:57:28
4794,7453,usps,2025-01-02 01:55:08,2025-01-05 10:55:08
4795,7454,dhl,2025-02-23 02:26:23,2025-02-25 00:26:23
4796,7455,ups,2025-04-12 02:05:54,2025-04-17 11:05:54
4797,7459,dhl,2025-06-12 15:54:44,2025-06-14 14:54:44
4798,7463,dhl,2025-08-10 23:25:55,2025-08-15 19:25:55
4799,7465,fedex,2025-08-04 02:58:29,2025-08-07 09:58:29
48,74,fedex,2025-11-02 04:02:03,2025-11-04 09:02:03
480,755,ups,2025-12-01 08:39:10,2025-12-05 23:39:10
4800,7466,ups,2025-08-11 07:37:04,2025-08-14 19:37:04
4801,7467,dhl,2025-02-20 10:05:01,2025-02-21 19:05:01
4802,7470,fedex,2025-10-30 20:14:46,2025-10-31 12:14:46
4803,7472,fedex,2025-06-02 11:52:15,2025-06-05 12:52:15
4804,7473,usps,2025-07-14 06:18:39,2025-07-17 20:18:39
4805,7474,ups,2025-02-05 20:45:15,2025-02-06 20:45:15
4806,7475,dhl,2025-07-10 20:25:11,2025-07-15 20:25:11
4807,7476,usps,2025-06-29 18:11:45,2025-06-30 03:11:45
4808,7477,usps,2025-08-21 20:39:30,2025-08-27 02:39:30
4809,7479,fedex,2025-01-27 06:21:26,2025-02-01 11:21:26
481,756,usps,2025-01-22 03:27:05,2025-01-25 23:27:05
4810,7480,dhl,2025-07-02 05:49:23,2025-07-02 11:49:23
4811,7483,dhl,2025-04-10 11:35:17,\N
4812,7485,ups,2025-11-17 23:09:55,2025-11-22 04:09:55
4813,7492,fedex,2025-08-10 02:43:28,2025-08-11 23:43:28
4814,7494,fedex,2025-08-29 11:33:00,2025-08-30 17:33:00
4815,7495,usps,2025-02-15 04:32:52,2025-02-16 10:32:52
4816,7496,usps,2025-10-05 15:08:29,2025-10-09 00:08:29
4817,7498,ups,2025-10-14 06:02:01,2025-10-17 04:02:01
4818,7500,fedex,2025-01-11 19:57:43,2025-01-13 07:57:43
4819,7501,usps,2025-09-12 22:35:31,2025-09-18 01:35:31
482,759,dhl,2025-07-15 09:23:53,2025-07-15 23:23:53
4820,7503,dhl,2025-08-12 19:54:20,2025-08-17 19:54:20
4821,7504,ups,2025-02-05 22:46:11,2025-02-10 05:46:11
4822,7505,fedex,2025-12-05 10:33:32,2025-12-08 01:33:32
4823,7508,ups,2025-05-28 04:37:09,2025-05-31 08:37:09
4824,7510,usps,2025-11-06 04:15:37,2025-11-11 18:15:37
4825,7516,ups,2025-11-25 08:09:15,\N
4826,7517,fedex,2025-10-05 10:42:29,2025-10-11 05:42:29
4827,7521,fedex,2025-01-22 21:59:31,2025-01-26 04:59:31
4828,7524,fedex,2025-05-03 04:24:31,2025-05-05 05:24:31
4829,7525,ups,2025-11-15 09:05:18,2025-11-19 15:05:18
483,763,usps,2025-04-24 08:32:08,2025-04-24 15:32:08
4830,7526,usps,2025-12-16 08:43:43,2025-12-18 00:43:43
4831,7527,fedex,2025-08-19 15:16:59,2025-08-23 00:16:59
4832,7528,dhl,2025-03-18 07:49:59,2025-03-23 20:49:59
4833,7529,dhl,2025-10-13 06:58:12,2025-10-16 00:58:12
4834,7531,ups,2025-04-20 08:51:46,2025-04-21 20:51:46
4835,7533,fedex,2025-11-09 21:57:41,2025-11-11 18:57:41
4836,7535,usps,2025-11-09 20:08:32,2025-11-11 07:08:32
4837,7537,usps,2025-04-15 14:49:43,2025-04-19 06:49:43
4838,7538,fedex,2025-10-02 21:57:34,2025-10-06 23:57:34
4839,7539,ups,2025-04-21 07:27:52,2025-04-23 13:27:52
484,764,fedex,2025-06-09 14:18:50,2025-06-10 06:18:50
4840,7540,fedex,2025-11-03 20:43:04,2025-11-05 17:43:04
4841,7543,ups,2025-06-15 10:29:57,2025-06-18 08:29:57
4842,7544,ups,2025-04-23 03:17:33,2025-04-26 02:17:33
4843,7548,ups,2025-02-14 08:32:32,2025-02-16 11:32:32
4844,7555,dhl,2025-04-05 04:43:21,2025-04-08 21:43:21
4845,7557,fedex,2025-04-07 06:59:22,2025-04-10 09:59:22
4846,7558,usps,2025-10-09 12:11:25,2025-10-11 09:11:25
4847,7560,ups,2025-12-15 23:04:55,2025-12-20 07:04:55
4848,7561,usps,2025-05-15 22:40:19,2025-05-20 03:40:19
4849,7563,fedex,2025-07-27 16:58:42,2025-07-29 12:58:42
485,765,usps,2025-03-08 02:10:44,2025-03-10 00:10:44
4850,7564,ups,2025-07-08 20:14:46,2025-07-09 15:14:46
4851,7566,ups,2025-09-08 17:52:07,2025-09-13 08:52:07
4852,7569,fedex,2025-03-12 14:16:02,2025-03-18 09:16:02
4853,7572,dhl,2025-02-01 16:07:52,2025-02-04 23:07:52
4854,7578,usps,2025-06-21 08:07:31,2025-06-22 04:07:31
4855,7579,ups,2025-06-10 03:06:04,2025-06-14 17:06:04
4856,7580,usps,2025-05-12 13:30:37,2025-05-18 07:30:37
4857,7581,ups,2025-01-06 04:51:56,2025-01-11 22:51:56
4858,7582,usps,2025-01-25 02:20:07,2025-01-26 08:20:07
4859,7583,usps,2025-05-27 23:08:45,2025-05-29 12:08:45
486,766,ups,2025-11-06 18:28:32,\N
4860,7585,ups,2025-10-01 04:36:48,2025-10-04 05:36:48
4861,7588,fedex,2025-03-14 11:33:59,2025-03-20 02:33:59
4862,7589,dhl,2025-09-12 07:34:54,2025-09-13 17:34:54
4863,7590,usps,2025-10-05 02:20:10,\N
4864,7591,fedex,2025-08-31 03:36:33,2025-09-03 12:36:33
4865,7592,usps,2025-10-23 17:38:57,2025-10-27 06:38:57
4866,7594,usps,2025-08-22 22:54:56,\N
4867,7597,dhl,2025-11-12 12:08:21,2025-11-15 05:08:21
4868,7598,usps,2025-06-16 17:56:18,2025-06-18 14:56:18
4869,7599,fedex,2025-03-31 02:47:19,2025-04-04 17:47:19
487,767,usps,2025-07-24 20:39:29,2025-07-30 07:39:29
4870,7600,usps,2025-08-23 02:37:55,2025-08-23 13:37:55
4871,7602,dhl,2025-08-03 18:31:37,2025-08-08 01:31:37
4872,7603,fedex,2025-07-16 15:39:18,2025-07-17 03:39:18
4873,7604,fedex,2025-08-15 21:05:25,2025-08-20 15:05:25
4874,7605,usps,2025-11-15 22:32:33,2025-11-17 15:32:33
4875,7606,fedex,2025-06-29 17:54:16,2025-07-03 05:54:16
4876,7608,ups,2025-03-05 11:17:34,2025-03-06 20:17:34
4877,7610,ups,2025-05-15 16:46:37,2025-05-20 07:46:37
4878,7611,ups,2025-03-24 18:30:46,2025-03-28 00:30:46
4879,7613,usps,2025-05-11 10:38:20,2025-05-12 05:38:20
488,768,fedex,2025-04-16 17:24:41,2025-04-20 18:24:41
4880,7614,fedex,2025-09-07 14:48:01,2025-09-09 00:48:01
4881,7617,dhl,2025-03-07 11:19:37,2025-03-07 23:19:37
4882,7620,fedex,2025-04-02 15:29:19,2025-04-04 04:29:19
4883,7622,usps,2025-02-04 09:45:15,2025-02-07 15:45:15
4884,7625,dhl,2025-09-27 13:30:58,2025-09-28 21:30:58
4885,7627,usps,2025-03-19 04:23:01,2025-03-20 07:23:01
4886,7628,ups,2025-07-26 00:44:51,2025-07-29 07:44:51
4887,7630,fedex,2025-02-10 01:55:23,2025-02-14 08:55:23
4888,7631,usps,2025-01-17 04:33:21,2025-01-21 00:33:21
4889,7632,dhl,2025-05-30 12:06:16,2025-06-04 22:06:16
489,769,dhl,2025-06-24 21:17:30,2025-06-29 02:17:30
4890,7633,fedex,2025-03-17 12:53:50,2025-03-22 17:53:50
4891,7634,fedex,2025-11-22 12:44:55,2025-11-26 05:44:55
4892,7639,fedex,2025-11-18 08:15:57,2025-11-19 11:15:57
4893,7641,usps,2025-08-22 21:49:08,2025-08-27 15:49:08
4894,7644,fedex,2025-08-13 13:39:01,\N
4895,7645,fedex,2025-12-14 15:26:17,2025-12-19 23:26:17
4896,7647,usps,2025-01-15 16:51:46,2025-01-19 08:51:46
4897,7648,usps,2025-10-01 04:43:06,2025-10-05 21:43:06
4898,7650,ups,2025-10-16 23:07:56,2025-10-22 00:07:56
4899,7651,fedex,2025-09-10 06:40:03,2025-09-12 03:40:03
49,75,dhl,2025-04-15 23:10:35,2025-04-17 17:10:35
490,771,fedex,2025-04-15 23:55:33,2025-04-19 23:55:33
4900,7653,ups,2025-06-02 00:14:19,\N
4901,7654,usps,2025-02-13 04:19:51,\N
4902,7657,dhl,2025-08-08 22:23:53,\N
4903,7658,ups,2025-09-29 23:44:04,2025-10-01 22:44:04
4904,7659,usps,2025-02-25 01:42:42,2025-02-27 07:42:42
4905,7664,usps,2025-12-12 16:32:24,\N
4906,7668,dhl,2025-01-17 19:07:38,2025-01-23 10:07:38
4907,7670,ups,2025-10-06 06:14:54,2025-10-08 09:14:54
4908,7671,usps,2025-08-05 21:07:14,2025-08-08 11:07:14
4909,7672,dhl,2025-05-23 05:57:59,2025-05-26 17:57:59
491,774,ups,2025-11-05 01:19:53,2025-11-07 19:19:53
4910,7673,dhl,2025-06-21 15:31:18,2025-06-24 07:31:18
4911,7674,ups,2025-12-23 18:45:32,2025-12-26 23:45:32
4912,7675,ups,2025-11-14 09:32:46,2025-11-19 22:32:46
4913,7677,dhl,2025-03-21 08:44:30,2025-03-24 22:44:30
4914,7678,fedex,2025-08-27 03:51:49,2025-08-31 10:51:49
4915,7679,fedex,2025-04-01 15:45:38,2025-04-03 11:45:38
4916,7680,fedex,2025-01-27 02:02:17,2025-01-30 17:02:17
4917,7683,ups,2025-09-11 23:22:29,2025-09-12 10:22:29
4918,7684,ups,2025-05-01 14:24:41,2025-05-03 22:24:41
4919,7686,usps,2025-10-10 04:55:57,2025-10-11 11:55:57
492,775,usps,2025-09-12 19:39:43,2025-09-15 03:39:43
4920,7689,fedex,2025-06-10 20:33:14,2025-06-11 22:33:14
4921,7690,ups,2025-05-13 15:57:17,2025-05-13 23:57:17
4922,7691,fedex,2025-10-23 06:57:34,2025-10-23 20:57:34
4923,7692,usps,2025-12-23 00:02:09,2025-12-24 06:02:09
4924,7693,ups,2025-02-03 19:11:30,2025-02-04 19:11:30
4925,7696,ups,2025-10-10 19:11:49,2025-10-15 13:11:49
4926,7697,dhl,2025-11-02 16:30:12,2025-11-06 13:30:12
4927,7698,usps,2025-10-13 20:48:30,2025-10-14 06:48:30
4928,7700,ups,2025-11-29 20:15:38,2025-12-02 21:15:38
4929,7701,usps,2025-07-20 12:53:46,2025-07-25 06:53:46
493,776,fedex,2025-12-15 15:10:58,2025-12-16 09:10:58
4930,7702,fedex,2025-08-20 14:11:34,2025-08-25 20:11:34
4931,7704,usps,2025-06-21 12:34:03,\N
4932,7706,dhl,2025-06-02 11:07:10,2025-06-07 03:07:10
4933,7710,ups,2025-03-08 09:35:06,2025-03-12 14:35:06
4934,7711,ups,2025-10-26 16:26:21,2025-10-27 07:26:21
4935,7712,fedex,2025-07-02 14:09:41,2025-07-03 11:09:41
4936,7713,dhl,2025-06-07 21:21:10,2025-06-08 09:21:10
4937,7715,ups,2025-12-22 01:28:58,\N
4938,7716,ups,2025-11-03 02:20:47,2025-11-04 06:20:47
4939,7717,ups,2025-09-27 17:30:02,2025-09-29 20:30:02
494,777,ups,2025-09-11 01:01:54,\N
4940,7718,usps,2025-05-03 13:17:40,2025-05-05 21:17:40
4941,7720,usps,2025-11-21 15:48:10,2025-11-23 02:48:10
4942,7723,fedex,2025-07-11 18:24:00,2025-07-14 19:24:00
4943,7726,usps,2025-01-22 05:59:18,2025-01-26 07:59:18
4944,7727,usps,2025-05-07 06:44:00,2025-05-08 22:44:00
4945,7729,ups,2025-10-31 00:23:50,\N
4946,7730,ups,2025-12-19 20:48:12,2025-12-25 09:48:12
4947,7731,usps,2025-06-04 16:58:17,2025-06-07 11:58:17
4948,7732,dhl,2025-06-02 15:20:14,2025-06-04 09:20:14
4949,7734,dhl,2025-08-05 02:03:02,2025-08-06 16:03:02
495,779,ups,2025-05-24 17:03:46,2025-05-25 14:03:46
4950,7735,dhl,2025-04-23 05:41:03,2025-04-28 18:41:03
4951,7736,ups,2025-03-29 09:12:01,2025-03-29 21:12:01
4952,7739,usps,2025-01-26 04:40:36,2025-01-26 18:40:36
4953,7740,dhl,2025-06-09 06:02:22,2025-06-12 12:02:22
4954,7742,ups,2025-09-28 22:29:02,2025-10-02 07:29:02
4955,7745,fedex,2025-06-23 16:05:22,2025-06-27 04:05:22
4956,7746,usps,2025-12-17 20:03:59,2025-12-20 23:03:59
4957,7747,fedex,2025-11-10 01:16:25,2025-11-10 09:16:25
4958,7751,ups,2025-12-27 08:32:59,2025-12-30 14:32:59
4959,7752,fedex,2025-06-24 12:21:30,2025-06-26 16:21:30
496,784,usps,2025-02-27 00:32:48,2025-03-03 23:32:48
4960,7754,ups,2025-08-17 11:45:35,2025-08-20 16:45:35
4961,7757,usps,2025-10-16 20:43:08,2025-10-22 02:43:08
4962,7758,ups,2025-05-20 18:43:31,2025-05-26 09:43:31
4963,7759,usps,2025-07-01 16:14:55,2025-07-06 12:14:55
4964,7761,fedex,2025-09-02 16:32:57,2025-09-07 04:32:57
4965,7762,dhl,2025-08-17 08:42:55,2025-08-19 16:42:55
4966,7763,dhl,2025-06-16 02:20:17,2025-06-16 09:20:17
4967,7767,ups,2025-01-08 03:19:11,2025-01-08 18:19:11
4968,7769,usps,2025-07-14 17:05:48,2025-07-18 13:05:48
4969,7770,dhl,2025-03-31 03:26:23,2025-04-04 19:26:23
497,787,usps,2025-01-12 04:41:17,\N
4970,7771,ups,2025-05-29 21:39:07,2025-06-02 07:39:07
4971,7772,usps,2025-01-21 10:20:45,2025-01-22 00:20:45
4972,7773,fedex,2025-04-29 10:15:09,2025-05-02 12:15:09
4973,7774,dhl,2025-12-19 20:45:29,2025-12-22 15:45:29
4974,7775,dhl,2025-07-30 11:37:33,2025-08-02 19:37:33
4975,7779,fedex,2025-10-06 00:39:12,2025-10-11 14:39:12
4976,7780,fedex,2025-04-08 00:27:25,2025-04-08 20:27:25
4977,7781,ups,2025-08-13 11:23:40,2025-08-14 13:23:40
4978,7783,dhl,2025-01-30 08:26:51,2025-01-30 15:26:51
4979,7784,dhl,2025-12-01 04:44:20,2025-12-03 04:44:20
498,790,dhl,2025-02-13 06:58:30,2025-02-17 09:58:30
4980,7786,fedex,2025-05-15 07:25:36,\N
4981,7788,usps,2025-08-24 20:04:06,2025-08-29 00:04:06
4982,7789,ups,2025-09-08 05:04:34,2025-09-09 07:04:34
4983,7791,fedex,2025-07-04 17:55:30,2025-07-08 22:55:30
4984,7792,dhl,2025-03-13 23:04:04,2025-03-18 08:04:04
4985,7793,ups,2025-10-25 23:19:26,2025-10-28 03:19:26
4986,7794,usps,2025-09-01 07:42:31,2025-09-06 20:42:31
4987,7795,usps,2025-08-31 04:28:53,2025-09-05 09:28:53
4988,7796,ups,2025-08-29 09:02:24,2025-09-02 05:02:24
4989,7797,usps,2025-06-25 17:02:30,2025-06-28 13:02:30
499,791,dhl,2025-02-21 13:57:14,2025-02-24 02:57:14
4990,7798,ups,2025-01-05 18:47:33,2025-01-08 00:47:33
4991,7800,dhl,2025-01-08 01:49:48,\N
4992,7801,ups,2025-09-05 13:10:05,\N
4993,7802,ups,2025-08-26 05:05:09,2025-08-31 19:05:09
4994,7803,ups,2025-08-30 12:56:03,\N
4995,7805,fedex,2025-11-11 05:51:22,2025-11-12 12:51:22
4996,7807,usps,2025-08-23 04:52:21,\N
4997,7812,ups,2025-08-26 03:24:52,2025-08-28 19:24:52
4998,7813,fedex,2025-06-11 01:37:18,2025-06-14 08:37:18
4999,7815,fedex,2025-08-26 07:24:49,\N
5,7,fedex,2025-01-10 16:56:50,2025-01-15 06:56:50
50,77,dhl,2025-03-25 15:27:11,2025-03-29 03:27:11
500,792,ups,2025-01-18 06:46:28,2025-01-23 23:46:28
5000,7816,fedex,2025-06-11 16:01:54,2025-06-16 10:01:54
5001,7818,fedex,2025-10-31 16:45:22,2025-11-06 06:45:22
5002,7819,fedex,2025-09-09 21:46:51,2025-09-14 20:46:51
5003,7820,dhl,2025-12-08 02:20:11,2025-12-09 15:20:11
5004,7823,fedex,2025-03-12 06:41:43,2025-03-15 07:41:43
5005,7826,fedex,2025-04-18 16:13:29,2025-04-24 04:13:29
5006,7828,dhl,2025-08-10 23:45:56,2025-08-11 17:45:56
5007,7829,ups,2025-05-08 06:45:22,\N
5008,7830,usps,2025-12-08 17:41:39,2025-12-11 00:41:39
5009,7831,ups,2025-07-27 11:08:42,2025-07-30 12:08:42
501,793,usps,2025-03-24 19:32:09,2025-03-25 12:32:09
5010,7833,dhl,2025-07-10 09:38:55,2025-07-13 02:38:55
5011,7835,usps,2025-03-08 03:32:49,2025-03-08 19:32:49
5012,7836,ups,2025-03-06 18:19:38,2025-03-08 18:19:38
5013,7837,ups,2025-04-22 03:26:36,2025-04-24 04:26:36
5014,7838,dhl,2025-04-19 23:04:00,\N
5015,7840,usps,2025-05-02 16:41:59,2025-05-04 21:41:59
5016,7841,fedex,2025-10-21 05:14:05,2025-10-22 05:14:05
5017,7843,dhl,2025-12-31 12:47:27,2025-12-31 23:59:59
5018,7846,fedex,2025-06-24 05:03:27,\N
5019,7848,dhl,2025-12-05 00:58:20,2025-12-09 01:58:20
502,794,ups,2025-09-14 22:27:35,2025-09-17 12:27:35
5020,7850,fedex,2025-02-02 11:05:04,2025-02-03 17:05:04
5021,7851,fedex,2025-11-15 01:57:54,2025-11-17 10:57:54
5022,7852,dhl,2025-02-21 05:51:16,2025-02-23 11:51:16
5023,7853,ups,2025-05-20 15:45:57,\N
5024,7855,dhl,2025-10-11 16:45:25,2025-10-17 03:45:25
5025,7856,dhl,2025-03-28 06:13:47,2025-03-31 11:13:47
5026,7860,dhl,2025-06-24 01:35:16,\N
5027,7861,dhl,2025-03-22 16:29:45,2025-03-23 12:29:45
5028,7862,fedex,2025-10-24 22:15:23,2025-10-26 08:15:23
5029,7864,ups,2025-09-21 14:28:37,2025-09-26 17:28:37
503,795,dhl,2025-06-24 16:12:11,2025-06-30 09:12:11
5030,7865,dhl,2025-07-19 23:15:43,2025-07-25 04:15:43
5031,7866,ups,2025-09-07 16:05:43,\N
5032,7867,ups,2025-11-21 14:00:55,2025-11-26 03:00:55
5033,7868,fedex,2025-09-25 23:36:14,2025-09-26 22:36:14
5034,7869,ups,2025-04-02 19:21:05,2025-04-03 08:21:05
5035,7871,dhl,2025-08-28 01:52:59,2025-08-31 20:52:59
5036,7872,ups,2025-06-11 07:14:14,2025-06-12 05:14:14
5037,7874,dhl,2025-08-20 19:07:54,2025-08-22 07:07:54
5038,7875,dhl,2025-12-05 11:47:06,2025-12-11 03:47:06
5039,7876,fedex,2025-07-27 23:22:30,2025-07-30 03:22:30
504,796,dhl,2025-01-27 21:19:48,2025-01-31 19:19:48
5040,7877,ups,2025-10-14 13:23:39,2025-10-20 08:23:39
5041,7878,fedex,2025-07-03 08:07:09,2025-07-03 22:07:09
5042,7879,dhl,2025-11-18 13:43:24,2025-11-19 17:43:24
5043,7880,ups,2025-09-12 08:42:33,2025-09-14 13:42:33
5044,7881,usps,2025-06-30 07:04:22,2025-07-01 04:04:22
5045,7882,fedex,2025-11-06 17:14:05,2025-11-07 01:14:05
5046,7884,fedex,2025-02-11 10:45:59,2025-02-14 11:45:59
5047,7885,fedex,2025-08-09 14:44:13,\N
5048,7886,fedex,2025-10-13 15:41:19,2025-10-18 04:41:19
5049,7887,ups,2025-12-12 09:07:27,2025-12-15 20:07:27
505,797,fedex,2025-04-05 00:04:21,2025-04-10 09:04:21
5050,7888,fedex,2025-03-03 13:57:19,2025-03-07 04:57:19
5051,7890,ups,2025-10-24 23:25:09,2025-10-25 23:25:09
5052,7893,ups,2025-04-07 05:01:07,2025-04-09 03:01:07
5053,7894,ups,2025-06-09 03:15:02,2025-06-10 17:15:02
5054,7895,usps,2025-10-13 00:14:07,2025-10-18 17:14:07
5055,7896,dhl,2025-03-23 11:52:17,2025-03-25 15:52:17
5056,7897,ups,2025-08-03 15:32:43,2025-08-06 00:32:43
5057,7898,dhl,2025-08-28 11:03:38,2025-08-30 04:03:38
5058,7900,usps,2025-12-21 07:37:42,2025-12-22 23:37:42
5059,7901,fedex,2025-06-14 06:44:47,2025-06-18 05:44:47
506,798,ups,2025-02-27 17:14:15,2025-02-28 07:14:15
5060,7903,fedex,2025-08-19 13:33:17,2025-08-20 03:33:17
5061,7904,usps,2025-08-12 08:50:55,2025-08-17 02:50:55
5062,7905,fedex,2025-01-27 03:26:22,2025-01-27 16:26:22
5063,7907,ups,2025-11-18 10:05:13,2025-11-19 03:05:13
5064,7908,usps,2025-10-06 20:19:39,2025-10-09 00:19:39
5065,7909,ups,2025-07-26 05:00:53,2025-07-27 13:00:53
5066,7910,usps,2025-08-18 21:56:28,2025-08-22 03:56:28
5067,7911,dhl,2025-07-02 16:23:35,2025-07-05 19:23:35
5068,7912,ups,2025-11-01 05:58:16,2025-11-06 00:58:16
5069,7913,fedex,2025-12-31 02:01:16,2025-12-31 23:59:59
507,800,usps,2025-01-14 05:46:08,2025-01-18 20:46:08
5070,7915,usps,2025-12-30 15:04:11,2025-12-31 23:59:59
5071,7916,usps,2025-03-09 09:54:30,2025-03-14 06:54:30
5072,7917,ups,2025-04-16 20:42:32,2025-04-20 02:42:32
5073,7921,usps,2025-07-06 23:47:52,2025-07-09 13:47:52
5074,7922,usps,2025-05-27 16:03:11,2025-05-30 21:03:11
5075,7923,usps,2025-07-14 09:59:47,2025-07-17 06:59:47
5076,7925,ups,2025-08-31 21:36:10,2025-09-03 01:36:10
5077,7926,fedex,2025-03-20 09:46:31,2025-03-23 21:46:31
5078,7927,fedex,2025-05-15 16:55:14,\N
5079,7931,fedex,2025-04-20 00:08:56,2025-04-21 05:08:56
508,801,fedex,2025-10-23 08:20:01,\N
5080,7932,fedex,2025-03-17 10:30:40,2025-03-18 17:30:40
5081,7934,usps,2025-05-04 20:11:22,2025-05-08 17:11:22
5082,7935,fedex,2025-12-01 21:07:11,2025-12-05 16:07:11
5083,7937,ups,2025-11-05 13:53:08,2025-11-09 07:53:08
5084,7938,fedex,2025-01-12 17:29:44,2025-01-18 02:29:44
5085,7939,dhl,2025-03-28 19:09:18,2025-04-02 04:09:18
5086,7940,usps,2025-10-25 01:29:32,2025-10-26 15:29:32
5087,7946,dhl,2025-12-01 03:59:03,2025-12-06 06:59:03
5088,7947,fedex,2025-06-29 03:29:50,\N
5089,7948,ups,2025-11-09 10:13:34,2025-11-09 20:13:34
509,803,usps,2025-10-28 17:27:06,2025-11-01 02:27:06
5090,7949,fedex,2025-05-08 05:20:35,\N
5091,7950,dhl,2025-06-14 12:00:06,2025-06-15 23:00:06
5092,7952,ups,2025-02-03 13:58:30,2025-02-07 12:58:30
5093,7953,usps,2025-07-24 11:29:00,2025-07-29 16:29:00
5094,7954,dhl,2025-08-01 12:09:49,2025-08-03 12:09:49
5095,7955,dhl,2025-01-12 13:13:10,2025-01-17 22:13:10
5096,7956,ups,2025-06-10 16:40:16,\N
5097,7958,fedex,2025-10-09 01:09:05,2025-10-12 14:09:05
5098,7959,dhl,2025-04-25 13:27:06,2025-04-28 02:27:06
5099,7960,fedex,2025-12-12 22:03:14,\N
51,78,usps,2025-07-19 13:19:17,2025-07-20 09:19:17
510,804,ups,2025-01-15 17:35:54,2025-01-17 14:35:54
5100,7961,dhl,2025-12-09 15:34:23,2025-12-14 10:34:23
5101,7962,usps,2025-08-23 22:49:12,2025-08-28 21:49:12
5102,7965,ups,2025-12-04 04:02:12,2025-12-06 19:02:12
5103,7969,usps,2025-10-24 12:51:45,2025-10-25 11:51:45
5104,7970,usps,2025-10-01 20:19:57,\N
5105,7971,ups,2025-06-27 19:35:18,\N
5106,7972,ups,2025-10-16 17:41:22,2025-10-22 09:41:22
5107,7973,ups,2025-08-20 05:44:01,2025-08-23 05:44:01
5108,7974,dhl,2025-10-11 03:08:55,2025-10-15 05:08:55
5109,7977,fedex,2025-02-12 14:17:06,2025-02-15 02:17:06
511,806,usps,2025-02-01 23:54:56,2025-02-03 12:54:56
5110,7978,usps,2025-12-05 18:20:23,\N
5111,7980,ups,2025-06-19 16:10:52,2025-06-20 08:10:52
5112,7982,dhl,2025-07-18 10:10:03,2025-07-21 12:10:03
5113,7983,usps,2025-02-05 05:34:08,2025-02-09 05:34:08
5114,7986,ups,2025-02-02 16:35:18,2025-02-05 02:35:18
5115,7988,fedex,2025-12-08 17:15:41,2025-12-12 08:15:41
5116,7989,fedex,2025-08-27 19:17:14,2025-08-29 15:17:14
5117,7991,fedex,2025-11-23 19:30:28,2025-11-24 01:30:28
5118,7992,dhl,2025-10-23 23:48:27,2025-10-28 07:48:27
5119,7993,usps,2025-07-14 16:28:43,\N
512,808,ups,2025-08-11 03:50:50,2025-08-12 02:50:50
5120,7995,fedex,2025-12-24 18:55:07,\N
5121,7996,usps,2025-04-23 12:10:21,2025-04-29 01:10:21
5122,7997,ups,2025-03-31 11:40:53,2025-04-01 20:40:53
5123,7998,ups,2025-05-31 18:58:36,2025-06-03 07:58:36
5124,8000,usps,2025-07-27 16:04:21,2025-07-28 11:04:21
5125,8002,dhl,2025-12-24 02:48:22,2025-12-27 01:48:22
5126,8005,ups,2025-08-02 17:20:31,2025-08-06 05:20:31
5127,8007,ups,2025-09-15 08:15:12,2025-09-16 04:15:12
5128,8008,fedex,2025-09-15 23:56:45,2025-09-18 20:56:45
5129,8009,fedex,2025-05-13 13:52:00,2025-05-15 22:52:00
513,809,ups,2025-09-04 04:32:13,2025-09-09 05:32:13
5130,8010,ups,2025-07-10 10:57:02,2025-07-13 21:57:02
5131,8011,usps,2025-06-02 15:37:08,2025-06-04 10:37:08
5132,8012,ups,2025-01-16 18:12:46,2025-01-21 22:12:46
5133,8013,dhl,2025-02-07 16:23:01,2025-02-08 20:23:01
5134,8016,dhl,2025-11-10 00:40:08,2025-11-11 12:40:08
5135,8018,ups,2025-08-17 22:57:23,2025-08-20 10:57:23
5136,8019,dhl,2025-05-21 00:54:57,2025-05-22 03:54:57
5137,8024,ups,2025-11-07 19:17:12,2025-11-08 23:17:12
5138,8025,fedex,2025-05-23 12:56:45,\N
5139,8027,dhl,2025-04-25 08:49:37,2025-04-28 11:49:37
514,810,dhl,2025-06-11 15:25:00,2025-06-13 12:25:00
5140,8028,dhl,2025-06-30 14:09:02,2025-07-04 06:09:02
5141,8029,ups,2025-11-01 00:19:47,2025-11-03 16:19:47
5142,8030,ups,2025-09-20 02:51:53,2025-09-21 05:51:53
5143,8031,dhl,2025-11-11 13:13:25,2025-11-12 11:13:25
5144,8032,dhl,2025-10-28 00:28:31,2025-10-30 20:28:31
5145,8033,ups,2025-04-25 19:52:33,2025-04-28 15:52:33
5146,8034,usps,2025-09-23 15:39:11,2025-09-28 15:39:11
5147,8035,ups,2026-01-02 18:00:51,2025-12-31 23:59:59
5148,8036,dhl,2025-05-21 23:40:59,2025-05-22 11:40:59
5149,8037,fedex,2025-11-25 15:25:10,2025-11-29 01:25:10
515,811,fedex,2025-08-23 06:04:57,2025-08-24 15:04:57
5150,8038,ups,2025-04-29 13:20:11,2025-05-02 18:20:11
5151,8039,usps,2025-10-23 10:09:13,2025-10-24 13:09:13
5152,8040,dhl,2025-01-13 11:55:00,2025-01-14 09:55:00
5153,8041,fedex,2025-05-23 23:34:20,2025-05-24 14:34:20
5154,8042,dhl,2025-11-11 20:22:51,2025-11-17 15:22:51
5155,8043,fedex,2025-07-18 16:00:09,2025-07-20 15:00:09
5156,8044,fedex,2025-06-08 00:31:09,2025-06-08 19:31:09
5157,8045,dhl,2025-04-30 18:45:26,2025-05-05 09:45:26
5158,8047,usps,2025-05-26 20:50:07,2025-05-30 02:50:07
5159,8049,dhl,2025-01-02 19:41:03,2025-01-05 12:41:03
516,812,usps,2025-04-23 13:01:40,2025-04-28 02:01:40
5160,8052,fedex,2025-12-26 16:51:54,\N
5161,8053,ups,2025-03-15 22:29:04,2025-03-16 09:29:04
5162,8054,ups,2025-02-15 03:54:41,\N
5163,8055,fedex,2025-08-25 23:11:29,2025-08-29 13:11:29
5164,8056,fedex,2025-10-29 05:21:18,2025-11-02 13:21:18
5165,8057,fedex,2025-04-05 07:29:20,2025-04-08 06:29:20
5166,8058,ups,2025-04-06 05:23:08,\N
5167,8059,fedex,2025-06-10 22:56:11,2025-06-13 08:56:11
5168,8061,dhl,2025-11-07 13:56:04,2025-11-09 16:56:04
5169,8064,usps,2025-08-04 01:21:20,2025-08-06 13:21:20
517,813,usps,2025-11-04 17:33:29,2025-11-10 11:33:29
5170,8066,ups,2025-05-20 14:23:59,2025-05-22 04:23:59
5171,8068,ups,2025-04-10 23:56:43,2025-04-14 12:56:43
5172,8069,ups,2025-10-03 05:43:33,2025-10-08 01:43:33
5173,8070,ups,2025-08-06 06:24:45,2025-08-08 20:24:45
5174,8071,fedex,2025-02-22 00:13:52,2025-02-25 21:13:52
5175,8072,dhl,2025-04-13 22:36:20,2025-04-15 16:36:20
5176,8074,usps,2025-03-04 00:28:40,2025-03-05 00:28:40
5177,8075,usps,2025-02-06 01:03:15,\N
5178,8076,ups,2025-02-24 23:23:18,2025-02-26 13:23:18
5179,8077,usps,2025-11-17 03:38:16,\N
518,814,dhl,2025-07-21 05:35:39,2025-07-23 19:35:39
5180,8078,fedex,2025-12-03 06:35:42,2025-12-07 09:35:42
5181,8080,usps,2025-10-19 23:14:30,2025-10-24 14:14:30
5182,8081,dhl,2025-02-10 23:29:36,2025-02-11 13:29:36
5183,8082,ups,2025-07-16 15:56:25,2025-07-22 10:56:25
5184,8083,dhl,2025-05-12 23:26:45,2025-05-16 19:26:45
5185,8086,usps,2025-03-17 11:17:54,2025-03-19 15:17:54
5186,8087,dhl,2025-02-22 17:19:45,2025-02-27 03:19:45
5187,8090,usps,2025-08-12 13:38:31,\N
5188,8091,usps,2025-12-06 11:01:25,2025-12-07 03:01:25
5189,8092,ups,2025-01-21 12:07:55,2025-01-22 19:07:55
519,816,dhl,2025-02-12 09:44:35,2025-02-13 18:44:35
5190,8094,ups,2025-09-28 06:18:29,2025-09-29 06:18:29
5191,8098,usps,2025-04-04 21:36:57,2025-04-06 07:36:57
5192,8100,fedex,2025-06-06 05:15:31,\N
5193,8102,fedex,2025-06-02 20:33:04,2025-06-07 18:33:04
5194,8103,usps,2025-11-28 23:28:23,\N
5195,8104,dhl,2025-10-18 09:13:28,2025-10-22 21:13:28
5196,8105,ups,2025-04-24 04:36:18,2025-04-25 08:36:18
5197,8109,usps,2025-05-04 23:19:42,2025-05-08 22:19:42
5198,8110,usps,2025-03-23 04:42:51,2025-03-27 23:42:51
5199,8111,dhl,2025-07-08 16:54:25,2025-07-10 12:54:25
52,81,usps,2025-02-08 22:19:58,2025-02-14 11:19:58
520,818,fedex,2025-03-13 20:46:06,2025-03-16 16:46:06
5200,8112,ups,2025-08-08 10:11:32,2025-08-10 18:11:32
5201,8113,dhl,2025-03-11 13:01:39,2025-03-14 22:01:39
5202,8114,usps,2025-04-17 17:24:35,2025-04-22 23:24:35
5203,8117,dhl,2025-08-24 23:25:45,2025-08-27 23:25:45
5204,8118,fedex,2025-06-10 21:19:35,2025-06-15 11:19:35
5205,8120,fedex,2025-06-12 21:43:46,2025-06-13 05:43:46
5206,8122,dhl,2025-10-05 14:17:58,2025-10-11 02:17:58
5207,8123,dhl,2025-12-20 01:45:35,2025-12-25 11:45:35
5208,8125,fedex,2025-01-29 00:05:35,2025-02-01 23:05:35
5209,8126,dhl,2025-07-26 19:55:18,2025-08-01 04:55:18
521,819,dhl,2025-08-06 15:08:15,2025-08-11 00:08:15
5210,8127,usps,2025-11-10 18:37:32,2025-11-14 11:37:32
5211,8129,fedex,2025-06-22 17:39:50,2025-06-23 03:39:50
5212,8130,ups,2025-02-08 04:57:17,2025-02-10 03:57:17
5213,8133,ups,2025-05-30 02:29:23,2025-06-03 22:29:23
5214,8136,ups,2025-11-23 00:57:54,2025-11-23 06:57:54
5215,8137,usps,2025-11-24 19:41:21,2025-11-29 23:41:21
5216,8138,ups,2025-12-21 14:46:43,2025-12-24 23:46:43
5217,8139,dhl,2026-01-01 23:14:21,2025-12-31 23:59:59
5218,8140,dhl,2025-01-12 00:29:51,2025-01-13 04:29:51
5219,8141,usps,2025-03-24 06:31:57,2025-03-26 21:31:57
522,820,usps,2025-01-04 10:39:09,2025-01-08 14:39:09
5220,8145,fedex,2025-06-15 03:51:33,2025-06-20 12:51:33
5221,8147,fedex,2025-09-01 14:45:25,2025-09-05 21:45:25
5222,8149,dhl,2025-12-12 23:37:18,2025-12-13 06:37:18
5223,8150,dhl,2025-12-14 02:19:43,2025-12-18 22:19:43
5224,8151,fedex,2025-08-24 23:21:54,2025-08-29 11:21:54
5225,8152,fedex,2025-01-18 04:36:37,2025-01-22 02:36:37
5226,8155,dhl,2025-04-20 17:11:09,2025-04-25 16:11:09
5227,8156,ups,2025-05-21 06:00:33,2025-05-21 23:00:33
5228,8157,fedex,2025-12-13 02:22:15,2025-12-16 02:22:15
5229,8161,usps,2025-03-02 17:39:23,2025-03-07 00:39:23
523,826,dhl,2025-10-11 16:07:41,2025-10-13 05:07:41
5230,8162,fedex,2025-07-19 09:53:27,2025-07-22 18:53:27
5231,8164,usps,2025-11-01 09:08:27,2025-11-03 03:08:27
5232,8167,usps,2025-02-06 23:56:31,2025-02-08 04:56:31
5233,8170,usps,2025-07-30 17:08:07,2025-08-03 14:08:07
5234,8173,fedex,2025-01-21 11:38:22,2025-01-23 12:38:22
5235,8175,usps,2025-01-24 16:45:01,2025-01-25 11:45:01
5236,8176,ups,2025-07-07 03:30:25,2025-07-12 01:30:25
5237,8178,ups,2025-10-09 17:15:47,2025-10-11 13:15:47
5238,8182,dhl,2025-12-13 04:25:54,2025-12-18 12:25:54
5239,8183,usps,2025-06-19 18:40:44,2025-06-21 10:40:44
524,829,fedex,2025-12-22 00:52:57,2025-12-25 14:52:57
5240,8184,fedex,2025-02-04 18:59:15,2025-02-05 05:59:15
5241,8186,fedex,2025-07-25 14:57:26,\N
5242,8188,usps,2025-04-28 15:26:30,2025-05-02 04:26:30
5243,8189,dhl,2025-08-01 03:27:53,2025-08-04 09:27:53
5244,8191,ups,2025-09-01 00:38:22,2025-09-06 18:38:22
5245,8193,dhl,2025-12-08 10:27:59,2025-12-09 18:27:59
5246,8196,dhl,2025-02-22 01:50:13,2025-02-25 21:50:13
5247,8197,fedex,2025-05-30 07:45:06,2025-05-31 06:45:06
5248,8198,fedex,2025-11-04 22:49:09,2025-11-09 16:49:09
5249,8199,ups,2025-06-30 23:04:16,2025-07-03 07:04:16
525,830,ups,2025-10-26 05:43:21,2025-10-27 16:43:21
5250,8200,usps,2025-07-29 21:11:00,2025-07-31 15:11:00
5251,8202,fedex,2025-10-29 01:28:48,2025-10-30 02:28:48
5252,8204,fedex,2025-05-12 10:27:21,\N
5253,8206,ups,2025-09-04 05:26:54,2025-09-05 08:26:54
5254,8207,usps,2025-12-06 00:47:31,2025-12-11 15:47:31
5255,8208,usps,2025-11-25 23:41:35,2025-11-27 11:41:35
5256,8209,ups,2025-08-13 00:05:59,2025-08-18 17:05:59
5257,8210,dhl,2025-06-18 14:19:01,2025-06-22 15:19:01
5258,8211,ups,2025-02-16 06:49:54,2025-02-21 08:49:54
5259,8212,usps,2025-12-29 02:42:27,2025-12-31 23:59:59
526,831,dhl,2025-03-29 17:52:43,2025-03-30 13:52:43
5260,8213,fedex,2025-10-10 20:55:15,2025-10-14 07:55:15
5261,8214,ups,2025-09-09 17:40:13,2025-09-11 01:40:13
5262,8215,fedex,2025-10-11 08:13:16,2025-10-16 01:13:16
5263,8216,dhl,2025-12-26 05:23:10,\N
5264,8217,dhl,2025-05-21 23:03:08,2025-05-22 12:03:08
5265,8222,ups,2025-08-04 08:26:54,2025-08-10 00:26:54
5266,8223,dhl,2025-02-24 19:31:34,2025-02-25 10:31:34
5267,8224,fedex,2025-07-25 11:18:15,\N
5268,8225,fedex,2025-07-19 23:09:35,2025-07-20 19:09:35
5269,8226,ups,2025-06-10 12:10:33,2025-06-11 06:10:33
527,832,dhl,2025-07-28 09:59:06,2025-08-01 20:59:06
5270,8227,ups,2025-11-02 18:02:13,2025-11-08 07:02:13
5271,8228,fedex,2025-08-29 04:21:13,2025-08-31 10:21:13
5272,8233,dhl,2025-04-20 21:59:49,2025-04-22 00:59:49
5273,8236,usps,2026-01-03 03:38:57,2025-12-31 23:59:59
5274,8239,usps,2025-06-09 07:07:34,2025-06-13 06:07:34
5275,8241,ups,2025-02-18 14:34:29,\N
5276,8242,dhl,2025-01-09 19:14:24,2025-01-13 06:14:24
5277,8246,dhl,2025-08-24 04:32:00,2025-08-24 13:32:00
5278,8247,ups,2025-06-11 12:53:34,2025-06-14 06:53:34
5279,8248,ups,2025-07-09 10:08:13,2025-07-12 14:08:13
528,836,fedex,2025-03-05 17:13:20,\N
5280,8249,fedex,2025-07-10 19:51:40,2025-07-13 06:51:40
5281,8250,usps,2025-12-10 16:14:17,2025-12-15 16:14:17
5282,8251,fedex,2025-06-03 07:47:45,2025-06-05 15:47:45
5283,8253,fedex,2025-01-22 18:09:16,2025-01-25 07:09:16
5284,8254,usps,2025-02-12 20:44:02,2025-02-13 22:44:02
5285,8256,fedex,2025-07-04 19:27:58,2025-07-08 05:27:58
5286,8258,dhl,2025-05-01 21:48:25,\N
5287,8259,ups,2025-08-25 15:18:50,\N
5288,8260,usps,2025-06-05 18:31:59,2025-06-10 18:31:59
5289,8266,ups,2025-09-18 10:32:18,2025-09-22 18:32:18
529,837,fedex,2025-09-04 21:58:52,2025-09-06 00:58:52
5290,8267,fedex,2025-04-29 11:27:42,2025-05-03 23:27:42
5291,8269,usps,2025-06-25 11:46:04,2025-06-28 11:46:04
5292,8271,ups,2025-11-04 14:04:36,2025-11-05 17:04:36
5293,8273,dhl,2025-12-26 22:54:57,2025-12-30 10:54:57
5294,8274,usps,2025-07-13 16:49:21,2025-07-18 21:49:21
5295,8275,ups,2025-07-09 05:18:00,2025-07-12 13:18:00
5296,8276,dhl,2025-05-27 20:21:01,2025-05-31 08:21:01
5297,8278,dhl,2025-12-24 17:36:32,2025-12-27 12:36:32
5298,8279,fedex,2025-10-05 14:49:17,2025-10-07 04:49:17
5299,8280,fedex,2025-09-30 17:17:46,2025-10-04 06:17:46
53,82,fedex,2025-02-16 18:41:37,2025-02-21 08:41:37
530,838,dhl,2025-03-31 15:21:12,2025-04-02 14:21:12
5300,8281,dhl,2025-07-03 16:55:19,2025-07-04 04:55:19
5301,8282,ups,2025-09-03 23:31:31,2025-09-07 01:31:31
5302,8283,dhl,2025-12-04 08:47:50,2025-12-06 03:47:50
5303,8284,usps,2025-09-07 08:20:46,2025-09-13 02:20:46
5304,8286,dhl,2025-10-26 19:13:19,2025-10-27 21:13:19
5305,8287,ups,2025-12-21 16:39:34,2025-12-25 01:39:34
5306,8288,dhl,2025-01-29 20:39:50,\N
5307,8290,dhl,2025-03-06 00:36:41,2025-03-07 10:36:41
5308,8291,fedex,2025-07-30 19:00:18,2025-08-01 06:00:18
5309,8295,ups,2025-10-31 00:07:39,2025-11-05 10:07:39
531,840,usps,2025-05-24 16:26:00,2025-05-27 11:26:00
5310,8297,ups,2025-07-18 12:07:05,2025-07-20 18:07:05
5311,8298,ups,2025-06-15 20:24:18,2025-06-17 15:24:18
5312,8299,ups,2025-09-16 17:54:25,2025-09-19 03:54:25
5313,8300,ups,2025-11-20 00:53:35,2025-11-23 05:53:35
5314,8301,dhl,2025-02-02 04:34:03,2025-02-06 10:34:03
5315,8304,fedex,2025-12-13 19:21:18,2025-12-15 11:21:18
5316,8305,ups,2025-03-25 13:55:08,2025-03-28 22:55:08
5317,8306,usps,2025-10-08 05:59:34,2025-10-08 17:59:34
5318,8307,usps,2025-07-29 20:55:00,\N
5319,8308,fedex,2025-11-02 22:54:36,\N
532,842,fedex,2025-12-07 03:10:24,\N
5320,8309,ups,2025-04-30 03:52:28,2025-05-03 03:52:28
5321,8311,ups,2025-09-09 06:01:31,2025-09-10 12:01:31
5322,8312,usps,2025-12-07 23:13:31,2025-12-10 04:13:31
5323,8313,usps,2025-12-31 06:48:18,2025-12-31 23:59:59
5324,8314,ups,2025-05-31 02:32:23,2025-06-04 00:32:23
5325,8315,usps,2025-12-05 05:09:49,2025-12-08 17:09:49
5326,8316,dhl,2025-02-06 10:20:55,2025-02-09 10:20:55
5327,8317,usps,2025-01-14 01:47:03,2025-01-16 02:47:03
5328,8318,fedex,2025-09-06 19:52:57,2025-09-10 20:52:57
5329,8319,dhl,2025-01-30 03:13:51,2025-02-03 01:13:51
533,843,ups,2025-05-27 20:13:14,2025-05-31 14:13:14
5330,8320,usps,2025-03-22 06:15:30,2025-03-24 01:15:30
5331,8321,ups,2025-09-13 03:55:22,2025-09-18 06:55:22
5332,8322,ups,2025-01-17 11:24:05,2025-01-19 20:24:05
5333,8323,fedex,2025-06-21 19:42:20,2025-06-26 10:42:20
5334,8324,dhl,2025-03-08 19:31:40,2025-03-14 05:31:40
5335,8326,usps,2025-07-29 21:28:38,2025-08-02 17:28:38
5336,8327,fedex,2025-02-25 21:36:55,2025-03-02 09:36:55
5337,8328,fedex,2025-07-19 01:54:58,2025-07-24 18:54:58
5338,8329,fedex,2025-12-03 11:49:09,2025-12-06 06:49:09
5339,8330,ups,2025-02-04 11:35:17,2025-02-09 00:35:17
534,844,usps,2025-10-11 21:32:37,2025-10-13 09:32:37
5340,8331,usps,2025-08-06 23:33:26,2025-08-12 02:33:26
5341,8333,fedex,2025-04-05 18:19:45,2025-04-06 11:19:45
5342,8335,ups,2025-11-04 19:07:26,2025-11-06 22:07:26
5343,8337,usps,2025-02-15 07:07:47,2025-02-16 16:07:47
5344,8338,dhl,2025-08-27 12:05:46,2025-08-28 13:05:46
5345,8339,fedex,2025-04-15 02:42:50,2025-04-16 07:42:50
5346,8342,usps,2025-04-18 05:21:08,2025-04-20 20:21:08
5347,8343,dhl,2025-06-14 18:55:57,2025-06-16 19:55:57
5348,8344,usps,2025-07-14 00:34:20,2025-07-16 16:34:20
5349,8345,usps,2025-12-08 21:19:54,\N
535,846,fedex,2025-07-15 11:51:13,2025-07-15 21:51:13
5350,8346,ups,2025-06-30 00:20:22,2025-07-03 06:20:22
5351,8352,fedex,2025-01-23 08:20:13,2025-01-26 03:20:13
5352,8353,usps,2025-01-05 06:55:17,2025-01-09 00:55:17
5353,8354,dhl,2025-03-07 11:14:45,2025-03-07 20:14:45
5354,8355,usps,2025-06-10 11:48:29,2025-06-14 16:48:29
5355,8356,ups,2025-06-27 17:04:38,2025-06-30 04:04:38
5356,8359,usps,2025-08-20 21:51:37,2025-08-22 03:51:37
5357,8360,fedex,2025-12-07 02:22:27,2025-12-08 06:22:27
5358,8361,usps,2025-10-29 16:23:22,2025-10-30 19:23:22
5359,8362,fedex,2025-10-27 13:02:01,\N
536,847,ups,2025-12-21 21:36:34,2025-12-24 01:36:34
5360,8366,usps,2025-08-16 19:23:24,2025-08-20 09:23:24
5361,8367,usps,2025-09-04 05:50:03,2025-09-05 16:50:03
5362,8369,ups,2025-02-15 07:08:58,2025-02-17 19:08:58
5363,8370,dhl,2025-06-23 23:31:24,2025-06-24 23:31:24
5364,8371,dhl,2025-08-01 22:54:41,2025-08-07 09:54:41
5365,8372,usps,2025-09-25 08:54:11,2025-09-25 22:54:11
5366,8373,dhl,2025-01-26 14:32:05,2025-01-30 03:32:05
5367,8375,fedex,2025-09-10 20:07:05,2025-09-15 07:07:05
5368,8376,usps,2025-11-12 11:11:32,2025-11-15 14:11:32
5369,8377,dhl,2025-01-27 07:58:03,2025-01-27 18:58:03
537,848,usps,2025-08-09 04:29:18,\N
5370,8383,usps,2025-09-14 02:26:12,2025-09-18 01:26:12
5371,8384,dhl,2025-01-03 10:26:00,2025-01-07 13:26:00
5372,8385,dhl,2025-06-21 10:44:50,2025-06-24 20:44:50
5373,8386,usps,2025-03-04 17:42:37,2025-03-06 15:42:37
5374,8388,dhl,2025-03-30 20:39:49,\N
5375,8389,fedex,2025-11-29 00:03:14,2025-11-29 23:03:14
5376,8390,ups,2025-03-08 20:40:26,2025-03-14 06:40:26
5377,8391,usps,2025-06-16 10:50:24,2025-06-21 21:50:24
5378,8392,dhl,2026-01-01 12:30:50,2025-12-31 23:59:59
5379,8393,dhl,2025-05-17 02:33:18,\N
538,850,ups,2025-03-23 03:20:51,2025-03-25 19:20:51
5380,8394,fedex,2025-03-14 09:45:18,2025-03-15 14:45:18
5381,8395,ups,2025-11-16 04:03:49,2025-11-20 02:03:49
5382,8397,dhl,2025-09-14 03:44:49,2025-09-18 21:44:49
5383,8398,usps,2025-01-31 04:55:15,2025-02-02 18:55:15
5384,8399,usps,2025-06-30 22:18:10,2025-07-05 08:18:10
5385,8401,dhl,2025-08-26 17:24:55,2025-08-29 15:24:55
5386,8403,fedex,2025-12-07 02:21:44,2025-12-11 04:21:44
5387,8404,dhl,2025-08-15 03:17:53,2025-08-19 07:17:53
5388,8405,ups,2025-11-26 12:09:11,2025-11-30 20:09:11
5389,8408,dhl,2025-11-05 16:07:44,2025-11-08 22:07:44
539,851,usps,2025-06-04 12:56:23,2025-06-06 07:56:23
5390,8409,ups,2025-08-20 09:22:12,2025-08-25 12:22:12
5391,8410,fedex,2025-08-20 00:51:54,2025-08-25 17:51:54
5392,8413,usps,2025-06-04 01:30:45,\N
5393,8414,usps,2025-03-20 10:35:20,2025-03-25 12:35:20
5394,8416,fedex,2025-04-01 18:32:25,2025-04-05 02:32:25
5395,8417,dhl,2025-04-19 05:14:21,2025-04-24 02:14:21
5396,8420,fedex,2025-11-01 11:23:27,\N
5397,8421,fedex,2025-05-30 01:29:56,2025-06-02 20:29:56
5398,8422,usps,2025-08-18 10:28:03,2025-08-19 00:28:03
5399,8423,fedex,2025-07-16 00:52:46,2025-07-18 02:52:46
54,87,ups,2025-12-16 19:41:07,2025-12-18 23:41:07
540,852,usps,2025-12-01 11:03:13,2025-12-07 00:03:13
5400,8424,usps,2025-06-08 12:36:03,2025-06-13 12:36:03
5401,8426,usps,2025-09-16 02:01:04,2025-09-19 20:01:04
5402,8427,fedex,2025-05-22 23:42:15,2025-05-23 11:42:15
5403,8428,ups,2025-08-05 13:25:22,2025-08-06 01:25:22
5404,8429,usps,2025-11-29 05:11:28,2025-11-30 17:11:28
5405,8430,dhl,2025-02-25 06:31:06,2025-02-26 21:31:06
5406,8432,usps,2025-01-29 21:02:55,\N
5407,8433,usps,2025-11-25 03:17:03,2025-11-26 16:17:03
5408,8435,usps,2025-08-12 16:03:51,2025-08-16 07:03:51
5409,8439,usps,2025-07-19 09:17:32,2025-07-20 00:17:32
541,853,dhl,2025-08-27 14:38:19,2025-08-29 06:38:19
5410,8440,dhl,2025-06-04 02:44:15,2025-06-04 22:44:15
5411,8443,usps,2025-04-12 20:23:14,2025-04-13 07:23:14
5412,8445,ups,2025-01-03 22:36:45,2025-01-04 16:36:45
5413,8446,fedex,2025-10-20 04:56:08,2025-10-24 03:56:08
5414,8447,ups,2025-09-07 01:05:13,2025-09-12 17:05:13
5415,8448,dhl,2025-05-20 08:54:34,2025-05-24 02:54:34
5416,8449,usps,2025-10-01 08:52:24,2025-10-06 20:52:24
5417,8450,ups,2025-12-18 20:47:48,2025-12-22 21:47:48
5418,8452,dhl,2025-10-21 15:22:55,2025-10-22 20:22:55
5419,8453,ups,2025-04-08 11:09:26,2025-04-12 12:09:26
542,855,dhl,2025-10-16 23:29:48,2025-10-17 14:29:48
5420,8454,usps,2025-01-15 12:44:23,2025-01-21 02:44:23
5421,8455,usps,2025-11-19 03:05:59,2025-11-23 08:05:59
5422,8456,fedex,2025-05-10 15:59:14,2025-05-13 10:59:14
5423,8457,ups,2025-11-22 16:12:41,2025-11-27 14:12:41
5424,8459,dhl,2025-12-17 02:13:51,2025-12-19 02:13:51
5425,8460,fedex,2025-08-30 01:41:33,2025-08-30 19:41:33
5426,8461,usps,2025-11-11 19:35:32,2025-11-13 08:35:32
5427,8463,fedex,2025-10-01 14:04:43,2025-10-06 05:04:43
5428,8464,ups,2025-08-26 02:55:39,2025-08-31 17:55:39
5429,8465,usps,2025-06-08 00:48:39,\N
543,856,usps,2025-06-22 23:43:27,2025-06-25 07:43:27
5430,8470,ups,2025-09-07 07:18:54,2025-09-11 05:18:54
5431,8472,dhl,2025-01-24 19:12:08,2025-01-29 00:12:08
5432,8473,ups,2025-08-25 23:58:54,2025-08-26 05:58:54
5433,8475,fedex,2025-01-10 11:06:17,2025-01-14 09:06:17
5434,8476,fedex,2025-05-02 13:17:56,2025-05-05 13:17:56
5435,8477,dhl,2025-01-19 12:33:59,2025-01-24 23:33:59
5436,8478,dhl,2025-04-26 13:12:22,2025-04-28 23:12:22
5437,8479,ups,2025-09-29 16:48:31,2025-10-01 10:48:31
5438,8480,dhl,2025-11-05 22:00:38,2025-11-11 08:00:38
5439,8483,usps,2025-12-27 14:31:16,\N
544,860,fedex,2025-04-06 03:09:47,2025-04-07 03:09:47
5440,8484,fedex,2025-02-22 03:29:58,2025-02-26 18:29:58
5441,8485,fedex,2025-06-06 03:30:53,2025-06-08 07:30:53
5442,8486,fedex,2025-09-29 16:14:29,2025-09-30 20:14:29
5443,8487,usps,2025-03-12 15:33:36,2025-03-15 10:33:36
5444,8488,usps,2025-07-16 07:48:43,2025-07-18 15:48:43
5445,8490,usps,2025-02-23 22:16:45,2025-02-25 06:16:45
5446,8492,dhl,2025-10-13 06:00:11,2025-10-14 15:00:11
5447,8493,fedex,2025-05-18 04:12:47,2025-05-20 01:12:47
5448,8494,dhl,2025-11-25 23:04:26,2025-11-26 13:04:26
5449,8495,usps,2025-01-17 10:31:29,2025-01-18 01:31:29
545,861,dhl,2025-04-14 17:20:59,2025-04-16 12:20:59
5450,8500,dhl,2025-03-26 07:05:15,2025-03-29 21:05:15
5451,8503,dhl,2025-12-11 14:00:46,2025-12-16 14:00:46
5452,8504,usps,2025-02-17 21:43:47,2025-02-20 05:43:47
5453,8505,ups,2025-01-06 14:04:17,2025-01-10 11:04:17
5454,8507,dhl,2025-02-21 21:16:22,2025-02-27 15:16:22
5455,8508,dhl,2025-10-06 16:45:49,\N
5456,8509,usps,2025-01-09 21:12:06,2025-01-13 15:12:06
5457,8510,usps,2025-12-22 11:45:44,2025-12-25 14:45:44
5458,8511,ups,2025-04-17 03:17:05,2025-04-19 09:17:05
5459,8512,fedex,2025-10-13 12:34:18,2025-10-15 19:34:18
546,862,usps,2025-05-08 16:32:45,2025-05-12 08:32:45
5460,8513,ups,2025-02-09 02:47:47,2025-02-14 09:47:47
5461,8514,dhl,2025-07-11 11:55:33,2025-07-14 07:55:33
5462,8517,ups,2025-03-30 05:26:38,2025-04-01 14:26:38
5463,8518,ups,2025-05-21 23:47:55,2025-05-26 12:47:55
5464,8521,usps,2025-09-20 21:28:06,2025-09-24 07:28:06
5465,8522,dhl,2025-02-21 04:27:33,2025-02-24 15:27:33
5466,8524,usps,2025-10-01 22:28:21,2025-10-06 15:28:21
5467,8525,usps,2025-11-10 06:20:07,2025-11-13 17:20:07
5468,8526,usps,2025-02-01 04:24:40,2025-02-06 14:24:40
5469,8527,dhl,2025-06-02 13:58:21,2025-06-07 20:58:21
547,866,fedex,2025-06-30 10:02:42,2025-07-05 17:02:42
5470,8530,fedex,2025-11-11 00:22:14,2025-11-13 00:22:14
5471,8531,fedex,2025-09-26 20:57:55,2025-10-02 14:57:55
5472,8532,dhl,2025-02-23 13:49:23,2025-02-25 21:49:23
5473,8536,usps,2025-03-26 11:27:29,2025-03-29 03:27:29
5474,8538,fedex,2025-02-16 13:45:51,2025-02-18 13:45:51
5475,8539,dhl,2025-07-26 21:41:09,2025-07-27 15:41:09
5476,8540,usps,2025-12-12 04:49:52,2025-12-17 04:49:52
5477,8547,fedex,2025-04-15 11:39:51,2025-04-17 19:39:51
5478,8549,ups,2025-11-07 21:25:54,2025-11-13 15:25:54
5479,8550,usps,2025-04-26 20:15:25,2025-04-30 10:15:25
548,867,ups,2025-03-14 18:21:35,2025-03-20 02:21:35
5480,8551,ups,2025-11-20 06:52:02,2025-11-24 13:52:02
5481,8553,dhl,2025-11-28 00:29:24,2025-11-28 10:29:24
5482,8554,dhl,2025-10-12 02:24:20,2025-10-16 22:24:20
5483,8555,dhl,2025-12-01 13:47:33,2025-12-03 09:47:33
5484,8556,usps,2025-11-26 00:53:50,2025-11-27 02:53:50
5485,8557,dhl,2025-05-20 20:53:49,2025-05-25 18:53:49
5486,8558,dhl,2025-02-08 08:41:26,2025-02-08 19:41:26
5487,8559,fedex,2025-08-26 00:53:21,2025-08-29 07:53:21
5488,8560,usps,2025-03-04 05:42:30,\N
5489,8561,usps,2025-05-10 14:34:56,2025-05-10 20:34:56
549,868,fedex,2025-12-25 01:42:21,\N
5490,8562,fedex,2025-08-29 22:36:23,2025-09-02 03:36:23
5491,8563,usps,2025-01-29 21:20:34,2025-02-01 08:20:34
5492,8564,fedex,2025-07-06 05:17:53,2025-07-08 05:17:53
5493,8566,fedex,2025-10-08 19:41:03,2025-10-12 23:41:03
5494,8568,fedex,2025-05-14 15:27:09,2025-05-15 09:27:09
5495,8569,usps,2025-08-07 07:31:08,2025-08-11 06:31:08
5496,8570,usps,2025-09-12 12:12:34,2025-09-15 11:12:34
5497,8571,dhl,2025-02-28 18:46:04,2025-03-02 17:46:04
5498,8572,usps,2025-02-10 08:07:21,2025-02-14 04:07:21
5499,8573,usps,2025-09-16 08:44:14,2025-09-19 04:44:14
55,89,fedex,2025-11-03 02:02:09,2025-11-05 09:02:09
550,870,ups,2025-09-29 08:46:03,\N
5500,8574,usps,2025-06-07 17:34:32,2025-06-12 12:34:32
5501,8576,fedex,2025-12-05 08:59:00,2025-12-07 04:59:00
5502,8577,fedex,2025-05-24 11:33:34,2025-05-26 15:33:34
5503,8578,dhl,2025-03-23 21:49:48,2025-03-25 07:49:48
5504,8580,ups,2025-05-28 10:08:15,2025-06-02 15:08:15
5505,8581,dhl,2025-05-06 19:35:58,2025-05-09 15:35:58
5506,8582,dhl,2025-03-01 06:04:13,2025-03-02 12:04:13
5507,8583,usps,2025-08-22 21:32:17,2025-08-24 12:32:17
5508,8584,usps,2025-11-08 10:12:03,2025-11-12 15:12:03
5509,8585,usps,2025-09-25 10:53:36,2025-09-29 21:53:36
551,871,dhl,2025-06-12 15:45:10,2025-06-14 10:45:10
5510,8586,fedex,2025-01-12 14:39:37,2025-01-15 21:39:37
5511,8587,ups,2025-11-04 11:42:32,2025-11-05 16:42:32
5512,8588,usps,2025-10-20 06:37:44,2025-10-25 13:37:44
5513,8589,fedex,2025-06-16 01:41:42,2025-06-16 14:41:42
5514,8592,fedex,2025-03-05 07:15:51,2025-03-06 08:15:51
5515,8593,fedex,2025-01-08 10:39:31,2025-01-09 09:39:31
5516,8594,usps,2025-08-03 13:32:51,2025-08-04 22:32:51
5517,8597,ups,2025-11-22 15:28:18,2025-11-28 08:28:18
5518,8598,ups,2025-03-23 22:17:36,2025-03-28 14:17:36
5519,8600,fedex,2025-10-02 00:40:41,2025-10-05 01:40:41
552,872,ups,2025-04-13 01:52:54,2025-04-17 12:52:54
5520,8601,dhl,2025-04-14 17:05:17,2025-04-16 07:05:17
5521,8602,dhl,2025-08-01 01:33:53,2025-08-05 04:33:53
5522,8606,fedex,2025-09-06 18:25:59,2025-09-11 08:25:59
5523,8607,dhl,2025-01-08 10:16:13,\N
5524,8608,dhl,2025-10-14 11:55:25,\N
5525,8609,fedex,2025-03-06 01:54:17,2025-03-09 16:54:17
5526,8610,usps,2025-06-09 11:00:23,2025-06-13 11:00:23
5527,8612,ups,2025-03-28 02:50:53,2025-03-31 03:50:53
5528,8613,ups,2025-09-25 15:47:46,2025-09-26 07:47:46
5529,8614,ups,2025-05-01 15:15:40,2025-05-03 20:15:40
553,873,fedex,2025-09-28 22:01:15,2025-09-30 11:01:15
5530,8616,ups,2025-09-18 03:02:20,2025-09-21 01:02:20
5531,8617,fedex,2025-01-09 02:01:04,2025-01-11 21:01:04
5532,8618,ups,2025-05-12 09:15:35,2025-05-17 16:15:35
5533,8622,fedex,2025-10-16 22:18:49,2025-10-18 06:18:49
5534,8623,usps,2025-03-29 06:47:17,2025-03-31 11:47:17
5535,8624,dhl,2025-01-10 09:57:24,2025-01-13 07:57:24
5536,8626,fedex,2025-12-17 00:19:06,2025-12-18 12:19:06
5537,8627,fedex,2025-05-17 23:40:58,2025-05-22 23:40:58
5538,8628,dhl,2025-09-25 04:59:29,2025-09-27 18:59:29
5539,8629,fedex,2025-03-23 18:18:08,2025-03-27 19:18:08
554,874,ups,2025-08-05 13:18:06,2025-08-06 21:18:06
5540,8630,ups,2025-03-29 22:27:53,2025-04-01 04:27:53
5541,8632,fedex,2025-06-28 19:35:19,2025-06-30 16:35:19
5542,8633,dhl,2025-05-23 15:24:25,2025-05-26 00:24:25
5543,8634,ups,2025-06-24 19:07:58,2025-06-26 23:07:58
5544,8635,ups,2025-07-31 00:08:54,2025-07-31 09:08:54
5545,8637,ups,2025-06-26 21:29:21,2025-06-28 11:29:21
5546,8638,ups,2025-09-29 13:49:29,2025-10-03 23:49:29
5547,8639,fedex,2025-02-14 17:56:51,2025-02-17 09:56:51
5548,8640,usps,2025-05-23 09:50:30,2025-05-28 06:50:30
5549,8643,dhl,2025-08-07 14:54:35,2025-08-10 22:54:35
555,875,usps,2025-01-25 07:36:16,2025-01-26 02:36:16
5550,8644,usps,2025-09-02 00:32:49,2025-09-05 12:32:49
5551,8645,usps,2025-08-13 11:16:08,2025-08-17 23:16:08
5552,8646,ups,2025-10-24 16:54:25,2025-10-28 10:54:25
5553,8647,fedex,2025-02-26 22:16:34,2025-03-01 12:16:34
5554,8649,dhl,2025-05-15 23:14:58,2025-05-19 15:14:58
5555,8650,dhl,2025-05-14 01:35:52,2025-05-16 01:35:52
5556,8652,ups,2025-01-17 23:12:41,2025-01-20 15:12:41
5557,8653,ups,2025-10-31 10:21:16,2025-11-01 13:21:16
5558,8655,fedex,2025-08-10 18:29:21,2025-08-12 05:29:21
5559,8656,dhl,2025-02-22 02:14:06,\N
556,876,ups,2025-01-15 23:06:34,2025-01-18 01:06:34
5560,8657,fedex,2025-01-12 12:43:46,2025-01-16 02:43:46
5561,8659,fedex,2025-10-26 00:24:14,2025-10-29 22:24:14
5562,8661,ups,2025-03-28 02:26:00,2025-03-29 08:26:00
5563,8663,dhl,2025-06-22 00:24:43,2025-06-27 02:24:43
5564,8664,ups,2025-04-05 21:07:26,2025-04-09 13:07:26
5565,8665,fedex,2025-02-19 20:21:45,2025-02-24 16:21:45
5566,8666,ups,2025-10-29 03:23:42,\N
5567,8667,usps,2025-07-31 00:24:57,2025-08-04 19:24:57
5568,8669,dhl,2025-07-08 04:18:22,2025-07-10 16:18:22
5569,8670,fedex,2025-01-05 12:20:41,2025-01-06 12:20:41
557,879,dhl,2025-11-07 01:30:47,2025-11-08 05:30:47
5570,8672,dhl,2025-04-23 04:02:48,2025-04-28 05:02:48
5571,8673,ups,2025-07-06 16:56:30,2025-07-08 14:56:30
5572,8674,dhl,2025-06-17 19:12:55,2025-06-22 21:12:55
5573,8677,ups,2025-08-01 15:12:37,2025-08-04 19:12:37
5574,8678,usps,2025-02-26 07:52:01,2025-02-27 21:52:01
5575,8679,usps,2025-08-11 16:18:22,2025-08-15 13:18:22
5576,8681,fedex,2025-06-11 14:31:13,2025-06-13 20:31:13
5577,8682,dhl,2025-08-27 07:03:10,2025-08-30 02:03:10
5578,8683,usps,2025-08-14 18:25:41,2025-08-19 07:25:41
5579,8685,fedex,2025-08-13 19:03:38,2025-08-18 15:03:38
558,880,usps,2025-09-13 15:28:21,2025-09-18 14:28:21
5580,8687,ups,2025-11-22 08:21:09,2025-11-27 17:21:09
5581,8688,fedex,2025-03-15 06:06:20,2025-03-19 12:06:20
5582,8691,ups,2025-11-10 00:35:51,2025-11-12 20:35:51
5583,8692,fedex,2025-12-21 20:38:09,2025-12-22 19:38:09
5584,8693,fedex,2025-01-05 07:26:36,2025-01-06 17:26:36
5585,8695,ups,2025-12-16 10:37:54,2025-12-18 14:37:54
5586,8696,ups,2025-07-04 07:43:23,2025-07-07 15:43:23
5587,8698,fedex,2025-06-05 07:59:07,2025-06-10 09:59:07
5588,8700,dhl,2025-04-15 03:25:29,2025-04-17 13:25:29
5589,8701,dhl,2025-01-12 01:34:04,2025-01-15 18:34:04
559,881,ups,2025-01-12 01:52:47,2025-01-13 06:52:47
5590,8702,fedex,2025-12-29 22:24:29,2025-12-31 23:59:59
5591,8703,fedex,2025-03-18 01:49:46,2025-03-23 11:49:46
5592,8704,fedex,2025-11-02 04:30:38,2025-11-04 11:30:38
5593,8705,ups,2025-05-27 07:25:03,2025-06-01 07:25:03
5594,8706,ups,2025-10-05 13:51:33,2025-10-06 03:51:33
5595,8709,ups,2025-06-12 02:37:58,2025-06-16 14:37:58
5596,8710,ups,2025-04-04 12:28:24,2025-04-09 14:28:24
5597,8713,usps,2025-01-24 22:09:24,2025-01-27 12:09:24
5598,8715,fedex,2025-10-25 09:14:56,2025-10-31 01:14:56
5599,8716,dhl,2025-04-02 20:00:47,2025-04-05 17:00:47
56,92,dhl,2025-10-24 10:51:54,2025-10-25 15:51:54
560,882,usps,2025-11-08 23:53:10,\N
5600,8720,fedex,2025-05-10 12:58:52,2025-05-15 20:58:52
5601,8721,fedex,2025-05-09 14:12:35,2025-05-12 12:12:35
5602,8722,ups,2025-08-30 18:38:36,2025-09-01 12:38:36
5603,8723,ups,2025-08-21 14:30:08,2025-08-24 13:30:08
5604,8724,fedex,2025-07-01 16:14:54,2025-07-04 04:14:54
5605,8725,dhl,2025-11-28 17:44:17,2025-11-30 07:44:17
5606,8726,dhl,2025-04-13 08:22:20,2025-04-17 00:22:20
5607,8727,fedex,2025-08-22 15:16:05,\N
5608,8728,usps,2025-11-01 08:27:00,2025-11-04 23:27:00
5609,8730,usps,2025-03-01 13:31:43,2025-03-04 06:31:43
561,885,ups,2025-04-21 06:10:11,2025-04-23 10:10:11
5610,8736,fedex,2025-12-08 23:22:40,2025-12-09 14:22:40
5611,8737,usps,2025-06-18 09:21:18,2025-06-23 09:21:18
5612,8738,ups,2025-05-30 03:43:11,2025-05-31 07:43:11
5613,8739,dhl,2025-03-08 07:59:29,2025-03-12 00:59:29
5614,8740,ups,2025-09-14 05:06:57,2025-09-14 20:06:57
5615,8742,ups,2025-06-15 04:00:44,2025-06-18 02:00:44
5616,8743,usps,2025-12-25 14:28:47,2025-12-31 08:28:47
5617,8744,fedex,2025-04-07 20:45:56,2025-04-08 11:45:56
5618,8746,fedex,2025-10-31 12:02:57,2025-11-05 10:02:57
5619,8747,fedex,2025-09-14 20:31:42,2025-09-19 13:31:42
562,886,dhl,2025-02-03 07:53:02,2025-02-08 09:53:02
5620,8748,dhl,2025-02-03 04:42:38,\N
5621,8750,fedex,2025-01-12 11:06:03,2025-01-17 14:06:03
5622,8751,dhl,2025-09-18 15:10:14,2025-09-24 02:10:14
5623,8752,fedex,2025-08-09 15:03:00,2025-08-10 21:03:00
5624,8753,usps,2025-05-10 09:36:07,2025-05-13 13:36:07
5625,8754,dhl,2025-12-26 23:19:41,2025-12-28 16:19:41
5626,8755,usps,2025-04-16 10:13:40,2025-04-22 01:13:40
5627,8756,fedex,2025-04-10 15:08:14,2025-04-13 23:08:14
5628,8757,fedex,2025-07-30 03:46:23,2025-08-03 17:46:23
5629,8759,usps,2025-09-28 14:49:36,2025-09-28 20:49:36
563,888,usps,2025-12-15 04:15:29,2025-12-16 03:15:29
5630,8760,fedex,2025-07-23 04:21:32,2025-07-28 17:21:32
5631,8762,ups,2025-12-13 17:01:27,2025-12-18 09:01:27
5632,8763,fedex,2025-11-26 12:00:27,2025-11-29 05:00:27
5633,8766,usps,2025-07-21 00:25:51,2025-07-24 22:25:51
5634,8767,dhl,2025-01-28 03:14:41,2025-01-29 01:14:41
5635,8769,dhl,2025-09-16 19:29:20,2025-09-20 14:29:20
5636,8770,dhl,2025-08-25 13:32:20,2025-08-27 07:32:20
5637,8771,ups,2025-05-08 19:51:31,2025-05-14 03:51:31
5638,8772,ups,2025-04-16 23:07:58,2025-04-17 21:07:58
5639,8773,dhl,2025-09-25 08:35:26,2025-09-29 21:35:26
564,889,fedex,2025-11-10 17:27:40,2025-11-11 12:27:40
5640,8774,fedex,2025-08-28 19:21:52,2025-08-29 11:21:52
5641,8775,fedex,2025-03-26 07:21:47,2025-03-27 09:21:47
5642,8776,dhl,2025-11-06 03:26:58,2025-11-08 01:26:58
5643,8777,dhl,2025-02-08 04:21:43,2025-02-11 15:21:43
5644,8778,dhl,2025-11-11 21:50:55,2025-11-17 16:50:55
5645,8781,fedex,2025-01-14 05:35:29,\N
5646,8782,ups,2025-06-12 17:12:21,2025-06-13 00:12:21
5647,8783,fedex,2025-01-08 14:24:48,2025-01-12 17:24:48
5648,8784,usps,2025-02-02 14:03:19,2025-02-08 06:03:19
5649,8785,dhl,2025-01-14 14:39:15,2025-01-16 19:39:15
565,890,dhl,2025-11-11 04:04:44,2025-11-13 09:04:44
5650,8788,ups,2025-04-29 16:42:49,2025-05-01 01:42:49
5651,8789,usps,2025-04-27 07:04:53,2025-04-29 10:04:53
5652,8790,usps,2025-11-10 15:37:25,2025-11-11 09:37:25
5653,8791,fedex,2025-03-28 06:34:11,2025-03-29 22:34:11
5654,8793,usps,2025-01-07 05:00:41,2025-01-07 11:00:41
5655,8794,ups,2025-09-27 16:31:35,2025-10-02 17:31:35
5656,8795,usps,2025-05-29 00:00:16,\N
5657,8796,dhl,2025-12-15 18:07:18,2025-12-16 11:07:18
5658,8797,usps,2025-05-04 14:25:49,2025-05-09 01:25:49
5659,8798,usps,2025-07-18 20:03:43,2025-07-20 15:03:43
566,891,ups,2025-12-21 09:07:23,2025-12-24 18:07:23
5660,8799,dhl,2025-07-14 16:40:13,2025-07-15 20:40:13
5661,8800,usps,2025-06-14 14:00:08,2025-06-14 23:00:08
5662,8801,usps,2025-09-19 09:57:04,\N
5663,8802,usps,2025-01-19 16:23:57,2025-01-24 15:23:57
5664,8803,dhl,2025-06-06 09:56:51,2025-06-10 00:56:51
5665,8804,fedex,2025-02-07 10:52:21,2025-02-11 09:52:21
5666,8807,fedex,2025-12-06 01:50:08,2025-12-07 10:50:08
5667,8808,usps,2025-01-16 15:21:52,2025-01-18 19:21:52
5668,8809,fedex,2025-06-07 07:07:27,2025-06-09 14:07:27
5669,8810,fedex,2025-04-10 21:57:29,2025-04-14 12:57:29
567,894,fedex,2025-06-26 23:03:12,2025-06-28 23:03:12
5670,8811,fedex,2025-05-09 11:20:21,2025-05-12 13:20:21
5671,8812,usps,2025-12-26 07:41:14,2025-12-30 23:41:14
5672,8813,usps,2025-06-24 06:03:27,2025-06-25 03:03:27
5673,8814,fedex,2025-10-05 16:20:24,2025-10-06 13:20:24
5674,8817,ups,2025-12-20 12:35:51,2025-12-22 19:35:51
5675,8819,usps,2025-01-06 04:26:26,2025-01-07 01:26:26
5676,8824,fedex,2025-02-18 00:01:30,2025-02-22 18:01:30
5677,8825,fedex,2025-12-11 14:51:52,2025-12-15 10:51:52
5678,8826,fedex,2025-08-11 17:01:33,2025-08-15 15:01:33
5679,8827,usps,2025-10-16 12:24:05,2025-10-21 02:24:05
568,895,ups,2025-03-23 16:33:43,2025-03-27 22:33:43
5680,8828,ups,2025-12-26 03:49:05,2025-12-27 23:49:05
5681,8829,usps,2025-09-13 09:46:34,2025-09-18 16:46:34
5682,8830,dhl,2025-11-15 07:16:28,2025-11-19 13:16:28
5683,8831,ups,2025-05-28 05:30:10,2025-05-29 13:30:10
5684,8833,ups,2025-05-01 01:35:11,2025-05-04 07:35:11
5685,8834,ups,2025-03-23 05:17:55,2025-03-24 06:17:55
5686,8835,dhl,2025-06-24 23:06:40,2025-06-25 09:06:40
5687,8840,fedex,2025-10-14 13:12:11,2025-10-17 15:12:11
5688,8842,usps,2025-03-23 19:30:57,2025-03-28 20:30:57
5689,8844,dhl,2025-07-15 06:40:20,2025-07-18 17:40:20
569,896,dhl,2025-01-05 13:38:50,2025-01-09 10:38:50
5690,8846,dhl,2025-12-28 04:52:17,2025-12-29 16:52:17
5691,8847,usps,2025-09-29 07:19:36,2025-09-30 02:19:36
5692,8849,usps,2025-05-10 02:21:57,2025-05-12 17:21:57
5693,8850,usps,2025-04-13 02:56:35,2025-04-13 21:56:35
5694,8856,ups,2025-03-20 15:37:25,2025-03-24 01:37:25
5695,8858,usps,2025-07-18 18:19:06,2025-07-23 11:19:06
5696,8859,dhl,2025-01-05 08:16:58,2025-01-08 20:16:58
5697,8860,ups,2025-08-16 16:18:44,2025-08-22 09:18:44
5698,8861,dhl,2025-08-22 06:03:27,2025-08-23 18:03:27
5699,8863,ups,2025-01-24 15:25:53,2025-01-27 19:25:53
57,93,usps,2025-05-15 19:59:57,2025-05-19 08:59:57
570,900,usps,2025-06-02 09:08:36,2025-06-04 08:08:36
5700,8864,fedex,2025-11-10 11:15:06,2025-11-11 18:15:06
5701,8866,usps,2025-11-24 15:34:26,2025-11-27 04:34:26
5702,8867,fedex,2025-05-31 04:28:41,2025-05-31 14:28:41
5703,8869,ups,2025-09-02 06:41:38,2025-09-05 13:41:38
5704,8870,ups,2025-01-17 23:47:48,2025-01-22 20:47:48
5705,8871,ups,2025-02-16 15:59:13,2025-02-20 14:59:13
5706,8873,ups,2025-12-11 15:32:38,2025-12-16 03:32:38
5707,8874,fedex,2025-11-03 19:08:10,2025-11-07 19:08:10
5708,8875,usps,2025-01-03 11:50:25,2025-01-04 01:50:25
5709,8878,ups,2025-08-09 11:15:46,2025-08-14 13:15:46
571,901,usps,2025-05-10 21:34:03,2025-05-15 14:34:03
5710,8879,dhl,2025-08-18 20:43:49,2025-08-22 13:43:49
5711,8880,dhl,2025-03-11 23:30:43,2025-03-12 22:30:43
5712,8881,dhl,2025-09-06 03:16:37,2025-09-06 23:16:37
5713,8882,dhl,2025-09-17 17:00:49,2025-09-18 21:00:49
5714,8883,dhl,2025-09-19 09:13:30,2025-09-21 03:13:30
5715,8884,ups,2025-04-28 20:50:02,2025-05-04 06:50:02
5716,8886,ups,2025-11-24 07:09:03,2025-11-27 10:09:03
5717,8888,usps,2025-07-19 01:39:53,\N
5718,8889,usps,2025-03-26 16:08:59,2025-03-30 22:08:59
5719,8890,fedex,2025-12-10 07:17:16,2025-12-11 12:17:16
572,902,fedex,2025-06-13 01:31:41,2025-06-17 07:31:41
5720,8892,ups,2025-06-30 20:35:13,2025-07-02 18:35:13
5721,8893,ups,2025-11-16 02:04:54,2025-11-18 00:04:54
5722,8894,fedex,2025-09-04 03:23:35,2025-09-07 19:23:35
5723,8895,ups,2025-08-26 02:31:06,2025-08-27 11:31:06
5724,8896,dhl,2025-11-24 14:53:05,2025-11-27 17:53:05
5725,8900,dhl,2025-03-10 05:44:07,2025-03-10 17:44:07
5726,8904,dhl,2025-03-03 04:34:36,2025-03-04 01:34:36
5727,8906,fedex,2025-09-15 19:10:27,2025-09-18 01:10:27
5728,8907,usps,2025-11-30 15:47:15,2025-12-01 22:47:15
5729,8909,fedex,2025-08-31 11:58:26,2025-09-02 07:58:26
573,903,usps,2025-04-08 11:12:27,2025-04-10 19:12:27
5730,8910,usps,2025-02-20 05:10:22,2025-02-25 20:10:22
5731,8911,ups,2025-09-27 01:51:17,2025-09-29 15:51:17
5732,8913,ups,2025-04-09 08:11:41,2025-04-10 06:11:41
5733,8916,fedex,2025-11-17 08:19:13,2025-11-20 15:19:13
5734,8919,fedex,2025-08-27 21:29:45,2025-08-30 14:29:45
5735,8920,fedex,2025-11-11 06:40:44,2025-11-14 09:40:44
5736,8921,usps,2025-11-23 03:58:27,2025-11-27 21:58:27
5737,8922,fedex,2025-11-07 13:42:59,2025-11-08 06:42:59
5738,8924,ups,2025-04-20 11:40:18,2025-04-22 09:40:18
5739,8925,ups,2025-09-30 01:51:51,2025-10-05 13:51:51
574,905,usps,2025-05-18 20:25:22,2025-05-22 06:25:22
5740,8926,fedex,2025-05-30 23:00:33,2025-06-03 16:00:33
5741,8927,ups,2025-02-01 21:41:31,2025-02-07 14:41:31
5742,8928,usps,2025-04-11 03:37:55,2025-04-16 01:37:55
5743,8929,ups,2025-10-11 12:51:47,2025-10-13 09:51:47
5744,8930,ups,2025-07-26 07:55:18,2025-07-27 00:55:18
5745,8931,ups,2025-10-08 23:01:48,2025-10-13 17:01:48
5746,8933,ups,2025-11-10 00:25:49,2025-11-12 08:25:49
5747,8934,fedex,2025-08-03 05:39:34,2025-08-04 02:39:34
5748,8937,fedex,2025-11-01 00:20:00,2025-11-02 21:20:00
5749,8938,usps,2025-07-14 18:25:01,2025-07-19 03:25:01
575,908,usps,2025-11-21 01:57:09,2025-11-25 09:57:09
5750,8940,ups,2025-05-09 09:56:17,2025-05-11 13:56:17
5751,8941,ups,2025-06-02 18:27:38,2025-06-04 06:27:38
5752,8943,usps,2025-08-15 00:45:13,\N
5753,8944,usps,2025-04-04 23:49:15,2025-04-06 01:49:15
5754,8946,dhl,2025-02-10 01:07:20,2025-02-12 12:07:20
5755,8947,usps,2025-07-26 11:50:29,2025-07-28 12:50:29
5756,8948,usps,2025-11-28 12:53:23,2025-11-29 02:53:23
5757,8949,fedex,2025-01-24 02:34:12,2025-01-29 12:34:12
5758,8950,dhl,2025-03-23 09:44:23,2025-03-23 16:44:23
5759,8952,ups,2025-03-25 05:51:12,2025-03-28 07:51:12
576,910,fedex,2025-05-19 19:37:20,2025-05-22 13:37:20
5760,8955,fedex,2025-07-17 23:41:58,2025-07-20 19:41:58
5761,8959,fedex,2025-07-04 10:56:25,2025-07-06 11:56:25
5762,8960,dhl,2025-05-10 21:36:16,2025-05-14 15:36:16
5763,8962,ups,2025-08-18 01:53:03,2025-08-18 15:53:03
5764,8964,usps,2025-09-22 00:02:09,\N
5765,8965,ups,2025-04-30 00:15:10,2025-05-04 16:15:10
5766,8968,usps,2025-06-15 23:15:39,2025-06-20 03:15:39
5767,8970,dhl,2025-10-08 11:17:19,2025-10-12 09:17:19
5768,8971,dhl,2025-08-12 12:50:58,2025-08-14 16:50:58
5769,8972,usps,2025-03-11 07:58:05,2025-03-12 10:58:05
577,911,fedex,2025-06-08 10:07:30,2025-06-13 06:07:30
5770,8973,usps,2025-10-30 11:57:54,2025-11-03 06:57:54
5771,8974,ups,2025-03-05 14:35:15,2025-03-10 12:35:15
5772,8976,fedex,2025-07-12 04:52:30,2025-07-14 15:52:30
5773,8977,usps,2025-05-17 04:57:50,2025-05-18 01:57:50
5774,8979,ups,2025-01-09 16:14:39,2025-01-10 09:14:39
5775,8980,usps,2025-04-05 07:39:12,2025-04-07 00:39:12
5776,8981,dhl,2025-09-03 09:56:17,2025-09-08 22:56:17
5777,8984,usps,2025-03-10 05:41:55,2025-03-11 11:41:55
5778,8985,usps,2025-07-28 01:26:34,\N
5779,8986,ups,2025-02-09 23:59:15,2025-02-15 00:59:15
578,912,ups,2025-08-02 10:08:55,2025-08-04 20:08:55
5780,8987,fedex,2025-05-16 18:00:30,2025-05-21 19:00:30
5781,8988,usps,2025-12-03 01:41:31,2025-12-04 11:41:31
5782,8989,usps,2025-07-25 18:35:28,2025-07-29 21:35:28
5783,8990,fedex,2025-11-21 15:43:31,\N
5784,8992,fedex,2025-08-07 21:42:24,2025-08-10 00:42:24
5785,8993,dhl,2025-08-20 12:56:44,2025-08-24 17:56:44
5786,8994,fedex,2025-08-06 00:04:14,2025-08-11 17:04:14
5787,8995,ups,2025-09-09 04:00:57,2025-09-14 07:00:57
5788,8996,dhl,2025-05-18 00:29:09,2025-05-18 21:29:09
5789,8998,ups,2025-07-21 21:52:44,2025-07-26 09:52:44
579,913,fedex,2025-02-06 03:59:24,2025-02-07 02:59:24
5790,8999,usps,2025-05-19 18:20:58,2025-05-24 00:20:58
5791,9001,dhl,2025-12-17 00:02:33,2025-12-20 16:02:33
5792,9002,usps,2025-01-22 21:41:05,2025-01-26 14:41:05
5793,9005,usps,2025-12-12 00:33:05,2025-12-12 09:33:05
5794,9006,ups,2025-07-16 14:24:01,2025-07-21 17:24:01
5795,9007,ups,2025-09-17 18:51:11,2025-09-20 17:51:11
5796,9008,dhl,2025-07-31 05:52:12,2025-08-02 08:52:12
5797,9009,fedex,2025-06-12 22:06:17,2025-06-14 22:06:17
5798,9010,dhl,2025-11-19 23:09:28,2025-11-20 08:09:28
5799,9011,usps,2025-10-03 19:41:43,2025-10-05 09:41:43
58,94,ups,2025-12-01 02:47:36,2025-12-02 03:47:36
580,915,ups,2025-04-30 08:51:50,2025-05-04 00:51:50
5800,9013,ups,2025-08-30 02:25:00,\N
5801,9014,usps,2025-03-19 19:38:13,2025-03-22 13:38:13
5802,9015,usps,2025-08-12 19:48:53,2025-08-16 05:48:53
5803,9016,ups,2025-02-26 00:57:10,2025-03-03 19:57:10
5804,9017,ups,2025-10-02 10:23:42,\N
5805,9019,usps,2025-07-10 22:08:23,2025-07-11 20:08:23
5806,9020,dhl,2025-06-01 17:56:09,\N
5807,9021,usps,2025-12-08 16:10:06,2025-12-10 23:10:06
5808,9022,usps,2025-01-13 10:08:51,2025-01-15 05:08:51
5809,9023,usps,2025-03-20 05:26:12,2025-03-21 04:26:12
581,917,dhl,2025-04-11 19:02:30,\N
5810,9026,fedex,2025-11-26 22:02:51,2025-11-30 20:02:51
5811,9028,fedex,2025-09-01 20:26:20,2025-09-04 02:26:20
5812,9029,fedex,2025-10-24 06:12:49,2025-10-25 13:12:49
5813,9031,ups,2025-04-23 09:14:23,2025-04-24 18:14:23
5814,9032,fedex,2025-12-31 00:36:38,2025-12-31 23:59:59
5815,9033,fedex,2025-06-16 14:19:50,2025-06-17 00:19:50
5816,9034,dhl,2025-02-11 02:23:54,2025-02-12 10:23:54
5817,9035,dhl,2025-05-30 14:19:52,2025-06-03 08:19:52
5818,9036,ups,2025-10-10 01:54:19,\N
5819,9038,fedex,2025-07-28 15:56:48,2025-08-01 21:56:48
582,918,ups,2025-06-05 07:49:53,2025-06-07 17:49:53
5820,9041,dhl,2025-05-29 00:03:42,2025-06-03 07:03:42
5821,9043,fedex,2025-02-08 11:51:11,2025-02-10 06:51:11
5822,9044,fedex,2025-02-05 11:33:33,2025-02-10 10:33:33
5823,9046,fedex,2025-07-13 04:29:42,2025-07-13 10:29:42
5824,9049,dhl,2025-08-07 04:04:52,\N
5825,9050,usps,2025-10-11 15:10:39,2025-10-14 12:10:39
5826,9051,ups,2025-01-26 19:38:59,2025-01-29 17:38:59
5827,9053,dhl,2025-11-27 10:18:40,2025-11-27 23:18:40
5828,9054,fedex,2025-01-19 13:56:33,2025-01-21 16:56:33
5829,9055,fedex,2025-03-25 22:59:40,2025-03-29 12:59:40
583,919,fedex,2025-12-06 04:41:28,2025-12-07 21:41:28
5830,9056,fedex,2025-11-12 15:07:36,2025-11-14 10:07:36
5831,9059,ups,2025-01-12 02:45:57,2025-01-14 00:45:57
5832,9061,fedex,2025-09-17 08:46:48,2025-09-22 08:46:48
5833,9063,usps,2025-06-13 13:16:07,2025-06-19 02:16:07
5834,9065,usps,2025-01-16 00:15:55,2025-01-18 02:15:55
5835,9066,usps,2025-12-22 07:09:25,2025-12-27 02:09:25
5836,9067,dhl,2025-02-06 12:43:40,2025-02-09 05:43:40
5837,9069,usps,2025-01-17 20:39:41,2025-01-22 21:39:41
5838,9070,fedex,2025-05-03 02:34:54,2025-05-06 15:34:54
5839,9072,usps,2025-01-06 08:10:55,2025-01-10 05:10:55
584,921,usps,2025-09-14 17:01:51,2025-09-20 04:01:51
5840,9073,dhl,2025-04-15 17:41:22,2025-04-20 07:41:22
5841,9075,dhl,2025-10-19 00:21:21,\N
5842,9077,usps,2025-07-27 13:28:18,2025-07-28 12:28:18
5843,9083,usps,2025-06-29 10:55:17,2025-07-02 18:55:17
5844,9084,ups,2025-03-11 00:32:40,2025-03-14 04:32:40
5845,9085,dhl,2025-03-27 15:47:11,2025-03-31 04:47:11
5846,9086,dhl,2025-05-07 08:51:46,2025-05-11 14:51:46
5847,9087,ups,2025-06-26 12:36:55,2025-06-27 11:36:55
5848,9088,dhl,2025-03-05 00:51:20,2025-03-08 13:51:20
5849,9091,fedex,2025-07-26 05:12:00,2025-07-30 05:12:00
585,923,dhl,2025-05-06 15:44:06,2025-05-09 01:44:06
5850,9092,ups,2025-03-13 19:09:24,\N
5851,9094,fedex,2025-09-08 22:41:14,2025-09-13 05:41:14
5852,9095,fedex,2025-07-10 09:15:54,2025-07-16 01:15:54
5853,9096,dhl,2025-10-26 14:01:07,2025-10-26 21:01:07
5854,9097,fedex,2025-09-09 06:00:11,2025-09-10 21:00:11
5855,9098,dhl,2025-11-11 14:57:08,2025-11-13 14:57:08
5856,9102,usps,2025-06-24 13:12:22,2025-06-29 13:12:22
5857,9103,fedex,2025-03-13 14:45:04,2025-03-19 02:45:04
5858,9104,fedex,2025-04-26 17:05:39,2025-05-02 11:05:39
5859,9106,ups,2025-12-22 05:26:55,2025-12-28 00:26:55
586,925,ups,2025-05-10 21:00:19,2025-05-13 00:00:19
5860,9107,usps,2025-04-26 00:35:05,2025-04-29 18:35:05
5861,9108,dhl,2025-09-13 21:42:04,2025-09-19 03:42:04
5862,9109,dhl,2025-05-23 08:26:07,2025-05-24 09:26:07
5863,9111,fedex,2025-03-17 04:59:31,2025-03-18 22:59:31
5864,9113,dhl,2025-10-22 18:23:35,2025-10-27 21:23:35
5865,9116,fedex,2025-11-16 01:53:46,\N
5866,9117,fedex,2025-07-21 15:41:34,2025-07-22 14:41:34
5867,9118,ups,2025-03-10 05:55:28,2025-03-15 06:55:28
5868,9119,dhl,2025-08-18 06:31:20,2025-08-21 09:31:20
5869,9120,dhl,2025-12-13 04:58:59,2025-12-14 15:58:59
587,929,ups,2025-03-01 16:29:33,2025-03-05 18:29:33
5870,9122,fedex,2025-10-22 05:34:44,2025-10-22 18:34:44
5871,9123,dhl,2025-04-27 16:56:01,2025-05-03 09:56:01
5872,9124,usps,2025-10-21 16:55:57,2025-10-26 13:55:57
5873,9125,usps,2025-08-02 06:05:48,2025-08-03 10:05:48
5874,9129,dhl,2025-10-07 14:57:02,2025-10-10 09:57:02
5875,9131,fedex,2025-12-13 04:40:29,2025-12-14 08:40:29
5876,9132,usps,2025-08-28 07:15:58,2025-09-01 15:15:58
5877,9133,dhl,2025-02-01 13:24:40,2025-02-06 18:24:40
5878,9134,ups,2025-10-21 17:49:36,2025-10-26 20:49:36
5879,9135,ups,2025-03-08 12:59:53,2025-03-12 06:59:53
588,931,ups,2025-05-12 02:00:19,2025-05-14 03:00:19
5880,9138,ups,2025-12-11 22:41:49,2025-12-12 23:41:49
5881,9139,dhl,2025-08-11 07:55:27,2025-08-15 04:55:27
5882,9140,usps,2025-01-15 18:02:34,2025-01-21 09:02:34
5883,9141,fedex,2025-09-20 08:11:15,2025-09-24 23:11:15
5884,9143,usps,2025-04-20 05:42:53,2025-04-22 20:42:53
5885,9144,ups,2025-06-17 17:35:03,2025-06-19 13:35:03
5886,9145,fedex,2025-05-21 09:48:16,2025-05-24 14:48:16
5887,9147,ups,2025-03-09 11:59:00,2025-03-11 03:59:00
5888,9149,usps,2025-07-18 20:01:41,2025-07-22 18:01:41
5889,9150,usps,2025-02-23 19:33:08,2025-02-28 16:33:08
589,932,fedex,2025-06-12 23:12:15,2025-06-17 13:12:15
5890,9151,usps,2025-06-08 08:40:16,2025-06-10 08:40:16
5891,9154,fedex,2025-12-15 12:19:40,2025-12-18 23:19:40
5892,9155,dhl,2025-08-06 02:19:08,2025-08-10 15:19:08
5893,9156,usps,2025-09-02 14:05:26,2025-09-03 16:05:26
5894,9159,dhl,2025-11-21 18:57:05,2025-11-24 09:57:05
5895,9160,usps,2025-01-17 15:56:49,\N
5896,9163,usps,2025-08-06 20:12:01,2025-08-09 16:12:01
5897,9164,ups,2025-12-08 14:57:44,2025-12-11 23:57:44
5898,9165,dhl,2025-09-04 07:56:01,2025-09-07 21:56:01
5899,9166,usps,2025-04-15 23:07:10,2025-04-17 10:07:10
59,95,usps,2025-05-13 03:56:38,2025-05-16 08:56:38
590,934,usps,2025-02-05 12:29:49,2025-02-08 23:29:49
5900,9167,ups,2025-09-25 17:01:14,2025-10-01 09:01:14
5901,9168,ups,2025-01-30 11:36:57,2025-02-01 13:36:57
5902,9169,fedex,2025-01-26 01:03:48,2025-01-31 00:03:48
5903,9170,dhl,2025-07-24 22:02:53,2025-07-27 09:02:53
5904,9172,ups,2025-08-19 04:56:27,\N
5905,9175,usps,2025-12-30 21:01:27,2025-12-31 23:59:59
5906,9177,usps,2025-03-04 21:36:51,2025-03-07 10:36:51
5907,9178,usps,2025-11-24 14:18:34,2025-11-30 04:18:34
5908,9179,usps,2025-08-13 13:22:49,2025-08-16 00:22:49
5909,9180,usps,2025-06-10 10:16:05,\N
591,937,usps,2025-10-11 17:51:16,2025-10-17 02:51:16
5910,9185,fedex,2025-09-24 22:49:26,2025-09-30 10:49:26
5911,9186,usps,2025-08-17 17:01:11,2025-08-22 06:01:11
5912,9187,dhl,2025-11-22 19:52:48,2025-11-24 18:52:48
5913,9188,dhl,2025-03-16 23:37:18,2025-03-18 22:37:18
5914,9192,dhl,2026-01-01 14:54:52,\N
5915,9193,fedex,2025-09-06 11:20:47,2025-09-10 21:20:47
5916,9194,ups,2025-12-31 07:05:19,2025-12-31 23:59:59
5917,9196,ups,2025-07-10 10:24:46,\N
5918,9197,usps,2025-03-12 01:41:53,2025-03-15 07:41:53
5919,9199,ups,2025-06-08 06:50:12,2025-06-13 17:50:12
592,938,fedex,2025-06-28 08:26:51,2025-06-30 07:26:51
5920,9201,ups,2025-03-03 07:15:26,2025-03-04 22:15:26
5921,9203,ups,2025-03-01 22:52:21,2025-03-03 18:52:21
5922,9206,dhl,2025-11-22 16:14:53,2025-11-27 23:14:53
5923,9207,dhl,2025-05-07 16:28:29,2025-05-11 06:28:29
5924,9208,usps,2025-03-19 18:07:14,2025-03-21 13:07:14
5925,9209,fedex,2025-06-20 07:13:58,\N
5926,9211,ups,2025-03-13 06:49:59,2025-03-17 19:49:59
5927,9212,usps,2025-07-19 14:22:44,2025-07-20 13:22:44
5928,9213,fedex,2025-07-04 08:31:44,2025-07-06 07:31:44
5929,9215,ups,2025-01-31 14:48:26,2025-02-06 08:48:26
593,940,ups,2025-03-25 17:01:03,2025-03-30 23:01:03
5930,9217,usps,2025-02-07 00:47:14,2025-02-10 19:47:14
5931,9218,usps,2025-03-31 04:11:40,2025-04-03 22:11:40
5932,9219,ups,2025-10-31 19:55:08,2025-11-01 02:55:08
5933,9220,ups,2025-12-15 05:01:48,2025-12-18 04:01:48
5934,9222,fedex,2025-02-16 02:27:55,\N
5935,9223,dhl,2025-07-25 04:44:58,2025-07-27 04:44:58
5936,9224,fedex,2025-10-10 13:58:10,2025-10-13 15:58:10
5937,9225,fedex,2025-06-06 13:53:30,2025-06-12 01:53:30
5938,9227,usps,2025-02-04 16:40:09,\N
5939,9228,ups,2025-06-08 05:07:23,2025-06-10 02:07:23
594,941,fedex,2025-06-26 09:30:34,2025-06-26 23:30:34
5940,9229,ups,2025-06-21 23:49:54,2025-06-26 03:49:54
5941,9231,fedex,2025-07-22 14:44:01,2025-07-23 10:44:01
5942,9234,ups,2025-03-01 09:18:02,2025-03-06 16:18:02
5943,9235,ups,2025-06-20 05:54:42,2025-06-23 10:54:42
5944,9236,fedex,2025-06-11 03:12:39,2025-06-14 19:12:39
5945,9238,dhl,2025-04-06 07:16:24,\N
5946,9239,dhl,2025-04-08 23:22:30,2025-04-12 05:22:30
5947,9241,ups,2025-04-05 11:21:45,2025-04-09 12:21:45
5948,9242,fedex,2025-04-21 12:19:59,2025-04-24 15:19:59
5949,9243,ups,2025-02-10 21:44:36,2025-02-12 01:44:36
595,943,dhl,2025-11-15 06:04:45,2025-11-16 14:04:45
5950,9244,ups,2025-11-08 21:48:03,2025-11-12 23:48:03
5951,9245,dhl,2025-12-07 09:52:00,2025-12-09 15:52:00
5952,9246,fedex,2025-03-07 05:32:51,2025-03-10 03:32:51
5953,9248,dhl,2025-04-17 18:28:30,2025-04-21 22:28:30
5954,9249,fedex,2025-05-14 01:55:25,2025-05-15 00:55:25
5955,9251,ups,2025-08-23 02:57:44,2025-08-25 14:57:44
5956,9252,fedex,2025-03-06 01:43:51,\N
5957,9254,fedex,2025-11-03 07:33:38,2025-11-05 21:33:38
5958,9257,fedex,2025-02-11 05:16:01,2025-02-13 18:16:01
5959,9260,fedex,2025-11-30 18:21:32,\N
596,944,fedex,2025-07-16 00:32:07,2025-07-20 11:32:07
5960,9263,fedex,2025-10-01 17:01:41,2025-10-06 02:01:41
5961,9264,usps,2025-06-09 06:18:47,2025-06-10 00:18:47
5962,9265,dhl,2025-11-29 00:44:49,2025-12-03 22:44:49
5963,9266,fedex,2025-12-22 00:54:59,2025-12-22 13:54:59
5964,9268,usps,2025-02-21 17:50:18,2025-02-23 05:50:18
5965,9269,fedex,2025-08-06 10:17:41,2025-08-10 23:17:41
5966,9273,dhl,2025-09-24 22:21:59,2025-09-27 01:21:59
5967,9274,usps,2025-10-17 02:53:02,2025-10-19 21:53:02
5968,9275,usps,2025-08-04 04:41:07,2025-08-06 17:41:07
5969,9276,usps,2025-10-14 02:32:31,2025-10-14 10:32:31
597,945,ups,2025-02-21 04:09:10,2025-02-24 04:09:10
5970,9277,fedex,2025-01-06 16:32:35,\N
5971,9279,usps,2025-10-14 09:52:31,2025-10-14 22:52:31
5972,9280,usps,2025-12-29 08:37:04,2025-12-31 23:59:59
5973,9281,ups,2025-04-08 18:56:22,2025-04-11 14:56:22
5974,9282,ups,2025-02-02 07:26:45,2025-02-03 21:26:45
5975,9283,ups,2025-11-20 11:22:58,2025-11-25 13:22:58
5976,9284,dhl,2025-05-03 18:43:10,2025-05-07 18:43:10
5977,9287,ups,2025-01-21 21:33:05,2025-01-22 07:33:05
5978,9288,ups,2025-10-13 05:24:37,2025-10-14 23:24:37
5979,9289,usps,2025-05-25 06:39:43,2025-05-30 23:39:43
598,946,usps,2025-05-11 09:31:57,\N
5980,9292,dhl,2025-12-08 04:00:34,2025-12-09 12:00:34
5981,9293,dhl,2025-05-29 04:50:06,\N
5982,9294,usps,2025-08-22 14:14:10,2025-08-24 07:14:10
5983,9295,usps,2025-05-17 11:31:21,2025-05-20 12:31:21
5984,9297,fedex,2025-01-14 19:16:05,2025-01-19 01:16:05
5985,9298,fedex,2025-05-18 06:48:05,2025-05-22 19:48:05
5986,9301,fedex,2025-03-18 04:49:57,\N
5987,9305,dhl,2025-05-22 07:52:52,2025-05-25 20:52:52
5988,9306,fedex,2025-01-20 19:34:18,2025-01-22 05:34:18
5989,9308,fedex,2025-05-05 09:45:30,2025-05-05 21:45:30
599,947,fedex,2025-10-10 03:55:17,2025-10-12 20:55:17
5990,9310,ups,2025-02-23 19:17:44,2025-02-27 14:17:44
5991,9311,usps,2025-01-17 01:06:01,2025-01-22 05:06:01
5992,9313,ups,2025-10-12 17:11:48,2025-10-13 05:11:48
5993,9314,ups,2025-12-24 20:28:08,2025-12-28 21:28:08
5994,9316,dhl,2025-02-04 08:25:24,2025-02-08 02:25:24
5995,9318,usps,2025-02-11 02:22:03,2025-02-12 05:22:03
5996,9319,ups,2025-12-18 17:41:52,2025-12-23 12:41:52
5997,9320,ups,2025-11-29 21:00:07,2025-12-03 18:00:07
5998,9321,dhl,2025-06-25 09:58:16,2025-06-25 22:58:16
5999,9323,dhl,2025-09-08 13:49:18,2025-09-10 02:49:18
6,9,usps,2025-01-11 23:37:24,2025-01-14 20:37:24
60,96,usps,2025-06-23 11:09:05,2025-06-25 04:09:05
600,948,fedex,2025-01-05 18:21:54,2025-01-06 21:21:54
6000,9324,fedex,2025-06-30 08:10:23,2025-07-02 23:10:23
6001,9325,fedex,2025-12-23 16:57:33,2025-12-28 16:57:33
6002,9326,ups,2025-01-10 17:04:04,\N
6003,9327,usps,2025-06-20 14:02:05,2025-06-23 18:02:05
6004,9328,usps,2025-04-27 20:29:14,2025-05-03 10:29:14
6005,9330,usps,2025-02-17 09:39:46,2025-02-21 19:39:46
6006,9331,usps,2025-12-14 22:04:52,2025-12-19 21:04:52
6007,9332,ups,2025-12-11 18:06:35,\N
6008,9334,ups,2025-07-25 21:01:12,2025-07-27 21:01:12
6009,9335,ups,2025-09-10 05:06:53,2025-09-13 18:06:53
601,949,usps,2025-12-13 05:20:32,2025-12-17 13:20:32
6010,9336,fedex,2025-12-10 22:29:37,2025-12-12 20:29:37
6011,9338,ups,2025-02-02 03:45:45,2025-02-04 15:45:45
6012,9339,dhl,2025-09-10 08:54:58,2025-09-14 18:54:58
6013,9343,dhl,2025-08-21 04:56:25,2025-08-25 12:56:25
6014,9345,ups,2025-02-23 12:34:43,2025-02-24 13:34:43
6015,9348,usps,2025-08-25 22:56:27,2025-08-29 18:56:27
6016,9350,ups,2025-02-04 21:40:03,2025-02-07 12:40:03
6017,9356,fedex,2025-05-25 01:13:43,2025-05-25 18:13:43
6018,9357,fedex,2025-02-11 00:26:47,\N
6019,9358,fedex,2025-09-07 23:40:16,2025-09-13 04:40:16
602,950,fedex,2025-05-02 17:58:06,2025-05-06 09:58:06
6020,9359,ups,2025-09-17 00:57:57,2025-09-18 15:57:57
6021,9361,fedex,2025-03-11 00:50:18,2025-03-14 04:50:18
6022,9363,ups,2025-09-30 05:48:12,2025-10-05 23:48:12
6023,9364,dhl,2025-05-23 21:47:54,2025-05-24 05:47:54
6024,9365,ups,2025-07-16 12:20:32,2025-07-16 19:20:32
6025,9368,ups,2025-09-05 01:17:04,2025-09-07 15:17:04
6026,9369,fedex,2025-12-02 00:36:56,2025-12-03 00:36:56
6027,9371,usps,2025-02-28 12:14:03,\N
6028,9372,dhl,2025-10-23 02:26:29,2025-10-23 20:26:29
6029,9373,fedex,2025-04-06 11:48:24,2025-04-11 02:48:24
603,951,usps,2025-03-20 06:32:06,2025-03-21 08:32:06
6030,9375,dhl,2025-07-12 16:56:27,2025-07-13 04:56:27
6031,9376,fedex,2025-07-11 10:30:41,2025-07-13 05:30:41
6032,9377,usps,2025-11-12 04:40:03,2025-11-12 17:40:03
6033,9379,usps,2025-02-06 02:28:04,\N
6034,9381,dhl,2025-03-10 01:03:39,2025-03-12 04:03:39
6035,9385,ups,2025-05-17 07:46:33,2025-05-19 17:46:33
6036,9388,dhl,2025-04-12 03:12:39,2025-04-17 18:12:39
6037,9390,ups,2025-09-05 11:03:02,2025-09-09 22:03:02
6038,9391,dhl,2025-07-25 23:45:05,2025-07-28 18:45:05
6039,9393,ups,2025-04-28 22:57:45,2025-04-30 16:57:45
604,952,dhl,2025-03-09 00:43:58,2025-03-09 15:43:58
6040,9394,dhl,2025-08-19 08:18:41,2025-08-25 02:18:41
6041,9397,dhl,2025-06-21 08:45:19,2025-06-26 08:45:19
6042,9398,dhl,2025-05-11 09:17:14,2025-05-12 19:17:14
6043,9399,usps,2025-09-14 13:41:50,2025-09-19 00:41:50
6044,9400,usps,2025-02-12 16:29:46,2025-02-15 17:29:46
6045,9401,usps,2025-12-18 20:15:56,2025-12-20 21:15:56
6046,9403,usps,2025-06-03 06:29:45,2025-06-03 14:29:45
6047,9404,ups,2025-02-20 14:38:51,2025-02-23 09:38:51
6048,9405,ups,2025-08-26 21:05:39,2025-08-31 03:05:39
6049,9407,usps,2025-09-02 06:37:43,2025-09-04 10:37:43
605,953,ups,2025-03-30 16:56:45,2025-03-31 20:56:45
6050,9409,fedex,2025-03-13 22:04:19,2025-03-15 00:04:19
6051,9410,fedex,2025-06-10 23:45:31,2025-06-15 21:45:31
6052,9413,ups,2025-04-10 16:27:55,2025-04-11 19:27:55
6053,9416,usps,2025-04-05 10:31:42,2025-04-07 16:31:42
6054,9417,ups,2025-09-14 00:23:15,2025-09-18 07:23:15
6055,9419,ups,2025-10-01 15:29:15,\N
6056,9420,dhl,2025-11-24 02:59:14,2025-11-28 15:59:14
6057,9422,fedex,2025-03-17 10:48:18,2025-03-18 07:48:18
6058,9425,ups,2025-05-20 17:16:30,2025-05-23 00:16:30
6059,9426,ups,2025-12-18 19:48:21,2025-12-24 00:48:21
606,955,usps,2025-12-20 15:55:34,2025-12-24 14:55:34
6060,9427,usps,2025-08-14 06:12:23,2025-08-18 21:12:23
6061,9428,ups,2025-07-08 20:00:08,2025-07-09 20:00:08
6062,9430,usps,2025-12-12 22:56:50,2025-12-14 07:56:50
6063,9431,ups,2025-11-11 15:30:24,2025-11-14 05:30:24
6064,9432,ups,2025-06-09 22:08:04,2025-06-10 20:08:04
6065,9433,fedex,2025-05-20 19:23:38,2025-05-23 19:23:38
6066,9434,dhl,2025-03-26 07:50:35,\N
6067,9439,ups,2025-09-01 23:12:00,2025-09-07 02:12:00
6068,9441,ups,2025-02-04 01:37:58,2025-02-09 02:37:58
6069,9442,ups,2025-04-17 05:52:09,2025-04-17 11:52:09
607,956,fedex,2025-05-22 07:49:24,\N
6070,9444,dhl,2025-03-26 10:18:49,2025-03-26 17:18:49
6071,9445,fedex,2025-11-10 16:52:00,2025-11-15 16:52:00
6072,9446,dhl,2025-11-23 14:08:19,2025-11-26 05:08:19
6073,9448,dhl,2025-02-01 14:43:40,2025-02-02 03:43:40
6074,9450,usps,2025-11-07 23:52:36,2025-11-12 00:52:36
6075,9452,usps,2025-05-10 15:10:33,2025-05-15 13:10:33
6076,9453,ups,2025-08-24 21:40:16,2025-08-26 00:40:16
6077,9454,fedex,2025-08-28 11:18:46,2025-09-03 01:18:46
6078,9457,ups,2025-10-14 15:29:15,2025-10-18 15:29:15
6079,9458,usps,2025-10-25 15:13:44,2025-10-30 19:13:44
608,957,ups,2025-05-31 11:26:08,2025-06-02 23:26:08
6080,9459,dhl,2025-11-07 06:17:47,2025-11-07 13:17:47
6081,9460,dhl,2025-09-10 12:11:14,2025-09-11 14:11:14
6082,9462,fedex,2025-04-27 10:02:50,2025-04-29 22:02:50
6083,9463,fedex,2025-12-10 23:50:33,2025-12-13 19:50:33
6084,9465,fedex,2025-02-13 11:40:35,2025-02-19 01:40:35
6085,9469,usps,2025-03-24 15:30:38,2025-03-30 00:30:38
6086,9470,dhl,2025-07-12 03:06:19,2025-07-15 22:06:19
6087,9472,usps,2025-05-21 20:46:45,2025-05-24 16:46:45
6088,9473,ups,2025-02-04 03:30:54,2025-02-09 16:30:54
6089,9474,usps,2025-07-31 23:11:38,2025-08-05 02:11:38
609,958,dhl,2025-01-05 11:25:38,2025-01-07 08:25:38
6090,9476,fedex,2025-12-08 05:12:09,2025-12-12 07:12:09
6091,9477,dhl,2025-09-29 22:08:07,2025-10-01 18:08:07
6092,9478,usps,2025-07-16 02:00:55,2025-07-18 23:00:55
6093,9479,usps,2025-02-20 23:04:34,2025-02-23 09:04:34
6094,9482,ups,2025-01-06 13:06:47,\N
6095,9483,ups,2025-06-04 20:18:10,2025-06-06 02:18:10
6096,9484,fedex,2025-09-29 14:17:13,\N
6097,9485,usps,2025-07-17 21:57:41,2025-07-20 19:57:41
6098,9486,dhl,2025-12-13 17:36:22,2025-12-18 18:36:22
6099,9489,fedex,2025-02-22 09:00:23,2025-02-25 21:00:23
61,97,usps,2025-11-08 00:06:57,2025-11-11 14:06:57
610,959,ups,2025-12-27 22:04:07,2025-12-29 07:04:07
6100,9490,fedex,2025-02-10 11:40:57,2025-02-12 16:40:57
6101,9491,fedex,2025-02-16 13:47:41,2025-02-21 10:47:41
6102,9492,dhl,2025-03-10 02:26:04,2025-03-14 22:26:04
6103,9493,fedex,2025-07-07 22:30:16,\N
6104,9497,usps,2025-02-03 21:31:38,2025-02-07 17:31:38
6105,9500,usps,2025-08-05 11:50:47,2025-08-06 00:50:47
6106,9501,ups,2025-07-21 20:11:37,\N
6107,9502,fedex,2025-06-24 19:33:39,2025-06-28 13:33:39
6108,9503,dhl,2025-11-24 02:37:50,2025-11-26 21:37:50
6109,9505,usps,2025-05-01 10:30:12,2025-05-03 12:30:12
611,960,usps,2025-10-22 13:56:40,2025-10-23 02:56:40
6110,9506,dhl,2025-10-30 11:11:41,2025-11-02 06:11:41
6111,9507,ups,2025-07-02 01:18:16,\N
6112,9508,usps,2025-06-17 15:28:39,2025-06-18 14:28:39
6113,9511,fedex,2025-11-17 09:56:26,2025-11-22 11:56:26
6114,9512,dhl,2025-08-15 13:32:17,2025-08-17 12:32:17
6115,9514,fedex,2025-07-14 21:07:06,2025-07-17 04:07:06
6116,9515,ups,2025-10-17 14:31:49,2025-10-21 19:31:49
6117,9516,ups,2025-08-10 22:55:48,2025-08-15 02:55:48
6118,9517,ups,2025-01-30 08:51:18,2025-01-31 12:51:18
6119,9518,fedex,2025-08-31 23:24:37,2025-09-06 06:24:37
612,961,usps,2025-05-17 17:29:38,2025-05-22 16:29:38
6120,9519,ups,2025-09-09 01:21:52,2025-09-09 11:21:52
6121,9520,usps,2025-12-10 08:54:13,2025-12-11 11:54:13
6122,9521,dhl,2025-11-29 16:40:28,2025-12-03 23:40:28
6123,9522,ups,2025-05-05 11:24:23,\N
6124,9523,usps,2025-06-17 21:02:45,2025-06-19 07:02:45
6125,9526,fedex,2025-12-28 11:30:06,2025-12-31 23:59:59
6126,9527,fedex,2025-12-14 09:53:33,2025-12-16 06:53:33
6127,9529,fedex,2025-05-04 03:31:11,2025-05-04 14:31:11
6128,9530,dhl,2025-09-15 04:50:36,2025-09-17 00:50:36
6129,9532,usps,2025-12-01 11:59:30,2025-12-03 06:59:30
613,962,usps,2025-05-21 00:36:16,2025-05-23 00:36:16
6130,9534,dhl,2025-02-04 03:53:49,\N
6131,9535,dhl,2026-01-01 03:52:32,2025-12-31 23:59:59
6132,9539,usps,2025-09-22 06:04:22,2025-09-23 13:04:22
6133,9540,dhl,2025-03-31 05:43:04,2025-04-02 13:43:04
6134,9542,dhl,2025-11-13 12:20:50,2025-11-18 01:20:50
6135,9543,usps,2025-01-29 23:51:02,2025-01-30 07:51:02
6136,9545,dhl,2025-07-16 03:51:55,2025-07-20 00:51:55
6137,9546,dhl,2025-09-10 14:52:04,2025-09-11 18:52:04
6138,9547,fedex,2025-03-07 23:56:53,2025-03-09 23:56:53
6139,9548,fedex,2025-12-16 00:38:44,2025-12-21 09:38:44
614,964,fedex,2025-06-02 18:35:09,2025-06-03 15:35:09
6140,9549,usps,2025-08-12 11:48:33,2025-08-14 05:48:33
6141,9550,dhl,2025-05-15 14:59:57,2025-05-20 05:59:57
6142,9551,usps,2025-03-30 06:14:16,2025-04-02 00:14:16
6143,9553,usps,2025-09-05 02:48:49,2025-09-06 06:48:49
6144,9554,fedex,2025-04-17 01:35:40,2025-04-19 01:35:40
6145,9556,fedex,2025-03-23 17:26:58,2025-03-24 16:26:58
6146,9560,fedex,2025-12-06 12:52:21,2025-12-10 05:52:21
6147,9561,dhl,2025-11-23 03:24:33,2025-11-26 21:24:33
6148,9563,dhl,2025-08-01 09:31:39,2025-08-04 20:31:39
6149,9566,dhl,2025-05-21 15:52:43,2025-05-23 12:52:43
615,965,dhl,2025-04-14 02:14:48,2025-04-18 01:14:48
6150,9568,dhl,2025-08-16 05:23:44,2025-08-20 23:23:44
6151,9569,ups,2025-02-11 18:01:22,2025-02-15 21:01:22
6152,9570,fedex,2025-10-29 08:34:20,2025-11-02 20:34:20
6153,9572,dhl,2025-05-13 21:54:37,2025-05-15 18:54:37
6154,9573,ups,2025-10-04 20:06:38,2025-10-10 12:06:38
6155,9575,fedex,2025-02-07 01:14:41,2025-02-10 00:14:41
6156,9576,usps,2025-11-07 11:53:54,2025-11-09 15:53:54
6157,9581,dhl,2025-01-26 02:18:50,\N
6158,9583,fedex,2025-07-15 19:08:43,2025-07-20 14:08:43
6159,9585,dhl,2025-10-21 14:37:52,2025-10-26 08:37:52
616,966,dhl,2025-09-06 06:00:19,2025-09-10 02:00:19
6160,9587,fedex,2025-10-15 09:00:00,2025-10-17 14:00:00
6161,9588,fedex,2025-08-22 04:08:01,\N
6162,9590,ups,2025-04-20 21:49:01,\N
6163,9592,ups,2025-12-10 14:12:00,2025-12-15 10:12:00
6164,9593,ups,2025-09-15 02:50:52,2025-09-17 08:50:52
6165,9594,fedex,2025-06-22 16:58:08,2025-06-27 05:58:08
6166,9595,ups,2025-12-06 03:52:22,2025-12-11 14:52:22
6167,9596,fedex,2025-01-15 12:10:47,2025-01-17 17:10:47
6168,9597,ups,2025-12-17 19:09:09,2025-12-23 11:09:09
6169,9598,ups,2025-12-01 20:55:58,2025-12-07 10:55:58
617,968,usps,2025-06-01 13:17:15,\N
6170,9599,dhl,2025-07-27 07:06:10,2025-07-31 03:06:10
6171,9600,fedex,2025-04-17 10:25:57,2025-04-18 13:25:57
6172,9605,fedex,2025-04-13 14:57:08,2025-04-18 07:57:08
6173,9606,dhl,2025-08-02 19:15:25,2025-08-07 13:15:25
6174,9607,ups,2025-12-31 19:57:01,2025-12-31 23:59:59
6175,9608,ups,2025-04-01 23:47:27,\N
6176,9609,fedex,2025-12-16 01:29:19,2025-12-21 20:29:19
6177,9610,ups,2025-06-08 14:31:38,2025-06-11 00:31:38
6178,9612,ups,2025-11-11 05:42:21,2025-11-16 06:42:21
6179,9613,usps,2025-03-29 08:46:16,2025-04-02 11:46:16
618,969,usps,2025-08-13 01:51:28,2025-08-13 09:51:28
6180,9615,ups,2025-11-17 23:25:35,2025-11-21 06:25:35
6181,9616,fedex,2025-06-16 05:54:30,2025-06-16 13:54:30
6182,9617,ups,2025-08-12 23:18:38,2025-08-16 18:18:38
6183,9619,dhl,2025-07-20 03:36:36,2025-07-23 12:36:36
6184,9620,dhl,2025-07-31 19:10:49,2025-08-01 18:10:49
6185,9621,dhl,2025-02-28 19:48:46,2025-03-05 18:48:46
6186,9622,ups,2025-06-17 23:38:56,2025-06-22 15:38:56
6187,9623,usps,2025-05-21 04:20:18,2025-05-22 20:20:18
6188,9624,fedex,2025-04-30 21:10:07,2025-05-04 03:10:07
6189,9626,dhl,2025-03-10 06:11:57,2025-03-13 09:11:57
619,971,ups,2025-02-23 11:08:21,2025-02-25 02:08:21
6190,9627,fedex,2025-02-15 12:13:54,2025-02-20 02:13:54
6191,9629,dhl,2025-04-18 16:07:19,2025-04-23 21:07:19
6192,9631,usps,2025-03-24 17:10:41,2025-03-29 23:10:41
6193,9632,usps,2025-02-14 18:46:58,2025-02-19 06:46:58
6194,9633,fedex,2025-09-09 10:54:15,2025-09-10 00:54:15
6195,9636,usps,2025-04-09 22:20:07,\N
6196,9637,fedex,2025-06-21 04:34:24,2025-06-22 18:34:24
6197,9639,fedex,2025-10-23 21:39:09,2025-10-29 08:39:09
6198,9641,ups,2025-05-15 13:11:15,2025-05-18 02:11:15
6199,9642,fedex,2025-09-18 02:09:53,2025-09-21 00:09:53
62,98,usps,2025-05-16 17:13:12,2025-05-22 05:13:12
620,972,fedex,2025-12-23 15:39:42,2025-12-25 06:39:42
6200,9643,ups,2025-11-11 15:02:08,2025-11-14 06:02:08
6201,9645,dhl,2025-02-27 19:57:26,2025-03-05 02:57:26
6202,9646,ups,2025-06-02 23:35:32,2025-06-04 22:35:32
6203,9648,ups,2025-07-26 03:15:45,2025-07-31 20:15:45
6204,9649,usps,2025-09-20 13:48:49,2025-09-22 14:48:49
6205,9652,ups,2025-11-10 09:31:18,2025-11-14 20:31:18
6206,9654,dhl,2025-12-18 08:05:51,2025-12-23 20:05:51
6207,9656,ups,2025-02-25 19:45:48,2025-03-01 02:45:48
6208,9657,fedex,2025-05-06 14:45:15,2025-05-12 02:45:15
6209,9659,ups,2025-12-31 21:20:39,2025-12-31 23:59:59
621,975,usps,2025-11-26 09:04:53,2025-11-26 18:04:53
6210,9660,ups,2025-10-19 22:39:07,2025-10-22 21:39:07
6211,9661,usps,2025-06-26 00:43:54,2025-06-27 17:43:54
6212,9662,usps,2025-03-20 05:58:19,2025-03-23 00:58:19
6213,9663,ups,2025-06-18 10:18:39,\N
6214,9664,ups,2025-04-17 00:32:15,2025-04-21 23:32:15
6215,9665,dhl,2025-12-17 14:44:55,2025-12-22 01:44:55
6216,9666,fedex,2025-09-27 19:26:39,2025-09-28 22:26:39
6217,9667,ups,2025-05-21 06:13:52,2025-05-26 07:13:52
6218,9668,ups,2025-08-21 15:04:44,2025-08-27 00:04:44
6219,9672,usps,2025-11-02 09:08:19,2025-11-05 07:08:19
622,976,fedex,2025-11-25 23:49:40,\N
6220,9674,ups,2025-06-27 06:24:55,2025-07-01 18:24:55
6221,9676,usps,2025-09-10 15:59:36,2025-09-13 13:59:36
6222,9678,ups,2025-02-11 05:49:23,2025-02-15 08:49:23
6223,9680,ups,2025-03-13 12:54:09,2025-03-16 06:54:09
6224,9682,fedex,2025-08-26 14:19:55,2025-09-01 09:19:55
6225,9684,dhl,2025-12-03 04:03:20,2025-12-04 05:03:20
6226,9685,usps,2025-01-18 12:52:40,\N
6227,9687,dhl,2025-10-18 09:55:21,2025-10-20 17:55:21
6228,9689,usps,2025-06-28 14:26:30,2025-07-01 20:26:30
6229,9690,dhl,2025-07-18 05:12:41,2025-07-20 14:12:41
623,977,dhl,2025-05-13 11:30:22,2025-05-17 12:30:22
6230,9691,ups,2025-09-08 21:23:34,2025-09-10 07:23:34
6231,9692,ups,2025-09-01 04:26:28,2025-09-04 09:26:28
6232,9693,dhl,2025-05-30 12:48:10,2025-06-04 02:48:10
6233,9694,dhl,2025-05-20 07:14:03,2025-05-22 06:14:03
6234,9695,ups,2025-04-11 15:35:29,\N
6235,9696,ups,2025-05-19 20:35:45,2025-05-23 06:35:45
6236,9697,dhl,2025-10-04 20:15:13,2025-10-07 03:15:13
6237,9699,usps,2025-09-30 23:15:30,2025-10-06 02:15:30
6238,9700,usps,2025-05-30 10:53:08,2025-05-30 18:53:08
6239,9701,ups,2025-03-06 08:53:35,2025-03-09 01:53:35
624,978,fedex,2025-12-20 02:23:13,2025-12-24 00:23:13
6240,9702,dhl,2025-05-07 06:39:31,2025-05-09 02:39:31
6241,9707,dhl,2025-07-25 18:42:36,2025-07-26 09:42:36
6242,9708,dhl,2025-11-11 10:46:11,2025-11-16 02:46:11
6243,9709,ups,2025-04-12 22:13:22,2025-04-18 09:13:22
6244,9711,dhl,2025-09-27 14:47:08,2025-09-29 18:47:08
6245,9712,usps,2025-06-06 12:47:41,2025-06-09 08:47:41
6246,9713,dhl,2025-02-19 20:32:05,2025-02-20 08:32:05
6247,9716,fedex,2025-10-22 11:30:34,2025-10-24 03:30:34
6248,9717,dhl,2025-09-06 03:07:35,2025-09-08 11:07:35
6249,9718,fedex,2025-04-24 12:33:22,2025-04-30 03:33:22
625,979,fedex,2025-06-01 23:01:03,2025-06-06 08:01:03
6250,9719,ups,2025-06-01 21:19:13,2025-06-04 19:19:13
6251,9721,usps,2025-11-02 20:00:43,2025-11-05 18:00:43
6252,9722,usps,2025-06-20 07:01:28,2025-06-24 12:01:28
6253,9726,dhl,2025-12-15 03:00:16,2025-12-20 21:00:16
6254,9728,dhl,2025-04-25 20:26:55,2025-05-01 05:26:55
6255,9730,fedex,2025-04-29 01:10:29,\N
6256,9731,ups,2025-07-23 00:45:35,2025-07-26 11:45:35
6257,9733,usps,2025-07-14 22:30:43,2025-07-16 11:30:43
6258,9734,usps,2025-04-03 10:37:29,2025-04-04 15:37:29
6259,9735,usps,2025-02-16 08:26:29,2025-02-19 17:26:29
626,981,usps,2025-09-11 14:47:27,\N
6260,9736,dhl,2025-08-08 19:18:31,2025-08-12 05:18:31
6261,9737,usps,2025-05-11 12:31:15,2025-05-13 20:31:15
6262,9738,fedex,2025-11-08 12:44:49,\N
6263,9740,dhl,2025-09-02 06:37:53,2025-09-04 02:37:53
6264,9741,usps,2025-02-08 02:30:49,2025-02-13 14:30:49
6265,9742,fedex,2025-06-19 08:24:39,\N
6266,9743,dhl,2025-03-10 08:13:46,2025-03-12 01:13:46
6267,9744,usps,2025-08-04 15:06:15,2025-08-07 03:06:15
6268,9745,fedex,2025-01-18 00:01:07,2025-01-19 14:01:07
6269,9746,fedex,2025-08-24 13:02:34,\N
627,982,usps,2025-03-22 10:41:06,\N
6270,9747,dhl,2025-05-04 01:47:34,2025-05-06 14:47:34
6271,9748,usps,2025-12-06 10:34:30,2025-12-08 18:34:30
6272,9751,dhl,2025-06-26 15:13:23,2025-06-30 19:13:23
6273,9752,ups,2025-10-25 16:51:48,2025-10-26 11:51:48
6274,9753,fedex,2025-02-23 10:21:15,2025-02-26 02:21:15
6275,9756,usps,2025-12-11 02:08:19,2025-12-15 09:08:19
6276,9757,ups,2025-10-21 10:22:31,2025-10-25 02:22:31
6277,9758,fedex,2025-04-27 14:05:54,2025-04-30 05:05:54
6278,9761,fedex,2025-11-17 20:53:42,2025-11-23 12:53:42
6279,9764,fedex,2025-02-07 18:13:46,2025-02-10 20:13:46
628,983,usps,2025-05-01 14:09:17,2025-05-03 02:09:17
6280,9765,ups,2025-11-07 16:00:53,2025-11-09 10:00:53
6281,9766,dhl,2025-03-09 20:13:50,2025-03-10 06:13:50
6282,9767,usps,2025-06-14 03:02:50,2025-06-18 17:02:50
6283,9769,ups,2025-08-15 20:26:08,2025-08-18 02:26:08
6284,9770,dhl,2025-06-06 05:41:46,2025-06-07 09:41:46
6285,9771,ups,2025-06-04 14:23:05,2025-06-08 07:23:05
6286,9773,dhl,2025-08-15 10:55:52,2025-08-19 18:55:52
6287,9774,usps,2025-08-12 01:53:32,2025-08-17 04:53:32
6288,9775,usps,2025-02-05 04:22:01,2025-02-10 12:22:01
6289,9776,ups,2025-02-10 06:38:57,2025-02-14 21:38:57
629,984,dhl,2025-01-08 16:15:58,2025-01-13 21:15:58
6290,9777,dhl,2025-03-19 02:37:59,2025-03-23 02:37:59
6291,9778,usps,2025-11-13 10:35:43,2025-11-15 17:35:43
6292,9779,dhl,2025-12-04 11:22:52,2025-12-08 14:22:52
6293,9780,ups,2025-12-11 04:13:59,2025-12-13 23:13:59
6294,9781,fedex,2025-06-04 00:09:31,2025-06-08 04:09:31
6295,9783,fedex,2025-12-01 21:19:16,2025-12-04 06:19:16
6296,9785,usps,2025-06-18 20:07:17,2025-06-20 11:07:17
6297,9788,dhl,2025-11-20 06:47:10,2025-11-21 10:47:10
6298,9789,ups,2025-10-08 13:58:43,2025-10-12 05:58:43
6299,9791,usps,2025-11-17 06:38:56,2025-11-21 06:38:56
63,101,ups,2025-03-24 10:42:58,2025-03-26 15:42:58
630,985,fedex,2025-03-01 01:38:15,2025-03-05 09:38:15
6300,9792,fedex,2025-06-27 02:39:13,2025-06-28 20:39:13
6301,9794,dhl,2025-04-01 11:19:16,2025-04-02 06:19:16
6302,9797,dhl,2025-12-20 04:36:48,2025-12-25 06:36:48
6303,9798,fedex,2025-04-04 10:38:25,2025-04-08 23:38:25
6304,9799,usps,2025-10-09 01:47:55,2025-10-13 04:47:55
6305,9801,usps,2025-12-01 07:09:38,2025-12-01 18:09:38
6306,9802,usps,2025-11-10 03:23:48,2025-11-10 18:23:48
6307,9803,fedex,2025-08-06 02:44:14,2025-08-08 07:44:14
6308,9805,fedex,2026-01-02 19:32:40,2025-12-31 23:59:59
6309,9806,dhl,2025-04-23 20:40:15,2025-04-25 06:40:15
631,987,dhl,2025-10-27 04:14:16,2025-10-28 03:14:16
6310,9807,fedex,2025-05-26 23:28:05,2025-05-29 17:28:05
6311,9808,ups,2025-01-31 22:01:33,2025-02-06 12:01:33
6312,9812,usps,2025-12-11 14:25:01,2025-12-15 14:25:01
6313,9814,dhl,2025-12-04 16:15:30,2025-12-05 21:15:30
6314,9815,dhl,2025-01-03 14:01:41,2025-01-04 03:01:41
6315,9817,ups,2025-06-14 10:45:42,2025-06-14 16:45:42
6316,9821,usps,2025-06-17 22:58:39,2025-06-23 02:58:39
6317,9822,fedex,2025-12-03 17:12:29,2025-12-05 22:12:29
6318,9824,usps,2025-02-27 11:56:01,2025-02-28 14:56:01
6319,9825,usps,2025-03-27 04:15:31,2025-04-01 00:15:31
632,989,usps,2025-07-19 04:51:20,2025-07-24 16:51:20
6320,9826,ups,2025-07-27 10:25:42,2025-07-30 04:25:42
6321,9827,ups,2025-08-11 13:52:09,2025-08-15 10:52:09
6322,9831,usps,2025-05-01 15:06:57,2025-05-05 16:06:57
6323,9833,dhl,2025-05-01 22:46:19,\N
6324,9834,ups,2025-07-27 20:11:17,2025-08-01 01:11:17
6325,9836,ups,2025-01-05 13:41:00,2025-01-10 22:41:00
6326,9838,ups,2025-08-19 15:00:12,2025-08-25 07:00:12
6327,9839,ups,2025-05-19 11:18:09,2025-05-25 06:18:09
6328,9840,dhl,2025-01-27 00:39:12,2025-01-31 19:39:12
6329,9841,fedex,2025-09-17 01:01:14,2025-09-19 10:01:14
633,990,ups,2025-06-25 16:58:31,2025-06-27 22:58:31
6330,9842,fedex,2025-02-11 05:34:25,2025-02-11 19:34:25
6331,9843,dhl,2025-07-05 05:23:16,2025-07-10 18:23:16
6332,9844,fedex,2025-01-12 23:42:25,2025-01-14 01:42:25
6333,9845,usps,2025-06-10 18:44:01,2025-06-14 13:44:01
6334,9846,dhl,2025-08-20 03:10:52,2025-08-21 00:10:52
6335,9848,dhl,2025-09-12 20:31:15,2025-09-13 12:31:15
6336,9849,usps,2025-02-24 18:53:17,2025-03-02 10:53:17
6337,9850,usps,2025-11-25 02:36:58,2025-11-27 13:36:58
6338,9851,usps,2025-10-07 02:14:45,2025-10-09 06:14:45
6339,9852,dhl,2025-08-10 13:24:32,2025-08-11 09:24:32
634,992,usps,2025-02-27 23:40:24,2025-03-01 12:40:24
6340,9854,ups,2025-12-26 06:14:07,2025-12-26 21:14:07
6341,9855,dhl,2025-07-25 10:36:15,2025-07-25 21:36:15
6342,9856,usps,2025-04-26 16:55:04,2025-04-30 01:55:04
6343,9858,ups,2025-07-09 09:23:24,2025-07-12 14:23:24
6344,9860,dhl,2025-05-27 12:36:13,2025-05-28 06:36:13
6345,9861,ups,2025-01-30 10:59:59,2025-02-01 08:59:59
6346,9864,fedex,2025-09-24 05:15:21,2025-09-25 18:15:21
6347,9865,usps,2025-10-06 18:54:15,2025-10-11 04:54:15
6348,9866,usps,2025-03-10 08:45:57,2025-03-12 02:45:57
6349,9867,usps,2025-02-23 04:07:16,2025-02-27 21:07:16
635,994,usps,2025-11-14 08:26:51,2025-11-19 19:26:51
6350,9868,usps,2025-07-22 06:15:35,2025-07-27 17:15:35
6351,9870,ups,2025-09-23 03:56:35,2025-09-27 15:56:35
6352,9871,usps,2025-07-30 00:59:21,\N
6353,9873,ups,2025-08-27 18:19:36,2025-08-31 19:19:36
6354,9874,fedex,2025-03-08 19:46:16,2025-03-12 11:46:16
6355,9875,dhl,2025-09-03 03:16:33,2025-09-04 05:16:33
6356,9876,dhl,2025-02-01 15:04:28,2025-02-04 21:04:28
6357,9877,usps,2025-01-15 17:16:48,2025-01-20 14:16:48
6358,9880,ups,2025-06-05 11:22:08,2025-06-10 02:22:08
6359,9883,dhl,2025-11-20 07:28:16,2025-11-22 06:28:16
636,996,dhl,2025-04-23 19:29:00,2025-04-28 03:29:00
6360,9887,dhl,2025-11-11 23:23:43,2025-11-13 03:23:43
6361,9890,ups,2025-04-26 12:53:22,2025-04-27 05:53:22
6362,9891,ups,2025-10-22 19:13:23,2025-10-28 05:13:23
6363,9892,dhl,2025-11-26 02:45:25,2025-11-28 06:45:25
6364,9893,ups,2025-05-15 14:41:42,2025-05-19 05:41:42
6365,9894,usps,2025-07-16 10:18:27,2025-07-20 07:18:27
6366,9897,dhl,2025-11-29 18:55:35,2025-12-01 04:55:35
6367,9898,dhl,2025-11-28 18:45:18,2025-12-02 05:45:18
6368,9899,ups,2025-08-18 02:12:59,2025-08-21 05:12:59
6369,9900,ups,2025-12-28 17:45:22,2025-12-31 23:59:59
637,998,dhl,2025-02-19 13:16:35,2025-02-23 15:16:35
6370,9901,fedex,2025-12-29 12:21:17,2025-12-31 11:21:17
6371,9902,fedex,2025-08-25 20:24:54,2025-08-28 16:24:54
6372,9903,usps,2025-09-14 15:10:15,2025-09-20 04:10:15
6373,9904,usps,2025-08-07 18:48:15,2025-08-13 13:48:15
6374,9905,usps,2025-10-09 10:12:00,2025-10-14 15:12:00
6375,9906,dhl,2025-12-13 21:36:22,2025-12-19 05:36:22
6376,9909,dhl,2025-06-07 08:41:32,2025-06-08 02:41:32
6377,9910,dhl,2025-05-12 02:46:21,2025-05-13 10:46:21
6378,9912,ups,2025-09-06 05:50:36,2025-09-09 05:50:36
6379,9916,usps,2025-03-13 13:53:44,2025-03-18 06:53:44
638,999,fedex,2025-09-16 16:41:12,2025-09-19 17:41:12
6380,9918,fedex,2025-03-20 08:46:41,2025-03-24 16:46:41
6381,9919,fedex,2025-06-29 08:16:38,2025-07-01 04:16:38
6382,9920,ups,2025-09-19 00:54:21,2025-09-23 00:54:21
6383,9922,fedex,2025-08-27 06:07:08,2025-08-31 13:07:08
6384,9923,fedex,2025-12-29 06:41:24,2025-12-30 17:41:24
6385,9924,ups,2025-05-11 00:51:40,2025-05-12 08:51:40
6386,9926,fedex,2025-03-20 14:59:09,2025-03-21 08:59:09
6387,9929,dhl,2025-11-05 07:35:23,2025-11-09 21:35:23
6388,9930,dhl,2025-10-31 10:49:03,2025-11-05 03:49:03
6389,9931,usps,2025-08-03 05:39:04,2025-08-07 13:39:04
639,1000,ups,2025-11-13 10:32:22,2025-11-16 08:32:22
6390,9932,dhl,2025-05-17 16:56:55,2025-05-21 11:56:55
6391,9934,ups,2025-01-29 17:28:45,2025-01-31 22:28:45
6392,9935,ups,2025-04-13 13:17:56,2025-04-17 16:17:56
6393,9936,ups,2025-08-01 05:23:19,2025-08-04 09:23:19
6394,9937,fedex,2025-03-21 12:57:21,2025-03-24 06:57:21
6395,9938,dhl,2025-10-09 17:02:20,2025-10-11 17:02:20
6396,9941,dhl,2025-04-14 07:20:24,2025-04-19 23:20:24
6397,9943,fedex,2025-10-08 01:22:52,2025-10-08 19:22:52
6398,9945,fedex,2026-01-01 10:39:28,2025-12-31 23:59:59
6399,9947,dhl,2025-08-11 20:27:03,2025-08-16 10:27:03
64,103,dhl,2025-08-02 11:53:48,2025-08-03 23:53:48
640,1001,dhl,2025-10-11 17:30:32,2025-10-14 14:30:32
6400,9949,ups,2025-12-05 12:30:21,2025-12-10 02:30:21
6401,9952,dhl,2025-09-05 20:09:42,2025-09-11 11:09:42
6402,9954,fedex,2025-02-25 00:12:17,2025-02-25 12:12:17
6403,9955,usps,2025-01-10 16:33:41,2025-01-13 15:33:41
6404,9958,dhl,2025-03-27 12:26:14,2025-03-31 20:26:14
6405,9960,ups,2025-08-26 23:42:46,2025-08-31 14:42:46
6406,9962,ups,2025-02-22 11:00:47,2025-02-24 02:00:47
6407,9964,fedex,2025-10-16 06:03:19,2025-10-20 23:03:19
6408,9966,usps,2025-08-13 08:19:17,2025-08-14 14:19:17
6409,9967,ups,2025-05-12 10:05:45,2025-05-18 05:05:45
641,1002,ups,2025-12-25 09:02:02,2025-12-28 22:02:02
6410,9968,fedex,2025-04-03 21:18:49,2025-04-05 01:18:49
6411,9971,dhl,2025-10-17 04:40:13,2025-10-18 01:40:13
6412,9972,fedex,2025-12-06 12:22:50,2025-12-08 19:22:50
6413,9973,usps,2025-06-24 19:51:31,2025-06-26 02:51:31
6414,9974,ups,2025-10-09 21:29:58,2025-10-13 12:29:58
6415,9975,usps,2025-08-08 02:31:20,2025-08-13 03:31:20
6416,9976,dhl,2025-07-18 07:35:37,2025-07-23 04:35:37
6417,9977,usps,2025-02-01 22:01:28,2025-02-03 09:01:28
6418,9978,ups,2025-09-10 12:02:14,2025-09-14 09:02:14
6419,9979,ups,2025-12-27 13:24:57,2025-12-31 23:59:59
642,1003,fedex,2025-08-23 01:32:13,2025-08-25 08:32:13
6420,9980,usps,2025-03-22 04:27:31,2025-03-25 09:27:31
6421,9981,ups,2025-11-13 22:39:47,2025-11-17 21:39:47
6422,9983,fedex,2025-06-19 04:01:58,2025-06-23 22:01:58
6423,9984,usps,2025-06-03 06:49:43,2025-06-08 19:49:43
6424,9985,fedex,2025-08-31 23:35:06,2025-09-02 04:35:06
6425,9988,usps,2025-02-07 08:09:17,2025-02-13 00:09:17
6426,9990,fedex,2025-02-05 19:04:57,2025-02-10 04:04:57
6427,9991,dhl,2025-06-14 12:44:31,2025-06-18 17:44:31
6428,9992,fedex,2025-05-25 16:54:03,2025-05-27 22:54:03
6429,9996,ups,2025-10-10 21:29:53,2025-10-15 19:29:53
643,1004,usps,2025-01-09 00:02:19,2025-01-12 12:02:19
6430,10000,fedex,2025-10-09 14:44:58,2025-10-13 22:44:58
6431,10002,fedex,2025-12-22 17:47:57,2025-12-26 15:47:57
6432,10004,usps,2025-11-25 15:37:56,2025-11-30 22:37:56
6433,10005,usps,2025-12-21 10:07:38,2025-12-24 18:07:38
6434,10007,usps,2025-04-23 05:25:31,2025-04-24 16:25:31
6435,10008,usps,2025-10-23 08:16:09,2025-10-27 02:16:09
6436,10009,ups,2025-03-28 08:19:40,2025-04-02 20:19:40
6437,10010,usps,2025-11-26 11:44:59,\N
6438,10011,fedex,2025-06-02 15:33:12,2025-06-02 22:33:12
6439,10014,fedex,2025-11-08 02:12:34,2025-11-11 09:12:34
644,1005,usps,2025-06-11 18:37:31,2025-06-12 04:37:31
6440,10015,fedex,2025-02-04 02:09:52,2025-02-08 21:09:52
6441,10016,fedex,2025-06-30 07:43:46,2025-06-30 20:43:46
6442,10019,usps,2025-06-27 16:23:03,2025-07-02 06:23:03
6443,10020,ups,2025-07-17 16:42:08,2025-07-20 10:42:08
6444,10021,fedex,2025-09-28 08:32:34,2025-10-01 04:32:34
6445,10022,usps,2025-07-28 20:02:47,2025-07-30 07:02:47
6446,10023,ups,2025-04-02 19:45:17,2025-04-03 06:45:17
6447,10024,ups,2025-10-07 16:12:26,2025-10-13 09:12:26
6448,10026,dhl,2025-10-01 17:49:25,2025-10-03 03:49:25
6449,10028,usps,2025-08-31 06:32:04,2025-09-01 02:32:04
645,1006,fedex,2025-08-13 12:11:11,2025-08-18 10:11:11
6450,10030,ups,2025-02-02 07:03:13,\N
6451,10032,usps,2025-09-24 22:47:46,2025-09-29 13:47:46
6452,10033,dhl,2025-06-21 23:42:30,2025-06-25 04:42:30
6453,10034,ups,2025-02-09 03:34:58,2025-02-11 12:34:58
6454,10035,usps,2025-09-09 04:46:50,2025-09-12 14:46:50
6455,10036,fedex,2025-04-23 12:47:23,\N
6456,10039,usps,2025-12-31 11:02:46,2025-12-31 23:59:59
6457,10041,dhl,2025-10-26 04:26:21,\N
6458,10042,dhl,2025-12-24 11:00:31,2025-12-30 00:00:31
6459,10044,dhl,2025-07-12 12:12:46,2025-07-14 11:12:46
646,1007,dhl,2025-08-31 18:00:43,2025-09-02 00:00:43
6460,10047,ups,2025-11-09 21:27:25,2025-11-12 11:27:25
6461,10048,dhl,2025-03-21 18:25:33,2025-03-25 06:25:33
6462,10050,ups,2025-01-26 09:12:37,2025-01-27 21:12:37
6463,10051,ups,2025-09-10 11:10:53,2025-09-12 15:10:53
6464,10052,ups,2025-07-02 19:39:08,2025-07-05 08:39:08
6465,10053,dhl,2025-11-29 12:00:50,2025-11-30 03:00:50
6466,10054,fedex,2025-11-08 19:45:08,2025-11-10 14:45:08
6467,10056,usps,2025-09-09 19:52:18,2025-09-13 13:52:18
6468,10057,fedex,2025-11-27 13:10:05,2025-11-28 16:10:05
6469,10058,fedex,2025-03-15 02:21:20,2025-03-16 00:21:20
647,1009,dhl,2025-06-14 02:37:30,2025-06-19 14:37:30
6470,10059,dhl,2025-09-08 12:06:30,\N
6471,10061,usps,2025-02-23 00:22:46,2025-02-28 14:22:46
6472,10063,dhl,2025-01-12 11:12:04,2025-01-16 01:12:04
6473,10064,fedex,2025-04-16 17:23:38,2025-04-18 17:23:38
6474,10065,usps,2025-07-28 14:27:05,2025-07-29 12:27:05
6475,10067,usps,2025-05-24 23:40:55,2025-05-30 12:40:55
6476,10071,usps,2025-04-18 05:54:11,2025-04-23 00:54:11
6477,10072,dhl,2025-01-07 17:39:06,2025-01-12 00:39:06
6478,10074,ups,2025-03-10 04:05:13,2025-03-12 01:05:13
6479,10075,ups,2025-02-18 18:59:42,2025-02-22 01:59:42
648,1010,usps,2025-06-04 07:37:31,2025-06-09 06:37:31
6480,10076,usps,2025-01-24 02:22:12,2025-01-27 09:22:12
6481,10077,usps,2025-08-13 10:16:47,2025-08-16 20:16:47
6482,10079,fedex,2025-07-27 11:52:28,2025-08-01 01:52:28
6483,10080,fedex,2025-05-24 04:14:08,2025-05-29 14:14:08
6484,10081,fedex,2025-08-13 20:53:35,2025-08-17 08:53:35
6485,10082,ups,2025-07-09 12:03:44,2025-07-15 00:03:44
6486,10084,ups,2025-07-22 04:54:26,\N
6487,10085,fedex,2025-08-03 08:06:47,2025-08-08 12:06:47
6488,10087,dhl,2025-09-01 12:46:53,2025-09-03 23:46:53
6489,10089,fedex,2025-12-16 16:42:44,2025-12-21 08:42:44
649,1012,fedex,2025-09-22 21:50:44,2025-09-24 09:50:44
6490,10091,dhl,2025-08-15 02:44:15,2025-08-20 10:44:15
6491,10092,ups,2025-09-01 17:34:51,2025-09-04 08:34:51
6492,10093,fedex,2025-04-21 18:04:11,2025-04-22 05:04:11
6493,10094,fedex,2025-06-30 11:51:22,2025-07-03 12:51:22
6494,10095,dhl,2025-12-10 08:41:03,2025-12-11 16:41:03
6495,10096,ups,2025-03-29 18:08:09,2025-03-31 07:08:09
6496,10097,ups,2025-12-21 14:20:01,2025-12-23 20:20:01
6497,10100,ups,2025-01-04 04:46:56,2025-01-06 10:46:56
6498,10101,ups,2025-03-24 18:15:03,2025-03-29 05:15:03
6499,10104,ups,2025-03-10 05:14:11,\N
65,104,ups,2025-06-08 07:03:25,2025-06-13 07:03:25
650,1013,dhl,2025-05-30 02:45:29,2025-05-30 08:45:29
6500,10106,dhl,2025-02-04 12:00:09,2025-02-09 07:00:09
6501,10107,ups,2025-03-26 09:10:06,2025-03-28 00:10:06
6502,10111,usps,2025-02-27 04:16:19,2025-03-02 22:16:19
6503,10112,usps,2025-04-07 07:20:14,\N
6504,10113,usps,2025-05-31 04:18:12,2025-06-03 20:18:12
6505,10115,dhl,2025-12-27 15:22:39,2025-12-29 00:22:39
6506,10116,fedex,2025-12-13 18:11:26,2025-12-19 10:11:26
6507,10117,fedex,2025-06-25 11:32:49,2025-06-30 11:32:49
6508,10118,usps,2025-06-28 16:12:03,2025-06-29 19:12:03
6509,10119,fedex,2025-08-11 03:56:07,2025-08-12 10:56:07
651,1016,usps,2025-02-28 19:45:07,2025-03-04 05:45:07
6510,10121,ups,2025-08-10 10:50:31,2025-08-13 01:50:31
6511,10122,usps,2025-10-02 01:02:44,2025-10-05 12:02:44
6512,10123,usps,2025-11-04 08:05:56,\N
6513,10125,dhl,2025-09-16 19:43:29,2025-09-22 12:43:29
6514,10128,dhl,2025-05-29 06:09:19,\N
6515,10130,fedex,2025-09-03 16:05:24,2025-09-05 10:05:24
6516,10131,usps,2025-09-09 21:30:16,2025-09-14 09:30:16
6517,10133,dhl,2025-07-23 19:23:13,2025-07-28 10:23:13
6518,10135,ups,2025-02-24 19:29:42,2025-03-01 01:29:42
6519,10136,ups,2025-11-08 14:01:57,2025-11-09 12:01:57
652,1017,usps,2025-07-07 10:33:32,2025-07-09 21:33:32
6520,10137,ups,2025-11-08 22:51:21,2025-11-12 17:51:21
6521,10138,fedex,2025-09-14 18:36:12,2025-09-15 13:36:12
6522,10139,usps,2025-07-18 12:15:04,2025-07-23 08:15:04
6523,10141,usps,2025-08-24 20:54:59,2025-08-26 21:54:59
6524,10143,fedex,2025-05-27 12:53:03,2025-05-30 09:53:03
6525,10144,usps,2025-05-09 06:45:31,2025-05-11 02:45:31
6526,10145,dhl,2025-05-01 06:15:20,2025-05-06 20:15:20
6527,10147,dhl,2025-11-07 17:56:12,2025-11-09 18:56:12
6528,10148,usps,2025-01-05 23:31:59,2025-01-10 03:31:59
6529,10149,ups,2025-09-28 10:52:55,2025-10-01 14:52:55
653,1019,usps,2025-01-25 07:33:07,2025-01-30 11:33:07
6530,10150,usps,2025-06-08 11:59:22,2025-06-10 17:59:22
6531,10151,fedex,2025-01-27 05:00:22,2025-01-28 07:00:22
6532,10152,ups,2025-01-16 07:03:47,2025-01-18 10:03:47
6533,10153,fedex,2025-06-09 15:47:38,\N
6534,10154,dhl,2025-11-28 07:21:44,2025-12-03 17:21:44
6535,10156,dhl,2025-06-08 04:12:35,2025-06-10 21:12:35
6536,10157,ups,2025-02-08 19:07:18,\N
6537,10158,fedex,2025-09-23 11:49:11,2025-09-29 01:49:11
6538,10160,fedex,2025-07-30 09:24:16,2025-07-31 18:24:16
6539,10161,usps,2025-07-26 15:55:17,2025-07-27 22:55:17
654,1020,usps,2025-09-08 17:10:49,2025-09-13 06:10:49
6540,10162,fedex,2025-10-01 23:42:27,2025-10-02 08:42:27
6541,10163,usps,2025-06-10 14:10:30,2025-06-13 03:10:30
6542,10164,dhl,2025-11-18 02:55:42,2025-11-22 00:55:42
6543,10166,ups,2025-06-21 13:07:00,2025-06-25 18:07:00
6544,10168,ups,2025-12-11 10:14:27,2025-12-12 04:14:27
6545,10169,ups,2025-08-02 19:52:41,2025-08-06 23:52:41
6546,10170,fedex,2025-10-29 07:41:20,2025-10-30 13:41:20
6547,10171,usps,2025-05-14 05:26:25,2025-05-15 17:26:25
6548,10172,usps,2025-09-17 09:47:58,2025-09-21 11:47:58
6549,10173,dhl,2025-06-11 10:49:33,2025-06-14 12:49:33
655,1021,fedex,2025-11-17 10:33:22,2025-11-20 12:33:22
6550,10174,fedex,2025-12-05 03:07:39,2025-12-08 13:07:39
6551,10182,usps,2025-02-13 05:00:35,2025-02-16 07:00:35
6552,10185,usps,2025-10-24 13:35:35,2025-10-28 17:35:35
6553,10186,ups,2025-09-26 12:05:44,2025-09-27 13:05:44
6554,10188,usps,2025-10-20 09:03:40,2025-10-22 01:03:40
6555,10189,usps,2025-03-18 08:36:47,2025-03-23 12:36:47
6556,10190,fedex,2025-11-24 23:25:48,2025-11-30 05:25:48
6557,10191,usps,2025-09-10 03:37:34,2025-09-12 09:37:34
6558,10192,ups,2025-11-29 20:35:22,2025-12-02 20:35:22
6559,10194,ups,2025-05-24 08:37:21,2025-05-29 01:37:21
656,1022,ups,2025-04-12 11:17:46,2025-04-13 07:17:46
6560,10195,usps,2025-11-30 01:18:09,2025-12-05 09:18:09
6561,10197,dhl,2025-08-30 10:15:59,2025-09-02 22:15:59
6562,10200,usps,2025-06-27 22:28:53,2025-06-28 05:28:53
6563,10201,ups,2025-12-13 23:53:25,2025-12-18 14:53:25
6564,10205,dhl,2025-11-18 01:54:05,\N
6565,10206,dhl,2025-02-14 01:25:08,2025-02-19 18:25:08
6566,10207,dhl,2025-05-16 06:41:11,2025-05-18 01:41:11
6567,10209,usps,2025-10-02 01:54:03,2025-10-05 19:54:03
6568,10211,usps,2025-11-01 04:01:46,2025-11-03 03:01:46
6569,10213,fedex,2025-04-04 14:43:56,2025-04-07 14:43:56
657,1026,fedex,2025-02-15 21:40:58,2025-02-20 05:40:58
6570,10215,usps,2025-12-03 18:43:44,2025-12-08 04:43:44
6571,10216,ups,2025-12-06 23:05:26,2025-12-09 09:05:26
6572,10217,dhl,2025-02-14 04:53:39,2025-02-16 21:53:39
6573,10218,usps,2025-06-09 22:36:03,\N
6574,10219,dhl,2025-06-05 08:25:33,2025-06-09 07:25:33
6575,10220,fedex,2025-09-21 17:04:46,\N
6576,10221,ups,2025-01-27 07:18:21,2025-01-28 08:18:21
6577,10222,dhl,2025-07-21 16:36:07,2025-07-23 14:36:07
6578,10223,usps,2025-04-12 09:42:14,2025-04-17 00:42:14
6579,10224,ups,2025-08-27 14:04:00,2025-09-01 02:04:00
658,1027,usps,2025-07-27 17:32:13,2025-07-29 13:32:13
6580,10225,fedex,2025-02-23 21:45:58,2025-02-26 13:45:58
6581,10226,fedex,2025-04-23 11:11:30,2025-04-28 19:11:30
6582,10227,usps,2025-10-12 17:51:08,2025-10-16 18:51:08
6583,10230,fedex,2025-11-22 00:26:43,2025-11-26 17:26:43
6584,10234,fedex,2025-05-01 13:29:09,2025-05-04 19:29:09
6585,10235,usps,2025-01-02 21:26:43,2025-01-07 21:26:43
6586,10236,ups,2025-09-25 13:44:30,2025-09-27 01:44:30
6587,10237,usps,2025-05-04 16:24:02,2025-05-05 22:24:02
6588,10238,usps,2025-03-07 02:18:51,\N
6589,10239,dhl,2025-11-15 12:19:20,2025-11-20 19:19:20
659,1028,usps,2025-04-05 13:13:26,2025-04-06 15:13:26
6590,10241,fedex,2025-04-02 07:05:43,2025-04-06 06:05:43
6591,10242,fedex,2025-03-25 10:54:21,2025-03-26 19:54:21
6592,10243,usps,2025-03-16 04:36:32,2025-03-18 15:36:32
6593,10245,usps,2025-03-29 23:10:09,2025-04-01 03:10:09
6594,10246,ups,2025-12-17 16:05:56,2025-12-20 14:05:56
6595,10247,ups,2025-09-26 23:28:19,2025-09-28 14:28:19
6596,10248,ups,2025-05-15 20:58:02,2025-05-18 10:58:02
6597,10250,fedex,2025-02-02 03:45:03,2025-02-04 20:45:03
6598,10252,ups,2025-03-10 07:38:47,2025-03-13 10:38:47
6599,10254,usps,2025-11-07 22:48:28,2025-11-13 05:48:28
66,107,ups,2025-11-09 22:29:18,2025-11-10 20:29:18
660,1032,dhl,2025-12-11 04:27:09,2025-12-11 14:27:09
6600,10256,fedex,2025-01-27 07:19:33,2025-01-28 17:19:33
6601,10258,fedex,2025-08-28 16:42:50,2025-09-01 06:42:50
6602,10259,ups,2025-07-29 02:47:27,2025-07-31 22:47:27
6603,10260,usps,2025-08-31 10:46:05,2025-09-05 05:46:05
6604,10263,ups,2025-12-25 04:07:10,2025-12-29 03:07:10
6605,10264,ups,2025-09-09 23:07:35,2025-09-14 13:07:35
6606,10265,usps,2025-08-20 16:20:06,2025-08-21 04:20:06
6607,10267,ups,2025-04-30 20:57:38,2025-05-04 17:57:38
6608,10269,usps,2025-05-03 17:48:42,2025-05-04 10:48:42
6609,10271,usps,2025-08-17 05:11:09,2025-08-17 23:11:09
661,1033,dhl,2025-12-07 07:48:58,2025-12-11 04:48:58
6610,10273,dhl,2025-09-13 22:48:10,2025-09-17 03:48:10
6611,10275,usps,2025-08-17 23:48:59,2025-08-23 17:48:59
6612,10277,ups,2025-05-31 08:29:58,\N
6613,10278,usps,2025-08-29 22:29:41,2025-09-03 03:29:41
6614,10279,usps,2025-12-04 01:56:59,2025-12-08 19:56:59
6615,10282,ups,2025-05-30 19:57:22,2025-06-03 14:57:22
6616,10283,dhl,2025-09-27 01:12:12,2025-10-02 11:12:12
6617,10284,fedex,2025-12-31 01:03:25,2025-12-31 23:59:59
6618,10285,fedex,2025-12-16 05:31:11,2025-12-18 06:31:11
6619,10286,usps,2025-01-20 10:50:48,2025-01-21 22:50:48
662,1035,usps,2025-04-14 13:04:00,2025-04-17 19:04:00
6620,10288,ups,2025-09-21 14:20:16,2025-09-27 08:20:16
6621,10291,usps,2025-04-24 22:06:41,2025-04-29 15:06:41
6622,10292,usps,2025-07-17 00:04:09,2025-07-22 00:04:09
6623,10297,usps,2025-09-04 08:04:40,2025-09-08 02:04:40
6624,10298,usps,2025-04-26 23:38:08,2025-04-30 04:38:08
6625,10299,dhl,2025-07-12 05:50:15,2025-07-15 07:50:15
6626,10300,fedex,2025-11-10 09:07:30,2025-11-12 08:07:30
6627,10301,ups,2025-05-04 07:41:58,2025-05-08 09:41:58
6628,10302,usps,2025-06-07 03:29:26,2025-06-11 17:29:26
6629,10303,dhl,2025-12-24 15:06:30,2025-12-27 21:06:30
663,1036,dhl,2025-04-20 10:20:58,2025-04-25 19:20:58
6630,10305,dhl,2025-04-05 16:12:20,2025-04-08 19:12:20
6631,10306,usps,2025-02-03 02:19:01,2025-02-06 19:19:01
6632,10307,fedex,2025-01-31 23:27:24,2025-02-01 20:27:24
6633,10308,usps,2025-11-30 23:48:22,2025-12-03 09:48:22
6634,10311,ups,2025-07-09 00:50:13,2025-07-11 04:50:13
6635,10312,fedex,2025-11-26 02:32:54,\N
6636,10313,ups,2025-05-04 14:20:06,2025-05-05 19:20:06
6637,10314,usps,2025-03-06 19:02:35,2025-03-07 09:02:35
6638,10316,dhl,2025-02-22 18:38:38,\N
6639,10318,usps,2025-01-15 01:45:35,2025-01-19 14:45:35
664,1037,usps,2025-01-22 13:01:22,2025-01-26 17:01:22
6640,10319,ups,2025-02-28 06:17:58,2025-03-01 19:17:58
6641,10320,usps,2025-07-19 09:54:50,2025-07-23 23:54:50
6642,10324,dhl,2025-07-30 17:40:57,2025-08-05 08:40:57
6643,10326,ups,2025-02-01 15:18:27,2025-02-05 05:18:27
6644,10327,ups,2025-10-23 17:41:45,2025-10-25 21:41:45
6645,10329,ups,2025-04-02 09:57:06,2025-04-02 19:57:06
6646,10330,usps,2025-08-17 02:20:21,2025-08-22 02:20:21
6647,10332,usps,2025-05-06 16:40:05,2025-05-08 06:40:05
6648,10333,ups,2025-07-30 12:08:52,2025-08-04 18:08:52
6649,10334,fedex,2025-04-22 10:53:46,2025-04-27 16:53:46
665,1039,fedex,2025-09-18 03:21:06,2025-09-20 13:21:06
6650,10337,ups,2025-07-23 00:34:50,2025-07-28 01:34:50
6651,10338,usps,2025-02-06 13:55:23,2025-02-07 03:55:23
6652,10339,ups,2025-04-25 04:42:02,2025-04-29 16:42:02
6653,10340,dhl,2025-02-04 15:51:12,2025-02-07 21:51:12
6654,10342,usps,2025-05-16 04:54:12,2025-05-17 05:54:12
6655,10344,ups,2025-05-31 12:54:21,2025-06-02 08:54:21
6656,10345,ups,2025-04-01 22:57:02,2025-04-05 15:57:02
6657,10346,dhl,2025-11-05 14:00:34,2025-11-08 13:00:34
6658,10347,usps,2025-05-12 11:18:26,2025-05-15 08:18:26
6659,10348,dhl,2025-04-03 22:23:33,2025-04-05 04:23:33
666,1040,fedex,2025-06-08 00:14:11,2025-06-08 06:14:11
6660,10349,ups,2025-12-26 13:01:02,2025-12-28 16:01:02
6661,10354,usps,2025-04-22 05:07:31,2025-04-27 09:07:31
6662,10355,usps,2025-03-09 19:44:47,2025-03-11 10:44:47
6663,10356,dhl,2025-08-07 12:49:08,2025-08-09 18:49:08
6664,10357,usps,2025-01-13 14:04:29,2025-01-17 14:04:29
6665,10359,usps,2025-07-07 03:26:26,\N
6666,10360,dhl,2025-09-17 14:02:34,2025-09-19 06:02:34
6667,10361,ups,2025-04-11 22:05:05,2025-04-14 15:05:05
6668,10362,dhl,2025-06-29 07:44:47,2025-07-01 00:44:47
6669,10363,ups,2025-11-14 10:50:00,2025-11-17 18:50:00
667,1042,fedex,2025-02-09 22:54:46,2025-02-11 03:54:46
6670,10364,ups,2025-02-02 12:31:29,2025-02-05 17:31:29
6671,10366,fedex,2025-04-14 13:16:01,2025-04-18 08:16:01
6672,10367,ups,2025-12-27 17:51:11,2025-12-29 00:51:11
6673,10368,fedex,2025-07-07 16:49:30,2025-07-13 10:49:30
6674,10369,usps,2025-05-02 03:17:25,2025-05-02 12:17:25
6675,10370,ups,2025-09-08 23:36:25,2025-09-12 04:36:25
6676,10371,ups,2025-11-22 23:49:34,2025-11-28 01:49:34
6677,10374,ups,2025-04-07 18:42:47,2025-04-08 18:42:47
6678,10378,fedex,2025-02-17 03:40:10,2025-02-20 18:40:10
6679,10383,ups,2025-03-22 03:43:01,2025-03-25 10:43:01
668,1043,dhl,2025-10-17 15:56:13,2025-10-19 15:56:13
6680,10384,fedex,2025-08-31 08:24:06,2025-09-05 07:24:06
6681,10385,dhl,2025-10-07 22:57:41,2025-10-12 21:57:41
6682,10387,dhl,2025-01-14 23:56:35,2025-01-18 05:56:35
6683,10388,usps,2025-04-11 17:12:36,2025-04-13 18:12:36
6684,10389,usps,2025-09-17 17:35:20,2025-09-20 23:35:20
6685,10392,usps,2025-04-27 17:36:30,2025-04-30 18:36:30
6686,10393,usps,2025-10-21 21:33:03,2025-10-23 04:33:03
6687,10394,dhl,2025-04-30 01:56:21,2025-05-04 21:56:21
6688,10396,fedex,2025-12-25 03:13:36,2025-12-27 03:13:36
6689,10398,usps,2025-05-09 01:37:57,2025-05-11 22:37:57
669,1045,usps,2025-07-26 09:05:53,2025-07-30 02:05:53
6690,10399,fedex,2025-01-19 03:54:32,2025-01-22 02:54:32
6691,10402,usps,2025-02-14 19:46:25,2025-02-17 18:46:25
6692,10403,fedex,2025-04-09 23:31:59,2025-04-14 19:31:59
6693,10404,ups,2025-04-12 16:21:13,2025-04-18 07:21:13
6694,10405,dhl,2025-10-23 15:12:16,2025-10-28 18:12:16
6695,10406,dhl,2025-01-27 23:47:09,2025-01-30 04:47:09
6696,10407,fedex,2025-10-20 07:08:56,2025-10-20 19:08:56
6697,10410,ups,2025-06-05 12:58:25,2025-06-11 00:58:25
6698,10415,dhl,2025-06-06 11:55:22,2025-06-09 17:55:22
6699,10416,ups,2025-05-26 08:26:07,2025-05-30 12:26:07
67,108,dhl,2025-06-26 14:40:28,\N
670,1047,usps,2025-06-02 13:28:15,2025-06-04 05:28:15
6700,10417,usps,2025-10-16 08:51:47,2025-10-21 15:51:47
6701,10418,ups,2025-12-30 02:21:43,2025-12-30 10:21:43
6702,10420,dhl,2025-05-29 22:07:05,2025-06-02 21:07:05
6703,10421,usps,2025-03-15 05:32:26,2025-03-19 10:32:26
6704,10422,usps,2025-06-30 01:09:24,2025-07-01 18:09:24
6705,10425,fedex,2025-09-05 18:40:13,2025-09-07 02:40:13
6706,10427,usps,2025-02-11 11:13:31,2025-02-11 23:13:31
6707,10428,dhl,2025-06-15 11:56:01,2025-06-16 06:56:01
6708,10429,ups,2025-05-21 15:49:06,2025-05-26 17:49:06
6709,10430,fedex,2025-09-25 15:39:57,2025-09-29 13:39:57
671,1049,dhl,2025-12-29 14:50:43,2025-12-31 23:59:59
6710,10431,usps,2025-02-20 19:06:32,2025-02-24 07:06:32
6711,10436,dhl,2025-04-08 04:10:59,2025-04-08 18:10:59
6712,10437,fedex,2025-02-19 02:48:41,2025-02-24 08:48:41
6713,10438,usps,2025-06-03 13:06:24,2025-06-06 06:06:24
6714,10440,dhl,2025-06-29 20:07:50,\N
6715,10441,usps,2025-11-18 19:28:44,2025-11-19 14:28:44
6716,10443,ups,2025-02-05 00:57:18,2025-02-07 02:57:18
6717,10444,fedex,2025-07-16 16:02:53,2025-07-18 13:02:53
6718,10447,fedex,2025-12-18 20:13:36,2025-12-23 13:13:36
6719,10448,ups,2025-05-21 20:18:13,2025-05-26 11:18:13
672,1050,fedex,2025-01-23 13:21:28,2025-01-28 05:21:28
6720,10449,usps,2025-03-28 18:37:27,2025-03-31 16:37:27
6721,10450,fedex,2025-06-05 10:57:15,2025-06-11 03:57:15
6722,10451,ups,2025-12-11 18:43:03,2025-12-12 22:43:03
6723,10452,dhl,2025-02-17 18:00:23,\N
6724,10454,fedex,2025-03-04 19:51:18,\N
6725,10456,ups,2025-03-06 07:13:29,2025-03-10 02:13:29
6726,10457,dhl,2025-10-25 18:00:32,2025-10-28 22:00:32
6727,10458,fedex,2025-04-07 23:00:05,2025-04-09 14:00:05
6728,10460,usps,2025-06-02 20:40:12,2025-06-06 10:40:12
6729,10461,ups,2025-09-21 02:01:30,2025-09-25 09:01:30
673,1051,dhl,2025-01-16 02:28:04,2025-01-21 18:28:04
6730,10466,usps,2025-01-27 04:43:55,2025-01-29 19:43:55
6731,10469,usps,2025-11-17 11:46:31,2025-11-21 08:46:31
6732,10470,fedex,2025-02-28 22:11:57,2025-03-02 20:11:57
6733,10472,dhl,2025-07-26 14:05:13,\N
6734,10473,usps,2025-09-21 22:57:05,2025-09-25 08:57:05
6735,10474,ups,2025-03-28 21:47:45,2025-04-03 00:47:45
6736,10476,usps,2025-07-19 17:14:31,2025-07-21 09:14:31
6737,10477,dhl,2025-12-29 15:40:26,2025-12-31 23:59:59
6738,10478,fedex,2025-01-27 07:34:53,2025-01-29 09:34:53
6739,10479,usps,2025-12-03 06:50:29,2025-12-06 21:50:29
674,1052,usps,2025-06-27 07:25:04,2025-07-01 21:25:04
6740,10480,usps,2025-03-06 17:19:19,2025-03-07 05:19:19
6741,10482,fedex,2025-07-20 02:47:08,2025-07-24 18:47:08
6742,10483,dhl,2025-05-30 10:09:25,2025-06-02 04:09:25
6743,10484,dhl,2025-09-07 16:08:21,2025-09-09 15:08:21
6744,10485,dhl,2025-04-14 09:04:43,2025-04-19 21:04:43
6745,10486,usps,2025-11-20 20:24:32,2025-11-25 23:24:32
6746,10488,ups,2025-01-14 05:48:12,2025-01-16 01:48:12
6747,10491,fedex,2025-05-27 19:33:21,2025-05-28 18:33:21
6748,10492,ups,2025-12-08 13:24:16,2025-12-10 15:24:16
6749,10493,dhl,2025-03-23 03:51:44,\N
675,1054,fedex,2025-10-31 01:40:42,\N
6750,10494,fedex,2025-04-05 14:46:40,2025-04-07 13:46:40
6751,10496,fedex,2025-05-07 17:40:34,2025-05-08 08:40:34
6752,10497,dhl,2025-04-10 10:21:54,2025-04-14 01:21:54
6753,10498,ups,2025-05-27 05:37:30,2025-05-30 12:37:30
6754,10499,ups,2026-01-01 21:38:54,2025-12-31 23:59:59
6755,10500,dhl,2025-04-07 10:57:28,2025-04-08 23:57:28
6756,10503,ups,2025-11-15 02:18:52,2025-11-19 18:18:52
6757,10504,fedex,2025-11-10 02:18:20,2025-11-11 00:18:20
6758,10505,fedex,2025-04-07 07:08:34,2025-04-09 02:08:34
6759,10507,ups,2025-10-11 08:59:11,2025-10-17 01:59:11
676,1055,ups,2025-02-03 15:50:09,2025-02-08 10:50:09
6760,10509,fedex,2025-10-03 06:22:12,2025-10-08 05:22:12
6761,10510,usps,2025-02-08 23:26:21,2025-02-13 07:26:21
6762,10513,fedex,2025-09-29 20:01:01,2025-09-30 11:01:01
6763,10515,ups,2025-10-19 12:03:35,2025-10-23 19:03:35
6764,10516,fedex,2025-10-08 17:50:02,2025-10-09 20:50:02
6765,10517,usps,2025-08-27 12:41:31,2025-09-02 05:41:31
6766,10518,dhl,2025-09-15 10:01:46,2025-09-16 03:01:46
6767,10519,ups,2025-12-06 02:29:43,2025-12-08 10:29:43
6768,10520,fedex,2025-08-19 11:49:30,2025-08-23 11:49:30
6769,10521,usps,2025-11-29 23:29:15,2025-12-03 18:29:15
677,1056,dhl,2025-03-28 07:14:48,2025-03-30 16:14:48
6770,10522,fedex,2025-12-11 02:59:45,\N
6771,10523,usps,2025-11-19 17:32:23,2025-11-22 17:32:23
6772,10526,ups,2025-09-22 18:49:16,2025-09-27 01:49:16
6773,10527,usps,2025-04-25 07:28:20,2025-04-26 07:28:20
6774,10528,ups,2025-10-22 20:16:37,2025-10-25 04:16:37
6775,10529,usps,2025-05-24 12:01:09,2025-05-28 15:01:09
6776,10530,ups,2025-01-11 05:35:59,2025-01-17 00:35:59
6777,10531,usps,2025-01-31 03:11:44,2025-01-31 17:11:44
6778,10532,ups,2025-01-08 09:51:19,2025-01-09 18:51:19
6779,10533,usps,2025-11-03 02:43:31,2025-11-04 01:43:31
678,1059,ups,2025-01-11 21:38:43,2025-01-17 04:38:43
6780,10535,usps,2025-07-13 09:11:20,2025-07-15 23:11:20
6781,10536,fedex,2025-01-31 11:23:16,2025-02-05 07:23:16
6782,10537,ups,2025-12-17 04:41:20,2025-12-21 03:41:20
6783,10540,dhl,2025-12-07 00:25:15,2025-12-09 08:25:15
6784,10541,usps,2025-11-09 16:07:07,2025-11-15 06:07:07
6785,10543,dhl,2025-05-30 17:38:26,2025-06-01 04:38:26
6786,10544,usps,2025-05-12 23:52:34,2025-05-13 07:52:34
6787,10545,ups,2025-08-03 04:19:05,2025-08-03 15:19:05
6788,10546,usps,2025-05-17 19:50:24,2025-05-18 10:50:24
6789,10547,ups,2025-09-29 20:12:47,2025-10-04 20:12:47
679,1060,ups,2025-10-11 00:23:08,2025-10-12 01:23:08
6790,10548,dhl,2025-03-01 22:55:08,2025-03-06 04:55:08
6791,10549,dhl,2025-05-16 02:00:45,2025-05-19 01:00:45
6792,10551,dhl,2025-10-04 04:26:46,2025-10-08 12:26:46
6793,10552,usps,2025-06-05 13:04:07,2025-06-08 16:04:07
6794,10553,ups,2025-11-19 10:12:08,2025-11-24 03:12:08
6795,10554,fedex,2025-08-19 23:05:46,2025-08-23 20:05:46
6796,10555,ups,2025-09-29 23:27:35,2025-10-04 13:27:35
6797,10556,fedex,2025-09-17 08:53:50,2025-09-19 17:53:50
6798,10558,usps,2025-05-14 01:18:08,2025-05-18 00:18:08
6799,10559,usps,2025-04-02 06:55:10,2025-04-04 19:55:10
68,110,usps,2025-07-18 13:26:56,\N
680,1061,usps,2025-10-01 03:11:37,2025-10-04 09:11:37
6800,10561,dhl,2025-09-11 06:00:34,2025-09-17 01:00:34
6801,10562,usps,2025-10-17 18:17:10,2025-10-18 04:17:10
6802,10565,dhl,2025-01-04 22:26:28,2025-01-08 01:26:28
6803,10567,usps,2025-04-11 18:59:15,2025-04-14 10:59:15
6804,10570,dhl,2025-09-15 05:24:34,2025-09-19 14:24:34
6805,10571,fedex,2025-02-22 20:16:59,2025-02-23 22:16:59
6806,10572,ups,2025-04-23 04:47:56,2025-04-28 21:47:56
6807,10573,dhl,2025-05-29 17:26:08,2025-06-01 02:26:08
6808,10574,dhl,2025-09-20 08:20:30,2025-09-20 21:20:30
6809,10575,fedex,2025-05-27 22:16:27,2025-06-02 10:16:27
681,1062,usps,2025-05-09 19:43:05,2025-05-10 17:43:05
6810,10578,ups,2025-06-04 18:19:54,2025-06-08 20:19:54
6811,10579,ups,2025-08-13 05:17:53,2025-08-18 01:17:53
6812,10581,fedex,2025-10-27 22:37:44,2025-10-31 11:37:44
6813,10582,dhl,2025-11-24 16:30:32,2025-11-29 06:30:32
6814,10583,dhl,2025-10-13 23:06:12,\N
6815,10584,dhl,2025-12-02 04:55:01,2025-12-07 00:55:01
6816,10585,dhl,2025-03-07 05:32:44,2025-03-08 07:32:44
6817,10586,usps,2025-10-01 14:34:45,2025-10-07 08:34:45
6818,10587,ups,2025-10-14 03:03:25,2025-10-18 14:03:25
6819,10588,fedex,2025-01-25 16:35:10,2025-01-29 03:35:10
682,1063,ups,2025-07-18 06:34:29,2025-07-21 00:34:29
6820,10590,usps,2025-04-25 19:48:13,2025-04-28 04:48:13
6821,10591,usps,2025-05-19 23:49:52,2025-05-24 15:49:52
6822,10593,usps,2025-06-23 18:32:36,2025-06-25 08:32:36
6823,10594,dhl,2025-11-16 23:59:05,2025-11-20 15:59:05
6824,10597,dhl,2025-09-07 23:19:53,2025-09-11 15:19:53
6825,10598,usps,2025-11-18 06:55:29,2025-11-21 10:55:29
6826,10599,fedex,2025-04-05 05:10:56,2025-04-08 08:10:56
6827,10600,ups,2025-10-04 02:49:49,\N
6828,10603,usps,2025-04-23 13:34:35,2025-04-24 10:34:35
6829,10604,usps,2025-09-06 13:11:11,2025-09-07 20:11:11
683,1064,ups,2025-10-04 18:16:01,2025-10-09 18:16:01
6830,10605,usps,2025-02-15 08:24:57,2025-02-18 22:24:57
6831,10606,ups,2025-02-05 15:21:39,2025-02-09 15:21:39
6832,10609,dhl,2025-09-05 17:53:09,\N
6833,10610,fedex,2025-08-20 08:55:21,2025-08-23 19:55:21
6834,10611,fedex,2025-07-19 05:07:45,2025-07-24 21:07:45
6835,10614,usps,2025-08-24 04:16:17,2025-08-28 20:16:17
6836,10617,dhl,2025-09-21 15:17:58,2025-09-25 13:17:58
6837,10618,usps,2025-09-18 10:41:42,2025-09-24 03:41:42
6838,10619,ups,2025-10-04 15:39:52,2025-10-06 05:39:52
6839,10623,dhl,2025-01-17 20:21:27,\N
684,1065,dhl,2025-02-09 21:46:45,2025-02-14 02:46:45
6840,10624,dhl,2025-04-21 19:52:58,2025-04-23 01:52:58
6841,10625,ups,2025-06-15 02:20:43,2025-06-18 06:20:43
6842,10628,dhl,2025-11-12 13:17:44,2025-11-14 13:17:44
6843,10629,ups,2025-03-14 18:02:29,2025-03-20 08:02:29
6844,10631,ups,2025-05-10 11:14:02,2025-05-15 18:14:02
6845,10632,ups,2025-10-18 03:26:32,\N
6846,10635,dhl,2025-09-17 16:55:18,2025-09-21 17:55:18
6847,10636,fedex,2025-02-09 09:16:14,\N
6848,10637,ups,2025-10-18 12:17:12,2025-10-19 10:17:12
6849,10639,dhl,2025-08-27 04:14:44,\N
685,1067,usps,2025-01-15 15:31:42,\N
6850,10640,fedex,2025-06-21 15:10:16,2025-06-25 20:10:16
6851,10641,fedex,2025-03-29 02:51:59,2025-04-02 10:51:59
6852,10643,fedex,2025-02-18 06:29:53,2025-02-19 07:29:53
6853,10644,dhl,2025-07-25 09:06:50,2025-07-30 12:06:50
6854,10645,dhl,2025-03-25 03:19:45,2025-03-25 18:19:45
6855,10647,usps,2025-07-22 21:44:04,\N
6856,10651,dhl,2025-11-27 14:10:42,2025-11-28 15:10:42
6857,10652,dhl,2025-07-30 22:32:55,2025-08-02 09:32:55
6858,10653,usps,2025-11-08 11:39:03,2025-11-12 19:39:03
6859,10654,ups,2025-05-31 04:05:28,2025-06-03 08:05:28
686,1068,dhl,2025-05-31 22:03:02,2025-06-02 20:03:02
6860,10655,usps,2025-07-01 01:55:08,2025-07-03 11:55:08
6861,10656,usps,2025-04-19 22:53:33,2025-04-20 18:53:33
6862,10657,usps,2025-04-23 18:40:00,2025-04-24 07:40:00
6863,10658,fedex,2025-09-19 08:14:45,2025-09-21 08:14:45
6864,10659,usps,2025-11-10 10:24:27,2025-11-14 05:24:27
6865,10661,fedex,2025-07-28 01:28:43,2025-08-01 07:28:43
6866,10664,ups,2025-09-18 14:01:18,2025-09-19 23:01:18
6867,10666,fedex,2025-06-05 10:20:38,2025-06-09 02:20:38
6868,10667,ups,2025-12-22 13:05:15,2025-12-24 09:05:15
6869,10669,fedex,2025-03-28 16:20:51,2025-04-01 09:20:51
687,1070,dhl,2025-11-23 15:48:07,2025-11-27 13:48:07
6870,10671,dhl,2025-03-22 01:43:15,2025-03-23 11:43:15
6871,10673,ups,2025-04-28 15:52:57,2025-05-01 07:52:57
6872,10674,fedex,2025-11-07 11:54:58,2025-11-11 16:54:58
6873,10677,dhl,2025-10-31 20:37:27,2025-11-01 11:37:27
6874,10679,ups,2025-09-15 06:22:14,2025-09-17 19:22:14
6875,10680,fedex,2025-07-12 18:08:42,2025-07-16 12:08:42
6876,10682,usps,2025-02-19 18:34:15,2025-02-20 15:34:15
6877,10683,dhl,2025-08-20 00:45:41,2025-08-22 14:45:41
6878,10684,usps,2025-08-13 07:16:20,2025-08-15 17:16:20
6879,10685,usps,2025-10-17 11:30:33,\N
688,1071,usps,2025-11-29 11:10:24,2025-12-03 23:10:24
6880,10686,fedex,2025-12-09 22:54:54,2025-12-14 17:54:54
6881,10687,dhl,2025-11-28 02:04:04,2025-11-29 21:04:04
6882,10688,dhl,2025-01-12 16:28:55,2025-01-15 18:28:55
6883,10689,dhl,2025-05-28 15:59:02,2025-06-03 01:59:02
6884,10691,ups,2025-05-20 03:55:26,2025-05-23 23:55:26
6885,10692,ups,2025-12-31 13:45:36,2025-12-31 23:59:59
6886,10693,ups,2025-07-11 05:42:16,2025-07-13 12:42:16
6887,10694,usps,2025-09-16 19:55:29,2025-09-19 18:55:29
6888,10695,ups,2025-03-13 09:55:46,2025-03-14 04:55:46
6889,10696,fedex,2025-11-21 22:22:47,\N
689,1072,dhl,2025-07-11 10:07:11,2025-07-15 14:07:11
6890,10697,dhl,2025-09-19 06:10:10,2025-09-21 10:10:10
6891,10698,fedex,2025-06-21 05:21:10,2025-06-24 10:21:10
6892,10699,ups,2025-03-28 18:11:38,2025-04-02 23:11:38
6893,10701,ups,2025-09-19 20:09:38,2025-09-21 13:09:38
6894,10702,dhl,2025-04-21 05:46:08,2025-04-24 23:46:08
6895,10703,ups,2025-05-06 15:14:06,2025-05-10 10:14:06
6896,10705,ups,2025-07-16 23:41:01,2025-07-19 15:41:01
6897,10708,ups,2025-09-16 13:00:33,2025-09-17 12:00:33
6898,10709,dhl,2025-10-23 04:10:14,2025-10-24 08:10:14
6899,10710,fedex,2025-05-25 04:36:20,2025-05-28 15:36:20
69,111,usps,2025-10-23 16:23:46,2025-10-27 16:23:46
690,1073,dhl,2025-12-30 11:11:20,2025-12-31 23:59:59
6900,10711,fedex,2025-04-20 18:05:19,\N
6901,10712,ups,2025-07-30 06:41:02,2025-08-03 09:41:02
6902,10714,fedex,2025-09-23 22:17:18,2025-09-26 00:17:18
6903,10715,usps,2025-05-22 16:52:47,2025-05-26 11:52:47
6904,10718,fedex,2025-05-08 13:50:56,2025-05-11 08:50:56
6905,10723,usps,2025-06-18 20:34:53,2025-06-20 16:34:53
6906,10726,dhl,2025-10-19 19:25:41,\N
6907,10727,ups,2025-01-23 16:08:26,2025-01-25 05:08:26
6908,10731,fedex,2025-07-08 17:02:44,2025-07-13 08:02:44
6909,10732,dhl,2025-10-18 21:41:12,2025-10-21 15:41:12
691,1074,ups,2025-06-26 14:32:34,2025-07-01 20:32:34
6910,10733,usps,2025-12-09 05:27:01,2025-12-11 12:27:01
6911,10734,dhl,2025-03-09 08:28:20,2025-03-11 00:28:20
6912,10736,ups,2025-01-15 21:55:51,2025-01-18 20:55:51
6913,10737,fedex,2025-05-08 20:21:48,2025-05-13 07:21:48
6914,10738,usps,2025-07-16 11:56:30,2025-07-16 19:56:30
6915,10739,dhl,2025-11-22 04:17:21,2025-11-26 05:17:21
6916,10740,usps,2025-04-29 17:28:05,2025-05-02 19:28:05
6917,10741,dhl,2025-12-09 07:01:49,2025-12-10 13:01:49
6918,10742,dhl,2025-11-27 23:28:50,2025-12-01 06:28:50
6919,10744,ups,2025-09-30 16:07:28,2025-10-02 17:07:28
692,1075,fedex,2025-02-28 12:43:33,2025-03-02 18:43:33
6920,10745,dhl,2025-02-18 17:47:11,2025-02-23 02:47:11
6921,10746,fedex,2025-08-11 11:04:23,\N
6922,10748,ups,2025-11-19 02:45:20,2025-11-21 02:45:20
6923,10749,dhl,2025-06-29 18:00:35,2025-07-01 13:00:35
6924,10750,dhl,2025-09-10 18:07:31,2025-09-11 05:07:31
6925,10751,usps,2025-10-12 12:38:59,\N
6926,10752,usps,2025-05-09 01:18:30,2025-05-10 13:18:30
6927,10753,usps,2025-06-21 14:18:44,2025-06-27 00:18:44
6928,10754,fedex,2025-09-09 23:16:22,2025-09-12 20:16:22
6929,10756,usps,2025-05-31 18:17:58,2025-06-01 20:17:58
693,1076,ups,2025-09-22 11:41:26,2025-09-24 12:41:26
6930,10757,dhl,2025-12-11 00:16:57,2025-12-12 23:16:57
6931,10761,usps,2025-11-14 04:22:49,2025-11-14 23:22:49
6932,10762,ups,2025-01-04 08:07:17,2025-01-05 03:07:17
6933,10765,fedex,2025-08-25 09:45:00,2025-08-30 14:45:00
6934,10766,dhl,2025-05-18 00:46:57,2025-05-20 11:46:57
6935,10767,fedex,2025-07-24 09:35:55,2025-07-28 19:35:55
6936,10771,fedex,2025-11-11 16:37:25,2025-11-15 15:37:25
6937,10772,usps,2025-12-26 00:59:41,\N
6938,10773,usps,2025-07-09 11:46:10,2025-07-11 03:46:10
6939,10775,usps,2025-08-11 04:25:52,2025-08-14 04:25:52
694,1077,fedex,2025-09-22 06:27:33,2025-09-22 14:27:33
6940,10777,dhl,2025-11-06 11:54:07,2025-11-06 22:54:07
6941,10778,ups,2025-07-08 09:38:03,\N
6942,10779,dhl,2025-05-01 11:34:10,2025-05-03 11:34:10
6943,10780,ups,2025-10-15 12:08:55,2025-10-17 14:08:55
6944,10783,usps,2025-10-15 06:17:23,2025-10-15 23:17:23
6945,10784,dhl,2025-09-05 08:50:16,2025-09-09 15:50:16
6946,10785,ups,2025-01-10 09:29:13,2025-01-11 14:29:13
6947,10787,usps,2025-09-20 03:31:10,2025-09-21 12:31:10
6948,10788,dhl,2025-04-25 02:04:42,2025-04-28 07:04:42
6949,10789,fedex,2025-09-02 10:53:45,2025-09-07 07:53:45
695,1078,ups,2025-09-26 02:48:54,2025-09-28 23:48:54
6950,10790,dhl,2025-05-18 22:26:43,2025-05-23 13:26:43
6951,10791,dhl,2025-03-08 15:17:29,2025-03-09 13:17:29
6952,10792,fedex,2025-09-03 08:25:35,2025-09-03 22:25:35
6953,10793,dhl,2025-04-16 16:21:18,2025-04-22 02:21:18
6954,10795,usps,2025-04-24 22:36:13,2025-04-26 04:36:13
6955,10798,ups,2025-06-02 12:46:07,2025-06-05 05:46:07
6956,10800,usps,2025-07-21 08:17:42,2025-07-26 04:17:42
6957,10801,dhl,2025-05-15 07:18:56,2025-05-16 22:18:56
6958,10802,usps,2025-04-11 19:29:13,2025-04-15 15:29:13
6959,10803,usps,2025-12-05 06:04:34,2025-12-06 18:04:34
696,1079,usps,2025-07-14 19:18:10,2025-07-20 14:18:10
6960,10805,usps,2025-10-12 15:46:48,2025-10-14 07:46:48
6961,10809,ups,2025-02-18 21:10:41,2025-02-22 20:10:41
6962,10811,fedex,2025-12-31 14:49:02,2025-12-31 23:59:59
6963,10815,ups,2025-09-30 19:58:38,2025-10-01 14:58:38
6964,10816,ups,2025-04-16 04:48:37,2025-04-20 18:48:37
6965,10817,dhl,2025-12-14 15:55:25,2025-12-17 07:55:25
6966,10818,dhl,2025-07-10 18:48:37,2025-07-14 07:48:37
6967,10821,ups,2025-04-23 22:21:07,2025-04-24 21:21:07
6968,10822,dhl,2025-08-25 01:42:30,2025-08-25 12:42:30
6969,10823,dhl,2025-04-11 13:08:37,2025-04-14 20:08:37
697,1080,ups,2025-06-06 04:48:25,2025-06-06 10:48:25
6970,10825,dhl,2025-10-11 01:27:18,2025-10-12 23:27:18
6971,10826,fedex,2025-01-02 11:54:53,2025-01-05 18:54:53
6972,10827,ups,2025-05-29 19:06:03,2025-06-01 07:06:03
6973,10828,usps,2025-11-19 10:51:19,2025-11-22 08:51:19
6974,10829,fedex,2025-02-12 11:50:22,\N
6975,10832,dhl,2025-10-18 19:07:08,2025-10-22 02:07:08
6976,10834,dhl,2025-01-19 20:08:04,2025-01-22 09:08:04
6977,10835,ups,2025-05-26 15:21:14,2025-05-28 01:21:14
6978,10836,usps,2025-11-17 15:10:05,2025-11-21 13:10:05
6979,10837,fedex,2025-11-29 13:11:20,2025-12-04 22:11:20
698,1081,usps,2025-07-16 17:17:17,2025-07-21 08:17:17
6980,10838,fedex,2025-05-19 02:24:57,2025-05-23 13:24:57
6981,10839,fedex,2025-12-04 04:14:11,2025-12-08 12:14:11
6982,10840,dhl,2025-06-26 07:28:13,2025-06-27 11:28:13
6983,10841,fedex,2025-03-01 07:18:03,2025-03-05 13:18:03
6984,10842,dhl,2025-12-09 16:16:58,2025-12-11 03:16:58
6985,10843,usps,2025-03-01 07:07:20,2025-03-03 01:07:20
6986,10844,dhl,2025-10-14 09:03:18,2025-10-14 19:03:18
6987,10848,usps,2025-10-02 00:40:51,2025-10-03 00:40:51
6988,10849,usps,2025-12-04 03:24:20,2025-12-07 21:24:20
6989,10855,dhl,2025-10-16 16:12:58,2025-10-22 11:12:58
699,1082,usps,2025-03-16 09:28:29,2025-03-17 06:28:29
6990,10861,fedex,2025-01-10 05:07:48,2025-01-13 02:07:48
6991,10862,dhl,2025-06-29 11:32:13,2025-07-03 20:32:13
6992,10864,ups,2025-05-26 05:31:54,2025-05-27 12:31:54
6993,10865,fedex,2025-02-23 06:47:32,2025-02-24 08:47:32
6994,10866,usps,2025-04-16 21:45:32,2025-04-19 06:45:32
6995,10868,fedex,2025-07-25 00:12:42,2025-07-29 01:12:42
6996,10871,dhl,2025-05-28 17:51:09,2025-05-29 01:51:09
6997,10872,usps,2025-11-25 15:43:51,2025-11-29 06:43:51
6998,10876,fedex,2025-03-28 20:18:43,2025-04-01 18:18:43
6999,10877,dhl,2025-03-09 12:46:39,2025-03-14 17:46:39
7,10,ups,2025-08-24 15:27:56,2025-08-29 09:27:56
70,114,ups,2025-07-27 06:32:35,2025-07-30 23:32:35
700,1083,usps,2025-09-26 03:20:40,2025-09-28 09:20:40
7000,10878,fedex,2025-12-03 21:11:52,2025-12-07 14:11:52
7001,10880,fedex,2025-04-27 08:20:50,2025-04-30 17:20:50
7002,10881,usps,2025-08-27 13:47:35,2025-09-01 10:47:35
7003,10882,usps,2025-09-08 04:38:40,2025-09-10 07:38:40
7004,10883,usps,2025-01-21 22:15:35,2025-01-23 04:15:35
7005,10885,usps,2025-07-07 03:12:11,2025-07-12 17:12:11
7006,10886,dhl,2025-12-09 10:46:04,2025-12-13 07:46:04
7007,10891,usps,2025-05-10 09:47:47,2025-05-12 22:47:47
7008,10893,usps,2025-04-05 17:58:01,2025-04-07 15:58:01
7009,10894,usps,2025-08-12 08:42:49,2025-08-14 17:42:49
701,1084,dhl,2025-04-12 06:07:31,2025-04-16 02:07:31
7010,10895,ups,2025-09-07 04:52:10,2025-09-09 07:52:10
7011,10896,ups,2025-01-04 00:46:18,2025-01-07 05:46:18
7012,10898,ups,2025-04-15 02:42:03,\N
7013,10901,fedex,2025-03-14 06:40:30,2025-03-14 22:40:30
7014,10902,ups,2025-03-25 02:16:05,2025-03-25 08:16:05
7015,10904,usps,2025-07-04 09:59:25,2025-07-08 20:59:25
7016,10905,ups,2025-12-30 19:18:16,2025-12-31 23:59:59
7017,10906,usps,2025-04-20 22:33:26,2025-04-22 19:33:26
7018,10907,ups,2025-02-09 11:24:31,2025-02-14 04:24:31
7019,10908,usps,2025-06-03 06:05:39,\N
702,1085,usps,2025-07-28 06:36:05,2025-07-29 05:36:05
7020,10909,fedex,2025-10-13 22:49:21,2025-10-18 10:49:21
7021,10912,dhl,2025-04-11 13:51:59,2025-04-11 21:51:59
7022,10914,dhl,2025-11-02 17:24:20,2025-11-07 10:24:20
7023,10915,usps,2025-04-20 22:01:35,2025-04-22 20:01:35
7024,10919,fedex,2025-11-17 07:00:46,2025-11-21 07:00:46
7025,10922,usps,2025-05-27 20:51:30,2025-06-01 18:51:30
7026,10923,ups,2025-11-10 08:54:00,2025-11-11 00:54:00
7027,10926,usps,2025-02-27 00:02:19,2025-03-03 23:02:19
7028,10927,usps,2025-11-21 02:05:14,\N
7029,10929,fedex,2025-12-30 02:36:13,2025-12-31 23:59:59
703,1086,ups,2025-08-04 09:18:58,2025-08-05 20:18:58
7030,10930,dhl,2025-06-27 21:26:31,\N
7031,10931,dhl,2025-04-01 12:43:56,2025-04-02 00:43:56
7032,10933,usps,2025-02-15 01:42:00,2025-02-19 16:42:00
7033,10934,dhl,2025-01-06 10:33:16,2025-01-06 20:33:16
7034,10938,ups,2025-04-09 14:41:03,2025-04-11 00:41:03
7035,10940,dhl,2025-03-07 13:14:22,2025-03-13 06:14:22
7036,10942,fedex,2025-07-30 07:32:22,2025-08-04 10:32:22
7037,10943,dhl,2025-10-29 20:46:21,\N
7038,10944,ups,2025-08-04 01:18:43,2025-08-09 12:18:43
7039,10948,ups,2025-07-07 18:32:25,2025-07-10 17:32:25
704,1087,ups,2025-03-06 09:36:35,2025-03-08 15:36:35
7040,10949,usps,2025-04-11 04:22:04,2025-04-13 18:22:04
7041,10950,dhl,2025-03-30 07:49:37,2025-04-03 03:49:37
7042,10951,usps,2025-08-28 18:28:26,2025-09-01 16:28:26
7043,10952,fedex,2025-03-09 06:26:36,2025-03-12 00:26:36
7044,10953,ups,2025-07-13 22:14:30,2025-07-17 19:14:30
7045,10955,fedex,2025-04-22 22:49:44,2025-04-25 11:49:44
7046,10956,fedex,2025-09-30 12:18:43,2025-10-03 14:18:43
7047,10965,usps,2025-02-11 17:06:27,2025-02-12 15:06:27
7048,10966,ups,2025-07-14 07:32:18,2025-07-15 21:32:18
7049,10968,usps,2025-12-08 02:43:54,2025-12-13 17:43:54
705,1088,dhl,2025-06-12 21:52:14,2025-06-16 09:52:14
7050,10971,dhl,2025-09-26 03:54:11,2025-09-30 17:54:11
7051,10973,ups,2025-02-04 01:47:25,2025-02-06 13:47:25
7052,10974,ups,2025-09-11 01:00:09,2025-09-16 03:00:09
7053,10975,fedex,2025-10-31 18:46:20,2025-11-04 05:46:20
7054,10976,fedex,2025-10-18 06:49:44,2025-10-21 00:49:44
7055,10980,usps,2025-06-17 05:43:44,2025-06-22 02:43:44
7056,10981,usps,2025-01-27 04:13:13,2025-01-31 03:13:13
7057,10982,fedex,2025-08-05 15:00:25,2025-08-06 22:00:25
7058,10984,usps,2025-03-16 17:50:35,2025-03-17 17:50:35
7059,10986,dhl,2025-12-15 02:43:09,2025-12-19 06:43:09
706,1089,usps,2025-07-20 21:04:17,2025-07-26 00:04:17
7060,10987,ups,2025-11-30 14:11:56,2025-12-04 16:11:56
7061,10988,dhl,2025-05-31 14:48:18,2025-06-01 03:48:18
7062,10991,fedex,2025-03-06 19:34:53,\N
7063,10992,usps,2025-05-20 11:12:24,2025-05-22 03:12:24
7064,10993,usps,2025-07-16 19:36:22,2025-07-19 19:36:22
7065,10997,ups,2025-03-19 14:16:27,2025-03-24 10:16:27
7066,10998,usps,2025-12-02 08:11:10,2025-12-04 02:11:10
7067,11002,usps,2025-11-07 02:43:24,2025-11-09 05:43:24
7068,11003,ups,2025-11-29 04:26:03,2025-12-01 12:26:03
7069,11005,fedex,2025-01-10 12:24:23,2025-01-15 07:24:23
707,1091,fedex,2025-02-28 04:16:45,2025-03-03 02:16:45
7070,11006,ups,2025-06-07 22:24:50,2025-06-09 21:24:50
7071,11007,ups,2025-11-05 16:20:00,2025-11-07 17:20:00
7072,11010,fedex,2025-06-03 06:07:45,2025-06-05 22:07:45
7073,11012,dhl,2025-08-29 18:36:26,2025-08-30 07:36:26
7074,11013,fedex,2025-05-20 11:24:57,2025-05-25 21:24:57
7075,11014,ups,2025-12-04 23:39:01,2025-12-07 02:39:01
7076,11015,usps,2025-09-27 00:56:20,2025-09-27 21:56:20
7077,11018,fedex,2025-05-05 18:31:59,2025-05-07 05:31:59
7078,11019,fedex,2025-05-11 18:48:36,2025-05-14 23:48:36
7079,11020,dhl,2025-01-30 21:24:46,2025-02-02 04:24:46
708,1092,ups,2025-06-17 10:08:41,2025-06-19 02:08:41
7080,11021,dhl,2025-03-17 00:04:43,2025-03-18 11:04:43
7081,11022,ups,2025-06-17 20:32:58,2025-06-19 01:32:58
7082,11023,usps,2025-07-31 06:25:09,2025-08-05 21:25:09
7083,11024,ups,2025-02-01 17:31:50,2025-02-05 16:31:50
7084,11026,dhl,2025-04-08 04:10:19,2025-04-10 03:10:19
7085,11027,ups,2025-05-23 19:08:37,2025-05-27 05:08:37
7086,11028,ups,2025-11-25 22:55:58,2025-12-01 05:55:58
7087,11029,usps,2025-10-12 00:49:55,2025-10-13 03:49:55
7088,11032,usps,2025-10-06 06:33:08,2025-10-09 13:33:08
7089,11033,fedex,2025-10-06 16:04:14,\N
709,1093,dhl,2025-09-11 10:07:48,2025-09-13 14:07:48
7090,11036,dhl,2025-04-26 17:59:46,2025-05-02 12:59:46
7091,11037,ups,2025-02-19 21:55:42,2025-02-24 14:55:42
7092,11039,dhl,2025-04-01 21:00:52,2025-04-06 08:00:52
7093,11040,ups,2025-04-18 23:26:52,2025-04-22 02:26:52
7094,11041,usps,2025-08-21 21:36:19,2025-08-22 22:36:19
7095,11042,usps,2025-03-13 04:00:30,\N
7096,11043,usps,2025-09-05 20:35:46,2025-09-08 01:35:46
7097,11044,usps,2025-03-14 23:09:23,2025-03-18 13:09:23
7098,11046,ups,2025-10-21 08:14:31,2025-10-21 19:14:31
7099,11048,dhl,2025-02-25 12:22:02,2025-02-28 20:22:02
71,115,fedex,2025-10-22 19:19:04,2025-10-26 14:19:04
710,1094,fedex,2025-12-11 21:10:43,2025-12-17 13:10:43
7100,11049,dhl,2025-10-17 08:52:46,2025-10-22 07:52:46
7101,11050,usps,2025-05-08 17:31:46,2025-05-10 07:31:46
7102,11054,fedex,2025-11-23 12:37:33,2025-11-27 12:37:33
7103,11056,fedex,2025-06-09 08:34:07,2025-06-11 22:34:07
7104,11058,ups,2025-05-17 19:25:22,2025-05-18 20:25:22
7105,11059,fedex,2025-04-06 14:50:10,2025-04-09 00:50:10
7106,11061,ups,2025-12-07 12:09:07,2025-12-11 11:09:07
7107,11062,usps,2025-12-14 05:47:54,2025-12-16 20:47:54
7108,11063,fedex,2025-07-25 11:02:19,2025-07-26 16:02:19
7109,11064,fedex,2025-09-18 12:57:33,\N
711,1096,ups,2025-02-02 13:00:57,2025-02-07 18:00:57
7110,11067,usps,2025-10-22 13:17:08,2025-10-25 09:17:08
7111,11068,usps,2025-10-17 08:36:30,2025-10-18 17:36:30
7112,11070,usps,2025-01-29 13:24:14,2025-01-29 21:24:14
7113,11074,ups,2025-04-02 01:15:01,2025-04-03 03:15:01
7114,11078,ups,2025-05-08 20:22:05,2025-05-12 22:22:05
7115,11079,usps,2025-02-15 06:22:44,2025-02-20 17:22:44
7116,11081,ups,2025-02-12 22:09:36,2025-02-16 04:09:36
7117,11082,dhl,2025-08-11 03:49:20,2025-08-13 08:49:20
7118,11083,fedex,2025-02-18 23:05:57,2025-02-21 04:05:57
7119,11084,fedex,2025-10-14 19:14:48,2025-10-17 20:14:48
712,1097,dhl,2025-11-15 20:14:36,2025-11-19 18:14:36
7120,11085,fedex,2025-05-30 12:27:54,2025-06-05 01:27:54
7121,11087,fedex,2025-04-04 06:24:14,\N
7122,11088,ups,2025-09-23 20:44:59,2025-09-24 11:44:59
7123,11089,dhl,2025-05-12 06:46:47,2025-05-17 02:46:47
7124,11093,dhl,2025-10-09 06:13:56,2025-10-10 15:13:56
7125,11094,fedex,2025-04-15 23:36:48,2025-04-16 19:36:48
7126,11097,fedex,2025-11-27 04:24:12,2025-11-28 06:24:12
7127,11098,dhl,2025-12-23 11:13:50,2025-12-25 22:13:50
7128,11099,dhl,2025-02-15 22:09:41,\N
7129,11100,dhl,2025-02-15 05:14:57,2025-02-19 04:14:57
713,1098,ups,2025-06-13 13:47:10,2025-06-15 19:47:10
7130,11101,ups,2025-07-26 23:47:25,2025-07-31 23:47:25
7131,11103,usps,2025-05-09 18:06:46,2025-05-12 04:06:46
7132,11104,dhl,2025-10-12 06:54:26,\N
7133,11105,usps,2025-10-06 01:45:00,2025-10-11 04:45:00
7134,11107,fedex,2025-11-20 06:13:49,2025-11-25 20:13:49
7135,11111,usps,2025-11-11 18:55:09,2025-11-16 09:55:09
7136,11112,ups,2025-04-03 00:39:18,2025-04-05 02:39:18
7137,11113,usps,2025-11-15 11:39:54,\N
7138,11114,usps,2025-10-08 04:40:56,2025-10-10 15:40:56
7139,11115,ups,2025-08-16 01:12:01,2025-08-19 11:12:01
714,1100,ups,2025-08-20 22:11:03,2025-08-24 17:11:03
7140,11116,usps,2025-04-27 19:25:13,2025-05-02 02:25:13
7141,11117,ups,2025-03-08 23:18:20,2025-03-11 16:18:20
7142,11120,usps,2025-01-05 06:18:31,2025-01-08 03:18:31
7143,11121,dhl,2025-05-17 04:18:15,2025-05-20 04:18:15
7144,11122,ups,2025-07-02 17:38:59,\N
7145,11123,usps,2025-11-26 16:40:57,2025-12-01 20:40:57
7146,11124,ups,2025-09-04 20:01:36,2025-09-07 13:01:36
7147,11125,fedex,2025-09-12 12:42:55,2025-09-16 02:42:55
7148,11126,fedex,2025-02-06 02:10:48,2025-02-09 02:10:48
7149,11127,ups,2025-06-14 13:29:55,2025-06-16 11:29:55
715,1102,fedex,2025-07-22 21:02:39,2025-07-26 12:02:39
7150,11129,usps,2025-12-20 23:43:49,\N
7151,11130,fedex,2025-07-11 07:57:05,\N
7152,11132,ups,2025-04-09 15:28:50,\N
7153,11135,fedex,2025-11-27 03:19:35,2025-11-27 18:19:35
7154,11136,fedex,2025-02-11 17:50:10,2025-02-13 12:50:10
7155,11137,usps,2025-09-13 23:08:34,2025-09-17 03:08:34
7156,11138,usps,2025-01-21 07:09:41,2025-01-21 18:09:41
7157,11139,dhl,2025-05-19 19:56:43,2025-05-21 21:56:43
7158,11140,ups,2025-06-01 03:21:06,2025-06-03 20:21:06
7159,11141,dhl,2025-12-29 12:39:07,2025-12-31 23:59:59
716,1105,usps,2025-04-04 18:12:23,\N
7160,11142,fedex,2025-03-12 23:41:43,2025-03-16 11:41:43
7161,11143,usps,2025-03-19 01:52:16,2025-03-23 22:52:16
7162,11144,fedex,2025-07-14 22:25:34,2025-07-18 11:25:34
7163,11145,usps,2025-07-12 04:39:53,2025-07-16 06:39:53
7164,11146,usps,2025-05-08 04:21:32,2025-05-12 23:21:32
7165,11147,dhl,2025-03-31 12:22:04,2025-04-05 19:22:04
7166,11148,fedex,2025-06-16 08:13:09,2025-06-18 10:13:09
7167,11149,fedex,2025-05-01 03:51:57,2025-05-01 12:51:57
7168,11150,usps,2025-03-11 20:16:11,2025-03-15 20:16:11
7169,11151,dhl,2025-08-21 02:01:12,2025-08-23 12:01:12
717,1106,ups,2025-06-15 02:40:09,2025-06-16 16:40:09
7170,11152,dhl,2025-10-23 20:47:37,2025-10-28 22:47:37
7171,11153,ups,2025-10-22 07:43:33,2025-10-26 02:43:33
7172,11158,usps,2025-12-30 06:00:26,2025-12-31 19:00:26
7173,11159,ups,2025-01-03 20:33:33,2025-01-09 10:33:33
7174,11161,ups,2025-09-30 11:01:09,2025-10-05 15:01:09
7175,11162,fedex,2025-03-17 18:46:06,2025-03-23 07:46:06
7176,11165,fedex,2025-11-09 07:51:32,2025-11-13 20:51:32
7177,11166,usps,2025-07-06 12:23:58,2025-07-10 03:23:58
7178,11167,fedex,2025-01-05 19:09:03,2025-01-09 00:09:03
7179,11170,dhl,2025-10-09 00:53:03,2025-10-14 04:53:03
718,1107,dhl,2025-09-08 13:37:58,2025-09-11 22:37:58
7180,11171,dhl,2025-05-17 22:12:01,2025-05-19 18:12:01
7181,11173,ups,2025-04-28 01:52:57,2025-05-02 15:52:57
7182,11174,dhl,2025-04-01 02:24:15,2025-04-05 16:24:15
7183,11175,dhl,2025-11-05 03:19:38,2025-11-07 04:19:38
7184,11177,usps,2025-04-17 19:26:14,2025-04-18 07:26:14
7185,11179,ups,2025-08-05 11:36:21,2025-08-05 19:36:21
7186,11180,dhl,2025-03-09 03:37:54,2025-03-14 09:37:54
7187,11181,ups,2025-06-26 09:53:15,\N
7188,11182,usps,2025-01-12 14:41:51,2025-01-14 10:41:51
7189,11183,usps,2025-07-10 22:23:57,2025-07-15 20:23:57
719,1108,fedex,2025-01-06 01:43:34,2025-01-07 20:43:34
7190,11185,fedex,2025-09-17 09:56:51,2025-09-22 20:56:51
7191,11186,ups,2025-03-12 07:50:31,2025-03-14 02:50:31
7192,11187,fedex,2025-04-22 05:02:19,2025-04-27 08:02:19
7193,11188,usps,2025-08-12 03:19:52,2025-08-15 19:19:52
7194,11189,usps,2025-08-31 20:34:09,2025-09-02 12:34:09
7195,11190,usps,2025-06-21 14:06:47,2025-06-24 12:06:47
7196,11191,dhl,2025-08-13 13:09:38,2025-08-16 02:09:38
7197,11192,usps,2025-02-22 07:57:08,2025-02-25 04:57:08
7198,11193,fedex,2025-07-22 18:16:32,2025-07-23 11:16:32
7199,11195,ups,2025-05-10 04:31:45,\N
72,116,fedex,2025-02-04 16:40:22,2025-02-08 19:40:22
720,1109,dhl,2025-05-22 13:39:24,2025-05-27 15:39:24
7200,11196,usps,2025-05-06 07:08:20,2025-05-07 03:08:20
7201,11197,fedex,2025-03-08 00:52:49,2025-03-11 13:52:49
7202,11199,dhl,2025-08-10 20:59:06,2025-08-14 08:59:06
7203,11200,usps,2025-07-13 11:40:11,2025-07-18 14:40:11
7204,11201,ups,2025-12-23 19:10:08,2025-12-27 01:10:08
7205,11202,usps,2025-11-13 05:55:27,2025-11-17 11:55:27
7206,11204,ups,2025-11-24 00:25:51,2025-11-26 22:25:51
7207,11205,usps,2025-10-03 01:51:36,\N
7208,11206,usps,2025-12-13 08:19:54,2025-12-14 09:19:54
7209,11207,dhl,2025-04-23 05:49:08,2025-04-26 14:49:08
721,1110,dhl,2025-10-15 03:49:20,2025-10-20 17:49:20
7210,11208,usps,2025-12-25 05:29:09,2025-12-27 01:29:09
7211,11209,usps,2025-11-24 22:34:58,2025-11-29 01:34:58
7212,11210,ups,2025-11-03 22:09:40,2025-11-05 18:09:40
7213,11211,dhl,2025-03-21 11:05:39,2025-03-23 20:05:39
7214,11213,usps,2025-09-11 12:46:25,2025-09-16 17:46:25
7215,11214,fedex,2025-07-07 16:08:40,2025-07-08 12:08:40
7216,11215,usps,2025-10-27 10:04:55,2025-10-30 12:04:55
7217,11216,dhl,2025-08-05 15:49:58,2025-08-10 15:49:58
7218,11217,usps,2025-04-04 15:44:15,2025-04-07 06:44:15
7219,11219,dhl,2025-06-02 03:21:26,2025-06-07 14:21:26
722,1111,fedex,2025-09-10 08:42:14,2025-09-11 00:42:14
7220,11220,dhl,2025-12-18 18:22:46,2025-12-24 09:22:46
7221,11221,fedex,2025-08-20 08:29:48,2025-08-22 15:29:48
7222,11222,ups,2025-04-23 01:39:05,2025-04-24 09:39:05
7223,11223,fedex,2025-03-28 11:51:27,2025-04-01 11:51:27
7224,11224,usps,2025-06-18 00:02:33,2025-06-22 05:02:33
7225,11225,fedex,2025-05-18 15:40:39,2025-05-20 04:40:39
7226,11226,fedex,2025-02-17 23:02:31,2025-02-23 04:02:31
7227,11228,dhl,2025-08-04 13:16:43,2025-08-07 14:16:43
7228,11229,ups,2025-10-01 09:34:30,2025-10-05 21:34:30
7229,11231,usps,2025-10-13 01:00:41,\N
723,1114,usps,2025-11-27 17:42:47,2025-12-01 15:42:47
7230,11232,fedex,2025-05-11 08:39:47,2025-05-15 03:39:47
7231,11233,ups,2025-02-12 11:15:05,2025-02-15 18:15:05
7232,11238,dhl,2025-01-15 22:16:34,2025-01-17 09:16:34
7233,11240,ups,2025-04-24 23:16:33,2025-04-29 23:16:33
7234,11243,dhl,2025-01-16 22:22:05,2025-01-20 00:22:05
7235,11244,dhl,2025-04-01 04:54:17,\N
7236,11245,dhl,2025-07-21 18:37:00,2025-07-26 16:37:00
7237,11246,ups,2025-11-14 13:46:44,2025-11-17 14:46:44
7238,11247,usps,2025-06-18 11:29:10,2025-06-18 21:29:10
7239,11250,usps,2025-01-20 10:55:33,2025-01-22 01:55:33
724,1115,fedex,2025-10-10 01:27:29,2025-10-12 01:27:29
7240,11252,dhl,2025-07-05 15:39:42,2025-07-06 11:39:42
7241,11253,dhl,2025-01-07 05:38:09,2025-01-10 08:38:09
7242,11256,ups,2025-03-28 21:12:36,2025-03-31 22:12:36
7243,11257,dhl,2025-04-02 21:11:14,2025-04-04 10:11:14
7244,11258,ups,2025-06-06 07:30:09,2025-06-07 15:30:09
7245,11259,ups,2025-01-26 03:55:12,2025-01-27 12:55:12
7246,11260,dhl,2025-05-04 07:11:54,2025-05-04 19:11:54
7247,11261,fedex,2025-02-21 06:16:57,2025-02-21 17:16:57
7248,11262,fedex,2025-12-27 11:35:40,2025-12-29 03:35:40
7249,11264,usps,2025-04-03 09:12:44,2025-04-08 04:12:44
725,1116,usps,2025-10-18 05:47:25,2025-10-18 14:47:25
7250,11265,ups,2025-06-14 22:14:31,2025-06-18 01:14:31
7251,11266,usps,2025-12-11 05:54:21,2025-12-16 02:54:21
7252,11268,dhl,2026-01-01 11:27:00,2025-12-31 23:59:59
7253,11273,ups,2025-05-09 02:32:02,2025-05-14 09:32:02
7254,11274,ups,2025-08-19 03:57:32,2025-08-22 20:57:32
7255,11275,usps,2025-04-12 16:41:49,2025-04-14 16:41:49
7256,11276,usps,2025-03-05 13:09:20,2025-03-06 00:09:20
7257,11277,usps,2025-02-27 12:48:15,2025-02-27 18:48:15
7258,11279,usps,2025-03-14 11:25:21,2025-03-18 08:25:21
7259,11280,ups,2025-02-16 23:18:03,2025-02-18 19:18:03
726,1118,ups,2025-04-29 04:58:20,2025-05-04 08:58:20
7260,11282,fedex,2025-05-19 02:29:04,2025-05-22 04:29:04
7261,11284,dhl,2025-08-22 21:56:29,2025-08-26 16:56:29
7262,11285,fedex,2025-07-11 22:39:25,2025-07-13 02:39:25
7263,11286,dhl,2025-10-02 14:19:14,2025-10-06 13:19:14
7264,11288,dhl,2025-10-18 10:04:58,2025-10-20 21:04:58
7265,11289,fedex,2025-06-26 15:44:25,2025-07-01 19:44:25
7266,11290,dhl,2025-02-14 19:55:00,2025-02-16 12:55:00
7267,11291,fedex,2025-02-12 18:13:26,2025-02-15 11:13:26
7268,11292,dhl,2025-07-25 02:12:35,2025-07-30 09:12:35
7269,11293,fedex,2025-08-27 20:59:36,2025-09-02 02:59:36
727,1120,usps,2025-08-23 05:06:32,2025-08-25 04:06:32
7270,11294,usps,2025-04-27 06:26:59,2025-04-30 15:26:59
7271,11295,usps,2025-12-22 18:18:43,2025-12-25 05:18:43
7272,11296,fedex,2025-05-29 18:27:35,2025-06-04 08:27:35
7273,11300,ups,2025-01-22 01:59:05,2025-01-25 16:59:05
7274,11306,usps,2025-10-09 01:54:49,2025-10-13 13:54:49
7275,11308,usps,2025-03-21 03:22:39,2025-03-21 22:22:39
7276,11310,ups,2025-03-04 15:11:05,\N
7277,11312,usps,2025-07-30 12:27:59,2025-08-04 22:27:59
7278,11314,ups,2025-09-22 02:13:59,2025-09-25 23:13:59
7279,11315,fedex,2025-08-14 00:30:11,2025-08-18 04:30:11
728,1123,ups,2025-01-12 17:05:45,2025-01-14 04:05:45
7280,11316,dhl,2025-07-28 00:32:17,2025-07-31 03:32:17
7281,11317,ups,2025-03-17 17:23:18,2025-03-21 10:23:18
7282,11318,ups,2025-06-25 07:01:23,2025-06-27 06:01:23
7283,11319,usps,2025-07-17 09:26:53,2025-07-22 11:26:53
7284,11321,fedex,2025-06-03 15:52:25,2025-06-05 17:52:25
7285,11322,usps,2025-01-12 23:51:20,2025-01-18 07:51:20
7286,11323,fedex,2025-06-26 15:46:47,2025-06-28 06:46:47
7287,11325,fedex,2025-08-28 13:55:49,2025-08-30 07:55:49
7288,11327,ups,2025-06-06 07:24:16,2025-06-11 18:24:16
7289,11331,fedex,2025-06-27 19:57:14,2025-07-03 02:57:14
729,1124,usps,2025-01-14 06:48:58,2025-01-17 02:48:58
7290,11332,ups,2025-09-27 09:20:00,2025-09-30 19:20:00
7291,11336,dhl,2025-09-10 02:48:57,2025-09-10 18:48:57
7292,11337,dhl,2025-01-21 07:40:09,2025-01-26 15:40:09
7293,11338,ups,2025-04-13 19:45:57,2025-04-16 06:45:57
7294,11341,dhl,2025-05-25 19:19:14,2025-05-30 20:19:14
7295,11342,dhl,2025-10-02 10:30:36,2025-10-02 19:30:36
7296,11343,fedex,2025-11-12 19:52:01,2025-11-15 22:52:01
7297,11344,ups,2025-04-14 00:54:30,2025-04-15 04:54:30
7298,11346,usps,2025-09-24 00:07:25,2025-09-24 21:07:25
7299,11347,usps,2025-04-21 13:21:36,2025-04-26 08:21:36
73,118,dhl,2025-07-26 08:26:00,2025-07-30 07:26:00
730,1129,usps,2025-05-23 23:04:53,2025-05-28 08:04:53
7300,11348,usps,2025-09-14 06:26:04,2025-09-16 06:26:04
7301,11351,dhl,2025-11-04 22:45:49,2025-11-05 13:45:49
7302,11352,fedex,2025-08-22 08:00:59,2025-08-22 15:00:59
7303,11353,dhl,2025-04-15 02:07:04,2025-04-20 03:07:04
7304,11355,ups,2025-06-11 00:56:55,2025-06-13 05:56:55
7305,11356,usps,2025-07-15 11:10:14,\N
7306,11357,ups,2025-10-03 19:59:29,2025-10-09 10:59:29
7307,11358,ups,2025-12-23 17:48:32,2025-12-24 21:48:32
7308,11359,ups,2025-12-12 04:43:59,2025-12-17 08:43:59
7309,11360,dhl,2025-11-22 05:34:44,2025-11-25 17:34:44
731,1133,dhl,2025-05-28 03:48:08,2025-05-31 04:48:08
7310,11361,fedex,2025-07-08 17:51:25,2025-07-12 04:51:25
7311,11363,ups,2025-02-08 19:02:27,2025-02-10 21:02:27
7312,11364,usps,2025-02-28 22:04:35,2025-03-04 17:04:35
7313,11365,dhl,2025-08-16 14:49:43,2025-08-19 00:49:43
7314,11368,ups,2025-05-19 06:06:39,2025-05-20 19:06:39
7315,11370,fedex,2025-06-16 03:32:48,2025-06-21 11:32:48
7316,11372,dhl,2025-06-29 03:22:51,2025-06-30 07:22:51
7317,11374,ups,2025-07-27 19:57:55,2025-07-31 11:57:55
7318,11375,usps,2025-03-20 07:12:48,2025-03-25 16:12:48
7319,11376,dhl,2025-12-19 20:44:58,2025-12-25 02:44:58
732,1134,fedex,2025-12-27 17:11:46,2025-12-29 02:11:46
7320,11378,usps,2025-10-30 08:46:22,2025-11-02 00:46:22
7321,11383,ups,2025-12-06 04:44:47,2025-12-10 07:44:47
7322,11384,fedex,2025-05-14 16:08:11,\N
7323,11385,fedex,2025-06-18 22:36:05,2025-06-24 16:36:05
7324,11386,dhl,2025-10-15 19:20:41,2025-10-21 10:20:41
7325,11389,ups,2025-11-15 00:32:40,2025-11-20 16:32:40
7326,11390,fedex,2025-09-17 01:16:14,2025-09-18 19:16:14
7327,11393,fedex,2025-11-22 15:55:09,2025-11-27 11:55:09
7328,11394,fedex,2025-05-18 10:15:22,\N
7329,11396,usps,2025-11-13 08:24:27,\N
733,1135,ups,2025-12-30 10:46:26,2025-12-31 23:59:59
7330,11397,dhl,2025-08-09 23:00:59,2025-08-12 02:00:59
7331,11398,fedex,2025-08-30 20:02:52,2025-09-05 13:02:52
7332,11399,ups,2025-09-10 04:40:41,2025-09-13 23:40:41
7333,11400,dhl,2025-01-23 20:53:14,2025-01-26 12:53:14
7334,11401,fedex,2025-04-19 06:25:08,2025-04-22 10:25:08
7335,11402,usps,2025-04-03 17:17:01,2025-04-04 01:17:01
7336,11404,ups,2025-12-30 06:59:35,2025-12-31 23:59:59
7337,11405,ups,2025-05-17 15:56:02,\N
7338,11406,ups,2025-11-13 01:53:38,2025-11-16 08:53:38
7339,11408,fedex,2025-06-24 05:44:13,\N
734,1136,fedex,2025-05-12 12:04:08,2025-05-14 03:04:08
7340,11409,usps,2025-09-04 19:25:17,\N
7341,11410,usps,2025-09-19 01:31:58,2025-09-21 14:31:58
7342,11414,ups,2025-02-11 00:27:29,2025-02-14 08:27:29
7343,11415,dhl,2025-04-17 09:25:10,2025-04-20 10:25:10
7344,11416,dhl,2025-01-14 03:10:17,2025-01-19 08:10:17
7345,11417,dhl,2025-12-06 22:29:36,2025-12-10 14:29:36
7346,11421,dhl,2025-12-27 19:54:14,2025-12-31 07:54:14
7347,11422,usps,2025-01-10 08:10:24,2025-01-15 23:10:24
7348,11423,fedex,2025-03-04 11:40:17,2025-03-08 08:40:17
7349,11424,fedex,2025-12-16 10:39:13,2025-12-19 17:39:13
735,1137,fedex,2025-10-30 05:00:36,2025-11-02 06:00:36
7350,11425,usps,2025-07-05 16:40:54,2025-07-08 10:40:54
7351,11426,fedex,2025-02-17 22:42:21,2025-02-18 05:42:21
7352,11427,fedex,2025-07-05 07:48:01,2025-07-10 11:48:01
7353,11428,dhl,2025-05-29 05:02:00,2025-06-01 19:02:00
7354,11430,dhl,2025-03-06 19:30:47,2025-03-08 04:30:47
7355,11431,usps,2025-09-09 10:14:11,2025-09-10 05:14:11
7356,11432,dhl,2025-03-23 15:58:28,2025-03-26 12:58:28
7357,11433,fedex,2025-11-11 12:35:57,2025-11-16 10:35:57
7358,11434,usps,2025-07-15 04:33:37,2025-07-17 23:33:37
7359,11435,dhl,2025-06-27 04:17:51,2025-06-28 19:17:51
736,1139,fedex,2025-07-12 08:29:39,2025-07-16 05:29:39
7360,11438,ups,2025-01-15 22:15:57,2025-01-19 17:15:57
7361,11441,ups,2025-04-20 11:39:27,2025-04-26 03:39:27
7362,11442,ups,2025-09-13 18:40:03,2025-09-17 10:40:03
7363,11443,fedex,2025-09-04 13:51:32,2025-09-06 12:51:32
7364,11444,usps,2025-09-04 18:12:43,2025-09-08 21:12:43
7365,11447,dhl,2025-03-11 20:03:27,2025-03-13 16:03:27
7366,11448,ups,2025-12-28 06:29:20,2025-12-31 23:59:59
7367,11449,ups,2025-08-22 13:38:25,\N
7368,11450,fedex,2025-07-11 17:10:28,2025-07-12 11:10:28
7369,11453,fedex,2025-10-15 01:30:55,2025-10-15 09:30:55
737,1140,ups,2025-05-23 20:33:19,2025-05-27 22:33:19
7370,11454,dhl,2025-05-18 05:14:56,2025-05-23 19:14:56
7371,11455,fedex,2025-07-08 11:34:52,2025-07-08 21:34:52
7372,11459,fedex,2025-12-13 04:15:45,2025-12-15 05:15:45
7373,11461,usps,2025-09-01 18:25:52,2025-09-05 17:25:52
7374,11462,ups,2025-08-12 04:04:10,2025-08-16 14:04:10
7375,11463,ups,2025-10-26 02:10:16,2025-10-31 11:10:16
7376,11465,ups,2025-07-13 04:51:57,2025-07-15 06:51:57
7377,11467,usps,2025-12-19 16:36:11,2025-12-24 23:36:11
7378,11468,dhl,2025-03-11 03:52:00,2025-03-13 23:52:00
7379,11469,usps,2025-02-08 02:43:07,2025-02-08 16:43:07
738,1143,ups,2025-04-09 04:27:44,2025-04-13 03:27:44
7380,11471,fedex,2025-11-17 11:04:53,2025-11-20 08:04:53
7381,11472,usps,2025-12-13 06:26:34,2025-12-14 13:26:34
7382,11473,fedex,2025-08-28 15:07:14,2025-08-30 01:07:14
7383,11474,dhl,2025-03-05 13:51:07,2025-03-10 23:51:07
7384,11475,usps,2025-04-07 20:10:14,2025-04-10 18:10:14
7385,11479,fedex,2025-04-22 18:36:27,\N
7386,11480,fedex,2025-09-17 12:40:49,2025-09-17 22:40:49
7387,11484,ups,2025-05-28 11:02:11,2025-05-31 01:02:11
7388,11485,fedex,2025-10-29 18:11:53,2025-11-01 04:11:53
7389,11486,fedex,2025-03-08 11:57:36,2025-03-11 12:57:36
739,1144,ups,2025-06-23 04:10:20,2025-06-26 10:10:20
7390,11489,usps,2025-09-23 11:10:28,2025-09-25 22:10:28
7391,11492,dhl,2025-05-27 01:12:00,2025-05-31 16:12:00
7392,11494,fedex,2025-10-16 12:25:16,2025-10-20 05:25:16
7393,11495,fedex,2025-04-25 16:36:30,2025-04-27 07:36:30
7394,11496,dhl,2025-08-30 10:01:28,2025-09-03 06:01:28
7395,11497,dhl,2025-05-29 19:10:33,2025-06-01 20:10:33
7396,11498,fedex,2025-09-22 07:44:35,2025-09-25 09:44:35
7397,11502,dhl,2025-07-26 21:02:01,2025-07-28 12:02:01
7398,11503,fedex,2025-03-09 22:29:04,2025-03-14 17:29:04
7399,11504,usps,2025-05-02 01:06:58,2025-05-06 19:06:58
74,119,dhl,2025-12-31 19:27:11,2025-12-31 23:59:59
740,1146,dhl,2025-09-11 23:57:09,2025-09-13 13:57:09
7400,11505,fedex,2025-05-17 15:46:47,\N
7401,11507,fedex,2025-03-25 18:45:12,2025-03-29 19:45:12
7402,11508,ups,2025-01-16 09:10:42,2025-01-17 06:10:42
7403,11509,dhl,2025-11-04 04:25:06,2025-11-05 16:25:06
7404,11510,ups,2025-08-19 04:22:55,2025-08-21 19:22:55
7405,11513,fedex,2025-07-03 15:24:29,2025-07-07 23:24:29
7406,11514,ups,2025-08-07 05:35:48,2025-08-09 02:35:48
7407,11515,usps,2025-08-26 10:50:57,2025-08-30 15:50:57
7408,11518,ups,2025-01-23 22:49:20,2025-01-24 18:49:20
7409,11521,fedex,2025-05-08 14:43:41,2025-05-13 17:43:41
741,1147,ups,2025-06-18 05:53:11,2025-06-20 00:53:11
7410,11522,fedex,2025-08-31 14:24:29,2025-09-02 16:24:29
7411,11525,ups,2025-11-10 11:17:41,2025-11-15 02:17:41
7412,11527,dhl,2025-10-26 11:05:31,2025-10-31 07:05:31
7413,11530,ups,2025-12-14 02:58:52,2025-12-14 18:58:52
7414,11531,fedex,2025-03-16 10:38:03,2025-03-21 20:38:03
7415,11533,usps,2025-07-03 18:56:00,2025-07-07 14:56:00
7416,11534,fedex,2025-07-30 16:31:18,2025-07-31 19:31:18
7417,11535,usps,2025-05-31 05:34:42,2025-06-04 23:34:42
7418,11536,ups,2025-11-22 08:56:46,2025-11-27 02:56:46
7419,11537,dhl,2025-10-15 20:28:42,2025-10-18 15:28:42
742,1149,dhl,2025-09-21 09:38:23,2025-09-22 14:38:23
7420,11538,usps,2025-02-10 21:15:20,2025-02-15 17:15:20
7421,11542,usps,2025-04-11 19:40:55,2025-04-12 05:40:55
7422,11543,dhl,2025-12-05 14:29:49,2025-12-08 09:29:49
7423,11544,dhl,2025-10-20 17:30:15,2025-10-23 00:30:15
7424,11545,dhl,2025-11-12 21:59:16,2025-11-14 08:59:16
7425,11546,usps,2025-07-27 04:26:15,2025-07-29 19:26:15
7426,11547,dhl,2025-07-17 04:01:52,2025-07-18 16:01:52
7427,11549,ups,2025-01-14 02:32:24,2025-01-16 00:32:24
7428,11551,dhl,2025-05-31 12:16:26,2025-06-02 04:16:26
7429,11553,dhl,2025-05-01 14:35:26,2025-05-04 01:35:26
743,1150,fedex,2025-09-13 05:30:29,2025-09-19 00:30:29
7430,11554,usps,2025-02-03 14:21:51,2025-02-04 03:21:51
7431,11556,fedex,2025-09-27 22:16:29,2025-10-03 07:16:29
7432,11557,usps,2025-10-07 04:52:06,2025-10-11 23:52:06
7433,11558,ups,2025-07-18 10:32:41,2025-07-19 15:32:41
7434,11559,usps,2025-12-28 20:38:40,2025-12-31 10:38:40
7435,11562,usps,2025-04-10 11:48:38,\N
7436,11563,usps,2025-03-03 18:22:35,2025-03-05 23:22:35
7437,11564,ups,2025-04-26 00:22:08,2025-04-30 07:22:08
7438,11565,dhl,2025-06-15 16:30:27,2025-06-19 05:30:27
7439,11567,ups,2025-11-05 19:49:44,2025-11-07 20:49:44
744,1151,usps,2025-12-31 04:47:56,2025-12-31 23:59:59
7440,11568,ups,2025-06-19 13:10:12,2025-06-21 17:10:12
7441,11572,ups,2025-12-12 23:19:19,2025-12-16 11:19:19
7442,11573,fedex,2025-02-08 20:43:28,2025-02-13 07:43:28
7443,11574,usps,2025-05-29 09:58:52,2025-06-01 03:58:52
7444,11575,dhl,2025-01-11 02:43:04,2025-01-16 16:43:04
7445,11576,fedex,2025-02-20 18:10:52,2025-02-25 07:10:52
7446,11577,ups,2025-09-01 14:53:56,2025-09-03 07:53:56
7447,11579,dhl,2025-04-29 21:42:02,2025-05-02 07:42:02
7448,11580,ups,2025-04-18 15:23:00,2025-04-22 16:23:00
7449,11581,usps,2025-03-11 18:33:51,2025-03-14 13:33:51
745,1152,ups,2025-03-12 13:07:39,2025-03-18 02:07:39
7450,11582,dhl,2025-01-05 09:36:42,2025-01-07 02:36:42
7451,11583,dhl,2025-06-06 22:58:28,2025-06-09 19:58:28
7452,11585,usps,2025-03-20 18:57:45,2025-03-21 00:57:45
7453,11588,fedex,2025-10-04 11:45:29,2025-10-05 22:45:29
7454,11590,ups,2025-08-07 04:05:25,2025-08-09 10:05:25
7455,11591,usps,2025-08-27 08:20:06,\N
7456,11592,fedex,2025-12-06 19:44:56,2025-12-10 13:44:56
7457,11593,ups,2025-07-06 03:07:13,\N
7458,11596,fedex,2025-02-12 12:56:28,2025-02-18 04:56:28
7459,11597,ups,2025-12-03 09:28:26,2025-12-08 07:28:26
746,1155,ups,2025-02-19 23:10:35,2025-02-24 22:10:35
7460,11598,fedex,2025-03-31 03:10:45,2025-04-02 20:10:45
7461,11599,fedex,2025-03-06 18:37:00,2025-03-11 14:37:00
7462,11602,fedex,2025-12-28 17:54:10,2025-12-30 23:54:10
7463,11603,ups,2025-01-19 21:21:35,2025-01-24 15:21:35
7464,11604,fedex,2025-06-10 18:47:05,2025-06-15 00:47:05
7465,11605,usps,2025-03-12 18:37:10,\N
7466,11606,ups,2025-05-11 09:06:46,2025-05-12 08:06:46
7467,11607,ups,2025-01-15 02:28:23,2025-01-17 03:28:23
7468,11611,ups,2025-03-01 08:20:42,2025-03-02 09:20:42
7469,11612,usps,2025-08-07 14:55:28,2025-08-12 19:55:28
747,1156,dhl,2025-10-13 13:26:16,2025-10-16 21:26:16
7470,11614,ups,2025-06-06 07:24:48,2025-06-06 14:24:48
7471,11615,dhl,2025-05-26 00:01:22,2025-05-28 10:01:22
7472,11616,ups,2025-09-21 06:27:08,2025-09-21 13:27:08
7473,11617,ups,2025-08-21 06:06:04,2025-08-26 11:06:04
7474,11618,dhl,2025-08-16 11:45:40,2025-08-17 13:45:40
7475,11621,usps,2025-04-15 01:33:39,2025-04-19 03:33:39
7476,11623,fedex,2025-07-04 06:02:32,2025-07-05 11:02:32
7477,11624,dhl,2025-04-27 13:39:17,2025-04-30 23:39:17
7478,11626,usps,2025-10-28 20:26:13,2025-10-29 17:26:13
7479,11629,usps,2025-03-20 07:14:13,2025-03-24 22:14:13
748,1159,ups,2025-05-05 13:05:43,2025-05-10 22:05:43
7480,11630,fedex,2025-09-09 22:17:49,2025-09-15 00:17:49
7481,11632,usps,2025-08-23 23:50:46,2025-08-28 05:50:46
7482,11633,ups,2025-09-11 10:56:44,\N
7483,11636,usps,2025-09-07 15:49:40,2025-09-09 04:49:40
7484,11638,usps,2025-09-22 18:54:17,2025-09-24 21:54:17
7485,11640,ups,2025-06-18 12:22:23,2025-06-18 22:22:23
7486,11642,fedex,2025-12-31 16:58:52,2025-12-31 23:59:59
7487,11643,fedex,2025-06-04 14:23:14,2025-06-08 12:23:14
7488,11644,ups,2025-12-31 06:05:31,2025-12-31 23:59:59
7489,11645,dhl,2025-04-27 10:26:06,2025-04-28 02:26:06
749,1160,usps,2025-02-13 13:35:22,2025-02-17 02:35:22
7490,11646,dhl,2025-09-05 18:15:32,\N
7491,11647,usps,2025-01-12 17:29:35,2025-01-13 20:29:35
7492,11648,ups,2025-04-05 18:04:40,2025-04-08 22:04:40
7493,11649,dhl,2025-04-10 19:56:02,2025-04-11 14:56:02
7494,11650,dhl,2025-09-03 20:31:21,2025-09-09 02:31:21
7495,11652,usps,2025-11-15 05:56:34,2025-11-17 18:56:34
7496,11654,dhl,2025-08-24 04:43:10,2025-08-28 14:43:10
7497,11656,ups,2025-11-24 03:37:31,2025-11-25 02:37:31
7498,11657,dhl,2025-07-16 14:23:48,2025-07-20 17:23:48
7499,11659,usps,2025-11-22 23:13:22,2025-11-24 19:13:22
75,120,ups,2025-11-05 00:02:11,2025-11-07 17:02:11
750,1162,ups,2025-05-23 07:27:32,\N
7500,11660,ups,2025-06-05 12:35:17,2025-06-07 10:35:17
7501,11661,fedex,2025-01-15 08:32:50,2025-01-18 10:32:50
7502,11663,usps,2025-11-15 17:42:01,2025-11-21 04:42:01
7503,11664,ups,2025-11-29 16:31:47,2025-11-30 16:31:47
7504,11665,fedex,2025-03-09 22:59:09,2025-03-15 15:59:09
7505,11667,ups,2025-02-27 02:33:36,2025-03-01 08:33:36
7506,11668,usps,2025-10-20 21:00:43,2025-10-24 07:00:43
7507,11669,dhl,2025-04-26 12:44:11,2025-04-28 13:44:11
7508,11670,ups,2025-04-29 12:41:13,\N
7509,11671,dhl,2025-10-14 21:08:06,2025-10-19 21:08:06
751,1163,fedex,2025-09-27 12:05:30,2025-09-28 08:05:30
7510,11672,usps,2025-01-11 18:21:35,2025-01-15 17:21:35
7511,11673,dhl,2025-06-24 23:57:16,2025-06-27 20:57:16
7512,11674,ups,2025-08-17 15:18:04,2025-08-19 20:18:04
7513,11675,fedex,2025-05-27 16:13:21,\N
7514,11677,ups,2025-07-28 14:06:40,2025-07-31 04:06:40
7515,11679,dhl,2025-09-12 20:37:51,2025-09-15 16:37:51
7516,11680,fedex,2025-04-30 04:39:26,2025-05-01 19:39:26
7517,11681,ups,2025-08-19 04:53:25,2025-08-23 00:53:25
7518,11683,usps,2025-11-07 06:32:15,2025-11-08 07:32:15
7519,11684,ups,2025-02-22 17:17:53,2025-02-27 08:17:53
752,1165,usps,2025-07-15 19:07:09,2025-07-18 17:07:09
7520,11685,usps,2025-04-17 23:13:39,2025-04-18 12:13:39
7521,11687,usps,2025-07-28 06:24:41,\N
7522,11688,usps,2025-03-15 22:10:38,2025-03-20 18:10:38
7523,11691,dhl,2025-09-14 23:14:47,2025-09-17 15:14:47
7524,11693,ups,2025-05-25 22:41:20,2025-05-29 00:41:20
7525,11694,fedex,2025-09-21 16:49:34,2025-09-22 22:49:34
7526,11695,ups,2025-12-23 06:06:50,2025-12-23 12:06:50
7527,11696,dhl,2025-12-09 13:54:37,2025-12-14 01:54:37
7528,11698,fedex,2025-06-15 19:43:54,2025-06-21 03:43:54
7529,11700,usps,2025-07-07 13:34:02,2025-07-10 16:34:02
753,1166,usps,2025-03-26 00:47:22,2025-03-30 21:47:22
7530,11701,usps,2025-04-26 14:56:07,2025-05-01 16:56:07
7531,11702,fedex,2025-08-20 00:53:17,2025-08-20 12:53:17
7532,11703,ups,2025-09-16 18:46:48,2025-09-21 08:46:48
7533,11704,ups,2025-10-08 07:25:16,2025-10-10 02:25:16
7534,11705,fedex,2025-06-10 07:41:21,2025-06-15 21:41:21
7535,11706,usps,2025-08-02 02:38:45,\N
7536,11709,usps,2025-04-25 13:50:53,2025-04-28 08:50:53
7537,11710,fedex,2025-09-11 00:29:38,2025-09-15 01:29:38
7538,11711,ups,2025-09-12 23:27:56,2025-09-17 13:27:56
7539,11712,ups,2025-03-16 04:32:26,2025-03-16 12:32:26
754,1168,ups,2025-07-08 14:49:26,2025-07-14 02:49:26
7540,11713,fedex,2025-10-26 11:10:32,2025-10-29 02:10:32
7541,11714,fedex,2025-06-06 20:25:39,2025-06-09 23:25:39
7542,11718,ups,2025-12-13 07:51:11,2025-12-14 22:51:11
7543,11719,usps,2025-10-26 10:44:25,2025-10-29 11:44:25
7544,11720,fedex,2025-07-06 14:57:43,2025-07-10 14:57:43
7545,11721,usps,2025-05-11 06:34:36,2025-05-11 13:34:36
7546,11722,fedex,2025-03-09 08:29:17,2025-03-14 05:29:17
7547,11723,dhl,2025-10-31 22:41:50,2025-11-04 02:41:50
7548,11724,fedex,2025-11-19 03:49:55,2025-11-22 09:49:55
7549,11725,usps,2025-04-30 09:27:39,\N
755,1169,dhl,2025-09-23 18:01:58,2025-09-26 21:01:58
7550,11728,ups,2025-03-20 23:45:17,2025-03-22 23:45:17
7551,11729,fedex,2025-03-24 16:20:44,\N
7552,11730,dhl,2025-09-27 23:55:26,2025-09-30 15:55:26
7553,11731,ups,2025-11-24 17:25:17,2025-11-29 20:25:17
7554,11732,dhl,2025-03-21 06:14:05,2025-03-23 10:14:05
7555,11733,dhl,2025-12-26 18:01:16,2025-12-27 04:01:16
7556,11734,dhl,2025-11-24 23:54:39,2025-11-26 09:54:39
7557,11735,ups,2025-11-02 19:57:12,2025-11-03 07:57:12
7558,11736,fedex,2025-09-01 22:12:56,2025-09-03 20:12:56
7559,11737,ups,2025-01-18 19:09:59,2025-01-21 09:09:59
756,1170,dhl,2025-01-15 19:17:39,2025-01-17 10:17:39
7560,11739,usps,2025-04-25 15:10:25,2025-04-29 04:10:25
7561,11741,dhl,2025-03-19 05:19:59,2025-03-23 16:19:59
7562,11742,ups,2025-04-27 07:56:39,2025-04-27 21:56:39
7563,11743,usps,2025-01-11 14:51:34,\N
7564,11744,ups,2025-07-24 08:12:36,2025-07-28 15:12:36
7565,11746,fedex,2025-04-23 03:58:41,2025-04-28 12:58:41
7566,11747,fedex,2025-10-17 20:26:02,\N
7567,11748,fedex,2025-11-28 01:59:18,2025-11-29 07:59:18
7568,11749,usps,2025-02-19 12:35:32,2025-02-22 21:35:32
7569,11750,usps,2025-12-31 15:58:35,2025-12-31 23:59:59
757,1171,usps,2025-04-06 02:23:24,\N
7570,11751,usps,2025-10-04 21:10:53,2025-10-07 22:10:53
7571,11752,usps,2025-07-17 11:12:46,2025-07-19 23:12:46
7572,11753,usps,2025-05-07 05:43:36,2025-05-12 07:43:36
7573,11754,fedex,2025-09-21 10:29:28,\N
7574,11755,ups,2025-03-11 06:31:18,2025-03-14 06:31:18
7575,11757,usps,2025-09-01 23:13:01,2025-09-03 11:13:01
7576,11758,dhl,2025-09-03 00:08:10,2025-09-07 22:08:10
7577,11759,ups,2025-03-20 06:01:03,\N
7578,11760,usps,2025-01-25 16:29:04,2025-01-28 17:29:04
7579,11762,usps,2025-07-03 23:15:49,\N
758,1172,ups,2025-02-26 06:33:04,2025-03-03 23:33:04
7580,11763,usps,2025-11-01 14:53:37,2025-11-02 10:53:37
7581,11764,dhl,2025-10-13 14:43:30,2025-10-17 01:43:30
7582,11765,usps,2025-08-27 20:36:37,2025-08-29 01:36:37
7583,11766,fedex,2025-11-24 14:42:04,2025-11-26 12:42:04
7584,11768,ups,2025-06-10 03:50:24,2025-06-10 12:50:24
7585,11769,ups,2025-07-10 03:40:54,2025-07-14 06:40:54
7586,11770,fedex,2025-01-29 21:06:41,2025-02-02 00:06:41
7587,11772,dhl,2025-05-08 19:40:24,2025-05-11 08:40:24
7588,11773,fedex,2025-01-27 16:42:46,2025-01-28 20:42:46
7589,11774,fedex,2025-01-16 05:48:19,2025-01-21 03:48:19
759,1173,fedex,2025-08-27 20:54:57,2025-08-29 22:54:57
7590,11776,usps,2025-05-23 20:02:43,2025-05-25 10:02:43
7591,11777,ups,2025-11-28 21:30:29,2025-12-02 19:30:29
7592,11778,usps,2025-05-06 13:05:47,2025-05-07 01:05:47
7593,11779,usps,2025-06-16 01:11:51,\N
7594,11782,dhl,2025-11-11 02:13:04,\N
7595,11783,ups,2025-03-10 19:00:20,2025-03-12 00:00:20
7596,11784,usps,2025-03-20 23:36:46,\N
7597,11785,dhl,2025-10-01 08:48:00,2025-10-04 08:48:00
7598,11786,fedex,2025-11-04 15:50:20,2025-11-08 19:50:20
7599,11788,usps,2025-08-19 16:56:00,\N
76,121,dhl,2025-09-10 07:56:12,2025-09-12 21:56:12
760,1175,fedex,2025-05-05 23:11:21,2025-05-07 06:11:21
7600,11789,ups,2025-02-20 19:36:11,2025-02-25 07:36:11
7601,11790,usps,2025-09-07 09:08:17,2025-09-12 11:08:17
7602,11791,fedex,2025-04-03 03:43:11,\N
7603,11792,fedex,2025-02-15 20:20:16,2025-02-20 07:20:16
7604,11793,fedex,2025-01-04 08:13:17,2025-01-04 23:13:17
7605,11794,fedex,2025-04-09 09:48:29,2025-04-14 02:48:29
7606,11795,ups,2025-04-22 11:27:20,2025-04-27 12:27:20
7607,11796,dhl,2025-07-22 13:36:36,2025-07-23 10:36:36
7608,11797,dhl,2025-10-04 23:09:03,2025-10-08 10:09:03
7609,11798,ups,2025-06-28 12:08:55,2025-06-30 07:08:55
761,1177,usps,2025-12-14 00:40:27,2025-12-18 23:40:27
7610,11802,dhl,2025-02-04 11:25:30,2025-02-05 08:25:30
7611,11803,dhl,2025-01-22 18:08:49,2025-01-26 18:08:49
7612,11804,ups,2025-07-30 10:33:42,2025-08-01 03:33:42
7613,11805,dhl,2025-07-09 09:30:23,2025-07-13 14:30:23
7614,11806,usps,2025-06-13 16:30:41,2025-06-15 15:30:41
7615,11807,dhl,2025-06-01 11:59:08,2025-06-06 18:59:08
7616,11808,dhl,2025-07-23 03:05:36,2025-07-25 16:05:36
7617,11811,usps,2025-04-14 06:06:51,2025-04-14 12:06:51
7618,11812,dhl,2025-03-14 22:04:51,\N
7619,11813,fedex,2025-01-22 05:52:33,2025-01-25 13:52:33
762,1179,dhl,2025-08-22 23:08:12,2025-08-24 22:08:12
7620,11814,usps,2025-04-14 13:50:33,2025-04-17 02:50:33
7621,11815,fedex,2025-11-21 10:43:14,2025-11-24 10:43:14
7622,11817,ups,2025-01-23 02:57:58,2025-01-26 15:57:58
7623,11822,dhl,2025-04-01 17:57:58,2025-04-06 04:57:58
7624,11823,dhl,2025-07-01 03:25:43,2025-07-02 01:25:43
7625,11825,fedex,2025-01-18 09:55:55,2025-01-22 06:55:55
7626,11826,usps,2025-10-14 07:50:06,2025-10-17 04:50:06
7627,11828,ups,2025-09-12 07:03:58,2025-09-16 13:03:58
7628,11829,fedex,2025-05-10 00:19:30,2025-05-12 06:19:30
7629,11831,usps,2025-05-29 06:57:30,2025-06-01 17:57:30
763,1181,usps,2025-07-02 00:25:59,2025-07-05 18:25:59
7630,11832,ups,2025-03-09 12:44:51,2025-03-12 15:44:51
7631,11834,ups,2025-04-28 08:10:16,2025-05-02 18:10:16
7632,11836,fedex,2025-05-26 00:32:14,2025-05-31 19:32:14
7633,11837,fedex,2025-06-21 04:14:30,2025-06-25 02:14:30
7634,11840,dhl,2025-10-10 09:28:34,2025-10-14 01:28:34
7635,11842,fedex,2025-06-13 15:02:04,2025-06-14 11:02:04
7636,11843,dhl,2025-10-14 06:57:10,\N
7637,11844,ups,2025-12-29 00:01:31,2025-12-31 23:59:59
7638,11845,ups,2025-11-14 22:51:10,2025-11-19 01:51:10
7639,11846,usps,2025-02-12 06:58:32,2025-02-13 17:58:32
764,1182,usps,2025-08-05 08:37:17,2025-08-09 23:37:17
7640,11848,ups,2025-07-15 23:01:22,2025-07-18 02:01:22
7641,11849,fedex,2025-07-26 05:15:21,\N
7642,11852,usps,2025-10-28 19:28:37,2025-11-03 12:28:37
7643,11853,fedex,2025-08-14 21:13:31,2025-08-18 00:13:31
7644,11854,usps,2025-02-16 13:43:16,2025-02-17 20:43:16
7645,11855,usps,2025-01-12 01:33:33,2025-01-13 07:33:33
7646,11857,usps,2025-12-21 00:25:30,2025-12-24 07:25:30
7647,11861,dhl,2025-11-09 00:21:43,2025-11-12 07:21:43
7648,11862,usps,2025-01-11 15:48:45,2025-01-12 07:48:45
7649,11864,ups,2025-10-05 13:53:52,2025-10-07 11:53:52
765,1183,dhl,2025-04-29 02:19:00,2025-05-04 15:19:00
7650,11865,dhl,2025-03-05 21:15:03,2025-03-11 10:15:03
7651,11866,dhl,2025-08-12 14:37:22,2025-08-13 09:37:22
7652,11868,usps,2025-03-10 09:04:33,2025-03-15 14:04:33
7653,11870,fedex,2025-06-04 03:40:45,\N
7654,11871,fedex,2025-06-07 10:59:36,2025-06-08 17:59:36
7655,11873,dhl,2025-05-27 18:17:57,2025-06-01 23:17:57
7656,11874,fedex,2025-04-19 07:46:22,2025-04-23 16:46:22
7657,11875,usps,2025-07-09 10:31:10,2025-07-11 13:31:10
7658,11877,ups,2025-11-14 13:49:12,2025-11-19 13:49:12
7659,11878,usps,2025-11-17 11:24:27,2025-11-18 04:24:27
766,1184,usps,2025-05-21 12:53:35,2025-05-25 23:53:35
7660,11880,usps,2025-02-07 08:17:45,2025-02-12 15:17:45
7661,11881,ups,2025-07-24 03:25:35,2025-07-25 12:25:35
7662,11884,dhl,2025-07-25 10:51:25,2025-07-27 12:51:25
7663,11886,dhl,2025-06-03 15:23:32,2025-06-07 21:23:32
7664,11889,fedex,2025-07-13 13:08:31,2025-07-18 21:08:31
7665,11891,dhl,2025-12-25 11:00:27,2025-12-27 21:00:27
7666,11892,ups,2025-11-13 17:14:02,2025-11-16 03:14:02
7667,11894,ups,2025-09-16 18:19:37,2025-09-22 00:19:37
7668,11895,ups,2025-06-15 03:06:45,2025-06-20 01:06:45
7669,11896,ups,2025-02-08 01:44:25,2025-02-11 03:44:25
767,1186,fedex,2025-07-06 22:31:29,2025-07-12 08:31:29
7670,11897,dhl,2025-12-09 08:34:22,2025-12-11 16:34:22
7671,11899,fedex,2025-04-11 02:10:10,2025-04-13 10:10:10
7672,11900,usps,2025-09-28 05:51:11,2025-09-30 08:51:11
7673,11901,fedex,2025-07-08 14:27:00,2025-07-09 02:27:00
7674,11902,usps,2025-02-26 16:39:15,2025-03-01 19:39:15
7675,11903,ups,2025-06-30 03:28:31,2025-07-04 08:28:31
7676,11904,usps,2025-11-28 23:55:26,2025-12-02 06:55:26
7677,11905,usps,2025-07-13 02:37:41,\N
7678,11909,usps,2025-09-06 04:50:04,2025-09-09 02:50:04
7679,11911,ups,2025-01-13 13:59:44,2025-01-14 09:59:44
768,1188,dhl,2025-03-08 11:03:18,2025-03-09 06:03:18
7680,11912,fedex,2025-09-22 19:33:12,2025-09-23 13:33:12
7681,11913,dhl,2025-09-28 20:27:19,2025-10-02 05:27:19
7682,11917,dhl,2025-03-12 21:55:09,2025-03-15 00:55:09
7683,11918,ups,2025-11-14 22:17:35,2025-11-20 14:17:35
7684,11919,fedex,2025-01-03 09:42:15,2025-01-04 05:42:15
7685,11920,dhl,2025-01-18 22:58:56,2025-01-21 01:58:56
7686,11921,usps,2025-07-05 20:12:12,2025-07-08 20:12:12
7687,11924,fedex,2025-10-16 11:35:02,2025-10-17 20:35:02
7688,11925,dhl,2025-06-13 13:43:36,2025-06-15 00:43:36
7689,11927,usps,2025-04-30 15:38:36,2025-05-01 12:38:36
769,1189,fedex,2025-09-16 06:28:36,2025-09-19 19:28:36
7690,11929,dhl,2025-06-07 11:48:59,2025-06-09 05:48:59
7691,11930,ups,2025-06-25 00:38:22,2025-06-29 17:38:22
7692,11931,dhl,2025-05-10 11:34:11,2025-05-15 07:34:11
7693,11932,ups,2025-07-10 15:51:25,2025-07-15 17:51:25
7694,11933,fedex,2025-10-10 06:36:34,\N
7695,11934,dhl,2025-09-25 03:06:48,2025-09-29 05:06:48
7696,11935,usps,2025-06-30 22:38:58,2025-07-03 19:38:58
7697,11936,ups,2025-08-07 10:33:49,2025-08-09 16:33:49
7698,11938,ups,2025-03-26 13:19:15,2025-03-30 18:19:15
7699,11939,ups,2025-07-13 21:41:54,2025-07-14 21:41:54
77,124,fedex,2025-06-11 22:30:37,2025-06-14 01:30:37
770,1190,fedex,2025-09-24 12:07:38,2025-09-29 20:07:38
7700,11940,fedex,2025-03-31 09:49:15,2025-04-01 14:49:15
7701,11941,usps,2025-12-06 10:17:33,2025-12-08 10:17:33
7702,11942,dhl,2025-07-04 21:42:25,2025-07-06 23:42:25
7703,11943,usps,2025-06-04 08:40:42,2025-06-06 20:40:42
7704,11945,ups,2025-08-21 00:23:19,\N
7705,11946,ups,2025-05-03 09:05:32,2025-05-07 05:05:32
7706,11948,ups,2025-12-26 23:27:26,2025-12-29 00:27:26
7707,11949,usps,2025-07-28 04:17:29,2025-08-01 21:17:29
7708,11951,dhl,2025-08-14 07:35:54,2025-08-19 19:35:54
7709,11952,ups,2025-10-11 03:00:02,2025-10-13 06:00:02
771,1192,dhl,2025-01-22 16:15:35,2025-01-26 02:15:35
7710,11955,fedex,2025-01-18 22:15:07,2025-01-21 19:15:07
7711,11957,dhl,2025-01-31 21:17:05,2025-02-06 15:17:05
7712,11961,dhl,2025-10-23 19:59:12,\N
7713,11962,ups,2025-06-28 23:58:21,2025-07-02 13:58:21
7714,11963,fedex,2025-01-21 17:15:13,2025-01-26 15:15:13
7715,11964,dhl,2025-02-07 01:43:29,2025-02-11 23:43:29
7716,11965,dhl,2025-07-01 12:40:14,2025-07-04 10:40:14
7717,11966,fedex,2025-09-13 03:07:33,2025-09-15 21:07:33
7718,11968,fedex,2025-07-27 13:01:46,2025-07-30 19:01:46
7719,11969,dhl,2025-02-01 00:13:55,2025-02-05 05:13:55
772,1193,usps,2025-01-22 09:13:51,2025-01-24 10:13:51
7720,11971,dhl,2025-05-16 04:11:33,2025-05-20 12:11:33
7721,11973,dhl,2025-05-11 12:34:49,\N
7722,11975,fedex,2025-07-02 03:54:05,2025-07-03 10:54:05
7723,11976,ups,2025-06-30 20:10:11,2025-07-04 23:10:11
7724,11978,ups,2025-11-19 01:57:00,2025-11-22 13:57:00
7725,11984,ups,2025-04-07 21:57:20,2025-04-12 22:57:20
7726,11985,fedex,2025-04-04 04:45:08,2025-04-05 03:45:08
7727,11986,usps,2025-12-01 23:40:59,2025-12-03 17:40:59
7728,11987,fedex,2025-10-09 07:31:40,2025-10-14 00:31:40
7729,11991,usps,2025-07-26 12:19:25,2025-08-01 05:19:25
773,1194,ups,2025-12-15 15:55:41,2025-12-18 12:55:41
7730,11992,dhl,2025-05-28 23:12:02,2025-06-01 05:12:02
7731,11995,usps,2025-01-04 00:30:46,2025-01-04 22:30:46
7732,12000,dhl,2025-08-16 17:48:32,2025-08-18 01:48:32
7733,12001,fedex,2025-06-25 03:42:18,2025-06-28 15:42:18
7734,12002,fedex,2025-11-09 11:37:50,2025-11-14 16:37:50
7735,12003,ups,2025-04-09 08:43:50,2025-04-10 19:43:50
7736,12005,fedex,2025-05-11 11:03:56,2025-05-13 22:03:56
7737,12007,usps,2025-02-20 18:11:08,2025-02-26 04:11:08
7738,12010,usps,2025-08-02 11:28:16,2025-08-03 09:28:16
7739,12011,ups,2025-10-14 23:42:17,2025-10-19 20:42:17
774,1197,ups,2025-04-26 01:08:38,2025-04-28 21:08:38
7740,12012,ups,2025-10-17 06:55:56,2025-10-20 13:55:56
7741,12014,ups,2025-06-22 06:03:07,2025-06-23 13:03:07
7742,12016,usps,2025-08-29 12:01:16,2025-09-01 10:01:16
7743,12017,dhl,2025-07-12 23:22:09,2025-07-14 08:22:09
7744,12018,dhl,2025-06-08 23:01:51,\N
7745,12019,dhl,2025-09-08 19:25:18,2025-09-13 00:25:18
7746,12020,ups,2025-02-11 09:32:27,2025-02-14 05:32:27
7747,12021,ups,2025-04-27 14:30:18,2025-05-03 07:30:18
7748,12022,fedex,2025-07-26 11:04:02,2025-07-29 15:04:02
7749,12023,usps,2025-02-11 14:20:36,2025-02-12 23:20:36
775,1199,dhl,2025-05-28 06:59:02,\N
7750,12024,fedex,2025-05-26 12:20:04,2025-06-01 06:20:04
7751,12025,dhl,2025-02-14 17:51:24,2025-02-17 13:51:24
7752,12027,dhl,2025-07-07 19:28:24,2025-07-11 17:28:24
7753,12028,fedex,2025-11-07 20:54:55,2025-11-13 03:54:55
7754,12030,dhl,2025-04-05 09:59:58,2025-04-06 08:59:58
7755,12031,dhl,2025-07-18 13:17:19,2025-07-19 00:17:19
7756,12033,fedex,2025-01-27 18:17:23,2025-01-30 15:17:23
7757,12035,fedex,2025-05-22 21:53:52,2025-05-25 16:53:52
7758,12036,dhl,2025-04-01 10:01:46,2025-04-06 06:01:46
7759,12037,usps,2025-03-30 03:00:38,2025-04-02 02:00:38
776,1200,fedex,2025-03-15 03:08:44,2025-03-17 13:08:44
7760,12040,dhl,2025-12-29 19:07:06,2025-12-31 13:07:06
7761,12042,fedex,2025-11-11 01:20:43,2025-11-16 01:20:43
7762,12043,ups,2025-01-22 10:16:47,2025-01-26 16:16:47
7763,12044,ups,2025-05-23 09:30:50,2025-05-24 12:30:50
7764,12045,usps,2025-03-07 05:14:21,2025-03-10 23:14:21
7765,12046,fedex,2025-06-19 12:40:00,2025-06-23 07:40:00
7766,12047,fedex,2025-01-13 12:52:31,2025-01-16 05:52:31
7767,12050,fedex,2025-10-12 02:13:35,2025-10-13 19:13:35
7768,12051,usps,2025-06-12 21:06:53,2025-06-15 04:06:53
7769,12052,fedex,2025-02-07 17:23:24,2025-02-08 13:23:24
777,1201,dhl,2025-09-18 16:10:53,2025-09-23 17:10:53
7770,12054,fedex,2025-12-23 08:03:19,2025-12-23 16:03:19
7771,12055,dhl,2025-01-31 04:09:28,2025-02-05 23:09:28
7772,12058,dhl,2025-06-12 21:50:14,2025-06-14 10:50:14
7773,12059,dhl,2025-09-07 15:16:13,2025-09-09 01:16:13
7774,12060,ups,2025-01-04 10:37:47,2025-01-10 03:37:47
7775,12063,usps,2025-11-11 15:13:08,2025-11-15 11:13:08
7776,12064,usps,2025-08-17 02:12:46,\N
7777,12065,dhl,2025-12-21 06:42:02,2025-12-22 09:42:02
7778,12066,fedex,2025-09-04 09:18:28,2025-09-07 20:18:28
7779,12067,dhl,2025-09-09 18:26:54,\N
778,1202,dhl,2025-02-28 14:18:58,2025-03-04 22:18:58
7780,12069,fedex,2025-07-09 08:16:01,\N
7781,12071,fedex,2025-07-27 03:20:16,2025-07-28 10:20:16
7782,12073,usps,2025-07-18 16:16:13,\N
7783,12076,usps,2025-10-01 11:20:54,2025-10-04 14:20:54
7784,12077,dhl,2025-03-31 14:32:29,2025-04-03 13:32:29
7785,12078,usps,2025-08-09 19:36:41,2025-08-14 03:36:41
7786,12081,dhl,2025-04-14 05:50:44,2025-04-15 21:50:44
7787,12083,ups,2025-07-27 08:56:04,2025-08-01 20:56:04
7788,12084,usps,2025-07-04 03:34:40,2025-07-08 09:34:40
7789,12085,dhl,2025-06-13 09:09:43,2025-06-13 23:09:43
779,1203,fedex,2025-10-21 07:58:54,2025-10-21 14:58:54
7790,12086,ups,2025-11-25 22:29:53,2025-11-28 09:29:53
7791,12087,ups,2025-09-11 19:27:13,2025-09-14 10:27:13
7792,12090,fedex,2025-10-21 05:24:46,2025-10-23 11:24:46
7793,12091,usps,2025-07-23 05:42:52,2025-07-26 12:42:52
7794,12092,fedex,2025-06-27 05:52:27,2025-06-30 15:52:27
7795,12093,usps,2025-05-27 20:01:01,2025-06-01 12:01:01
7796,12095,fedex,2025-08-27 00:08:20,2025-09-01 05:08:20
7797,12097,fedex,2025-10-19 22:37:42,2025-10-22 06:37:42
7798,12098,dhl,2025-07-08 03:52:17,2025-07-10 11:52:17
7799,12099,ups,2025-04-18 02:09:01,2025-04-21 00:09:01
78,125,ups,2025-07-02 11:13:48,2025-07-05 06:13:48
780,1205,usps,2025-01-17 09:14:42,\N
7800,12101,dhl,2025-08-03 10:23:30,2025-08-06 17:23:30
7801,12112,fedex,2025-11-14 15:37:47,2025-11-17 23:37:47
7802,12113,ups,2025-07-02 17:18:15,2025-07-05 15:18:15
7803,12114,ups,2025-06-21 14:50:57,2025-06-25 00:50:57
7804,12115,ups,2025-11-15 09:08:36,2025-11-20 11:08:36
7805,12116,fedex,2025-07-05 22:08:18,\N
7806,12117,ups,2025-01-08 05:17:45,2025-01-10 13:17:45
7807,12118,fedex,2025-10-24 17:22:32,2025-10-26 22:22:32
7808,12119,ups,2025-07-02 14:59:49,2025-07-03 12:59:49
7809,12120,fedex,2025-05-27 23:08:16,2025-05-30 03:08:16
781,1206,ups,2025-05-08 17:32:15,2025-05-09 11:32:15
7810,12121,usps,2025-11-05 11:37:06,2025-11-07 11:37:06
7811,12122,usps,2025-04-13 14:38:17,2025-04-18 06:38:17
7812,12123,dhl,2025-09-18 10:37:29,2025-09-20 03:37:29
7813,12124,usps,2025-02-23 11:42:00,2025-02-28 01:42:00
7814,12126,fedex,2025-07-20 07:41:54,2025-07-24 02:41:54
7815,12127,fedex,2025-04-30 01:50:14,2025-05-01 16:50:14
7816,12129,dhl,2025-06-10 15:34:39,2025-06-16 09:34:39
7817,12130,fedex,2025-02-16 16:21:06,2025-02-21 04:21:06
7818,12132,usps,2025-01-20 15:13:36,2025-01-21 18:13:36
7819,12133,usps,2025-01-23 02:12:31,2025-01-25 14:12:31
782,1207,dhl,2025-01-10 08:52:01,2025-01-12 07:52:01
7820,12134,usps,2025-07-01 20:07:53,2025-07-05 09:07:53
7821,12135,dhl,2025-08-05 00:29:59,2025-08-06 00:29:59
7822,12137,usps,2025-05-18 01:06:34,2025-05-23 13:06:34
7823,12140,usps,2025-06-22 17:48:09,2025-06-26 23:48:09
7824,12142,dhl,2025-07-02 05:12:50,2025-07-03 04:12:50
7825,12143,usps,2025-08-10 05:49:12,2025-08-12 12:49:12
7826,12146,usps,2025-04-11 23:06:17,2025-04-16 18:06:17
7827,12148,fedex,2025-08-10 10:06:53,2025-08-14 00:06:53
7828,12149,ups,2025-07-10 23:42:22,2025-07-16 04:42:22
7829,12152,dhl,2025-01-22 20:55:06,2025-01-23 18:55:06
783,1208,usps,2025-09-07 13:47:53,2025-09-08 05:47:53
7830,12153,ups,2025-09-12 00:52:18,2025-09-15 02:52:18
7831,12155,dhl,2025-10-13 21:17:42,2025-10-16 01:17:42
7832,12156,fedex,2025-08-25 11:44:38,2025-08-27 07:44:38
7833,12157,fedex,2025-03-28 04:39:55,2025-03-29 16:39:55
7834,12158,ups,2025-12-21 13:36:13,2025-12-26 07:36:13
7835,12159,usps,2025-06-22 04:14:55,2025-06-23 23:14:55
7836,12160,dhl,2025-06-08 20:07:54,2025-06-09 15:07:54
7837,12161,dhl,2025-04-15 11:17:20,2025-04-18 16:17:20
7838,12163,ups,2025-04-27 09:10:07,2025-04-28 03:10:07
7839,12165,usps,2025-01-17 20:24:40,2025-01-20 00:24:40
784,1209,usps,2025-04-29 05:45:21,2025-05-03 15:45:21
7840,12168,fedex,2025-04-26 21:46:04,2025-05-02 02:46:04
7841,12169,fedex,2025-02-19 14:38:26,2025-02-20 19:38:26
7842,12170,ups,2025-04-08 15:34:13,2025-04-11 16:34:13
7843,12171,ups,2025-05-30 10:35:03,2025-06-04 12:35:03
7844,12172,dhl,2025-12-29 02:46:03,2025-12-31 23:59:59
7845,12173,dhl,2025-03-02 03:24:24,2025-03-03 12:24:24
7846,12174,ups,2025-07-20 11:21:35,\N
7847,12175,ups,2025-05-06 03:27:04,2025-05-10 12:27:04
7848,12177,usps,2025-03-22 22:12:57,2025-03-23 04:12:57
7849,12179,dhl,2025-12-02 13:08:35,2025-12-05 21:08:35
785,1212,ups,2025-10-01 21:21:55,2025-10-05 15:21:55
7850,12180,ups,2025-09-04 20:14:39,2025-09-09 19:14:39
7851,12182,usps,2025-09-17 15:14:23,2025-09-18 10:14:23
7852,12183,usps,2025-08-26 07:36:06,2025-08-30 16:36:06
7853,12184,ups,2025-01-21 22:37:07,2025-01-24 00:37:07
7854,12185,usps,2025-09-28 05:30:12,2025-09-30 12:30:12
7855,12187,ups,2025-02-24 14:39:07,2025-02-28 00:39:07
7856,12188,ups,2025-04-06 00:29:06,2025-04-10 05:29:06
7857,12189,fedex,2025-05-23 15:59:06,2025-05-29 10:59:06
7858,12190,ups,2025-05-17 03:40:58,2025-05-22 07:40:58
7859,12192,ups,2025-06-20 01:38:00,2025-06-23 23:38:00
786,1213,fedex,2025-10-25 11:38:10,2025-10-30 18:38:10
7860,12196,dhl,2025-10-07 15:28:38,2025-10-13 08:28:38
7861,12197,fedex,2025-04-21 03:35:13,2025-04-24 16:35:13
7862,12201,fedex,2025-10-21 10:09:43,2025-10-25 00:09:43
7863,12202,ups,2025-11-27 13:04:43,2025-12-03 02:04:43
7864,12203,usps,2025-02-18 07:12:36,2025-02-21 07:12:36
7865,12205,fedex,2025-07-31 02:11:17,2025-08-04 05:11:17
7866,12208,dhl,2025-10-20 13:25:41,2025-10-21 18:25:41
7867,12209,fedex,2025-12-23 20:56:20,2025-12-29 11:56:20
7868,12210,ups,2025-12-13 10:33:19,2025-12-14 11:33:19
7869,12211,fedex,2025-05-12 08:10:37,\N
787,1216,usps,2025-01-25 04:48:46,2025-01-28 03:48:46
7870,12212,fedex,2025-05-04 17:00:38,2025-05-10 08:00:38
7871,12213,usps,2025-04-21 03:12:35,2025-04-23 13:12:35
7872,12215,fedex,2025-08-23 04:24:32,2025-08-25 06:24:32
7873,12216,dhl,2025-04-11 21:45:54,2025-04-13 02:45:54
7874,12219,fedex,2025-03-15 17:28:45,2025-03-20 13:28:45
7875,12220,ups,2025-07-30 13:50:06,2025-07-31 17:50:06
7876,12222,fedex,2025-05-21 19:19:45,2025-05-25 12:19:45
7877,12223,fedex,2025-10-27 22:29:43,\N
7878,12227,dhl,2025-03-13 11:23:41,2025-03-16 09:23:41
7879,12229,fedex,2025-07-17 10:19:58,2025-07-21 19:19:58
788,1219,fedex,2025-09-09 11:37:58,2025-09-14 22:37:58
7880,12230,usps,2025-01-28 17:59:39,2025-01-31 13:59:39
7881,12232,fedex,2025-09-29 08:01:07,2025-10-03 20:01:07
7882,12233,dhl,2025-11-10 11:02:56,2025-11-12 21:02:56
7883,12234,usps,2025-05-29 11:39:01,2025-06-01 15:39:01
7884,12235,usps,2026-01-01 18:39:32,2025-12-31 23:59:59
7885,12236,dhl,2025-11-30 05:52:16,2025-12-03 00:52:16
7886,12238,usps,2025-11-11 08:42:36,2025-11-16 18:42:36
7887,12239,ups,2025-05-23 18:54:55,2025-05-26 13:54:55
7888,12241,usps,2025-10-26 00:42:00,2025-10-29 21:42:00
7889,12245,ups,2025-05-19 07:53:51,2025-05-23 18:53:51
789,1223,ups,2025-02-26 06:49:17,2025-02-28 01:49:17
7890,12247,fedex,2025-10-31 07:58:00,2025-11-03 03:58:00
7891,12248,ups,2025-12-22 05:13:22,2025-12-26 22:13:22
7892,12249,dhl,2025-06-22 03:41:50,2025-06-24 01:41:50
7893,12250,usps,2025-06-06 19:01:09,2025-06-11 06:01:09
7894,12255,dhl,2025-06-27 18:44:51,2025-07-01 13:44:51
7895,12257,dhl,2025-03-29 02:05:25,2025-04-02 21:05:25
7896,12258,fedex,2025-07-15 00:17:09,\N
7897,12259,ups,2025-11-15 09:27:01,2025-11-19 02:27:01
7898,12260,ups,2025-03-22 13:55:03,2025-03-23 20:55:03
7899,12261,usps,2025-04-17 15:50:10,2025-04-23 10:50:10
79,129,ups,2025-10-08 18:51:30,2025-10-10 14:51:30
790,1224,ups,2025-08-21 20:09:58,2025-08-25 11:09:58
7900,12262,usps,2025-04-21 17:31:16,2025-04-26 01:31:16
7901,12263,usps,2025-02-10 09:43:19,2025-02-12 01:43:19
7902,12264,ups,2025-06-08 23:41:15,2025-06-09 18:41:15
7903,12265,usps,2025-12-27 22:29:00,2025-12-31 23:59:59
7904,12267,usps,2025-10-10 21:44:20,2025-10-12 23:44:20
7905,12268,fedex,2025-02-18 16:17:11,2025-02-22 12:17:11
7906,12270,usps,2025-08-09 14:46:34,2025-08-14 10:46:34
7907,12271,fedex,2025-11-08 11:04:38,2025-11-11 06:04:38
7908,12273,fedex,2025-12-19 09:58:04,2025-12-23 17:58:04
7909,12274,usps,2025-10-20 21:39:56,2025-10-25 13:39:56
791,1225,fedex,2025-02-03 23:40:18,2025-02-09 15:40:18
7910,12276,usps,2025-08-14 06:07:17,2025-08-17 12:07:17
7911,12277,usps,2026-01-01 07:53:17,2025-12-31 23:59:59
7912,12278,dhl,2025-03-16 03:13:13,2025-03-19 11:13:13
7913,12279,dhl,2025-09-14 05:43:55,2025-09-15 15:43:55
7914,12280,usps,2025-02-26 13:29:22,2025-03-03 06:29:22
7915,12283,ups,2025-08-21 00:21:45,\N
7916,12286,fedex,2025-09-30 13:02:13,2025-10-03 05:02:13
7917,12287,usps,2025-02-11 15:05:59,2025-02-13 07:05:59
7918,12288,ups,2025-07-04 07:32:25,2025-07-06 10:32:25
7919,12290,fedex,2025-11-06 04:47:09,2025-11-07 17:47:09
792,1227,dhl,2025-08-25 15:26:59,2025-08-28 18:26:59
7920,12291,usps,2025-09-24 19:29:37,2025-09-30 13:29:37
7921,12292,dhl,2025-08-15 00:48:17,2025-08-19 01:48:17
7922,12293,ups,2025-02-19 00:59:03,2025-02-24 03:59:03
7923,12294,fedex,2025-12-24 19:01:13,2025-12-26 12:01:13
7924,12296,usps,2026-01-02 01:14:01,2025-12-31 23:59:59
7925,12297,ups,2025-12-17 06:26:01,2025-12-18 09:26:01
7926,12298,ups,2025-05-30 13:07:10,2025-06-01 16:07:10
7927,12300,fedex,2025-06-03 10:16:07,2025-06-04 08:16:07
7928,12301,usps,2025-06-09 19:27:38,2025-06-13 23:27:38
7929,12303,dhl,2025-01-18 10:45:20,2025-01-19 18:45:20
793,1228,usps,2025-09-30 04:26:34,2025-10-01 12:26:34
7930,12306,fedex,2025-07-25 14:17:04,2025-07-31 09:17:04
7931,12309,ups,2025-04-27 02:13:06,2025-04-28 11:13:06
7932,12311,usps,2025-08-10 14:44:11,2025-08-14 00:44:11
7933,12312,usps,2025-10-14 15:14:23,2025-10-19 12:14:23
7934,12313,ups,2025-07-25 18:32:14,2025-07-27 05:32:14
7935,12314,usps,2025-08-24 22:36:02,2025-08-29 22:36:02
7936,12315,fedex,2025-06-12 04:44:06,2025-06-16 15:44:06
7937,12316,dhl,2025-04-19 14:08:12,2025-04-20 23:08:12
7938,12317,usps,2025-09-22 01:36:33,2025-09-22 23:36:33
7939,12318,dhl,2025-01-12 04:31:24,2025-01-13 19:31:24
794,1232,fedex,2025-12-23 16:15:55,2025-12-27 21:15:55
7940,12319,ups,2025-09-30 05:48:47,2025-09-30 13:48:47
7941,12320,fedex,2025-11-19 19:16:33,2025-11-22 17:16:33
7942,12321,ups,2025-02-09 05:38:23,2025-02-14 21:38:23
7943,12322,ups,2025-02-23 04:19:07,2025-02-26 23:19:07
7944,12325,usps,2025-01-05 05:16:54,2025-01-10 01:16:54
7945,12326,dhl,2025-09-30 13:46:38,2025-10-03 12:46:38
7946,12327,ups,2025-05-31 03:01:49,2025-06-01 17:01:49
7947,12328,ups,2025-06-06 22:39:16,2025-06-09 16:39:16
7948,12329,ups,2025-11-27 00:09:18,2025-11-29 10:09:18
7949,12330,usps,2025-08-22 18:24:10,2025-08-25 16:24:10
795,1234,ups,2025-08-08 21:47:51,2025-08-09 16:47:51
7950,12332,usps,2025-10-29 06:06:25,2025-11-02 04:06:25
7951,12333,ups,2025-07-11 23:17:45,2025-07-16 09:17:45
7952,12335,dhl,2025-11-14 00:49:55,\N
7953,12336,dhl,2025-08-20 18:32:53,2025-08-22 09:32:53
7954,12337,dhl,2025-02-26 01:09:00,2025-02-28 06:09:00
7955,12338,usps,2025-06-28 18:48:50,2025-07-04 10:48:50
7956,12339,dhl,2025-05-13 15:30:20,2025-05-18 14:30:20
7957,12340,dhl,2025-09-11 16:36:28,2025-09-14 18:36:28
7958,12341,ups,2025-01-15 00:35:15,2025-01-17 02:35:15
7959,12342,ups,2025-12-19 01:21:11,2025-12-22 10:21:11
796,1235,ups,2025-11-11 18:11:44,2025-11-16 16:11:44
7960,12343,ups,2025-09-13 22:21:08,2025-09-19 16:21:08
7961,12344,dhl,2025-04-24 22:08:28,2025-04-25 12:08:28
7962,12346,dhl,2025-02-20 10:53:17,2025-02-21 20:53:17
7963,12347,fedex,2025-04-28 00:48:26,2025-04-28 08:48:26
7964,12348,ups,2025-03-24 20:00:19,2025-03-28 10:00:19
7965,12349,usps,2025-12-17 17:40:12,2025-12-21 06:40:12
7966,12350,ups,2025-08-11 04:08:12,2025-08-13 10:08:12
7967,12351,fedex,2025-05-02 14:16:28,2025-05-06 06:16:28
7968,12353,fedex,2025-07-07 05:41:18,2025-07-07 20:41:18
7969,12354,fedex,2025-04-26 03:13:57,2025-05-01 06:13:57
797,1236,dhl,2025-04-14 01:08:38,2025-04-19 10:08:38
7970,12355,dhl,2025-07-11 18:40:07,2025-07-12 19:40:07
7971,12357,dhl,2025-08-21 18:29:32,2025-08-25 12:29:32
7972,12358,dhl,2025-07-03 16:11:47,2025-07-06 08:11:47
7973,12359,usps,2025-06-17 21:25:24,2025-06-18 10:25:24
7974,12360,fedex,2025-07-17 12:03:32,2025-07-22 03:03:32
7975,12361,fedex,2025-03-23 14:50:21,2025-03-24 06:50:21
7976,12364,dhl,2025-06-04 10:21:41,2025-06-04 22:21:41
7977,12365,dhl,2025-03-03 07:26:05,2025-03-04 21:26:05
7978,12366,usps,2025-09-06 06:10:49,2025-09-06 14:10:49
7979,12367,dhl,2025-01-29 05:28:46,2025-01-30 04:28:46
798,1237,ups,2025-03-05 18:51:40,2025-03-10 08:51:40
7980,12368,fedex,2025-04-24 16:43:26,2025-04-25 20:43:26
7981,12370,dhl,2025-11-10 06:24:01,2025-11-11 10:24:01
7982,12372,ups,2025-07-30 03:45:18,2025-08-02 04:45:18
7983,12374,dhl,2025-06-07 22:57:24,2025-06-12 06:57:24
7984,12376,dhl,2025-09-14 09:48:51,2025-09-19 09:48:51
7985,12377,ups,2025-12-12 13:57:34,2025-12-16 17:57:34
7986,12378,ups,2025-12-05 18:27:39,2025-12-11 13:27:39
7987,12379,fedex,2025-03-20 00:26:11,2025-03-25 17:26:11
7988,12380,dhl,2025-09-16 15:07:04,2025-09-21 23:07:04
7989,12381,fedex,2025-09-11 01:17:03,2025-09-11 15:17:03
799,1238,dhl,2025-08-22 06:23:28,2025-08-23 04:23:28
7990,12382,dhl,2025-03-14 08:08:12,2025-03-18 13:08:12
7991,12384,fedex,2025-02-07 02:46:20,2025-02-12 15:46:20
7992,12387,fedex,2025-10-29 05:24:40,2025-10-30 01:24:40
7993,12391,ups,2025-03-22 04:17:10,2025-03-23 20:17:10
7994,12393,usps,2025-09-04 09:10:22,2025-09-08 20:10:22
7995,12394,ups,2025-10-09 03:31:23,2025-10-12 14:31:23
7996,12395,usps,2025-09-11 15:09:13,2025-09-15 12:09:13
7997,12396,usps,2025-12-17 08:16:48,2025-12-19 05:16:48
7998,12397,dhl,2025-07-05 18:10:52,2025-07-09 11:10:52
7999,12400,ups,2025-09-18 20:53:21,2025-09-21 05:53:21
8,14,fedex,2025-02-19 06:02:35,\N
80,130,usps,2025-11-07 01:28:23,2025-11-11 06:28:23
800,1240,usps,2026-01-03 17:10:17,2025-12-31 23:59:59
8000,12403,usps,2025-06-26 12:42:44,2025-06-30 12:42:44
8001,12404,dhl,2025-02-20 07:04:06,2025-02-24 22:04:06
8002,12405,ups,2025-12-12 23:28:53,2025-12-14 11:28:53
8003,12406,dhl,2025-08-06 09:26:32,2025-08-09 21:26:32
8004,12407,dhl,2025-01-15 07:07:56,2025-01-17 14:07:56
8005,12408,dhl,2025-12-29 07:56:17,2025-12-31 13:56:17
8006,12409,usps,2025-08-27 10:56:53,2025-08-28 10:56:53
8007,12410,fedex,2025-05-10 04:34:12,2025-05-10 14:34:12
8008,12411,usps,2025-06-26 19:32:24,2025-06-30 23:32:24
8009,12412,dhl,2025-06-13 20:03:25,2025-06-17 02:03:25
801,1242,usps,2025-05-04 02:05:23,2025-05-07 12:05:23
8010,12413,dhl,2025-01-15 06:56:27,2025-01-20 17:56:27
8011,12414,dhl,2025-08-04 14:39:06,2025-08-08 22:39:06
8012,12416,fedex,2025-03-28 04:10:35,2025-03-30 15:10:35
8013,12417,fedex,2025-09-10 17:16:03,2025-09-12 10:16:03
8014,12418,dhl,2025-05-14 05:24:18,2025-05-15 18:24:18
8015,12419,fedex,2025-11-11 12:15:52,2025-11-14 07:15:52
8016,12420,fedex,2025-12-11 11:48:50,2025-12-15 00:48:50
8017,12421,usps,2025-01-06 10:54:50,2025-01-08 06:54:50
8018,12422,ups,2025-01-21 03:26:35,2025-01-23 10:26:35
8019,12423,usps,2025-10-01 22:09:41,2025-10-02 09:09:41
802,1244,usps,2025-09-18 01:03:35,2025-09-19 04:03:35
8020,12424,usps,2025-05-23 08:36:22,2025-05-28 02:36:22
8021,12425,fedex,2025-07-15 20:08:32,\N
8022,12426,ups,2025-07-04 15:48:58,2025-07-05 01:48:58
8023,12427,ups,2025-05-22 16:46:02,2025-05-27 11:46:02
8024,12428,ups,2025-12-17 16:03:58,2025-12-21 08:03:58
8025,12430,ups,2025-08-20 16:52:29,2025-08-24 06:52:29
8026,12431,ups,2025-03-03 00:59:37,2025-03-04 10:59:37
8027,12433,dhl,2025-04-17 01:09:59,2025-04-20 05:09:59
8028,12434,fedex,2025-08-11 22:38:33,2025-08-15 18:38:33
8029,12435,usps,2025-03-08 09:57:56,2025-03-10 20:57:56
803,1245,ups,2025-02-02 05:25:23,\N
8030,12436,fedex,2025-11-22 05:27:35,2025-11-27 13:27:35
8031,12437,dhl,2025-10-27 22:50:00,2025-11-01 09:50:00
8032,12438,ups,2025-10-11 02:50:56,2025-10-13 00:50:56
8033,12439,fedex,2025-10-26 06:57:18,2025-10-28 12:57:18
8034,12441,dhl,2025-07-29 19:32:38,2025-08-02 22:32:38
8035,12444,usps,2025-05-12 14:03:00,2025-05-16 22:03:00
8036,12446,fedex,2025-08-05 11:42:11,2025-08-07 03:42:11
8037,12447,usps,2025-08-24 18:07:36,2025-08-29 20:07:36
8038,12448,fedex,2025-11-21 03:02:23,2025-11-23 02:02:23
8039,12449,dhl,2025-05-31 13:40:12,2025-06-03 21:40:12
804,1247,ups,2025-08-19 06:50:03,2025-08-20 20:50:03
8040,12453,fedex,2025-03-28 07:49:08,2025-04-02 16:49:08
8041,12454,ups,2025-05-17 18:05:00,2025-05-20 17:05:00
8042,12456,fedex,2025-11-21 11:18:15,2025-11-24 08:18:15
8043,12457,ups,2025-09-26 19:28:17,2025-09-29 20:28:17
8044,12458,dhl,2025-05-04 12:37:02,2025-05-05 08:37:02
8045,12459,ups,2025-08-23 09:19:12,2025-08-23 17:19:12
8046,12460,fedex,2025-04-04 02:24:22,2025-04-09 07:24:22
8047,12461,fedex,2025-05-13 13:19:37,\N
8048,12463,usps,2025-07-01 00:31:47,2025-07-03 13:31:47
8049,12465,dhl,2025-01-15 12:13:30,\N
805,1248,dhl,2025-09-18 20:51:43,2025-09-22 19:51:43
8050,12468,fedex,2025-04-07 03:02:31,2025-04-11 20:02:31
8051,12469,ups,2025-08-29 12:41:22,2025-08-30 01:41:22
8052,12470,usps,2025-12-27 22:22:03,2025-12-31 23:22:03
8053,12472,ups,2025-02-03 11:06:20,2025-02-06 07:06:20
8054,12473,dhl,2025-03-16 23:18:01,2025-03-19 10:18:01
8055,12474,ups,2025-03-17 05:48:41,2025-03-19 08:48:41
8056,12476,fedex,2025-11-23 17:27:41,\N
8057,12479,ups,2025-06-19 12:56:35,2025-06-24 22:56:35
8058,12480,ups,2025-11-01 08:33:15,2025-11-04 04:33:15
8059,12482,usps,2025-12-02 12:22:37,2025-12-08 02:22:37
806,1249,ups,2025-07-11 20:35:08,2025-07-16 06:35:08
8060,12483,fedex,2025-11-18 02:36:02,2025-11-20 17:36:02
8061,12485,dhl,2025-02-27 00:26:45,2025-02-28 09:26:45
8062,12486,fedex,2025-10-21 06:38:54,2025-10-25 07:38:54
8063,12487,usps,2025-12-29 04:46:01,2025-12-31 23:59:59
8064,12490,fedex,2025-06-20 03:26:49,2025-06-23 07:26:49
8065,12491,ups,2025-12-05 19:23:58,2025-12-06 21:23:58
8066,12493,ups,2025-03-31 18:41:40,2025-04-05 18:41:40
8067,12495,dhl,2025-01-13 23:58:17,2025-01-19 11:58:17
8068,12496,usps,2025-01-17 04:26:23,2025-01-19 09:26:23
8069,12497,dhl,2025-02-05 16:54:06,2025-02-06 14:54:06
807,1250,ups,2025-10-17 20:36:40,2025-10-22 10:36:40
8070,12498,dhl,2025-12-12 22:19:40,2025-12-17 09:19:40
8071,12499,dhl,2025-07-16 00:50:36,2025-07-16 20:50:36
8072,12500,ups,2025-11-07 08:58:33,2025-11-12 10:58:33
8073,12501,ups,2025-09-22 20:26:29,2025-09-24 06:26:29
8074,12502,dhl,2025-10-16 13:39:44,2025-10-16 19:39:44
8075,12503,fedex,2025-09-09 20:39:34,2025-09-14 17:39:34
8076,12504,fedex,2025-11-07 09:44:40,2025-11-09 20:44:40
8077,12506,fedex,2025-12-22 17:08:10,2025-12-26 00:08:10
8078,12507,fedex,2025-03-02 19:15:39,2025-03-03 09:15:39
8079,12509,fedex,2025-05-31 16:50:14,2025-06-06 00:50:14
808,1251,usps,2025-12-10 22:30:18,2025-12-13 22:30:18
8080,12510,usps,2025-07-13 01:30:10,2025-07-16 22:30:10
8081,12511,ups,2025-06-14 07:34:51,2025-06-17 16:34:51
8082,12513,ups,2025-07-22 05:43:51,2025-07-25 01:43:51
8083,12516,ups,2025-09-19 21:18:42,2025-09-21 07:18:42
8084,12517,dhl,2025-08-30 22:02:43,2025-09-02 18:02:43
8085,12519,ups,2025-07-06 17:43:23,2025-07-10 00:43:23
8086,12521,ups,2025-06-30 17:07:09,2025-07-01 13:07:09
8087,12522,dhl,2025-01-06 12:38:33,2025-01-07 09:38:33
8088,12524,fedex,2025-08-19 03:34:35,2025-08-22 00:34:35
8089,12527,usps,2025-12-25 11:46:07,2025-12-28 13:46:07
809,1252,dhl,2025-03-01 21:57:56,2025-03-05 08:57:56
8090,12528,ups,2025-12-06 05:44:35,2025-12-07 12:44:35
8091,12529,usps,2025-08-29 21:21:37,2025-08-31 15:21:37
8092,12530,fedex,2025-10-14 01:31:08,2025-10-15 00:31:08
8093,12532,dhl,2025-05-24 10:58:00,2025-05-25 00:58:00
8094,12533,ups,2025-11-04 20:41:51,2025-11-05 06:41:51
8095,12536,dhl,2025-09-21 02:48:51,2025-09-22 06:48:51
8096,12537,fedex,2025-11-07 10:15:48,2025-11-12 21:15:48
8097,12538,fedex,2025-04-11 14:58:07,2025-04-16 01:58:07
8098,12540,fedex,2025-04-03 12:14:20,2025-04-04 14:14:20
8099,12541,fedex,2025-03-09 17:14:06,2025-03-10 20:14:06
81,131,ups,2025-09-06 13:15:05,2025-09-07 18:15:05
810,1253,fedex,2025-09-02 22:28:21,2025-09-05 02:28:21
8100,12542,fedex,2025-04-18 18:46:49,2025-04-19 00:46:49
8101,12545,dhl,2025-02-07 18:26:40,2025-02-08 15:26:40
8102,12546,usps,2025-01-09 13:33:20,2025-01-10 09:33:20
8103,12547,dhl,2025-06-25 21:32:40,2025-06-30 15:32:40
8104,12548,usps,2025-03-26 13:36:42,2025-03-28 03:36:42
8105,12549,usps,2025-03-09 19:20:36,2025-03-14 17:20:36
8106,12551,usps,2025-07-05 13:19:02,2025-07-10 01:19:02
8107,12552,usps,2025-05-19 06:51:43,2025-05-24 08:51:43
8108,12554,dhl,2025-09-19 06:30:09,2025-09-20 03:30:09
8109,12555,dhl,2025-04-22 03:53:11,2025-04-26 01:53:11
811,1254,fedex,2025-10-12 09:38:04,2025-10-16 18:38:04
8110,12558,ups,2025-10-21 21:39:30,2025-10-25 16:39:30
8111,12559,usps,2025-03-08 19:49:54,2025-03-10 00:49:54
8112,12560,fedex,2025-10-27 09:28:03,2025-11-01 21:28:03
8113,12563,usps,2025-06-28 17:08:20,2025-07-02 04:08:20
8114,12567,ups,2025-12-02 13:28:34,2025-12-05 18:28:34
8115,12568,fedex,2025-08-09 20:23:12,2025-08-13 07:23:12
8116,12570,dhl,2025-05-07 08:11:44,2025-05-11 04:11:44
8117,12571,usps,2025-02-08 23:58:10,2025-02-09 12:58:10
8118,12574,fedex,2025-10-29 21:05:01,2025-11-02 06:05:01
8119,12575,ups,2025-07-10 02:38:36,2025-07-14 13:38:36
812,1255,fedex,2025-02-06 07:18:17,2025-02-11 13:18:17
8120,12576,usps,2025-08-26 00:01:03,2025-08-28 09:01:03
8121,12577,ups,2025-05-14 06:32:48,2025-05-17 03:32:48
8122,12578,usps,2025-03-28 07:19:38,2025-03-29 14:19:38
8123,12579,fedex,2025-08-22 14:02:19,2025-08-27 00:02:19
8124,12581,dhl,2025-04-05 17:10:55,2025-04-07 15:10:55
8125,12583,dhl,2025-01-20 02:37:58,2025-01-21 22:37:58
8126,12587,ups,2025-05-13 17:29:19,2025-05-15 00:29:19
8127,12588,fedex,2025-07-28 10:58:16,2025-08-01 02:58:16
8128,12591,dhl,2025-02-15 04:15:26,2025-02-18 17:15:26
8129,12593,dhl,2025-02-13 11:13:25,\N
813,1256,fedex,2025-07-12 04:13:35,2025-07-12 19:13:35
8130,12594,ups,2025-04-20 23:46:05,2025-04-24 23:46:05
8131,12595,usps,2025-01-07 02:20:56,2025-01-08 03:20:56
8132,12596,ups,2025-04-06 14:35:59,2025-04-08 20:35:59
8133,12597,usps,2025-11-03 13:49:00,2025-11-05 04:49:00
8134,12598,fedex,2025-04-21 09:25:44,2025-04-23 13:25:44
8135,12599,fedex,2025-09-21 10:34:50,2025-09-23 17:34:50
8136,12600,ups,2025-01-23 18:48:22,2025-01-28 22:48:22
8137,12601,fedex,2025-10-13 21:05:07,2025-10-18 00:05:07
8138,12602,dhl,2025-08-01 04:28:59,2025-08-02 07:28:59
8139,12603,fedex,2025-10-30 13:52:42,2025-11-05 06:52:42
814,1257,ups,2025-03-23 19:19:43,2025-03-25 15:19:43
8140,12604,dhl,2025-06-19 02:16:27,2025-06-23 07:16:27
8141,12606,usps,2025-03-20 15:47:52,2025-03-23 06:47:52
8142,12609,dhl,2025-10-15 00:07:52,2025-10-20 03:07:52
8143,12610,ups,2025-12-10 08:44:31,2025-12-13 06:44:31
8144,12612,fedex,2025-02-25 08:13:22,2025-02-25 20:13:22
8145,12614,fedex,2025-04-02 22:25:55,2025-04-06 11:25:55
8146,12615,dhl,2025-05-30 15:25:43,2025-06-05 05:25:43
8147,12616,fedex,2025-11-17 17:34:04,2025-11-21 07:34:04
8148,12619,dhl,2025-07-23 04:16:31,2025-07-27 20:16:31
8149,12620,usps,2025-04-25 08:07:39,2025-04-26 20:07:39
815,1260,usps,2025-03-03 19:04:21,2025-03-09 06:04:21
8150,12621,fedex,2025-02-07 02:44:41,2025-02-08 23:44:41
8151,12622,dhl,2025-04-08 11:50:16,\N
8152,12623,fedex,2025-07-17 21:39:01,2025-07-19 02:39:01
8153,12625,ups,2025-04-19 00:37:17,2025-04-21 21:37:17
8154,12626,ups,2025-07-23 04:50:15,2025-07-26 06:50:15
8155,12630,usps,2025-04-03 04:58:14,2025-04-07 18:58:14
8156,12631,usps,2025-04-01 05:43:24,2025-04-06 18:43:24
8157,12632,fedex,2025-02-06 04:18:05,2025-02-07 02:18:05
8158,12633,ups,2025-10-23 22:49:56,2025-10-26 08:49:56
8159,12635,fedex,2025-03-08 08:41:06,2025-03-08 17:41:06
816,1263,fedex,2025-03-03 18:31:52,2025-03-09 08:31:52
8160,12638,fedex,2025-05-24 08:33:06,\N
8161,12640,ups,2025-03-12 12:03:53,2025-03-12 21:03:53
8162,12642,dhl,2025-05-03 00:04:34,2025-05-08 01:04:34
8163,12643,usps,2025-08-09 21:43:49,2025-08-11 05:43:49
8164,12645,usps,2025-10-03 00:37:04,2025-10-04 04:37:04
8165,12647,usps,2025-06-22 03:52:51,2025-06-23 08:52:51
8166,12648,fedex,2025-11-15 19:32:10,2025-11-20 03:32:10
8167,12650,ups,2025-10-24 02:22:55,2025-10-24 14:22:55
8168,12651,ups,2025-11-05 10:31:15,2025-11-07 16:31:15
8169,12652,ups,2025-06-11 00:40:36,2025-06-11 06:40:36
817,1264,fedex,2025-05-10 09:14:19,2025-05-12 09:14:19
8170,12654,dhl,2025-11-24 07:13:44,2025-11-25 14:13:44
8171,12655,dhl,2025-12-29 16:23:28,2025-12-31 23:59:59
8172,12656,dhl,2025-11-22 15:46:40,2025-11-28 03:46:40
8173,12657,fedex,2025-04-11 15:06:40,2025-04-12 05:06:40
8174,12658,usps,2025-02-25 01:12:24,2025-02-28 13:12:24
8175,12660,fedex,2025-07-31 22:19:13,2025-08-03 16:19:13
8176,12662,dhl,2025-01-06 06:25:18,2025-01-10 05:25:18
8177,12663,dhl,2025-04-19 04:56:07,2025-04-21 06:56:07
8178,12664,usps,2025-07-11 12:41:09,2025-07-14 14:41:09
8179,12665,dhl,2025-04-14 01:12:28,2025-04-16 09:12:28
818,1265,fedex,2025-11-25 10:23:43,2025-11-26 11:23:43
8180,12666,dhl,2025-10-19 10:26:00,2025-10-20 03:26:00
8181,12667,fedex,2025-05-18 06:39:48,\N
8182,12669,usps,2025-06-21 11:38:02,\N
8183,12672,usps,2025-05-19 03:26:54,2025-05-23 17:26:54
8184,12673,ups,2025-11-14 23:14:46,2025-11-20 01:14:46
8185,12675,fedex,2025-04-28 04:32:40,2025-05-02 11:32:40
8186,12676,usps,2025-05-20 12:16:09,2025-05-25 16:16:09
8187,12678,ups,2025-05-25 06:56:27,\N
8188,12679,dhl,2025-08-14 18:59:01,2025-08-17 09:59:01
8189,12680,fedex,2025-01-20 12:13:42,2025-01-24 05:13:42
819,1266,usps,2025-11-26 00:53:45,2025-11-28 11:53:45
8190,12682,usps,2025-08-25 06:12:33,2025-08-29 16:12:33
8191,12683,usps,2025-01-08 19:14:59,2025-01-10 06:14:59
8192,12685,usps,2025-06-03 22:03:46,2025-06-06 00:03:46
8193,12691,usps,2025-07-19 07:44:39,2025-07-22 21:44:39
8194,12694,ups,2025-06-13 14:46:07,2025-06-16 05:46:07
8195,12695,ups,2025-09-29 10:44:35,2025-10-01 16:44:35
8196,12696,ups,2025-05-08 01:57:38,2025-05-09 19:57:38
8197,12697,fedex,2025-06-24 01:08:37,2025-06-29 10:08:37
8198,12699,fedex,2025-09-26 23:39:00,2025-10-02 00:39:00
8199,12702,fedex,2025-10-08 14:21:56,2025-10-10 07:21:56
82,132,ups,2025-03-07 05:01:38,2025-03-12 11:01:38
820,1267,fedex,2025-05-30 20:37:39,\N
8200,12703,usps,2025-03-31 15:45:13,2025-04-03 07:45:13
8201,12705,fedex,2025-11-03 17:49:28,2025-11-04 05:49:28
8202,12706,usps,2025-08-31 01:19:33,2025-09-03 18:19:33
8203,12708,dhl,2025-10-06 02:22:16,\N
8204,12711,ups,2025-11-22 09:24:25,2025-11-23 19:24:25
8205,12712,fedex,2025-09-16 08:24:17,2025-09-20 13:24:17
8206,12713,fedex,2025-02-28 08:18:12,2025-03-04 06:18:12
8207,12714,dhl,2025-02-03 11:25:14,2025-02-04 11:25:14
8208,12715,usps,2026-01-01 02:59:24,\N
8209,12716,usps,2025-07-11 10:53:33,2025-07-17 02:53:33
821,1268,fedex,2025-08-03 01:46:58,2025-08-08 00:46:58
8210,12722,ups,2025-12-16 06:39:16,2025-12-21 08:39:16
8211,12723,fedex,2025-11-18 11:52:24,2025-11-20 21:52:24
8212,12725,ups,2025-09-25 15:28:51,2025-09-29 03:28:51
8213,12726,dhl,2025-08-20 20:39:55,\N
8214,12728,dhl,2025-03-07 11:23:08,2025-03-08 18:23:08
8215,12730,fedex,2025-02-18 17:57:05,\N
8216,12731,usps,2025-04-23 04:57:59,2025-04-23 23:57:59
8217,12732,usps,2025-02-15 23:33:50,2025-02-18 13:33:50
8218,12734,fedex,2025-03-31 11:37:09,2025-04-04 18:37:09
8219,12736,ups,2025-11-04 22:50:36,2025-11-05 07:50:36
822,1271,dhl,2025-06-17 16:52:39,2025-06-20 19:52:39
8220,12737,usps,2025-09-07 22:16:09,2025-09-09 03:16:09
8221,12741,dhl,2025-04-18 00:38:23,2025-04-22 13:38:23
8222,12742,fedex,2025-04-17 19:27:42,2025-04-19 09:27:42
8223,12744,dhl,2025-06-08 01:21:55,2025-06-11 15:21:55
8224,12745,fedex,2025-10-27 21:38:15,2025-10-31 22:38:15
8225,12747,dhl,2025-01-30 03:45:55,2025-02-03 21:45:55
8226,12748,fedex,2025-02-16 16:15:10,2025-02-21 00:15:10
8227,12750,dhl,2025-03-06 08:19:59,2025-03-09 00:19:59
8228,12751,fedex,2025-05-09 18:38:16,2025-05-14 20:38:16
8229,12752,fedex,2025-05-15 09:26:42,2025-05-20 07:26:42
823,1272,ups,2025-09-27 04:54:16,2025-09-27 13:54:16
8230,12753,fedex,2025-07-15 14:44:12,2025-07-21 07:44:12
8231,12754,ups,2025-02-04 01:17:07,2025-02-09 03:17:07
8232,12758,fedex,2025-09-12 02:50:01,2025-09-17 08:50:01
8233,12759,usps,2025-04-23 23:39:17,2025-04-27 21:39:17
8234,12760,fedex,2025-04-16 14:34:51,2025-04-18 08:34:51
8235,12763,dhl,2025-09-07 01:25:54,2025-09-12 04:25:54
8236,12764,ups,2025-02-01 11:57:08,2025-02-02 06:57:08
8237,12767,usps,2025-04-24 13:08:32,2025-04-29 01:08:32
8238,12769,dhl,2025-09-06 03:31:16,2025-09-06 13:31:16
8239,12770,usps,2025-08-26 00:38:23,2025-08-31 04:38:23
824,1273,ups,2025-12-25 04:08:24,2025-12-27 21:08:24
8240,12771,fedex,2025-12-17 17:26:58,2025-12-23 00:26:58
8241,12775,dhl,2025-08-30 09:31:23,2025-09-01 15:31:23
8242,12777,ups,2025-02-14 18:10:49,2025-02-18 19:10:49
8243,12778,usps,2025-01-24 19:30:13,2025-01-29 13:30:13
8244,12780,ups,2025-05-07 07:32:11,2025-05-10 21:32:11
8245,12781,usps,2025-04-24 14:46:49,2025-04-27 03:46:49
8246,12783,fedex,2025-02-26 09:25:52,2025-03-03 01:25:52
8247,12785,fedex,2025-06-25 08:25:48,2025-06-30 18:25:48
8248,12787,dhl,2025-03-28 07:16:23,2025-04-02 19:16:23
8249,12788,usps,2025-02-17 13:21:17,2025-02-22 08:21:17
825,1274,usps,2025-04-19 00:15:01,2025-04-19 09:15:01
8250,12790,dhl,2025-01-21 20:44:34,2025-01-25 14:44:34
8251,12791,fedex,2025-10-20 05:02:08,2025-10-25 03:02:08
8252,12792,dhl,2025-10-05 19:29:48,2025-10-11 04:29:48
8253,12793,dhl,2025-08-19 19:59:51,2025-08-20 12:59:51
8254,12795,usps,2025-08-20 20:11:35,2025-08-21 21:11:35
8255,12797,ups,2025-07-31 00:19:18,\N
8256,12798,usps,2025-08-15 08:55:48,2025-08-16 14:55:48
8257,12799,dhl,2025-06-02 01:09:55,2025-06-03 09:09:55
8258,12803,ups,2025-12-01 10:34:39,2025-12-06 10:34:39
8259,12804,ups,2025-05-26 12:13:46,2025-05-31 01:13:46
826,1275,usps,2025-12-30 21:39:58,2025-12-31 06:39:58
8260,12805,ups,2025-12-12 17:34:17,2025-12-16 15:34:17
8261,12806,dhl,2025-10-14 16:34:30,2025-10-16 23:34:30
8262,12808,ups,2025-04-17 17:00:30,2025-04-21 02:00:30
8263,12810,fedex,2025-01-28 14:57:01,2025-02-01 01:57:01
8264,12811,ups,2025-07-08 20:46:14,2025-07-14 11:46:14
8265,12813,fedex,2025-05-25 23:54:34,2025-05-28 13:54:34
8266,12814,dhl,2025-03-01 05:20:01,2025-03-04 06:20:01
8267,12815,usps,2025-06-16 05:48:33,2025-06-21 04:48:33
8268,12816,usps,2025-09-02 12:17:45,2025-09-02 22:17:45
8269,12817,dhl,2025-08-14 18:25:29,2025-08-16 05:25:29
827,1276,dhl,2025-04-23 07:50:06,2025-04-28 12:50:06
8270,12820,usps,2025-09-23 15:16:40,2025-09-25 20:16:40
8271,12822,usps,2025-05-17 10:28:38,2025-05-20 07:28:38
8272,12823,dhl,2025-10-19 23:48:17,2025-10-20 12:48:17
8273,12824,fedex,2025-06-27 14:55:23,2025-07-02 00:55:23
8274,12826,usps,2025-08-06 05:49:10,2025-08-11 13:49:10
8275,12829,dhl,2025-02-03 01:38:53,2025-02-05 16:38:53
8276,12830,usps,2025-04-05 03:01:19,2025-04-07 00:01:19
8277,12831,fedex,2025-11-10 13:08:16,\N
8278,12832,usps,2025-07-19 14:58:07,2025-07-25 00:58:07
8279,12833,fedex,2025-06-15 00:48:29,2025-06-20 16:48:29
828,1277,ups,2025-09-04 21:43:03,\N
8280,12836,dhl,2025-08-15 23:13:12,2025-08-17 12:13:12
8281,12838,fedex,2025-01-23 14:14:13,2025-01-26 15:14:13
8282,12839,usps,2025-11-18 21:49:06,2025-11-19 10:49:06
8283,12840,usps,2025-08-08 14:26:36,2025-08-11 04:26:36
8284,12841,usps,2025-03-18 21:02:36,2025-03-21 02:02:36
8285,12842,ups,2025-04-28 03:13:36,2025-04-29 17:13:36
8286,12844,dhl,2025-06-30 19:41:10,2025-07-03 07:41:10
8287,12845,usps,2025-10-07 22:09:16,2025-10-13 09:09:16
8288,12846,usps,2025-01-08 02:45:42,2025-01-13 10:45:42
8289,12848,fedex,2025-02-01 09:59:04,2025-02-03 10:59:04
829,1279,dhl,2025-05-19 02:56:02,2025-05-22 23:56:02
8290,12849,usps,2025-08-03 18:48:38,2025-08-04 20:48:38
8291,12850,usps,2025-04-29 18:47:11,2025-04-30 05:47:11
8292,12853,fedex,2025-07-28 14:06:50,2025-07-31 00:06:50
8293,12856,usps,2025-01-26 09:45:10,2025-01-27 09:45:10
8294,12857,fedex,2025-03-20 05:06:26,2025-03-22 00:06:26
8295,12858,usps,2025-05-18 11:08:44,\N
8296,12859,dhl,2025-04-14 11:49:10,2025-04-16 12:49:10
8297,12860,usps,2025-04-23 10:12:17,2025-04-26 10:12:17
8298,12862,ups,2025-02-04 23:09:41,2025-02-10 11:09:41
8299,12863,ups,2025-12-26 18:33:29,2025-12-27 18:33:29
83,133,fedex,2025-07-17 02:04:54,2025-07-19 23:04:54
830,1280,fedex,2025-11-25 11:01:21,\N
8300,12866,usps,2025-05-28 22:29:27,2025-06-02 11:29:27
8301,12867,dhl,2025-01-19 06:01:14,2025-01-19 12:01:14
8302,12868,ups,2025-12-21 11:27:48,2025-12-22 22:27:48
8303,12869,dhl,2025-06-09 23:16:24,2025-06-14 14:16:24
8304,12872,usps,2025-08-06 10:10:33,2025-08-08 21:10:33
8305,12874,usps,2025-11-09 07:32:33,2025-11-12 11:32:33
8306,12876,usps,2025-03-12 03:01:10,2025-03-15 12:01:10
8307,12877,fedex,2025-10-12 18:08:44,2025-10-14 11:08:44
8308,12879,dhl,2025-07-29 05:14:33,2025-08-02 08:14:33
8309,12882,ups,2025-05-18 07:30:21,2025-05-23 13:30:21
831,1281,dhl,2025-05-05 07:47:32,2025-05-10 18:47:32
8310,12884,usps,2025-10-04 21:31:59,2025-10-06 21:31:59
8311,12885,usps,2025-01-09 07:34:46,\N
8312,12886,ups,2025-03-14 03:49:09,2025-03-15 20:49:09
8313,12887,ups,2025-04-24 09:32:56,2025-04-28 18:32:56
8314,12889,usps,2025-10-18 04:49:44,2025-10-21 15:49:44
8315,12890,fedex,2025-07-16 16:24:50,2025-07-19 12:24:50
8316,12894,dhl,2025-05-22 19:49:22,2025-05-27 23:49:22
8317,12895,fedex,2025-07-14 19:51:39,2025-07-15 16:51:39
8318,12896,fedex,2025-07-11 23:00:11,2025-07-13 04:00:11
8319,12900,dhl,2025-07-01 17:25:34,2025-07-06 04:25:34
832,1283,usps,2025-03-31 07:18:40,2025-04-06 02:18:40
8320,12902,dhl,2025-10-12 00:22:46,2025-10-14 05:22:46
8321,12904,dhl,2025-08-31 13:01:53,2025-09-03 10:01:53
8322,12906,usps,2025-08-25 17:34:35,2025-08-27 04:34:35
8323,12907,usps,2025-07-17 05:44:02,2025-07-18 07:44:02
8324,12908,ups,2025-09-09 23:03:07,2025-09-15 13:03:07
8325,12909,fedex,2025-07-18 16:55:13,2025-07-20 09:55:13
8326,12913,dhl,2025-02-02 20:27:02,2025-02-05 22:27:02
8327,12914,usps,2025-05-13 21:49:19,2025-05-16 07:49:19
8328,12915,dhl,2025-08-04 19:12:45,2025-08-07 05:12:45
8329,12916,fedex,2025-06-17 23:19:42,2025-06-20 15:19:42
833,1284,fedex,2025-11-15 06:01:25,2025-11-17 15:01:25
8330,12917,dhl,2025-03-07 00:23:54,2025-03-10 01:23:54
8331,12920,ups,2025-11-20 19:59:25,2025-11-25 10:59:25
8332,12922,fedex,2025-01-23 05:04:46,2025-01-24 08:04:46
8333,12923,fedex,2025-11-25 01:46:23,2025-11-26 04:46:23
8334,12924,ups,2025-10-20 14:11:56,2025-10-22 07:11:56
8335,12926,usps,2025-05-21 22:11:45,2025-05-23 23:11:45
8336,12927,ups,2025-05-05 02:36:17,2025-05-06 16:36:17
8337,12928,fedex,2025-07-10 19:16:04,\N
8338,12929,fedex,2025-09-26 21:41:16,2025-09-28 05:41:16
8339,12931,usps,2025-06-01 09:13:17,2025-06-04 00:13:17
834,1285,dhl,2025-03-30 11:40:26,2025-04-03 09:40:26
8340,12932,ups,2025-11-30 04:52:22,\N
8341,12933,dhl,2025-06-04 19:50:00,2025-06-05 20:50:00
8342,12934,dhl,2025-11-23 08:51:52,2025-11-23 17:51:52
8343,12937,usps,2025-07-12 04:32:28,2025-07-17 04:32:28
8344,12939,usps,2025-03-17 13:59:22,2025-03-18 05:59:22
8345,12940,usps,2025-06-26 19:48:21,2025-07-01 19:48:21
8346,12942,fedex,2025-12-11 06:43:38,2025-12-13 20:43:38
8347,12946,ups,2025-10-04 02:33:40,2025-10-05 07:33:40
8348,12947,usps,2025-02-13 06:22:56,2025-02-14 16:22:56
8349,12949,ups,2025-06-22 03:37:28,2025-06-22 10:37:28
835,1290,ups,2025-12-06 21:04:19,2025-12-09 16:04:19
8350,12950,fedex,2025-07-04 20:27:39,2025-07-06 15:27:39
8351,12951,ups,2025-08-29 07:10:57,\N
8352,12952,fedex,2025-05-07 18:38:41,2025-05-13 13:38:41
8353,12953,fedex,2025-09-09 19:23:29,2025-09-14 15:23:29
8354,12954,ups,2025-09-17 17:18:17,2025-09-22 07:18:17
8355,12955,ups,2025-05-16 20:55:07,2025-05-21 07:55:07
8356,12956,fedex,2025-02-15 06:56:45,2025-02-16 15:56:45
8357,12957,dhl,2025-09-09 19:01:16,2025-09-11 22:01:16
8358,12958,dhl,2025-07-12 13:38:36,2025-07-15 20:38:36
8359,12960,fedex,2025-11-12 16:51:05,2025-11-14 06:51:05
836,1292,fedex,2025-09-20 03:46:06,2025-09-25 00:46:06
8360,12961,usps,2025-06-27 05:55:31,2025-06-28 19:55:31
8361,12964,ups,2025-04-04 02:53:53,2025-04-06 09:53:53
8362,12966,fedex,2025-01-25 23:25:26,2025-01-31 14:25:26
8363,12967,dhl,2025-09-08 14:29:29,2025-09-12 11:29:29
8364,12970,dhl,2025-10-17 00:24:54,2025-10-20 13:24:54
8365,12973,ups,2025-08-30 16:01:27,2025-09-01 18:01:27
8366,12975,fedex,2025-09-26 22:08:00,2025-10-02 04:08:00
8367,12976,dhl,2025-09-15 00:17:59,\N
8368,12978,ups,2025-10-30 21:21:28,2025-11-05 15:21:28
8369,12980,fedex,2025-01-10 10:20:23,2025-01-11 21:20:23
837,1293,fedex,2025-03-02 08:12:53,2025-03-04 10:12:53
8370,12982,usps,2025-10-17 19:41:03,2025-10-18 17:41:03
8371,12983,fedex,2025-12-07 21:04:12,2025-12-11 02:04:12
8372,12984,usps,2025-11-07 00:03:38,2025-11-08 18:03:38
8373,12985,fedex,2025-01-31 21:56:34,2025-02-02 11:56:34
8374,12987,usps,2025-10-30 22:24:54,2025-11-02 01:24:54
8375,12988,fedex,2025-09-06 03:20:53,2025-09-09 01:20:53
8376,12994,dhl,2025-11-02 18:51:20,2025-11-07 22:51:20
8377,12997,dhl,2025-11-05 01:02:25,2025-11-05 14:02:25
8378,12998,ups,2025-01-14 05:39:58,2025-01-14 13:39:58
8379,12999,usps,2025-12-08 00:21:15,2025-12-11 23:21:15
838,1294,fedex,2025-03-09 06:30:02,\N
8380,13000,usps,2025-06-05 05:36:51,2025-06-07 08:36:51
8381,13001,usps,2025-11-21 16:19:42,2025-11-26 06:19:42
8382,13002,fedex,2025-04-12 09:21:31,2025-04-18 00:21:31
8383,13005,fedex,2025-03-01 22:55:00,2025-03-06 08:55:00
8384,13006,ups,2025-10-30 03:20:53,\N
8385,13007,dhl,2025-03-12 08:06:59,2025-03-14 04:06:59
8386,13008,dhl,2025-08-14 14:20:33,2025-08-17 14:20:33
8387,13010,dhl,2025-10-12 04:16:26,2025-10-13 18:16:26
8388,13011,usps,2025-01-10 18:26:52,2025-01-12 06:26:52
8389,13012,dhl,2025-03-11 02:06:47,2025-03-14 03:06:47
839,1295,usps,2025-11-29 06:33:51,2025-12-03 19:33:51
8390,13015,usps,2025-03-29 08:47:51,2025-04-02 13:47:51
8391,13016,dhl,2025-02-03 15:15:39,2025-02-08 19:15:39
8392,13017,usps,2025-04-15 01:56:35,2025-04-20 13:56:35
8393,13019,dhl,2025-06-22 03:19:19,2025-06-26 14:19:19
8394,13020,ups,2025-11-02 11:38:24,2025-11-06 13:38:24
8395,13021,usps,2025-07-04 05:39:05,2025-07-08 14:39:05
8396,13023,fedex,2025-10-09 04:07:03,2025-10-11 22:07:03
8397,13025,usps,2025-01-19 20:03:10,2025-01-20 07:03:10
8398,13026,usps,2025-04-27 16:18:47,2025-05-01 07:18:47
8399,13027,fedex,2025-05-02 05:30:04,2025-05-07 21:30:04
84,134,fedex,2025-01-16 02:04:46,2025-01-19 08:04:46
840,1297,fedex,2025-04-01 17:59:34,2025-04-05 23:59:34
8400,13028,usps,2025-03-21 08:15:12,2025-03-25 08:15:12
8401,13030,dhl,2025-04-17 18:22:20,2025-04-20 01:22:20
8402,13031,usps,2025-09-17 19:42:23,2025-09-20 04:42:23
8403,13032,fedex,2025-11-23 09:03:35,2025-11-25 01:03:35
8404,13033,dhl,2025-06-08 15:59:05,2025-06-10 14:59:05
8405,13034,ups,2025-04-26 18:54:20,2025-04-30 09:54:20
8406,13037,usps,2025-10-15 01:12:57,2025-10-20 17:12:57
8407,13039,ups,2025-04-07 10:26:23,2025-04-11 04:26:23
8408,13040,usps,2025-10-30 03:25:30,2025-10-30 23:25:30
8409,13043,ups,2025-07-05 18:11:05,2025-07-10 07:11:05
841,1298,usps,2025-05-17 22:50:03,2025-05-22 21:50:03
8410,13047,dhl,2025-02-23 17:25:37,2025-02-25 02:25:37
8411,13048,fedex,2025-02-08 12:38:39,2025-02-12 08:38:39
8412,13051,ups,2025-11-24 06:02:14,2025-11-26 12:02:14
8413,13052,ups,2025-04-18 06:47:52,2025-04-21 09:47:52
8414,13053,ups,2025-12-09 05:22:37,2025-12-12 07:22:37
8415,13056,ups,2025-12-11 04:57:01,2025-12-16 15:57:01
8416,13057,dhl,2025-06-19 16:42:12,2025-06-22 07:42:12
8417,13058,dhl,2025-09-07 03:58:09,2025-09-09 08:58:09
8418,13061,fedex,2025-09-09 06:50:26,2025-09-10 05:50:26
8419,13062,ups,2025-06-17 01:11:58,2025-06-20 00:11:58
842,1299,fedex,2025-03-21 00:09:35,2025-03-23 12:09:35
8420,13063,usps,2025-01-10 01:53:01,2025-01-14 04:53:01
8421,13064,ups,2025-05-17 15:34:21,2025-05-20 14:34:21
8422,13065,ups,2025-01-12 12:15:55,2025-01-16 23:15:55
8423,13067,dhl,2025-05-27 05:56:16,2025-05-28 14:56:16
8424,13070,dhl,2025-12-18 23:08:07,2025-12-22 13:08:07
8425,13071,fedex,2025-04-15 05:21:14,2025-04-20 22:21:14
8426,13072,ups,2025-02-09 14:28:58,2025-02-11 13:28:58
8427,13074,fedex,2025-07-26 01:58:09,2025-07-31 14:58:09
8428,13075,dhl,2025-08-16 18:56:47,2025-08-21 05:56:47
8429,13076,dhl,2025-05-19 18:18:17,2025-05-23 07:18:17
843,1301,dhl,2025-11-26 05:20:25,2025-11-29 04:20:25
8430,13077,ups,2025-01-24 13:05:49,2025-01-29 07:05:49
8431,13079,ups,2025-12-20 13:24:16,2025-12-25 18:24:16
8432,13080,dhl,2025-09-26 05:19:50,2025-09-30 16:19:50
8433,13081,dhl,2025-06-27 17:43:31,2025-07-03 10:43:31
8434,13082,usps,2025-03-29 02:45:23,2025-04-01 09:45:23
8435,13084,dhl,2025-01-07 10:49:05,2025-01-09 10:49:05
8436,13086,usps,2025-03-21 21:45:40,2025-03-27 01:45:40
8437,13088,fedex,2025-09-08 22:46:54,2025-09-09 15:46:54
8438,13089,dhl,2025-12-30 04:20:12,\N
8439,13090,fedex,2025-03-03 15:39:06,2025-03-05 08:39:06
844,1302,usps,2025-05-20 16:54:46,2025-05-21 16:54:46
8440,13092,dhl,2025-03-22 00:47:14,2025-03-22 13:47:14
8441,13093,ups,2025-10-24 16:40:41,2025-10-25 22:40:41
8442,13094,fedex,2025-02-24 19:59:59,2025-03-01 19:59:59
8443,13098,dhl,2025-10-31 04:49:57,2025-11-03 07:49:57
8444,13099,usps,2025-04-13 02:28:15,2025-04-13 16:28:15
8445,13102,dhl,2025-11-22 16:20:30,2025-11-27 08:20:30
8446,13104,ups,2025-11-30 03:47:00,2025-12-05 04:47:00
8447,13105,dhl,2025-09-01 03:30:53,2025-09-06 03:30:53
8448,13106,ups,2025-12-01 13:38:09,2025-12-05 02:38:09
8449,13108,dhl,2025-11-27 14:40:11,2025-12-01 15:40:11
845,1303,dhl,2025-01-19 20:16:43,2025-01-20 16:16:43
8450,13109,usps,2025-02-09 04:00:22,\N
8451,13110,ups,2025-07-11 15:50:30,2025-07-12 19:50:30
8452,13111,usps,2025-07-09 10:07:10,2025-07-12 23:07:10
8453,13112,ups,2025-03-17 21:55:59,2025-03-21 05:55:59
8454,13113,usps,2025-10-18 13:24:12,2025-10-23 19:24:12
8455,13116,fedex,2025-04-29 16:53:51,2025-05-03 04:53:51
8456,13117,usps,2025-06-15 19:01:52,2025-06-18 01:01:52
8457,13118,usps,2025-08-21 18:01:03,2025-08-24 13:01:03
8458,13120,dhl,2025-12-10 07:51:33,2025-12-10 20:51:33
8459,13121,fedex,2025-02-10 23:05:37,2025-02-11 16:05:37
846,1304,usps,2025-04-20 13:20:37,2025-04-24 23:20:37
8460,13122,ups,2025-06-29 17:33:03,2025-06-30 11:33:03
8461,13123,dhl,2025-07-23 13:23:30,\N
8462,13125,fedex,2025-05-19 03:14:30,2025-05-24 09:14:30
8463,13126,ups,2025-04-09 01:03:12,\N
8464,13127,dhl,2025-04-08 07:45:13,2025-04-11 09:45:13
8465,13128,usps,2025-04-05 01:20:51,2025-04-09 22:20:51
8466,13129,usps,2025-01-25 15:02:21,2025-01-26 02:02:21
8467,13131,usps,2025-02-15 05:07:46,\N
8468,13132,ups,2025-11-25 23:25:39,2025-11-28 11:25:39
8469,13134,dhl,2025-01-14 09:46:43,2025-01-18 21:46:43
847,1305,usps,2025-08-20 21:16:48,2025-08-21 08:16:48
8470,13135,dhl,2025-07-03 05:18:44,2025-07-03 21:18:44
8471,13136,ups,2025-05-19 04:11:29,2025-05-21 19:11:29
8472,13137,ups,2025-08-28 01:11:26,\N
8473,13139,ups,2025-12-21 13:37:44,2025-12-22 01:37:44
8474,13140,ups,2025-04-28 17:38:23,2025-05-03 06:38:23
8475,13142,ups,2025-04-01 05:32:57,2025-04-05 15:32:57
8476,13143,dhl,2025-09-11 07:19:24,2025-09-15 17:19:24
8477,13145,fedex,2025-09-06 09:04:14,2025-09-06 23:04:14
8478,13146,ups,2025-07-05 15:49:34,2025-07-07 02:49:34
8479,13147,usps,2025-06-26 01:35:41,2025-06-27 06:35:41
848,1306,dhl,2026-01-01 01:46:15,2025-12-31 23:59:59
8480,13148,fedex,2025-03-05 08:57:19,2025-03-10 20:57:19
8481,13150,dhl,2025-06-26 17:47:10,2025-06-28 23:47:10
8482,13151,ups,2025-12-08 17:16:50,2025-12-14 12:16:50
8483,13152,fedex,2025-06-13 00:56:57,2025-06-17 17:56:57
8484,13153,usps,2025-10-02 20:44:28,2025-10-07 08:44:28
8485,13155,usps,2025-09-18 05:42:52,2025-09-18 21:42:52
8486,13157,dhl,2025-12-11 12:15:29,2025-12-13 09:15:29
8487,13158,usps,2025-12-05 12:26:56,2025-12-06 04:26:56
8488,13161,dhl,2025-05-11 16:57:53,2025-05-13 16:57:53
8489,13165,dhl,2025-12-14 00:03:27,2025-12-15 21:03:27
849,1308,ups,2025-06-04 13:10:50,2025-06-05 22:10:50
8490,13166,fedex,2025-01-25 02:25:37,2025-01-30 07:25:37
8491,13167,fedex,2025-05-13 20:00:28,2025-05-16 01:00:28
8492,13168,usps,2025-07-10 15:16:30,2025-07-11 13:16:30
8493,13170,usps,2025-01-09 09:57:07,2025-01-11 22:57:07
8494,13174,dhl,2025-07-20 05:11:48,2025-07-21 09:11:48
8495,13175,fedex,2025-12-12 16:38:37,2025-12-15 20:38:37
8496,13176,fedex,2025-10-17 21:17:05,2025-10-23 08:17:05
8497,13178,fedex,2025-05-29 22:24:58,2025-05-30 11:24:58
8498,13180,ups,2025-06-05 04:49:14,2025-06-06 00:49:14
8499,13181,usps,2025-02-08 02:28:59,2025-02-09 03:28:59
85,135,usps,2025-04-22 15:16:12,2025-04-26 18:16:12
850,1313,usps,2025-07-24 04:38:03,2025-07-29 15:38:03
8500,13182,ups,2025-04-05 17:30:47,2025-04-10 08:30:47
8501,13185,fedex,2025-05-29 06:05:04,2025-06-03 02:05:04
8502,13186,ups,2025-09-06 15:24:29,2025-09-07 11:24:29
8503,13188,ups,2025-12-23 05:51:10,2025-12-26 00:51:10
8504,13189,dhl,2025-10-27 01:34:44,\N
8505,13191,usps,2025-04-15 01:45:47,2025-04-17 12:45:47
8506,13193,dhl,2025-08-30 14:10:17,2025-08-31 02:10:17
8507,13194,dhl,2025-05-20 13:01:22,2025-05-26 01:01:22
8508,13198,fedex,2025-05-06 00:02:57,2025-05-08 18:02:57
8509,13199,dhl,2025-09-14 22:44:26,2025-09-15 16:44:26
851,1314,dhl,2025-04-18 23:20:32,2025-04-22 19:20:32
8510,13200,ups,2025-06-08 14:09:05,2025-06-10 13:09:05
8511,13205,dhl,2025-08-26 17:31:11,2025-08-31 02:31:11
8512,13207,usps,2025-05-04 12:47:28,2025-05-10 04:47:28
8513,13208,usps,2025-07-27 04:34:31,2025-07-28 08:34:31
8514,13209,ups,2025-01-18 22:03:43,2025-01-23 21:03:43
8515,13210,ups,2025-09-04 16:19:35,2025-09-06 07:19:35
8516,13211,usps,2025-04-22 10:08:17,2025-04-27 08:08:17
8517,13213,usps,2025-04-08 20:31:50,2025-04-12 14:31:50
8518,13214,dhl,2025-07-02 11:16:41,2025-07-03 03:16:41
8519,13215,fedex,2025-07-22 22:03:11,2025-07-23 05:03:11
852,1315,usps,2025-08-27 10:52:25,2025-09-01 23:52:25
8520,13216,fedex,2025-12-01 00:12:09,2025-12-04 01:12:09
8521,13220,usps,2025-05-10 04:26:56,2025-05-11 09:26:56
8522,13222,dhl,2025-04-25 19:27:52,2025-04-29 22:27:52
8523,13223,usps,2025-06-15 03:37:10,2025-06-20 13:37:10
8524,13224,usps,2025-04-29 00:18:04,2025-05-01 09:18:04
8525,13225,ups,2025-06-07 20:24:24,2025-06-09 16:24:24
8526,13228,ups,2025-04-10 18:00:11,2025-04-14 13:00:11
8527,13229,fedex,2025-08-24 10:10:11,2025-08-28 16:10:11
8528,13230,fedex,2025-08-22 10:14:24,2025-08-25 08:14:24
8529,13231,fedex,2025-03-09 00:11:09,2025-03-09 18:11:09
853,1316,ups,2025-09-06 17:05:50,2025-09-11 11:05:50
8530,13233,fedex,2025-10-08 15:13:08,2025-10-13 05:13:08
8531,13234,fedex,2025-04-24 18:57:01,\N
8532,13235,ups,2025-07-04 11:25:55,2025-07-07 03:25:55
8533,13236,fedex,2025-09-05 01:31:31,2025-09-10 12:31:31
8534,13237,fedex,2025-08-16 10:17:35,2025-08-20 23:17:35
8535,13239,usps,2025-10-31 14:39:22,\N
8536,13241,fedex,2025-07-29 08:58:09,\N
8537,13242,dhl,2025-07-22 18:17:47,2025-07-24 10:17:47
8538,13244,dhl,2025-10-03 22:38:20,2025-10-05 19:38:20
8539,13247,fedex,2025-12-25 20:10:09,2025-12-31 10:10:09
854,1318,dhl,2025-12-24 05:54:49,2025-12-25 03:54:49
8540,13248,fedex,2025-03-29 22:13:57,2025-04-03 18:13:57
8541,13250,fedex,2025-10-04 04:03:13,2025-10-05 12:03:13
8542,13252,ups,2025-08-05 05:11:33,2025-08-08 07:11:33
8543,13254,ups,2025-07-02 15:00:46,2025-07-03 09:00:46
8544,13256,usps,2025-04-21 05:25:34,2025-04-24 21:25:34
8545,13257,fedex,2025-05-21 22:22:36,2025-05-25 01:22:36
8546,13258,fedex,2025-08-25 08:09:36,2025-08-26 18:09:36
8547,13260,fedex,2025-03-28 05:54:28,2025-03-30 20:54:28
8548,13263,usps,2025-07-20 20:18:42,2025-07-22 15:18:42
8549,13267,dhl,2025-10-06 09:17:37,2025-10-09 09:17:37
855,1319,dhl,2025-04-27 10:32:00,2025-05-01 23:32:00
8550,13268,ups,2025-09-05 05:24:13,2025-09-06 06:24:13
8551,13270,dhl,2025-07-26 12:19:02,2025-07-31 10:19:02
8552,13271,fedex,2025-01-08 06:44:29,2025-01-09 18:44:29
8553,13272,fedex,2025-07-09 07:10:52,2025-07-13 02:10:52
8554,13273,fedex,2025-12-21 12:29:08,2025-12-22 01:29:08
8555,13274,usps,2025-03-16 14:51:56,2025-03-17 12:51:56
8556,13276,dhl,2025-05-07 02:58:37,2025-05-11 10:58:37
8557,13280,fedex,2025-03-09 09:48:35,\N
8558,13281,fedex,2025-11-25 01:52:55,2025-11-29 13:52:55
8559,13282,ups,2025-02-04 06:43:33,\N
856,1320,dhl,2025-11-17 20:41:05,2025-11-18 12:41:05
8560,13284,usps,2025-09-28 18:09:50,2025-09-29 17:09:50
8561,13285,ups,2025-02-10 09:41:02,2025-02-12 17:41:02
8562,13287,ups,2025-02-24 12:22:31,2025-02-28 20:22:31
8563,13290,dhl,2025-04-10 19:48:07,2025-04-13 20:48:07
8564,13293,fedex,2025-05-30 14:06:47,2025-06-05 09:06:47
8565,13295,usps,2025-12-22 01:41:03,2025-12-22 20:41:03
8566,13297,usps,2025-01-09 16:25:00,2025-01-12 21:25:00
8567,13298,ups,2025-02-08 15:13:10,2025-02-09 13:13:10
8568,13299,dhl,2025-08-31 02:03:27,2025-09-05 04:03:27
8569,13300,ups,2025-07-23 04:44:48,2025-07-28 17:44:48
857,1321,ups,2025-03-04 16:07:11,2025-03-08 21:07:11
8570,13301,usps,2025-03-16 05:05:20,2025-03-16 23:05:20
8571,13302,fedex,2025-03-04 18:53:25,\N
8572,13304,usps,2025-08-09 17:47:24,2025-08-10 20:47:24
8573,13306,fedex,2025-12-22 07:49:40,\N
8574,13307,fedex,2025-12-16 14:40:54,2025-12-18 16:40:54
8575,13309,dhl,2025-09-05 22:48:53,2025-09-07 23:48:53
8576,13311,ups,2025-12-11 20:41:23,2025-12-14 23:41:23
8577,13312,fedex,2025-07-25 16:54:39,\N
8578,13314,dhl,2025-10-13 11:35:43,2025-10-17 05:35:43
8579,13316,ups,2025-04-04 09:52:43,\N
858,1325,usps,2025-07-02 09:41:58,\N
8580,13317,fedex,2025-02-26 02:10:10,2025-02-28 16:10:10
8581,13320,dhl,2025-10-25 11:49:02,\N
8582,13321,ups,2025-03-01 05:06:02,\N
8583,13322,ups,2025-08-15 01:50:00,2025-08-15 12:50:00
8584,13323,ups,2025-10-02 08:16:30,2025-10-06 21:16:30
8585,13324,usps,2025-03-25 08:16:03,2025-03-29 19:16:03
8586,13325,usps,2025-03-09 21:17:05,2025-03-12 01:17:05
8587,13326,dhl,2025-03-15 10:54:07,2025-03-16 08:54:07
8588,13327,dhl,2025-06-14 01:50:58,2025-06-14 07:50:58
8589,13328,ups,2025-06-19 04:35:40,2025-06-20 20:35:40
859,1326,ups,2025-03-04 02:59:40,2025-03-09 00:59:40
8590,13331,dhl,2025-04-19 01:32:50,2025-04-23 17:32:50
8591,13332,dhl,2025-08-16 08:39:41,2025-08-19 02:39:41
8592,13333,fedex,2025-04-02 19:59:33,2025-04-06 13:59:33
8593,13334,usps,2025-02-09 12:45:24,\N
8594,13335,ups,2025-03-23 09:49:44,2025-03-27 01:49:44
8595,13336,usps,2025-03-25 04:05:55,2025-03-25 18:05:55
8596,13337,fedex,2025-04-29 06:42:35,2025-04-29 18:42:35
8597,13338,dhl,2025-12-31 19:56:48,\N
8598,13340,fedex,2025-03-25 00:48:20,2025-03-29 01:48:20
8599,13342,fedex,2025-02-09 12:18:14,2025-02-14 19:18:14
86,136,fedex,2025-11-13 20:04:39,2025-11-15 11:04:39
860,1328,fedex,2025-05-12 09:44:45,2025-05-13 07:44:45
8600,13350,ups,2025-05-05 10:51:35,2025-05-06 12:51:35
8601,13351,dhl,2025-07-08 02:33:57,2025-07-08 09:33:57
8602,13352,usps,2025-04-18 23:42:06,2025-04-20 19:42:06
8603,13353,usps,2025-09-07 13:32:55,2025-09-12 21:32:55
8604,13354,usps,2025-08-22 07:25:31,2025-08-24 18:25:31
8605,13355,dhl,2025-07-12 03:26:01,2025-07-13 00:26:01
8606,13357,dhl,2025-03-10 13:52:12,2025-03-16 06:52:12
8607,13358,fedex,2025-07-05 06:03:34,2025-07-07 22:03:34
8608,13359,ups,2025-07-03 18:02:30,2025-07-06 05:02:30
8609,13360,usps,2025-10-05 07:24:25,2025-10-06 17:24:25
861,1329,usps,2025-10-02 22:07:17,2025-10-06 14:07:17
8610,13362,fedex,2025-01-08 20:14:02,2025-01-13 20:14:02
8611,13363,usps,2025-09-07 01:37:37,2025-09-11 07:37:37
8612,13366,fedex,2025-10-03 23:59:39,2025-10-09 09:59:39
8613,13368,ups,2025-06-30 20:58:58,2025-07-02 01:58:58
8614,13369,dhl,2025-11-24 02:45:06,2025-11-26 15:45:06
8615,13371,ups,2025-11-07 17:31:22,2025-11-10 05:31:22
8616,13373,ups,2025-12-07 07:15:31,2025-12-11 01:15:31
8617,13375,dhl,2025-10-21 11:28:28,2025-10-22 04:28:28
8618,13376,dhl,2025-07-21 01:58:53,2025-07-23 00:58:53
8619,13377,usps,2025-12-25 19:36:45,2025-12-30 18:36:45
862,1332,ups,2025-06-01 11:03:26,2025-06-07 00:03:26
8620,13378,dhl,2025-01-01 12:34:03,2025-01-02 07:34:03
8621,13379,ups,2025-12-04 01:51:31,2025-12-07 07:51:31
8622,13381,dhl,2025-06-15 19:01:08,2025-06-20 13:01:08
8623,13383,dhl,2025-07-10 03:43:13,2025-07-15 03:43:13
8624,13385,ups,2025-04-21 12:37:17,2025-04-22 15:37:17
8625,13390,fedex,2025-10-04 21:39:15,2025-10-06 05:39:15
8626,13391,ups,2025-06-18 18:26:43,2025-06-23 04:26:43
8627,13392,ups,2025-07-26 07:50:14,2025-07-30 14:50:14
8628,13393,dhl,2025-03-18 03:30:10,2025-03-18 18:30:10
8629,13395,dhl,2025-03-06 11:14:08,2025-03-08 17:14:08
863,1333,dhl,2025-09-02 08:47:50,2025-09-05 23:47:50
8630,13396,usps,2025-09-28 16:57:37,2025-10-03 23:57:37
8631,13398,dhl,2025-10-22 07:16:12,2025-10-27 02:16:12
8632,13399,usps,2025-03-23 17:00:24,2025-03-25 20:00:24
8633,13400,dhl,2025-12-21 17:56:13,2025-12-24 03:56:13
8634,13402,dhl,2025-05-06 07:07:40,2025-05-08 13:07:40
8635,13405,dhl,2025-10-10 11:26:52,2025-10-13 19:26:52
8636,13406,ups,2025-09-29 04:43:24,2025-09-30 10:43:24
8637,13407,fedex,2025-04-15 17:26:22,2025-04-20 08:26:22
8638,13408,usps,2025-05-21 17:45:20,2025-05-25 03:45:20
8639,13409,fedex,2025-02-18 05:59:19,2025-02-19 18:59:19
864,1334,usps,2025-12-09 05:39:24,2025-12-14 05:39:24
8640,13410,ups,2025-01-11 15:01:34,2025-01-14 09:01:34
8641,13412,fedex,2025-09-22 19:32:17,2025-09-25 03:32:17
8642,13413,dhl,2025-03-02 06:25:33,2025-03-04 12:25:33
8643,13414,usps,2025-09-05 18:14:56,2025-09-09 13:14:56
8644,13415,fedex,2025-02-20 16:51:06,2025-02-25 11:51:06
8645,13416,dhl,2025-05-14 23:24:28,2025-05-19 03:24:28
8646,13417,ups,2025-07-05 15:37:41,2025-07-06 00:37:41
8647,13418,usps,2025-06-30 19:35:10,2025-07-02 13:35:10
8648,13422,fedex,2025-02-12 20:12:37,\N
8649,13423,fedex,2025-04-11 13:03:48,\N
865,1335,ups,2025-03-21 11:10:58,2025-03-25 06:10:58
8650,13424,dhl,2025-07-01 18:08:26,\N
8651,13427,dhl,2025-01-16 23:34:14,2025-01-20 09:34:14
8652,13428,fedex,2025-09-19 18:39:26,\N
8653,13429,fedex,2025-10-09 08:37:39,2025-10-11 02:37:39
8654,13430,dhl,2025-10-28 10:48:18,2025-10-28 16:48:18
8655,13432,usps,2025-09-05 10:17:30,2025-09-08 00:17:30
8656,13433,usps,2025-10-13 17:16:55,2025-10-15 10:16:55
8657,13434,ups,2025-06-24 08:39:34,2025-06-25 19:39:34
8658,13435,dhl,2025-05-18 05:24:49,2025-05-22 10:24:49
8659,13436,ups,2025-08-19 18:25:31,2025-08-21 14:25:31
866,1336,usps,2025-07-12 05:33:15,2025-07-17 01:33:15
8660,13437,dhl,2025-10-12 01:42:48,2025-10-13 02:42:48
8661,13439,usps,2025-03-05 16:44:00,2025-03-10 20:44:00
8662,13441,fedex,2025-06-23 04:14:33,2025-06-25 09:14:33
8663,13444,usps,2025-03-26 22:27:15,2025-03-28 16:27:15
8664,13445,fedex,2025-05-24 14:01:40,\N
8665,13446,fedex,2026-01-01 02:50:16,\N
8666,13447,dhl,2025-03-13 09:26:44,2025-03-17 05:26:44
8667,13448,fedex,2025-04-11 05:59:06,2025-04-14 16:59:06
8668,13455,fedex,2025-09-19 01:56:07,2025-09-22 00:56:07
8669,13457,ups,2025-02-20 01:36:41,2025-02-22 13:36:41
867,1338,usps,2025-07-28 01:50:11,2025-07-28 11:50:11
8670,13462,usps,2025-07-26 16:12:38,2025-07-28 09:12:38
8671,13463,usps,2025-03-06 11:26:25,2025-03-08 19:26:25
8672,13465,usps,2025-06-07 21:49:42,2025-06-11 00:49:42
8673,13466,ups,2025-12-08 09:17:13,2025-12-09 09:17:13
8674,13467,fedex,2025-05-17 07:12:56,\N
8675,13468,fedex,2025-02-10 21:43:09,2025-02-12 08:43:09
8676,13470,ups,2025-05-19 04:53:48,2025-05-24 13:53:48
8677,13471,ups,2025-03-11 09:11:52,2025-03-14 13:11:52
8678,13472,dhl,2025-03-13 18:06:12,2025-03-19 00:06:12
8679,13476,ups,2025-12-25 09:32:44,2025-12-28 04:32:44
868,1339,ups,2025-11-13 02:27:30,2025-11-17 22:27:30
8680,13478,ups,2025-02-23 18:17:07,2025-02-28 02:17:07
8681,13479,usps,2025-06-02 17:52:36,2025-06-05 15:52:36
8682,13484,dhl,2025-07-22 14:02:22,2025-07-25 21:02:22
8683,13486,usps,2025-04-30 21:04:01,\N
8684,13489,usps,2025-02-01 06:03:56,2025-02-06 13:03:56
8685,13492,ups,2025-01-21 04:48:06,2025-01-22 23:48:06
8686,13495,fedex,2025-06-12 04:47:30,2025-06-12 17:47:30
8687,13497,ups,2025-10-31 23:04:58,2025-11-04 00:04:58
8688,13500,fedex,2025-12-14 08:45:27,2025-12-16 11:45:27
8689,13501,dhl,2025-02-22 07:48:36,2025-02-24 08:48:36
869,1341,usps,2025-11-20 03:07:41,\N
8690,13502,fedex,2025-01-09 15:45:40,2025-01-11 15:45:40
8691,13503,usps,2025-05-14 01:23:54,2025-05-19 10:23:54
8692,13505,ups,2025-09-16 11:49:58,2025-09-19 16:49:58
8693,13508,fedex,2025-01-12 22:13:21,\N
8694,13509,ups,2025-06-19 12:27:06,2025-06-22 09:27:06
8695,13511,ups,2025-08-30 13:52:56,2025-09-03 02:52:56
8696,13512,dhl,2025-12-22 21:40:26,2025-12-25 02:40:26
8697,13513,ups,2025-01-04 04:39:11,2025-01-07 16:39:11
8698,13514,ups,2025-10-15 04:59:28,2025-10-19 19:59:28
8699,13515,ups,2025-03-22 01:14:00,2025-03-24 20:14:00
87,138,ups,2025-08-06 21:32:28,2025-08-10 03:32:28
870,1342,ups,2025-11-19 05:21:49,2025-11-24 16:21:49
8700,13516,usps,2025-10-10 08:15:30,2025-10-11 16:15:30
8701,13519,ups,2025-04-07 11:27:00,\N
8702,13520,fedex,2025-09-07 23:48:01,2025-09-11 15:48:01
8703,13521,ups,2025-05-20 07:48:06,2025-05-21 18:48:06
8704,13522,usps,2025-06-16 12:59:40,2025-06-16 23:59:40
8705,13524,ups,2025-04-25 07:25:57,2025-04-26 09:25:57
8706,13527,fedex,2025-07-19 10:29:45,2025-07-24 05:29:45
8707,13529,dhl,2025-02-12 01:38:55,2025-02-13 23:38:55
8708,13530,ups,2025-11-14 07:45:39,2025-11-16 18:45:39
8709,13531,usps,2025-11-20 20:41:22,2025-11-24 15:41:22
871,1343,usps,2025-04-22 05:12:34,2025-04-23 23:12:34
8710,13532,fedex,2025-11-15 21:21:18,2025-11-19 02:21:18
8711,13533,usps,2025-09-08 12:49:24,2025-09-10 11:49:24
8712,13534,dhl,2025-01-29 15:01:14,2025-01-29 22:01:14
8713,13536,ups,2025-03-15 19:17:46,2025-03-21 10:17:46
8714,13538,usps,2025-10-07 09:17:54,2025-10-10 15:17:54
8715,13539,usps,2025-02-13 07:41:14,2025-02-14 02:41:14
8716,13540,usps,2025-09-30 14:50:39,\N
8717,13542,usps,2025-02-12 01:10:03,2025-02-16 04:10:03
8718,13546,dhl,2025-12-27 01:21:34,2025-12-31 13:21:34
8719,13548,ups,2025-06-20 08:59:43,2025-06-25 18:59:43
872,1345,usps,2025-06-13 07:29:51,2025-06-16 03:29:51
8720,13549,dhl,2025-03-12 23:07:23,2025-03-17 07:07:23
8721,13551,dhl,2025-09-09 01:47:20,2025-09-14 15:47:20
8722,13552,ups,2025-07-17 10:14:39,2025-07-20 11:14:39
8723,13553,fedex,2025-12-02 22:18:39,2025-12-06 05:18:39
8724,13554,ups,2025-10-24 12:50:37,2025-10-25 16:50:37
8725,13556,usps,2025-02-12 18:43:03,2025-02-16 02:43:03
8726,13557,usps,2025-08-23 06:53:36,2025-08-28 04:53:36
8727,13558,ups,2025-05-08 20:38:10,2025-05-10 16:38:10
8728,13561,dhl,2025-11-01 23:46:34,2025-11-06 01:46:34
8729,13562,usps,2025-11-15 13:14:11,2025-11-16 03:14:11
873,1346,dhl,2025-03-29 14:32:14,2025-04-02 19:32:14
8730,13563,usps,2025-07-15 17:30:45,2025-07-16 18:30:45
8731,13565,usps,2025-06-24 23:38:38,2025-06-27 18:38:38
8732,13566,fedex,2025-09-19 22:46:02,2025-09-24 08:46:02
8733,13567,ups,2025-05-18 19:57:25,2025-05-22 20:57:25
8734,13569,ups,2025-06-02 20:55:47,\N
8735,13570,ups,2025-06-22 06:12:33,2025-06-24 20:12:33
8736,13571,usps,2025-11-12 10:38:41,2025-11-17 02:38:41
8737,13573,usps,2025-09-05 23:11:57,2025-09-09 01:11:57
8738,13574,fedex,2025-12-24 09:17:26,2025-12-28 06:17:26
8739,13575,dhl,2025-10-19 20:27:51,2025-10-25 06:27:51
874,1347,dhl,2025-03-12 11:01:44,2025-03-14 13:01:44
8740,13576,ups,2025-08-01 16:04:35,2025-08-02 09:04:35
8741,13577,fedex,2025-01-22 17:25:36,\N
8742,13578,dhl,2025-02-13 13:10:41,2025-02-18 19:10:41
8743,13581,usps,2025-01-04 20:24:32,2025-01-06 17:24:32
8744,13582,fedex,2025-12-08 11:21:17,2025-12-11 18:21:17
8745,13585,ups,2025-10-14 23:38:25,2025-10-17 18:38:25
8746,13586,ups,2025-01-07 20:33:52,2025-01-10 08:33:52
8747,13588,dhl,2025-08-06 20:13:04,2025-08-11 14:13:04
8748,13590,usps,2025-08-09 19:06:09,2025-08-12 08:06:09
8749,13591,ups,2025-11-11 19:48:48,2025-11-16 09:48:48
875,1349,fedex,2025-01-09 11:25:21,2025-01-13 14:25:21
8750,13593,ups,2025-09-21 20:06:02,2025-09-24 11:06:02
8751,13594,usps,2025-04-16 14:04:55,2025-04-19 11:04:55
8752,13595,fedex,2025-11-25 15:15:54,2025-11-27 08:15:54
8753,13597,fedex,2025-08-29 08:43:36,2025-09-02 18:43:36
8754,13599,ups,2025-03-28 04:49:56,2025-04-01 06:49:56
8755,13600,dhl,2025-01-20 02:11:10,2025-01-23 05:11:10
8756,13601,ups,2025-04-02 09:04:25,2025-04-03 17:04:25
8757,13602,dhl,2025-11-17 09:52:11,2025-11-18 13:52:11
8758,13604,ups,2025-11-25 08:21:18,2025-11-28 12:21:18
8759,13605,usps,2025-08-13 16:20:39,2025-08-17 08:20:39
876,1350,dhl,2025-12-11 11:12:22,2025-12-12 05:12:22
8760,13607,dhl,2025-04-30 09:41:36,2025-05-01 20:41:36
8761,13608,usps,2025-03-22 08:58:10,2025-03-25 15:58:10
8762,13609,usps,2025-11-08 13:14:42,2025-11-09 23:14:42
8763,13611,usps,2025-03-26 23:07:37,2025-04-01 08:07:37
8764,13612,fedex,2025-08-27 13:38:07,2025-08-30 12:38:07
8765,13613,dhl,2025-11-27 00:52:56,2025-11-30 03:52:56
8766,13614,dhl,2025-12-18 21:33:05,2025-12-20 19:33:05
8767,13617,fedex,2025-10-19 20:03:39,2025-10-21 06:03:39
8768,13618,fedex,2025-06-03 16:39:12,2025-06-07 01:39:12
8769,13619,ups,2025-10-21 11:57:19,2025-10-22 15:57:19
877,1351,dhl,2025-10-18 07:00:36,2025-10-19 10:00:36
8770,13620,ups,2025-12-10 19:52:36,2025-12-15 01:52:36
8771,13622,ups,2025-06-04 13:57:13,2025-06-07 09:57:13
8772,13623,ups,2025-04-01 18:10:09,\N
8773,13627,dhl,2025-11-09 20:07:07,2025-11-14 18:07:07
8774,13630,fedex,2025-11-19 20:18:55,2025-11-23 03:18:55
8775,13631,dhl,2025-03-10 22:35:39,2025-03-13 03:35:39
8776,13632,fedex,2025-06-01 00:08:47,2025-06-03 01:08:47
8777,13634,usps,2025-03-15 13:08:23,2025-03-20 04:08:23
8778,13635,dhl,2025-03-28 15:45:47,2025-04-01 00:45:47
8779,13636,ups,2025-10-04 00:50:19,2025-10-09 01:50:19
878,1352,dhl,2025-11-03 17:38:06,2025-11-09 05:38:06
8780,13637,usps,2025-11-23 08:41:58,2025-11-26 09:41:58
8781,13638,dhl,2025-04-09 15:24:41,2025-04-10 04:24:41
8782,13641,fedex,2025-11-15 11:06:07,2025-11-16 09:06:07
8783,13642,fedex,2025-04-19 02:41:01,2025-04-19 19:41:01
8784,13643,fedex,2025-11-10 14:10:24,2025-11-12 05:10:24
8785,13644,dhl,2025-05-05 10:23:28,\N
8786,13646,fedex,2025-09-29 06:01:06,\N
8787,13648,usps,2025-05-14 19:10:50,2025-05-20 04:10:50
8788,13650,dhl,2025-01-22 18:52:29,2025-01-26 13:52:29
8789,13651,dhl,2025-05-04 15:58:50,2025-05-08 23:58:50
879,1354,usps,2025-02-11 12:16:24,2025-02-17 03:16:24
8790,13653,dhl,2025-04-04 02:45:24,2025-04-08 02:45:24
8791,13656,usps,2025-10-03 21:53:04,2025-10-06 06:53:04
8792,13657,usps,2025-06-02 08:36:56,\N
8793,13662,ups,2025-09-05 19:46:17,2025-09-06 16:46:17
8794,13663,dhl,2025-04-21 07:29:36,2025-04-21 18:29:36
8795,13664,usps,2025-01-14 01:24:23,2025-01-15 05:24:23
8796,13665,fedex,2025-07-15 14:31:51,2025-07-20 03:31:51
8797,13667,usps,2025-06-05 00:33:25,2025-06-10 15:33:25
8798,13668,fedex,2025-01-02 23:14:20,2025-01-04 07:14:20
8799,13671,fedex,2025-06-29 17:10:08,2025-07-03 13:10:08
88,142,ups,2025-01-24 16:38:02,2025-01-29 10:38:02
880,1355,fedex,2025-10-22 21:11:36,2025-10-25 17:11:36
8800,13673,usps,2025-11-18 19:55:02,2025-11-22 06:55:02
8801,13674,dhl,2025-03-02 06:09:05,2025-03-03 18:09:05
8802,13675,dhl,2025-12-14 19:10:57,2025-12-16 11:10:57
8803,13678,fedex,2025-11-18 18:53:47,2025-11-20 21:53:47
8804,13680,ups,2025-05-16 14:07:17,2025-05-18 02:07:17
8805,13681,dhl,2025-07-06 16:45:46,\N
8806,13682,usps,2025-04-09 15:06:57,2025-04-13 02:06:57
8807,13683,usps,2025-01-09 12:07:53,2025-01-12 02:07:53
8808,13685,fedex,2025-11-15 07:08:52,2025-11-17 10:08:52
8809,13686,dhl,2025-08-11 19:32:18,2025-08-15 08:32:18
881,1357,usps,2025-08-20 19:19:50,2025-08-24 03:19:50
8810,13687,ups,2025-08-27 13:27:50,2025-09-01 04:27:50
8811,13688,dhl,2025-12-26 09:49:38,2025-12-27 17:49:38
8812,13690,usps,2025-06-12 10:54:38,2025-06-14 12:54:38
8813,13692,usps,2025-03-05 07:36:13,2025-03-05 19:36:13
8814,13693,fedex,2025-02-28 17:15:10,2025-03-04 05:15:10
8815,13695,ups,2025-07-23 07:01:25,2025-07-28 07:01:25
8816,13696,usps,2025-08-21 06:10:01,2025-08-24 12:10:01
8817,13700,dhl,2025-07-03 12:30:56,2025-07-05 19:30:56
8818,13701,ups,2025-04-30 05:23:34,2025-05-02 12:23:34
8819,13702,dhl,2025-10-07 04:07:31,2025-10-11 17:07:31
882,1358,usps,2025-10-04 08:12:29,2025-10-08 15:12:29
8820,13703,dhl,2025-11-27 11:15:58,2025-11-29 23:15:58
8821,13706,fedex,2025-01-11 12:13:28,2025-01-12 14:13:28
8822,13709,fedex,2025-04-17 07:20:49,2025-04-18 00:20:49
8823,13712,ups,2025-10-09 18:25:53,2025-10-12 02:25:53
8824,13713,fedex,2025-09-12 16:09:20,2025-09-15 03:09:20
8825,13714,dhl,2025-06-29 05:55:53,2025-07-01 02:55:53
8826,13716,ups,2025-10-02 08:05:02,\N
8827,13717,dhl,2025-09-01 06:23:54,2025-09-04 09:23:54
8828,13719,ups,2025-04-20 12:17:15,2025-04-24 07:17:15
8829,13721,fedex,2025-05-12 09:39:24,2025-05-14 16:39:24
883,1359,dhl,2025-09-01 04:05:23,2025-09-05 18:05:23
8830,13722,ups,2025-09-01 22:32:46,2025-09-06 05:32:46
8831,13725,fedex,2025-07-22 00:32:52,2025-07-24 18:32:52
8832,13726,fedex,2025-05-09 03:07:35,\N
8833,13727,ups,2025-12-06 16:07:48,2025-12-11 12:07:48
8834,13728,usps,2025-07-27 01:14:57,2025-07-29 14:14:57
8835,13730,usps,2025-10-03 05:50:34,2025-10-07 18:50:34
8836,13732,fedex,2025-10-20 21:22:38,2025-10-26 06:22:38
8837,13734,ups,2025-03-25 09:13:36,2025-03-29 17:13:36
8838,13735,fedex,2025-04-24 17:02:35,2025-04-28 00:02:35
8839,13736,usps,2025-09-13 14:31:56,2025-09-18 22:31:56
884,1361,dhl,2025-09-30 16:48:24,2025-10-02 18:48:24
8840,13738,fedex,2025-05-26 05:23:34,2025-05-27 20:23:34
8841,13739,fedex,2025-08-28 12:18:55,2025-09-01 09:18:55
8842,13740,ups,2025-10-15 20:51:22,2025-10-18 07:51:22
8843,13741,usps,2025-11-01 21:38:06,2025-11-06 19:38:06
8844,13743,fedex,2025-02-12 05:28:30,2025-02-15 13:28:30
8845,13744,dhl,2025-12-10 04:28:04,2025-12-15 08:28:04
8846,13745,usps,2025-10-28 07:07:32,2025-11-02 05:07:32
8847,13747,fedex,2025-01-15 04:57:03,2025-01-15 15:57:03
8848,13748,fedex,2025-10-15 23:00:41,2025-10-17 21:00:41
8849,13752,dhl,2025-09-05 03:27:03,2025-09-06 17:27:03
885,1362,usps,2025-12-08 05:13:29,2025-12-10 02:13:29
8850,13753,dhl,2025-11-25 18:50:46,2025-11-27 22:50:46
8851,13754,fedex,2025-12-20 23:50:07,2025-12-22 09:50:07
8852,13755,ups,2025-08-31 02:12:06,2025-09-03 10:12:06
8853,13756,fedex,2025-05-18 02:37:32,2025-05-22 10:37:32
8854,13757,ups,2025-02-14 06:30:25,2025-02-17 20:30:25
8855,13759,ups,2025-03-15 09:32:52,2025-03-15 15:32:52
8856,13760,fedex,2025-06-27 20:50:59,2025-07-01 20:50:59
8857,13761,dhl,2025-06-16 12:06:30,2025-06-18 23:06:30
8858,13763,usps,2025-05-17 09:21:11,2025-05-18 01:21:11
8859,13764,fedex,2025-06-09 16:09:31,2025-06-11 09:09:31
886,1365,ups,2025-09-17 07:01:09,2025-09-20 03:01:09
8860,13765,ups,2025-06-10 00:56:26,\N
8861,13766,ups,2025-09-27 06:21:09,2025-09-28 21:21:09
8862,13767,fedex,2025-11-19 22:24:03,2025-11-23 08:24:03
8863,13768,usps,2025-03-04 14:10:59,2025-03-07 02:10:59
8864,13770,ups,2025-04-05 13:12:14,2025-04-08 19:12:14
8865,13771,ups,2025-08-03 15:46:48,2025-08-05 13:46:48
8866,13772,dhl,2025-08-12 13:06:57,2025-08-12 21:06:57
8867,13773,dhl,2025-05-13 02:48:16,2025-05-17 08:48:16
8868,13775,usps,2025-07-25 03:54:13,2025-07-28 23:54:13
8869,13777,dhl,2025-07-01 19:31:48,2025-07-07 08:31:48
887,1367,ups,2025-04-27 19:13:32,2025-04-30 13:13:32
8870,13778,usps,2025-04-12 11:31:08,2025-04-18 06:31:08
8871,13779,ups,2025-10-28 07:02:27,2025-11-01 10:02:27
8872,13781,fedex,2025-10-17 17:03:25,2025-10-23 04:03:25
8873,13783,ups,2025-09-10 04:19:37,2025-09-15 19:19:37
8874,13784,usps,2025-11-14 00:13:32,2025-11-15 03:13:32
8875,13785,dhl,2025-10-20 22:55:09,2025-10-23 11:55:09
8876,13786,dhl,2025-08-23 01:29:24,\N
8877,13787,usps,2025-12-19 01:53:39,2025-12-20 00:53:39
8878,13788,fedex,2025-02-25 10:22:55,2025-03-01 14:22:55
8879,13789,dhl,2025-02-15 18:14:30,2025-02-16 11:14:30
888,1368,fedex,2025-03-12 07:56:55,2025-03-16 19:56:55
8880,13791,ups,2025-05-29 20:15:11,2025-05-30 20:15:11
8881,13792,fedex,2025-12-27 08:32:54,2025-12-29 07:32:54
8882,13795,fedex,2025-08-04 10:26:47,2025-08-06 15:26:47
8883,13796,fedex,2025-04-01 12:49:48,2025-04-05 09:49:48
8884,13797,dhl,2025-07-20 09:21:59,2025-07-24 14:21:59
8885,13798,ups,2025-12-25 02:26:13,2025-12-28 00:26:13
8886,13800,dhl,2025-06-08 20:45:04,2025-06-09 16:45:04
8887,13803,fedex,2025-07-12 01:20:58,2025-07-17 14:20:58
8888,13804,usps,2025-08-10 12:14:32,2025-08-16 00:14:32
8889,13805,usps,2025-04-19 12:14:00,2025-04-20 09:14:00
889,1369,usps,2025-09-13 17:34:25,2025-09-14 13:34:25
8890,13806,ups,2025-07-28 03:55:15,2025-07-29 07:55:15
8891,13810,dhl,2025-10-06 11:08:13,2025-10-12 01:08:13
8892,13812,dhl,2025-08-09 19:40:04,2025-08-14 06:40:04
8893,13813,ups,2025-03-27 09:45:23,2025-03-28 18:45:23
8894,13815,ups,2025-07-21 22:27:56,2025-07-25 00:27:56
8895,13816,usps,2025-10-20 07:17:33,2025-10-21 02:17:33
8896,13818,usps,2025-07-07 22:06:07,2025-07-09 02:06:07
8897,13820,dhl,2025-12-15 07:59:16,2025-12-16 05:59:16
8898,13821,dhl,2025-12-04 19:31:15,2025-12-09 22:31:15
8899,13822,ups,2025-07-13 10:00:54,2025-07-15 00:00:54
89,143,dhl,2025-07-21 22:24:32,2025-07-26 12:24:32
890,1371,usps,2025-09-30 21:15:35,2025-10-02 03:15:35
8900,13824,dhl,2025-08-24 17:07:58,2025-08-28 16:07:58
8901,13826,ups,2025-07-04 16:24:11,2025-07-05 22:24:11
8902,13827,fedex,2025-08-06 19:00:34,2025-08-07 13:00:34
8903,13829,fedex,2025-03-29 21:31:32,\N
8904,13831,usps,2025-07-24 04:18:33,2025-07-24 23:18:33
8905,13832,ups,2025-02-07 15:36:41,2025-02-10 16:36:41
8906,13833,dhl,2025-03-28 13:40:05,2025-04-02 02:40:05
8907,13835,fedex,2025-07-10 09:21:39,2025-07-14 18:21:39
8908,13836,dhl,2025-04-05 21:11:26,2025-04-09 15:11:26
8909,13837,usps,2025-03-22 11:16:27,2025-03-23 19:16:27
891,1372,dhl,2025-03-13 22:26:09,2025-03-16 05:26:09
8910,13838,fedex,2025-05-20 13:27:36,\N
8911,13839,fedex,2025-12-24 17:33:36,2025-12-29 19:33:36
8912,13840,dhl,2025-05-29 00:07:37,2025-05-31 00:07:37
8913,13843,usps,2025-06-29 09:43:50,\N
8914,13844,usps,2025-07-15 02:16:20,2025-07-18 06:16:20
8915,13845,dhl,2025-08-09 08:30:15,\N
8916,13847,dhl,2025-04-05 17:32:23,2025-04-10 12:32:23
8917,13849,fedex,2025-09-24 15:49:51,2025-09-25 11:49:51
8918,13850,fedex,2025-08-26 17:23:28,2025-08-29 06:23:28
8919,13851,fedex,2025-05-23 00:25:43,2025-05-23 15:25:43
892,1374,usps,2025-10-18 13:32:21,2025-10-22 16:32:21
8920,13852,dhl,2025-04-10 23:24:47,2025-04-16 10:24:47
8921,13853,dhl,2025-03-27 03:59:25,2025-04-01 19:59:25
8922,13854,dhl,2025-06-10 10:40:55,2025-06-12 09:40:55
8923,13856,fedex,2025-12-26 10:19:56,2025-12-29 20:19:56
8924,13858,fedex,2025-08-23 04:19:23,2025-08-24 09:19:23
8925,13859,usps,2025-04-05 17:04:55,2025-04-06 22:04:55
8926,13862,fedex,2025-10-11 02:53:55,2025-10-12 04:53:55
8927,13864,dhl,2025-02-19 13:56:37,2025-02-21 14:56:37
8928,13865,ups,2025-05-13 13:07:10,2025-05-18 12:07:10
8929,13866,fedex,2025-12-21 00:44:55,2025-12-24 22:44:55
893,1378,ups,2025-05-18 11:08:21,2025-05-18 19:08:21
8930,13868,usps,2025-03-27 11:05:09,2025-04-01 08:05:09
8931,13872,fedex,2025-10-18 16:55:01,2025-10-23 22:55:01
8932,13874,fedex,2025-02-17 05:06:21,2025-02-22 05:06:21
8933,13876,ups,2025-10-03 21:36:12,2025-10-08 08:36:12
8934,13877,fedex,2025-02-14 14:36:59,2025-02-19 04:36:59
8935,13878,usps,2025-03-11 05:53:04,2025-03-15 17:53:04
8936,13879,usps,2025-03-03 18:56:42,\N
8937,13881,usps,2025-04-09 17:52:19,2025-04-14 20:52:19
8938,13882,ups,2025-04-09 23:30:42,2025-04-11 04:30:42
8939,13883,ups,2025-07-19 18:19:59,2025-07-24 12:19:59
894,1379,fedex,2025-12-19 23:21:47,2025-12-23 17:21:47
8940,13884,ups,2025-05-22 05:59:13,2025-05-23 08:59:13
8941,13885,dhl,2025-02-08 07:29:02,2025-02-09 23:29:02
8942,13886,fedex,2025-03-11 02:49:59,2025-03-14 08:49:59
8943,13887,usps,2025-01-25 02:14:38,2025-01-29 20:14:38
8944,13889,usps,2025-05-03 03:31:19,2025-05-05 10:31:19
8945,13890,fedex,2025-03-23 10:10:19,2025-03-25 14:10:19
8946,13891,usps,2025-10-17 16:00:39,2025-10-22 13:00:39
8947,13892,dhl,2025-02-07 21:10:47,2025-02-12 03:10:47
8948,13894,dhl,2025-05-23 20:43:23,2025-05-27 02:43:23
8949,13895,usps,2025-09-01 14:13:29,2025-09-03 11:13:29
895,1381,ups,2025-11-06 02:17:16,2025-11-09 10:17:16
8950,13896,ups,2025-11-13 08:39:53,\N
8951,13897,dhl,2025-11-10 03:08:12,2025-11-13 08:08:12
8952,13898,usps,2025-12-05 23:05:44,2025-12-10 21:05:44
8953,13899,fedex,2026-01-02 07:25:29,2025-12-31 23:59:59
8954,13900,fedex,2025-09-01 18:45:00,2025-09-04 02:45:00
8955,13903,ups,2025-06-10 05:55:04,2025-06-11 14:55:04
8956,13904,fedex,2025-10-29 22:08:36,2025-10-30 16:08:36
8957,13908,dhl,2025-12-29 12:49:15,2025-12-31 05:49:15
8958,13909,dhl,2025-10-15 17:27:29,2025-10-16 10:27:29
8959,13910,ups,2025-03-21 02:20:24,2025-03-26 07:20:24
896,1382,dhl,2025-04-10 21:27:23,2025-04-12 02:27:23
8960,13911,ups,2025-07-26 04:49:34,2025-07-26 12:49:34
8961,13912,usps,2025-03-21 06:45:11,2025-03-26 08:45:11
8962,13914,fedex,2025-04-29 22:31:06,2025-05-03 15:31:06
8963,13915,usps,2025-05-19 04:14:13,2025-05-24 16:14:13
8964,13916,dhl,2025-06-22 19:11:04,2025-06-27 09:11:04
8965,13917,usps,2025-05-10 03:18:02,2025-05-14 10:18:02
8966,13918,usps,2025-08-22 12:40:41,2025-08-23 12:40:41
8967,13919,fedex,2025-11-22 21:09:04,2025-11-26 07:09:04
8968,13920,usps,2025-06-25 09:09:55,2025-06-30 03:09:55
8969,13922,ups,2025-11-18 06:24:03,2025-11-23 16:24:03
897,1385,dhl,2025-04-06 08:23:59,2025-04-09 12:23:59
8970,13924,usps,2026-01-02 17:46:02,2025-12-31 23:59:59
8971,13925,fedex,2025-02-24 00:14:57,2025-02-28 05:14:57
8972,13926,dhl,2025-11-18 11:40:51,2025-11-23 09:40:51
8973,13928,ups,2025-07-30 06:59:48,2025-08-04 08:59:48
8974,13929,ups,2025-09-03 15:06:46,2025-09-07 16:06:46
8975,13930,usps,2025-05-18 01:46:01,2025-05-21 07:46:01
8976,13931,dhl,2025-02-25 14:44:45,2025-02-27 23:44:45
8977,13932,dhl,2025-10-05 02:32:49,2025-10-08 14:32:49
8978,13933,dhl,2025-10-10 18:15:08,2025-10-15 03:15:08
8979,13934,usps,2025-02-27 04:27:44,2025-03-04 02:27:44
898,1386,ups,2025-05-31 06:22:06,2025-06-02 11:22:06
8980,13935,fedex,2025-09-25 21:59:31,\N
8981,13938,ups,2025-05-05 23:32:27,2025-05-09 17:32:27
8982,13940,dhl,2025-12-21 04:45:15,2025-12-26 07:45:15
8983,13941,ups,2025-03-09 18:08:43,2025-03-12 17:08:43
8984,13942,ups,2025-10-27 13:09:47,2025-11-01 21:09:47
8985,13944,ups,2025-08-07 10:10:25,2025-08-10 12:10:25
8986,13949,fedex,2025-10-17 07:50:42,2025-10-22 01:50:42
8987,13951,ups,2025-02-14 09:40:03,2025-02-15 03:40:03
8988,13952,dhl,2025-12-04 23:37:23,2025-12-05 14:37:23
8989,13953,ups,2025-03-22 08:25:48,2025-03-23 19:25:48
899,1387,usps,2025-12-24 01:43:44,2025-12-27 05:43:44
8990,13957,ups,2025-11-26 13:25:43,2025-11-27 12:25:43
8991,13959,dhl,2025-10-29 15:21:09,2025-10-30 07:21:09
8992,13960,ups,2025-06-24 01:20:26,2025-06-27 11:20:26
8993,13962,fedex,2025-12-18 04:04:57,2025-12-22 01:04:57
8994,13963,fedex,2025-05-02 01:29:25,2025-05-07 02:29:25
8995,13967,usps,2025-01-19 02:45:09,2025-01-24 15:45:09
8996,13968,fedex,2025-10-01 07:06:46,2025-10-04 11:06:46
8997,13971,ups,2025-08-04 04:03:50,2025-08-07 12:03:50
8998,13975,dhl,2025-01-24 11:26:24,2025-01-28 23:26:24
8999,13976,ups,2025-03-22 18:48:21,2025-03-23 15:48:21
9,15,dhl,2025-12-04 09:31:01,2025-12-08 20:31:01
90,144,ups,2025-01-23 03:13:36,2025-01-25 05:13:36
900,1390,dhl,2025-10-27 13:07:49,2025-11-01 10:07:49
9000,13977,dhl,2025-05-18 13:50:53,2025-05-21 03:50:53
9001,13978,dhl,2025-08-03 11:31:09,2025-08-06 12:31:09
9002,13979,fedex,2025-07-24 19:45:34,\N
9003,13980,usps,2025-07-13 10:59:23,2025-07-15 12:59:23
9004,13982,usps,2025-10-14 02:19:56,2025-10-17 04:19:56
9005,13984,usps,2025-03-22 16:16:31,2025-03-24 15:16:31
9006,13985,ups,2025-11-13 03:03:48,2025-11-15 14:03:48
9007,13987,ups,2025-03-22 01:37:22,2025-03-27 14:37:22
9008,13990,ups,2025-09-26 17:57:28,2025-10-01 01:57:28
9009,13991,fedex,2025-10-14 20:07:07,2025-10-15 07:07:07
901,1391,dhl,2025-08-10 23:30:19,2025-08-12 18:30:19
9010,13992,usps,2025-06-28 09:09:59,2025-07-02 16:09:59
9011,13993,ups,2025-12-30 02:37:38,2025-12-31 01:37:38
9012,13995,fedex,2025-07-19 21:12:21,2025-07-22 01:12:21
9013,13997,dhl,2025-07-23 13:39:11,2025-07-29 06:39:11
9014,13998,usps,2025-09-28 05:24:45,2025-09-28 16:24:45
9015,14001,usps,2025-10-19 18:52:56,2025-10-22 18:52:56
9016,14002,ups,2025-04-25 23:33:44,2025-04-26 12:33:44
9017,14004,ups,2025-01-18 22:46:23,2025-01-20 04:46:23
9018,14005,dhl,2025-06-30 16:43:00,2025-07-02 22:43:00
9019,14006,ups,2025-03-29 07:46:41,2025-04-02 03:46:41
902,1392,dhl,2025-05-17 19:31:16,2025-05-20 05:31:16
9020,14007,dhl,2025-06-16 21:46:56,\N
9021,14009,usps,2025-10-26 21:28:03,2025-11-01 13:28:03
9022,14010,ups,2025-10-16 05:17:17,\N
9023,14011,ups,2025-11-02 07:13:52,2025-11-05 21:13:52
9024,14012,fedex,2025-03-26 00:19:09,2025-03-28 10:19:09
9025,14013,fedex,2025-12-27 18:24:02,2025-12-31 23:59:59
9026,14014,dhl,2025-03-05 09:37:46,2025-03-08 15:37:46
9027,14015,dhl,2025-07-09 02:55:09,2025-07-09 20:55:09
9028,14016,ups,2025-08-12 09:01:18,2025-08-15 03:01:18
9029,14018,dhl,2025-05-11 18:02:22,2025-05-15 19:02:22
903,1393,fedex,2025-11-11 01:57:25,2025-11-14 15:57:25
9030,14021,dhl,2025-05-08 16:56:26,2025-05-10 23:56:26
9031,14022,ups,2025-05-29 09:56:02,2025-06-03 03:56:02
9032,14023,ups,2025-04-08 01:01:38,\N
9033,14024,usps,2025-02-28 01:57:41,2025-03-01 23:57:41
9034,14025,ups,2025-06-12 09:49:10,2025-06-17 20:49:10
9035,14026,ups,2025-08-02 04:35:27,2025-08-04 01:35:27
9036,14027,usps,2025-04-25 02:03:46,2025-04-28 03:03:46
9037,14029,usps,2025-11-15 05:21:34,2025-11-17 15:21:34
9038,14031,fedex,2025-05-03 00:15:03,2025-05-08 14:15:03
9039,14033,ups,2025-05-01 00:14:53,2025-05-04 06:14:53
904,1395,dhl,2025-10-16 12:22:58,2025-10-20 03:22:58
9040,14034,fedex,2025-10-08 18:49:13,2025-10-11 11:49:13
9041,14035,dhl,2025-10-24 08:47:58,\N
9042,14036,usps,2025-01-23 23:00:18,2025-01-25 22:00:18
9043,14037,usps,2025-07-30 20:12:17,\N
9044,14038,usps,2025-08-16 17:42:36,2025-08-18 13:42:36
9045,14039,ups,2025-11-10 16:39:33,2025-11-15 04:39:33
9046,14042,dhl,2025-12-04 18:20:14,\N
9047,14043,fedex,2025-06-28 21:41:40,2025-06-30 19:41:40
9048,14044,usps,2025-06-17 12:59:43,\N
9049,14046,fedex,2025-01-20 12:56:33,2025-01-24 08:56:33
905,1396,fedex,2025-08-06 09:22:56,2025-08-11 04:22:56
9050,14047,dhl,2025-06-25 15:51:09,2025-06-27 20:51:09
9051,14048,usps,2025-06-17 04:18:51,2025-06-22 18:18:51
9052,14051,usps,2025-06-29 08:51:01,2025-07-03 15:51:01
9053,14053,fedex,2025-04-17 22:12:38,2025-04-21 19:12:38
9054,14054,ups,2025-01-04 12:37:15,2025-01-10 03:37:15
9055,14055,ups,2025-03-06 10:28:08,2025-03-07 00:28:08
9056,14056,fedex,2025-04-21 14:33:41,\N
9057,14058,ups,2025-12-04 01:10:00,2025-12-05 06:10:00
9058,14059,usps,2025-04-25 21:34:37,2025-04-29 08:34:37
9059,14063,fedex,2025-10-25 00:06:26,2025-10-30 15:06:26
906,1397,dhl,2025-11-21 19:41:38,2025-11-26 13:41:38
9060,14064,ups,2025-01-19 11:43:42,2025-01-21 18:43:42
9061,14065,fedex,2025-03-06 14:35:01,2025-03-11 05:35:01
9062,14066,usps,2025-12-30 15:05:23,2025-12-31 23:59:59
9063,14067,ups,2025-04-23 12:46:12,2025-04-26 20:46:12
9064,14068,usps,2025-02-27 05:22:29,2025-02-28 22:22:29
9065,14070,fedex,2025-01-05 06:43:10,2025-01-07 11:43:10
9066,14071,fedex,2025-01-07 22:28:10,2025-01-11 16:28:10
9067,14072,fedex,2025-02-28 19:07:14,\N
9068,14075,ups,2025-01-18 23:12:01,2025-01-22 14:12:01
9069,14078,ups,2025-07-12 16:11:51,2025-07-13 10:11:51
907,1398,usps,2025-07-30 14:22:02,2025-08-03 07:22:02
9070,14080,usps,2025-12-13 02:48:18,2025-12-13 09:48:18
9071,14084,fedex,2025-02-08 06:38:50,2025-02-09 01:38:50
9072,14086,fedex,2025-12-11 11:48:09,2025-12-17 00:48:09
9073,14087,dhl,2025-08-30 10:07:34,2025-09-03 10:07:34
9074,14088,usps,2025-05-24 06:01:39,2025-05-24 22:01:39
9075,14089,fedex,2025-02-21 22:21:05,2025-02-22 11:21:05
9076,14092,dhl,2025-01-04 07:21:29,2025-01-09 02:21:29
9077,14095,ups,2025-09-25 15:52:40,2025-09-29 22:52:40
9078,14096,fedex,2025-10-19 04:11:37,2025-10-19 23:11:37
9079,14097,ups,2025-10-09 20:44:17,2025-10-15 05:44:17
908,1399,usps,2025-05-06 15:10:56,2025-05-09 23:10:56
9080,14099,ups,2025-06-24 06:46:53,2025-06-29 01:46:53
9081,14102,usps,2025-02-17 02:18:37,2025-02-19 14:18:37
9082,14103,usps,2025-10-19 07:36:37,2025-10-24 16:36:37
9083,14105,ups,2025-09-07 04:56:54,2025-09-07 23:56:54
9084,14106,dhl,2025-12-27 21:37:52,2025-12-30 02:37:52
9085,14108,fedex,2025-05-29 14:10:51,2025-06-03 02:10:51
9086,14110,ups,2025-04-25 10:02:25,2025-04-27 14:02:25
9087,14111,dhl,2025-09-05 05:26:13,2025-09-07 01:26:13
9088,14112,dhl,2025-12-17 10:34:13,2025-12-21 01:34:13
9089,14113,usps,2025-12-18 12:48:26,2025-12-21 17:48:26
909,1400,dhl,2025-01-20 19:05:07,2025-01-22 06:05:07
9090,14114,dhl,2025-06-01 02:42:14,2025-06-05 10:42:14
9091,14116,fedex,2025-03-14 21:41:33,2025-03-18 08:41:33
9092,14117,usps,2025-07-31 07:06:15,2025-08-01 15:06:15
9093,14118,usps,2025-03-29 11:18:04,2025-04-01 12:18:04
9094,14119,usps,2025-05-22 09:23:05,\N
9095,14120,fedex,2025-09-27 01:32:57,2025-10-02 08:32:57
9096,14121,fedex,2025-08-05 20:53:51,2025-08-07 15:53:51
9097,14123,dhl,2025-12-22 10:53:23,2025-12-27 17:53:23
9098,14124,usps,2025-03-24 15:15:14,2025-03-28 23:15:14
9099,14126,ups,2025-07-01 23:58:36,2025-07-02 23:58:36
91,145,usps,2025-01-08 01:27:20,2025-01-08 08:27:20
910,1407,ups,2025-04-19 21:38:36,2025-04-25 11:38:36
9100,14127,usps,2025-04-22 15:52:54,2025-04-28 09:52:54
9101,14128,usps,2025-03-20 09:53:32,2025-03-24 09:53:32
9102,14129,dhl,2025-11-12 12:22:41,2025-11-14 07:22:41
9103,14134,ups,2025-07-17 21:41:43,2025-07-22 19:41:43
9104,14135,fedex,2025-05-26 08:42:24,2025-05-27 16:42:24
9105,14136,ups,2025-09-14 00:34:14,2025-09-16 00:34:14
9106,14138,usps,2025-12-31 00:22:17,2025-12-31 23:59:59
9107,14139,usps,2025-12-18 16:08:31,2025-12-20 19:08:31
9108,14140,fedex,2025-10-21 12:00:16,2025-10-26 02:00:16
9109,14141,fedex,2025-05-25 22:29:25,2025-05-30 13:29:25
911,1408,dhl,2025-07-29 11:45:17,2025-08-03 09:45:17
9110,14143,dhl,2025-07-06 01:41:31,2025-07-08 20:41:31
9111,14145,usps,2025-11-07 15:11:30,2025-11-09 05:11:30
9112,14146,fedex,2025-07-08 19:14:52,2025-07-11 22:14:52
9113,14147,usps,2025-04-01 09:56:44,2025-04-04 10:56:44
9114,14148,dhl,2025-02-04 16:33:15,2025-02-06 05:33:15
9115,14150,usps,2025-04-04 15:36:01,2025-04-08 02:36:01
9116,14151,dhl,2025-12-07 07:25:24,2025-12-12 02:25:24
9117,14154,fedex,2025-02-16 14:38:02,2025-02-18 11:38:02
9118,14155,fedex,2025-04-03 11:45:05,2025-04-07 09:45:05
9119,14156,fedex,2025-09-09 04:15:03,2025-09-09 13:15:03
912,1409,ups,2025-06-26 07:56:15,2025-07-01 19:56:15
9120,14157,ups,2025-01-24 23:10:46,2025-01-27 21:10:46
9121,14159,dhl,2025-04-21 02:48:01,2025-04-25 08:48:01
9122,14161,dhl,2025-11-17 05:55:24,2025-11-22 10:55:24
9123,14167,usps,2025-10-23 19:33:04,2025-10-24 02:33:04
9124,14169,fedex,2025-06-03 14:32:12,2025-06-04 16:32:12
9125,14170,ups,2025-02-01 18:14:16,2025-02-02 20:14:16
9126,14172,usps,2025-03-26 12:26:07,2025-03-26 20:26:07
9127,14173,fedex,2025-12-14 18:50:33,2025-12-19 20:50:33
9128,14177,ups,2025-01-17 16:52:48,2025-01-21 05:52:48
9129,14178,fedex,2025-04-16 16:18:55,2025-04-19 04:18:55
913,1410,usps,2025-12-15 15:52:41,2025-12-16 23:52:41
9130,14180,fedex,2025-10-02 22:16:43,2025-10-08 06:16:43
9131,14181,dhl,2025-07-18 05:48:59,2025-07-23 09:48:59
9132,14182,fedex,2025-03-15 11:34:47,2025-03-20 01:34:47
9133,14185,ups,2025-01-26 16:12:18,2025-01-31 11:12:18
9134,14186,usps,2025-08-14 01:58:07,2025-08-19 02:58:07
9135,14188,ups,2025-07-31 19:05:35,2025-08-03 11:05:35
9136,14189,fedex,2025-01-14 17:06:42,2025-01-15 07:06:42
9137,14190,fedex,2025-02-23 05:43:19,2025-02-28 21:43:19
9138,14191,dhl,2025-12-05 14:14:08,2025-12-07 17:14:08
9139,14193,ups,2025-05-22 01:02:17,2025-05-27 20:02:17
914,1411,ups,2025-04-13 04:53:40,2025-04-18 08:53:40
9140,14194,fedex,2025-05-05 07:16:33,2025-05-10 05:16:33
9141,14196,dhl,2025-06-16 02:53:50,2025-06-19 00:53:50
9142,14198,usps,2025-11-24 19:20:47,2025-11-28 07:20:47
9143,14199,ups,2025-01-06 15:31:52,2025-01-11 15:31:52
9144,14200,dhl,2025-04-11 07:54:46,2025-04-16 22:54:46
9145,14201,dhl,2025-01-26 05:56:59,2025-01-30 19:56:59
9146,14203,fedex,2025-02-16 02:42:54,2025-02-16 12:42:54
9147,14205,fedex,2025-12-12 02:32:59,2025-12-16 21:32:59
9148,14206,ups,2025-06-22 19:06:31,2025-06-23 22:06:31
9149,14210,fedex,2025-11-24 21:53:02,2025-11-26 12:53:02
915,1414,ups,2025-03-02 18:58:55,2025-03-05 17:58:55
9150,14211,fedex,2025-04-08 06:16:43,2025-04-09 22:16:43
9151,14212,dhl,2025-02-07 01:39:46,2025-02-12 10:39:46
9152,14214,ups,2025-10-12 10:13:48,\N
9153,14215,dhl,2025-06-23 10:56:03,2025-06-27 08:56:03
9154,14216,fedex,2025-06-24 13:15:11,2025-06-30 06:15:11
9155,14217,dhl,2025-09-26 00:24:20,\N
9156,14218,dhl,2025-08-17 21:31:50,2025-08-21 17:31:50
9157,14221,usps,2026-01-01 02:14:11,2025-12-31 23:59:59
9158,14222,usps,2025-10-31 08:32:00,2025-10-31 15:32:00
9159,14223,usps,2025-09-15 09:21:37,2025-09-17 14:21:37
916,1415,ups,2025-01-30 17:45:43,2025-02-01 19:45:43
9160,14225,fedex,2025-07-29 05:02:18,\N
9161,14230,ups,2025-07-28 21:19:53,2025-08-01 18:19:53
9162,14231,dhl,2025-05-02 02:27:14,2025-05-02 08:27:14
9163,14232,ups,2025-12-01 02:54:55,\N
9164,14233,fedex,2025-12-15 14:26:54,2025-12-19 23:26:54
9165,14234,ups,2025-03-11 11:28:36,2025-03-12 06:28:36
9166,14235,fedex,2025-01-16 20:47:59,2025-01-22 11:47:59
9167,14237,dhl,2025-02-16 20:09:08,2025-02-17 22:09:08
9168,14239,usps,2025-08-14 03:31:44,2025-08-19 08:31:44
9169,14240,usps,2025-11-18 11:18:46,2025-11-18 20:18:46
917,1416,fedex,2025-07-03 13:17:44,2025-07-06 10:17:44
9170,14241,usps,2025-06-14 15:22:28,2025-06-16 01:22:28
9171,14242,fedex,2025-10-12 01:12:05,2025-10-12 15:12:05
9172,14243,usps,2025-04-05 07:37:10,2025-04-09 13:37:10
9173,14244,usps,2025-05-02 07:35:39,2025-05-05 22:35:39
9174,14245,usps,2025-07-19 17:10:08,2025-07-24 13:10:08
9175,14246,dhl,2025-06-02 17:07:04,\N
9176,14247,ups,2025-05-16 04:59:06,2025-05-16 20:59:06
9177,14249,ups,2025-12-24 07:49:23,2025-12-29 15:49:23
9178,14250,fedex,2025-06-23 14:20:21,2025-06-26 15:20:21
9179,14251,usps,2025-12-14 09:29:21,2025-12-18 03:29:21
918,1417,ups,2025-03-05 09:59:50,2025-03-11 01:59:50
9180,14252,ups,2025-01-18 22:00:24,\N
9181,14254,usps,2025-08-22 08:39:23,2025-08-27 04:39:23
9182,14258,fedex,2025-03-11 07:10:22,2025-03-13 02:10:22
9183,14259,usps,2025-07-09 02:38:32,2025-07-13 01:38:32
9184,14260,fedex,2025-12-27 15:39:27,2025-12-29 07:39:27
9185,14261,ups,2025-05-10 20:21:25,2025-05-16 13:21:25
9186,14262,usps,2025-03-18 08:12:09,2025-03-20 04:12:09
9187,14263,fedex,2025-03-02 13:59:12,2025-03-03 07:59:12
9188,14265,dhl,2025-09-26 05:35:57,2025-10-01 11:35:57
9189,14267,dhl,2025-02-21 05:09:20,2025-02-23 04:09:20
919,1418,fedex,2025-10-26 08:18:10,2025-10-31 06:18:10
9190,14270,fedex,2025-08-03 13:09:18,2025-08-05 15:09:18
9191,14271,ups,2025-03-27 20:06:38,2025-03-31 13:06:38
9192,14272,fedex,2025-07-28 18:44:30,2025-07-29 14:44:30
9193,14273,usps,2025-10-26 07:03:49,2025-10-29 23:03:49
9194,14274,usps,2025-07-07 23:22:05,2025-07-09 01:22:05
9195,14276,dhl,2025-09-29 16:06:37,2025-09-30 02:06:37
9196,14277,dhl,2025-05-07 07:52:13,2025-05-10 21:52:13
9197,14278,ups,2025-05-30 04:38:50,2025-06-03 07:38:50
9198,14283,ups,2025-08-11 12:20:02,\N
9199,14285,usps,2025-11-16 00:27:48,2025-11-20 00:27:48
92,146,ups,2025-08-26 07:18:08,2025-08-31 01:18:08
920,1419,fedex,2025-03-16 16:52:50,2025-03-19 06:52:50
9200,14288,usps,2025-10-12 09:50:03,2025-10-16 10:50:03
9201,14292,usps,2025-12-12 00:33:08,2025-12-12 23:33:08
9202,14293,ups,2025-04-29 16:12:09,2025-04-29 22:12:09
9203,14294,fedex,2025-10-08 05:20:13,2025-10-13 02:20:13
9204,14295,usps,2025-08-19 00:49:08,2025-08-23 00:49:08
9205,14297,fedex,2025-03-25 06:40:50,2025-03-28 07:40:50
9206,14298,fedex,2025-08-02 20:47:15,\N
9207,14299,ups,2025-03-18 03:25:59,2025-03-20 18:25:59
9208,14300,dhl,2025-06-06 09:54:17,2025-06-11 14:54:17
9209,14302,usps,2025-04-01 03:04:18,2025-04-02 07:04:18
921,1420,fedex,2025-09-13 09:26:50,2025-09-17 12:26:50
9210,14303,fedex,2025-04-02 12:42:38,2025-04-03 13:42:38
9211,14304,ups,2025-01-23 01:40:19,2025-01-25 01:40:19
9212,14306,usps,2025-10-09 21:26:12,2025-10-15 03:26:12
9213,14307,fedex,2025-05-05 06:43:38,2025-05-09 05:43:38
9214,14308,ups,2025-10-23 19:28:08,2025-10-29 09:28:08
9215,14309,dhl,2025-02-08 17:16:36,2025-02-12 16:16:36
9216,14310,ups,2025-06-14 05:57:03,\N
9217,14311,ups,2025-01-24 21:51:44,2025-01-28 03:51:44
9218,14312,fedex,2025-09-03 09:13:29,2025-09-07 13:13:29
9219,14313,usps,2025-12-22 21:20:40,2025-12-26 02:20:40
922,1421,dhl,2025-05-20 17:53:50,\N
9220,14314,dhl,2025-01-03 06:54:45,2025-01-06 12:54:45
9221,14315,ups,2025-10-02 08:41:32,2025-10-04 12:41:32
9222,14317,fedex,2025-05-25 19:42:46,\N
9223,14318,ups,2025-08-02 08:25:07,\N
9224,14319,usps,2025-09-10 18:36:50,2025-09-14 19:36:50
9225,14321,dhl,2025-10-27 15:51:33,2025-10-31 05:51:33
9226,14323,usps,2025-12-06 09:28:01,2025-12-06 19:28:01
9227,14329,fedex,2025-08-17 05:00:13,2025-08-18 21:00:13
9228,14330,dhl,2025-05-15 12:05:20,\N
9229,14336,dhl,2025-02-21 18:19:49,2025-02-25 12:19:49
923,1422,fedex,2025-10-07 18:02:06,2025-10-13 06:02:06
9230,14337,fedex,2025-06-07 01:57:00,2025-06-12 17:57:00
9231,14339,fedex,2025-07-22 23:16:56,2025-07-25 17:16:56
9232,14343,usps,2025-04-13 23:20:07,2025-04-15 00:20:07
9233,14344,usps,2025-07-10 14:31:33,2025-07-15 04:31:33
9234,14346,usps,2025-09-14 16:06:58,2025-09-17 14:06:58
9235,14348,usps,2025-06-15 02:15:34,2025-06-18 03:15:34
9236,14349,ups,2025-07-31 11:21:30,2025-08-02 14:21:30
9237,14351,dhl,2025-09-02 02:10:04,2025-09-05 17:10:04
9238,14352,ups,2025-03-08 20:48:25,2025-03-11 01:48:25
9239,14353,dhl,2025-08-28 20:07:06,\N
924,1424,dhl,2025-03-14 10:24:10,2025-03-15 02:24:10
9240,14354,dhl,2025-10-08 08:05:47,\N
9241,14355,usps,2025-11-01 23:31:04,2025-11-03 17:31:04
9242,14356,dhl,2025-05-05 11:21:48,2025-05-07 12:21:48
9243,14357,usps,2025-11-28 18:10:30,2025-12-01 17:10:30
9244,14358,fedex,2025-08-01 16:01:39,2025-08-02 01:01:39
9245,14359,fedex,2025-08-20 17:07:25,2025-08-21 11:07:25
9246,14360,usps,2025-03-28 19:13:17,2025-03-30 03:13:17
9247,14361,fedex,2025-08-24 20:40:27,\N
9248,14362,usps,2025-07-16 13:03:05,2025-07-19 03:03:05
9249,14364,dhl,2025-11-20 13:51:44,2025-11-23 04:51:44
925,1426,fedex,2025-03-11 19:31:38,\N
9250,14365,ups,2025-07-11 14:05:50,\N
9251,14366,usps,2025-11-16 20:30:45,2025-11-18 00:30:45
9252,14367,fedex,2025-12-07 12:12:08,2025-12-08 06:12:08
9253,14369,dhl,2025-11-08 12:24:03,2025-11-13 09:24:03
9254,14371,usps,2025-01-09 05:15:49,2025-01-10 19:15:49
9255,14372,dhl,2025-04-21 03:28:13,2025-04-23 07:28:13
9256,14374,usps,2025-11-18 02:03:46,2025-11-23 19:03:46
9257,14376,usps,2025-12-18 08:02:38,2025-12-20 09:02:38
9258,14378,usps,2025-04-01 21:43:49,2025-04-02 15:43:49
9259,14379,dhl,2025-12-26 10:08:03,2025-12-29 03:08:03
926,1427,usps,2025-07-27 13:26:55,2025-08-01 01:26:55
9260,14380,ups,2025-07-02 04:21:11,2025-07-04 06:21:11
9261,14381,dhl,2025-10-12 21:48:09,2025-10-14 20:48:09
9262,14382,dhl,2025-09-10 03:58:19,2025-09-11 21:58:19
9263,14383,dhl,2025-04-12 13:18:53,2025-04-15 09:18:53
9264,14384,dhl,2025-05-17 05:23:52,2025-05-21 16:23:52
9265,14385,dhl,2025-12-30 21:41:37,2025-12-31 23:59:59
9266,14386,dhl,2025-09-26 03:53:48,2025-09-28 15:53:48
9267,14387,ups,2025-09-01 01:22:22,2025-09-01 17:22:22
9268,14389,ups,2025-05-06 02:09:51,2025-05-11 00:09:51
9269,14390,usps,2025-07-10 02:26:55,2025-07-11 21:26:55
927,1428,fedex,2025-04-17 11:24:57,2025-04-23 06:24:57
9270,14391,fedex,2025-04-29 08:34:24,2025-04-30 02:34:24
9271,14392,ups,2025-04-23 10:21:13,2025-04-28 03:21:13
9272,14393,dhl,2025-11-08 08:34:52,2025-11-08 23:34:52
9273,14394,fedex,2025-11-25 00:25:39,2025-11-27 22:25:39
9274,14396,usps,2025-02-05 06:36:29,2025-02-09 08:36:29
9275,14398,dhl,2025-04-29 21:41:11,2025-05-02 00:41:11
9276,14399,usps,2025-08-24 23:21:16,2025-08-27 06:21:16
9277,14401,ups,2025-10-25 23:11:08,2025-10-26 09:11:08
9278,14402,fedex,2025-03-10 01:46:35,\N
9279,14403,dhl,2025-05-31 04:20:29,2025-06-02 07:20:29
928,1433,ups,2025-11-12 07:38:33,2025-11-12 14:38:33
9280,14405,fedex,2025-09-21 04:03:59,2025-09-23 12:03:59
9281,14407,usps,2025-08-22 05:47:21,2025-08-23 12:47:21
9282,14408,ups,2025-02-12 07:10:56,2025-02-12 19:10:56
9283,14409,fedex,2025-06-04 20:29:55,\N
9284,14410,ups,2025-05-10 06:10:41,2025-05-14 17:10:41
9285,14411,ups,2025-01-18 18:00:06,2025-01-19 13:00:06
9286,14412,usps,2025-07-05 17:59:58,2025-07-06 07:59:58
9287,14413,fedex,2025-06-07 14:58:08,\N
9288,14414,dhl,2025-10-24 13:44:55,2025-10-29 13:44:55
9289,14416,fedex,2025-03-15 22:39:00,2025-03-19 02:39:00
929,1434,fedex,2025-09-28 07:29:53,2025-10-03 05:29:53
9290,14418,fedex,2025-06-06 04:26:14,2025-06-08 17:26:14
9291,14420,fedex,2025-11-08 04:04:39,2025-11-10 00:04:39
9292,14421,fedex,2025-09-07 03:56:40,2025-09-11 20:56:40
9293,14422,fedex,2025-12-11 17:28:34,2025-12-15 19:28:34
9294,14423,fedex,2025-09-13 20:34:16,2025-09-17 06:34:16
9295,14424,dhl,2025-01-29 14:29:44,2025-02-02 19:29:44
9296,14425,fedex,2025-07-02 04:32:33,2025-07-07 15:32:33
9297,14427,fedex,2025-02-24 02:45:03,2025-02-24 17:45:03
9298,14430,usps,2025-04-30 20:16:07,2025-05-04 08:16:07
9299,14432,usps,2025-07-31 16:50:50,2025-08-05 13:50:50
93,147,fedex,2025-09-03 00:33:01,2025-09-06 14:33:01
930,1435,dhl,2025-03-03 09:07:15,2025-03-05 14:07:15
9300,14435,usps,2025-10-29 02:50:17,2025-10-31 07:50:17
9301,14436,ups,2025-03-06 18:37:50,2025-03-10 07:37:50
9302,14437,ups,2025-06-15 20:42:32,2025-06-18 13:42:32
9303,14438,dhl,2025-05-20 00:03:48,2025-05-25 16:03:48
9304,14439,ups,2025-01-04 01:17:53,2025-01-06 19:17:53
9305,14440,ups,2025-03-13 04:09:07,2025-03-17 01:09:07
9306,14441,fedex,2025-05-31 04:00:02,2025-06-01 08:00:02
9307,14442,fedex,2025-11-24 06:16:33,2025-11-25 02:16:33
9308,14443,fedex,2025-09-21 01:20:44,2025-09-25 23:20:44
9309,14444,ups,2025-02-01 08:56:34,2025-02-04 08:56:34
931,1437,fedex,2025-04-25 11:08:47,2025-04-29 10:08:47
9310,14445,dhl,2025-08-31 02:35:31,2025-09-02 00:35:31
9311,14446,ups,2025-02-21 00:02:51,2025-02-26 11:02:51
9312,14447,dhl,2025-01-17 06:14:06,2025-01-20 18:14:06
9313,14449,fedex,2025-12-15 19:19:15,\N
9314,14453,fedex,2025-06-22 09:20:24,2025-06-24 17:20:24
9315,14454,ups,2025-07-15 10:56:51,2025-07-18 18:56:51
9316,14455,usps,2025-07-14 03:36:43,2025-07-19 09:36:43
9317,14457,dhl,2025-12-14 08:06:25,2025-12-18 04:06:25
9318,14458,dhl,2025-09-28 18:28:25,2025-09-30 16:28:25
9319,14459,usps,2025-08-01 07:09:01,2025-08-06 05:09:01
932,1438,fedex,2025-05-04 16:28:48,2025-05-06 03:28:48
9320,14460,usps,2025-12-02 05:38:58,2025-12-05 23:38:58
9321,14462,ups,2025-04-11 13:22:03,2025-04-11 21:22:03
9322,14463,ups,2025-12-14 22:01:03,2025-12-20 14:01:03
9323,14464,fedex,2025-06-26 18:09:09,2025-06-28 19:09:09
9324,14465,fedex,2025-10-30 02:37:40,2025-11-01 09:37:40
9325,14468,usps,2025-11-29 12:31:43,2025-11-29 23:31:43
9326,14471,fedex,2025-05-06 14:19:16,2025-05-10 06:19:16
9327,14475,ups,2025-12-08 02:19:17,2025-12-09 16:19:17
9328,14476,dhl,2025-01-20 17:36:41,2025-01-21 01:36:41
9329,14480,dhl,2025-07-24 01:58:28,\N
933,1439,ups,2025-05-03 05:45:26,2025-05-04 18:45:26
9330,14481,ups,2025-07-23 18:04:27,2025-07-26 07:04:27
9331,14482,dhl,2025-06-28 03:00:08,2025-06-28 14:00:08
9332,14483,ups,2025-01-08 01:58:42,2025-01-12 08:58:42
9333,14484,fedex,2025-10-29 19:49:08,2025-11-02 12:49:08
9334,14485,dhl,2025-05-21 05:39:19,2025-05-21 17:39:19
9335,14487,dhl,2025-05-15 13:47:22,2025-05-18 19:47:22
9336,14489,usps,2025-07-13 09:29:11,2025-07-18 18:29:11
9337,14495,dhl,2025-02-14 23:44:10,2025-02-20 08:44:10
9338,14496,fedex,2025-12-27 02:06:19,2025-12-29 01:06:19
9339,14498,dhl,2025-08-01 02:52:10,2025-08-03 04:52:10
934,1440,ups,2025-12-11 05:31:50,2025-12-17 00:31:50
9340,14499,ups,2025-12-04 22:26:57,2025-12-08 18:26:57
9341,14500,ups,2025-02-06 20:54:23,2025-02-09 19:54:23
9342,14501,usps,2025-09-30 10:31:26,2025-10-04 02:31:26
9343,14505,usps,2025-10-17 08:41:21,2025-10-21 13:41:21
9344,14506,dhl,2025-05-19 09:09:37,2025-05-21 14:09:37
9345,14507,ups,2025-08-10 07:56:00,2025-08-10 17:56:00
9346,14511,usps,2025-12-26 05:37:03,2025-12-27 12:37:03
9347,14512,dhl,2025-05-16 04:10:21,2025-05-19 12:10:21
9348,14513,ups,2025-02-07 16:44:20,2025-02-13 04:44:20
9349,14514,dhl,2025-09-26 03:45:58,\N
935,1443,ups,2025-04-10 18:35:40,2025-04-14 17:35:40
9350,14516,dhl,2025-02-22 23:43:31,2025-02-26 12:43:31
9351,14517,usps,2025-10-12 13:19:53,2025-10-16 16:19:53
9352,14521,ups,2025-04-27 11:02:55,2025-05-02 16:02:55
9353,14522,dhl,2025-07-09 11:01:05,2025-07-11 14:01:05
9354,14525,usps,2025-07-13 23:13:49,2025-07-19 02:13:49
9355,14526,dhl,2025-10-22 19:26:24,2025-10-26 09:26:24
9356,14527,ups,2025-05-10 09:50:08,\N
9357,14529,dhl,2025-04-22 14:28:56,2025-04-24 11:28:56
9358,14533,usps,2025-09-18 06:53:11,2025-09-21 17:53:11
9359,14536,usps,2025-10-03 03:19:42,2025-10-06 16:19:42
936,1445,dhl,2025-04-12 04:32:13,2025-04-15 12:32:13
9360,14537,usps,2025-07-30 05:39:35,2025-08-01 23:39:35
9361,14538,ups,2025-11-24 11:42:22,2025-11-25 22:42:22
9362,14539,dhl,2025-03-16 23:16:04,2025-03-21 22:16:04
9363,14540,dhl,2025-01-27 13:31:41,2025-01-30 21:31:41
9364,14541,dhl,2025-12-12 03:24:30,2025-12-16 11:24:30
9365,14545,dhl,2025-09-04 08:30:17,2025-09-09 23:30:17
9366,14547,dhl,2025-09-09 13:33:08,2025-09-14 00:33:08
9367,14549,ups,2025-09-25 05:00:32,\N
9368,14550,fedex,2025-08-13 10:35:00,2025-08-17 02:35:00
9369,14551,ups,2025-08-03 15:58:38,2025-08-03 23:58:38
937,1446,usps,2025-10-24 21:57:08,2025-10-25 06:57:08
9370,14553,usps,2025-03-29 04:38:50,2025-04-01 07:38:50
9371,14554,usps,2025-10-09 06:33:54,2025-10-10 05:33:54
9372,14556,fedex,2025-03-24 18:12:15,2025-03-29 12:12:15
9373,14559,ups,2025-04-15 16:12:06,2025-04-19 20:12:06
9374,14560,ups,2025-01-11 05:35:54,2025-01-12 17:35:54
9375,14561,ups,2025-05-05 12:15:36,2025-05-07 22:15:36
9376,14562,usps,2025-01-10 09:32:08,2025-01-14 01:32:08
9377,14563,dhl,2025-05-10 16:47:24,2025-05-12 17:47:24
9378,14564,dhl,2025-08-06 02:14:45,2025-08-07 15:14:45
9379,14567,ups,2025-06-04 11:53:00,2025-06-06 15:53:00
938,1447,usps,2025-09-04 13:17:39,2025-09-09 08:17:39
9380,14570,usps,2025-02-26 06:10:59,2025-03-04 00:10:59
9381,14571,dhl,2025-06-23 10:29:01,2025-06-25 10:29:01
9382,14572,ups,2025-02-14 23:28:59,2025-02-17 09:28:59
9383,14574,dhl,2025-05-30 07:02:41,2025-06-02 15:02:41
9384,14577,fedex,2025-03-03 23:14:21,\N
9385,14578,dhl,2025-08-09 13:19:43,2025-08-11 07:19:43
9386,14581,fedex,2025-02-18 17:58:52,\N
9387,14583,ups,2025-09-22 14:26:44,2025-09-24 23:26:44
9388,14584,ups,2025-02-12 23:32:12,2025-02-13 07:32:12
9389,14585,usps,2025-10-03 18:31:44,2025-10-08 19:31:44
939,1449,ups,2025-09-01 07:40:06,2025-09-03 04:40:06
9390,14586,ups,2025-03-01 22:39:02,2025-03-02 18:39:02
9391,14588,fedex,2025-12-21 20:23:41,2025-12-25 02:23:41
9392,14589,fedex,2025-12-09 06:37:49,2025-12-12 08:37:49
9393,14590,dhl,2025-03-18 00:59:19,2025-03-22 02:59:19
9394,14591,usps,2025-06-10 16:45:09,2025-06-12 10:45:09
9395,14592,usps,2025-09-18 12:29:53,2025-09-20 13:29:53
9396,14594,usps,2025-10-05 07:16:14,2025-10-09 06:16:14
9397,14595,usps,2025-09-23 10:07:45,2025-09-26 14:07:45
9398,14600,ups,2025-09-10 03:07:16,2025-09-13 18:07:16
9399,14601,usps,2025-02-14 01:42:30,2025-02-18 19:42:30
94,150,ups,2025-03-28 10:54:32,2025-03-30 03:54:32
940,1451,fedex,2025-04-24 18:32:31,2025-04-26 14:32:31
9400,14603,fedex,2025-12-13 08:10:53,2025-12-15 10:10:53
9401,14604,dhl,2025-07-03 20:17:21,2025-07-06 18:17:21
9402,14605,dhl,2025-05-22 13:17:34,2025-05-28 03:17:34
9403,14606,usps,2025-04-24 12:57:44,2025-04-28 03:57:44
9404,14607,ups,2025-05-29 04:33:00,2025-05-30 12:33:00
9405,14609,fedex,2025-01-22 07:52:41,2025-01-25 01:52:41
9406,14610,fedex,2025-09-26 02:17:42,2025-09-30 11:17:42
9407,14612,fedex,2025-04-20 13:46:07,2025-04-21 14:46:07
9408,14613,fedex,2025-09-16 12:58:15,2025-09-22 01:58:15
9409,14614,dhl,2025-06-20 14:38:07,2025-06-24 23:38:07
941,1453,fedex,2025-11-28 16:48:31,2025-12-04 04:48:31
9410,14616,dhl,2025-09-29 03:31:38,2025-10-01 07:31:38
9411,14618,ups,2025-07-07 00:57:44,2025-07-07 21:57:44
9412,14621,usps,2025-04-26 10:36:00,2025-04-30 12:36:00
9413,14622,usps,2025-10-27 12:07:10,2025-11-01 20:07:10
9414,14623,dhl,2025-09-12 19:16:01,2025-09-17 02:16:01
9415,14625,dhl,2025-06-01 19:12:59,2025-06-02 20:12:59
9416,14627,fedex,2025-11-21 23:10:54,2025-11-26 10:10:54
9417,14628,ups,2025-12-15 14:11:42,2025-12-16 20:11:42
9418,14629,usps,2025-10-13 18:44:15,2025-10-18 07:44:15
9419,14630,ups,2025-03-03 11:48:43,\N
942,1455,usps,2025-05-24 17:04:12,2025-05-28 20:04:12
9420,14632,usps,2025-04-14 15:27:09,2025-04-16 20:27:09
9421,14633,usps,2025-12-30 05:20:11,2025-12-31 05:20:11
9422,14634,usps,2025-05-28 23:13:55,2025-05-31 11:13:55
9423,14636,dhl,2025-10-25 01:18:19,2025-10-26 03:18:19
9424,14639,ups,2025-10-24 12:22:17,2025-10-27 04:22:17
9425,14640,ups,2025-08-07 17:36:15,2025-08-10 02:36:15
9426,14641,fedex,2025-11-27 07:02:07,2025-11-29 02:02:07
9427,14643,dhl,2025-04-07 18:42:23,2025-04-11 14:42:23
9428,14645,ups,2025-03-13 21:49:54,2025-03-16 07:49:54
9429,14647,fedex,2025-12-29 09:52:21,2025-12-31 23:59:59
943,1457,fedex,2025-10-08 23:21:38,2025-10-10 16:21:38
9430,14648,usps,2025-07-05 09:02:54,2025-07-06 21:02:54
9431,14649,fedex,2025-08-24 20:19:05,2025-08-29 08:19:05
9432,14650,fedex,2025-12-27 12:16:42,2025-12-30 03:16:42
9433,14654,fedex,2025-04-23 01:03:16,2025-04-24 15:03:16
9434,14655,fedex,2025-12-11 06:31:55,2025-12-16 05:31:55
9435,14656,usps,2025-11-05 04:18:01,2025-11-10 00:18:01
9436,14659,usps,2025-01-20 01:12:02,\N
9437,14661,dhl,2025-02-17 01:48:33,2025-02-17 16:48:33
9438,14662,ups,2025-06-04 04:05:18,2025-06-09 17:05:18
9439,14666,usps,2025-03-23 07:22:23,2025-03-27 17:22:23
944,1459,dhl,2025-01-07 00:15:54,\N
9440,14667,dhl,2025-09-24 22:03:42,2025-09-30 06:03:42
9441,14669,fedex,2025-01-02 01:20:26,2025-01-06 16:20:26
9442,14671,ups,2026-01-01 11:22:56,2025-12-31 23:59:59
9443,14672,fedex,2025-03-01 03:11:21,2025-03-04 17:11:21
9444,14673,ups,2025-04-11 10:41:07,2025-04-15 18:41:07
9445,14676,dhl,2025-09-08 13:51:18,2025-09-14 01:51:18
9446,14678,dhl,2025-03-17 08:36:58,2025-03-19 18:36:58
9447,14679,dhl,2025-04-25 15:35:28,2025-04-27 17:35:28
9448,14680,usps,2025-08-11 22:58:09,2025-08-15 04:58:09
9449,14683,ups,2025-10-26 07:51:58,2025-10-27 17:51:58
945,1462,fedex,2025-01-16 00:33:29,2025-01-16 20:33:29
9450,14686,ups,2025-03-17 18:25:37,2025-03-21 21:25:37
9451,14690,fedex,2025-01-31 04:04:48,2025-02-01 18:04:48
9452,14691,usps,2025-11-07 03:32:27,2025-11-11 05:32:27
9453,14692,ups,2025-06-29 19:29:44,2025-07-03 08:29:44
9454,14694,ups,2025-07-19 16:00:47,2025-07-23 08:00:47
9455,14695,dhl,2025-12-24 05:29:29,2025-12-26 06:29:29
9456,14696,usps,2025-10-24 08:34:15,2025-10-29 21:34:15
9457,14697,usps,2025-07-17 16:36:29,2025-07-20 18:36:29
9458,14698,usps,2025-03-14 15:31:41,\N
9459,14700,dhl,2025-09-12 03:15:35,2025-09-12 20:15:35
946,1463,ups,2025-07-12 10:12:52,2025-07-15 03:12:52
9460,14703,dhl,2025-11-30 17:42:09,\N
9461,14705,dhl,2025-01-06 17:34:46,2025-01-09 02:34:46
9462,14706,usps,2025-10-13 07:10:41,2025-10-17 21:10:41
9463,14707,usps,2025-07-12 06:27:29,2025-07-15 09:27:29
9464,14708,dhl,2025-06-30 09:00:32,2025-07-01 04:00:32
9465,14711,ups,2025-09-15 00:44:32,2025-09-19 14:44:32
9466,14713,usps,2025-07-16 19:36:11,2025-07-19 21:36:11
9467,14715,usps,2025-01-25 03:38:15,2025-01-28 15:38:15
9468,14716,fedex,2025-07-28 08:29:26,2025-07-31 05:29:26
9469,14718,usps,2025-10-26 22:24:32,2025-11-01 01:24:32
947,1464,fedex,2025-11-03 20:50:31,2025-11-04 04:50:31
9470,14719,ups,2025-09-23 19:17:18,2025-09-27 16:17:18
9471,14720,ups,2025-03-22 02:37:54,2025-03-26 01:37:54
9472,14721,fedex,2025-08-17 02:59:02,2025-08-22 15:59:02
9473,14723,fedex,2025-12-20 22:46:40,2025-12-24 10:46:40
9474,14724,usps,2025-02-03 07:24:26,2025-02-06 23:24:26
9475,14725,ups,2025-04-05 18:15:41,2025-04-10 06:15:41
9476,14728,ups,2025-01-27 23:16:05,2025-02-01 09:16:05
9477,14729,fedex,2025-06-06 03:03:06,2025-06-09 23:03:06
9478,14732,usps,2025-03-19 03:11:55,2025-03-21 17:11:55
9479,14734,dhl,2025-12-11 12:05:58,2025-12-14 04:05:58
948,1466,ups,2025-01-20 22:12:40,2025-01-22 14:12:40
9480,14736,dhl,2025-09-28 19:30:06,2025-10-03 09:30:06
9481,14737,fedex,2025-11-25 04:45:20,2025-11-29 18:45:20
9482,14739,usps,2025-07-24 15:14:10,2025-07-28 20:14:10
9483,14740,fedex,2025-05-05 06:18:45,2025-05-09 22:18:45
9484,14741,fedex,2025-02-06 08:58:22,2025-02-12 03:58:22
9485,14742,dhl,2025-04-26 15:42:14,2025-04-29 19:42:14
9486,14743,usps,2025-05-12 02:56:44,2025-05-12 08:56:44
9487,14744,dhl,2025-10-28 07:28:13,2025-10-28 14:28:13
9488,14745,usps,2025-10-05 08:04:21,2025-10-07 14:04:21
9489,14746,usps,2025-10-20 09:40:08,2025-10-22 02:40:08
949,1467,usps,2025-05-30 14:38:18,2025-06-03 04:38:18
9490,14748,ups,2025-09-27 12:00:36,2025-09-30 01:00:36
9491,14750,fedex,2025-10-30 01:04:55,2025-11-02 03:04:55
9492,14752,usps,2025-01-23 14:45:38,2025-01-25 09:45:38
9493,14755,ups,2025-10-07 14:26:40,2025-10-11 04:26:40
9494,14757,dhl,2025-04-25 09:50:45,2025-05-01 03:50:45
9495,14758,ups,2025-10-10 17:08:28,2025-10-11 11:08:28
9496,14759,dhl,2025-04-17 00:21:03,2025-04-20 22:21:03
9497,14760,usps,2025-02-13 00:42:12,2025-02-14 13:42:12
9498,14761,fedex,2025-05-06 01:46:23,2025-05-06 20:46:23
9499,14762,dhl,2025-02-22 09:52:03,2025-02-25 11:52:03
95,151,fedex,2025-01-23 16:10:31,2025-01-28 16:10:31
950,1469,dhl,2025-12-18 11:36:22,2025-12-19 06:36:22
9500,14763,fedex,2025-01-26 01:16:00,2025-01-29 06:16:00
9501,14765,fedex,2025-02-04 15:13:00,2025-02-07 14:13:00
9502,14766,usps,2025-01-06 22:12:13,\N
9503,14767,fedex,2025-04-21 18:33:10,2025-04-23 01:33:10
9504,14768,usps,2025-10-31 10:41:32,2025-11-04 15:41:32
9505,14769,usps,2025-12-07 23:59:05,2025-12-12 07:59:05
9506,14771,dhl,2025-03-20 10:25:36,2025-03-21 13:25:36
9507,14772,fedex,2025-12-08 05:00:14,2025-12-12 20:00:14
9508,14773,ups,2025-05-16 08:17:28,2025-05-19 15:17:28
9509,14775,fedex,2025-05-24 17:42:51,2025-05-30 02:42:51
951,1470,usps,2025-01-09 17:04:12,2025-01-14 15:04:12
9510,14776,dhl,2026-01-01 13:47:48,2025-12-31 23:59:59
9511,14777,ups,2025-07-03 20:14:14,2025-07-07 20:14:14
9512,14778,usps,2025-12-03 21:26:12,2025-12-07 07:26:12
9513,14780,ups,2025-03-26 23:22:33,2025-04-01 15:22:33
9514,14781,usps,2025-11-28 03:18:39,2025-12-01 00:18:39
9515,14784,dhl,2025-02-18 06:27:48,2025-02-21 11:27:48
9516,14785,dhl,2025-07-31 16:10:44,2025-08-05 07:10:44
9517,14787,ups,2025-05-03 00:29:17,2025-05-04 13:29:17
9518,14788,ups,2025-11-30 10:32:26,2025-12-06 02:32:26
9519,14789,ups,2025-11-28 07:09:18,2025-11-29 23:09:18
952,1471,ups,2025-06-09 21:52:47,\N
9520,14790,fedex,2025-03-13 00:26:19,2025-03-14 21:26:19
9521,14791,ups,2025-09-25 09:09:10,2025-09-30 06:09:10
9522,14793,ups,2025-01-31 22:06:36,2025-02-01 10:06:36
9523,14794,ups,2025-08-07 03:19:42,2025-08-10 22:19:42
9524,14796,ups,2025-07-31 23:58:07,2025-08-06 08:58:07
9525,14797,ups,2025-08-16 03:40:40,2025-08-17 00:40:40
9526,14798,dhl,2025-01-26 23:10:27,2025-01-31 18:10:27
9527,14799,fedex,2025-04-22 04:33:24,2025-04-27 09:33:24
9528,14801,fedex,2025-05-06 03:07:38,2025-05-09 23:07:38
9529,14802,fedex,2025-02-13 14:04:30,2025-02-15 12:04:30
953,1472,usps,2025-05-11 21:54:04,2025-05-16 17:54:04
9530,14807,ups,2025-03-31 15:02:38,2025-04-06 04:02:38
9531,14808,ups,2025-05-30 19:03:24,2025-06-04 13:03:24
9532,14809,dhl,2025-05-12 13:20:29,\N
9533,14812,dhl,2025-09-03 16:34:27,2025-09-07 04:34:27
9534,14814,fedex,2025-03-10 07:25:35,2025-03-11 18:25:35
9535,14815,ups,2025-11-29 05:19:10,2025-12-02 06:19:10
9536,14816,dhl,2025-10-12 00:12:50,2025-10-16 09:12:50
9537,14817,ups,2025-09-02 18:26:05,2025-09-03 03:26:05
9538,14818,usps,2025-09-26 06:56:52,2025-10-01 16:56:52
9539,14819,fedex,2025-11-16 22:28:17,2025-11-19 14:28:17
954,1473,dhl,2025-12-01 05:32:56,2025-12-04 10:32:56
9540,14820,usps,2025-09-23 21:08:56,2025-09-27 05:08:56
9541,14821,ups,2025-06-03 05:30:28,2025-06-07 00:30:28
9542,14825,usps,2025-10-14 19:35:31,2025-10-17 18:35:31
9543,14826,ups,2025-01-16 19:35:27,2025-01-19 01:35:27
9544,14828,ups,2025-03-22 22:04:49,2025-03-26 23:04:49
9545,14829,usps,2025-10-28 13:29:12,2025-11-01 17:29:12
9546,14830,fedex,2025-11-17 17:15:20,2025-11-20 16:15:20
9547,14831,dhl,2025-07-26 19:37:07,\N
9548,14832,usps,2025-06-16 11:36:00,2025-06-21 07:36:00
9549,14833,dhl,2025-01-16 22:29:31,2025-01-19 02:29:31
955,1476,usps,2025-12-17 06:01:25,2025-12-19 01:01:25
9550,14835,fedex,2025-07-03 19:57:05,2025-07-06 00:57:05
9551,14838,usps,2025-07-18 23:54:42,2025-07-24 07:54:42
9552,14840,dhl,2025-11-12 12:46:20,2025-11-15 11:46:20
9553,14841,ups,2025-04-28 23:11:08,2025-05-04 05:11:08
9554,14842,ups,2025-12-08 07:21:01,2025-12-13 17:21:01
9555,14844,dhl,2025-01-06 07:14:20,2025-01-08 21:14:20
9556,14845,ups,2025-01-21 16:51:01,2025-01-27 04:51:01
9557,14847,dhl,2025-08-23 23:00:22,2025-08-25 13:00:22
9558,14849,ups,2025-05-10 03:57:33,2025-05-13 05:57:33
9559,14851,fedex,2025-11-22 13:50:41,2025-11-26 01:50:41
956,1477,ups,2025-02-10 23:29:11,2025-02-12 01:29:11
9560,14852,fedex,2025-08-19 04:59:11,2025-08-23 17:59:11
9561,14853,ups,2025-08-06 22:27:34,2025-08-07 11:27:34
9562,14854,fedex,2025-08-21 04:34:36,2025-08-21 16:34:36
9563,14855,fedex,2025-08-24 11:36:57,2025-08-27 09:36:57
9564,14856,ups,2025-03-13 08:51:46,2025-03-18 19:51:46
9565,14857,ups,2025-04-19 11:52:40,2025-04-23 17:52:40
9566,14858,fedex,2025-07-10 05:18:09,2025-07-10 15:18:09
9567,14859,ups,2025-09-29 11:54:21,2025-10-03 19:54:21
9568,14862,fedex,2025-12-26 17:41:19,2025-12-30 03:41:19
9569,14864,ups,2025-06-09 12:33:14,2025-06-14 04:33:14
957,1478,ups,2025-12-16 16:52:34,2025-12-22 05:52:34
9570,14865,fedex,2025-01-31 09:18:06,2025-02-01 05:18:06
9571,14866,ups,2025-02-25 05:47:58,2025-03-01 11:47:58
9572,14868,usps,2025-09-14 22:56:52,2025-09-17 08:56:52
9573,14869,dhl,2025-10-07 21:44:08,2025-10-10 23:44:08
9574,14871,dhl,2025-04-27 05:59:33,2025-04-29 05:59:33
9575,14874,ups,2025-05-29 13:00:53,2025-06-01 10:00:53
9576,14876,usps,2025-11-15 20:02:12,2025-11-21 04:02:12
9577,14877,usps,2025-09-29 23:39:39,2025-10-04 13:39:39
9578,14880,fedex,2025-08-20 04:48:42,2025-08-24 03:48:42
9579,14881,dhl,2025-05-02 15:29:44,2025-05-05 21:29:44
958,1479,dhl,2025-06-15 00:58:25,2025-06-20 00:58:25
9580,14882,fedex,2025-04-07 05:26:45,2025-04-08 15:26:45
9581,14883,ups,2025-07-15 04:34:59,2025-07-19 23:34:59
9582,14885,dhl,2025-11-20 19:07:07,2025-11-25 02:07:07
9583,14888,dhl,2025-09-25 04:57:57,2025-09-29 22:57:57
9584,14890,fedex,2025-03-25 09:06:09,2025-03-25 17:06:09
9585,14891,dhl,2025-11-11 05:20:17,2025-11-15 17:20:17
9586,14892,fedex,2025-03-22 14:51:23,2025-03-27 02:51:23
9587,14893,usps,2025-05-20 11:56:14,2025-05-22 16:56:14
9588,14896,fedex,2025-08-11 23:13:48,2025-08-14 23:13:48
9589,14898,usps,2025-10-25 20:44:16,2025-10-29 23:44:16
959,1480,fedex,2025-04-18 09:21:02,2025-04-22 18:21:02
9590,14899,dhl,2025-05-18 12:03:51,2025-05-19 16:03:51
9591,14900,ups,2025-03-02 19:51:09,2025-03-03 16:51:09
9592,14901,fedex,2025-06-10 20:57:40,2025-06-16 13:57:40
9593,14902,fedex,2025-04-14 23:54:35,2025-04-20 09:54:35
9594,14903,fedex,2025-11-15 12:46:13,2025-11-18 06:46:13
9595,14904,dhl,2025-03-27 23:56:15,\N
9596,14906,usps,2025-12-23 04:07:59,2025-12-24 20:07:59
9597,14907,fedex,2025-06-28 09:26:46,2025-06-30 00:26:46
9598,14909,ups,2025-12-25 08:25:44,2025-12-30 07:25:44
9599,14910,dhl,2025-10-14 03:20:06,\N
96,152,fedex,2025-06-25 03:38:15,2025-06-29 04:38:15
960,1481,usps,2025-12-20 06:45:36,2025-12-24 02:45:36
9600,14911,fedex,2025-02-15 16:39:06,2025-02-19 23:39:06
9601,14912,fedex,2025-10-25 07:59:54,2025-10-27 21:59:54
9602,14913,dhl,2025-08-13 00:31:29,\N
9603,14914,usps,2025-03-04 05:53:05,2025-03-05 15:53:05
9604,14915,dhl,2025-09-15 11:58:20,2025-09-18 05:58:20
9605,14916,dhl,2025-05-29 02:29:34,2025-06-03 18:29:34
9606,14917,usps,2025-05-03 13:51:13,2025-05-08 20:51:13
9607,14918,ups,2025-08-29 09:10:20,2025-08-30 23:10:20
9608,14919,ups,2025-03-03 14:22:29,2025-03-06 09:22:29
9609,14920,ups,2025-10-01 17:14:00,2025-10-02 21:14:00
961,1482,ups,2025-10-03 10:27:57,2025-10-08 04:27:57
9610,14921,ups,2025-04-28 17:15:40,\N
9611,14924,dhl,2025-10-06 22:18:46,2025-10-08 15:18:46
9612,14926,ups,2025-08-23 04:12:32,2025-08-28 13:12:32
9613,14928,dhl,2025-07-16 12:33:52,2025-07-21 02:33:52
9614,14929,ups,2025-08-14 10:04:01,2025-08-16 14:04:01
9615,14930,fedex,2025-10-01 09:01:57,2025-10-03 06:01:57
9616,14932,fedex,2025-02-14 09:58:17,2025-02-15 08:58:17
9617,14933,dhl,2025-01-05 10:16:37,2025-01-09 12:16:37
9618,14934,usps,2025-06-11 05:20:37,2025-06-12 07:20:37
9619,14936,dhl,2025-10-17 03:38:32,2025-10-22 13:38:32
962,1483,ups,2025-11-01 19:15:23,2025-11-06 06:15:23
9620,14937,fedex,2025-06-30 13:34:56,2025-07-03 15:34:56
9621,14939,ups,2025-01-09 19:14:31,2025-01-13 01:14:31
9622,14940,usps,2025-11-05 03:18:15,2025-11-09 14:18:15
9623,14942,ups,2025-05-09 18:28:38,2025-05-10 10:28:38
9624,14944,fedex,2025-03-25 15:27:23,2025-03-28 04:27:23
9625,14945,fedex,2025-02-25 10:26:22,2025-02-25 17:26:22
9626,14946,usps,2025-03-12 15:52:02,2025-03-17 03:52:02
9627,14948,ups,2025-01-09 18:31:23,\N
9628,14949,usps,2025-02-14 13:18:53,2025-02-17 08:18:53
9629,14950,fedex,2025-10-16 04:04:06,2025-10-20 11:04:06
963,1484,usps,2025-03-29 07:13:04,2025-03-30 07:13:04
9630,14951,dhl,2025-06-21 17:18:09,2025-06-23 20:18:09
9631,14953,fedex,2025-10-23 10:16:02,2025-10-27 06:16:02
9632,14955,fedex,2025-08-23 19:52:00,2025-08-29 09:52:00
9633,14956,dhl,2025-03-10 18:02:13,2025-03-14 22:02:13
9634,14957,usps,2025-12-10 02:32:14,2025-12-13 10:32:14
9635,14959,dhl,2025-02-13 13:46:23,2025-02-17 13:46:23
9636,14960,ups,2025-11-29 20:51:01,2025-12-02 07:51:01
9637,14962,dhl,2025-11-24 23:00:13,2025-11-27 06:00:13
9638,14963,usps,2025-09-15 07:56:23,2025-09-20 23:56:23
9639,14964,usps,2025-08-23 20:37:24,2025-08-28 04:37:24
964,1485,usps,2025-07-07 11:40:03,2025-07-09 13:40:03
9640,14965,usps,2025-08-18 02:24:56,2025-08-19 05:24:56
9641,14966,ups,2025-05-13 12:57:29,2025-05-18 19:57:29
9642,14967,ups,2025-05-05 18:32:08,2025-05-10 21:32:08
9643,14968,ups,2025-11-25 09:43:18,\N
9644,14969,ups,2025-05-20 00:04:57,2025-05-21 02:04:57
9645,14970,ups,2025-11-24 12:57:13,2025-11-30 06:57:13
9646,14972,usps,2025-12-30 15:36:47,2025-12-31 23:59:59
9647,14973,dhl,2025-01-23 03:10:54,2025-01-23 13:10:54
9648,14976,fedex,2025-07-02 21:02:11,2025-07-04 14:02:11
9649,14977,usps,2025-07-25 05:04:46,\N
965,1487,ups,2025-01-28 03:24:09,2025-01-29 22:24:09
9650,14978,usps,2025-02-20 11:08:51,2025-02-21 14:08:51
9651,14979,usps,2025-04-08 08:05:39,2025-04-11 05:05:39
9652,14981,ups,2025-04-30 17:23:00,2025-04-30 23:23:00
9653,14982,dhl,2025-10-05 22:47:14,2025-10-07 03:47:14
9654,14985,ups,2025-11-26 12:44:08,2025-12-02 02:44:08
9655,14986,fedex,2025-02-14 00:53:03,2025-02-18 03:53:03
9656,14989,usps,2025-06-21 04:36:48,2025-06-23 17:36:48
9657,14990,dhl,2025-11-09 03:35:21,\N
9658,14994,fedex,2025-08-12 02:51:41,2025-08-17 06:51:41
9659,14995,dhl,2025-03-01 19:51:38,2025-03-04 17:51:38
966,1488,fedex,2025-08-10 07:26:40,2025-08-13 14:26:40
9660,15000,ups,2025-11-22 07:18:57,2025-11-28 00:18:57
9661,15001,dhl,2025-02-03 05:52:01,2025-02-03 22:52:01
9662,15002,ups,2025-03-10 21:37:35,\N
9663,15003,ups,2025-08-30 14:39:55,\N
9664,15004,fedex,2025-11-05 03:24:09,2025-11-06 20:24:09
9665,15005,fedex,2025-06-05 08:19:11,2025-06-05 18:19:11
9666,15006,dhl,2025-01-10 19:50:50,2025-01-16 07:50:50
9667,15014,fedex,2025-02-09 15:02:01,2025-02-11 06:02:01
9668,15016,dhl,2025-12-13 15:11:38,2025-12-15 03:11:38
9669,15017,fedex,2025-01-17 16:22:56,2025-01-23 02:22:56
967,1489,ups,2025-04-28 01:21:37,2025-04-30 11:21:37
9670,15019,ups,2025-01-24 07:40:22,2025-01-29 12:40:22
9671,15020,fedex,2025-05-14 04:51:28,2025-05-15 19:51:28
9672,15022,usps,2025-01-24 15:22:07,2025-01-27 12:22:07
9673,15025,dhl,2025-06-19 17:52:55,2025-06-24 05:52:55
9674,15026,dhl,2025-08-31 20:15:48,2025-09-02 16:15:48
9675,15027,usps,2025-03-13 06:29:47,\N
9676,15028,fedex,2025-06-06 21:11:11,2025-06-10 10:11:11
9677,15029,dhl,2025-11-16 14:57:05,2025-11-21 18:57:05
9678,15031,ups,2025-01-09 05:32:26,2025-01-12 14:32:26
9679,15032,dhl,2025-09-07 06:20:15,\N
968,1490,fedex,2025-05-21 17:28:18,2025-05-27 09:28:18
9680,15033,usps,2025-09-14 09:41:32,2025-09-18 07:41:32
9681,15035,ups,2025-10-28 10:30:22,2025-10-28 22:30:22
9682,15036,ups,2025-07-06 10:45:17,2025-07-09 20:45:17
9683,15039,fedex,2025-08-16 09:43:39,2025-08-19 07:43:39
9684,15041,dhl,2025-10-01 19:12:25,2025-10-05 18:12:25
9685,15043,usps,2025-12-26 23:59:32,2025-12-31 17:59:32
9686,15044,dhl,2025-07-14 17:51:10,2025-07-17 09:51:10
9687,15045,fedex,2025-09-29 19:58:41,2025-09-30 18:58:41
9688,15046,dhl,2025-05-01 18:06:52,2025-05-07 09:06:52
9689,15047,ups,2025-08-30 01:42:05,2025-09-02 16:42:05
969,1491,dhl,2025-06-05 16:42:19,2025-06-11 07:42:19
9690,15048,ups,2025-11-21 07:03:07,2025-11-24 01:03:07
9691,15049,ups,2025-08-29 16:39:44,2025-09-01 07:39:44
9692,15050,usps,2025-01-04 02:32:55,2025-01-04 11:32:55
9693,15051,fedex,2025-10-02 02:25:31,2025-10-02 11:25:31
9694,15052,ups,2025-10-26 15:39:07,2025-10-26 23:39:07
9695,15053,ups,2025-04-19 02:07:03,2025-04-21 15:07:03
9696,15055,fedex,2025-12-04 00:34:00,2025-12-05 11:34:00
9697,15059,ups,2025-03-12 10:14:56,2025-03-16 00:14:56
9698,15060,fedex,2025-06-24 11:55:22,\N
9699,15061,usps,2025-01-10 06:08:24,2025-01-12 01:08:24
97,153,usps,2025-07-17 20:09:56,2025-07-23 09:09:56
970,1492,usps,2025-07-15 12:25:24,2025-07-19 19:25:24
9700,15062,ups,2025-07-17 03:49:47,2025-07-17 19:49:47
9701,15065,fedex,2025-03-21 00:11:43,2025-03-23 20:11:43
9702,15066,fedex,2025-01-04 07:52:31,2025-01-05 10:52:31
9703,15067,fedex,2025-09-12 22:30:23,\N
9704,15068,dhl,2025-03-07 13:15:34,2025-03-11 07:15:34
9705,15069,usps,2025-11-23 17:09:26,2025-11-26 15:09:26
9706,15070,usps,2025-03-21 01:20:33,2025-03-23 00:20:33
9707,15071,ups,2025-08-15 17:42:33,2025-08-19 01:42:33
9708,15072,fedex,2025-02-08 12:40:39,2025-02-10 06:40:39
9709,15073,usps,2025-06-16 02:47:15,2025-06-19 01:47:15
971,1493,ups,2025-02-09 04:09:41,2025-02-10 12:09:41
9710,15074,usps,2025-12-31 09:37:26,2025-12-31 23:59:59
9711,15077,dhl,2025-10-15 13:30:42,2025-10-15 19:30:42
9712,15079,fedex,2025-07-02 22:58:19,2025-07-03 05:58:19
9713,15081,ups,2025-08-14 11:58:03,2025-08-16 14:58:03
9714,15082,usps,2025-08-03 18:12:13,2025-08-04 23:12:13
9715,15083,dhl,2025-06-16 14:23:30,2025-06-19 09:23:30
9716,15084,fedex,2025-03-19 00:52:55,2025-03-22 10:52:55
9717,15085,ups,2025-09-21 03:11:55,2025-09-22 20:11:55
9718,15086,fedex,2025-07-28 09:58:48,2025-07-29 08:58:48
9719,15088,usps,2025-06-25 18:59:28,2025-06-28 01:59:28
972,1494,ups,2025-10-30 11:02:20,2025-10-31 13:02:20
9720,15092,dhl,2025-02-24 10:00:00,2025-02-28 00:00:00
9721,15094,dhl,2025-09-06 12:25:54,2025-09-11 23:25:54
9722,15095,ups,2025-06-30 03:36:32,2025-07-02 09:36:32
9723,15098,usps,2025-12-03 17:42:24,2025-12-08 19:42:24
9724,15099,ups,2025-02-23 11:22:40,2025-02-26 05:22:40
9725,15100,ups,2025-07-09 06:59:08,2025-07-12 07:59:08
9726,15101,ups,2025-12-26 23:41:59,\N
9727,15102,usps,2025-05-25 19:08:09,2025-05-26 18:08:09
9728,15104,fedex,2025-02-25 19:08:32,2025-03-03 03:08:32
9729,15106,ups,2025-10-16 16:59:45,2025-10-19 08:59:45
973,1495,usps,2025-07-19 00:19:53,2025-07-24 04:19:53
9730,15107,dhl,2025-10-21 00:17:59,2025-10-25 20:17:59
9731,15108,ups,2025-12-21 07:00:11,\N
9732,15109,fedex,2025-04-07 10:52:25,\N
9733,15111,dhl,2025-04-07 10:59:37,2025-04-11 12:59:37
9734,15112,usps,2025-06-22 10:03:45,2025-06-25 08:03:45
9735,15113,dhl,2025-05-16 17:28:14,2025-05-17 09:28:14
9736,15115,ups,2025-06-08 23:16:53,2025-06-09 11:16:53
9737,15116,ups,2025-09-12 13:01:30,2025-09-17 00:01:30
9738,15118,ups,2025-01-13 23:18:08,2025-01-18 21:18:08
9739,15119,dhl,2025-03-04 13:19:24,2025-03-10 07:19:24
974,1496,ups,2025-02-07 03:04:12,2025-02-12 12:04:12
9740,15120,fedex,2025-01-19 07:17:46,2025-01-21 11:17:46
9741,15122,ups,2025-09-08 01:43:07,2025-09-08 21:43:07
9742,15123,fedex,2025-04-30 03:22:38,2025-05-02 21:22:38
9743,15125,fedex,2025-11-22 08:52:12,2025-11-26 15:52:12
9744,15127,dhl,2025-01-04 16:42:05,2025-01-06 08:42:05
9745,15129,usps,2025-07-13 18:39:16,2025-07-14 13:39:16
9746,15135,dhl,2025-06-28 14:04:38,2025-07-02 05:04:38
9747,15136,dhl,2025-01-27 15:23:31,2025-01-29 11:23:31
9748,15137,usps,2025-05-25 12:14:25,2025-05-28 10:14:25
9749,15138,ups,2025-01-28 00:56:58,2025-01-31 17:56:58
975,1497,ups,2025-02-09 11:41:30,\N
9750,15141,usps,2025-03-03 02:34:33,2025-03-08 21:34:33
9751,15142,dhl,2025-12-15 18:01:15,2025-12-19 22:01:15
9752,15146,usps,2025-12-05 23:37:05,2025-12-10 06:37:05
9753,15147,ups,2025-01-15 07:30:42,2025-01-20 04:30:42
9754,15148,fedex,2025-04-25 23:54:12,2025-04-30 20:54:12
9755,15150,dhl,2025-01-04 14:59:32,2025-01-06 18:59:32
9756,15151,fedex,2025-07-14 06:03:24,2025-07-17 07:03:24
9757,15152,ups,2025-06-18 12:37:44,2025-06-21 19:37:44
9758,15153,fedex,2025-03-24 15:37:12,2025-03-25 17:37:12
9759,15157,ups,2025-09-29 04:01:17,2025-10-04 17:01:17
976,1499,ups,2025-05-15 10:59:57,2025-05-20 00:59:57
9760,15158,ups,2025-06-28 08:10:19,2025-06-29 21:10:19
9761,15159,fedex,2025-06-18 08:08:59,2025-06-19 19:08:59
9762,15160,dhl,2025-03-17 21:12:37,2025-03-22 01:12:37
9763,15164,dhl,2025-07-07 07:14:56,2025-07-12 00:14:56
9764,15165,usps,2025-04-09 11:15:20,2025-04-12 01:15:20
9765,15166,dhl,2025-11-14 09:16:03,2025-11-14 20:16:03
9766,15167,fedex,2025-06-16 09:10:53,2025-06-18 16:10:53
9767,15168,usps,2025-04-22 21:48:21,2025-04-26 13:48:21
9768,15169,fedex,2025-02-01 04:20:41,2025-02-06 16:20:41
9769,15170,ups,2025-05-04 05:32:35,2025-05-08 09:32:35
977,1501,ups,2025-06-01 05:08:39,2025-06-06 18:08:39
9770,15171,dhl,2025-01-08 14:49:39,2025-01-12 00:49:39
9771,15174,fedex,2025-07-03 02:35:37,2025-07-03 17:35:37
9772,15175,dhl,2025-08-15 19:14:56,2025-08-19 15:14:56
9773,15176,ups,2025-07-30 20:40:04,2025-08-04 01:40:04
9774,15177,usps,2025-11-28 16:30:54,2025-12-03 10:30:54
9775,15178,fedex,2025-08-01 04:17:18,2025-08-04 16:17:18
9776,15179,usps,2025-02-02 22:43:57,2025-02-04 01:43:57
9777,15180,usps,2025-02-22 09:10:31,2025-02-23 19:10:31
9778,15181,fedex,2025-09-02 13:00:52,2025-09-03 19:00:52
9779,15182,usps,2025-04-01 21:23:21,2025-04-07 02:23:21
978,1504,ups,2025-12-27 11:39:55,2025-12-31 23:59:59
9780,15184,usps,2025-01-06 02:13:06,2025-01-10 22:13:06
9781,15185,usps,2025-12-09 21:04:05,2025-12-13 22:04:05
9782,15186,dhl,2025-05-02 03:48:07,2025-05-07 08:48:07
9783,15187,usps,2025-08-23 10:27:24,2025-08-25 16:27:24
9784,15190,dhl,2025-04-04 00:47:05,2025-04-05 14:47:05
9785,15191,fedex,2025-11-15 09:35:36,2025-11-21 04:35:36
9786,15192,usps,2025-05-27 00:16:17,2025-05-31 13:16:17
9787,15193,usps,2025-05-14 09:28:50,2025-05-19 04:28:50
9788,15195,fedex,2025-01-25 11:30:57,2025-01-27 17:30:57
9789,15198,fedex,2025-11-07 18:11:43,2025-11-11 15:11:43
979,1505,fedex,2025-04-12 00:46:59,2025-04-13 21:46:59
9790,15199,usps,2025-06-20 02:32:15,2025-06-22 19:32:15
9791,15200,dhl,2025-12-26 01:02:33,2025-12-30 06:02:33
9792,15201,dhl,2025-06-19 08:27:12,2025-06-24 05:27:12
9793,15203,fedex,2025-03-22 17:12:24,2025-03-28 01:12:24
9794,15205,usps,2025-02-23 01:05:07,2025-02-23 16:05:07
9795,15206,fedex,2025-02-19 15:10:02,2025-02-19 21:10:02
9796,15207,dhl,2025-10-29 01:24:52,\N
9797,15209,dhl,2025-12-02 08:01:12,\N
9798,15210,usps,2025-05-16 18:25:29,2025-05-18 14:25:29
9799,15211,fedex,2025-06-02 10:41:56,2025-06-06 02:41:56
98,154,fedex,2025-09-19 19:41:45,2025-09-23 01:41:45
980,1506,ups,2025-06-04 14:25:42,2025-06-06 00:25:42
9800,15213,dhl,2025-05-15 04:29:43,\N
9801,15214,usps,2025-08-10 00:01:44,2025-08-11 13:01:44
9802,15215,dhl,2025-09-29 14:32:16,2025-10-05 05:32:16
9803,15216,fedex,2025-10-11 08:14:29,2025-10-14 23:14:29
9804,15217,dhl,2025-06-27 07:15:48,2025-07-01 13:15:48
9805,15218,usps,2025-08-22 07:08:51,\N
9806,15219,usps,2025-06-09 10:21:06,2025-06-13 22:21:06
9807,15220,dhl,2025-10-25 23:28:33,2025-10-26 09:28:33
9808,15221,ups,2025-12-15 18:25:43,2025-12-17 10:25:43
9809,15222,ups,2025-12-06 12:09:47,2025-12-11 03:09:47
981,1507,ups,2025-12-23 19:57:03,2025-12-29 04:57:03
9810,15223,usps,2025-07-31 03:21:25,2025-08-05 06:21:25
9811,15224,usps,2025-04-22 15:20:50,2025-04-27 07:20:50
9812,15225,usps,2025-04-30 02:03:01,2025-05-05 02:03:01
9813,15226,dhl,2025-04-08 17:50:15,2025-04-11 22:50:15
9814,15228,usps,2025-10-08 07:06:17,\N
9815,15229,dhl,2025-03-20 01:34:00,2025-03-24 01:34:00
9816,15230,fedex,2025-03-19 16:26:09,2025-03-23 18:26:09
9817,15233,ups,2025-07-07 11:48:34,\N
9818,15234,dhl,2025-06-19 08:52:37,2025-06-23 06:52:37
9819,15235,dhl,2025-03-26 06:50:49,2025-03-27 06:50:49
982,1510,fedex,2025-10-13 22:10:12,2025-10-14 13:10:12
9820,15237,dhl,2025-06-19 20:41:14,2025-06-25 07:41:14
9821,15238,fedex,2025-01-27 09:56:33,2025-01-30 13:56:33
9822,15242,fedex,2025-03-27 20:36:08,2025-03-28 16:36:08
9823,15243,ups,2025-03-15 02:05:21,2025-03-18 09:05:21
9824,15247,dhl,2025-03-05 12:51:55,2025-03-10 08:51:55
9825,15248,fedex,2025-01-04 23:08:48,2025-01-08 18:08:48
9826,15249,dhl,2025-01-07 12:59:45,2025-01-12 08:59:45
9827,15250,dhl,2025-02-24 03:43:12,\N
9828,15253,usps,2025-07-30 01:33:47,2025-08-02 06:33:47
9829,15254,usps,2025-01-29 12:51:29,\N
983,1511,dhl,2025-11-19 02:23:45,2025-11-23 23:23:45
9830,15255,dhl,2025-07-22 07:46:14,2025-07-23 11:46:14
9831,15256,ups,2025-04-30 14:39:54,2025-05-01 08:39:54
9832,15257,dhl,2025-07-22 09:28:33,2025-07-28 02:28:33
9833,15258,ups,2025-07-01 16:06:23,2025-07-03 05:06:23
9834,15259,usps,2025-09-02 13:32:28,2025-09-06 15:32:28
9835,15260,dhl,2025-01-09 01:00:51,2025-01-14 04:00:51
9836,15262,usps,2025-08-21 14:43:58,2025-08-27 02:43:58
9837,15263,ups,2025-02-16 07:22:56,2025-02-18 23:22:56
9838,15264,dhl,2025-10-18 00:25:59,2025-10-20 11:25:59
9839,15265,dhl,2025-05-30 09:03:20,2025-06-02 00:03:20
984,1514,usps,2025-09-07 19:38:24,2025-09-08 02:38:24
9840,15267,fedex,2025-06-28 19:47:37,\N
9841,15269,dhl,2025-02-11 02:35:24,2025-02-14 11:35:24
9842,15270,dhl,2025-05-26 19:18:29,2025-05-27 03:18:29
9843,15271,usps,2025-05-28 09:04:32,2025-05-29 19:04:32
9844,15274,dhl,2025-09-11 22:55:50,2025-09-14 01:55:50
9845,15275,dhl,2025-09-22 19:58:16,2025-09-23 22:58:16
9846,15276,dhl,2025-06-23 13:55:15,2025-06-25 05:55:15
9847,15277,fedex,2025-09-27 19:57:23,2025-10-01 21:57:23
9848,15279,fedex,2025-10-10 20:18:49,2025-10-15 08:18:49
9849,15280,dhl,2025-05-19 13:20:11,2025-05-24 14:20:11
985,1515,usps,2025-03-30 21:30:16,2025-03-31 04:30:16
9850,15283,fedex,2025-06-16 14:41:57,2025-06-17 08:41:57
9851,15285,ups,2025-11-22 07:25:41,2025-11-27 22:25:41
9852,15286,ups,2025-04-02 22:02:43,2025-04-07 20:02:43
9853,15287,ups,2025-11-24 05:44:44,2025-11-26 11:44:44
9854,15289,ups,2025-01-10 16:22:18,2025-01-14 08:22:18
9855,15290,usps,2025-06-20 23:05:23,2025-06-22 19:05:23
9856,15292,fedex,2025-10-09 10:43:02,2025-10-13 01:43:02
9857,15293,fedex,2025-08-16 22:20:50,2025-08-18 10:20:50
9858,15295,fedex,2025-01-15 17:36:21,2025-01-19 05:36:21
9859,15298,usps,2025-08-04 20:57:08,2025-08-10 11:57:08
986,1516,ups,2025-12-10 13:32:29,2025-12-11 07:32:29
9860,15299,ups,2025-08-02 10:29:17,2025-08-05 11:29:17
9861,15300,dhl,2025-09-28 15:17:20,2025-10-03 14:17:20
9862,15301,fedex,2025-10-10 12:25:58,2025-10-15 20:25:58
9863,15302,usps,2025-09-06 16:23:11,2025-09-07 13:23:11
9864,15303,fedex,2025-02-14 18:20:27,2025-02-20 07:20:27
9865,15304,dhl,2025-12-04 00:49:05,2025-12-09 07:49:05
9866,15305,usps,2025-09-03 08:56:59,2025-09-06 02:56:59
9867,15306,fedex,2025-01-06 17:45:20,\N
9868,15308,ups,2025-07-20 16:07:41,2025-07-24 00:07:41
9869,15309,ups,2025-11-02 00:34:47,2025-11-02 17:34:47
987,1517,fedex,2025-12-29 23:57:11,2025-12-31 23:59:59
9870,15311,usps,2025-02-22 13:45:13,2025-02-24 12:45:13
9871,15312,ups,2025-09-13 08:08:50,2025-09-14 12:08:50
9872,15313,fedex,2025-01-03 16:17:05,2025-01-06 17:17:05
9873,15314,dhl,2025-03-28 17:05:58,2025-03-31 03:05:58
9874,15315,dhl,2025-03-21 23:22:43,2025-03-23 18:22:43
9875,15318,usps,2025-12-10 05:21:55,2025-12-12 09:21:55
9876,15319,dhl,2025-10-20 15:30:10,2025-10-23 16:30:10
9877,15320,dhl,2025-11-25 18:19:19,2025-11-30 18:19:19
9878,15322,usps,2025-10-04 20:27:41,\N
9879,15323,dhl,2025-12-17 17:57:19,2025-12-21 04:57:19
988,1518,fedex,2025-07-16 20:08:24,2025-07-18 07:08:24
9880,15325,usps,2025-09-02 02:40:38,2025-09-04 23:40:38
9881,15327,fedex,2025-09-14 06:34:43,2025-09-15 19:34:43
9882,15329,dhl,2025-04-12 20:43:45,2025-04-14 08:43:45
9883,15332,ups,2025-11-30 15:18:19,2025-12-05 09:18:19
9884,15333,ups,2025-05-20 17:40:08,2025-05-24 19:40:08
9885,15335,ups,2025-06-16 04:28:54,2025-06-18 21:28:54
9886,15336,ups,2025-10-22 19:45:01,2025-10-24 13:45:01
9887,15337,fedex,2025-04-26 13:16:25,\N
9888,15338,usps,2025-09-30 23:58:29,2025-10-06 12:58:29
9889,15339,ups,2025-05-14 23:33:10,2025-05-20 09:33:10
989,1519,usps,2025-04-11 07:07:28,2025-04-12 19:07:28
9890,15340,ups,2025-12-23 09:58:06,2025-12-29 02:58:06
9891,15342,ups,2025-06-02 01:19:10,2025-06-07 08:19:10
9892,15345,fedex,2025-12-29 20:33:20,2025-12-31 23:59:59
9893,15348,dhl,2025-05-27 18:36:48,2025-05-29 17:36:48
9894,15353,ups,2025-04-21 21:57:51,2025-04-25 05:57:51
9895,15358,usps,2025-12-19 05:55:26,\N
9896,15360,usps,2025-01-10 09:55:30,2025-01-12 19:55:30
9897,15361,ups,2025-02-24 15:58:04,2025-02-28 20:58:04
9898,15362,ups,2025-09-22 05:33:04,2025-09-27 00:33:04
9899,15363,ups,2025-09-29 12:55:16,2025-10-02 11:55:16
99,155,ups,2025-05-20 00:54:57,2025-05-24 19:54:57
990,1520,dhl,2025-01-11 19:28:35,2025-01-13 16:28:35
9900,15365,usps,2025-01-17 04:56:20,2025-01-18 00:56:20
9901,15368,ups,2025-11-06 07:34:17,2025-11-10 11:34:17
9902,15369,ups,2025-09-23 01:24:20,2025-09-25 22:24:20
9903,15371,usps,2025-07-25 16:43:39,2025-07-30 22:43:39
9904,15372,ups,2025-01-18 14:04:40,2025-01-19 18:04:40
9905,15374,dhl,2025-12-28 04:11:50,2025-12-31 23:59:59
9906,15376,usps,2025-05-06 01:50:52,\N
9907,15377,dhl,2025-10-21 08:12:37,2025-10-26 13:12:37
9908,15381,ups,2025-02-18 21:32:51,2025-02-21 14:32:51
9909,15382,usps,2025-12-25 03:53:14,2025-12-26 20:53:14
991,1521,ups,2025-02-27 17:13:08,2025-03-03 23:13:08
9910,15384,dhl,2025-05-17 10:50:35,2025-05-22 23:50:35
9911,15385,ups,2025-09-06 00:05:42,2025-09-10 11:05:42
9912,15386,usps,2025-08-29 16:45:59,2025-09-02 06:45:59
9913,15387,usps,2025-07-31 22:13:46,2025-08-04 18:13:46
9914,15388,ups,2025-08-17 13:19:12,2025-08-18 03:19:12
9915,15389,dhl,2025-09-07 03:40:21,2025-09-09 20:40:21
9916,15390,dhl,2025-07-19 03:01:01,2025-07-23 20:01:01
9917,15393,ups,2025-07-28 00:34:24,2025-07-29 06:34:24
9918,15394,fedex,2025-10-19 02:06:14,2025-10-22 14:06:14
9919,15396,ups,2025-02-11 11:46:15,2025-02-16 00:46:15
992,1522,ups,2025-03-19 18:58:12,2025-03-23 08:58:12
9920,15400,ups,2025-02-23 03:33:14,2025-02-24 05:33:14
9921,15401,usps,2025-10-13 21:00:14,2025-10-19 12:00:14
9922,15403,usps,2025-02-23 12:08:07,2025-02-24 17:08:07
9923,15404,dhl,2025-12-25 01:23:51,\N
9924,15405,ups,2025-02-11 10:36:07,2025-02-11 16:36:07
9925,15406,dhl,2025-11-09 18:45:33,2025-11-10 08:45:33
9926,15407,dhl,2025-04-18 14:19:39,2025-04-23 03:19:39
9927,15408,ups,2025-04-10 10:30:26,2025-04-13 16:30:26
9928,15409,ups,2025-10-28 17:02:38,2025-11-02 08:02:38
9929,15410,ups,2025-04-29 16:20:50,2025-05-03 03:20:50
993,1524,ups,2025-05-28 03:03:06,2025-05-30 22:03:06
9930,15411,ups,2025-06-19 21:53:21,2025-06-24 11:53:21
9931,15412,ups,2025-01-18 12:57:57,2025-01-20 05:57:57
9932,15413,ups,2025-12-07 08:04:58,2025-12-11 16:04:58
9933,15414,fedex,2025-03-11 07:32:57,2025-03-16 00:32:57
9934,15416,ups,2025-03-07 06:12:05,2025-03-07 20:12:05
9935,15418,usps,2025-05-31 19:00:50,2025-06-04 07:00:50
9936,15419,usps,2025-02-20 11:41:45,2025-02-21 21:41:45
9937,15420,dhl,2025-12-27 09:48:51,2025-12-28 19:48:51
9938,15422,usps,2025-04-04 12:54:21,2025-04-10 05:54:21
9939,15423,dhl,2025-04-16 13:52:52,2025-04-17 07:52:52
994,1525,dhl,2025-01-04 08:01:32,2025-01-07 04:01:32
9940,15425,fedex,2025-12-02 22:12:46,2025-12-07 14:12:46
9941,15426,dhl,2025-01-07 00:49:43,\N
9942,15428,fedex,2025-03-21 06:05:04,2025-03-22 01:05:04
9943,15432,dhl,2025-03-01 09:58:51,2025-03-01 18:58:51
9944,15434,usps,2025-03-01 07:12:34,2025-03-04 19:12:34
9945,15435,fedex,2025-03-22 06:06:00,2025-03-25 19:06:00
9946,15437,ups,2025-08-06 03:36:46,2025-08-09 06:36:46
9947,15438,fedex,2025-02-24 15:56:44,2025-03-02 10:56:44
9948,15439,dhl,2025-07-31 10:19:15,2025-08-05 01:19:15
9949,15443,ups,2025-02-02 13:02:31,2025-02-07 15:02:31
995,1526,ups,2025-07-22 11:03:16,2025-07-28 01:03:16
9950,15444,ups,2025-04-09 23:33:03,2025-04-13 01:33:03
9951,15446,ups,2025-08-19 05:00:59,2025-08-20 21:00:59
9952,15449,dhl,2025-01-06 14:35:09,2025-01-08 01:35:09
9953,15455,usps,2025-06-16 07:41:53,2025-06-18 09:41:53
9954,15456,ups,2025-11-17 21:00:31,2025-11-23 11:00:31
9955,15457,dhl,2025-01-26 02:17:53,2025-01-29 17:17:53
9956,15458,fedex,2025-04-12 06:39:19,2025-04-14 18:39:19
9957,15460,fedex,2025-11-04 19:14:07,2025-11-10 05:14:07
9958,15462,ups,2025-11-02 15:34:18,2025-11-07 00:34:18
9959,15464,fedex,2025-03-13 23:30:19,2025-03-19 13:30:19
996,1531,ups,2025-08-19 22:29:46,2025-08-24 21:29:46
9960,15465,dhl,2025-07-21 11:23:31,\N
9961,15466,ups,2025-09-06 11:17:48,2025-09-07 08:17:48
9962,15467,ups,2025-02-02 17:59:52,2025-02-07 11:59:52
9963,15468,ups,2025-04-03 05:28:21,2025-04-08 07:28:21
9964,15470,fedex,2025-05-27 21:37:35,2025-05-29 15:37:35
9965,15471,fedex,2025-12-26 01:25:23,2025-12-29 08:25:23
9966,15472,usps,2025-10-10 05:20:02,2025-10-12 00:20:02
9967,15473,ups,2025-07-10 04:17:38,2025-07-13 01:17:38
9968,15474,usps,2025-09-20 03:31:32,2025-09-24 02:31:32
9969,15475,ups,2025-06-07 12:23:16,2025-06-09 11:23:16
997,1534,dhl,2025-06-02 15:04:25,2025-06-06 06:04:25
9970,15476,fedex,2025-01-02 21:31:15,2025-01-05 12:31:15
9971,15477,dhl,2025-07-25 21:02:38,\N
9972,15478,dhl,2025-01-07 22:01:54,2025-01-08 18:01:54
9973,15480,dhl,2025-03-13 02:30:52,2025-03-17 12:30:52
9974,15481,ups,2025-03-26 23:14:00,2025-04-01 14:14:00
9975,15485,dhl,2025-08-04 03:46:29,2025-08-08 10:46:29
9976,15486,dhl,2025-05-15 21:08:13,\N
9977,15487,fedex,2025-06-16 22:12:02,2025-06-18 11:12:02
9978,15488,fedex,2025-09-10 19:51:26,2025-09-13 04:51:26
9979,15489,fedex,2025-01-25 12:01:14,2025-01-30 11:01:14
998,1535,ups,2025-03-29 06:30:25,2025-04-03 19:30:25
9980,15490,usps,2025-07-15 12:57:23,2025-07-21 06:57:23
9981,15491,ups,2025-06-23 17:57:40,2025-06-29 00:57:40
9982,15492,ups,2025-08-05 12:28:04,2025-08-07 13:28:04
9983,15494,usps,2025-12-31 03:34:53,2025-12-31 23:59:59
9984,15495,dhl,2025-07-06 12:51:57,2025-07-11 23:51:57
9985,15499,dhl,2025-04-21 01:49:58,2025-04-22 01:49:58
9986,15500,usps,2025-02-16 08:40:55,2025-02-17 19:40:55
9987,15501,ups,2025-03-06 00:20:10,2025-03-08 18:20:10
9988,15502,ups,2025-02-15 09:12:41,2025-02-17 22:12:41
9989,15503,dhl,2025-12-27 02:28:40,2025-12-31 23:59:59
999,1536,usps,2025-05-12 12:41:31,2025-05-14 05:41:31
9990,15504,fedex,2025-08-22 23:13:10,2025-08-28 03:13:10
9991,15505,ups,2025-03-11 17:53:00,2025-03-14 02:53:00
9992,15506,fedex,2025-01-06 21:33:51,2025-01-08 07:33:51
9993,15508,fedex,2025-09-26 05:41:16,2025-09-28 23:41:16
9994,15514,dhl,2025-12-24 19:46:59,2025-12-29 01:46:59
9995,15515,fedex,2025-02-23 22:40:20,2025-02-26 16:40:20
9996,15518,fedex,2025-01-10 16:35:28,2025-01-11 04:35:28
9997,15520,ups,2025-08-03 03:37:42,2025-08-06 20:37:42
9998,15521,fedex,2025-03-03 10:33:27,2025-03-09 05:33:27
9999,15524,ups,2025-07-18 14:22:49,2025-07-20 17:22:49
