order_id,customer_id,store_id,order_ts,sales_channel,status
1,1376,39,2025-09-14 17:02:55,store,returned
2,569,18,2025-12-29 19:00:37,mobile,complete
3,1394,9,2025-11-08 13:27:35,mobile,complete
4,1471,32,2025-05-26 15:14:25,store,returned
5,1253,26,2025-01-02 06:27:04,web,complete
6,407,8,2025-05-21 07:53:08,web,complete
7,534,10,2025-01-09 21:56:50,mobile,complete
8,547,30,2025-08-25 17:57:03,store,complete
9,1398,25,2025-01-09 22:37:24,mobile,complete
10,522,25,2025-08-22 04:27:56,phone,complete
11,1005,17,2025-05-16 05:44:21,store,complete
12,1183,39,2025-07-26 04:41:14,store,complete
13,1247,31,2025-06-14 09:06:23,store,complete
14,403,35,2025-02-18 05:02:35,phone,cancelled
15,298,16,2025-12-01 15:31:01,mobile,cancelled
16,1200,30,2025-09-09 09:46:10,mobile,cancelled
17,878,25,2025-04-27 07:42:35,mobile,complete
18,553,10,2025-01-07 08:39:15,store,returned
19,295,27,2025-01-20 22:34:54,store,complete
20,713,33,2025-03-06 10:43:23,web,complete
21,1413,21,2025-04-21 15:42:49,mobile,complete
22,323,13,2025-02-06 04:35:24,phone,complete
23,1245,37,2025-04-10 02:09:02,store,complete
24,759,21,2025-07-24 13:17:06,store,cancelled
25,115,38,2025-04-27 15:23:41,mobile,complete
26,721,4,2025-06-19 04:18:16,phone,returned
27,934,28,2025-11-26 21:26:54,store,complete
28,186,7,2025-02-01 21:10:46,web,complete
29,400,3,2025-02-21 20:09:16,mobile,complete
30,243,18,2025-08-19 10:36:38,mobile,cancelled
31,1483,26,2025-06-12 07:45:32,store,complete
32,643,22,2025-09-25 02:04:08,mobile,cancelled
33,1488,3,2025-05-22 10:40:37,store,returned
34,1062,26,2025-11-01 08:50:39,mobile,returned
35,567,27,2025-02-06 04:50:21,phone,complete
36,1434,24,2025-10-04 06:24:15,mobile,cancelled
37,1000,3,2025-06-26 16:27:52,mobile,cancelled
38,91,15,2025-11-16 01:00:05,phone,complete
39,1366,4,2025-07-12 20:58:45,store,cancelled
40,988,6,2025-05-08 16:24:12,store,returned
41,582,27,2025-03-04 20:39:29,phone,complete
42,777,8,2025-07-14 08:39:14,phone,cancelled
43,1410,6,2025-01-25 15:14:17,store,complete
44,1434,23,2025-01-12 13:39:16,mobile,returned
45,739,24,2025-03-19 07:52:06,web,complete
46,1082,32,2025-08-03 23:47:12,mobile,complete
47,1212,24,2025-01-30 04:05:29,phone,complete
48,1328,6,2025-03-31 21:55:01,web,complete
49,1243,20,2025-12-18 23:30:33,mobile,complete
50,1473,37,2025-09-30 02:58:25,web,complete
51,989,14,2025-08-27 03:58:42,phone,complete
52,573,9,2025-08-12 22:27:02,store,cancelled
53,103,5,2025-09-23 15:58:38,phone,complete
54,1120,32,2025-04-17 08:54:33,phone,complete
55,654,10,2025-04-21 01:54:35,mobile,complete
56,895,18,2025-03-04 07:34:46,phone,complete
57,1255,33,2025-09-07 06:50:03,store,complete
58,713,26,2025-01-08 21:12:20,web,cancelled
59,1428,26,2025-09-18 03:19:35,mobile,complete
60,233,37,2025-12-14 22:37:44,store,complete
61,232,36,2025-06-21 09:02:19,store,complete
62,1391,8,2025-02-06 07:34:40,mobile,cancelled
63,949,22,2025-02-08 20:56:22,web,cancelled
64,357,15,2025-10-14 09:45:54,web,complete
65,841,20,2025-11-21 04:24:01,phone,complete
66,376,18,2025-10-05 04:08:17,mobile,returned
67,46,13,2025-06-07 14:28:50,mobile,returned
68,1228,15,2025-11-07 06:41:15,store,complete
69,335,40,2025-06-21 18:58:44,web,returned
70,434,31,2025-11-09 18:37:22,web,returned
71,1122,34,2025-12-20 12:10:42,web,complete
72,7,17,2025-12-11 00:11:13,store,returned
73,867,37,2025-02-17 17:54:20,store,returned
74,713,11,2025-11-01 22:02:03,phone,complete
75,143,4,2025-04-15 00:10:35,web,complete
76,1407,19,2025-10-09 22:42:49,store,cancelled
77,1207,28,2025-03-25 01:27:11,web,complete
78,637,19,2025-07-19 05:19:17,web,complete
79,540,14,2025-12-22 22:16:04,store,complete
80,450,32,2025-03-26 04:33:25,store,returned
81,751,25,2025-02-07 00:19:58,phone,cancelled
82,645,39,2025-02-16 11:41:37,phone,complete
83,385,11,2025-03-25 17:24:12,store,complete
84,671,9,2025-07-21 19:46:15,phone,complete
85,440,4,2025-07-22 01:08:33,store,complete
86,161,21,2025-10-17 09:24:24,store,complete
87,547,20,2025-12-15 02:41:07,web,cancelled
88,1038,17,2025-08-15 09:00:48,store,returned
89,329,35,2025-11-01 07:02:09,mobile,cancelled
90,434,7,2025-03-13 19:54:06,store,complete
91,1457,29,2025-03-09 13:00:06,store,complete
92,312,36,2025-10-21 23:51:54,web,complete
93,1305,25,2025-05-14 20:59:57,phone,complete
94,1423,3,2025-11-28 21:47:36,web,complete
95,440,40,2025-05-11 00:56:38,web,complete
96,38,32,2025-06-21 03:09:05,phone,cancelled
97,44,36,2025-11-07 04:06:57,web,returned
98,387,13,2025-05-14 21:13:12,phone,complete
99,863,8,2025-03-15 22:32:14,store,returned
100,1318,21,2025-01-19 13:23:39,store,returned
101,534,29,2025-03-21 13:42:58,mobile,complete
102,32,11,2025-09-06 04:29:38,web,returned
103,1179,12,2025-07-31 01:53:48,mobile,returned
104,1093,4,2025-06-06 09:03:25,phone,complete
105,601,26,2025-08-10 03:29:20,store,complete
106,1345,35,2025-10-28 00:52:57,mobile,complete
107,84,22,2025-11-07 01:29:18,web,cancelled
108,645,23,2025-06-25 11:40:28,phone,complete
109,623,25,2025-10-31 00:26:16,web,cancelled
110,1309,28,2025-07-16 10:26:56,phone,complete
111,67,24,2025-10-21 10:23:46,phone,returned
112,421,16,2025-09-04 04:49:59,store,cancelled
113,752,12,2025-07-27 00:17:42,mobile,returned
114,504,22,2025-07-25 17:32:35,mobile,complete
115,1388,21,2025-10-21 14:19:04,phone,complete
116,612,3,2025-02-03 09:40:22,mobile,complete
117,967,31,2025-10-10 15:58:33,web,complete
118,276,38,2025-07-23 09:26:00,phone,cancelled
119,369,9,2025-12-30 04:27:11,mobile,cancelled
120,835,21,2025-11-02 21:02:11,mobile,complete
121,534,9,2025-09-07 13:56:12,web,complete
122,1030,29,2025-10-07 08:55:42,mobile,returned
123,655,14,2025-01-28 00:39:20,store,complete
124,1188,16,2025-06-11 07:30:37,mobile,returned
125,803,31,2025-06-30 07:13:48,mobile,complete
126,900,4,2025-08-02 08:32:15,store,returned
127,982,21,2025-09-13 05:59:13,web,complete
128,1315,35,2025-03-20 21:50:07,mobile,cancelled
129,1140,40,2025-10-05 20:51:30,web,complete
130,223,9,2025-11-05 01:28:23,mobile,returned
131,418,16,2025-09-05 13:15:05,phone,complete
132,338,37,2025-03-07 01:01:38,mobile,complete
133,476,38,2025-07-14 03:04:54,web,cancelled
134,1416,14,2025-01-15 09:04:46,mobile,cancelled
135,227,6,2025-04-21 11:16:12,web,cancelled
136,874,5,2025-11-11 18:04:39,web,complete
137,61,17,2025-01-30 02:34:31,store,complete
138,1095,15,2025-08-05 12:32:28,phone,complete
139,787,21,2025-04-12 09:16:22,store,complete
140,934,32,2025-08-08 04:51:10,phone,complete
141,853,19,2025-06-15 02:52:21,store,complete
142,98,36,2025-01-24 01:38:02,web,cancelled
143,1239,1,2025-07-20 17:24:32,web,complete
144,230,16,2025-01-21 22:13:36,phone,complete
145,447,2,2025-01-07 18:27:20,phone,complete
146,452,13,2025-08-24 17:18:08,phone,complete
147,714,22,2025-09-01 10:33:01,web,complete
148,145,21,2025-11-01 15:40:32,store,complete
149,1137,26,2025-11-01 05:07:34,phone,complete
150,225,10,2025-03-25 23:54:32,phone,complete
151,484,30,2025-01-20 19:10:31,phone,cancelled
152,253,6,2025-06-22 14:38:15,web,cancelled
153,1300,29,2025-07-16 20:09:56,mobile,returned
154,374,39,2025-09-18 08:41:45,phone,cancelled
155,766,25,2025-05-18 11:54:57,web,returned
156,604,29,2025-07-18 17:23:43,mobile,complete
157,815,38,2025-10-23 04:10:19,store,returned
158,503,18,2025-07-27 15:02:20,phone,cancelled
159,686,5,2025-03-25 06:50:08,web,cancelled
160,826,18,2025-10-19 10:56:51,mobile,returned
161,140,31,2025-10-21 10:45:13,phone,complete
162,749,40,2025-03-13 17:36:10,phone,returned
163,1498,4,2025-02-12 23:17:43,web,cancelled
164,99,23,2025-02-14 00:51:27,web,returned
165,1471,9,2025-02-08 20:08:42,mobile,complete
166,104,19,2025-12-24 11:45:38,phone,returned
167,1017,22,2025-07-28 18:01:49,web,cancelled
168,1438,12,2025-10-27 04:52:43,phone,complete
169,922,9,2025-10-24 15:12:54,mobile,cancelled
170,132,1,2025-10-23 08:18:28,web,complete
171,305,27,2025-11-04 18:53:57,mobile,complete
172,786,15,2025-06-17 00:40:14,mobile,cancelled
173,70,28,2025-04-09 19:46:57,mobile,complete
174,1225,40,2025-10-25 05:34:44,phone,cancelled
175,1262,35,2025-05-28 09:15:40,store,complete
176,1419,15,2025-05-09 13:22:04,store,complete
177,1176,5,2025-11-24 05:13:47,phone,complete
178,1228,25,2025-11-09 04:56:19,phone,cancelled
179,1361,35,2025-10-18 09:03:34,phone,complete
180,255,36,2025-07-14 04:03:01,web,returned
181,276,1,2025-08-01 17:18:59,web,complete
182,660,21,2025-09-10 09:16:48,store,complete
183,221,3,2025-01-02 10:01:10,store,complete
184,762,2,2025-12-17 16:00:18,web,returned
185,509,19,2025-01-01 14:46:45,phone,cancelled
186,967,36,2025-03-20 13:35:31,mobile,cancelled
187,1080,34,2025-09-22 21:53:44,phone,cancelled
188,286,2,2025-02-03 18:40:12,store,returned
189,1168,21,2025-02-15 17:46:32,phone,returned
190,1002,18,2025-03-10 18:00:12,store,complete
191,298,7,2025-11-16 17:46:55,mobile,complete
192,111,5,2025-09-03 11:46:09,phone,complete
193,203,9,2025-06-12 23:45:01,web,returned
194,514,29,2025-01-21 16:14:01,store,complete
195,11,31,2025-04-10 14:03:38,web,cancelled
196,297,39,2025-04-10 20:15:37,mobile,returned
197,1072,19,2025-03-24 20:25:59,mobile,returned
198,1242,28,2025-01-16 02:44:24,phone,returned
199,878,20,2025-06-07 15:11:21,store,cancelled
200,902,24,2025-06-24 08:50:58,mobile,complete
201,95,32,2025-09-02 06:11:00,mobile,complete
202,44,10,2025-05-08 14:09:30,mobile,returned
203,305,12,2025-06-20 00:00:29,mobile,cancelled
204,1485,38,2025-04-11 19:55:26,phone,cancelled
205,1344,24,2025-09-08 01:42:25,web,complete
206,285,3,2025-12-08 02:13:37,store,returned
207,502,22,2025-12-08 22:51:21,store,cancelled
208,890,5,2025-01-13 21:59:02,web,returned
209,901,32,2025-06-28 01:18:30,phone,complete
210,416,19,2025-02-11 01:49:40,phone,cancelled
211,216,5,2025-01-06 21:59:06,web,cancelled
212,345,8,2025-02-04 07:49:10,phone,returned
213,1045,22,2025-10-20 21:59:57,phone,complete
214,1356,9,2025-01-01 10:13:41,phone,complete
215,1469,39,2025-10-09 18:40:58,store,complete
216,10,24,2025-08-08 15:14:47,web,returned
217,378,7,2025-05-29 05:53:09,web,complete
218,1492,7,2025-07-19 14:01:20,store,complete
219,571,6,2025-04-18 17:46:55,mobile,returned
220,552,24,2025-10-06 18:52:07,store,complete
221,1333,7,2025-08-26 07:54:49,store,complete
222,1233,18,2025-01-26 23:22:28,phone,returned
223,902,30,2025-10-20 11:48:02,web,returned
224,687,3,2025-06-21 06:11:14,phone,returned
225,343,7,2025-09-21 18:23:45,web,cancelled
226,423,24,2025-09-16 22:11:30,web,complete
227,606,24,2025-12-02 09:01:43,phone,returned
228,615,26,2025-05-31 03:55:30,phone,complete
229,785,12,2025-10-23 07:36:28,phone,cancelled
230,308,16,2025-05-23 21:28:29,web,complete
231,727,20,2025-03-24 21:52:48,web,returned
232,209,36,2025-04-20 01:43:26,mobile,complete
233,255,32,2025-03-17 08:10:10,store,complete
234,744,27,2025-03-15 03:05:08,store,returned
235,819,10,2025-11-12 23:58:01,phone,cancelled
236,145,20,2025-03-14 08:31:18,mobile,returned
237,451,8,2025-03-18 22:34:16,phone,cancelled
238,790,9,2025-10-07 06:50:16,mobile,cancelled
239,3,19,2025-05-22 04:54:35,phone,complete
240,454,25,2025-01-15 23:32:21,web,complete
241,1218,17,2025-10-30 16:04:30,phone,returned
242,322,11,2025-12-24 03:41:26,web,complete
243,554,5,2025-11-29 01:57:24,web,cancelled
244,1482,36,2025-05-06 19:30:55,store,complete
245,100,24,2025-05-04 15:53:37,mobile,cancelled
246,986,18,2025-01-07 13:35:04,web,cancelled
247,705,5,2025-03-20 08:46:32,store,returned
248,63,30,2025-05-12 16:49:01,phone,cancelled
249,709,13,2025-02-14 18:33:47,web,returned
250,360,8,2025-08-16 14:47:14,web,complete
251,922,20,2025-08-11 07:06:57,phone,cancelled
252,452,3,2025-08-17 16:36:13,phone,complete
253,1351,30,2025-10-07 05:42:48,web,complete
254,1199,40,2025-11-27 02:00:17,mobile,cancelled
255,162,20,2025-08-26 16:07:46,web,returned
256,508,4,2025-08-19 10:09:08,mobile,cancelled
257,564,11,2025-02-10 05:43:39,web,cancelled
258,439,19,2025-09-02 18:47:46,phone,complete
259,1290,4,2025-11-16 14:32:52,web,complete
260,177,37,2025-08-25 16:48:07,store,complete
261,890,15,2025-02-02 20:55:16,web,complete
262,72,36,2025-11-04 09:01:57,mobile,complete
263,142,30,2025-04-13 07:57:37,store,complete
264,841,4,2025-03-05 10:42:51,store,cancelled
265,348,40,2025-11-05 01:13:59,store,complete
266,23,15,2025-01-09 12:44:35,store,complete
267,1045,24,2025-12-29 06:27:46,web,returned
268,1049,5,2025-11-07 12:23:31,web,complete
269,737,17,2025-06-10 18:00:49,web,cancelled
270,904,35,2025-04-20 10:04:34,mobile,cancelled
271,1258,27,2025-11-10 12:58:36,web,complete
272,1403,17,2025-09-27 16:41:45,mobile,complete
273,340,10,2025-02-13 21:06:50,phone,complete
274,460,19,2025-04-25 08:15:52,mobile,returned
275,583,40,2025-09-30 15:01:42,store,returned
276,609,12,2025-06-25 16:12:45,phone,returned
277,1375,9,2025-01-11 18:54:00,mobile,cancelled
278,1465,27,2025-03-08 22:30:57,mobile,complete
279,505,35,2025-10-23 06:21:08,web,complete
280,391,5,2025-05-25 12:20:46,mobile,cancelled
281,893,20,2025-04-29 16:20:56,store,complete
282,1448,34,2025-07-06 14:02:23,store,complete
283,492,19,2025-09-13 17:42:07,store,complete
284,255,19,2025-10-12 13:37:18,phone,cancelled
285,972,27,2025-01-09 03:08:41,store,complete
286,908,13,2025-12-06 00:39:11,web,complete
287,1251,1,2025-12-30 05:47:29,mobile,cancelled
288,400,36,2025-12-12 11:04:14,store,cancelled
289,1235,26,2025-03-10 18:04:06,phone,returned
290,1232,33,2025-10-11 22:15:03,store,complete
291,1194,7,2025-11-29 13:18:00,mobile,complete
292,38,10,2025-09-30 10:24:33,phone,returned
293,1402,33,2025-08-19 08:48:24,store,complete
294,308,38,2025-12-01 15:11:22,web,returned
295,49,36,2025-01-02 11:51:31,phone,complete
296,1059,16,2025-04-23 05:26:40,phone,cancelled
297,88,26,2025-06-05 10:16:19,mobile,cancelled
298,1103,20,2025-09-16 22:37:42,store,cancelled
299,481,3,2025-09-21 22:51:46,mobile,returned
300,44,8,2025-07-26 03:35:46,phone,complete
301,571,9,2025-08-22 13:56:53,web,returned
302,1092,9,2025-05-03 11:59:12,phone,complete
303,1141,20,2025-07-06 13:39:19,phone,complete
304,799,14,2025-02-09 11:14:09,store,cancelled
305,151,31,2025-04-02 23:24:07,store,returned
306,1260,21,2025-03-08 09:32:54,store,cancelled
307,189,29,2025-01-26 20:23:06,web,complete
308,674,8,2025-11-20 14:36:35,phone,complete
309,1115,33,2025-07-27 12:10:56,web,complete
310,83,33,2025-07-04 06:02:52,store,cancelled
311,1262,28,2025-03-13 10:34:48,mobile,complete
312,229,33,2025-08-08 05:45:17,web,complete
313,1341,5,2025-05-01 13:03:35,store,complete
314,1215,39,2025-08-04 04:37:11,mobile,returned
315,654,11,2025-09-10 15:34:32,mobile,returned
316,1277,24,2025-11-16 23:10:00,phone,complete
317,1451,39,2025-12-19 08:41:07,phone,complete
318,186,12,2025-10-09 23:55:25,store,complete
319,183,37,2025-04-06 10:39:53,phone,cancelled
320,1305,11,2025-11-20 15:47:59,web,returned
321,27,21,2025-03-17 19:00:45,store,returned
322,563,35,2025-02-18 19:08:41,phone,complete
323,95,19,2025-05-08 06:45:38,web,complete
324,316,29,2025-01-31 15:05:00,store,complete
325,990,6,2025-05-23 10:03:35,mobile,returned
326,1163,16,2025-07-03 03:02:29,phone,complete
327,78,7,2025-08-31 02:59:32,phone,complete
328,598,10,2025-07-08 23:30:01,phone,complete
329,478,2,2025-08-12 10:35:56,phone,cancelled
330,535,22,2025-07-28 19:08:43,phone,complete
331,1161,32,2025-03-21 19:49:53,phone,returned
332,440,33,2025-11-17 17:59:21,phone,complete
333,150,11,2025-12-01 21:44:40,store,complete
334,618,7,2025-08-08 10:25:31,store,complete
335,327,10,2025-10-19 12:35:30,mobile,cancelled
336,878,34,2025-06-17 15:00:02,web,returned
337,534,26,2025-12-13 21:48:36,phone,complete
338,1131,16,2025-02-23 00:50:43,mobile,cancelled
339,253,32,2025-02-13 02:12:57,store,cancelled
340,416,24,2025-02-26 00:16:17,web,returned
341,38,38,2025-04-16 11:28:09,mobile,returned
342,614,23,2025-11-18 05:42:05,mobile,cancelled
343,206,11,2025-11-09 19:05:17,phone,cancelled
344,1492,36,2025-02-04 09:32:21,web,cancelled
345,1383,9,2025-11-20 17:46:06,store,complete
346,336,1,2025-05-20 12:43:43,mobile,complete
347,313,32,2025-03-20 06:30:11,phone,cancelled
348,1246,28,2025-07-06 10:11:37,mobile,returned
349,553,29,2025-02-02 00:47:14,web,cancelled
350,861,37,2025-08-24 19:36:11,mobile,complete
351,311,15,2025-07-19 08:39:56,phone,cancelled
352,20,19,2025-02-03 20:40:08,store,cancelled
353,264,27,2025-12-31 09:17:33,web,complete
354,66,6,2025-10-08 22:38:06,store,complete
355,1010,27,2025-03-26 23:01:08,mobile,returned
356,187,32,2025-06-09 03:54:50,store,complete
357,1015,27,2025-11-28 00:01:23,phone,cancelled
358,705,27,2025-12-08 06:07:31,phone,cancelled
359,39,26,2025-09-14 06:56:42,mobile,complete
360,1337,19,2025-07-14 08:27:53,store,complete
361,228,3,2025-03-12 13:59:04,web,complete
362,118,4,2025-03-20 16:42:07,store,complete
363,354,23,2025-09-23 12:56:44,web,cancelled
364,1006,22,2025-03-28 18:46:08,mobile,cancelled
365,1071,39,2025-10-23 07:56:01,web,complete
366,1100,32,2025-10-28 22:32:05,web,cancelled
367,16,12,2025-11-07 00:24:19,mobile,cancelled
368,305,14,2025-12-07 08:04:16,phone,complete
369,912,31,2025-01-08 17:41:48,phone,returned
370,329,25,2025-01-29 05:36:34,web,returned
371,242,28,2025-08-22 06:48:31,web,complete
372,931,16,2025-03-31 17:53:59,mobile,complete
373,735,31,2025-04-06 20:10:26,mobile,complete
374,365,15,2025-10-13 04:39:24,phone,complete
375,1014,7,2025-01-11 14:36:28,phone,complete
376,221,32,2025-05-04 12:26:32,mobile,complete
377,904,34,2025-06-06 10:36:59,store,returned
378,307,1,2025-06-22 22:40:44,phone,complete
379,1373,9,2025-03-26 14:51:51,phone,cancelled
380,1199,39,2025-10-27 19:35:17,store,returned
381,583,1,2025-05-03 01:12:51,store,complete
382,780,23,2025-04-09 21:53:33,store,returned
383,167,30,2025-11-19 09:23:37,mobile,returned
384,1314,36,2025-04-01 08:49:05,web,complete
385,952,37,2025-11-05 15:15:58,web,complete
386,664,38,2025-03-19 00:08:44,store,complete
387,257,29,2025-03-04 02:27:58,mobile,returned
388,1400,40,2025-11-14 12:48:17,mobile,complete
389,1282,28,2025-01-24 02:34:38,store,returned
390,1336,24,2025-01-10 02:03:23,phone,complete
391,1354,3,2025-03-06 10:20:12,store,complete
392,350,24,2025-12-18 19:18:12,mobile,complete
393,672,16,2025-06-03 01:24:39,store,cancelled
394,1227,15,2025-02-17 13:18:21,store,complete
395,923,13,2025-01-30 05:25:03,phone,returned
396,786,40,2025-11-06 10:59:33,web,cancelled
397,732,10,2025-09-17 08:09:31,phone,complete
398,1498,35,2025-12-17 10:50:41,mobile,complete
399,1346,30,2025-09-05 15:53:58,store,complete
400,575,21,2025-09-30 00:18:45,web,cancelled
401,530,11,2025-08-17 17:03:17,phone,complete
402,624,4,2025-12-10 02:04:30,mobile,cancelled
403,698,14,2025-12-01 20:52:43,mobile,complete
404,380,20,2025-06-23 16:24:44,store,cancelled
405,368,16,2025-12-25 02:12:16,mobile,complete
406,304,27,2025-06-04 18:18:25,web,complete
407,13,3,2025-06-13 01:29:27,web,cancelled
408,963,4,2025-07-04 02:00:55,phone,complete
409,505,8,2025-03-21 20:12:01,store,returned
410,454,7,2025-06-01 02:34:34,mobile,complete
411,630,28,2025-11-11 03:02:49,web,returned
412,381,19,2025-08-06 14:57:05,store,returned
413,986,22,2025-11-06 04:28:29,store,cancelled
414,640,30,2025-03-09 04:04:20,store,cancelled
415,780,15,2025-07-14 12:21:06,mobile,complete
416,1471,27,2025-10-14 05:42:11,web,complete
417,957,17,2025-12-15 00:13:59,phone,returned
418,1183,39,2025-08-10 20:28:02,web,complete
419,46,19,2025-04-02 17:25:50,mobile,returned
420,1247,9,2025-03-13 02:01:22,store,returned
421,1171,29,2025-07-17 07:41:51,phone,complete
422,919,2,2025-10-16 02:55:30,mobile,complete
423,135,5,2025-06-06 04:57:14,store,cancelled
424,527,30,2025-02-05 02:56:02,phone,complete
425,197,16,2025-05-07 22:19:20,mobile,cancelled
426,6,24,2025-04-11 09:03:17,store,complete
427,121,10,2025-11-01 00:19:04,web,returned
428,116,7,2025-05-28 10:15:21,mobile,cancelled
429,362,26,2025-02-28 08:10:35,store,cancelled
430,625,6,2025-01-30 05:29:32,phone,cancelled
431,38,16,2025-08-31 16:29:39,web,returned
432,1457,17,2025-05-10 17:10:44,phone,complete
433,939,39,2025-01-08 05:03:37,web,complete
434,618,33,2025-08-01 08:23:58,store,complete
435,920,27,2025-03-01 03:15:38,store,complete
436,939,19,2025-08-16 07:27:29,web,complete
437,305,4,2025-04-10 15:25:37,store,cancelled
438,1330,27,2025-03-10 17:01:14,store,complete
439,560,14,2025-05-05 12:21:36,phone,returned
440,216,21,2025-03-19 17:27:33,store,cancelled
441,1068,26,2025-02-27 00:13:12,web,complete
442,880,20,2025-03-04 01:09:14,store,complete
443,1241,3,2025-09-10 01:26:40,mobile,returned
444,990,37,2025-05-10 09:42:02,phone,complete
445,219,1,2025-01-21 03:05:19,phone,returned
446,1180,31,2025-03-17 02:23:49,store,returned
447,1029,19,2025-08-02 13:54:25,web,complete
448,1078,3,2025-12-23 20:56:16,mobile,complete
449,792,23,2025-07-31 12:07:26,web,complete
450,1081,1,2025-01-20 15:25:30,mobile,complete
451,1243,10,2025-03-11 05:02:51,web,cancelled
452,1427,2,2025-09-14 08:18:43,phone,cancelled
453,298,13,2025-01-22 13:14:21,store,cancelled
454,1429,19,2025-12-03 04:28:05,store,complete
455,625,36,2025-05-12 11:04:47,web,complete
456,41,21,2025-03-29 17:27:00,phone,complete
457,660,25,2025-10-17 16:16:18,web,cancelled
458,31,9,2025-10-18 21:33:41,phone,complete
459,292,34,2025-12-11 12:21:57,web,returned
460,1450,2,2025-02-25 14:22:12,mobile,complete
461,253,37,2025-09-10 03:36:34,store,returned
462,1127,19,2025-09-14 22:25:49,mobile,complete
463,645,19,2025-10-23 23:11:05,mobile,returned
464,150,29,2025-03-31 11:28:43,web,returned
465,1291,17,2025-01-22 23:41:04,phone,complete
466,687,26,2025-08-14 12:51:21,store,returned
467,1131,17,2025-09-01 13:56:22,phone,returned
468,1283,12,2025-03-05 16:03:14,web,cancelled
469,1288,26,2025-04-23 06:34:06,mobile,complete
470,374,29,2025-07-03 20:23:12,store,cancelled
471,635,19,2025-02-23 17:03:01,store,complete
472,286,25,2025-01-23 08:40:28,phone,complete
473,417,28,2025-08-31 21:18:25,store,complete
474,1093,2,2025-12-26 10:24:26,phone,complete
475,190,3,2025-09-06 16:09:05,phone,complete
476,554,26,2025-03-16 03:24:45,mobile,returned
477,1362,33,2025-06-15 22:15:08,web,cancelled
478,228,11,2025-10-07 01:50:49,web,complete
479,310,13,2025-11-14 03:27:14,mobile,returned
480,465,29,2025-07-24 05:21:59,phone,complete
481,1311,24,2025-06-05 15:51:27,mobile,returned
482,458,26,2025-11-09 05:40:58,web,complete
483,822,32,2025-05-17 17:29:03,web,complete
484,819,5,2025-06-11 01:30:00,phone,complete
485,459,13,2025-07-25 13:16:52,phone,cancelled
486,153,14,2025-04-15 12:19:54,web,cancelled
487,94,30,2025-03-21 11:25:11,mobile,returned
488,381,40,2025-04-08 11:15:12,mobile,complete
489,91,15,2025-02-07 10:13:28,phone,returned
490,1145,34,2025-10-21 01:31:04,store,cancelled
491,1299,27,2025-03-03 19:36:16,store,complete
492,1416,18,2025-03-06 08:52:04,phone,returned
493,203,30,2025-07-30 01:23:20,store,complete
494,499,31,2025-02-16 05:35:58,phone,cancelled
495,1067,29,2025-08-14 14:36:47,mobile,complete
496,1176,5,2025-05-17 23:47:49,web,complete
497,466,34,2025-01-09 21:00:57,store,complete
498,1371,2,2025-09-03 10:59:29,mobile,complete
499,16,26,2025-05-31 16:38:43,web,complete
500,695,39,2025-12-17 08:22:09,phone,complete
501,778,23,2025-09-26 04:05:05,phone,complete
502,637,17,2025-01-18 08:45:01,mobile,complete
503,1404,29,2025-07-28 19:58:38,web,complete
504,524,28,2025-10-09 19:21:16,phone,complete
505,528,7,2025-07-17 16:38:00,phone,cancelled
506,1424,17,2025-07-28 18:16:29,store,cancelled
507,882,31,2025-10-03 08:32:09,mobile,returned
508,141,29,2025-01-02 03:22:42,mobile,complete
509,58,9,2025-08-18 17:05:55,store,cancelled
510,1440,23,2025-12-29 06:32:44,web,cancelled
511,393,3,2025-02-22 04:57:10,store,complete
512,1114,23,2025-08-28 16:41:33,web,complete
513,906,24,2025-06-18 15:47:32,mobile,complete
514,596,6,2025-04-26 23:26:18,web,complete
515,578,36,2025-06-05 02:01:37,phone,complete
516,146,17,2025-12-26 07:02:11,mobile,complete
517,1343,21,2025-03-24 23:25:14,web,complete
518,745,6,2025-12-31 09:45:52,web,complete
519,1398,26,2025-09-03 00:03:29,mobile,returned
520,160,24,2025-04-13 05:55:42,store,complete
521,772,2,2025-09-20 06:04:00,mobile,complete
522,977,16,2025-03-21 22:15:25,store,complete
523,1338,9,2025-03-13 12:46:04,store,complete
524,102,5,2025-02-14 05:21:43,store,complete
525,486,11,2025-04-05 11:19:09,mobile,complete
526,559,28,2025-10-19 09:48:28,phone,returned
527,931,24,2025-11-13 03:43:14,mobile,cancelled
528,362,19,2025-12-08 01:00:57,phone,complete
529,233,22,2025-07-04 09:39:11,web,complete
530,951,7,2025-06-02 17:47:16,store,complete
531,229,26,2025-12-15 08:03:38,store,returned
532,1078,11,2025-10-28 23:40:06,web,complete
533,886,18,2025-08-11 20:35:03,store,complete
534,678,29,2025-06-04 03:00:31,store,complete
535,436,39,2025-02-12 06:52:46,phone,complete
536,58,27,2025-09-22 20:01:47,store,complete
537,1300,2,2025-02-14 02:43:20,phone,complete
538,1217,7,2025-04-20 07:16:29,web,cancelled
539,105,20,2025-09-12 19:49:41,store,complete
540,931,35,2025-01-13 19:23:57,web,cancelled
541,475,21,2025-03-18 16:39:48,web,returned
542,1099,7,2025-11-29 03:09:36,web,returned
543,366,34,2025-08-04 18:59:25,web,complete
544,1003,31,2025-11-26 18:29:40,mobile,returned
545,277,37,2025-04-22 04:12:41,store,complete
546,1358,28,2025-09-15 01:15:29,store,returned
547,1488,32,2025-10-15 05:30:45,mobile,complete
548,895,39,2025-04-20 15:28:26,store,complete
549,926,14,2025-05-22 23:49:42,mobile,cancelled
550,842,2,2025-04-11 13:58:00,phone,complete
551,232,1,2025-01-02 07:58:24,phone,returned
552,518,10,2025-08-03 11:00:33,store,complete
553,354,34,2025-03-16 19:12:23,mobile,cancelled
554,722,13,2025-05-04 18:21:14,phone,complete
555,1198,16,2025-01-12 08:15:46,store,cancelled
556,755,16,2025-04-28 00:09:16,web,cancelled
557,1428,9,2025-08-02 19:59:20,web,complete
558,1064,36,2025-08-16 06:17:57,web,complete
559,1127,24,2025-08-19 01:09:45,mobile,complete
560,865,5,2025-10-10 16:24:19,web,returned
561,186,26,2025-05-04 15:12:46,store,returned
562,129,9,2025-05-19 22:08:21,store,complete
563,1141,12,2025-05-06 11:35:26,web,cancelled
564,1041,9,2025-04-30 13:02:11,web,complete
565,34,11,2025-04-18 18:57:26,store,complete
566,186,21,2025-09-06 13:34:02,store,cancelled
567,1403,39,2025-02-05 04:52:50,phone,complete
568,823,16,2025-08-18 06:22:13,store,returned
569,813,3,2025-03-25 16:07:43,web,complete
570,190,39,2025-01-24 23:57:48,web,complete
571,811,39,2025-05-01 01:03:41,web,returned
572,762,25,2025-04-23 11:30:12,phone,complete
573,148,9,2025-01-11 07:01:23,store,cancelled
574,1420,4,2025-03-02 12:54:13,store,complete
575,886,31,2025-09-03 16:21:45,phone,complete
576,1469,33,2025-05-23 18:35:59,phone,complete
577,286,31,2025-10-21 04:47:26,mobile,complete
578,890,23,2025-03-05 13:29:28,phone,returned
579,794,15,2025-11-10 17:13:39,store,returned
580,750,25,2025-07-27 07:40:25,mobile,complete
581,49,40,2025-06-21 05:00:59,store,complete
582,446,19,2025-12-13 19:10:22,phone,returned
583,1475,40,2025-07-25 17:09:35,store,complete
584,1464,10,2025-09-27 07:06:03,web,cancelled
585,148,9,2025-12-10 00:46:27,store,complete
586,1313,25,2025-01-09 21:49:30,store,cancelled
587,300,2,2025-08-07 08:56:03,mobile,returned
588,112,1,2025-01-31 01:50:32,web,complete
589,651,17,2025-09-05 19:07:32,web,complete
590,623,33,2025-09-08 18:36:16,store,returned
591,27,7,2025-12-25 03:17:18,phone,cancelled
592,1183,28,2025-02-13 19:35:03,web,cancelled
593,433,17,2025-05-19 11:09:58,web,cancelled
594,559,38,2025-09-12 19:36:30,store,complete
595,1102,22,2025-08-06 07:27:33,web,complete
596,1094,25,2025-06-16 23:52:01,store,complete
597,1184,24,2025-04-27 10:33:51,phone,complete
598,1099,33,2025-12-24 21:23:28,phone,complete
599,1117,14,2025-12-12 00:56:07,web,complete
600,1043,27,2025-04-25 22:52:45,web,cancelled
601,446,30,2025-08-31 09:26:03,store,complete
602,31,30,2025-01-09 06:04:31,mobile,complete
603,345,27,2025-01-04 11:04:42,web,cancelled
604,732,19,2025-07-17 03:10:32,store,complete
605,1156,27,2025-09-04 01:18:11,phone,complete
606,713,26,2025-07-29 05:17:26,mobile,complete
607,1463,13,2025-04-02 01:26:07,mobile,returned
608,392,34,2025-09-07 23:41:33,store,complete
609,595,15,2025-09-03 23:19:01,phone,returned
610,1188,5,2025-05-16 10:57:34,mobile,returned
611,1378,15,2025-07-04 05:27:23,phone,complete
612,1494,34,2025-07-30 18:15:49,store,returned
613,1177,1,2025-08-10 07:37:44,store,returned
614,1386,1,2025-06-30 02:55:30,mobile,cancelled
615,1135,25,2025-04-26 02:30:57,web,cancelled
616,908,23,2025-11-08 05:53:28,web,cancelled
617,1277,32,2025-05-16 18:19:44,phone,complete
618,624,11,2025-08-10 23:53:26,web,returned
619,1140,13,2025-01-08 16:40:12,store,complete
620,208,18,2025-04-29 11:30:36,phone,cancelled
621,573,24,2025-03-27 00:00:52,mobile,complete
622,1431,11,2025-11-28 22:09:27,phone,returned
623,1056,31,2025-05-22 17:17:16,phone,complete
624,1062,11,2025-10-12 14:20:36,web,complete
625,1441,23,2025-09-17 00:27:52,web,complete
626,52,12,2025-08-07 09:16:02,web,complete
627,427,6,2025-11-06 17:07:11,web,complete
628,873,12,2025-11-10 01:37:24,mobile,complete
629,744,7,2025-01-31 10:40:14,phone,complete
630,962,9,2025-07-04 01:07:36,store,cancelled
631,377,28,2025-04-10 22:28:18,web,complete
632,164,28,2025-10-17 05:24:06,phone,complete
633,283,27,2025-06-21 03:44:41,store,complete
634,678,24,2025-01-18 22:35:45,store,cancelled
635,851,29,2025-05-28 00:46:38,phone,complete
636,461,20,2025-04-07 14:20:47,phone,cancelled
637,1333,8,2025-09-19 10:10:51,phone,cancelled
638,1152,32,2025-03-30 18:35:40,store,complete
639,1016,14,2025-09-21 20:26:33,phone,returned
640,730,4,2025-01-05 00:29:24,store,complete
641,1394,3,2025-12-11 11:56:45,store,complete
642,618,1,2025-08-23 19:09:32,store,complete
643,331,16,2025-11-03 08:13:13,phone,cancelled
644,7,7,2025-04-02 06:33:29,store,complete
645,536,35,2025-08-08 13:21:12,web,returned
646,15,34,2025-05-25 04:54:03,web,complete
647,321,28,2025-04-04 09:47:13,mobile,returned
648,1052,7,2025-03-17 23:05:52,phone,complete
649,1047,27,2025-10-30 14:04:02,web,complete
650,1095,2,2025-11-23 21:23:20,mobile,returned
651,490,25,2025-08-03 01:37:00,store,complete
652,513,6,2025-10-25 07:03:00,mobile,cancelled
653,1028,34,2025-08-26 23:54:53,mobile,cancelled
654,1182,7,2025-08-03 17:19:35,web,complete
655,454,7,2025-03-07 07:23:32,phone,complete
656,260,14,2025-09-07 17:12:44,web,returned
657,443,27,2025-12-24 15:37:35,web,complete
658,852,34,2025-10-29 13:44:12,mobile,cancelled
659,1373,10,2025-02-26 12:09:27,mobile,complete
660,970,12,2025-12-18 07:31:01,web,complete
661,1076,39,2025-06-05 07:44:14,mobile,cancelled
662,243,30,2025-07-07 18:07:43,store,complete
663,1038,2,2025-07-05 17:19:28,store,complete
664,1402,34,2025-12-08 14:05:04,store,complete
665,212,35,2025-02-08 18:55:50,mobile,complete
666,844,1,2025-09-28 23:05:50,mobile,returned
667,233,20,2025-07-12 05:40:02,mobile,complete
668,169,5,2025-01-11 13:09:44,store,complete
669,1439,12,2025-04-04 22:18:59,phone,returned
670,699,9,2025-04-19 21:54:55,store,complete
671,436,13,2025-11-10 00:01:49,mobile,cancelled
672,396,19,2025-04-07 17:40:52,store,returned
673,1097,1,2025-04-07 14:24:44,phone,cancelled
674,648,40,2025-09-08 12:21:34,phone,returned
675,191,17,2025-08-30 06:14:28,phone,complete
676,995,21,2025-01-01 00:28:48,mobile,complete
677,1311,34,2025-05-08 06:04:13,web,complete
678,306,17,2025-12-17 00:10:31,store,cancelled
679,1023,8,2025-04-27 18:22:46,web,complete
680,564,34,2025-09-09 04:50:46,mobile,cancelled
681,49,6,2025-11-27 04:00:30,store,returned
682,846,10,2025-12-19 01:40:11,phone,returned
683,574,20,2025-09-22 02:05:08,mobile,complete
684,971,6,2025-07-05 03:53:27,web,returned
685,1376,32,2025-11-13 00:23:42,phone,complete
686,62,16,2025-07-04 22:29:20,phone,returned
687,805,13,2025-04-26 18:00:17,web,complete
688,912,23,2025-10-09 22:33:15,store,complete
689,989,3,2025-09-03 04:07:19,web,complete
690,174,6,2025-08-22 00:28:15,phone,complete
691,1396,2,2025-10-15 12:47:11,mobile,complete
692,9,12,2025-08-12 00:24:44,store,returned
693,547,40,2025-07-27 18:50:25,phone,complete
694,289,1,2025-03-15 00:04:41,mobile,cancelled
695,953,20,2025-12-26 11:52:50,phone,returned
696,445,18,2025-12-16 19:09:03,phone,complete
697,169,11,2025-08-04 03:39:34,phone,complete
698,715,35,2025-10-24 00:15:42,web,cancelled
699,392,5,2025-07-20 00:14:42,mobile,complete
700,506,3,2025-03-15 17:09:03,web,complete
701,734,30,2025-06-07 23:26:18,phone,complete
702,51,27,2025-02-10 15:19:47,phone,returned
703,346,6,2025-09-03 18:18:24,phone,complete
704,359,10,2025-01-12 20:19:56,web,returned
705,36,25,2025-01-18 01:20:37,mobile,cancelled
706,597,29,2025-11-09 11:49:19,phone,cancelled
707,467,25,2025-09-13 22:20:34,web,returned
708,1315,40,2025-01-06 23:45:36,store,cancelled
709,740,16,2025-08-06 12:41:31,store,cancelled
710,105,24,2025-04-01 15:03:29,mobile,returned
711,285,26,2025-07-11 15:02:55,web,cancelled
712,843,35,2025-09-15 16:43:53,store,complete
713,1176,22,2025-06-15 20:48:13,mobile,returned
714,332,6,2025-03-31 17:33:05,mobile,complete
715,1225,30,2025-04-18 08:33:09,web,complete
716,160,23,2025-10-30 09:32:29,phone,complete
717,640,10,2025-02-19 00:45:37,mobile,cancelled
718,75,18,2025-01-04 03:33:34,store,complete
719,793,16,2025-08-16 11:46:38,store,returned
720,1437,9,2025-07-12 12:56:08,store,complete
721,801,27,2025-06-22 14:33:02,store,cancelled
722,1474,14,2025-08-05 08:23:17,store,complete
723,1381,24,2025-06-04 10:30:21,phone,cancelled
724,1045,31,2025-05-26 11:56:16,mobile,complete
725,1188,16,2025-07-20 22:02:40,mobile,cancelled
726,504,28,2025-07-28 13:36:28,phone,returned
727,933,16,2025-04-26 21:49:54,web,complete
728,1460,17,2025-06-29 13:21:18,phone,complete
729,216,26,2025-07-27 08:56:07,mobile,complete
730,831,33,2025-02-07 22:49:34,phone,returned
731,5,20,2025-01-08 02:02:09,phone,complete
732,734,37,2025-05-13 01:27:18,web,cancelled
733,1117,35,2025-06-17 22:58:11,store,cancelled
734,1317,16,2025-09-16 02:21:27,phone,returned
735,1117,4,2025-06-26 11:49:25,store,complete
736,166,18,2025-03-15 14:50:29,web,cancelled
737,1189,2,2025-03-18 03:00:46,web,complete
738,987,38,2025-02-10 06:25:32,web,complete
739,732,29,2025-04-13 13:38:44,mobile,returned
740,1021,28,2025-07-19 05:25:23,mobile,complete
741,220,8,2025-03-13 16:26:54,phone,complete
742,246,35,2025-04-03 03:13:17,phone,returned
743,333,3,2025-04-20 11:51:40,phone,cancelled
744,921,17,2025-08-27 17:57:44,phone,returned
745,1285,32,2025-09-08 13:26:51,web,complete
746,426,26,2025-07-31 14:10:33,store,cancelled
747,148,39,2025-04-07 16:33:07,phone,complete
748,1152,20,2025-03-16 14:43:36,web,complete
749,277,2,2025-12-07 05:40:27,store,complete
750,758,24,2025-07-19 07:37:27,phone,cancelled
751,126,37,2025-04-28 20:29:48,web,complete
752,1271,17,2025-02-14 18:42:17,phone,returned
753,99,15,2025-03-29 16:35:33,store,complete
754,1236,18,2025-12-15 07:45:39,web,cancelled
755,887,2,2025-11-29 14:39:10,mobile,complete
756,237,7,2025-01-20 21:27:05,phone,cancelled
757,55,14,2025-08-14 05:42:44,web,cancelled
758,150,14,2025-07-21 17:11:11,store,returned
759,863,15,2025-07-13 00:23:53,phone,cancelled
760,1230,11,2025-04-22 14:56:42,store,complete
761,571,18,2025-05-28 05:19:49,web,returned
762,742,9,2025-08-21 13:05:13,mobile,complete
763,1264,22,2025-04-22 13:32:08,phone,complete
764,560,29,2025-06-09 07:18:50,mobile,complete
765,1344,9,2025-03-07 13:10:44,web,complete
766,1292,24,2025-11-06 14:28:32,phone,complete
767,92,12,2025-07-24 16:39:29,phone,complete
768,678,24,2025-04-16 11:24:41,web,returned
769,934,37,2025-06-23 17:17:30,mobile,complete
770,322,16,2025-09-25 12:01:47,store,returned
771,1109,5,2025-04-15 00:55:33,mobile,cancelled
772,537,15,2025-10-01 19:22:27,store,cancelled
773,1090,38,2025-05-13 05:22:18,store,cancelled
774,691,8,2025-11-04 11:19:53,mobile,complete
775,401,20,2025-09-11 15:39:43,phone,returned
776,697,40,2025-12-15 06:10:58,phone,cancelled
777,614,35,2025-09-09 09:01:54,web,complete
778,965,23,2025-07-07 13:13:35,store,returned
779,312,9,2025-05-23 03:03:46,mobile,cancelled
780,764,10,2025-07-01 06:31:39,store,complete
781,505,14,2025-05-09 03:26:31,mobile,returned
782,564,39,2025-01-08 17:17:11,store,complete
783,745,1,2025-01-17 14:02:57,store,complete
784,716,20,2025-02-26 13:32:48,phone,cancelled
785,609,37,2025-03-29 05:44:21,store,complete
786,783,16,2025-09-02 07:22:09,store,complete
787,1087,17,2025-01-09 09:41:17,mobile,complete
788,1439,4,2025-04-17 04:06:45,store,complete
789,206,16,2025-11-16 08:20:59,mobile,complete
790,1401,31,2025-02-12 17:58:30,mobile,returned
791,536,21,2025-02-21 00:57:14,web,complete
792,54,33,2025-01-17 07:46:28,web,complete
793,1226,39,2025-03-22 10:32:09,web,complete
794,1426,3,2025-09-14 15:27:35,phone,complete
795,920,39,2025-06-22 05:12:11,mobile,complete
796,1031,24,2025-01-27 13:19:48,mobile,returned
797,762,14,2025-04-04 07:04:21,phone,returned
798,28,7,2025-02-25 18:14:15,mobile,complete
799,1283,38,2025-12-23 16:07:59,store,cancelled
800,131,2,2025-01-12 14:46:08,web,complete
801,616,27,2025-10-21 01:20:01,phone,complete
802,287,16,2025-01-15 12:10:25,store,complete
803,1429,11,2025-10-27 21:27:06,web,complete
804,1110,40,2025-01-14 01:35:54,phone,complete
805,328,11,2025-11-07 09:30:02,mobile,cancelled
806,530,30,2025-01-30 19:54:56,mobile,complete
807,275,39,2025-10-24 00:31:51,store,cancelled
808,209,33,2025-08-09 12:50:50,web,complete
809,251,36,2025-09-04 00:32:13,web,complete
810,1148,24,2025-06-10 19:25:00,web,cancelled
811,752,31,2025-08-21 21:04:57,mobile,complete
812,902,40,2025-04-23 05:01:40,web,complete
813,673,27,2025-11-02 13:33:29,web,complete
814,1164,17,2025-07-20 16:35:39,web,returned
815,720,37,2025-12-19 10:04:34,mobile,cancelled
816,164,29,2025-02-11 09:44:35,phone,complete
817,60,14,2025-10-10 07:07:52,store,complete
818,1335,38,2025-03-11 22:46:06,phone,returned
819,1095,25,2025-08-03 22:08:15,phone,complete
820,75,28,2025-01-03 06:39:09,mobile,complete
821,902,20,2025-06-05 14:16:25,store,cancelled
822,522,39,2025-10-06 14:09:41,store,complete
823,1473,4,2025-05-08 20:59:29,web,cancelled
824,1417,33,2025-02-01 19:22:10,store,complete
825,135,17,2025-09-16 09:08:36,mobile,cancelled
826,834,21,2025-10-09 10:07:41,phone,complete
827,882,5,2025-09-05 19:17:24,store,complete
828,539,28,2025-07-16 19:11:11,store,complete
829,926,30,2025-12-20 23:52:57,web,complete
830,1398,27,2025-10-23 18:43:21,mobile,complete
831,710,15,2025-03-27 17:52:43,web,returned
832,377,31,2025-07-26 01:59:06,phone,cancelled
833,51,14,2025-02-26 14:31:39,store,complete
834,514,30,2025-12-23 02:35:56,store,cancelled
835,490,26,2025-12-25 05:33:13,phone,complete
836,235,7,2025-03-04 06:13:20,mobile,cancelled
837,1316,11,2025-09-01 23:58:52,mobile,cancelled
838,1444,29,2025-03-31 03:21:12,phone,complete
839,1394,28,2025-10-23 22:39:25,store,returned
840,44,2,2025-05-22 03:26:00,web,complete
841,85,10,2025-10-17 15:34:01,store,complete
842,1378,8,2025-12-05 08:10:24,phone,returned
843,3,17,2025-05-26 04:13:14,mobile,complete
844,226,22,2025-10-11 01:32:37,web,returned
845,14,21,2025-11-14 17:23:50,web,cancelled
846,127,20,2025-07-12 23:51:13,phone,complete
847,45,17,2025-12-19 19:36:34,mobile,cancelled
848,748,23,2025-08-07 20:29:18,phone,returned
849,762,30,2025-06-09 21:06:33,store,returned
850,265,14,2025-03-20 05:20:51,phone,cancelled
851,1135,18,2025-06-01 14:56:23,web,complete
852,1459,36,2025-12-01 07:03:13,phone,cancelled
853,1399,38,2025-08-26 13:38:19,mobile,complete
854,1453,22,2025-04-21 14:36:52,store,complete
855,755,37,2025-10-15 16:29:48,web,returned
856,477,4,2025-06-21 23:43:27,web,returned
857,643,1,2025-04-02 18:26:28,store,returned
858,901,21,2025-03-17 22:49:14,store,returned
859,1352,4,2025-03-15 03:46:41,store,complete
860,75,38,2025-04-05 09:09:47,mobile,complete
861,963,20,2025-04-14 02:20:59,mobile,cancelled
862,33,27,2025-05-07 04:32:45,web,returned
863,1325,22,2025-01-20 19:52:04,store,returned
864,1377,20,2025-12-25 10:20:57,store,complete
865,65,34,2025-03-11 02:33:03,store,returned
866,921,7,2025-06-27 20:02:42,web,returned
867,261,25,2025-03-12 19:21:35,web,cancelled
868,362,12,2025-12-24 03:42:21,phone,complete
869,342,11,2025-09-27 02:56:39,web,complete
870,1011,10,2025-09-27 19:46:03,mobile,complete
871,1378,18,2025-06-11 18:45:10,mobile,returned
872,158,25,2025-04-10 20:52:54,web,returned
873,458,5,2025-09-25 23:01:15,phone,returned
874,595,9,2025-08-05 04:18:06,mobile,complete
875,1078,19,2025-01-23 14:36:16,mobile,complete
876,148,6,2025-01-14 14:06:34,web,complete
877,183,1,2025-09-19 23:33:11,store,cancelled
878,1399,17,2025-09-17 19:03:25,store,complete
879,665,3,2025-11-05 02:30:47,mobile,complete
880,688,39,2025-09-13 06:28:21,web,complete
881,603,22,2025-01-11 09:52:47,phone,complete
882,1185,24,2025-11-07 22:53:10,web,cancelled
883,1314,27,2025-02-15 17:49:50,store,complete
884,771,22,2025-04-26 03:38:34,store,cancelled
885,1385,35,2025-04-19 18:10:11,phone,complete
886,595,28,2025-01-31 11:53:02,phone,complete
887,1076,22,2025-04-24 20:46:00,mobile,complete
888,482,27,2025-12-12 20:15:29,web,complete
889,944,36,2025-11-08 23:27:40,phone,complete
890,1011,12,2025-11-10 23:04:44,phone,complete
891,1230,4,2025-12-18 22:07:23,phone,returned
892,1194,2,2025-03-06 04:13:00,store,complete
893,1332,3,2025-12-20 22:13:54,mobile,cancelled
894,1215,19,2025-06-24 09:03:12,web,complete
895,362,2,2025-03-22 18:33:43,phone,returned
896,550,10,2025-01-03 10:38:50,phone,returned
897,392,13,2025-09-10 13:55:32,store,returned
898,1059,15,2025-10-17 12:13:43,store,complete
899,946,34,2025-08-23 10:15:01,store,cancelled
900,526,34,2025-06-01 20:08:36,mobile,returned
901,1239,39,2025-05-09 06:34:03,mobile,cancelled
902,71,32,2025-06-10 05:31:41,web,cancelled
903,1239,15,2025-04-07 05:12:27,mobile,returned
904,930,30,2025-01-09 05:22:23,store,returned
905,1326,19,2025-05-18 06:25:22,phone,complete
906,652,5,2025-08-06 03:39:46,store,cancelled
907,325,4,2025-06-25 23:29:12,store,complete
908,209,20,2025-11-20 04:57:09,mobile,returned
909,1061,13,2025-01-10 23:44:01,store,complete
910,830,11,2025-05-18 07:37:20,phone,cancelled
911,746,20,2025-06-07 22:07:30,web,complete
912,1058,28,2025-08-01 09:08:55,phone,complete
913,507,3,2025-02-05 19:59:24,mobile,cancelled
914,438,21,2025-06-02 10:52:42,store,complete
915,1117,4,2025-04-27 15:51:50,web,returned
916,253,16,2025-10-08 11:10:37,store,complete
917,1127,5,2025-04-10 11:02:30,phone,returned
918,473,8,2025-06-03 03:49:53,web,complete
919,977,26,2025-12-04 17:41:28,phone,complete
920,493,30,2025-01-24 00:23:30,web,returned
921,145,18,2025-09-12 18:01:51,web,cancelled
922,650,35,2025-09-27 07:47:27,store,cancelled
923,622,23,2025-05-03 20:44:06,web,complete
924,445,26,2025-12-07 23:52:26,store,complete
925,238,30,2025-05-10 07:00:19,mobile,complete
926,716,14,2025-10-01 00:52:41,phone,complete
927,861,5,2025-02-04 16:34:41,store,returned
928,524,32,2025-06-25 13:39:47,web,complete
929,1460,9,2025-03-01 02:29:33,phone,complete
930,1238,8,2025-01-28 01:01:42,store,returned
931,759,37,2025-05-11 06:00:19,web,complete
932,27,8,2025-06-11 03:12:15,web,returned
933,1254,15,2025-11-16 17:49:29,store,returned
934,102,4,2025-02-05 03:29:49,phone,complete
935,203,19,2025-03-09 11:16:58,store,complete
936,1497,14,2025-01-19 17:58:54,store,returned
937,6,32,2025-10-10 14:51:16,web,complete
938,1272,32,2025-06-28 01:26:51,web,complete
939,935,31,2025-08-11 01:06:28,web,cancelled
940,462,36,2025-03-25 12:01:03,mobile,returned
941,1351,2,2025-06-23 14:30:34,web,complete
942,620,33,2025-04-16 08:53:05,store,returned
943,652,18,2025-11-12 09:04:45,mobile,returned
944,1336,18,2025-07-13 13:32:07,phone,cancelled
945,129,14,2025-02-18 13:09:10,phone,complete
946,875,15,2025-05-11 02:31:57,web,returned
947,475,26,2025-10-08 21:55:17,phone,cancelled
948,1078,4,2025-01-03 16:21:54,mobile,complete
949,826,32,2025-12-12 23:20:32,web,complete
950,847,23,2025-04-30 06:58:06,mobile,complete
951,329,29,2025-03-18 23:32:06,phone,cancelled
952,51,16,2025-03-06 01:43:58,web,cancelled
953,1466,30,2025-03-28 15:56:45,mobile,returned
954,523,34,2025-05-11 01:57:06,store,complete
955,921,16,2025-12-19 10:55:34,phone,complete
956,651,27,2025-05-21 16:49:24,phone,complete
957,1070,14,2025-05-28 15:26:08,phone,complete
958,980,26,2025-01-02 23:25:38,web,cancelled
959,710,20,2025-12-25 20:04:07,phone,cancelled
960,650,23,2025-10-19 17:56:40,phone,complete
961,892,28,2025-05-14 21:29:38,web,cancelled
962,555,17,2025-05-18 18:36:16,web,cancelled
963,504,20,2025-10-28 19:07:42,store,complete
964,231,23,2025-06-01 00:35:09,web,complete
965,1090,26,2025-04-11 19:14:48,phone,complete
966,1149,5,2025-09-05 23:00:19,web,complete
967,440,34,2025-01-05 11:45:46,web,complete
968,1271,4,2025-05-30 10:17:15,web,cancelled
969,774,8,2025-08-12 12:51:28,web,cancelled
970,1388,10,2025-08-21 00:35:49,store,complete
971,809,11,2025-02-22 08:08:21,web,cancelled
972,1475,15,2025-12-23 01:39:42,web,returned
973,1397,39,2025-12-26 16:29:05,store,complete
974,306,4,2025-06-16 16:21:01,store,complete
975,1156,39,2025-11-25 16:04:53,web,complete
976,577,27,2025-11-23 03:49:40,web,cancelled
977,1046,17,2025-05-13 05:30:22,phone,returned
978,1477,29,2025-12-19 12:23:13,phone,complete
979,99,7,2025-06-01 18:01:03,mobile,returned
980,1385,29,2025-05-31 17:12:34,web,complete
981,951,31,2025-09-10 14:47:27,web,complete
982,1138,9,2025-03-22 02:41:06,web,complete
983,1194,40,2025-04-30 23:09:17,phone,complete
984,852,27,2025-01-07 11:15:58,mobile,cancelled
985,1347,35,2025-02-28 16:38:15,mobile,complete
986,714,11,2025-06-08 14:33:46,mobile,returned
987,961,14,2025-10-25 23:14:16,mobile,cancelled
988,1203,36,2025-10-22 01:52:03,store,cancelled
989,1204,12,2025-07-18 08:51:20,phone,complete
990,737,33,2025-06-23 11:58:31,web,complete
991,852,9,2025-06-03 20:13:19,store,complete
992,652,23,2025-02-25 06:40:24,phone,complete
993,513,15,2025-11-14 22:43:25,store,complete
994,1236,23,2025-11-13 00:26:51,phone,complete
995,1330,3,2025-12-24 05:23:27,store,complete
996,1009,1,2025-04-23 13:29:00,phone,complete
997,810,26,2025-01-05 20:42:39,web,returned
998,1463,35,2025-02-19 08:16:35,web,cancelled
999,1298,11,2025-09-15 04:41:12,web,returned
1000,782,34,2025-11-12 02:32:22,mobile,cancelled
1001,187,27,2025-10-10 04:30:32,mobile,cancelled
1002,1307,13,2025-12-24 20:02:02,web,complete
1003,1109,17,2025-08-20 07:32:13,web,cancelled
1004,1382,39,2025-01-06 01:02:19,phone,returned
1005,415,13,2025-06-10 06:37:31,mobile,returned
1006,1428,39,2025-08-10 15:11:11,web,complete
1007,606,24,2025-08-29 23:00:43,phone,complete
1008,1142,14,2025-08-31 20:41:17,store,returned
1009,1454,36,2025-06-13 03:37:30,web,complete
1010,805,39,2025-06-02 21:37:31,mobile,complete
1011,734,3,2025-10-06 10:00:09,store,complete
1012,1272,18,2025-09-21 18:50:44,phone,complete
1013,937,39,2025-05-28 11:45:29,mobile,cancelled
1014,494,12,2025-11-11 21:11:01,mobile,complete
1015,1036,38,2025-06-17 17:25:30,store,complete
1016,773,39,2025-02-26 22:45:07,web,cancelled
1017,1348,30,2025-07-04 18:33:32,phone,complete
1018,51,23,2025-09-17 16:33:45,store,returned
1019,996,31,2025-01-24 11:33:07,phone,complete
1020,836,39,2025-09-08 08:10:49,mobile,complete
1021,270,2,2025-11-14 22:33:22,phone,complete
1022,24,15,2025-04-09 18:17:46,mobile,returned
1023,431,8,2025-12-03 15:49:35,phone,cancelled
1024,1339,14,2025-01-10 07:16:35,store,complete
1025,48,39,2025-11-16 10:27:02,store,complete
1026,1359,38,2025-02-15 13:40:58,mobile,complete
1027,123,20,2025-07-25 04:32:13,web,complete
1028,755,21,2025-04-02 22:13:26,web,complete
1029,779,38,2025-01-16 22:19:18,store,complete
1030,68,33,2025-08-11 04:26:19,store,complete
1031,808,39,2025-09-28 23:40:46,store,complete
1032,848,19,2025-12-08 12:27:09,web,complete
1033,138,19,2025-12-06 11:48:58,mobile,complete
1034,1496,32,2025-02-15 14:22:01,store,complete
1035,992,29,2025-04-13 08:04:00,web,returned
1036,257,13,2025-04-18 07:20:58,web,returned
1037,955,33,2025-01-21 23:01:22,mobile,complete
1038,1078,36,2025-05-05 16:29:45,store,complete
1039,548,5,2025-09-17 12:21:06,phone,complete
1040,97,11,2025-06-07 15:14:11,mobile,complete
1041,1237,36,2025-09-05 02:34:24,phone,cancelled
1042,1032,34,2025-02-08 13:54:46,phone,returned
1043,671,12,2025-10-16 11:56:13,phone,returned
1044,1363,28,2025-06-07 20:31:44,store,returned
1045,715,25,2025-07-24 11:05:53,phone,complete
1046,1005,26,2025-05-01 18:17:10,store,complete
1047,1342,25,2025-06-01 15:28:15,phone,cancelled
1048,880,36,2025-07-10 13:08:45,store,complete
1049,553,4,2025-12-27 11:50:43,mobile,complete
1050,1278,1,2025-01-22 00:21:28,mobile,complete
1051,375,30,2025-01-15 03:28:04,mobile,returned
1052,1017,17,2025-06-27 01:25:04,web,complete
1053,1425,7,2025-04-02 10:23:21,store,complete
1054,1346,4,2025-10-30 16:40:42,mobile,complete
1055,286,39,2025-02-01 15:50:09,mobile,complete
1056,257,19,2025-03-25 17:14:48,mobile,cancelled
1057,249,19,2025-06-23 14:26:51,store,complete
1058,197,12,2025-06-10 16:35:42,phone,returned
1059,781,33,2025-01-09 14:38:43,phone,complete
1060,326,30,2025-10-09 04:23:08,mobile,complete
1061,401,6,2025-09-29 00:11:37,web,returned
1062,183,27,2025-05-09 11:43:05,phone,complete
1063,698,35,2025-07-15 21:34:29,web,complete
1064,725,31,2025-10-03 05:16:01,mobile,complete
1065,1452,10,2025-02-07 05:46:45,phone,complete
1066,1208,7,2025-06-26 07:42:39,phone,cancelled
1067,1281,16,2025-01-12 20:31:42,web,complete
1068,686,3,2025-05-30 19:03:02,mobile,complete
1069,59,9,2025-12-29 01:52:15,phone,complete
1070,500,28,2025-11-22 14:48:07,web,cancelled
1071,1065,32,2025-11-27 13:10:24,phone,complete
1072,998,2,2025-07-10 15:07:11,phone,complete
1073,543,37,2025-12-29 15:11:20,phone,complete
1074,594,33,2025-06-24 11:32:34,mobile,returned
1075,400,23,2025-02-26 03:43:33,web,complete
1076,847,16,2025-09-21 09:41:26,web,complete
1077,307,39,2025-09-20 08:27:33,mobile,cancelled
1078,1292,18,2025-09-24 06:48:54,phone,complete
1079,152,22,2025-07-12 05:18:10,mobile,complete
1080,745,2,2025-06-05 05:48:25,mobile,complete
1081,1199,5,2025-07-16 02:17:17,phone,cancelled
1082,366,25,2025-03-14 18:28:29,mobile,complete
1083,586,31,2025-09-24 02:20:40,web,complete
1084,301,5,2025-04-11 21:07:31,web,complete
1085,573,6,2025-07-25 08:36:05,mobile,complete
1086,992,21,2025-08-03 08:18:58,web,returned
1087,1477,19,2025-03-04 03:36:35,mobile,cancelled
1088,647,11,2025-06-10 01:52:14,mobile,complete
1089,1406,33,2025-07-19 10:04:17,phone,returned
1090,1379,7,2025-12-21 15:05:23,phone,complete
1091,28,9,2025-02-27 07:16:45,mobile,returned
1092,547,35,2025-06-14 15:08:41,phone,complete
1093,89,29,2025-09-10 13:07:48,mobile,complete
1094,796,19,2025-12-10 20:10:43,web,returned
1095,875,13,2025-09-18 10:36:36,store,returned
1096,1477,15,2025-01-31 17:00:57,mobile,cancelled
1097,795,1,2025-11-13 13:14:36,phone,complete
1098,867,33,2025-06-11 14:47:10,phone,complete
1099,751,40,2025-01-27 03:28:34,mobile,complete
1100,225,2,2025-08-20 17:11:03,phone,returned
1101,569,5,2025-07-10 18:39:15,store,returned
1102,253,9,2025-07-20 09:02:39,web,returned
1103,272,5,2025-12-17 18:02:31,store,returned
1104,1220,33,2025-06-06 09:54:06,store,complete
1105,59,2,2025-04-02 05:12:23,web,cancelled
1106,973,5,2025-06-14 21:40:09,phone,cancelled
1107,637,13,2025-09-08 04:37:58,mobile,returned
1108,5,5,2025-01-05 15:43:34,mobile,complete
1109,525,39,2025-05-19 18:39:24,phone,returned
1110,975,31,2025-10-13 15:49:20,phone,complete
1111,1167,6,2025-09-08 13:42:14,phone,complete
1112,1423,7,2025-05-16 02:03:58,phone,complete
1113,702,39,2025-03-16 06:14:19,store,cancelled
1114,1181,21,2025-11-26 02:42:47,phone,returned
1115,1473,23,2025-10-07 05:27:29,mobile,complete
1116,238,3,2025-10-15 11:47:25,web,returned
1117,215,2,2025-09-27 13:04:23,mobile,cancelled
1118,285,19,2025-04-27 17:58:20,phone,complete
1119,650,19,2025-03-29 01:01:56,web,returned
1120,1492,17,2025-08-22 07:06:32,web,complete
1121,1069,2,2025-04-20 17:10:58,web,complete
1122,1085,4,2025-01-09 09:05:01,store,complete
1123,1073,19,2025-01-12 00:05:45,mobile,complete
1124,1452,9,2025-01-11 18:48:58,phone,complete
1125,454,36,2025-04-14 02:46:17,store,complete
1126,624,22,2025-05-03 04:07:52,store,returned
1127,714,3,2025-03-13 01:25:35,store,complete
1128,468,22,2025-12-07 03:56:04,store,cancelled
1129,1034,14,2025-05-21 02:04:53,mobile,complete
1130,1243,28,2025-02-18 21:31:42,phone,complete
1131,575,2,2025-07-01 16:06:16,store,complete
1132,999,4,2025-08-11 17:27:03,store,complete
1133,492,9,2025-05-25 08:48:08,web,complete
1134,595,22,2025-12-26 19:11:46,mobile,cancelled
1135,299,10,2025-12-28 20:46:26,mobile,complete
1136,632,25,2025-05-11 15:04:08,mobile,complete
1137,84,31,2025-10-28 23:00:36,mobile,complete
1138,518,30,2025-03-17 03:47:45,store,returned
1139,871,1,2025-07-10 04:29:39,phone,complete
1140,1137,5,2025-05-21 06:33:19,mobile,returned
1141,1088,40,2025-03-23 09:32:36,store,returned
1142,192,20,2025-07-20 20:35:59,mobile,complete
1143,798,12,2025-04-06 06:27:44,mobile,cancelled
1144,1055,24,2025-06-23 00:10:20,web,complete
1145,1065,22,2025-01-05 13:51:54,store,complete
1146,974,32,2025-09-10 06:57:09,mobile,cancelled
1147,401,33,2025-06-16 16:53:11,mobile,complete
1148,1112,25,2025-04-12 06:44:31,store,complete
1149,1264,36,2025-09-18 23:38:23,phone,cancelled
1150,1420,16,2025-09-11 15:30:29,phone,cancelled
1151,585,16,2025-12-30 16:47:56,phone,cancelled
1152,903,38,2025-03-11 07:07:39,phone,cancelled
1153,318,24,2025-06-01 05:23:53,phone,complete
1154,767,32,2025-11-12 00:54:35,store,returned
1155,1484,13,2025-02-18 13:10:35,mobile,returned
1156,114,18,2025-10-12 18:26:16,web,returned
1157,705,5,2025-04-17 10:21:59,store,returned
1158,1302,12,2025-02-01 21:45:56,store,complete
1159,362,8,2025-05-02 23:05:43,web,complete
1160,835,18,2025-02-12 21:35:22,phone,returned
1161,1011,26,2025-07-10 21:34:46,phone,returned
1162,157,32,2025-05-22 06:27:32,web,complete
1163,1260,24,2025-09-26 21:05:30,web,returned
1164,201,35,2025-09-28 09:57:53,store,cancelled
1165,788,34,2025-07-13 11:07:09,mobile,complete
1166,1042,34,2025-03-23 23:47:22,mobile,complete
1167,151,30,2025-09-11 17:26:33,store,complete
1168,831,8,2025-07-08 10:49:26,phone,complete
1169,1379,4,2025-09-21 23:01:58,mobile,complete
1170,413,10,2025-01-14 20:17:39,web,returned
1171,289,21,2025-04-04 10:23:24,web,complete
1172,362,4,2025-02-24 19:33:04,mobile,cancelled
1173,1332,37,2025-08-25 03:54:57,phone,complete
1174,753,16,2025-12-31 13:20:35,store,returned
1175,510,22,2025-05-05 11:11:21,mobile,cancelled
1176,576,15,2025-09-05 05:25:38,store,cancelled
1177,1153,12,2025-12-13 06:40:27,mobile,returned
1178,1363,16,2025-08-09 08:10:18,mobile,complete
1179,898,21,2025-08-21 06:08:12,web,complete
1180,1340,6,2025-04-09 05:02:11,store,complete
1181,733,11,2025-06-29 08:25:59,web,cancelled
1182,927,24,2025-08-03 04:37:17,phone,complete
1183,144,22,2025-04-26 05:19:00,phone,complete
1184,1295,25,2025-05-20 09:53:35,mobile,cancelled
1185,1180,17,2025-09-05 13:15:21,store,complete
1186,779,23,2025-07-06 09:31:29,mobile,complete
1187,403,38,2025-08-06 07:31:17,store,complete
1188,1378,10,2025-03-06 13:03:18,mobile,complete
1189,1227,14,2025-09-14 00:28:36,mobile,returned
1190,993,1,2025-09-22 02:07:38,mobile,complete
1191,865,25,2025-08-08 15:27:06,store,complete
1192,375,31,2025-01-22 07:15:35,mobile,returned
1193,197,35,2025-01-19 17:13:51,phone,cancelled
1194,567,39,2025-12-14 05:55:41,mobile,complete
1195,275,26,2025-08-13 23:29:14,store,complete
1196,6,6,2025-10-29 07:52:16,store,complete
1197,491,5,2025-04-24 01:08:38,web,cancelled
1198,1045,32,2025-09-04 20:15:28,mobile,returned
1199,1100,8,2025-05-25 17:59:02,web,complete
1200,318,35,2025-03-14 09:08:44,web,complete
1201,257,25,2025-09-16 16:10:53,web,complete
1202,364,24,2025-02-27 07:18:58,web,complete
1203,60,7,2025-10-18 23:58:54,web,returned
1204,735,7,2025-05-10 08:38:58,store,cancelled
1205,385,11,2025-01-16 20:14:42,mobile,complete
1206,62,29,2025-05-06 04:32:15,mobile,complete
1207,1272,15,2025-01-10 04:52:01,phone,returned
1208,378,30,2025-09-07 00:47:53,phone,complete
1209,66,12,2025-04-28 14:45:21,web,returned
1210,1232,23,2025-12-31 17:36:32,phone,cancelled
1211,576,4,2025-06-23 22:05:14,web,complete
1212,622,22,2025-09-29 08:21:55,phone,returned
1213,1104,30,2025-10-22 12:38:10,web,complete
1214,827,33,2025-07-13 17:37:38,store,returned
1215,733,26,2025-11-06 03:51:27,mobile,complete
1216,895,11,2025-01-22 22:48:46,web,returned
1217,399,27,2025-03-24 05:56:13,phone,complete
1218,462,18,2025-12-05 08:45:28,mobile,complete
1219,764,31,2025-09-07 03:37:58,mobile,complete
1220,569,25,2025-04-22 22:54:09,store,cancelled
1221,860,37,2025-11-12 08:13:19,web,complete
1222,1478,5,2025-11-06 11:59:44,store,complete
1223,1150,6,2025-02-24 11:49:17,mobile,returned
1224,1186,32,2025-08-21 03:09:58,web,returned
1225,313,13,2025-02-01 14:40:18,phone,complete
1226,1450,9,2025-02-13 19:33:33,store,complete
1227,874,40,2025-08-23 18:26:59,phone,cancelled
1228,743,31,2025-09-28 21:26:34,phone,complete
1229,11,18,2025-11-14 09:51:43,store,cancelled
1230,1211,23,2025-10-26 01:36:22,phone,cancelled
1231,749,6,2025-11-06 14:25:42,store,complete
1232,714,19,2025-12-22 07:15:55,web,cancelled
1233,774,11,2025-11-08 02:49:22,mobile,complete
1234,1110,17,2025-08-06 12:47:51,mobile,complete
1235,1498,32,2025-11-09 19:11:44,mobile,complete
1236,130,36,2025-04-12 20:08:38,web,complete
1237,560,22,2025-03-04 12:51:40,mobile,returned
1238,153,34,2025-08-21 13:23:28,phone,cancelled
1239,191,25,2025-01-19 17:54:22,store,complete
1240,952,32,2025-12-31 21:10:17,phone,returned
1241,459,23,2025-10-27 15:04:06,web,complete
1242,715,34,2025-05-03 07:05:23,mobile,complete
1243,1161,31,2025-06-19 16:56:36,store,complete
1244,793,11,2025-09-16 22:03:35,web,complete
1245,1372,23,2025-02-02 01:25:23,phone,complete
1246,849,11,2025-04-28 17:38:48,store,cancelled
1247,153,33,2025-08-17 07:50:03,phone,returned
1248,127,20,2025-09-16 15:51:43,web,returned
1249,743,12,2025-07-09 10:35:08,mobile,complete
1250,798,23,2025-10-16 10:36:40,phone,complete
1251,785,37,2025-12-09 18:30:18,mobile,complete
1252,166,33,2025-02-27 16:57:56,mobile,returned
1253,1300,33,2025-09-01 16:28:21,phone,complete
1254,798,37,2025-10-12 04:38:04,web,returned
1255,245,39,2025-02-05 03:18:17,phone,complete
1256,1456,23,2025-07-10 10:13:35,phone,complete
1257,362,31,2025-03-20 22:19:43,web,complete
1258,549,35,2025-01-02 06:48:46,phone,cancelled
1259,142,7,2025-02-06 11:05:33,store,cancelled
1260,163,16,2025-03-03 12:04:21,phone,complete
1261,494,23,2025-09-03 19:26:43,store,complete
1262,1328,22,2025-01-19 10:08:16,store,complete
1263,912,22,2025-02-28 22:31:52,mobile,cancelled
1264,10,5,2025-05-08 09:14:19,web,complete
1265,887,7,2025-11-23 02:23:43,mobile,complete
1266,1235,35,2025-11-24 20:53:45,phone,complete
1267,1346,13,2025-05-29 23:37:39,web,complete
1268,1439,14,2025-08-02 19:46:58,web,complete
1269,673,17,2025-07-15 10:58:32,store,returned
1270,798,26,2025-09-14 01:36:41,mobile,returned
1271,785,18,2025-06-15 07:52:39,phone,complete
1272,1164,4,2025-09-24 13:54:16,web,cancelled
1273,58,5,2025-12-22 21:08:24,web,complete
1274,1261,39,2025-04-18 07:15:01,web,complete
1275,670,9,2025-12-29 03:39:58,mobile,complete
1276,376,37,2025-04-20 18:50:06,web,complete
1277,990,3,2025-09-03 17:43:03,phone,complete
1278,1168,13,2025-06-08 05:52:05,store,complete
1279,1079,8,2025-05-16 05:56:02,mobile,cancelled
1280,1030,26,2025-11-24 02:01:21,phone,returned
1281,1211,29,2025-05-05 02:47:32,phone,complete
1282,250,39,2025-12-05 14:49:26,store,complete
1283,710,21,2025-03-30 21:18:40,phone,complete
1284,235,7,2025-11-15 01:01:25,web,complete
1285,150,38,2025-03-28 17:40:26,mobile,returned
1286,461,16,2025-11-28 16:53:04,store,cancelled
1287,1211,9,2025-06-06 06:54:19,store,cancelled
1288,365,33,2025-12-20 03:03:08,phone,cancelled
1289,431,8,2025-11-06 08:09:20,store,complete
1290,1322,17,2025-12-03 22:04:19,web,cancelled
1291,591,1,2025-01-20 20:54:04,store,complete
1292,435,21,2025-09-17 07:46:06,mobile,cancelled
1293,209,13,2025-02-27 09:12:53,mobile,complete
1294,46,37,2025-03-08 00:30:02,mobile,cancelled
1295,552,2,2025-11-27 20:33:51,mobile,returned
1296,1385,4,2025-07-20 05:25:46,mobile,returned
1297,504,3,2025-03-30 19:59:34,web,complete
1298,369,37,2025-05-17 16:50:03,web,complete
1299,1393,22,2025-03-19 09:09:35,web,returned
1300,796,18,2025-10-16 08:56:06,mobile,complete
1301,1450,2,2025-11-23 10:20:25,phone,returned
1302,1310,21,2025-05-19 13:54:46,mobile,complete
1303,1483,12,2025-01-19 11:16:43,mobile,complete
1304,515,9,2025-04-19 04:20:37,web,complete
1305,582,14,2025-08-20 12:16:48,mobile,complete
1306,127,18,2025-12-31 00:46:15,phone,complete
1307,573,19,2025-04-10 20:51:49,phone,cancelled
1308,629,34,2025-06-03 20:10:50,mobile,returned
1309,440,28,2025-07-20 16:32:01,store,cancelled
1310,266,26,2025-01-08 01:46:18,store,returned
1311,491,7,2025-06-15 23:13:30,store,returned
1312,609,11,2025-08-25 19:52:47,store,cancelled
1313,910,3,2025-07-22 16:38:03,mobile,complete
1314,1043,22,2025-04-16 18:20:32,phone,complete
1315,1034,15,2025-08-25 17:52:25,phone,complete
1316,988,40,2025-09-06 05:05:50,mobile,complete
1317,887,21,2025-07-16 15:03:48,phone,complete
1318,1010,36,2025-12-23 04:54:49,phone,returned
1319,58,34,2025-04-24 11:32:00,web,complete
1320,49,32,2025-11-16 01:41:05,web,returned
1321,1381,32,2025-03-03 17:07:11,phone,cancelled
1322,1457,39,2025-07-06 14:01:50,store,returned
1323,1058,36,2025-09-30 17:24:39,store,returned
1324,582,4,2025-12-26 03:03:24,store,complete
1325,909,32,2025-06-30 12:41:58,mobile,complete
1326,402,30,2025-03-03 01:59:40,web,complete
1327,326,23,2025-05-02 04:09:04,store,complete
1328,1103,9,2025-05-11 06:44:45,phone,complete
1329,583,2,2025-09-30 11:07:17,phone,complete
1330,1488,1,2025-05-06 22:53:55,store,complete
1331,771,15,2025-09-30 08:21:32,store,cancelled
1332,1269,36,2025-05-30 11:03:26,mobile,complete
1333,836,11,2025-08-30 21:47:50,mobile,complete
1334,1358,10,2025-12-06 12:39:24,phone,complete
1335,168,38,2025-03-19 23:10:58,phone,cancelled
1336,146,40,2025-07-11 06:33:15,phone,complete
1337,561,10,2025-11-12 12:11:24,store,complete
1338,1399,36,2025-07-27 20:50:11,mobile,complete
1339,1177,35,2025-11-10 04:27:30,web,complete
1340,1440,12,2025-02-11 00:50:05,store,complete
1341,989,29,2025-11-19 03:07:41,phone,complete
1342,1413,33,2025-11-16 20:21:49,mobile,cancelled
1343,478,2,2025-04-21 20:12:34,mobile,complete
1344,434,9,2025-10-26 14:19:31,store,complete
1345,212,12,2025-06-10 11:29:51,web,complete
1346,81,34,2025-03-27 03:32:14,mobile,complete
1347,1394,13,2025-03-11 01:01:44,mobile,cancelled
1348,783,15,2025-12-18 18:26:03,mobile,complete
1349,303,33,2025-01-07 21:25:21,web,returned
1350,630,7,2025-12-08 20:12:22,mobile,complete
1351,972,32,2025-10-17 05:00:36,mobile,returned
1352,1073,31,2025-11-02 04:38:06,mobile,complete
1353,1034,12,2025-06-27 02:06:58,phone,complete
1354,423,6,2025-02-08 18:16:24,mobile,cancelled
1355,398,2,2025-10-22 10:11:36,mobile,returned
1356,1202,22,2025-04-04 17:31:02,store,complete
1357,1464,31,2025-08-18 22:19:50,mobile,returned
1358,1335,9,2025-10-01 12:12:29,web,complete
1359,666,37,2025-08-30 16:05:23,phone,returned
1360,1356,4,2025-06-03 10:42:52,store,complete
1361,95,37,2025-09-29 13:48:24,phone,returned
1362,1454,19,2025-12-07 10:13:29,phone,returned
1363,141,12,2025-09-11 10:03:56,store,complete
1364,1106,32,2025-06-22 12:57:57,store,complete
1365,951,6,2025-09-14 11:01:09,web,returned
1366,493,10,2025-05-16 06:03:48,store,returned
1367,507,39,2025-04-26 13:13:32,phone,returned
1368,1305,26,2025-03-10 08:56:55,phone,complete
1369,37,4,2025-09-11 04:34:25,phone,complete
1370,1146,7,2025-02-05 02:38:39,store,complete
1371,1056,31,2025-09-28 16:15:35,web,complete
1372,666,36,2025-03-13 02:26:09,phone,complete
1373,594,27,2025-01-08 15:43:26,store,complete
1374,188,9,2025-10-16 02:32:21,web,cancelled
1375,1269,39,2025-03-02 18:47:17,store,complete
1376,343,10,2025-08-01 09:49:53,store,cancelled
1377,1141,18,2025-06-10 03:28:30,mobile,complete
1378,278,36,2025-05-18 06:08:21,web,cancelled
1379,5,36,2025-12-18 06:21:47,phone,returned
1380,497,15,2025-04-27 15:27:07,phone,returned
1381,335,10,2025-11-05 01:17:16,phone,complete
1382,734,1,2025-04-09 01:27:23,phone,complete
1383,679,32,2025-10-07 21:22:32,store,returned
1384,683,33,2025-10-18 07:16:45,mobile,complete
1385,143,28,2025-04-05 10:23:59,mobile,complete
1386,1021,24,2025-05-29 22:22:06,web,cancelled
1387,1451,2,2025-12-23 13:43:44,web,complete
1388,418,19,2025-06-08 17:49:26,store,returned
1389,936,22,2025-04-02 22:37:39,store,complete
1390,1274,32,2025-10-24 16:07:49,mobile,returned
1391,949,2,2025-08-10 01:30:19,phone,cancelled
1392,1182,11,2025-05-15 05:31:16,mobile,returned
1393,373,18,2025-11-08 06:57:25,mobile,cancelled
1394,1253,1,2025-05-22 14:00:15,store,returned
1395,75,30,2025-10-15 16:22:58,web,complete
1396,1246,16,2025-08-03 16:22:56,phone,complete
1397,1289,3,2025-11-18 21:41:38,mobile,cancelled
1398,367,13,2025-07-28 01:22:02,phone,returned
1399,227,1,2025-05-04 16:10:56,phone,returned
1400,1080,10,2025-01-19 01:05:07,web,complete
1401,871,1,2025-07-23 02:41:05,web,returned
1402,1260,38,2025-02-23 12:11:35,store,returned
1403,1381,20,2025-08-31 06:22:37,store,complete
1404,510,26,2025-03-24 00:12:26,store,returned
1405,220,32,2025-01-15 21:44:28,store,complete
1406,1393,27,2025-06-05 21:06:37,store,cancelled
1407,1248,2,2025-04-17 02:38:36,phone,returned
1408,912,27,2025-07-27 02:45:17,web,complete
1409,1351,33,2025-06-25 16:56:15,phone,complete
1410,976,3,2025-12-14 02:52:41,mobile,complete
1411,420,28,2025-04-12 10:53:40,mobile,complete
1412,575,39,2025-07-16 12:05:20,phone,returned
1413,373,20,2025-12-16 02:51:41,store,returned
1414,436,19,2025-03-02 03:58:55,mobile,complete
1415,826,23,2025-01-29 02:45:43,web,cancelled
1416,1008,11,2025-07-02 20:17:44,web,complete
1417,936,31,2025-03-03 11:59:50,phone,complete
1418,1325,19,2025-10-24 01:18:10,phone,cancelled
1419,423,3,2025-03-16 07:52:50,web,returned
1420,453,7,2025-09-12 01:26:50,mobile,complete
1421,160,8,2025-05-18 07:53:50,mobile,complete
1422,415,16,2025-10-05 23:02:06,phone,complete
1423,328,22,2025-02-10 16:29:04,store,returned
1424,1092,23,2025-03-13 10:24:10,phone,cancelled
1425,511,31,2025-03-18 02:31:25,web,cancelled
1426,784,26,2025-03-10 18:31:38,phone,complete
1427,1058,15,2025-07-26 23:26:55,web,complete
1428,828,39,2025-04-15 04:24:57,phone,cancelled
1429,1093,23,2025-05-20 14:33:26,mobile,complete
1430,1143,30,2025-01-13 04:11:28,web,complete
1431,1144,1,2025-04-20 19:26:55,store,complete
1432,108,6,2025-05-02 07:36:53,phone,complete
1433,376,12,2025-11-11 08:38:33,phone,complete
1434,1086,6,2025-09-26 09:29:53,phone,complete
1435,1446,23,2025-03-03 02:07:15,phone,complete
1436,1094,7,2025-01-22 02:19:19,phone,returned
1437,1011,29,2025-04-22 16:08:47,web,complete
1438,903,8,2025-05-03 16:28:48,phone,cancelled
1439,668,33,2025-05-02 01:45:26,mobile,complete
1440,1127,26,2025-12-09 21:31:50,web,returned
1441,1042,11,2025-01-12 12:01:02,store,complete
1442,1476,21,2025-04-23 22:10:04,store,returned
1443,154,8,2025-04-09 10:35:40,phone,complete
1444,1426,22,2025-08-27 05:07:51,store,complete
1445,653,28,2025-04-10 20:32:13,mobile,complete
1446,547,7,2025-10-21 22:57:08,web,returned
1447,240,21,2025-09-04 05:17:39,mobile,complete
1448,355,24,2025-11-21 22:27:05,store,complete
1449,1185,21,2025-08-30 07:40:06,phone,cancelled
1450,1211,18,2025-06-23 13:31:37,store,returned
1451,1441,12,2025-04-22 20:32:31,web,returned
1452,475,16,2025-02-01 13:52:17,store,complete
1453,484,34,2025-11-27 14:48:31,mobile,returned
1454,326,13,2025-05-03 13:07:25,phone,complete
1455,590,8,2025-05-24 13:04:12,phone,complete
1456,1246,32,2025-07-11 23:51:53,store,returned
1457,504,34,2025-10-08 06:21:38,web,returned
1458,408,15,2025-11-29 11:26:59,store,complete
1459,563,31,2025-01-05 15:15:54,mobile,cancelled
1460,1237,20,2025-04-15 20:10:48,store,cancelled
1461,1238,8,2025-02-07 04:09:21,store,complete
1462,720,20,2025-01-13 02:33:29,phone,returned
1463,1220,18,2025-07-11 03:12:52,phone,cancelled
1464,226,37,2025-11-03 07:50:31,web,returned
1465,1109,37,2025-09-03 01:34:30,store,complete
1466,1183,9,2025-01-18 12:12:40,phone,complete
1467,772,15,2025-05-30 08:38:18,phone,cancelled
1468,25,35,2025-02-08 08:06:01,phone,cancelled
1469,1443,24,2025-12-18 03:36:22,web,complete
1470,1431,31,2025-01-08 10:04:12,web,complete
1471,384,24,2025-06-07 18:52:47,web,complete
1472,844,37,2025-05-09 02:54:04,web,complete
1473,1100,31,2025-11-29 17:32:56,phone,complete
1474,1351,27,2025-04-20 20:24:45,mobile,cancelled
1475,547,29,2025-09-03 17:19:56,store,complete
1476,1239,17,2025-12-15 09:01:25,phone,complete
1477,252,37,2025-02-08 16:29:11,phone,complete
1478,1368,13,2025-12-14 05:52:34,mobile,complete
1479,1212,23,2025-06-13 06:58:25,phone,complete
1480,1100,8,2025-04-16 12:21:02,web,complete
1481,1121,17,2025-12-19 00:45:36,mobile,cancelled
1482,416,1,2025-10-03 04:27:57,mobile,complete
1483,1443,12,2025-10-30 02:15:23,phone,returned
1484,995,23,2025-03-28 23:13:04,phone,returned
1485,982,40,2025-07-05 00:40:03,web,returned
1486,1417,19,2025-02-07 22:20:29,web,complete
1487,88,16,2025-01-27 11:24:09,web,cancelled
1488,429,15,2025-08-07 14:26:40,web,complete
1489,1210,33,2025-04-27 11:21:37,phone,complete
1490,922,11,2025-05-19 22:28:18,web,complete
1491,1067,10,2025-06-03 05:42:19,phone,returned
1492,1098,17,2025-07-13 08:25:24,phone,cancelled
1493,413,19,2025-02-08 23:09:41,mobile,returned
1494,304,39,2025-10-29 05:02:20,mobile,complete
1495,260,21,2025-07-18 12:19:53,mobile,complete
1496,1291,13,2025-02-05 20:04:12,phone,complete
1497,187,1,2025-02-07 22:41:30,mobile,cancelled
1498,957,5,2025-03-23 01:22:29,phone,complete
1499,615,16,2025-05-13 13:59:57,web,complete
1500,343,31,2025-06-07 18:22:48,store,complete
1501,590,4,2025-05-31 05:08:39,mobile,cancelled
1502,264,20,2025-08-07 03:57:14,web,returned
1503,812,32,2025-01-17 07:49:41,store,returned
1504,310,40,2025-12-25 23:39:55,mobile,complete
1505,669,10,2025-04-09 22:46:59,web,returned
1506,1356,30,2025-06-02 00:25:42,phone,complete
1507,13,29,2025-12-21 09:57:03,phone,cancelled
1508,997,28,2025-07-09 13:27:33,store,complete
1509,343,8,2025-05-21 17:37:46,store,returned
1510,897,38,2025-10-13 06:10:12,web,complete
1511,820,32,2025-11-16 22:23:45,web,complete
1512,345,37,2025-06-07 14:58:37,mobile,cancelled
1513,45,25,2025-08-27 15:02:12,mobile,complete
1514,124,4,2025-09-06 10:38:24,web,returned
1515,990,4,2025-03-29 10:30:16,mobile,returned
1516,643,30,2025-12-10 03:32:29,web,complete
1517,1417,35,2025-12-27 05:57:11,mobile,returned
1518,1168,11,2025-07-14 17:08:24,mobile,complete
1519,755,11,2025-04-09 05:07:28,phone,complete
1520,198,33,2025-01-10 12:28:35,mobile,complete
1521,937,40,2025-02-26 11:13:08,phone,cancelled
1522,842,27,2025-03-19 03:58:12,phone,complete
1523,1292,15,2025-12-14 00:49:48,phone,returned
1524,1356,18,2025-05-25 19:03:06,phone,cancelled
1525,291,13,2025-01-04 01:01:32,mobile,complete
1526,872,28,2025-07-20 01:03:16,mobile,returned
1527,817,14,2025-07-08 13:28:47,store,cancelled
1528,96,37,2025-06-28 19:11:02,web,complete
1529,312,7,2025-01-02 05:38:54,phone,complete
1530,1240,37,2025-05-31 09:01:58,web,complete
1531,362,32,2025-08-17 08:29:46,web,complete
1532,491,8,2025-01-17 00:49:43,web,cancelled
1533,585,17,2025-12-19 18:14:11,phone,cancelled
1534,1440,9,2025-05-31 06:04:25,web,complete
1535,1442,20,2025-03-28 10:30:25,web,cancelled
1536,654,6,2025-05-10 13:41:31,mobile,returned
1537,1099,39,2025-08-22 21:44:19,mobile,complete
1538,1000,9,2025-01-13 10:30:17,mobile,complete
1539,340,17,2025-05-10 18:02:27,phone,returned
1540,515,34,2025-03-05 13:14:35,phone,complete
1541,1474,33,2025-10-15 05:57:03,phone,complete
1542,1424,24,2025-01-02 13:54:29,phone,complete
1543,648,39,2025-11-01 03:50:37,web,cancelled
1544,1467,21,2025-03-12 06:05:27,store,complete
1545,247,27,2025-06-04 02:47:16,mobile,returned
1546,1451,10,2025-05-19 21:04:13,web,complete
1547,779,9,2025-12-23 08:46:44,phone,complete
1548,357,33,2025-05-26 06:00:44,mobile,complete
1549,111,7,2025-06-05 02:21:47,mobile,complete
1550,515,10,2025-08-19 08:29:45,mobile,complete
1551,293,17,2025-09-05 02:39:21,phone,complete
1552,275,9,2025-07-15 06:05:26,store,returned
1553,405,19,2025-07-20 06:50:27,web,complete
1554,805,25,2025-05-17 00:49:41,web,complete
1555,474,8,2025-03-02 14:27:41,store,complete
1556,1135,36,2025-07-16 04:59:36,store,returned
1557,45,26,2025-12-29 04:51:38,store,returned
1558,348,1,2025-10-26 15:32:56,phone,cancelled
1559,444,25,2025-08-08 16:49:17,web,cancelled
1560,1037,37,2025-03-01 15:46:04,store,returned
1561,1129,7,2025-05-21 05:51:24,mobile,complete
1562,879,5,2025-08-28 07:58:00,phone,complete
1563,125,1,2025-05-17 07:52:55,web,complete
1564,403,26,2025-12-20 17:31:54,phone,complete
1565,746,29,2025-08-23 00:33:48,store,complete
1566,262,38,2025-10-02 08:52:37,phone,complete
1567,1127,29,2025-09-16 04:41:43,web,complete
1568,1482,35,2025-06-18 18:24:59,phone,complete
1569,1039,25,2025-09-27 16:08:33,mobile,returned
1570,130,22,2025-01-02 01:18:13,phone,cancelled
1571,714,32,2025-09-05 04:18:38,web,returned
1572,1206,5,2025-09-04 14:07:07,phone,complete
1573,997,30,2025-01-23 09:36:42,mobile,cancelled
1574,950,29,2025-01-13 12:51:59,phone,complete
1575,1282,35,2025-07-17 11:00:35,store,complete
1576,28,3,2025-08-10 07:40:14,phone,complete
1577,934,20,2025-12-31 08:40:10,web,complete
1578,1450,16,2025-07-02 05:06:26,web,complete
1579,1352,4,2025-04-29 00:12:57,phone,complete
1580,1273,37,2025-12-11 08:01:14,web,complete
1581,664,20,2025-12-01 01:02:24,web,returned
1582,398,19,2025-01-03 15:01:57,web,complete
1583,1389,20,2025-09-04 02:12:40,phone,returned
1584,1362,37,2025-01-15 17:14:30,web,complete
1585,1017,32,2025-09-28 19:51:04,phone,complete
1586,207,16,2025-07-22 22:52:09,web,complete
1587,232,14,2025-08-30 18:43:12,mobile,complete
1588,500,10,2025-04-19 06:13:54,store,complete
1589,15,32,2025-03-18 14:45:58,store,complete
1590,98,20,2025-10-31 16:04:30,store,cancelled
1591,492,25,2025-01-08 13:28:05,web,complete
1592,186,27,2025-06-28 17:14:16,mobile,complete
1593,1018,31,2025-12-26 04:26:37,mobile,returned
1594,1496,40,2025-06-01 14:17:25,mobile,returned
1595,27,35,2025-12-07 12:06:24,store,complete
1596,460,39,2025-08-21 13:27:00,mobile,complete
1597,34,20,2025-09-27 12:42:11,store,returned
1598,1478,27,2025-12-21 12:59:23,store,complete
1599,5,36,2025-12-12 11:31:03,phone,complete
1600,1270,33,2025-04-22 03:36:56,mobile,complete
1601,1130,32,2025-11-28 12:51:28,phone,complete
1602,635,30,2025-03-06 12:27:33,web,complete
1603,240,9,2025-01-29 00:38:22,phone,cancelled
1604,54,27,2025-03-26 21:55:12,web,complete
1605,510,7,2025-12-29 19:14:43,web,complete
1606,629,25,2025-08-28 06:45:15,phone,complete
1607,424,27,2025-02-21 06:45:55,mobile,complete
1608,66,38,2025-06-03 17:10:44,phone,complete
1609,777,16,2025-04-02 20:21:07,web,complete
1610,990,34,2025-04-04 15:51:02,web,complete
1611,891,19,2025-09-07 15:38:11,store,complete
1612,237,39,2025-07-22 20:12:20,web,returned
1613,329,33,2025-09-01 14:48:32,mobile,complete
1614,673,6,2025-04-09 01:40:12,mobile,complete
1615,1076,13,2025-05-03 09:16:23,phone,complete
1616,743,4,2025-09-08 11:37:30,web,complete
1617,576,6,2025-06-24 19:17:56,phone,complete
1618,1237,11,2025-11-08 05:09:01,phone,complete
1619,587,30,2025-08-04 13:00:35,mobile,returned
1620,1306,38,2025-08-08 08:10:52,store,complete
1621,242,17,2025-04-03 14:12:35,store,complete
1622,1281,34,2025-01-14 17:14:15,mobile,complete
1623,42,7,2025-10-14 11:08:07,phone,returned
1624,1318,30,2025-01-14 14:15:32,mobile,returned
1625,1257,20,2025-04-06 09:55:59,web,complete
1626,435,40,2025-01-31 14:54:09,web,complete
1627,1185,15,2025-02-28 09:01:11,phone,returned
1628,564,35,2025-01-18 13:50:44,web,complete
1629,638,21,2025-12-28 20:26:53,mobile,returned
1630,856,28,2025-01-04 19:05:47,web,complete
1631,1284,13,2025-09-25 19:02:52,web,cancelled
1632,8,34,2025-11-02 16:26:21,store,complete
1633,1262,7,2025-03-21 00:25:47,store,returned
1634,420,24,2025-09-25 08:07:14,store,complete
1635,1079,11,2025-06-10 15:22:44,mobile,cancelled
1636,1439,37,2025-03-28 17:14:13,web,cancelled
1637,192,22,2025-06-17 16:48:28,store,complete
1638,1248,29,2025-04-30 10:45:57,mobile,returned
1639,294,29,2025-06-28 07:58:44,phone,complete
1640,552,16,2025-07-04 17:10:05,mobile,returned
1641,1010,19,2025-05-02 04:33:37,store,complete
1642,391,40,2025-05-10 06:32:26,web,returned
1643,732,21,2025-11-30 10:34:38,web,complete
1644,376,31,2025-11-05 11:47:52,mobile,cancelled
1645,480,10,2025-08-04 15:14:59,web,complete
1646,993,25,2025-11-18 13:58:00,web,returned
1647,596,26,2025-11-01 23:37:06,web,returned
1648,1244,8,2025-07-19 13:50:04,phone,complete
1649,1393,4,2025-12-03 07:11:02,store,complete
1650,449,18,2025-11-27 01:17:38,mobile,complete
1651,1469,24,2025-02-12 09:26:14,web,complete
1652,1368,25,2025-07-06 04:42:17,store,returned
1653,298,2,2025-11-22 05:55:46,mobile,complete
1654,1340,29,2025-06-06 18:35:29,mobile,complete
1655,1185,28,2025-04-01 01:53:07,web,complete
1656,1068,18,2025-03-14 08:02:50,phone,complete
1657,1045,21,2025-02-05 02:17:01,store,cancelled
1658,1271,2,2025-03-30 16:43:40,mobile,returned
1659,740,26,2025-06-25 11:32:54,phone,complete
1660,471,35,2025-02-16 08:42:10,store,complete
1661,561,17,2025-08-07 16:54:00,mobile,complete
1662,1162,11,2025-07-26 20:31:16,web,complete
1663,687,1,2025-04-16 18:48:05,web,complete
1664,754,28,2025-12-31 12:49:25,mobile,complete
1665,954,19,2025-01-26 08:54:41,web,complete
1666,1440,28,2025-05-24 11:34:11,mobile,complete
1667,589,20,2025-09-20 02:12:28,web,complete
1668,1467,1,2025-07-12 19:46:22,web,complete
1669,724,18,2025-06-12 04:56:50,mobile,complete
1670,753,16,2025-11-04 01:36:44,web,complete
1671,736,17,2025-09-19 06:35:23,web,complete
1672,786,13,2025-08-14 23:02:25,web,complete
1673,844,23,2025-12-31 19:22:28,phone,complete
1674,1288,22,2025-07-07 07:19:58,store,cancelled
1675,1370,36,2025-06-17 20:04:03,mobile,cancelled
1676,298,3,2025-07-08 14:27:58,mobile,complete
1677,472,38,2025-01-09 02:31:10,phone,complete
1678,446,26,2025-07-09 15:15:36,store,cancelled
1679,956,27,2025-04-17 15:20:02,phone,complete
1680,609,14,2025-01-15 15:14:13,phone,complete
1681,1461,16,2025-07-10 20:35:20,phone,cancelled
1682,1487,7,2025-06-27 03:09:42,web,complete
1683,1372,6,2025-11-20 16:23:14,web,cancelled
1684,59,30,2025-11-26 14:03:56,web,complete
1685,477,34,2025-02-24 04:15:01,mobile,complete
1686,65,35,2025-10-25 17:53:53,web,complete
1687,911,21,2025-09-22 15:16:46,phone,returned
1688,987,15,2025-12-21 12:27:55,mobile,complete
1689,1218,27,2025-07-24 06:29:05,phone,complete
1690,1443,30,2025-04-24 07:57:40,store,complete
1691,1452,32,2025-10-06 15:06:43,phone,complete
1692,1010,5,2025-05-17 08:55:36,web,cancelled
1693,521,33,2025-10-28 10:07:28,mobile,complete
1694,119,13,2025-01-11 08:58:30,web,complete
1695,589,7,2025-10-01 08:11:22,phone,returned
1696,316,26,2025-07-25 03:48:37,store,complete
1697,718,23,2025-04-13 20:14:15,store,returned
1698,777,34,2025-02-07 08:26:08,store,cancelled
1699,922,34,2025-11-07 00:28:46,mobile,complete
1700,589,30,2025-01-12 07:50:21,mobile,complete
1701,403,30,2025-06-19 05:05:24,web,returned
1702,837,16,2025-05-01 02:06:21,web,returned
1703,668,30,2025-12-02 16:29:50,store,cancelled
1704,19,7,2025-02-22 07:12:08,phone,returned
1705,1034,19,2025-04-16 09:44:02,phone,cancelled
1706,351,37,2025-04-06 04:32:43,phone,returned
1707,967,12,2025-06-10 19:16:04,web,complete
1708,1430,11,2025-11-02 05:49:59,store,complete
1709,257,24,2025-04-15 12:19:27,web,complete
1710,456,36,2025-08-15 06:28:01,phone,complete
1711,595,26,2025-09-12 07:07:41,store,cancelled
1712,1334,39,2025-09-17 21:47:51,web,cancelled
1713,623,22,2025-11-27 10:07:12,mobile,cancelled
1714,1222,31,2025-04-16 00:46:25,mobile,complete
1715,1298,32,2025-04-21 18:29:09,store,complete
1716,858,27,2025-07-14 06:22:17,web,cancelled
1717,424,19,2025-08-30 01:08:13,mobile,returned
1718,1081,32,2025-12-15 13:40:33,store,complete
1719,1223,39,2025-01-12 12:02:04,web,complete
1720,350,11,2025-03-17 15:15:18,web,complete
1721,826,23,2025-05-15 18:41:57,store,complete
1722,1090,34,2025-03-07 04:02:40,phone,complete
1723,653,8,2025-09-25 17:59:24,mobile,complete
1724,1473,7,2025-11-28 04:12:23,web,cancelled
1725,1486,40,2025-05-16 05:58:47,mobile,cancelled
1726,197,6,2025-07-21 20:54:32,web,complete
1727,1076,17,2025-08-23 17:56:52,store,complete
1728,726,34,2025-09-19 17:09:01,web,cancelled
1729,737,13,2025-09-15 13:57:13,web,complete
1730,1189,16,2025-05-16 08:45:13,mobile,complete
1731,657,23,2025-05-04 23:40:11,phone,complete
1732,873,1,2025-10-31 09:04:52,phone,returned
1733,841,26,2025-04-18 20:39:03,web,returned
1734,295,13,2025-09-17 15:20:02,phone,cancelled
1735,654,31,2025-03-01 17:11:41,store,complete
1736,101,26,2025-12-14 12:47:26,web,complete
1737,677,34,2025-11-03 21:16:05,phone,cancelled
1738,1316,19,2025-01-04 21:35:17,mobile,complete
1739,1345,32,2025-12-03 01:36:40,store,complete
1740,540,5,2025-08-11 23:30:04,web,complete
1741,327,14,2025-03-03 06:00:43,phone,complete
1742,337,15,2025-09-26 11:49:02,store,complete
1743,1240,11,2025-04-13 19:42:57,store,complete
1744,1374,21,2025-05-28 19:45:04,web,returned
1745,122,9,2025-07-08 09:58:00,store,complete
1746,1241,37,2025-07-02 19:10:58,phone,returned
1747,364,34,2025-11-28 17:12:12,store,complete
1748,328,32,2025-09-22 17:17:03,web,cancelled
1749,636,27,2025-12-19 23:21:10,store,cancelled
1750,529,14,2025-10-05 22:37:03,phone,cancelled
1751,1164,12,2025-05-15 03:01:20,phone,complete
1752,1045,19,2025-07-01 02:57:42,mobile,complete
1753,1441,17,2025-12-13 12:56:14,web,complete
1754,690,31,2025-01-14 17:58:33,store,complete
1755,451,10,2025-01-10 02:40:58,phone,complete
1756,158,23,2025-02-28 00:06:33,mobile,complete
1757,370,24,2025-03-05 11:18:26,phone,complete
1758,1055,34,2025-01-31 19:25:21,web,complete
1759,1332,5,2025-11-18 00:42:47,web,complete
1760,660,4,2025-12-11 22:24:08,mobile,complete
1761,199,24,2025-10-10 16:53:33,phone,cancelled
1762,794,5,2025-05-09 23:41:16,phone,complete
1763,178,28,2025-03-09 15:20:39,phone,complete
1764,1141,12,2025-05-04 08:13:05,mobile,complete
1765,737,12,2025-04-27 18:10:42,web,cancelled
1766,130,2,2025-11-12 02:12:46,web,complete
1767,759,3,2025-02-27 17:30:38,phone,returned
1768,187,3,2025-05-10 19:39:57,web,complete
1769,26,32,2025-01-02 04:22:42,store,complete
1770,266,9,2025-05-29 02:29:45,phone,complete
1771,469,14,2025-11-13 23:45:58,mobile,complete
1772,781,4,2025-09-21 14:39:26,web,cancelled
1773,992,19,2025-05-02 00:35:46,web,cancelled
1774,1431,33,2025-02-12 13:09:36,mobile,cancelled
1775,91,18,2025-03-15 02:51:05,phone,complete
1776,450,38,2025-01-23 20:52:29,store,returned
1777,746,5,2025-12-12 02:24:26,mobile,complete
1778,58,14,2025-07-11 07:10:23,web,complete
1779,1359,40,2025-01-10 13:10:24,phone,complete
1780,506,38,2025-04-23 05:01:08,phone,complete
1781,298,28,2025-02-10 15:27:12,web,complete
1782,1211,38,2025-05-04 03:14:54,phone,cancelled
1783,1233,19,2025-08-05 02:33:59,phone,returned
1784,1410,4,2025-07-18 21:01:42,mobile,returned
1785,29,11,2025-04-21 21:09:14,store,returned
1786,252,28,2025-07-11 01:12:22,phone,complete
1787,567,3,2025-09-01 20:57:05,mobile,complete
1788,1381,34,2025-06-01 23:12:08,web,complete
1789,50,31,2025-01-07 11:13:50,phone,cancelled
1790,797,18,2025-10-20 15:48:10,web,cancelled
1791,705,10,2025-12-10 03:15:16,mobile,complete
1792,434,21,2025-07-08 00:43:02,phone,complete
1793,1400,21,2025-06-19 14:40:31,phone,complete
1794,461,4,2025-10-24 02:45:37,phone,complete
1795,135,38,2025-03-02 05:29:23,mobile,returned
1796,508,20,2025-12-31 15:10:25,phone,complete
1797,786,12,2025-08-10 09:26:19,store,returned
1798,1439,33,2025-10-21 14:17:59,store,cancelled
1799,408,4,2025-11-29 10:51:08,mobile,returned
1800,457,40,2025-09-14 22:15:40,web,complete
1801,543,36,2025-05-04 11:13:44,mobile,complete
1802,1113,11,2025-04-30 08:38:12,phone,returned
1803,144,32,2025-03-24 04:30:46,phone,returned
1804,1097,26,2025-03-08 21:53:04,web,cancelled
1805,900,29,2025-02-05 17:31:23,mobile,cancelled
1806,666,5,2025-03-28 11:45:35,phone,complete
1807,407,5,2025-08-05 11:04:47,web,cancelled
1808,266,14,2025-02-07 17:53:15,phone,complete
1809,549,12,2025-11-13 15:37:00,web,complete
1810,1078,3,2025-04-01 06:48:07,web,returned
1811,703,24,2025-05-31 19:42:23,store,returned
1812,950,29,2025-10-23 16:22:06,store,cancelled
1813,672,10,2025-08-28 05:26:46,store,complete
1814,1432,22,2025-01-20 11:17:08,phone,cancelled
1815,488,33,2025-02-28 15:38:49,store,cancelled
1816,1427,25,2025-07-19 04:10:57,web,complete
1817,1190,2,2025-01-31 18:36:48,store,complete
1818,1434,40,2025-02-20 12:10:46,web,returned
1819,845,37,2025-04-28 12:42:25,store,returned
1820,242,6,2025-05-13 04:05:01,store,returned
1821,445,18,2025-12-14 12:41:41,phone,complete
1822,994,12,2025-12-27 00:53:09,mobile,cancelled
1823,1298,14,2025-03-05 07:06:56,mobile,complete
1824,352,5,2025-07-17 00:56:34,mobile,cancelled
1825,1093,2,2025-03-25 05:55:15,phone,returned
1826,1046,17,2025-07-22 03:25:44,phone,cancelled
1827,160,36,2025-02-09 05:10:30,store,returned
1828,1491,7,2025-10-09 01:41:25,store,complete
1829,1302,25,2025-02-26 17:49:26,mobile,complete
1830,1392,13,2025-09-14 20:07:59,store,complete
1831,706,33,2025-04-01 22:43:42,store,complete
1832,1181,6,2025-12-23 01:49:59,web,complete
1833,1477,30,2025-12-18 17:35:03,store,complete
1834,641,26,2025-12-13 00:03:23,store,complete
1835,614,11,2025-07-23 18:38:18,web,returned
1836,277,4,2025-11-20 09:07:25,mobile,cancelled
1837,856,22,2025-05-11 13:09:34,web,cancelled
1838,451,9,2025-08-03 06:07:32,mobile,complete
1839,881,21,2025-10-28 22:53:53,web,complete
1840,497,2,2025-01-06 21:44:56,web,complete
1841,773,40,2025-02-23 15:07:19,store,returned
1842,1028,28,2025-11-02 08:29:05,mobile,cancelled
1843,1441,12,2025-02-19 18:19:16,web,complete
1844,847,37,2025-10-09 13:16:02,store,complete
1845,935,40,2025-12-08 15:25:30,phone,complete
1846,249,8,2025-05-24 17:19:36,phone,cancelled
1847,153,18,2025-06-29 07:13:45,phone,complete
1848,1014,39,2025-11-17 16:37:24,store,returned
1849,1052,8,2025-02-16 10:05:24,web,returned
1850,860,9,2025-06-29 17:43:34,store,complete
1851,483,22,2025-04-18 16:29:23,mobile,complete
1852,45,5,2025-07-08 07:54:44,store,complete
1853,117,24,2025-05-23 03:37:18,mobile,complete
1854,489,29,2025-04-30 12:56:37,store,cancelled
1855,240,18,2025-07-19 10:36:49,phone,returned
1856,894,40,2025-03-17 18:43:16,store,complete
1857,773,35,2025-07-21 21:13:40,mobile,complete
1858,129,27,2025-02-25 20:09:06,store,complete
1859,1081,38,2025-11-04 20:21:08,store,cancelled
1860,479,18,2025-12-16 01:38:36,store,complete
1861,1043,30,2025-03-07 09:20:37,store,complete
1862,73,6,2025-07-08 19:12:27,phone,returned
1863,1209,15,2025-05-22 09:44:59,store,complete
1864,67,26,2025-09-11 14:16:19,store,complete
1865,633,8,2025-12-26 17:26:15,store,returned
1866,447,38,2025-08-10 16:17:27,phone,complete
1867,113,10,2025-08-26 04:17:55,phone,complete
1868,73,22,2025-01-05 02:53:46,store,complete
1869,910,18,2025-10-27 16:02:05,mobile,returned
1870,397,12,2025-09-19 11:29:48,phone,returned
1871,330,9,2025-12-08 21:20:41,store,complete
1872,895,6,2025-07-10 06:45:08,phone,complete
1873,643,4,2025-07-19 12:44:30,store,complete
1874,935,25,2025-09-08 06:42:15,web,cancelled
1875,1037,6,2025-04-13 20:42:58,store,complete
1876,1318,12,2025-09-03 00:02:11,store,returned
1877,1177,6,2025-10-31 16:35:05,mobile,cancelled
1878,399,29,2025-02-26 22:20:13,mobile,complete
1879,420,10,2025-02-09 13:51:27,mobile,complete
1880,830,7,2025-02-03 03:28:04,phone,complete
1881,743,10,2025-09-07 02:21:28,phone,returned
1882,947,14,2025-06-18 00:24:50,mobile,complete
1883,352,19,2025-08-24 18:33:42,web,returned
1884,335,12,2025-02-26 08:40:08,web,complete
1885,463,7,2025-06-26 04:48:10,mobile,complete
1886,1083,7,2025-01-10 11:23:04,mobile,complete
1887,174,39,2025-09-19 15:25:02,web,returned
1888,1450,33,2025-12-16 07:32:28,store,complete
1889,333,3,2025-06-04 14:11:10,store,cancelled
1890,397,24,2025-04-24 22:06:00,store,complete
1891,619,16,2025-03-29 23:17:22,phone,complete
1892,1039,34,2025-11-13 15:09:50,mobile,complete
1893,1463,25,2025-12-12 04:51:35,phone,cancelled
1894,673,15,2025-07-30 07:09:52,mobile,complete
1895,293,23,2025-12-29 15:10:34,web,cancelled
1896,264,14,2025-02-27 16:45:46,phone,returned
1897,1171,26,2025-10-01 06:08:58,store,complete
1898,1149,32,2025-02-07 15:40:19,web,returned
1899,1227,27,2025-04-02 10:45:21,web,cancelled
1900,1289,8,2025-04-13 06:12:53,store,complete
1901,893,10,2025-05-01 21:21:22,store,cancelled
1902,1299,39,2025-07-09 17:09:59,mobile,complete
1903,833,3,2025-04-16 14:43:16,web,complete
1904,695,29,2025-04-10 16:45:20,phone,complete
1905,864,35,2025-04-20 23:36:01,mobile,complete
1906,672,6,2025-03-22 22:55:42,web,complete
1907,270,32,2025-09-23 04:37:23,phone,complete
1908,1040,8,2025-08-01 10:51:29,store,complete
1909,1206,25,2025-06-29 03:40:48,web,complete
1910,1097,1,2025-10-27 04:13:42,store,complete
1911,141,5,2025-08-24 05:45:27,store,complete
1912,900,11,2025-04-29 21:39:48,web,complete
1913,1414,24,2025-10-25 21:56:06,phone,complete
1914,417,29,2025-05-30 03:07:43,mobile,complete
1915,693,20,2025-08-02 19:40:09,mobile,returned
1916,304,11,2025-02-09 21:02:02,phone,returned
1917,1209,16,2025-08-11 23:39:36,web,complete
1918,471,2,2025-11-06 10:17:55,store,complete
1919,393,8,2025-12-18 21:28:32,store,returned
1920,798,36,2025-03-10 18:32:29,mobile,returned
1921,961,19,2025-10-26 21:38:18,mobile,cancelled
1922,267,36,2025-06-07 23:57:48,mobile,complete
1923,951,33,2025-06-27 05:39:29,web,complete
1924,962,10,2025-10-24 07:54:48,phone,complete
1925,603,25,2025-12-08 07:27:59,store,returned
1926,1063,17,2025-08-18 04:14:13,phone,complete
1927,1435,15,2025-05-09 17:46:21,mobile,cancelled
1928,293,1,2025-08-10 21:17:35,web,complete
1929,723,1,2025-04-20 10:52:57,mobile,cancelled
1930,1165,19,2025-11-12 23:42:43,web,cancelled
1931,1378,4,2025-08-11 19:53:02,store,returned
1932,1320,25,2025-09-13 07:07:07,web,returned
1933,1367,21,2025-10-29 12:17:31,mobile,cancelled
1934,1196,12,2025-07-13 03:27:39,phone,complete
1935,770,31,2025-03-21 19:21:02,mobile,cancelled
1936,549,35,2025-10-13 15:05:18,phone,cancelled
1937,459,7,2025-04-14 06:49:41,store,complete
1938,328,32,2025-07-15 10:23:12,phone,cancelled
1939,390,4,2025-11-19 13:09:59,store,complete
1940,77,19,2025-02-24 20:22:10,mobile,cancelled
1941,216,16,2025-07-12 00:22:07,phone,complete
1942,506,15,2025-04-06 12:13:27,mobile,cancelled
1943,396,6,2025-02-05 21:21:24,phone,returned
1944,647,22,2025-09-17 08:31:08,store,returned
1945,1437,7,2025-02-10 17:29:07,store,complete
1946,1282,6,2025-11-23 22:36:42,mobile,cancelled
1947,596,25,2025-05-07 10:27:43,web,complete
1948,679,25,2025-05-04 11:59:32,web,cancelled
1949,589,34,2025-03-26 23:15:37,store,returned
1950,5,14,2025-11-27 19:26:38,store,complete
1951,116,28,2025-04-02 17:37:06,store,complete
1952,785,34,2025-03-15 11:22:32,phone,complete
1953,1205,39,2025-04-20 04:28:54,mobile,complete
1954,577,13,2025-03-19 20:33:18,mobile,complete
1955,113,37,2025-09-20 03:16:14,store,complete
1956,181,30,2025-03-29 08:53:19,web,returned
1957,702,17,2025-07-06 11:03:21,store,cancelled
1958,694,8,2025-08-09 22:32:52,store,returned
1959,1288,30,2025-07-11 11:07:44,mobile,complete
1960,1068,29,2025-06-01 09:41:16,web,complete
1961,1335,31,2025-09-07 16:15:56,store,cancelled
1962,840,33,2025-01-29 22:41:09,phone,complete
1963,348,15,2025-06-21 03:15:39,web,complete
1964,902,22,2025-11-14 05:35:29,mobile,returned
1965,119,14,2025-05-30 11:19:01,mobile,complete
1966,944,31,2025-06-01 09:34:38,web,returned
1967,324,19,2025-10-09 04:44:25,store,complete
1968,1215,4,2025-05-26 19:21:57,mobile,complete
1969,873,22,2025-04-02 02:10:50,mobile,complete
1970,1149,15,2025-06-15 21:24:26,mobile,complete
1971,367,38,2025-09-09 15:34:50,web,complete
1972,1038,34,2025-12-01 17:01:19,phone,returned
1973,1009,7,2025-01-08 20:57:03,web,complete
1974,938,18,2025-11-03 22:58:30,web,cancelled
1975,1407,30,2025-02-09 08:34:14,mobile,returned
1976,37,26,2025-09-05 11:45:00,phone,returned
1977,867,7,2025-01-02 06:07:58,mobile,complete
1978,1396,3,2025-05-04 17:51:22,web,complete
1979,877,30,2025-06-19 11:15:52,phone,complete
1980,979,15,2025-11-21 15:34:41,store,cancelled
1981,1344,22,2025-07-16 20:21:58,phone,complete
1982,625,11,2025-12-16 22:23:37,web,cancelled
1983,6,11,2025-04-25 08:00:00,store,complete
1984,1016,32,2025-02-18 12:35:37,store,complete
1985,33,16,2025-02-11 02:44:57,phone,returned
1986,97,20,2025-08-26 17:33:04,phone,complete
1987,1385,28,2025-09-10 17:22:24,mobile,cancelled
1988,1447,33,2025-11-26 14:29:37,mobile,complete
1989,582,35,2025-09-03 06:42:10,mobile,complete
1990,882,27,2025-05-07 17:52:47,mobile,complete
1991,1375,10,2025-09-16 01:57:08,web,complete
1992,201,8,2025-12-26 08:59:04,web,complete
1993,777,3,2025-08-13 00:41:00,web,returned
1994,85,39,2025-08-05 04:28:14,web,complete
1995,773,26,2025-08-08 18:11:51,mobile,complete
1996,903,29,2025-06-12 00:24:45,store,complete
1997,1358,33,2025-12-02 18:34:12,phone,complete
1998,582,25,2025-12-12 02:26:47,web,complete
1999,367,20,2025-05-10 14:35:18,phone,cancelled
2000,248,31,2025-06-23 00:34:37,mobile,complete
2001,1353,12,2025-11-26 22:43:43,store,complete
2002,415,24,2025-06-05 11:10:22,store,returned
2003,1022,23,2025-02-17 08:23:34,phone,complete
2004,156,30,2025-12-28 21:05:43,web,complete
2005,633,35,2025-12-15 04:56:54,store,complete
2006,459,8,2025-06-17 04:11:16,web,complete
2007,758,7,2025-05-03 03:16:08,store,returned
2008,1457,9,2025-10-12 14:21:36,mobile,returned
2009,64,11,2025-05-31 05:36:53,store,complete
2010,388,10,2025-08-19 22:57:10,web,returned
2011,66,1,2025-06-30 06:42:39,mobile,complete
2012,503,16,2025-10-02 02:26:37,phone,complete
2013,775,2,2025-06-27 06:44:08,phone,returned
2014,884,17,2025-07-12 19:16:20,mobile,complete
2015,148,36,2025-09-14 08:27:39,store,complete
2016,238,40,2025-07-27 11:54:18,phone,cancelled
2017,1170,3,2025-07-21 22:02:20,phone,returned
2018,776,6,2025-07-09 07:45:43,phone,complete
2019,411,23,2025-05-14 02:04:19,store,returned
2020,976,22,2025-02-12 19:36:32,phone,complete
2021,53,13,2025-03-20 07:50:44,mobile,returned
2022,724,20,2025-10-03 07:03:22,mobile,cancelled
2023,1077,18,2025-11-16 00:08:10,web,complete
2024,496,35,2025-07-10 10:44:46,mobile,complete
2025,976,24,2025-10-29 13:50:06,phone,complete
2026,862,29,2025-11-29 00:47:47,phone,returned
2027,253,34,2025-03-14 05:44:22,web,complete
2028,305,4,2025-03-24 00:12:06,web,complete
2029,606,31,2025-07-17 14:07:26,phone,cancelled
2030,1049,39,2025-11-24 05:45:46,mobile,returned
2031,1128,34,2025-06-04 10:55:01,phone,cancelled
2032,505,14,2025-05-11 23:56:50,store,cancelled
2033,1297,27,2025-12-02 02:38:24,web,complete
2034,1122,25,2025-03-01 03:54:08,web,complete
2035,273,23,2025-10-15 18:57:50,store,cancelled
2036,402,4,2025-01-13 09:11:57,mobile,cancelled
2037,368,5,2025-10-23 00:23:26,phone,returned
2038,1098,22,2025-01-08 16:24:58,phone,cancelled
2039,1461,21,2025-02-05 18:06:15,phone,returned
2040,1170,24,2025-09-28 09:57:32,phone,returned
2041,1487,39,2025-11-02 22:11:20,web,returned
2042,628,20,2025-05-11 19:30:59,store,returned
2043,653,28,2025-12-15 18:45:57,mobile,cancelled
2044,617,39,2025-10-03 20:38:57,store,complete
2045,1146,31,2025-01-10 22:55:26,store,returned
2046,886,21,2025-03-25 06:00:52,web,cancelled
2047,44,17,2025-01-30 12:36:18,store,complete
2048,640,21,2025-05-24 15:25:16,phone,complete
2049,1263,10,2025-11-09 19:28:10,web,returned
2050,988,36,2025-07-18 23:37:12,store,cancelled
2051,800,12,2025-10-16 11:11:29,store,complete
2052,532,31,2025-07-31 01:02:30,phone,complete
2053,1062,10,2025-10-07 11:16:11,store,returned
2054,952,29,2025-09-18 11:16:17,store,cancelled
2055,1307,37,2025-03-30 10:04:20,store,complete
2056,890,8,2025-01-22 11:44:02,store,complete
2057,1206,35,2025-04-17 07:28:34,web,cancelled
2058,333,26,2025-09-14 12:29:42,mobile,complete
2059,1318,40,2025-11-12 06:28:26,phone,returned
2060,738,16,2025-05-29 05:43:53,mobile,cancelled
2061,547,16,2025-01-14 06:13:02,web,complete
2062,733,7,2025-04-08 22:09:05,mobile,complete
2063,496,38,2025-12-14 01:53:00,store,complete
2064,1026,26,2025-08-08 00:56:34,store,complete
2065,473,27,2025-12-17 20:45:53,web,complete
2066,1187,38,2025-08-22 23:40:45,phone,complete
2067,1300,7,2025-02-28 03:57:15,phone,complete
2068,35,39,2025-12-06 09:14:18,store,cancelled
2069,509,2,2025-11-30 04:12:52,web,complete
2070,771,4,2025-06-11 23:11:11,phone,complete
2071,346,37,2025-11-24 12:25:21,web,complete
2072,1044,28,2025-12-19 01:21:57,mobile,returned
2073,530,32,2025-06-24 18:28:16,store,cancelled
2074,848,11,2025-04-08 01:08:55,phone,cancelled
2075,111,24,2025-12-19 09:45:37,mobile,complete
2076,1099,30,2025-08-30 04:05:30,mobile,cancelled
2077,955,10,2025-12-20 16:20:01,phone,returned
2078,917,15,2025-07-13 06:12:17,phone,returned
2079,407,12,2025-05-29 01:01:08,phone,complete
2080,469,13,2025-02-03 16:07:28,mobile,complete
2081,385,12,2025-03-30 00:38:52,web,returned
2082,34,34,2025-06-23 18:19:39,mobile,returned
2083,1108,38,2025-08-11 00:58:42,web,returned
2084,1334,9,2025-04-23 09:20:13,web,complete
2085,824,25,2025-08-27 01:46:57,web,complete
2086,16,40,2025-02-04 10:05:35,store,complete
2087,1307,24,2025-07-07 03:50:32,web,complete
2088,1220,17,2025-04-04 16:33:17,web,returned
2089,533,2,2025-09-15 11:34:57,web,returned
2090,1447,25,2025-04-03 21:07:24,store,returned
2091,744,4,2025-04-12 15:24:20,store,complete
2092,433,20,2025-11-24 13:42:02,mobile,complete
2093,356,30,2025-04-10 03:11:22,web,complete
2094,967,20,2025-10-06 12:39:08,web,complete
2095,1226,39,2025-05-04 23:05:24,mobile,complete
2096,984,32,2025-06-08 09:21:19,phone,complete
2097,1170,14,2025-11-17 05:08:28,mobile,complete
2098,487,3,2025-08-31 01:10:38,store,complete
2099,48,28,2025-07-26 19:55:55,store,complete
2100,482,2,2025-03-05 01:04:14,store,complete
2101,224,17,2025-02-19 03:40:21,store,returned
2102,1115,35,2025-12-01 17:13:55,phone,returned
2103,777,23,2025-11-05 00:11:48,mobile,returned
2104,456,36,2025-02-08 21:54:04,mobile,complete
2105,487,22,2025-06-16 19:15:31,mobile,complete
2106,1426,37,2025-04-23 18:39:00,phone,complete
2107,1130,21,2025-07-21 20:04:10,phone,complete
2108,813,6,2025-04-29 07:58:42,mobile,returned
2109,122,10,2025-06-29 00:21:17,mobile,cancelled
2110,463,17,2025-12-17 03:42:42,store,complete
2111,794,36,2025-06-18 06:05:59,web,returned
2112,665,1,2025-05-20 03:20:52,web,cancelled
2113,160,12,2025-03-08 16:54:47,phone,complete
2114,1039,19,2025-10-02 21:31:13,mobile,complete
2115,44,37,2025-02-08 00:28:01,web,complete
2116,1383,30,2025-08-16 22:28:46,web,cancelled
2117,267,29,2025-01-22 07:28:40,store,complete
2118,79,8,2025-05-06 13:39:38,store,complete
2119,957,18,2025-06-22 20:04:02,mobile,complete
2120,318,27,2025-09-12 18:25:51,phone,complete
2121,558,5,2025-05-19 04:08:17,phone,complete
2122,445,22,2025-02-02 09:59:29,mobile,complete
2123,1355,29,2025-10-24 00:40:05,store,complete
2124,1382,32,2025-01-01 01:08:57,phone,complete
2125,707,17,2025-06-28 17:33:04,store,complete
2126,909,13,2025-11-15 21:30:56,phone,complete
2127,1166,31,2025-08-26 08:49:01,phone,returned
2128,387,27,2025-09-16 18:15:37,phone,complete
2129,473,35,2025-04-20 23:15:35,mobile,complete
2130,25,37,2025-12-21 19:22:36,phone,returned
2131,96,28,2025-08-09 18:22:36,web,complete
2132,158,6,2025-03-13 11:05:30,web,complete
2133,1064,10,2025-02-27 03:42:06,store,complete
2134,1138,31,2025-12-24 00:57:01,store,cancelled
2135,411,9,2025-08-19 08:37:11,phone,returned
2136,352,2,2025-05-29 09:39:17,web,complete
2137,11,34,2025-04-16 12:17:06,store,complete
2138,48,22,2025-01-01 12:07:02,phone,complete
2139,1475,17,2025-10-24 00:05:58,web,returned
2140,526,9,2025-04-04 09:52:10,web,complete
2141,771,39,2025-04-14 23:37:36,web,complete
2142,948,19,2025-11-02 18:50:44,mobile,returned
2143,401,39,2025-09-10 00:01:44,web,complete
2144,777,38,2025-06-04 06:16:26,store,cancelled
2145,183,26,2025-07-12 07:24:01,phone,returned
2146,1262,36,2025-04-17 15:56:40,phone,cancelled
2147,418,34,2025-03-05 22:16:18,web,complete
2148,674,20,2025-05-29 06:32:32,phone,cancelled
2149,628,24,2025-01-03 19:24:29,web,complete
2150,10,25,2025-09-30 22:57:20,web,returned
2151,1171,7,2025-07-27 14:23:56,phone,cancelled
2152,1057,11,2025-02-02 05:04:25,store,cancelled
2153,166,27,2025-01-03 22:55:14,mobile,cancelled
2154,226,35,2025-11-05 06:27:40,mobile,cancelled
2155,730,25,2025-05-15 13:14:41,phone,complete
2156,86,32,2025-01-07 23:17:48,web,cancelled
2157,793,30,2025-06-13 12:16:56,web,complete
2158,1153,28,2025-09-19 02:14:52,store,complete
2159,544,15,2025-12-16 22:09:17,store,complete
2160,1490,37,2025-09-14 20:36:08,web,complete
2161,1181,13,2025-10-26 09:39:23,phone,complete
2162,1085,5,2025-06-26 20:47:16,phone,complete
2163,1231,40,2025-06-29 11:26:47,web,complete
2164,777,22,2025-01-16 21:35:53,mobile,returned
2165,1224,35,2025-09-14 00:46:50,phone,returned
2166,229,16,2025-04-18 09:00:29,mobile,complete
2167,488,27,2025-09-15 13:27:23,store,returned
2168,1352,21,2025-04-25 22:07:52,phone,cancelled
2169,1024,27,2025-01-27 11:12:00,phone,complete
2170,323,34,2025-01-11 00:51:30,mobile,returned
2171,424,2,2025-03-05 14:23:43,web,returned
2172,1457,31,2025-10-03 07:04:51,phone,complete
2173,355,27,2025-09-10 06:07:33,web,returned
2174,841,6,2025-10-29 06:19:04,store,complete
2175,1481,40,2025-09-17 14:12:00,mobile,complete
2176,544,17,2025-09-01 12:40:28,web,complete
2177,440,5,2025-07-23 10:51:34,phone,complete
2178,758,2,2025-09-16 03:15:26,mobile,returned
2179,192,9,2025-01-25 17:32:38,mobile,complete
2180,945,4,2025-11-01 05:12:19,web,returned
2181,771,24,2025-09-26 17:57:23,store,complete
2182,771,10,2025-09-25 07:13:45,mobile,returned
2183,132,10,2025-02-01 22:45:11,mobile,cancelled
2184,1378,5,2025-03-15 02:28:42,store,complete
2185,617,25,2025-08-22 04:20:49,phone,complete
2186,119,10,2025-04-11 17:58:40,mobile,returned
2187,960,10,2025-12-25 00:53:26,phone,complete
2188,548,6,2025-02-25 06:25:00,mobile,complete
2189,164,22,2025-09-12 16:43:47,web,complete
2190,3,35,2025-11-30 20:09:54,phone,returned
2191,972,18,2025-09-04 22:17:57,store,complete
2192,1247,22,2025-07-28 23:06:00,store,complete
2193,179,10,2025-05-19 03:29:15,mobile,cancelled
2194,756,30,2025-01-09 01:17:12,phone,returned
2195,1203,32,2025-03-23 21:38:21,web,complete
2196,1207,19,2025-05-25 03:39:58,store,complete
2197,77,12,2025-07-10 15:17:37,web,cancelled
2198,1115,16,2025-06-18 19:41:19,phone,complete
2199,953,10,2025-03-15 08:44:09,mobile,complete
2200,90,35,2025-12-05 15:46:33,store,complete
2201,1337,16,2025-08-12 15:25:01,mobile,returned
2202,129,26,2025-07-19 23:11:25,mobile,returned
2203,624,6,2025-09-14 17:18:29,phone,cancelled
2204,248,14,2025-10-23 04:06:14,phone,complete
2205,1458,10,2025-12-05 05:36:23,store,complete
2206,846,30,2025-07-29 07:51:32,phone,returned
2207,1383,16,2025-08-31 00:10:13,store,complete
2208,753,7,2025-09-25 19:32:39,store,complete
2209,1222,21,2025-01-07 10:03:21,web,complete
2210,637,21,2025-06-26 03:34:59,web,complete
2211,177,3,2025-07-27 09:16:00,store,returned
2212,1360,39,2025-10-01 06:14:00,web,returned
2213,39,31,2025-05-02 15:20:57,phone,complete
2214,865,13,2025-02-13 20:09:23,mobile,cancelled
2215,788,34,2025-10-28 12:19:21,store,complete
2216,1423,16,2025-04-09 15:04:54,mobile,cancelled
2217,543,6,2025-12-14 01:27:52,store,returned
2218,1083,6,2025-12-15 23:35:39,phone,returned
2219,1083,40,2025-01-26 18:27:06,mobile,cancelled
2220,577,1,2025-01-31 22:45:24,web,complete
2221,168,34,2025-10-12 01:26:20,mobile,returned
2222,1179,30,2025-10-16 05:09:37,web,cancelled
2223,1220,38,2025-05-28 00:48:31,web,complete
2224,60,33,2025-11-12 06:45:41,phone,returned
2225,998,31,2025-03-25 02:04:27,web,complete
2226,1463,35,2025-12-18 08:28:18,mobile,complete
2227,372,11,2025-08-17 12:29:45,mobile,complete
2228,795,19,2025-03-29 07:44:09,mobile,complete
2229,541,17,2025-03-20 11:08:48,phone,complete
2230,324,7,2025-05-25 13:01:09,phone,returned
2231,100,31,2025-11-11 13:29:23,web,cancelled
2232,415,16,2025-11-30 17:59:18,store,complete
2233,1488,27,2025-06-07 17:48:41,store,complete
2234,404,21,2025-11-26 00:33:06,web,complete
2235,489,23,2025-12-23 06:33:40,web,cancelled
2236,1361,10,2025-08-22 10:11:30,mobile,returned
2237,532,34,2025-04-14 00:35:58,phone,complete
2238,1257,28,2025-05-21 07:37:24,phone,complete
2239,983,12,2025-12-05 05:59:41,store,cancelled
2240,954,32,2025-08-10 13:37:58,web,returned
2241,563,14,2025-05-21 08:16:15,store,complete
2242,1025,32,2025-02-04 23:23:49,phone,cancelled
2243,443,25,2025-02-20 13:17:21,phone,complete
2244,492,9,2025-02-23 15:50:10,mobile,complete
2245,976,20,2025-03-25 10:21:34,mobile,complete
2246,1318,16,2025-09-03 11:13:03,store,complete
2247,1314,38,2025-05-24 07:44:41,mobile,complete
2248,424,2,2025-04-27 19:14:09,store,returned
2249,642,34,2025-04-08 05:10:10,store,returned
2250,1273,4,2025-07-17 13:34:01,store,complete
2251,621,10,2025-03-17 22:28:22,mobile,complete
2252,382,31,2025-08-21 02:49:40,store,complete
2253,683,4,2025-08-02 23:13:28,web,returned
2254,112,35,2025-05-07 19:48:16,web,complete
2255,248,7,2025-10-30 15:10:58,phone,complete
2256,238,10,2025-05-03 18:09:16,phone,cancelled
2257,718,12,2025-11-11 08:38:54,mobile,cancelled
2258,1433,6,2025-05-25 19:14:30,mobile,cancelled
2259,886,21,2025-09-18 18:01:49,mobile,complete
2260,52,1,2025-09-29 19:57:32,web,cancelled
2261,1175,39,2025-08-31 20:55:20,web,cancelled
2262,64,19,2025-08-28 15:01:38,mobile,complete
2263,893,25,2025-04-22 20:56:28,web,complete
2264,40,21,2025-08-24 01:53:24,store,complete
2265,427,6,2025-07-23 23:30:14,mobile,returned
2266,239,10,2025-10-26 15:14:35,phone,cancelled
2267,1063,28,2025-02-19 22:26:55,store,complete
2268,1413,8,2025-03-06 05:46:34,phone,returned
2269,575,9,2025-11-09 10:15:32,mobile,cancelled
2270,1241,20,2025-11-06 16:32:42,phone,cancelled
2271,1301,28,2025-03-08 00:09:47,mobile,complete
2272,1462,20,2025-03-12 13:54:07,web,complete
2273,846,4,2025-11-06 00:29:21,phone,returned
2274,821,12,2025-12-17 22:44:12,phone,complete
2275,433,22,2025-09-12 15:25:44,mobile,complete
2276,212,35,2025-12-25 21:10:53,mobile,complete
2277,400,36,2025-12-09 10:55:42,phone,complete
2278,792,10,2025-11-15 15:33:47,phone,complete
2279,217,28,2025-10-22 10:32:49,web,returned
2280,844,7,2025-03-11 06:45:08,web,cancelled
2281,1327,25,2025-02-28 11:09:34,mobile,complete
2282,277,29,2025-05-13 08:20:56,phone,complete
2283,146,5,2025-05-04 00:09:26,store,cancelled
2284,123,27,2025-11-12 06:55:44,phone,returned
2285,900,3,2025-01-19 15:51:51,mobile,complete
2286,1053,34,2025-03-31 08:39:09,store,cancelled
2287,1239,2,2025-07-10 23:07:39,phone,cancelled
2288,534,17,2025-06-26 03:38:47,mobile,cancelled
2289,1040,20,2025-07-28 02:39:01,mobile,cancelled
2290,317,40,2025-10-16 12:41:04,web,complete
2291,263,9,2025-03-24 03:53:53,mobile,complete
2292,1448,14,2025-01-24 09:47:32,phone,cancelled
2293,1249,11,2025-07-20 18:45:50,web,cancelled
2294,906,27,2025-03-04 13:00:00,web,returned
2295,883,14,2025-04-05 19:17:21,mobile,complete
2296,1273,7,2025-03-21 09:50:02,web,complete
2297,1029,19,2025-01-24 10:38:37,web,complete
2298,764,13,2025-01-21 02:46:51,web,complete
2299,1440,22,2025-12-22 15:04:04,phone,complete
2300,406,2,2025-12-12 12:58:11,mobile,complete
2301,2,10,2025-05-31 11:50:54,mobile,complete
2302,890,33,2025-08-13 15:58:43,web,complete
2303,233,17,2025-12-04 03:36:04,web,returned
2304,1275,33,2025-11-25 02:07:36,web,complete
2305,1114,37,2025-10-22 22:06:11,mobile,complete
2306,32,20,2025-09-29 09:00:11,phone,returned
2307,312,30,2025-12-08 12:43:36,phone,returned
2308,910,5,2025-09-11 14:56:09,web,complete
2309,1301,5,2025-04-15 19:16:42,web,complete
2310,218,38,2025-12-04 19:23:08,mobile,complete
2311,1165,2,2025-10-19 01:10:15,phone,complete
2312,885,40,2025-12-07 22:58:06,web,complete
2313,472,20,2025-10-21 04:13:50,mobile,complete
2314,1354,33,2025-01-18 19:56:58,store,cancelled
2315,298,25,2025-08-03 10:42:08,mobile,cancelled
2316,1444,12,2025-08-19 17:10:28,phone,cancelled
2317,407,11,2025-02-16 23:16:16,store,cancelled
2318,376,32,2025-02-25 18:48:02,store,complete
2319,1265,34,2025-12-29 18:37:47,web,complete
2320,1165,26,2025-03-18 10:22:28,store,complete
2321,402,6,2025-10-30 14:08:10,mobile,complete
2322,1445,40,2025-07-11 05:41:58,mobile,complete
2323,1199,14,2025-11-01 04:47:35,phone,complete
2324,728,30,2025-11-23 09:53:11,store,complete
2325,417,16,2025-07-27 10:47:20,mobile,complete
2326,1377,26,2025-03-02 02:19:30,mobile,cancelled
2327,555,29,2025-02-28 17:32:42,web,complete
2328,694,20,2025-04-12 03:18:26,web,returned
2329,446,40,2025-08-31 21:00:38,store,complete
2330,65,18,2025-08-02 22:06:44,web,cancelled
2331,1192,16,2025-12-09 17:56:04,phone,complete
2332,1393,35,2025-10-19 04:29:03,phone,complete
2333,742,22,2025-12-11 19:30:35,phone,complete
2334,366,31,2025-12-27 04:50:01,store,returned
2335,605,15,2025-04-22 12:45:45,web,returned
2336,248,37,2025-07-17 15:33:27,mobile,returned
2337,1227,15,2025-04-11 19:18:25,phone,cancelled
2338,1358,1,2025-12-21 23:48:58,web,complete
2339,471,12,2025-03-14 05:21:53,mobile,complete
2340,644,31,2025-03-04 06:08:18,phone,cancelled
2341,1038,25,2025-02-03 03:59:54,store,complete
2342,167,3,2025-03-09 04:19:42,phone,complete
2343,1112,12,2025-11-06 17:39:12,store,cancelled
2344,96,17,2025-04-06 08:52:11,store,complete
2345,1500,30,2025-07-19 06:10:44,store,complete
2346,1387,14,2025-12-07 00:44:31,phone,complete
2347,1282,40,2025-11-30 06:24:59,web,cancelled
2348,856,26,2025-07-29 13:08:28,mobile,complete
2349,1495,21,2025-01-19 08:59:57,store,complete
2350,418,31,2025-03-07 12:47:24,mobile,complete
2351,937,13,2025-07-31 01:32:23,web,returned
2352,383,40,2025-10-09 04:04:17,web,returned
2353,1391,24,2025-05-29 11:34:23,mobile,complete
2354,305,38,2025-04-01 21:58:25,mobile,complete
2355,75,31,2025-01-03 07:39:52,mobile,complete
2356,749,26,2025-03-20 01:17:11,web,complete
2357,443,31,2025-08-18 07:21:13,phone,cancelled
2358,669,21,2025-06-29 04:20:59,mobile,returned
2359,980,24,2025-02-28 09:13:51,phone,returned
2360,1033,38,2025-02-28 01:12:22,web,complete
2361,539,32,2025-05-10 23:55:11,mobile,cancelled
2362,1316,11,2025-07-14 20:10:26,store,complete
2363,29,33,2025-10-06 15:51:09,phone,complete
2364,367,23,2025-01-25 05:52:35,web,complete
2365,356,31,2025-01-29 08:42:02,phone,returned
2366,670,20,2025-06-03 21:15:13,web,cancelled
2367,298,14,2025-03-28 11:03:34,web,complete
2368,439,9,2025-06-22 22:03:09,phone,complete
2369,151,10,2025-01-26 18:44:33,web,complete
2370,720,10,2025-10-27 06:32:12,web,complete
2371,225,1,2025-01-14 03:53:12,mobile,returned
2372,323,12,2025-03-06 05:35:58,web,complete
2373,568,34,2025-09-08 22:18:44,phone,complete
2374,293,30,2025-12-06 22:20:27,store,complete
2375,1270,15,2025-03-02 13:53:49,phone,complete
2376,67,16,2025-07-25 22:06:13,web,cancelled
2377,122,34,2025-12-25 11:44:24,phone,returned
2378,669,20,2025-02-24 23:17:16,store,returned
2379,636,9,2025-11-30 06:08:55,store,complete
2380,231,18,2025-08-25 13:03:03,phone,complete
2381,482,25,2025-02-26 21:56:39,store,complete
2382,992,23,2025-04-27 12:25:16,phone,cancelled
2383,1458,20,2025-09-05 14:22:32,store,cancelled
2384,810,24,2025-11-08 22:43:06,web,complete
2385,1149,29,2025-11-20 20:14:21,store,cancelled
2386,590,12,2025-01-24 09:41:36,phone,complete
2387,934,36,2025-11-02 17:35:04,store,complete
2388,1083,16,2025-02-18 22:28:08,mobile,returned
2389,681,33,2025-08-27 03:06:44,web,complete
2390,475,5,2025-11-03 23:33:08,web,cancelled
2391,1245,7,2025-03-28 08:24:56,web,complete
2392,632,1,2025-06-24 14:22:16,phone,complete
2393,529,40,2025-04-20 07:20:07,web,returned
2394,13,9,2025-02-07 04:56:23,web,returned
2395,17,36,2025-03-16 16:04:02,web,returned
2396,420,15,2025-06-28 17:21:16,store,complete
2397,965,34,2025-08-29 06:34:00,store,complete
2398,1027,29,2025-04-12 13:53:38,phone,cancelled
2399,781,34,2025-12-09 10:22:25,phone,returned
2400,104,13,2025-03-29 19:20:35,phone,complete
2401,937,22,2025-07-17 04:36:10,phone,cancelled
2402,355,35,2025-03-23 03:55:53,web,cancelled
2403,871,33,2025-03-08 21:20:52,mobile,cancelled
2404,1453,18,2025-08-20 21:56:08,web,returned
2405,759,7,2025-05-10 23:13:04,store,complete
2406,1247,14,2025-03-31 09:05:37,mobile,complete
2407,373,40,2025-02-09 04:39:32,mobile,cancelled
2408,897,33,2025-06-13 19:33:16,phone,complete
2409,126,8,2025-05-14 03:26:40,store,cancelled
2410,1335,38,2025-04-27 05:01:56,mobile,complete
2411,67,36,2025-02-14 18:24:34,web,complete
2412,342,35,2025-09-01 09:11:39,mobile,complete
2413,118,18,2025-12-27 13:33:36,store,cancelled
2414,889,18,2025-02-28 03:24:31,store,complete
2415,337,16,2025-04-20 09:47:34,phone,complete
2416,876,6,2025-02-13 01:31:35,store,cancelled
2417,1152,32,2025-01-18 08:37:40,web,cancelled
2418,98,8,2025-06-18 19:01:46,phone,cancelled
2419,1394,14,2025-01-17 00:00:19,store,returned
2420,431,26,2025-07-27 19:06:53,store,returned
2421,691,21,2025-05-27 17:44:18,mobile,returned
2422,397,14,2025-12-01 09:25:55,web,complete
2423,1358,1,2025-02-01 09:10:36,store,cancelled
2424,33,19,2025-05-05 16:51:17,phone,complete
2425,1243,10,2025-10-28 06:15:26,phone,cancelled
2426,932,5,2025-04-27 04:31:11,web,complete
2427,1317,12,2025-03-05 17:48:49,store,complete
2428,1272,39,2025-11-05 03:13:45,web,complete
2429,280,1,2025-07-17 15:47:39,store,complete
2430,1142,3,2025-03-02 07:27:52,store,cancelled
2431,1359,6,2025-01-05 02:48:33,mobile,complete
2432,358,28,2025-11-23 01:10:58,mobile,complete
2433,709,5,2025-01-19 05:46:11,web,cancelled
2434,1156,33,2025-01-11 03:41:49,web,complete
2435,33,17,2025-02-18 20:11:47,web,complete
2436,1193,17,2025-04-25 18:49:20,web,complete
2437,322,16,2025-11-17 13:01:20,store,complete
2438,848,31,2025-12-15 12:08:42,web,cancelled
2439,1037,19,2025-09-10 19:28:47,phone,complete
2440,1370,10,2025-05-21 01:43:26,web,cancelled
2441,356,9,2025-01-04 18:55:07,web,complete
2442,908,21,2025-01-30 12:31:15,store,complete
2443,1480,27,2025-09-03 03:30:34,web,complete
2444,459,7,2025-07-11 23:20:05,mobile,complete
2445,1275,31,2025-10-17 20:25:11,mobile,complete
2446,1122,30,2025-09-10 10:07:39,store,returned
2447,523,1,2025-04-23 09:52:27,store,complete
2448,668,19,2025-03-27 15:07:01,store,returned
2449,792,24,2025-08-10 18:38:55,phone,cancelled
2450,1177,10,2025-12-14 18:04:03,store,cancelled
2451,191,38,2025-12-10 13:58:54,mobile,cancelled
2452,486,35,2025-06-22 09:29:58,store,complete
2453,1101,4,2025-05-02 05:47:21,mobile,complete
2454,210,17,2025-04-02 12:23:05,store,returned
2455,637,32,2025-02-05 09:24:38,web,complete
2456,797,26,2025-03-16 04:05:45,mobile,cancelled
2457,326,13,2025-08-29 09:44:59,phone,returned
2458,728,29,2025-04-17 20:36:57,mobile,returned
2459,956,19,2025-11-25 21:10:38,store,complete
2460,582,11,2025-10-27 14:43:50,phone,complete
2461,902,32,2025-03-30 11:42:21,mobile,complete
2462,1394,26,2025-04-19 14:20:28,phone,cancelled
2463,889,29,2025-03-26 23:12:44,store,complete
2464,148,20,2025-04-14 01:09:01,phone,returned
2465,1311,27,2025-09-13 17:47:52,web,returned
2466,1425,24,2025-12-02 10:44:56,phone,complete
2467,106,23,2025-11-25 02:33:28,phone,complete
2468,890,27,2025-12-02 16:41:55,store,cancelled
2469,539,26,2025-01-05 10:55:03,web,returned
2470,523,33,2025-08-11 19:20:48,web,complete
2471,1458,31,2025-08-20 22:42:46,web,returned
2472,296,36,2025-01-11 03:33:42,store,complete
2473,1240,34,2025-03-20 02:25:58,store,cancelled
2474,906,39,2025-01-31 04:04:04,phone,returned
2475,1410,9,2025-06-18 07:01:36,mobile,returned
2476,261,3,2025-01-12 03:50:03,web,returned
2477,318,2,2025-08-22 22:58:35,mobile,complete
2478,1314,17,2025-02-11 03:09:51,web,complete
2479,1363,12,2025-06-08 07:12:21,store,cancelled
2480,1413,19,2025-06-25 20:24:03,web,cancelled
2481,1491,7,2025-03-28 19:50:18,phone,complete
2482,1362,7,2025-02-25 05:45:48,phone,returned
2483,519,37,2025-10-16 22:06:00,phone,returned
2484,1442,20,2025-02-17 20:01:21,web,complete
2485,210,5,2025-12-16 04:55:11,mobile,returned
2486,193,12,2025-04-19 16:10:22,store,complete
2487,914,8,2025-06-29 14:21:37,mobile,complete
2488,1118,14,2025-04-16 06:06:36,web,returned
2489,232,21,2025-12-27 12:25:34,web,cancelled
2490,1152,30,2025-03-14 21:46:58,mobile,complete
2491,1224,22,2025-05-10 09:14:13,phone,returned
2492,216,9,2025-07-25 19:00:54,web,returned
2493,1259,22,2025-08-27 05:04:03,phone,complete
2494,381,14,2025-08-02 23:17:17,mobile,complete
2495,1367,33,2025-11-29 08:39:41,web,returned
2496,86,10,2025-11-03 04:16:52,phone,cancelled
2497,45,11,2025-08-14 05:08:30,store,complete
2498,1284,32,2025-08-13 13:52:23,store,complete
2499,1340,7,2025-11-02 19:16:02,store,complete
2500,588,2,2025-04-28 23:53:58,web,returned
2501,1469,33,2025-10-20 06:41:37,mobile,complete
2502,524,1,2025-08-29 17:16:17,mobile,complete
2503,454,26,2025-01-27 22:23:50,mobile,complete
2504,880,19,2025-06-05 02:29:58,store,returned
2505,1162,23,2025-03-16 00:28:58,web,cancelled
2506,358,22,2025-10-27 16:12:50,web,cancelled
2507,564,32,2025-03-02 23:10:33,mobile,cancelled
2508,61,24,2025-10-08 04:00:43,phone,cancelled
2509,355,22,2025-08-06 15:07:43,web,complete
2510,605,7,2025-04-23 02:09:03,store,returned
2511,61,29,2025-03-04 05:11:46,mobile,returned
2512,420,20,2025-10-27 18:10:08,store,complete
2513,1123,27,2025-10-27 04:29:35,web,complete
2514,83,27,2025-10-02 12:05:02,web,complete
2515,363,18,2025-06-28 16:51:56,web,returned
2516,251,23,2025-11-04 09:36:44,store,cancelled
2517,258,27,2025-08-14 17:44:33,phone,complete
2518,839,5,2025-03-05 04:18:25,web,complete
2519,88,4,2025-04-18 18:59:30,mobile,complete
2520,369,10,2025-05-26 12:01:34,phone,complete
2521,1397,33,2025-08-24 08:00:38,phone,complete
2522,1068,19,2025-03-30 19:43:16,web,complete
2523,754,23,2025-06-04 22:28:22,web,returned
2524,1045,39,2025-07-13 09:52:26,store,returned
2525,1333,20,2025-06-03 12:09:46,mobile,complete
2526,694,15,2025-09-25 10:14:33,web,returned
2527,427,2,2025-02-18 14:10:46,store,complete
2528,880,24,2025-08-15 13:00:20,phone,complete
2529,347,8,2025-01-14 12:43:09,web,returned
2530,1285,27,2025-11-06 09:29:06,store,complete
2531,99,28,2025-07-03 14:07:26,phone,complete
2532,358,40,2025-11-18 00:33:08,store,cancelled
2533,763,13,2025-01-20 10:45:32,web,complete
2534,41,25,2025-12-26 22:52:32,mobile,cancelled
2535,1269,8,2025-11-07 11:09:43,phone,cancelled
2536,910,24,2025-08-23 12:28:26,web,complete
2537,1237,25,2025-12-02 09:43:48,web,complete
2538,909,1,2025-10-22 01:39:40,store,complete
2539,257,30,2025-11-16 12:06:21,mobile,returned
2540,23,8,2025-12-23 02:54:04,phone,returned
2541,870,31,2025-09-21 13:36:42,web,complete
2542,423,39,2025-11-30 22:46:50,web,cancelled
2543,421,18,2025-02-11 17:42:51,store,cancelled
2544,282,4,2025-02-07 06:11:13,mobile,cancelled
2545,1275,11,2025-05-16 08:00:24,mobile,cancelled
2546,172,33,2025-03-09 22:00:15,web,cancelled
2547,340,17,2025-03-02 04:30:33,web,complete
2548,1484,37,2025-03-03 00:34:22,web,complete
2549,1138,4,2025-02-28 16:04:47,store,complete
2550,42,38,2025-02-03 15:41:28,mobile,complete
2551,1101,15,2025-01-31 22:36:33,store,cancelled
2552,691,10,2025-11-28 10:23:02,store,cancelled
2553,1056,30,2025-10-14 06:34:32,web,cancelled
2554,572,18,2025-03-08 04:40:42,store,complete
2555,762,5,2025-01-04 14:39:50,store,complete
2556,180,22,2025-08-22 17:21:23,phone,complete
2557,759,16,2025-07-18 14:48:49,web,returned
2558,965,36,2025-09-26 21:46:56,web,complete
2559,56,25,2025-09-27 19:11:58,phone,complete
2560,809,13,2025-05-13 02:43:30,store,complete
2561,625,27,2025-08-09 04:26:36,store,complete
2562,1137,31,2025-07-07 03:44:00,store,complete
2563,620,10,2025-06-30 17:37:48,web,returned
2564,962,26,2025-07-21 01:49:33,mobile,complete
2565,395,8,2025-09-10 17:55:14,store,cancelled
2566,372,13,2025-07-28 12:25:45,phone,complete
2567,1349,22,2025-07-30 02:16:41,web,complete
2568,813,27,2025-11-29 22:22:33,store,complete
2569,209,32,2025-09-02 21:59:18,store,complete
2570,740,5,2025-01-08 20:59:16,store,returned
2571,1421,37,2025-06-12 23:25:58,web,complete
2572,931,33,2025-07-24 12:54:01,mobile,complete
2573,561,15,2025-12-30 22:41:40,web,complete
2574,532,19,2025-09-11 06:45:11,store,complete
2575,201,38,2025-04-22 21:31:26,web,complete
2576,958,27,2025-09-10 22:52:33,store,returned
2577,1044,24,2025-02-01 11:39:57,mobile,complete
2578,932,25,2025-01-14 19:36:50,web,cancelled
2579,126,4,2025-05-01 17:06:22,phone,complete
2580,827,24,2025-06-16 09:10:16,web,complete
2581,819,2,2025-07-07 11:19:35,phone,complete
2582,1061,30,2025-10-10 12:24:48,phone,complete
2583,152,33,2025-06-22 16:19:18,phone,complete
2584,665,16,2025-06-13 12:02:32,web,complete
2585,1476,8,2025-12-27 13:58:48,mobile,complete
2586,1190,19,2025-05-10 01:26:17,mobile,complete
2587,1083,27,2025-10-09 17:58:38,web,cancelled
2588,400,38,2025-05-12 20:56:43,web,complete
2589,892,2,2025-06-03 06:06:50,mobile,complete
2590,958,12,2025-11-09 19:19:08,store,complete
2591,1263,8,2025-02-15 15:34:24,web,complete
2592,958,25,2025-06-16 22:39:57,mobile,complete
2593,453,39,2025-03-31 09:42:50,mobile,returned
2594,509,3,2025-03-05 01:38:08,web,complete
2595,362,25,2025-11-04 07:47:43,phone,complete
2596,119,12,2025-09-08 04:42:08,phone,complete
2597,1017,32,2025-10-20 20:53:59,web,complete
2598,1137,13,2025-04-10 22:37:25,store,complete
2599,862,2,2025-06-01 02:50:02,phone,complete
2600,394,6,2025-07-07 23:48:36,store,returned
2601,654,31,2025-08-05 07:50:58,web,complete
2602,881,16,2025-09-25 22:48:58,store,returned
2603,1349,35,2025-05-20 22:04:11,store,returned
2604,894,14,2025-11-09 23:56:32,mobile,returned
2605,374,5,2025-12-02 11:51:45,web,complete
2606,599,37,2025-09-22 23:59:32,mobile,complete
2607,632,31,2025-01-21 21:56:20,phone,complete
2608,1476,8,2025-12-31 12:13:27,phone,complete
2609,329,36,2025-05-31 06:05:01,mobile,complete
2610,363,12,2025-11-13 18:15:59,store,cancelled
2611,362,2,2025-10-31 09:16:01,phone,cancelled
2612,228,7,2025-08-04 22:11:04,phone,complete
2613,52,13,2025-08-05 04:33:32,mobile,complete
2614,238,35,2025-08-03 19:21:19,web,complete
2615,1272,21,2025-02-15 08:01:24,mobile,cancelled
2616,215,15,2025-11-12 19:16:42,mobile,returned
2617,501,34,2025-10-23 06:03:35,phone,cancelled
2618,327,37,2025-03-04 07:41:14,store,complete
2619,307,3,2025-06-17 23:06:12,phone,returned
2620,1080,17,2025-05-26 10:29:55,web,cancelled
2621,1409,6,2025-12-20 10:46:20,web,returned
2622,380,20,2025-09-24 11:06:22,store,complete
2623,324,7,2025-01-09 09:44:42,store,returned
2624,1342,33,2025-03-25 14:12:39,web,cancelled
2625,1261,7,2025-08-20 00:59:42,phone,complete
2626,575,11,2025-11-14 03:51:56,mobile,complete
2627,1239,35,2025-12-15 16:45:16,mobile,complete
2628,406,2,2025-03-02 18:26:18,web,returned
2629,790,28,2025-11-30 09:57:56,phone,complete
2630,473,5,2025-07-23 19:32:53,phone,complete
2631,1314,40,2025-01-30 13:58:45,phone,returned
2632,1004,25,2025-11-15 23:21:05,mobile,cancelled
2633,324,20,2025-07-10 02:09:20,web,returned
2634,369,17,2025-02-15 12:23:34,mobile,complete
2635,1359,30,2025-05-03 12:09:44,phone,returned
2636,901,38,2025-10-24 20:47:46,mobile,complete
2637,1440,9,2025-02-16 14:26:03,mobile,returned
2638,973,24,2025-01-30 08:09:26,mobile,returned
2639,206,2,2025-07-30 20:25:01,web,returned
2640,1382,20,2025-03-10 01:31:40,store,complete
2641,219,24,2025-05-11 20:08:46,mobile,cancelled
2642,490,25,2025-11-11 14:52:02,web,complete
2643,608,40,2025-02-17 00:53:41,phone,cancelled
2644,274,5,2025-02-08 15:26:06,mobile,returned
2645,748,38,2025-08-21 13:38:29,phone,returned
2646,450,17,2025-10-03 02:58:59,phone,returned
2647,965,8,2025-09-28 03:00:01,store,complete
2648,854,15,2025-08-29 10:14:45,store,returned
2649,8,29,2025-09-15 13:23:36,mobile,returned
2650,1191,32,2025-08-25 19:32:12,web,complete
2651,980,26,2025-06-21 15:33:13,store,complete
2652,435,40,2025-03-30 06:57:39,mobile,complete
2653,1194,11,2025-08-28 23:14:04,store,complete
2654,335,15,2025-08-29 20:33:12,web,cancelled
2655,438,8,2025-09-10 01:26:10,phone,cancelled
2656,1439,8,2025-08-31 05:32:59,mobile,complete
2657,249,31,2025-09-10 03:01:56,store,complete
2658,1161,2,2025-04-13 18:33:14,mobile,complete
2659,1448,20,2025-11-11 21:10:34,phone,complete
2660,1414,28,2025-09-04 05:12:56,store,complete
2661,527,24,2025-08-20 05:05:02,web,cancelled
2662,1316,8,2025-03-14 03:54:52,phone,returned
2663,1423,5,2025-06-21 01:08:51,web,cancelled
2664,1181,28,2025-09-17 08:34:57,web,complete
2665,763,35,2025-05-07 12:21:57,store,complete
2666,858,36,2025-11-06 03:07:06,store,cancelled
2667,46,39,2025-07-05 03:32:54,web,returned
2668,239,7,2025-05-07 03:53:37,mobile,complete
2669,1257,5,2025-02-14 11:25:05,store,complete
2670,973,2,2025-09-24 22:19:11,phone,complete
2671,1497,19,2025-10-09 14:49:40,mobile,complete
2672,805,23,2025-03-02 16:51:17,store,complete
2673,1289,9,2025-12-06 01:44:23,phone,complete
2674,746,26,2025-07-18 08:19:32,mobile,returned
2675,1353,17,2025-12-05 02:11:04,mobile,cancelled
2676,528,4,2025-07-06 12:51:00,phone,complete
2677,250,3,2025-04-21 15:19:36,phone,complete
2678,1281,22,2025-01-30 11:04:15,web,complete
2679,16,35,2025-07-18 23:46:02,phone,returned
2680,175,18,2025-08-07 21:58:24,store,complete
2681,325,30,2025-06-11 15:10:14,web,cancelled
2682,472,22,2025-12-31 19:26:35,mobile,complete
2683,1081,9,2025-03-30 06:42:37,phone,cancelled
2684,731,35,2025-09-13 15:37:18,phone,complete
2685,856,18,2025-08-17 04:32:46,phone,returned
2686,1132,9,2025-03-23 06:44:49,web,complete
2687,384,26,2025-07-30 13:21:51,mobile,complete
2688,157,40,2025-01-30 22:53:04,store,complete
2689,955,11,2025-04-11 06:40:04,web,complete
2690,496,29,2025-08-16 15:43:34,web,complete
2691,625,10,2025-01-25 02:05:23,phone,complete
2692,511,18,2025-08-29 12:07:45,mobile,cancelled
2693,150,28,2025-12-15 04:16:39,phone,cancelled
2694,1076,4,2025-09-16 14:38:58,phone,cancelled
2695,557,15,2025-02-22 01:39:57,mobile,cancelled
2696,326,24,2025-09-07 06:28:20,phone,cancelled
2697,374,19,2025-01-02 06:51:36,mobile,returned
2698,207,34,2025-08-26 19:41:22,store,complete
2699,1259,5,2025-08-07 00:55:34,phone,cancelled
2700,376,25,2025-12-06 19:40:30,web,cancelled
2701,514,30,2025-10-16 09:41:50,phone,complete
2702,14,13,2025-07-12 08:20:28,phone,complete
2703,1413,17,2025-11-11 06:39:30,store,complete
2704,993,7,2025-04-02 08:10:12,store,complete
2705,478,24,2025-10-09 23:30:55,store,complete
2706,489,4,2025-07-17 01:02:58,phone,cancelled
2707,40,33,2025-03-01 12:24:28,phone,cancelled
2708,847,33,2025-10-06 18:40:02,web,complete
2709,329,37,2025-01-16 16:40:16,phone,complete
2710,1232,37,2025-08-02 15:10:02,store,returned
2711,861,27,2025-09-20 23:23:29,web,complete
2712,745,16,2025-06-13 15:33:42,phone,cancelled
2713,1498,28,2025-06-01 01:37:25,mobile,cancelled
2714,377,14,2025-11-17 21:16:45,mobile,cancelled
2715,657,14,2025-06-18 21:38:10,web,complete
2716,1479,14,2025-11-06 02:13:23,phone,cancelled
2717,1006,17,2025-03-25 12:16:34,store,complete
2718,303,32,2025-09-29 17:05:49,mobile,cancelled
2719,1083,33,2025-09-25 00:46:11,mobile,returned
2720,1075,11,2025-06-05 01:38:13,store,complete
2721,1010,17,2025-02-11 23:18:23,web,cancelled
2722,955,15,2025-04-15 21:28:21,store,cancelled
2723,1207,26,2025-09-05 07:20:14,store,complete
2724,1173,7,2025-09-23 12:31:59,store,complete
2725,1342,38,2025-06-25 10:54:40,phone,complete
2726,188,14,2025-06-03 07:48:01,mobile,complete
2727,83,1,2025-04-20 19:20:46,store,complete
2728,1326,37,2025-10-15 15:34:49,store,returned
2729,550,34,2025-01-28 07:32:19,web,complete
2730,401,10,2025-12-30 08:56:40,mobile,complete
2731,594,31,2025-04-22 09:32:52,store,complete
2732,1038,7,2025-04-26 00:33:44,store,complete
2733,1057,12,2025-09-14 07:40:14,mobile,cancelled
2734,528,30,2025-05-03 06:29:42,web,complete
2735,891,35,2025-04-30 22:08:21,web,cancelled
2736,1210,9,2025-09-13 13:40:54,store,complete
2737,851,21,2025-09-12 22:42:28,phone,complete
2738,654,8,2025-03-29 03:05:04,store,cancelled
2739,359,8,2025-03-26 09:15:05,store,cancelled
2740,728,3,2025-03-08 19:45:31,store,complete
2741,403,35,2025-02-04 11:41:38,mobile,complete
2742,1353,7,2025-02-11 22:51:59,mobile,complete
2743,1430,2,2025-08-28 06:58:51,store,complete
2744,1063,40,2025-10-06 08:48:40,web,returned
2745,49,23,2025-08-12 21:35:09,phone,complete
2746,908,36,2025-06-15 04:22:06,phone,cancelled
2747,734,4,2025-02-08 22:39:24,mobile,returned
2748,999,20,2025-08-26 21:36:13,phone,complete
2749,1368,30,2025-07-16 03:41:41,store,complete
2750,96,24,2025-06-05 09:09:49,mobile,complete
2751,78,17,2025-12-07 01:13:06,mobile,complete
2752,318,40,2025-09-04 20:27:55,mobile,cancelled
2753,1158,5,2025-01-06 04:51:00,mobile,cancelled
2754,1,4,2025-12-30 01:27:45,mobile,complete
2755,930,37,2025-04-21 23:03:10,web,complete
2756,902,21,2025-12-17 07:06:14,phone,returned
2757,1054,37,2025-06-01 12:24:17,store,cancelled
2758,647,29,2025-06-23 17:29:33,mobile,complete
2759,81,14,2025-05-08 11:18:55,web,returned
2760,1036,26,2025-04-29 19:00:13,phone,complete
2761,223,40,2025-09-01 15:32:12,store,complete
2762,98,32,2025-12-17 18:28:51,store,returned
2763,1074,8,2025-06-11 19:41:05,mobile,complete
2764,58,38,2025-08-20 05:58:59,mobile,returned
2765,782,13,2025-11-17 06:56:39,store,complete
2766,705,40,2025-08-01 15:12:19,mobile,returned
2767,609,7,2025-12-28 20:34:23,phone,complete
2768,1430,1,2025-04-23 21:56:28,web,cancelled
2769,686,38,2025-04-05 16:37:31,phone,complete
2770,1480,4,2025-02-18 11:22:14,mobile,complete
2771,104,23,2025-02-12 22:01:36,store,cancelled
2772,1027,3,2025-10-12 03:22:02,web,complete
2773,417,8,2025-11-28 06:27:49,store,complete
2774,1391,29,2025-10-25 16:28:18,store,cancelled
2775,751,15,2025-12-12 21:29:13,web,complete
2776,836,32,2025-12-24 07:37:44,web,returned
2777,1013,15,2025-01-16 06:03:49,web,returned
2778,226,5,2025-09-14 00:20:40,phone,cancelled
2779,917,34,2025-02-19 23:37:30,store,complete
2780,574,11,2025-08-05 16:59:20,store,complete
2781,641,30,2025-11-23 23:34:24,mobile,cancelled
2782,1497,38,2025-08-03 13:18:04,mobile,returned
2783,665,34,2025-12-07 18:48:35,mobile,complete
2784,178,25,2025-07-12 09:32:06,web,complete
2785,1477,33,2025-08-11 13:32:28,store,complete
2786,186,25,2025-05-06 04:04:02,phone,complete
2787,293,27,2025-12-18 05:10:57,store,complete
2788,1447,32,2025-07-30 19:34:58,phone,complete
2789,623,31,2025-08-26 09:24:15,mobile,complete
2790,497,32,2025-02-12 13:33:41,web,complete
2791,291,18,2025-03-15 20:00:01,phone,complete
2792,1477,30,2025-07-18 15:00:17,phone,complete
2793,998,3,2025-09-17 11:36:37,store,complete
2794,662,11,2025-11-26 00:36:43,web,complete
2795,716,22,2025-09-08 15:53:31,store,cancelled
2796,681,20,2025-04-22 06:50:16,web,complete
2797,582,18,2025-10-04 07:53:28,store,cancelled
2798,349,17,2025-04-23 18:59:29,store,returned
2799,976,27,2025-12-25 15:35:40,mobile,complete
2800,1289,24,2025-10-06 00:16:29,mobile,returned
2801,1404,7,2025-09-25 05:46:04,web,returned
2802,1152,30,2025-01-27 06:42:44,mobile,returned
2803,99,28,2025-09-12 15:11:09,mobile,returned
2804,691,28,2025-11-25 20:07:03,store,cancelled
2805,1077,33,2025-03-17 09:06:20,phone,returned
2806,1419,9,2025-06-06 11:43:26,phone,cancelled
2807,1005,15,2025-01-13 02:10:52,store,cancelled
2808,437,23,2025-12-26 16:27:30,store,returned
2809,677,22,2025-09-24 05:41:42,web,cancelled
2810,703,6,2025-10-29 13:40:07,store,cancelled
2811,970,40,2025-01-16 18:04:59,phone,complete
2812,2,18,2025-11-20 17:29:22,mobile,complete
2813,1034,10,2025-04-10 07:20:22,mobile,complete
2814,958,39,2025-03-04 23:45:16,web,complete
2815,1001,17,2025-01-14 15:23:01,web,complete
2816,672,20,2025-10-29 16:16:31,phone,cancelled
2817,758,27,2025-09-04 00:54:44,store,returned
2818,1082,37,2025-06-21 10:17:52,mobile,complete
2819,885,30,2025-01-01 14:44:28,web,cancelled
2820,1009,22,2025-09-27 09:13:51,mobile,returned
2821,1478,28,2025-07-09 13:32:23,store,cancelled
2822,121,15,2025-01-29 22:39:20,mobile,complete
2823,529,27,2025-07-26 07:17:18,web,complete
2824,553,2,2025-07-06 11:25:44,store,cancelled
2825,956,23,2025-02-19 13:41:45,web,complete
2826,147,39,2025-09-02 03:18:43,phone,complete
2827,242,11,2025-11-17 21:29:45,store,complete
2828,762,4,2025-07-22 10:49:42,store,returned
2829,1376,16,2025-07-11 09:42:45,web,cancelled
2830,142,3,2025-08-08 19:41:59,mobile,cancelled
2831,418,20,2025-12-25 16:54:44,phone,cancelled
2832,227,35,2025-05-25 02:57:27,mobile,returned
2833,390,3,2025-04-08 01:07:05,web,returned
2834,1479,36,2025-05-30 04:22:48,web,returned
2835,638,27,2025-10-17 10:38:39,store,returned
2836,1193,7,2025-10-05 12:20:57,store,cancelled
2837,1403,39,2025-11-18 04:22:38,phone,complete
2838,1309,4,2025-12-25 07:42:00,phone,returned
2839,1335,18,2025-06-08 13:39:57,phone,returned
2840,1055,36,2025-04-13 06:23:06,web,returned
2841,518,3,2025-08-09 16:09:13,web,complete
2842,493,31,2025-02-08 11:34:41,mobile,complete
2843,243,21,2025-11-10 10:49:05,store,returned
2844,61,28,2025-11-26 21:53:31,phone,complete
2845,1496,14,2025-02-16 09:17:50,mobile,complete
2846,1346,13,2025-09-26 22:04:50,phone,returned
2847,1034,23,2025-07-30 00:59:17,mobile,cancelled
2848,613,18,2025-04-30 04:19:16,store,complete
2849,1169,30,2025-06-25 17:59:00,web,returned
2850,1188,13,2025-03-04 17:28:51,web,complete
2851,594,37,2025-12-24 09:03:02,phone,returned
2852,297,17,2025-05-22 04:47:28,store,complete
2853,1234,17,2025-01-13 14:56:51,mobile,complete
2854,683,39,2025-08-03 11:36:13,phone,returned
2855,1346,4,2025-03-07 13:31:20,store,cancelled
2856,1457,15,2025-03-15 08:46:25,phone,returned
2857,616,37,2025-10-23 06:25:05,phone,cancelled
2858,1335,38,2025-11-24 02:01:07,mobile,complete
2859,1333,24,2025-05-06 03:12:37,mobile,returned
2860,1254,31,2025-09-30 08:10:48,mobile,cancelled
2861,525,18,2025-06-05 20:52:05,phone,complete
2862,309,26,2025-01-26 04:40:27,phone,complete
2863,135,1,2025-01-29 00:40:32,phone,complete
2864,169,24,2025-04-04 02:27:44,store,cancelled
2865,280,6,2025-09-12 17:30:46,phone,complete
2866,389,9,2025-03-03 01:33:44,phone,complete
2867,1417,33,2025-11-08 09:09:16,web,cancelled
2868,69,40,2025-03-27 14:02:00,phone,complete
2869,620,20,2025-02-24 17:11:58,phone,complete
2870,1233,22,2025-02-05 20:57:44,store,cancelled
2871,968,17,2025-05-15 12:10:48,phone,cancelled
2872,211,24,2025-08-30 14:11:43,web,cancelled
2873,772,36,2025-04-29 11:35:44,web,complete
2874,1231,12,2025-11-27 02:40:22,store,returned
2875,646,35,2025-07-29 16:04:29,phone,complete
2876,1017,24,2025-03-15 22:31:39,store,cancelled
2877,899,39,2025-01-28 11:43:25,web,cancelled
2878,884,19,2025-11-18 21:53:51,mobile,returned
2879,1282,6,2025-03-20 03:24:53,mobile,cancelled
2880,1149,10,2025-04-03 12:04:59,phone,complete
2881,1271,40,2025-09-03 02:49:29,store,cancelled
2882,104,39,2025-07-10 08:31:02,mobile,cancelled
2883,545,7,2025-01-13 21:02:27,web,cancelled
2884,187,32,2025-12-29 17:15:33,mobile,cancelled
2885,72,7,2025-11-16 09:05:02,store,cancelled
2886,525,22,2025-07-25 17:52:39,phone,complete
2887,585,18,2025-11-07 18:29:02,store,complete
2888,1233,20,2025-04-02 01:44:11,store,cancelled
2889,24,10,2025-11-17 18:15:25,phone,cancelled
2890,862,36,2025-05-07 14:28:38,phone,returned
2891,413,36,2025-03-04 03:48:00,phone,returned
2892,105,7,2025-03-16 09:34:47,phone,returned
2893,967,24,2025-03-30 06:33:14,mobile,complete
2894,105,10,2025-10-08 04:31:00,web,complete
2895,444,12,2025-04-06 14:04:32,mobile,complete
2896,740,5,2025-06-04 23:11:43,mobile,complete
2897,271,24,2025-02-26 02:21:31,store,cancelled
2898,1209,22,2025-04-16 06:43:46,mobile,complete
2899,1464,13,2025-09-11 11:45:31,store,returned
2900,293,3,2025-09-02 15:38:32,phone,complete
2901,37,29,2025-10-05 12:56:48,web,complete
2902,960,12,2025-02-24 03:17:34,mobile,complete
2903,1288,14,2025-02-17 21:33:03,store,complete
2904,497,13,2025-03-11 02:14:46,phone,complete
2905,1255,8,2025-05-08 07:49:26,web,complete
2906,37,35,2025-02-08 12:17:32,store,complete
2907,375,10,2025-04-14 03:02:08,phone,complete
2908,257,37,2025-10-17 06:51:59,phone,cancelled
2909,1003,27,2025-02-22 05:41:39,mobile,returned
2910,1230,2,2025-09-07 01:57:02,mobile,complete
2911,1193,33,2025-12-30 13:06:27,mobile,complete
2912,1169,11,2025-08-31 06:59:13,mobile,complete
2913,178,6,2025-05-21 18:36:02,mobile,returned
2914,39,25,2025-09-14 17:22:21,web,complete
2915,1007,19,2025-08-11 02:32:57,web,complete
2916,865,12,2025-11-24 07:03:22,web,complete
2917,770,28,2025-05-21 10:59:35,mobile,complete
2918,730,15,2025-09-20 05:24:29,mobile,complete
2919,1429,7,2025-06-08 07:45:18,phone,complete
2920,1017,36,2025-12-22 00:34:59,phone,returned
2921,1244,27,2025-11-12 08:25:53,mobile,complete
2922,792,40,2025-09-27 12:59:37,store,complete
2923,1377,39,2025-08-23 10:54:32,web,complete
2924,1065,6,2025-01-23 00:11:03,web,complete
2925,565,21,2025-10-09 20:38:35,mobile,returned
2926,762,5,2025-09-27 20:18:37,web,returned
2927,503,5,2025-01-24 22:12:45,web,complete
2928,961,34,2025-12-01 17:20:59,mobile,cancelled
2929,1399,29,2025-02-10 20:21:08,mobile,complete
2930,90,8,2025-06-21 14:16:40,phone,complete
2931,399,19,2025-08-30 21:55:52,web,complete
2932,163,38,2025-09-30 03:23:01,store,returned
2933,560,20,2025-05-23 01:02:24,phone,returned
2934,840,19,2025-10-10 20:38:25,store,complete
2935,858,25,2025-01-31 04:50:47,store,returned
2936,1183,19,2025-05-30 23:22:22,phone,complete
2937,1114,39,2025-12-23 20:29:28,web,cancelled
2938,540,12,2025-01-14 18:58:04,mobile,complete
2939,59,31,2025-03-30 22:28:52,phone,returned
2940,922,25,2025-07-10 04:01:47,web,complete
2941,1036,5,2025-09-17 08:11:09,store,complete
2942,1260,17,2025-02-26 03:04:43,phone,returned
2943,239,18,2025-04-14 09:15:00,phone,returned
2944,1126,36,2025-11-06 22:29:05,web,complete
2945,267,21,2025-01-27 06:49:59,web,complete
2946,516,11,2025-06-13 17:10:45,mobile,complete
2947,459,22,2025-09-13 18:27:07,store,returned
2948,921,28,2025-04-11 17:53:35,phone,cancelled
2949,1399,20,2025-05-10 12:53:59,web,complete
2950,23,11,2025-07-07 02:06:56,mobile,returned
2951,864,20,2025-01-17 02:44:55,web,returned
2952,38,30,2025-05-09 22:20:40,phone,returned
2953,625,4,2025-11-30 01:04:42,mobile,complete
2954,980,4,2025-01-20 14:09:40,store,complete
2955,357,27,2025-05-26 19:17:01,store,complete
2956,1492,5,2025-11-26 18:37:15,mobile,cancelled
2957,1227,30,2025-10-19 11:57:20,mobile,returned
2958,1228,25,2025-08-08 07:50:26,mobile,complete
2959,228,19,2025-03-13 11:21:50,phone,complete
2960,373,28,2025-06-10 23:23:03,phone,complete
2961,575,10,2025-06-30 02:03:16,phone,complete
2962,571,40,2025-09-27 07:16:22,mobile,complete
2963,669,25,2025-04-18 09:30:58,web,complete
2964,609,35,2025-05-14 09:00:51,phone,complete
2965,1233,6,2025-10-02 06:06:59,web,returned
2966,745,7,2025-01-04 06:37:40,web,complete
2967,210,24,2025-05-21 15:07:12,mobile,returned
2968,1167,24,2025-08-29 13:07:12,web,cancelled
2969,289,25,2025-11-23 03:34:18,phone,complete
2970,12,28,2025-12-31 19:45:21,mobile,complete
2971,387,12,2025-04-21 04:58:51,mobile,complete
2972,118,15,2025-09-11 12:15:31,mobile,returned
2973,836,9,2025-05-19 06:44:27,phone,complete
2974,321,22,2025-06-07 19:48:28,store,cancelled
2975,161,6,2025-07-04 03:24:16,phone,complete
2976,298,7,2025-10-25 11:46:33,store,returned
2977,986,35,2025-07-22 02:15:36,phone,complete
2978,1382,26,2025-04-09 11:29:06,store,complete
2979,248,10,2025-01-25 17:02:35,web,complete
2980,787,17,2025-06-18 05:14:45,mobile,complete
2981,238,19,2025-09-19 18:59:09,phone,complete
2982,127,18,2025-09-28 11:23:46,web,complete
2983,93,4,2025-01-24 11:09:43,mobile,complete
2984,77,15,2025-07-15 14:28:06,store,complete
2985,406,11,2025-09-06 17:58:33,phone,returned
2986,894,3,2025-05-06 09:13:52,mobile,complete
2987,1053,17,2025-04-17 05:15:24,mobile,cancelled
2988,236,28,2025-02-09 07:15:02,phone,returned
2989,494,7,2025-02-25 17:20:46,phone,complete
2990,1234,25,2025-06-08 21:03:08,phone,complete
2991,608,37,2025-09-22 01:14:38,mobile,returned
2992,375,27,2025-08-24 08:28:03,store,complete
2993,1036,9,2025-05-13 01:30:55,web,returned
2994,1094,9,2025-09-21 19:21:24,mobile,cancelled
2995,526,35,2025-06-03 18:23:37,phone,returned
2996,461,27,2025-06-22 04:23:23,web,cancelled
2997,499,20,2025-01-19 22:09:41,phone,complete
2998,779,37,2025-10-12 10:16:56,mobile,complete
2999,648,19,2025-10-09 09:39:55,web,returned
3000,439,4,2025-07-31 07:19:28,phone,complete
3001,665,33,2025-09-23 23:53:14,store,complete
3002,727,1,2025-06-18 07:10:24,web,cancelled
3003,526,6,2025-08-16 08:29:07,web,complete
3004,892,5,2025-01-24 14:49:17,phone,cancelled
3005,1389,36,2025-07-17 14:47:19,store,complete
3006,534,8,2025-06-05 21:05:05,phone,complete
3007,1115,20,2025-05-08 01:43:38,mobile,complete
3008,1424,32,2025-01-26 17:45:05,phone,complete
3009,429,13,2025-10-31 14:16:25,web,returned
3010,1173,38,2025-04-08 01:08:37,store,complete
3011,1498,6,2025-10-18 09:49:46,phone,returned
3012,274,27,2025-03-26 21:16:20,mobile,complete
3013,644,21,2025-05-12 00:50:57,store,complete
3014,574,23,2025-02-18 07:47:10,phone,complete
3015,812,5,2025-07-12 17:23:17,web,complete
3016,3,33,2025-07-03 12:18:27,web,complete
3017,1499,9,2025-05-30 12:34:43,web,complete
3018,1170,2,2025-03-17 05:56:40,mobile,cancelled
3019,572,16,2025-03-01 06:11:59,store,complete
3020,362,25,2025-03-20 12:41:13,mobile,complete
3021,156,29,2025-10-25 22:17:14,store,cancelled
3022,467,12,2025-04-21 13:46:51,phone,complete
3023,433,7,2025-10-21 06:38:55,phone,cancelled
3024,660,15,2025-02-02 04:57:27,web,cancelled
3025,1001,30,2025-05-12 22:18:38,phone,complete
3026,859,31,2025-06-26 19:15:26,store,complete
3027,231,35,2025-07-02 02:52:35,phone,returned
3028,1129,4,2025-11-09 14:29:55,phone,complete
3029,300,28,2025-09-20 13:50:44,mobile,complete
3030,820,27,2025-11-23 03:06:43,mobile,complete
3031,1086,24,2025-08-24 08:17:04,store,complete
3032,293,16,2025-09-25 07:16:48,store,cancelled
3033,993,34,2025-11-11 12:45:09,store,cancelled
3034,1142,5,2025-02-21 21:37:30,mobile,complete
3035,750,7,2025-08-09 04:41:49,mobile,complete
3036,1023,34,2025-07-08 23:57:19,store,complete
3037,1335,34,2025-08-22 21:47:16,mobile,cancelled
3038,898,19,2025-06-29 21:25:27,web,complete
3039,1442,30,2025-07-09 18:04:43,store,cancelled
3040,452,30,2025-06-16 22:27:14,web,complete
3041,972,11,2025-11-15 15:29:14,store,complete
3042,1161,33,2025-06-15 15:52:54,web,cancelled
3043,572,6,2025-12-25 20:26:41,phone,cancelled
3044,802,13,2025-10-11 10:04:10,mobile,complete
3045,112,31,2025-10-09 14:57:24,store,complete
3046,1074,11,2025-05-31 18:11:24,phone,complete
3047,366,9,2025-12-20 16:53:58,phone,complete
3048,1040,35,2025-03-24 04:22:25,mobile,complete
3049,712,17,2025-04-26 05:58:50,web,complete
3050,388,11,2025-07-08 11:02:16,web,complete
3051,58,28,2025-07-28 16:18:15,phone,complete
3052,22,17,2025-03-02 18:51:48,mobile,cancelled
3053,284,38,2025-02-15 01:52:02,store,complete
3054,307,1,2025-07-22 07:07:43,store,returned
3055,1149,40,2025-01-04 10:09:07,web,returned
3056,820,30,2025-03-16 06:50:49,phone,returned
3057,1210,8,2025-09-30 15:27:23,phone,complete
3058,368,5,2025-12-23 00:54:21,store,complete
3059,299,38,2025-10-27 02:18:48,phone,complete
3060,452,39,2025-12-09 06:12:22,phone,returned
3061,537,34,2025-03-30 23:41:38,mobile,complete
3062,561,9,2025-08-10 19:04:42,phone,cancelled
3063,355,9,2025-07-24 00:08:06,phone,complete
3064,1459,30,2025-05-11 23:20:09,store,complete
3065,674,10,2025-02-15 04:11:53,phone,cancelled
3066,1369,6,2025-06-20 11:49:42,mobile,complete
3067,22,2,2025-04-08 14:49:58,web,complete
3068,1122,31,2025-09-11 04:35:18,web,complete
3069,1180,32,2025-12-05 01:42:12,web,complete
3070,922,10,2025-12-26 20:47:53,web,returned
3071,1191,28,2025-02-25 03:46:00,mobile,complete
3072,1333,11,2025-06-08 22:31:53,store,complete
3073,849,20,2025-05-11 23:45:05,phone,complete
3074,1225,2,2025-11-03 14:58:32,phone,complete
3075,983,20,2025-07-04 23:38:01,store,complete
3076,29,29,2025-06-03 05:19:02,mobile,returned
3077,1295,25,2025-06-08 09:45:44,store,returned
3078,1101,17,2025-01-23 03:28:30,mobile,cancelled
3079,789,12,2025-08-28 09:10:18,store,returned
3080,496,13,2025-08-04 23:42:20,store,cancelled
3081,884,13,2025-11-25 13:59:54,web,complete
3082,1457,20,2025-12-27 04:27:39,phone,returned
3083,8,34,2025-02-13 04:00:29,web,complete
3084,661,23,2025-03-20 07:17:52,store,cancelled
3085,689,29,2025-06-05 07:29:44,web,complete
3086,205,11,2025-07-06 17:46:29,mobile,returned
3087,718,26,2025-07-13 15:12:49,web,complete
3088,1052,3,2025-03-16 10:00:06,mobile,complete
3089,1368,25,2025-02-24 11:34:18,mobile,complete
3090,792,13,2025-07-25 09:23:54,store,complete
3091,1262,26,2025-04-02 04:01:29,web,cancelled
3092,879,35,2025-07-22 04:42:39,web,cancelled
3093,1452,20,2025-07-24 03:56:25,phone,cancelled
3094,1443,31,2025-10-27 17:43:36,web,cancelled
3095,1228,12,2025-06-21 14:44:08,phone,complete
3096,223,7,2025-08-29 02:32:43,web,cancelled
3097,271,5,2025-02-04 20:43:33,store,complete
3098,1294,9,2025-09-14 09:40:44,phone,complete
3099,314,25,2025-10-31 06:35:18,phone,complete
3100,297,25,2025-06-14 07:51:58,store,complete
3101,651,5,2025-06-27 23:18:40,store,complete
3102,1346,17,2025-05-14 07:51:06,mobile,cancelled
3103,543,20,2025-12-27 18:18:11,phone,complete
3104,975,24,2025-01-16 04:46:57,web,complete
3105,116,4,2025-05-31 11:18:27,phone,cancelled
3106,951,32,2025-03-11 20:27:02,store,complete
3107,1110,4,2025-06-22 16:39:23,store,complete
3108,1156,9,2025-12-10 05:59:48,store,returned
3109,52,30,2025-03-29 01:45:01,mobile,complete
3110,910,8,2025-01-04 11:51:43,web,complete
3111,325,29,2025-02-09 12:43:22,phone,returned
3112,766,17,2025-01-31 09:50:42,mobile,returned
3113,202,37,2025-07-26 21:13:53,mobile,returned
3114,237,32,2025-02-19 02:03:56,phone,complete
3115,338,3,2025-01-05 11:57:55,store,cancelled
3116,1491,1,2025-08-16 19:01:50,phone,cancelled
3117,927,40,2025-07-17 06:57:11,phone,complete
3118,148,6,2025-06-21 07:15:30,web,complete
3119,343,7,2025-11-22 10:34:58,web,returned
3120,126,28,2025-04-22 19:49:21,web,complete
3121,363,35,2025-08-30 04:44:26,web,complete
3122,1325,38,2025-10-27 18:34:32,store,complete
3123,1115,8,2025-06-04 07:08:22,mobile,returned
3124,1436,5,2025-03-15 16:37:02,web,complete
3125,305,20,2025-05-18 16:43:21,mobile,returned
3126,475,40,2025-08-08 20:22:19,phone,complete
3127,323,25,2025-04-08 21:09:42,web,complete
3128,776,15,2025-02-20 06:09:16,phone,complete
3129,123,27,2025-12-26 18:23:18,phone,complete
3130,946,16,2025-02-17 16:06:01,web,cancelled
3131,1162,10,2025-12-28 18:33:33,web,complete
3132,1222,39,2025-09-06 23:57:18,mobile,complete
3133,486,7,2025-06-16 01:42:42,mobile,returned
3134,405,35,2025-09-04 21:02:35,mobile,complete
3135,144,31,2025-02-03 20:01:55,web,cancelled
3136,819,33,2025-08-02 22:58:48,mobile,complete
3137,236,7,2025-08-26 17:18:09,phone,returned
3138,917,38,2025-12-18 18:27:24,phone,returned
3139,1229,6,2025-09-19 00:44:44,web,complete
3140,1344,17,2025-10-11 09:38:33,web,cancelled
3141,1391,10,2025-01-24 23:38:07,web,cancelled
3142,830,27,2025-03-17 10:44:04,store,complete
3143,837,11,2025-02-07 11:02:44,phone,returned
3144,960,5,2025-09-13 09:57:39,phone,complete
3145,29,7,2025-09-04 11:55:06,mobile,returned
3146,351,2,2025-10-25 19:41:50,mobile,returned
3147,1180,34,2025-11-17 02:29:40,web,complete
3148,724,4,2025-06-28 12:29:57,phone,complete
3149,283,28,2025-12-08 12:03:13,store,complete
3150,1356,28,2025-05-22 07:07:03,phone,complete
3151,873,12,2025-11-10 12:47:33,store,cancelled
3152,980,30,2025-09-21 10:03:36,phone,complete
3153,162,14,2025-10-24 02:07:24,mobile,returned
3154,1418,28,2025-05-26 09:24:55,store,returned
3155,733,1,2025-05-14 02:58:39,store,complete
3156,186,35,2025-09-20 18:57:35,store,returned
3157,142,16,2025-05-27 06:11:03,web,complete
3158,846,38,2025-04-28 19:19:23,phone,cancelled
3159,1400,25,2025-03-21 19:52:33,store,returned
3160,1257,30,2025-12-20 04:54:09,web,returned
3161,369,19,2025-03-01 06:59:16,web,returned
3162,461,40,2025-11-21 18:45:34,phone,cancelled
3163,405,24,2025-09-21 00:32:13,phone,cancelled
3164,65,16,2025-05-06 19:36:06,mobile,complete
3165,40,3,2025-07-28 18:24:34,mobile,complete
3166,1204,29,2025-03-07 14:08:25,web,cancelled
3167,994,22,2025-02-05 11:17:05,phone,cancelled
3168,758,33,2025-06-24 17:51:31,web,returned
3169,1466,13,2025-04-11 01:45:42,store,complete
3170,759,33,2025-09-13 09:18:17,store,complete
3171,1474,31,2025-09-12 08:47:28,mobile,complete
3172,1205,20,2025-05-12 20:46:37,store,complete
3173,677,15,2025-06-26 22:21:29,web,complete
3174,859,7,2025-12-15 21:10:58,web,returned
3175,1421,16,2025-06-10 04:49:12,store,complete
3176,305,34,2025-06-30 04:40:38,web,complete
3177,1294,16,2025-08-24 02:32:12,mobile,complete
3178,477,3,2025-03-28 07:07:36,store,cancelled
3179,1240,19,2025-10-13 23:57:46,store,complete
3180,1467,4,2025-04-23 08:39:16,store,cancelled
3181,1326,22,2025-12-05 04:38:23,phone,complete
3182,1170,28,2025-01-03 17:46:11,phone,complete
3183,808,40,2025-06-13 00:16:34,store,returned
3184,518,12,2025-05-07 08:04:34,store,returned
3185,19,15,2025-07-13 18:23:31,mobile,returned
3186,459,30,2025-02-10 02:53:38,mobile,complete
3187,153,10,2025-10-22 21:49:58,web,complete
3188,34,16,2025-08-27 06:44:22,mobile,complete
3189,324,18,2025-09-24 00:58:16,mobile,returned
3190,298,30,2025-04-19 22:55:45,mobile,returned
3191,11,39,2025-10-15 13:06:29,web,complete
3192,987,19,2025-07-17 13:11:53,web,complete
3193,163,5,2025-03-12 00:26:46,mobile,complete
3194,851,38,2025-04-23 21:44:03,phone,complete
3195,296,19,2025-10-06 00:01:41,web,cancelled
3196,775,40,2025-03-28 07:01:33,phone,complete
3197,65,31,2025-04-30 09:40:59,mobile,cancelled
3198,650,6,2025-04-15 16:37:12,store,complete
3199,125,34,2025-12-26 11:10:04,phone,cancelled
3200,1024,31,2025-09-09 06:38:26,web,complete
3201,643,5,2025-06-28 10:54:42,phone,cancelled
3202,1382,40,2025-11-18 19:22:26,phone,complete
3203,1469,2,2025-04-21 10:46:06,mobile,returned
3204,163,13,2025-12-22 09:49:14,phone,complete
3205,735,20,2025-07-06 10:59:38,store,cancelled
3206,5,11,2025-08-28 06:22:09,phone,returned
3207,663,1,2025-05-29 19:46:01,store,returned
3208,640,3,2025-11-14 04:48:09,mobile,complete
3209,293,21,2025-07-30 02:13:42,store,complete
3210,1172,37,2025-01-18 09:37:08,mobile,complete
3211,11,17,2025-07-19 20:51:22,phone,cancelled
3212,1371,34,2025-08-22 16:25:31,store,complete
3213,1414,13,2025-08-27 10:07:15,store,returned
3214,1049,21,2025-05-07 13:14:06,phone,complete
3215,1244,33,2025-07-03 03:11:52,web,complete
3216,145,37,2025-09-30 05:24:56,phone,complete
3217,1232,1,2025-02-04 07:07:27,mobile,complete
3218,416,22,2025-05-08 12:36:12,phone,complete
3219,1035,25,2025-01-11 22:45:21,web,cancelled
3220,115,17,2025-10-23 02:06:05,store,complete
3221,1274,37,2025-07-17 22:12:43,web,cancelled
3222,1332,15,2025-12-06 16:43:01,store,complete
3223,587,33,2025-02-25 15:10:58,store,complete
3224,1452,26,2025-01-03 21:46:15,mobile,complete
3225,1301,24,2025-08-20 04:34:08,mobile,returned
3226,106,7,2025-05-15 00:27:21,store,returned
3227,1295,2,2025-01-24 16:54:46,store,complete
3228,795,20,2025-01-17 08:57:13,mobile,complete
3229,958,3,2025-08-31 11:37:39,store,complete
3230,740,17,2025-07-28 19:18:25,web,cancelled
3231,681,30,2025-09-06 11:30:44,web,complete
3232,1456,18,2025-07-08 06:42:13,web,returned
3233,192,33,2025-10-02 07:23:25,phone,complete
3234,552,17,2025-01-12 11:48:43,mobile,cancelled
3235,808,18,2025-05-03 08:09:06,mobile,cancelled
3236,1030,11,2025-05-18 09:41:28,web,cancelled
3237,486,33,2025-04-20 17:40:59,mobile,complete
3238,328,25,2025-05-27 05:38:32,web,complete
3239,145,16,2025-01-19 05:11:31,phone,complete
3240,249,26,2025-08-10 05:47:21,web,cancelled
3241,983,26,2025-01-29 15:55:06,web,cancelled
3242,728,12,2025-02-14 17:36:39,phone,complete
3243,65,29,2025-06-18 17:29:39,mobile,complete
3244,267,20,2025-02-21 18:57:23,mobile,cancelled
3245,1073,14,2025-11-06 22:44:47,phone,complete
3246,227,32,2025-08-17 11:20:47,store,cancelled
3247,1168,20,2025-06-09 09:57:58,phone,complete
3248,336,4,2025-09-21 23:02:51,phone,complete
3249,1214,9,2025-06-07 07:29:36,store,complete
3250,643,1,2025-10-12 07:05:38,mobile,complete
3251,1072,31,2025-09-28 22:48:18,web,complete
3252,351,6,2025-10-04 05:14:28,phone,returned
3253,215,12,2025-08-28 04:56:40,mobile,complete
3254,243,3,2025-04-13 19:08:43,phone,complete
3255,1310,4,2025-04-03 08:47:34,store,returned
3256,297,26,2025-10-27 08:32:04,store,complete
3257,1379,6,2025-09-21 18:11:04,store,complete
3258,189,6,2025-12-20 09:12:00,phone,complete
3259,1448,29,2025-09-11 12:02:43,mobile,cancelled
3260,927,5,2025-07-09 07:23:36,mobile,cancelled
3261,686,2,2025-04-23 12:14:45,phone,cancelled
3262,958,15,2025-02-18 09:37:49,phone,complete
3263,146,26,2025-05-30 09:59:18,web,returned
3264,784,4,2025-12-17 01:52:55,mobile,cancelled
3265,788,24,2025-03-08 18:41:50,mobile,complete
3266,53,26,2025-03-25 08:10:06,mobile,complete
3267,763,9,2025-05-16 15:05:15,web,complete
3268,1248,18,2025-10-10 10:50:51,phone,complete
3269,1042,13,2025-04-04 15:19:16,store,complete
3270,1387,23,2025-12-29 20:00:35,store,cancelled
3271,1181,17,2025-09-22 16:59:46,mobile,cancelled
3272,727,21,2025-05-06 13:35:52,phone,complete
3273,418,18,2025-11-04 17:52:27,store,complete
3274,1037,30,2025-02-27 08:17:09,phone,cancelled
3275,1032,22,2025-02-27 19:23:23,mobile,complete
3276,1485,39,2025-05-07 14:32:30,mobile,cancelled
3277,1069,30,2025-01-11 02:17:45,phone,cancelled
3278,139,17,2025-09-06 17:27:16,store,returned
3279,90,38,2025-03-06 14:28:39,phone,returned
3280,968,4,2025-01-06 23:25:17,phone,cancelled
3281,558,17,2025-07-26 18:28:13,phone,cancelled
3282,153,32,2025-12-16 01:02:21,mobile,cancelled
3283,654,16,2025-09-05 07:22:24,phone,complete
3284,1459,39,2025-02-10 06:42:38,store,cancelled
3285,909,6,2025-05-27 03:24:01,store,cancelled
3286,1099,20,2025-07-21 06:44:37,web,complete
3287,118,4,2025-10-01 22:49:33,phone,cancelled
3288,1044,23,2025-01-29 02:34:23,web,complete
3289,586,1,2025-02-08 11:21:14,phone,complete
3290,687,16,2025-06-24 04:41:43,web,complete
3291,599,3,2025-05-25 03:04:05,web,complete
3292,279,27,2025-07-08 20:04:58,web,returned
3293,688,32,2025-04-30 01:57:22,phone,cancelled
3294,227,30,2025-07-18 20:21:03,phone,returned
3295,370,8,2025-01-25 00:02:02,mobile,cancelled
3296,98,18,2025-02-08 15:00:21,phone,returned
3297,58,15,2025-08-27 06:46:25,phone,returned
3298,156,39,2025-12-17 17:40:58,web,complete
3299,967,19,2025-09-17 21:43:35,web,complete
3300,1183,10,2025-10-30 12:26:33,store,complete
3301,987,11,2025-10-11 15:21:35,mobile,returned
3302,1239,31,2025-09-30 10:30:19,store,complete
3303,1106,32,2025-12-22 09:00:43,mobile,complete
3304,11,2,2025-01-29 02:23:20,mobile,cancelled
3305,885,18,2025-04-27 17:20:02,mobile,returned
3306,898,27,2025-11-22 13:39:52,mobile,complete
3307,1201,33,2025-03-20 16:55:25,mobile,cancelled
3308,995,17,2025-12-18 01:16:08,phone,complete
3309,1283,32,2025-08-15 14:17:27,phone,cancelled
3310,1083,9,2025-02-19 22:17:54,store,complete
3311,720,30,2025-05-04 21:05:23,web,complete
3312,1121,16,2025-07-05 03:35:29,mobile,cancelled
3313,150,31,2025-07-24 12:38:15,store,complete
3314,329,12,2025-04-05 04:07:58,store,returned
3315,714,36,2025-03-15 03:49:11,web,returned
3316,303,14,2025-09-14 18:35:23,mobile,cancelled
3317,1016,3,2025-02-13 16:58:29,store,complete
3318,192,35,2025-07-26 03:00:50,web,complete
3319,1170,27,2025-02-04 07:48:42,web,cancelled
3320,503,24,2025-05-06 07:19:53,mobile,cancelled
3321,558,40,2025-11-13 17:52:49,phone,returned
3322,362,16,2025-05-18 19:04:15,mobile,complete
3323,1086,20,2025-12-09 15:16:14,web,complete
3324,423,11,2025-03-30 02:38:18,phone,complete
3325,1052,38,2025-03-15 21:20:50,web,complete
3326,1212,5,2025-06-10 02:21:18,mobile,complete
3327,137,40,2025-03-08 06:33:34,store,complete
3328,733,11,2025-10-06 07:02:36,web,complete
3329,457,34,2025-08-28 23:26:34,phone,cancelled
3330,636,11,2025-10-15 03:57:28,mobile,cancelled
3331,351,22,2025-05-22 04:09:35,web,complete
3332,1266,26,2025-06-16 05:45:46,web,complete
3333,594,30,2025-11-15 23:11:10,web,complete
3334,1374,20,2025-02-15 18:34:50,mobile,complete
3335,313,24,2025-12-20 01:06:59,store,complete
3336,1167,32,2025-04-18 07:14:38,mobile,complete
3337,469,38,2025-03-12 00:21:20,web,cancelled
3338,1422,33,2025-05-25 04:57:46,mobile,complete
3339,1396,29,2025-06-01 17:16:21,web,complete
3340,1463,18,2025-09-21 20:10:57,store,complete
3341,903,25,2025-04-08 12:35:50,mobile,cancelled
3342,726,8,2025-02-27 06:10:15,phone,complete
3343,500,35,2025-06-12 08:37:19,web,complete
3344,1443,1,2025-02-12 08:38:13,web,cancelled
3345,1473,34,2025-02-12 08:02:30,web,returned
3346,1342,32,2025-02-21 15:36:28,store,complete
3347,1003,31,2025-06-27 23:36:52,phone,returned
3348,208,6,2025-06-05 10:48:29,store,complete
3349,911,11,2025-12-01 21:34:48,web,cancelled
3350,490,5,2025-10-30 18:47:56,mobile,cancelled
3351,621,6,2025-02-10 02:14:56,store,complete
3352,1087,21,2025-01-05 19:34:29,web,returned
3353,140,9,2025-04-01 03:57:08,phone,complete
3354,183,32,2025-09-25 18:12:31,phone,complete
3355,835,35,2025-03-30 13:39:25,mobile,complete
3356,603,24,2025-03-28 06:07:20,web,complete
3357,1201,4,2025-02-16 12:18:05,web,cancelled
3358,1148,9,2025-12-11 15:58:13,web,complete
3359,1370,22,2025-10-05 14:21:50,mobile,returned
3360,147,17,2025-06-19 09:03:02,store,complete
3361,1261,21,2025-12-11 09:12:47,mobile,returned
3362,1168,25,2025-12-29 21:42:55,phone,complete
3363,833,8,2025-04-24 16:56:02,mobile,cancelled
3364,527,37,2025-04-16 16:40:03,store,complete
3365,1085,5,2025-12-18 07:07:47,phone,complete
3366,662,12,2025-02-27 19:14:29,mobile,returned
3367,1351,14,2025-08-02 05:47:03,phone,cancelled
3368,819,22,2025-03-23 07:23:37,web,cancelled
3369,994,39,2025-06-02 09:36:16,mobile,complete
3370,1039,8,2025-11-23 06:44:08,mobile,complete
3371,1346,32,2025-09-29 22:38:39,store,complete
3372,1427,39,2025-02-03 06:22:37,store,cancelled
3373,514,35,2025-12-04 20:10:13,store,complete
3374,116,5,2025-07-26 16:37:04,phone,complete
3375,152,7,2025-09-28 23:48:23,mobile,complete
3376,345,9,2025-09-15 09:55:37,mobile,complete
3377,901,33,2025-11-01 04:31:34,mobile,cancelled
3378,56,13,2025-04-21 20:33:36,store,cancelled
3379,299,27,2025-01-30 08:58:45,mobile,complete
3380,130,16,2025-03-16 07:36:36,mobile,complete
3381,190,24,2025-10-13 17:57:47,phone,cancelled
3382,1241,9,2025-04-12 09:20:30,web,returned
3383,267,11,2025-02-06 19:01:29,store,cancelled
3384,474,12,2025-02-06 06:19:17,store,complete
3385,1176,8,2025-11-14 07:20:02,web,complete
3386,226,3,2025-06-30 05:18:54,store,cancelled
3387,976,31,2025-12-12 06:04:46,mobile,complete
3388,273,34,2025-07-08 03:12:18,web,complete
3389,337,15,2025-10-24 16:05:00,phone,complete
3390,1056,24,2025-05-16 05:24:30,store,complete
3391,368,18,2025-08-27 15:33:42,store,complete
3392,188,24,2025-01-30 12:40:05,web,complete
3393,1248,7,2025-04-28 00:17:03,mobile,complete
3394,598,39,2025-09-09 09:20:56,phone,returned
3395,249,28,2025-06-22 06:18:20,mobile,complete
3396,552,9,2025-09-06 12:37:48,mobile,complete
3397,618,26,2025-05-26 12:48:43,phone,complete
3398,564,5,2025-08-26 00:30:48,web,cancelled
3399,417,2,2025-07-18 23:39:53,phone,complete
3400,202,25,2025-08-17 13:10:42,web,cancelled
3401,1264,17,2025-10-17 20:35:46,web,cancelled
3402,780,31,2025-06-18 09:53:04,store,cancelled
3403,1356,11,2025-05-08 01:21:44,phone,returned
3404,824,32,2025-06-16 05:43:15,mobile,complete
3405,834,16,2025-01-19 03:29:35,mobile,cancelled
3406,869,31,2025-02-09 07:15:40,phone,complete
3407,142,35,2025-11-25 06:09:47,mobile,complete
3408,628,34,2025-06-05 03:14:29,web,complete
3409,37,29,2025-07-22 14:23:23,phone,complete
3410,891,34,2025-03-06 21:50:46,web,returned
3411,1,23,2025-01-13 19:43:15,web,cancelled
3412,917,12,2025-01-25 03:49:14,web,complete
3413,1447,27,2025-03-28 18:08:08,mobile,complete
3414,284,1,2025-03-06 16:06:11,web,complete
3415,1075,3,2025-02-18 06:38:58,mobile,returned
3416,1453,37,2025-09-26 20:58:37,store,returned
3417,212,32,2025-03-15 15:19:19,store,returned
3418,174,15,2025-02-16 11:23:36,store,cancelled
3419,848,37,2025-04-26 09:36:37,store,complete
3420,1337,21,2025-09-10 23:12:52,mobile,complete
3421,703,38,2025-10-28 05:37:05,phone,complete
3422,672,17,2025-08-19 09:25:56,phone,complete
3423,1024,3,2025-10-28 21:24:44,mobile,returned
3424,1425,33,2025-05-27 07:19:59,store,complete
3425,341,34,2025-05-09 14:06:22,mobile,cancelled
3426,1202,2,2025-05-23 12:53:03,web,returned
3427,1010,6,2025-11-11 10:20:48,web,complete
3428,1085,21,2025-02-08 01:04:30,phone,complete
3429,1382,33,2025-04-28 14:13:20,mobile,complete
3430,1107,9,2025-09-24 03:40:23,store,returned
3431,620,17,2025-07-31 20:32:21,phone,cancelled
3432,364,30,2025-04-21 09:41:23,store,complete
3433,759,2,2025-03-05 05:49:16,mobile,complete
3434,1466,11,2025-06-15 09:32:55,web,returned
3435,71,4,2025-02-25 10:53:14,web,complete
3436,637,19,2025-05-08 11:41:38,web,complete
3437,663,19,2025-09-09 21:02:36,store,complete
3438,7,23,2025-04-15 10:04:32,store,complete
3439,288,22,2025-04-18 12:07:14,store,complete
3440,858,1,2025-09-24 16:05:31,mobile,returned
3441,470,23,2025-03-05 07:39:06,web,complete
3442,1064,40,2025-12-14 23:16:42,web,returned
3443,65,38,2025-04-06 04:14:37,mobile,returned
3444,1127,18,2025-06-17 05:13:03,web,complete
3445,1166,18,2025-07-31 12:37:29,mobile,complete
3446,197,22,2025-08-27 19:35:38,web,complete
3447,223,5,2025-03-15 18:05:06,phone,complete
3448,511,22,2025-09-30 18:22:21,mobile,cancelled
3449,1042,40,2025-10-19 18:53:43,phone,complete
3450,238,20,2025-08-04 00:36:07,web,complete
3451,1080,31,2025-08-04 17:36:15,web,complete
3452,1299,32,2025-10-07 06:22:28,mobile,returned
3453,577,11,2025-07-09 17:36:17,mobile,complete
3454,40,19,2025-07-23 22:00:51,web,complete
3455,1436,4,2025-01-13 00:13:33,store,returned
3456,728,32,2025-01-10 14:19:37,store,returned
3457,278,31,2025-05-08 16:28:44,store,returned
3458,901,8,2025-11-12 13:10:34,mobile,complete
3459,114,13,2025-01-11 22:39:33,mobile,returned
3460,1461,35,2025-10-14 03:44:52,store,complete
3461,197,5,2025-11-30 15:18:11,web,cancelled
3462,855,35,2025-10-18 22:19:51,phone,returned
3463,464,9,2025-09-07 12:34:58,phone,complete
3464,793,25,2025-07-08 13:39:37,store,complete
3465,1494,15,2025-01-09 13:46:36,web,cancelled
3466,809,27,2025-07-01 11:28:57,store,complete
3467,111,34,2025-08-10 12:09:05,mobile,cancelled
3468,1223,27,2025-07-06 15:32:45,store,returned
3469,238,24,2025-01-28 03:58:25,phone,complete
3470,492,16,2025-05-20 02:18:10,web,complete
3471,557,3,2025-06-26 12:38:42,mobile,cancelled
3472,298,12,2025-08-17 09:49:35,web,cancelled
3473,1361,38,2025-10-28 08:29:07,phone,complete
3474,1022,30,2025-09-08 15:26:34,web,returned
3475,882,38,2025-08-10 09:53:25,store,complete
3476,621,9,2025-01-14 12:13:33,phone,cancelled
3477,723,39,2025-01-05 07:59:27,phone,complete
3478,565,16,2025-04-12 18:51:14,mobile,complete
3479,545,10,2025-08-08 08:08:34,store,complete
3480,91,25,2025-11-22 23:15:43,store,complete
3481,611,38,2025-09-23 19:11:05,store,complete
3482,1379,38,2025-01-09 10:31:20,mobile,complete
3483,366,22,2025-03-25 01:18:30,store,returned
3484,1235,18,2025-10-20 14:15:04,web,cancelled
3485,513,8,2025-02-26 14:01:06,mobile,cancelled
3486,1035,16,2025-04-13 08:20:59,mobile,complete
3487,1359,30,2025-03-26 10:19:51,store,complete
3488,376,27,2025-09-23 02:29:12,phone,complete
3489,387,9,2025-01-04 09:47:33,store,returned
3490,526,34,2025-11-29 01:48:37,store,complete
3491,1272,4,2025-01-20 15:09:07,store,cancelled
3492,175,26,2025-03-10 10:09:18,mobile,complete
3493,1249,13,2025-02-23 16:23:51,store,returned
3494,1388,26,2025-03-25 06:36:35,store,complete
3495,89,5,2025-06-18 12:08:26,web,cancelled
3496,70,33,2025-10-01 22:14:29,web,complete
3497,1235,33,2025-02-13 15:15:29,mobile,complete
3498,887,36,2025-04-28 08:37:54,web,cancelled
3499,346,38,2025-05-20 23:53:33,mobile,complete
3500,313,28,2025-08-04 00:41:05,phone,complete
3501,524,13,2025-11-18 06:51:52,mobile,complete
3502,559,8,2025-11-01 16:37:39,mobile,complete
3503,608,16,2025-10-27 00:33:26,web,cancelled
3504,267,37,2025-09-24 11:49:55,mobile,returned
3505,1226,2,2025-12-01 23:41:29,store,complete
3506,1225,30,2025-01-24 13:42:47,store,returned
3507,1044,5,2025-01-18 08:11:07,web,complete
3508,1332,18,2025-10-04 13:52:22,mobile,returned
3509,561,1,2025-01-12 12:06:11,mobile,complete
3510,1349,26,2025-03-18 21:56:11,phone,returned
3511,255,39,2025-11-04 14:21:22,web,returned
3512,1418,8,2025-05-10 21:13:28,mobile,complete
3513,1345,32,2025-12-06 08:42:28,web,complete
3514,404,11,2025-08-20 17:09:00,web,returned
3515,758,20,2025-01-01 16:56:45,store,complete
3516,636,36,2025-01-22 12:24:52,store,complete
3517,61,39,2025-01-15 23:44:36,store,cancelled
3518,440,18,2025-11-25 10:23:11,mobile,complete
3519,178,10,2025-07-25 01:37:56,mobile,complete
3520,843,6,2025-11-22 19:58:25,store,returned
3521,34,14,2025-11-29 14:36:08,mobile,complete
3522,1465,26,2025-07-15 02:14:48,web,complete
3523,383,39,2025-10-21 23:33:59,mobile,complete
3524,1273,32,2025-05-18 14:08:32,store,complete
3525,1223,12,2025-06-26 04:22:18,web,cancelled
3526,1100,10,2025-02-14 22:29:23,phone,returned
3527,1464,40,2025-05-20 23:18:47,web,returned
3528,901,25,2025-10-07 17:34:59,phone,complete
3529,465,18,2025-12-15 23:42:14,phone,complete
3530,907,33,2025-09-13 14:34:41,phone,cancelled
3531,1317,6,2025-04-08 01:45:19,store,complete
3532,863,38,2025-06-01 10:35:57,web,complete
3533,246,19,2025-10-07 19:02:13,store,complete
3534,590,3,2025-02-24 03:56:47,web,returned
3535,851,7,2025-05-05 17:03:07,store,complete
3536,912,2,2025-12-31 07:07:57,phone,returned
3537,351,31,2025-09-21 20:12:43,mobile,cancelled
3538,569,4,2025-07-16 19:55:16,phone,complete
3539,1345,13,2025-05-15 14:52:38,mobile,complete
3540,1257,40,2025-02-18 02:50:08,mobile,complete
3541,446,14,2025-04-28 11:32:18,mobile,complete
3542,773,24,2025-08-22 15:24:43,phone,complete
3543,853,3,2025-09-11 23:49:41,web,cancelled
3544,1270,35,2025-02-11 03:56:17,mobile,complete
3545,501,5,2025-03-22 15:43:24,mobile,complete
3546,263,5,2025-10-21 18:29:04,web,cancelled
3547,267,10,2025-07-17 11:50:31,web,complete
3548,1257,27,2025-08-16 04:48:53,phone,cancelled
3549,704,8,2025-06-24 15:20:26,mobile,cancelled
3550,180,1,2025-06-13 00:10:57,phone,complete
3551,23,32,2025-03-28 20:07:45,web,cancelled
3552,1469,29,2025-11-06 03:57:00,phone,complete
3553,1277,23,2025-11-07 08:24:43,store,complete
3554,1166,22,2025-06-23 22:45:44,phone,complete
3555,398,22,2025-06-01 19:52:07,phone,complete
3556,698,6,2025-04-03 22:31:16,phone,complete
3557,1429,4,2025-12-01 19:48:34,web,complete
3558,715,33,2025-12-02 06:40:44,mobile,cancelled
3559,239,20,2025-11-02 20:55:04,web,complete
3560,247,19,2025-08-11 06:04:51,mobile,complete
3561,228,39,2025-04-29 19:05:13,mobile,returned
3562,1459,6,2025-05-06 23:34:18,mobile,complete
3563,687,34,2025-10-16 19:10:46,mobile,complete
3564,1305,33,2025-02-23 02:57:55,mobile,cancelled
3565,39,7,2025-11-01 04:53:39,store,complete
3566,457,18,2025-10-13 12:04:53,web,complete
3567,874,40,2025-04-12 02:21:50,mobile,complete
3568,212,36,2025-06-29 01:40:16,web,complete
3569,145,20,2025-10-10 18:52:16,mobile,cancelled
3570,34,21,2025-12-24 00:57:20,web,returned
3571,1341,21,2025-12-07 16:34:15,phone,complete
3572,954,32,2025-01-11 23:48:32,phone,returned
3573,291,33,2025-08-19 10:06:58,mobile,complete
3574,1230,29,2025-08-26 00:18:07,web,complete
3575,1181,28,2025-08-28 00:12:12,web,complete
3576,161,24,2025-05-19 09:41:48,phone,returned
3577,1411,19,2025-12-24 09:59:14,store,complete
3578,447,37,2025-10-26 12:42:17,store,complete
3579,1273,17,2025-12-19 10:25:14,mobile,returned
3580,720,31,2025-04-01 03:58:56,mobile,complete
3581,660,26,2025-09-07 06:03:10,store,complete
3582,1332,31,2025-09-05 01:38:41,store,returned
3583,1188,10,2025-11-15 01:57:18,web,complete
3584,731,8,2025-01-30 08:14:58,phone,complete
3585,623,40,2025-12-26 05:45:32,phone,complete
3586,1157,33,2025-05-26 07:11:56,web,complete
3587,900,27,2025-02-08 10:00:55,mobile,complete
3588,152,10,2025-03-13 17:16:28,web,complete
3589,877,35,2025-04-15 20:52:59,store,complete
3590,1057,15,2025-06-05 03:43:07,store,complete
3591,63,19,2025-05-05 11:03:32,store,complete
3592,1003,39,2025-02-04 02:14:06,phone,complete
3593,123,28,2025-05-22 08:42:55,mobile,cancelled
3594,151,29,2025-03-12 14:21:38,mobile,cancelled
3595,47,25,2025-01-10 08:17:33,mobile,returned
3596,748,1,2025-10-25 04:13:32,phone,complete
3597,1301,17,2025-02-06 05:47:58,mobile,complete
3598,424,20,2025-05-11 21:26:07,phone,cancelled
3599,1236,3,2025-06-27 19:08:27,mobile,complete
3600,862,5,2025-01-19 19:52:18,phone,complete
3601,79,23,2025-01-07 18:05:11,store,complete
3602,494,26,2025-10-04 16:27:32,store,complete
3603,533,19,2025-04-28 23:02:29,store,complete
3604,693,36,2025-04-23 01:33:58,web,complete
3605,1128,10,2025-07-08 00:25:25,store,complete
3606,330,36,2025-11-14 18:33:19,store,complete
3607,845,39,2025-08-03 02:25:41,phone,returned
3608,886,19,2025-08-14 11:23:08,mobile,returned
3609,1362,20,2025-08-31 15:17:02,mobile,complete
3610,27,12,2025-02-24 14:44:15,store,cancelled
3611,191,5,2025-05-28 14:06:06,mobile,complete
3612,1261,2,2025-01-24 06:11:59,mobile,cancelled
3613,296,32,2025-04-15 11:39:41,phone,cancelled
3614,1118,9,2025-08-18 23:59:53,mobile,complete
3615,895,34,2025-12-19 17:34:11,mobile,cancelled
3616,91,23,2025-04-19 21:31:32,mobile,returned
3617,568,9,2025-06-04 17:44:19,web,complete
3618,50,5,2025-04-04 01:27:07,mobile,complete
3619,347,1,2025-02-13 23:57:52,web,complete
3620,308,11,2025-05-02 16:16:04,web,cancelled
3621,1118,3,2025-02-19 16:14:46,phone,complete
3622,568,3,2025-03-12 19:25:09,phone,complete
3623,478,24,2025-09-17 18:00:17,web,cancelled
3624,187,26,2025-09-11 05:08:36,web,returned
3625,1152,30,2025-05-29 09:50:32,store,complete
3626,980,15,2025-05-14 08:23:18,phone,complete
3627,453,8,2025-12-07 08:26:51,mobile,complete
3628,764,20,2025-04-19 05:33:33,web,complete
3629,1387,1,2025-09-08 15:34:48,mobile,complete
3630,704,34,2025-05-21 14:38:44,store,cancelled
3631,216,10,2025-01-10 23:15:42,web,complete
3632,122,21,2025-08-07 19:31:13,store,cancelled
3633,1142,2,2025-03-06 01:59:42,web,complete
3634,1331,14,2025-01-22 22:14:56,phone,complete
3635,186,30,2025-05-14 17:10:41,phone,complete
3636,1049,36,2025-01-24 09:36:56,mobile,complete
3637,608,24,2025-10-05 01:23:20,phone,complete
3638,586,10,2025-05-04 20:59:04,store,complete
3639,1124,10,2025-07-29 16:37:35,phone,cancelled
3640,785,22,2025-08-10 03:29:53,mobile,complete
3641,94,31,2025-11-01 01:39:16,phone,complete
3642,93,4,2025-03-27 17:00:39,web,complete
3643,1076,39,2025-04-07 18:00:17,mobile,complete
3644,488,22,2025-08-29 11:29:52,store,complete
3645,1290,32,2025-07-25 16:19:34,web,complete
3646,1423,28,2025-07-08 23:40:48,web,complete
3647,713,12,2025-04-29 13:46:41,web,complete
3648,402,31,2025-12-29 06:46:27,store,complete
3649,45,29,2025-02-16 17:24:43,phone,cancelled
3650,126,22,2025-05-18 22:17:53,phone,complete
3651,573,11,2025-01-11 02:35:22,web,cancelled
3652,899,19,2025-02-24 03:02:44,phone,complete
3653,932,8,2025-09-19 08:00:37,phone,cancelled
3654,125,31,2025-11-24 22:17:46,mobile,complete
3655,1233,12,2025-06-28 12:19:15,store,complete
3656,1278,19,2025-09-28 14:50:02,web,returned
3657,1041,40,2025-06-16 14:02:12,web,complete
3658,505,10,2025-10-04 02:22:50,phone,cancelled
3659,817,35,2025-05-25 22:47:07,store,complete
3660,1356,17,2025-09-19 20:42:50,web,cancelled
3661,855,16,2025-09-23 15:43:30,phone,complete
3662,875,26,2025-05-07 07:49:05,mobile,returned
3663,910,27,2025-06-12 00:50:06,web,complete
3664,1409,6,2025-10-09 19:12:47,phone,complete
3665,603,2,2025-12-08 06:45:47,web,complete
3666,1395,34,2025-03-17 16:10:32,mobile,returned
3667,604,16,2025-06-19 22:45:00,phone,cancelled
3668,869,14,2025-12-24 07:55:33,mobile,cancelled
3669,1376,22,2025-10-01 12:04:02,web,complete
3670,878,28,2025-08-17 16:16:09,mobile,cancelled
3671,1132,23,2025-02-07 02:02:34,mobile,cancelled
3672,100,18,2025-12-15 06:23:55,phone,cancelled
3673,1014,19,2025-12-09 23:50:31,web,returned
3674,833,35,2025-07-12 23:23:03,mobile,complete
3675,479,14,2025-12-01 00:11:19,phone,complete
3676,293,37,2025-09-30 19:10:56,mobile,cancelled
3677,313,20,2025-06-15 03:46:54,store,complete
3678,10,38,2025-09-13 11:36:57,mobile,complete
3679,712,31,2025-02-07 18:56:14,phone,complete
3680,1496,33,2025-07-05 21:35:39,mobile,complete
3681,324,5,2025-12-30 02:26:27,store,complete
3682,1471,35,2025-11-20 06:42:38,web,complete
3683,493,14,2025-04-09 16:54:55,phone,returned
3684,133,12,2025-03-13 03:41:13,phone,cancelled
3685,337,34,2025-07-18 04:43:55,store,complete
3686,156,36,2025-09-27 07:24:17,mobile,complete
3687,158,9,2025-10-23 20:42:55,store,complete
3688,401,5,2025-12-25 14:04:32,mobile,complete
3689,626,6,2025-11-10 20:16:21,web,complete
3690,655,26,2025-04-08 06:50:33,web,returned
3691,247,37,2025-04-02 15:27:01,store,complete
3692,919,20,2025-02-12 10:48:25,phone,returned
3693,1209,17,2025-10-29 18:57:39,mobile,complete
3694,400,15,2025-08-16 05:46:27,mobile,returned
3695,79,38,2025-09-03 00:25:40,phone,complete
3696,130,23,2025-06-11 10:50:33,store,complete
3697,1233,14,2025-02-06 06:22:30,phone,complete
3698,1355,10,2025-07-16 05:49:45,phone,complete
3699,314,21,2025-06-28 08:54:03,phone,cancelled
3700,1243,36,2025-05-06 07:19:57,mobile,complete
3701,418,11,2025-12-22 00:06:11,store,complete
3702,1397,35,2025-08-23 03:23:55,store,returned
3703,16,15,2025-05-16 15:47:42,phone,returned
3704,10,31,2025-06-24 09:55:05,mobile,cancelled
3705,949,37,2025-10-07 02:49:19,phone,complete
3706,1437,31,2025-01-28 12:06:11,mobile,complete
3707,680,11,2025-01-19 10:03:27,phone,complete
3708,1190,35,2025-03-02 23:52:08,mobile,cancelled
3709,473,7,2025-04-27 03:24:45,phone,complete
3710,845,21,2025-06-01 19:02:31,web,complete
3711,753,40,2025-01-15 05:31:23,phone,complete
3712,248,8,2025-10-30 01:56:31,store,returned
3713,882,23,2025-10-03 07:30:14,store,complete
3714,993,16,2025-11-18 12:22:36,web,returned
3715,296,2,2025-09-14 00:38:59,phone,complete
3716,427,3,2025-09-16 10:37:50,phone,complete
3717,82,27,2025-03-20 07:08:34,phone,complete
3718,1192,11,2025-05-23 10:43:46,phone,cancelled
3719,846,5,2025-01-27 21:07:26,store,complete
3720,1363,8,2025-02-11 19:31:39,mobile,complete
3721,774,28,2025-05-02 19:07:44,phone,complete
3722,450,16,2025-08-04 00:30:29,web,returned
3723,160,34,2025-10-16 22:28:15,phone,returned
3724,524,15,2025-09-26 08:19:19,mobile,complete
3725,346,17,2025-02-21 08:12:48,store,complete
3726,621,18,2025-12-09 20:43:59,mobile,complete
3727,101,23,2025-07-01 20:08:39,store,complete
3728,317,6,2025-05-16 17:15:10,store,complete
3729,861,11,2025-06-03 16:22:54,mobile,complete
3730,512,25,2025-09-10 17:22:43,store,complete
3731,1264,35,2025-05-12 14:12:57,phone,returned
3732,61,28,2025-03-17 06:54:29,mobile,cancelled
3733,999,12,2025-02-19 18:39:08,phone,complete
3734,630,6,2025-07-21 18:04:59,web,complete
3735,1175,29,2025-07-24 03:27:35,phone,returned
3736,342,36,2025-05-05 21:44:42,web,returned
3737,464,5,2025-10-01 05:17:53,mobile,cancelled
3738,569,7,2025-10-22 13:22:56,mobile,complete
3739,218,16,2025-07-10 00:22:12,mobile,cancelled
3740,910,38,2025-09-09 04:18:28,mobile,complete
3741,473,13,2025-01-23 22:37:52,store,cancelled
3742,349,32,2025-10-18 21:01:17,mobile,complete
3743,527,39,2025-08-23 04:44:26,mobile,cancelled
3744,383,35,2025-08-11 19:23:14,mobile,complete
3745,970,38,2025-08-18 14:08:52,web,complete
3746,390,4,2025-09-09 13:17:07,phone,complete
3747,705,38,2025-01-18 00:03:57,phone,cancelled
3748,511,30,2025-05-03 13:15:29,web,returned
3749,1124,30,2025-05-13 10:35:12,store,complete
3750,1298,40,2025-08-20 10:09:48,mobile,complete
3751,935,36,2025-09-21 05:06:03,web,complete
3752,1179,14,2025-08-11 06:53:22,store,complete
3753,1091,20,2025-10-23 20:02:11,phone,cancelled
3754,987,38,2025-07-08 12:28:51,web,complete
3755,200,34,2025-06-13 10:13:14,store,returned
3756,1429,2,2025-03-06 15:18:37,store,complete
3757,707,1,2025-11-06 21:41:37,web,cancelled
3758,1337,27,2025-09-24 05:52:46,web,complete
3759,785,25,2025-04-09 08:13:15,store,complete
3760,9,8,2025-11-16 14:45:59,web,cancelled
3761,1325,3,2025-05-18 20:49:21,web,complete
3762,1161,8,2025-09-08 02:09:55,web,complete
3763,433,7,2025-03-31 03:45:19,store,cancelled
3764,1189,26,2025-06-09 16:12:41,phone,returned
3765,56,32,2025-09-05 07:20:53,mobile,returned
3766,1138,30,2025-10-05 16:58:53,phone,cancelled
3767,237,34,2025-05-23 21:17:20,store,complete
3768,277,40,2025-11-20 11:55:41,phone,complete
3769,191,11,2025-04-20 23:49:15,web,complete
3770,1460,19,2025-01-18 23:36:05,store,complete
3771,1189,15,2025-04-27 05:07:21,store,complete
3772,683,39,2025-10-07 11:01:38,mobile,returned
3773,596,27,2025-07-24 23:09:55,mobile,cancelled
3774,189,7,2025-10-23 16:23:39,mobile,complete
3775,78,7,2025-01-26 23:38:46,web,returned
3776,22,40,2025-07-05 20:12:14,web,complete
3777,1107,4,2025-06-21 01:47:51,store,complete
3778,936,24,2025-09-29 22:05:19,mobile,complete
3779,521,25,2025-11-07 18:38:38,web,complete
3780,567,1,2025-02-20 22:14:29,phone,complete
3781,104,6,2025-11-26 13:16:26,phone,complete
3782,944,6,2025-11-30 19:56:46,store,complete
3783,967,33,2025-07-20 01:22:26,phone,cancelled
3784,641,28,2025-03-12 20:55:22,mobile,cancelled
3785,891,1,2025-07-22 22:26:45,store,complete
3786,1332,30,2025-12-07 04:18:57,web,complete
3787,1234,20,2025-09-02 07:27:51,phone,returned
3788,1474,32,2025-03-07 11:12:05,mobile,complete
3789,224,19,2025-03-25 22:36:15,mobile,complete
3790,464,14,2025-04-10 16:59:35,web,returned
3791,314,31,2025-05-03 18:10:14,mobile,complete
3792,1366,15,2025-12-20 21:11:19,mobile,complete
3793,239,31,2025-01-30 21:24:17,store,complete
3794,965,37,2025-01-20 08:37:25,phone,returned
3795,178,9,2025-10-10 09:39:43,store,complete
3796,518,1,2025-01-03 11:51:54,mobile,returned
3797,1256,38,2025-09-03 19:42:41,web,complete
3798,778,27,2025-07-03 01:25:39,mobile,returned
3799,1032,3,2025-02-13 09:50:07,phone,complete
3800,257,25,2025-07-24 10:13:22,phone,complete
3801,488,3,2025-07-21 12:19:32,store,cancelled
3802,580,11,2025-03-05 08:38:53,web,cancelled
3803,16,8,2025-01-22 10:46:49,phone,complete
3804,1018,19,2025-06-11 15:01:37,mobile,cancelled
3805,1281,33,2025-01-20 03:30:44,phone,returned
3806,469,2,2025-04-09 08:10:53,web,complete
3807,1154,32,2025-05-30 14:14:39,web,complete
3808,1131,35,2025-07-09 12:54:52,store,complete
3809,709,28,2025-03-02 15:15:38,web,returned
3810,903,28,2025-09-02 10:43:28,phone,complete
3811,1472,25,2025-05-28 20:17:22,web,complete
3812,598,4,2025-03-12 10:52:44,web,complete
3813,802,3,2025-03-25 02:56:21,web,cancelled
3814,288,36,2025-03-18 13:04:18,store,returned
3815,1052,6,2025-05-31 19:27:50,web,complete
3816,325,29,2025-10-12 04:08:31,web,complete
3817,247,23,2025-10-20 20:49:35,phone,returned
3818,702,25,2025-12-01 07:04:27,web,returned
3819,614,31,2025-01-31 06:26:31,phone,cancelled
3820,804,5,2025-12-04 05:28:12,store,complete
3821,1222,6,2025-05-20 02:13:33,web,complete
3822,11,33,2025-12-14 09:18:33,web,returned
3823,1076,19,2025-01-26 09:17:45,phone,returned
3824,1423,38,2025-07-13 17:20:00,phone,cancelled
3825,842,27,2025-04-04 21:45:35,phone,complete
3826,318,19,2025-07-13 05:02:28,web,cancelled
3827,446,19,2025-05-02 15:21:16,phone,cancelled
3828,1437,39,2025-03-07 04:23:09,phone,cancelled
3829,1465,17,2025-11-20 21:15:47,mobile,complete
3830,1115,28,2025-06-06 05:49:39,store,returned
3831,1261,37,2025-04-08 06:54:00,store,complete
3832,1358,24,2025-04-11 09:19:38,web,returned
3833,1408,9,2025-05-01 21:21:14,mobile,cancelled
3834,858,33,2025-10-04 22:45:29,mobile,cancelled
3835,530,6,2025-03-30 07:02:14,store,complete
3836,575,33,2025-08-23 22:47:08,store,returned
3837,313,35,2025-06-06 16:43:30,mobile,complete
3838,1482,16,2025-12-27 08:00:32,phone,returned
3839,822,12,2025-10-17 08:51:33,web,complete
3840,1109,36,2025-11-13 01:17:51,phone,returned
3841,903,34,2025-03-20 14:46:43,mobile,complete
3842,931,23,2025-12-29 18:06:27,web,complete
3843,962,18,2025-02-22 03:39:43,mobile,cancelled
3844,1142,26,2025-02-07 08:28:27,store,cancelled
3845,1059,39,2025-03-01 06:16:03,web,complete
3846,36,18,2025-04-06 16:13:04,mobile,complete
3847,499,19,2025-04-20 22:42:32,phone,complete
3848,1447,3,2025-06-27 21:52:27,phone,complete
3849,704,15,2025-01-14 01:41:32,store,complete
3850,1189,25,2025-04-26 09:50:49,phone,complete
3851,141,31,2025-07-03 09:28:28,phone,complete
3852,1085,40,2025-05-05 02:18:49,phone,cancelled
3853,851,25,2025-12-10 02:57:17,phone,complete
3854,1377,24,2025-06-11 06:22:02,phone,complete
3855,1347,19,2025-12-13 04:14:35,phone,complete
3856,836,26,2025-12-07 16:16:39,web,cancelled
3857,1161,13,2025-11-08 18:29:30,web,cancelled
3858,71,28,2025-02-10 15:58:00,phone,cancelled
3859,47,38,2025-08-28 21:35:33,web,returned
3860,476,30,2025-02-05 09:37:33,web,cancelled
3861,1355,31,2025-05-19 02:09:14,phone,complete
3862,484,12,2025-11-19 18:47:38,web,returned
3863,1143,9,2025-01-22 10:14:10,store,cancelled
3864,992,6,2025-04-13 15:37:20,store,complete
3865,1131,11,2025-03-25 20:45:47,web,cancelled
3866,303,15,2025-07-16 21:01:33,store,complete
3867,1144,10,2025-07-24 19:31:49,phone,complete
3868,1104,15,2025-07-31 02:43:38,phone,complete
3869,1128,24,2025-09-16 03:24:30,store,returned
3870,266,11,2025-11-30 21:19:47,store,cancelled
3871,1376,39,2025-10-04 17:53:35,store,complete
3872,1153,11,2025-12-08 14:15:39,web,returned
3873,242,9,2025-02-12 14:12:59,phone,complete
3874,875,32,2025-05-14 15:44:07,web,returned
3875,921,32,2025-03-21 12:53:55,phone,complete
3876,874,37,2025-05-28 01:52:12,store,cancelled
3877,1425,39,2025-11-29 02:45:30,phone,complete
3878,601,13,2025-07-23 16:20:57,store,returned
3879,995,7,2025-07-24 01:56:14,store,complete
3880,822,39,2025-05-11 03:02:31,mobile,complete
3881,257,20,2025-06-26 23:38:16,phone,complete
3882,981,8,2025-06-22 06:48:00,mobile,cancelled
3883,1150,6,2025-05-01 18:27:30,phone,complete
3884,1157,4,2025-10-04 09:21:51,store,cancelled
3885,785,32,2025-05-12 21:32:36,web,cancelled
3886,377,10,2025-02-21 00:15:21,mobile,cancelled
3887,525,1,2025-09-07 21:43:50,store,returned
3888,978,21,2025-04-20 23:43:50,web,returned
3889,732,28,2025-12-24 06:15:10,phone,complete
3890,748,21,2025-03-02 12:30:53,web,complete
3891,238,37,2025-11-18 19:40:40,mobile,complete
3892,984,17,2025-09-10 18:11:12,phone,complete
3893,1388,16,2025-09-06 10:56:06,store,returned
3894,433,1,2025-08-03 00:52:46,mobile,cancelled
3895,1168,15,2025-03-14 18:18:26,mobile,complete
3896,982,36,2025-02-21 05:12:28,web,complete
3897,653,20,2025-12-21 02:23:26,store,cancelled
3898,721,10,2025-04-03 13:40:57,mobile,cancelled
3899,1123,17,2025-11-04 06:52:12,mobile,cancelled
3900,1490,13,2025-06-08 08:52:53,store,cancelled
3901,96,40,2025-01-31 12:29:38,store,complete
3902,967,25,2025-05-09 21:07:43,store,complete
3903,721,16,2025-05-21 18:56:30,phone,complete
3904,672,17,2025-08-13 11:45:03,store,returned
3905,1038,37,2025-09-23 04:18:07,web,complete
3906,249,23,2025-10-04 16:39:18,phone,complete
3907,755,15,2025-12-10 10:03:21,store,cancelled
3908,626,37,2025-09-26 10:19:40,mobile,cancelled
3909,327,19,2025-06-03 23:32:50,phone,returned
3910,1043,30,2025-07-20 03:32:30,mobile,complete
3911,221,8,2025-01-29 23:31:00,mobile,complete
3912,693,26,2025-11-05 03:43:20,store,complete
3913,1320,28,2025-08-25 03:28:40,web,returned
3914,350,33,2025-02-26 15:38:57,store,complete
3915,131,5,2025-08-02 17:11:07,web,cancelled
3916,736,16,2025-08-04 11:29:43,web,complete
3917,588,23,2025-05-06 08:46:46,store,complete
3918,764,3,2025-06-02 17:40:54,web,cancelled
3919,622,6,2025-10-15 19:48:37,mobile,complete
3920,447,2,2025-06-19 21:22:25,store,cancelled
3921,887,16,2025-09-03 11:28:19,mobile,complete
3922,833,15,2025-10-05 15:19:03,phone,complete
3923,1227,1,2025-07-14 01:18:02,web,returned
3924,595,40,2025-10-11 23:47:52,phone,returned
3925,957,13,2025-05-13 00:54:39,phone,complete
3926,683,31,2025-02-20 16:06:15,store,returned
3927,1275,15,2025-10-25 18:03:28,phone,complete
3928,1167,29,2025-01-04 01:28:50,mobile,cancelled
3929,163,26,2025-07-25 06:36:53,phone,returned
3930,1465,16,2025-12-18 01:05:15,web,cancelled
3931,1106,19,2025-06-09 02:22:42,phone,returned
3932,81,32,2025-03-18 07:53:01,web,cancelled
3933,460,22,2025-12-25 01:09:05,store,complete
3934,1029,4,2025-02-19 21:29:25,mobile,complete
3935,1277,39,2025-06-03 04:15:27,mobile,cancelled
3936,1346,21,2025-02-23 19:42:01,store,returned
3937,807,40,2025-10-26 03:28:15,web,complete
3938,1488,18,2025-01-03 07:52:43,phone,complete
3939,117,13,2025-07-29 16:52:23,phone,complete
3940,497,13,2025-06-05 23:11:17,web,returned
3941,647,4,2025-05-30 21:16:59,store,cancelled
3942,1014,26,2025-06-29 00:42:28,phone,returned
3943,1403,15,2025-09-22 05:21:07,phone,returned
3944,427,29,2025-03-25 10:28:05,store,complete
3945,348,13,2025-09-18 05:54:32,store,returned
3946,705,36,2025-08-01 05:14:54,phone,cancelled
3947,1499,3,2025-09-08 14:01:58,store,complete
3948,979,20,2025-01-04 17:17:13,web,returned
3949,447,11,2025-09-08 22:28:19,web,returned
3950,375,23,2025-03-12 11:44:50,mobile,complete
3951,361,25,2025-04-14 17:20:20,store,cancelled
3952,608,30,2025-12-13 18:37:18,phone,complete
3953,821,9,2025-06-08 20:29:10,phone,complete
3954,764,23,2025-06-14 08:31:46,store,complete
3955,990,19,2025-12-31 15:10:24,web,complete
3956,727,35,2025-07-11 03:47:01,store,complete
3957,1210,8,2025-06-22 21:30:11,store,complete
3958,1167,5,2025-08-03 22:54:19,store,returned
3959,1118,10,2025-04-08 04:49:57,web,complete
3960,1458,10,2025-04-20 01:01:40,web,returned
3961,3,9,2025-01-25 14:50:15,web,complete
3962,736,24,2025-09-22 12:52:23,store,complete
3963,687,12,2025-08-10 19:11:56,phone,complete
3964,17,10,2025-12-21 19:06:11,phone,complete
3965,1101,17,2025-10-21 11:56:34,mobile,complete
3966,124,28,2025-07-12 08:22:37,store,returned
3967,284,34,2025-05-29 07:50:33,store,complete
3968,112,17,2025-11-30 08:57:20,store,complete
3969,937,13,2025-07-20 09:03:08,web,complete
3970,807,35,2025-04-04 12:45:20,web,complete
3971,282,8,2025-03-21 11:50:52,mobile,complete
3972,1171,5,2025-10-22 06:11:42,phone,cancelled
3973,172,1,2025-09-20 00:57:57,store,complete
3974,730,4,2025-02-05 11:14:14,web,complete
3975,539,18,2025-07-26 21:57:39,store,complete
3976,271,21,2025-02-06 07:05:06,mobile,complete
3977,1237,15,2025-08-08 09:26:18,mobile,cancelled
3978,1390,34,2025-02-17 09:59:45,phone,complete
3979,587,7,2025-01-06 03:07:19,mobile,complete
3980,1402,5,2025-05-02 17:05:06,mobile,complete
3981,1163,19,2025-04-09 10:34:28,web,complete
3982,960,14,2025-04-15 14:38:08,mobile,cancelled
3983,1047,30,2025-04-12 15:58:13,web,returned
3984,1445,21,2025-04-14 12:57:48,mobile,cancelled
3985,965,5,2025-01-03 12:01:09,web,complete
3986,355,33,2025-05-15 00:28:46,web,complete
3987,580,16,2025-08-30 03:48:55,store,cancelled
3988,474,4,2025-07-11 17:21:47,phone,complete
3989,58,19,2025-12-12 17:31:11,mobile,complete
3990,681,9,2025-05-20 17:25:25,web,cancelled
3991,1215,6,2025-04-23 09:10:08,store,complete
3992,1253,7,2025-04-06 01:57:49,web,complete
3993,1306,12,2025-03-18 10:20:49,web,returned
3994,362,40,2025-03-01 07:40:37,mobile,complete
3995,1031,39,2025-10-23 16:31:11,mobile,complete
3996,278,11,2025-02-08 04:35:29,mobile,complete
3997,532,12,2025-09-06 07:52:18,web,complete
3998,677,6,2025-06-09 01:36:05,store,complete
3999,797,30,2025-04-22 04:57:13,phone,complete
4000,606,32,2025-06-28 08:52:36,phone,complete
4001,117,32,2025-04-16 02:40:52,phone,complete
4002,1499,30,2025-09-04 05:58:19,store,complete
4003,1287,29,2025-04-29 10:05:45,web,complete
4004,1245,37,2025-04-28 18:56:02,mobile,complete
4005,1144,20,2025-10-12 06:07:17,web,complete
4006,200,16,2025-11-11 03:57:45,mobile,complete
4007,1188,38,2025-12-31 00:24:32,mobile,complete
4008,313,24,2025-02-25 22:06:14,phone,complete
4009,1039,35,2025-09-07 10:22:40,phone,complete
4010,859,21,2025-10-21 19:41:49,store,complete
4011,715,7,2025-10-13 10:01:57,phone,complete
4012,293,10,2025-07-18 00:15:52,phone,complete
4013,1011,8,2025-11-12 13:17:06,store,cancelled
4014,984,10,2025-10-03 01:08:50,store,complete
4015,987,36,2025-10-05 08:49:01,web,complete
4016,506,36,2025-03-27 03:06:10,store,complete
4017,442,29,2025-08-12 13:15:38,web,complete
4018,142,11,2025-04-21 17:13:48,mobile,complete
4019,792,5,2025-12-18 06:00:56,mobile,cancelled
4020,1210,12,2025-03-31 03:49:15,store,returned
4021,360,32,2025-02-08 01:49:28,phone,returned
4022,438,22,2025-06-09 09:54:40,phone,complete
4023,274,25,2025-09-08 15:48:54,store,cancelled
4024,147,1,2025-07-16 13:46:58,phone,complete
4025,1081,7,2025-12-25 04:44:47,mobile,complete
4026,36,35,2025-07-06 23:57:35,web,complete
4027,843,21,2025-12-22 12:23:00,store,returned
4028,1353,40,2025-01-28 01:48:55,web,returned
4029,466,37,2025-04-26 15:18:34,mobile,complete
4030,783,6,2025-09-10 22:04:50,phone,returned
4031,1070,9,2025-06-21 09:38:50,mobile,complete
4032,803,10,2025-01-16 06:18:33,phone,complete
4033,794,29,2025-12-24 21:41:44,phone,complete
4034,112,17,2025-11-17 00:40:20,mobile,complete
4035,1498,21,2025-07-25 22:35:24,web,complete
4036,1020,36,2025-09-19 10:10:13,store,complete
4037,26,21,2025-11-23 18:50:47,phone,complete
4038,1166,4,2025-09-07 07:57:31,store,cancelled
4039,1022,40,2025-05-27 00:25:55,phone,complete
4040,1500,32,2025-09-02 05:19:43,store,complete
4041,347,35,2025-04-25 08:29:15,mobile,complete
4042,335,15,2025-12-29 02:53:19,mobile,cancelled
4043,1337,33,2025-08-10 21:34:30,store,complete
4044,1044,35,2025-08-17 15:10:01,store,returned
4045,469,5,2025-11-08 08:44:19,mobile,complete
4046,807,10,2025-10-31 05:27:42,store,cancelled
4047,3,10,2025-05-13 20:24:13,store,complete
4048,223,10,2025-04-12 06:12:43,mobile,cancelled
4049,1275,3,2025-05-18 02:34:01,store,complete
4050,420,28,2025-09-06 08:59:27,store,complete
4051,1417,22,2025-07-05 05:30:37,phone,returned
4052,616,34,2025-07-19 12:45:18,web,complete
4053,1086,17,2025-07-27 09:18:19,mobile,complete
4054,1070,11,2025-07-12 14:09:29,mobile,complete
4055,266,7,2025-06-05 12:44:20,phone,complete
4056,548,35,2025-08-26 10:35:10,store,complete
4057,1471,23,2025-02-28 02:49:29,store,complete
4058,473,31,2025-02-07 07:46:01,web,cancelled
4059,986,40,2025-04-16 00:45:25,web,complete
4060,957,14,2025-11-09 21:17:09,web,complete
4061,1077,8,2025-04-17 14:28:16,web,complete
4062,569,37,2025-05-26 22:38:37,store,returned
4063,469,7,2025-02-14 20:13:41,phone,complete
4064,115,40,2025-01-15 01:46:59,mobile,complete
4065,1199,6,2025-04-20 17:00:14,store,complete
4066,1025,27,2025-01-03 05:48:12,mobile,cancelled
4067,524,6,2025-07-27 06:47:34,phone,complete
4068,38,22,2025-05-18 15:33:03,web,complete
4069,1294,4,2025-10-28 03:36:22,store,cancelled
4070,384,38,2025-03-18 17:37:22,phone,complete
4071,394,25,2025-01-14 00:52:29,web,cancelled
4072,1211,28,2025-10-19 03:29:58,store,complete
4073,88,1,2025-01-05 15:49:56,mobile,cancelled
4074,185,28,2025-12-27 08:50:19,store,cancelled
4075,423,23,2025-10-05 11:54:18,web,cancelled
4076,743,7,2025-07-25 13:40:09,phone,complete
4077,556,19,2025-12-07 13:46:13,store,complete
4078,129,12,2025-08-03 12:31:26,phone,complete
4079,1253,25,2025-09-10 09:09:11,store,cancelled
4080,1029,35,2025-08-19 02:59:48,phone,complete
4081,1069,23,2025-01-19 20:13:15,mobile,complete
4082,101,8,2025-09-18 07:53:41,web,returned
4083,272,33,2025-04-07 00:40:42,web,returned
4084,1187,22,2025-07-27 22:46:58,mobile,returned
4085,1460,22,2025-03-26 19:39:32,store,complete
4086,1239,32,2025-11-13 21:19:01,phone,cancelled
4087,500,32,2025-10-28 09:14:39,web,complete
4088,1335,26,2025-08-05 06:49:57,web,complete
4089,1429,12,2025-06-14 16:13:46,mobile,complete
4090,243,19,2025-12-21 11:02:55,phone,complete
4091,347,22,2025-11-01 18:01:12,mobile,returned
4092,245,25,2025-09-26 21:11:31,store,complete
4093,72,2,2025-05-29 09:48:53,web,returned
4094,505,16,2025-11-13 03:27:53,web,complete
4095,1127,18,2025-10-25 11:59:35,store,complete
4096,265,2,2025-04-29 10:51:01,web,returned
4097,390,36,2025-10-21 20:47:45,store,complete
4098,1330,37,2025-08-17 08:59:11,web,complete
4099,1243,27,2025-12-22 23:19:04,mobile,returned
4100,618,17,2025-01-10 17:03:07,phone,complete
4101,1075,19,2025-07-28 08:02:08,phone,cancelled
4102,190,12,2025-11-28 02:29:30,phone,complete
4103,677,5,2025-11-06 09:34:45,phone,complete
4104,518,12,2025-06-04 00:38:57,mobile,complete
4105,831,12,2025-04-04 17:28:37,store,complete
4106,1379,16,2025-03-18 00:07:18,mobile,complete
4107,1005,34,2025-05-17 08:01:55,web,complete
4108,1208,17,2025-03-27 21:50:15,phone,returned
4109,56,11,2025-09-02 13:01:59,phone,complete
4110,1220,10,2025-02-09 07:03:45,web,returned
4111,378,36,2025-04-04 00:55:02,web,complete
4112,1014,5,2025-11-23 19:25:09,web,complete
4113,486,19,2025-06-17 18:25:14,store,complete
4114,237,31,2025-04-19 09:05:08,store,complete
4115,1023,28,2025-03-04 23:16:27,web,cancelled
4116,1269,39,2025-07-28 04:51:42,phone,cancelled
4117,764,13,2025-09-08 07:20:52,phone,returned
4118,451,5,2025-11-03 12:36:04,store,complete
4119,751,18,2025-04-28 00:15:33,phone,complete
4120,614,38,2025-06-17 23:36:53,phone,cancelled
4121,703,36,2025-04-08 01:50:43,web,cancelled
4122,205,20,2025-10-20 14:40:02,mobile,returned
4123,881,29,2025-01-31 21:30:20,phone,cancelled
4124,90,21,2025-09-18 13:06:32,web,complete
4125,1368,3,2025-05-21 18:26:34,store,returned
4126,1338,4,2025-02-12 08:15:09,web,returned
4127,908,30,2025-05-19 16:14:55,store,complete
4128,1088,7,2025-04-05 04:16:11,store,complete
4129,99,2,2025-08-06 08:31:33,phone,complete
4130,965,35,2025-02-26 17:00:00,store,returned
4131,70,31,2025-03-23 16:56:33,mobile,cancelled
4132,1346,38,2025-03-27 06:08:09,phone,complete
4133,664,15,2025-04-26 16:24:57,mobile,cancelled
4134,640,33,2025-03-02 06:13:20,web,complete
4135,269,21,2025-12-10 22:47:14,store,complete
4136,133,36,2025-05-19 19:01:25,mobile,cancelled
4137,232,20,2025-03-25 22:21:14,store,complete
4138,122,30,2025-07-05 22:15:49,web,complete
4139,786,12,2025-10-19 14:46:52,phone,cancelled
4140,1275,15,2025-09-26 21:57:01,phone,complete
4141,371,22,2025-06-04 14:31:14,store,cancelled
4142,1220,40,2025-06-03 07:02:36,store,complete
4143,1213,39,2025-07-07 00:04:01,web,cancelled
4144,467,39,2025-09-04 09:37:39,store,cancelled
4145,40,39,2025-05-14 23:37:16,store,complete
4146,313,34,2025-01-19 01:18:40,phone,complete
4147,505,6,2025-07-18 08:34:04,phone,complete
4148,1435,32,2025-07-14 06:17:06,web,complete
4149,1122,28,2025-02-25 19:24:49,web,complete
4150,1367,4,2025-01-03 16:33:05,web,complete
4151,589,17,2025-06-02 16:07:29,phone,returned
4152,730,17,2025-02-28 23:55:08,store,cancelled
4153,637,37,2025-12-04 10:34:31,web,cancelled
4154,679,18,2025-03-29 00:31:26,mobile,returned
4155,37,9,2025-04-19 15:17:36,mobile,returned
4156,308,4,2025-11-02 00:17:11,web,complete
4157,1097,32,2025-02-22 06:58:58,store,complete
4158,1260,19,2025-05-05 14:02:53,store,complete
4159,726,10,2025-05-16 08:16:21,phone,complete
4160,1305,28,2025-04-10 12:35:12,phone,cancelled
4161,777,24,2025-01-26 13:57:40,web,complete
4162,1393,4,2025-12-12 07:41:04,web,complete
4163,303,15,2025-02-08 07:44:06,phone,complete
4164,255,3,2025-08-29 13:32:21,mobile,cancelled
4165,479,5,2025-11-10 14:26:06,web,complete
4166,1307,22,2025-02-10 20:13:18,mobile,complete
4167,489,8,2025-12-09 01:05:27,web,complete
4168,1163,23,2025-02-20 18:28:02,store,complete
4169,524,4,2025-05-04 10:56:57,web,complete
4170,1032,29,2025-12-26 18:04:42,store,returned
4171,803,14,2025-08-27 09:42:46,phone,returned
4172,530,19,2025-08-29 10:54:28,store,complete
4173,1406,24,2025-05-27 21:57:44,store,returned
4174,46,7,2025-08-16 11:41:18,phone,complete
4175,758,16,2025-04-16 02:23:01,web,complete
4176,543,3,2025-01-28 08:55:56,store,returned
4177,581,39,2025-03-04 03:05:41,mobile,complete
4178,885,28,2025-02-03 19:49:32,web,complete
4179,935,4,2025-01-02 02:29:19,store,complete
4180,287,11,2025-09-08 19:17:57,store,returned
4181,1423,23,2025-06-12 03:15:29,mobile,cancelled
4182,792,8,2025-05-03 15:46:31,store,cancelled
4183,891,40,2025-07-07 12:07:42,mobile,complete
4184,803,30,2025-06-15 02:06:33,store,complete
4185,79,31,2025-07-04 15:37:34,web,cancelled
4186,483,6,2025-04-06 13:14:40,phone,returned
4187,1431,6,2025-07-04 09:57:38,web,returned
4188,1243,31,2025-09-13 03:30:28,store,complete
4189,988,30,2025-04-11 05:04:30,mobile,complete
4190,33,13,2025-06-15 19:16:35,web,complete
4191,819,23,2025-11-03 20:35:36,store,cancelled
4192,763,34,2025-10-07 22:41:56,phone,complete
4193,612,36,2025-05-29 00:06:38,web,complete
4194,89,32,2025-03-17 04:54:17,store,complete
4195,96,25,2025-02-19 05:32:55,web,complete
4196,1226,19,2025-02-05 00:20:27,mobile,complete
4197,605,11,2025-05-04 05:46:45,mobile,returned
4198,752,11,2025-07-21 12:36:56,store,cancelled
4199,820,9,2025-02-28 01:19:49,mobile,complete
4200,681,28,2025-02-04 03:56:43,web,cancelled
4201,749,3,2025-11-27 00:42:59,mobile,complete
4202,258,39,2025-07-18 09:33:55,mobile,complete
4203,1063,14,2025-05-30 17:46:04,mobile,cancelled
4204,127,36,2025-06-23 12:32:56,store,cancelled
4205,1497,18,2025-01-13 22:14:15,mobile,returned
4206,766,26,2025-05-07 23:36:10,web,cancelled
4207,58,31,2025-01-04 23:09:23,store,complete
4208,487,31,2025-12-30 19:54:30,phone,complete
4209,183,6,2025-09-07 01:41:41,web,cancelled
4210,46,4,2025-02-24 09:42:08,mobile,complete
4211,583,1,2025-02-14 21:20:10,phone,returned
4212,434,21,2025-05-24 01:16:55,web,complete
4213,442,34,2025-07-08 12:06:43,mobile,complete
4214,582,22,2025-05-04 09:11:00,mobile,cancelled
4215,102,31,2025-02-11 21:11:10,web,complete
4216,1277,40,2025-10-08 20:24:37,store,complete
4217,490,11,2025-11-05 23:54:40,mobile,complete
4218,277,3,2025-12-16 16:50:35,store,complete
4219,1137,23,2025-05-20 10:51:11,mobile,complete
4220,54,31,2025-03-05 22:03:27,store,complete
4221,145,20,2025-08-03 22:01:05,web,cancelled
4222,21,9,2025-01-17 13:10:38,phone,cancelled
4223,698,5,2025-10-12 12:07:13,web,returned
4224,1410,33,2025-01-29 05:37:14,phone,cancelled
4225,48,23,2025-09-19 21:33:29,web,complete
4226,812,9,2025-03-19 20:41:48,mobile,complete
4227,446,24,2025-03-04 01:14:53,mobile,complete
4228,371,2,2025-07-23 19:22:05,store,cancelled
4229,837,17,2025-02-16 17:46:12,store,cancelled
4230,936,6,2025-08-09 14:23:52,phone,complete
4231,758,27,2025-07-03 15:37:03,mobile,cancelled
4232,1085,13,2025-06-06 04:08:08,web,returned
4233,645,28,2025-09-29 13:04:05,mobile,complete
4234,583,39,2025-04-04 02:04:31,web,complete
4235,715,10,2025-07-16 23:34:58,web,returned
4236,1480,40,2025-07-13 11:42:23,phone,complete
4237,779,40,2025-10-13 08:07:10,mobile,returned
4238,633,28,2025-07-19 02:26:02,mobile,returned
4239,462,26,2025-06-30 17:25:29,web,cancelled
4240,1437,3,2025-05-22 01:41:57,mobile,complete
4241,1461,32,2025-06-29 00:41:25,web,complete
4242,513,27,2025-05-25 09:07:20,store,cancelled
4243,1229,11,2025-05-17 18:37:19,phone,complete
4244,1225,31,2025-07-23 09:57:41,phone,complete
4245,1225,35,2025-04-11 00:29:48,store,complete
4246,956,21,2025-11-16 09:31:26,store,cancelled
4247,555,34,2025-12-07 01:32:17,store,complete
4248,1386,14,2025-03-23 15:32:57,web,complete
4249,675,15,2025-01-27 07:55:26,mobile,returned
4250,422,18,2025-10-17 05:34:05,store,complete
4251,622,28,2025-03-12 14:10:58,mobile,cancelled
4252,239,6,2025-04-28 15:43:54,mobile,returned
4253,331,5,2025-05-03 00:58:52,phone,complete
4254,900,39,2025-11-20 23:51:59,store,complete
4255,875,36,2025-05-05 13:20:07,web,cancelled
4256,1497,34,2025-09-02 15:08:17,store,returned
4257,68,29,2025-05-29 05:45:59,store,complete
4258,223,30,2025-07-07 02:52:12,mobile,complete
4259,382,15,2025-04-29 18:01:05,phone,complete
4260,574,20,2025-07-20 03:35:45,mobile,cancelled
4261,363,18,2025-11-26 13:57:10,mobile,complete
4262,483,33,2025-09-21 12:37:30,phone,returned
4263,446,7,2025-03-11 06:32:56,mobile,complete
4264,124,34,2025-05-07 13:29:37,mobile,complete
4265,1179,35,2025-07-01 08:15:39,web,returned
4266,1180,8,2025-08-03 11:58:16,mobile,complete
4267,50,30,2025-12-14 06:26:51,store,returned
4268,1486,17,2025-11-22 20:25:57,mobile,returned
4269,725,40,2025-01-05 23:42:06,phone,complete
4270,1421,38,2025-12-04 07:20:32,mobile,cancelled
4271,844,3,2025-12-10 18:37:25,web,complete
4272,1327,2,2025-06-29 16:17:26,web,returned
4273,679,33,2025-08-04 03:31:54,store,returned
4274,1375,22,2025-12-29 23:58:59,mobile,returned
4275,347,13,2025-09-21 18:14:39,mobile,complete
4276,1028,38,2025-03-16 02:17:48,phone,returned
4277,1290,24,2025-10-14 21:43:37,web,complete
4278,892,30,2025-11-01 07:51:04,phone,complete
4279,583,13,2025-07-17 11:26:50,web,returned
4280,1067,27,2025-04-20 09:01:38,mobile,complete
4281,802,12,2025-11-05 11:20:55,phone,complete
4282,762,32,2025-07-20 19:12:50,mobile,returned
4283,13,9,2025-08-23 09:23:40,web,complete
4284,1440,10,2025-02-14 17:21:00,mobile,cancelled
4285,1398,19,2025-02-21 21:30:57,web,complete
4286,1421,15,2025-08-04 21:48:12,mobile,complete
4287,1105,27,2025-07-22 04:40:40,web,complete
4288,914,8,2025-02-17 01:31:54,phone,returned
4289,1287,16,2025-05-10 04:53:12,mobile,cancelled
4290,83,26,2025-09-18 09:00:02,web,complete
4291,439,23,2025-05-27 16:59:48,mobile,complete
4292,1107,23,2025-07-19 15:13:35,mobile,cancelled
4293,687,19,2025-02-22 05:41:57,phone,complete
4294,1339,24,2025-03-20 01:27:19,mobile,complete
4295,26,12,2025-05-17 22:26:50,web,complete
4296,719,37,2025-10-27 18:34:13,store,complete
4297,277,10,2025-03-04 06:41:39,phone,complete
4298,86,5,2025-11-19 16:33:37,store,complete
4299,459,32,2025-02-15 18:13:17,web,cancelled
4300,501,6,2025-05-22 19:04:04,store,complete
4301,1447,30,2025-09-19 14:00:12,mobile,complete
4302,1269,5,2025-01-04 03:35:30,phone,complete
4303,1236,11,2025-02-14 19:14:22,web,complete
4304,575,37,2025-04-29 21:20:21,web,complete
4305,842,18,2025-09-29 23:24:44,store,returned
4306,1067,13,2025-02-10 22:21:31,mobile,complete
4307,1168,26,2025-01-17 03:42:32,mobile,complete
4308,932,21,2025-05-17 05:15:20,phone,complete
4309,1284,26,2025-02-09 14:33:02,store,complete
4310,535,16,2025-06-04 02:09:17,phone,complete
4311,672,40,2025-09-11 20:52:20,web,complete
4312,714,31,2025-11-12 04:09:32,store,returned
4313,227,14,2025-12-06 21:40:44,store,complete
4314,255,19,2025-09-23 01:04:45,mobile,complete
4315,1154,26,2025-03-18 16:08:28,mobile,cancelled
4316,598,6,2025-11-30 16:19:04,phone,complete
4317,713,36,2025-08-03 08:08:24,phone,complete
4318,434,18,2025-08-08 14:25:29,mobile,complete
4319,1020,23,2025-05-28 16:00:39,phone,complete
4320,1428,16,2025-06-16 17:13:02,web,cancelled
4321,152,33,2025-04-23 07:26:19,phone,complete
4322,993,35,2025-04-15 02:23:00,store,complete
4323,930,15,2025-11-01 03:47:50,store,complete
4324,5,11,2025-05-23 01:46:12,store,cancelled
4325,513,3,2025-04-04 02:08:07,mobile,complete
4326,206,6,2025-03-22 15:46:54,store,returned
4327,67,22,2025-08-11 14:07:43,phone,cancelled
4328,1446,34,2025-11-10 06:13:41,store,complete
4329,305,29,2025-08-08 22:35:38,phone,complete
4330,889,21,2025-11-14 04:28:45,phone,returned
4331,1434,7,2025-08-17 03:28:01,phone,complete
4332,407,28,2025-12-20 04:03:04,store,complete
4333,157,24,2025-10-21 15:31:13,web,complete
4334,1408,4,2025-03-17 06:27:52,mobile,returned
4335,513,8,2025-09-20 02:18:22,web,complete
4336,612,25,2025-08-31 15:31:30,store,complete
4337,385,4,2025-04-23 03:42:03,web,returned
4338,75,36,2025-01-17 20:27:55,phone,complete
4339,1270,16,2025-04-21 16:00:23,store,complete
4340,1192,12,2025-04-11 13:03:22,store,complete
4341,1242,1,2025-09-13 19:26:03,phone,cancelled
4342,885,21,2025-01-28 19:27:41,store,cancelled
4343,1430,1,2025-10-15 00:36:09,store,complete
4344,687,26,2025-11-03 18:07:55,store,cancelled
4345,491,23,2025-03-20 23:03:17,phone,cancelled
4346,1300,5,2025-02-03 18:10:55,web,returned
4347,1212,28,2025-09-17 09:52:12,mobile,cancelled
4348,135,27,2025-04-19 19:48:55,mobile,returned
4349,1104,25,2025-02-16 04:43:45,store,returned
4350,998,2,2025-05-24 03:14:52,web,returned
4351,181,9,2025-04-26 12:44:18,phone,complete
4352,395,24,2025-05-29 16:16:39,web,complete
4353,1477,34,2025-06-10 23:50:06,web,returned
4354,130,33,2025-11-14 23:54:16,web,complete
4355,674,14,2025-12-26 01:34:55,web,returned
4356,1129,1,2025-12-15 17:31:33,store,returned
4357,1032,36,2025-12-24 14:51:42,web,complete
4358,821,20,2025-11-12 00:02:28,web,returned
4359,161,31,2025-04-09 01:31:44,mobile,returned
4360,218,17,2025-04-08 00:26:40,phone,returned
4361,1272,6,2025-08-16 05:11:04,store,cancelled
4362,1454,1,2025-08-13 06:52:46,mobile,complete
4363,406,11,2025-04-14 18:15:30,web,complete
4364,1052,28,2025-04-04 01:36:48,web,returned
4365,1012,34,2025-07-19 20:05:49,store,complete
4366,663,33,2025-10-28 01:38:14,phone,complete
4367,848,9,2025-10-07 06:17:54,phone,cancelled
4368,574,17,2025-10-11 18:55:21,phone,cancelled
4369,168,33,2025-08-11 16:19:49,store,complete
4370,582,34,2025-07-25 06:50:34,web,returned
4371,811,39,2025-09-18 13:08:39,phone,complete
4372,819,32,2025-02-19 12:08:48,phone,complete
4373,258,16,2025-06-21 09:14:17,store,cancelled
4374,396,31,2025-06-30 21:34:34,web,complete
4375,1410,20,2025-06-04 14:51:01,mobile,returned
4376,689,28,2025-11-05 17:58:30,store,complete
4377,190,20,2025-09-15 08:53:18,mobile,complete
4378,796,3,2025-01-09 05:05:29,store,cancelled
4379,1195,38,2025-06-29 18:04:49,web,cancelled
4380,1188,34,2025-10-23 10:53:13,store,complete
4381,76,35,2025-04-06 15:59:55,web,complete
4382,503,15,2025-11-13 09:11:21,store,returned
4383,1049,29,2025-03-22 00:41:16,web,complete
4384,497,37,2025-08-23 18:59:38,store,complete
4385,275,5,2025-04-19 13:55:30,web,returned
4386,64,34,2025-05-09 09:51:24,store,cancelled
4387,127,33,2025-12-08 14:18:03,web,complete
4388,662,23,2025-03-15 09:06:14,phone,complete
4389,710,3,2025-10-14 01:47:07,web,returned
4390,1206,21,2025-02-03 19:44:49,phone,returned
4391,206,29,2025-01-18 16:55:28,phone,complete
4392,1324,30,2025-06-17 08:51:56,store,complete
4393,1168,16,2025-05-19 13:17:50,phone,complete
4394,922,1,2025-04-26 05:45:37,mobile,complete
4395,1164,5,2025-09-07 06:54:06,mobile,returned
4396,65,6,2025-06-30 04:27:35,phone,complete
4397,550,7,2025-07-23 15:22:34,store,complete
4398,1032,33,2025-04-02 08:44:26,web,returned
4399,215,20,2025-10-03 23:02:22,store,complete
4400,1015,7,2025-03-12 12:40:15,mobile,cancelled
4401,1163,13,2025-07-23 18:49:34,store,cancelled
4402,1485,13,2025-09-01 17:05:14,phone,complete
4403,522,23,2025-07-05 06:26:06,mobile,complete
4404,1013,34,2025-11-23 19:00:42,phone,complete
4405,539,7,2025-11-29 08:30:08,store,returned
4406,92,9,2025-11-08 04:22:36,phone,returned
4407,606,5,2025-05-30 22:31:15,phone,complete
4408,492,5,2025-01-06 15:25:32,web,complete
4409,535,20,2025-12-07 18:31:17,phone,cancelled
4410,1264,24,2025-10-14 23:21:16,mobile,returned
4411,1271,7,2025-11-02 07:34:00,web,complete
4412,10,3,2025-12-10 21:42:20,phone,complete
4413,364,24,2025-12-31 06:44:33,mobile,complete
4414,139,16,2025-06-08 04:51:20,phone,complete
4415,511,5,2025-07-22 15:57:13,mobile,returned
4416,116,18,2025-07-08 16:51:49,phone,returned
4417,278,14,2025-12-23 12:07:13,phone,cancelled
4418,371,6,2025-05-08 21:38:43,phone,complete
4419,736,4,2025-04-06 06:07:24,web,complete
4420,871,20,2025-04-25 12:33:27,mobile,returned
4421,1396,37,2025-11-02 04:35:58,store,complete
4422,539,18,2025-03-20 10:56:11,store,cancelled
4423,332,25,2025-05-12 19:45:58,web,returned
4424,423,16,2025-09-06 19:21:18,web,complete
4425,85,39,2025-11-12 23:46:54,phone,complete
4426,139,33,2025-02-03 17:15:49,phone,cancelled
4427,654,1,2025-07-22 14:09:21,phone,complete
4428,1474,24,2025-12-26 02:53:59,web,complete
4429,586,19,2025-07-25 21:30:59,web,returned
4430,833,26,2025-05-16 04:38:37,phone,returned
4431,749,17,2025-05-19 06:50:30,phone,complete
4432,1433,25,2025-12-20 12:30:27,web,complete
4433,1382,4,2025-01-07 22:51:49,web,complete
4434,431,8,2025-04-09 23:10:38,mobile,complete
4435,624,11,2025-10-26 02:29:23,web,complete
4436,540,35,2025-06-22 15:26:10,store,complete
4437,628,24,2025-07-01 11:56:52,web,complete
4438,482,26,2025-02-24 20:25:29,store,cancelled
4439,676,16,2025-05-07 06:49:26,phone,cancelled
4440,504,4,2025-09-11 02:30:42,web,returned
4441,1110,5,2025-03-07 13:34:30,phone,returned
4442,980,33,2025-04-07 22:48:00,store,returned
4443,1208,28,2025-02-12 23:31:51,store,complete
4444,457,25,2025-07-25 01:23:07,mobile,complete
4445,669,1,2025-03-18 23:40:27,web,returned
4446,496,38,2025-01-17 22:24:36,mobile,returned
4447,1063,23,2025-06-22 22:01:15,phone,returned
4448,208,35,2025-08-02 20:50:22,mobile,complete
4449,1235,12,2025-08-19 03:33:38,mobile,complete
4450,429,9,2025-06-01 09:43:53,mobile,complete
4451,1498,36,2025-09-09 16:59:46,mobile,complete
4452,1241,25,2025-04-06 12:48:17,web,returned
4453,464,23,2025-12-25 23:26:57,web,complete
4454,56,37,2025-11-16 12:23:26,store,complete
4455,532,33,2025-02-13 23:40:56,mobile,complete
4456,824,28,2025-11-25 06:31:19,web,complete
4457,1152,18,2025-10-07 07:01:31,phone,complete
4458,1431,39,2025-07-07 12:29:36,web,complete
4459,178,26,2025-01-31 04:04:25,web,complete
4460,1250,10,2025-10-30 11:07:27,store,returned
4461,1417,13,2025-03-03 16:38:28,web,complete
4462,553,40,2025-12-03 01:28:08,phone,complete
4463,982,4,2025-04-08 17:09:48,store,complete
4464,212,16,2025-10-14 02:13:10,web,complete
4465,1292,25,2025-10-28 04:37:44,mobile,cancelled
4466,972,23,2025-06-02 12:44:37,web,complete
4467,813,37,2025-08-31 09:49:47,phone,complete
4468,7,23,2025-11-27 22:57:58,web,cancelled
4469,798,1,2025-04-28 10:23:26,mobile,complete
4470,886,10,2025-06-15 05:41:53,mobile,complete
4471,739,23,2025-03-06 10:15:07,store,complete
4472,17,2,2025-07-09 11:55:28,store,cancelled
4473,849,8,2025-09-28 01:28:10,web,cancelled
4474,1167,24,2025-12-28 23:45:56,phone,complete
4475,1401,30,2025-03-02 06:53:36,mobile,complete
4476,747,28,2025-03-04 17:48:26,phone,cancelled
4477,774,34,2025-04-07 05:04:47,web,complete
4478,266,35,2025-06-17 22:08:40,mobile,cancelled
4479,134,13,2025-01-10 02:37:33,store,complete
4480,1497,38,2025-05-26 06:51:49,phone,returned
4481,1069,6,2025-11-10 14:00:13,mobile,complete
4482,438,33,2025-05-12 16:27:10,phone,complete
4483,970,22,2025-08-24 14:25:33,store,returned
4484,426,40,2025-11-28 21:58:23,phone,complete
4485,970,7,2025-01-03 14:59:02,store,cancelled
4486,70,26,2025-07-17 06:54:30,web,complete
4487,719,36,2025-06-18 04:52:04,mobile,complete
4488,519,13,2025-01-09 08:29:07,phone,returned
4489,1495,27,2025-01-05 23:59:42,web,complete
4490,1442,13,2025-03-18 04:27:53,web,returned
4491,805,20,2025-12-20 14:07:22,mobile,cancelled
4492,403,30,2025-08-20 00:29:14,mobile,complete
4493,230,7,2025-07-02 23:54:54,phone,complete
4494,64,4,2025-10-05 21:46:13,web,complete
4495,121,20,2025-03-26 23:43:50,mobile,complete
4496,248,9,2025-02-27 01:01:48,store,complete
4497,313,40,2025-06-05 16:06:19,store,complete
4498,1068,19,2025-10-06 08:45:09,phone,complete
4499,1030,5,2025-07-13 05:07:05,phone,complete
4500,1334,23,2025-12-24 03:09:09,phone,complete
4501,1094,39,2025-08-30 04:25:17,phone,complete
4502,478,35,2025-01-12 05:39:53,phone,cancelled
4503,553,21,2025-12-08 09:38:59,phone,complete
4504,861,11,2025-03-05 14:05:02,mobile,returned
4505,1427,13,2025-12-14 10:23:10,web,complete
4506,1432,5,2025-03-29 07:23:08,phone,complete
4507,614,6,2025-03-29 03:23:08,mobile,complete
4508,1366,32,2025-06-01 19:54:55,mobile,returned
4509,348,15,2025-07-19 12:55:00,mobile,complete
4510,637,17,2025-07-01 10:37:11,web,cancelled
4511,276,37,2025-03-06 11:56:42,web,cancelled
4512,323,9,2025-04-05 05:35:06,web,cancelled
4513,674,3,2025-03-06 06:33:39,store,returned
4514,237,36,2025-07-11 21:12:05,web,complete
4515,1371,34,2025-11-20 20:23:37,store,cancelled
4516,1205,22,2025-01-21 15:27:54,web,cancelled
4517,1340,31,2025-10-11 19:09:53,mobile,complete
4518,1218,26,2025-10-14 19:05:25,mobile,complete
4519,305,8,2025-04-03 16:16:59,web,cancelled
4520,468,12,2025-03-17 06:42:41,mobile,complete
4521,1466,40,2025-04-11 06:13:33,store,returned
4522,669,15,2025-04-13 07:06:54,mobile,complete
4523,653,18,2025-07-09 11:43:05,mobile,complete
4524,1391,10,2025-08-15 15:28:44,mobile,returned
4525,1132,10,2025-02-14 19:46:44,web,returned
4526,997,3,2025-01-01 23:42:20,web,complete
4527,300,26,2025-12-13 22:37:39,web,cancelled
4528,651,8,2025-06-30 21:01:54,mobile,complete
4529,62,17,2025-03-21 23:30:03,store,complete
4530,447,13,2025-10-17 14:18:39,mobile,complete
4531,343,1,2025-01-04 01:47:39,mobile,complete
4532,3,7,2025-03-14 16:31:22,web,complete
4533,359,20,2025-03-20 08:00:02,store,cancelled
4534,212,2,2025-11-09 01:15:18,web,complete
4535,632,6,2025-07-15 01:53:12,web,cancelled
4536,142,23,2025-02-23 12:23:29,store,complete
4537,179,29,2025-06-04 03:26:09,store,complete
4538,181,39,2025-02-26 22:39:16,store,complete
4539,678,9,2025-11-21 07:04:08,web,complete
4540,297,30,2025-12-12 19:19:05,phone,cancelled
4541,42,24,2025-11-11 09:15:18,web,cancelled
4542,384,37,2025-07-04 01:55:26,mobile,complete
4543,375,10,2025-09-27 15:36:10,store,complete
4544,609,9,2025-11-18 08:03:15,store,returned
4545,307,13,2025-12-18 06:52:38,store,returned
4546,1101,11,2025-12-08 15:07:43,mobile,complete
4547,1011,31,2025-05-13 21:38:54,phone,complete
4548,610,19,2025-06-16 21:05:23,mobile,returned
4549,1334,9,2025-12-18 23:04:38,web,cancelled
4550,138,6,2025-09-05 07:31:39,store,returned
4551,994,23,2025-09-24 13:44:51,store,complete
4552,876,28,2025-03-18 21:02:43,web,cancelled
4553,113,36,2025-02-09 12:23:32,phone,returned
4554,1414,38,2025-12-04 05:26:29,mobile,complete
4555,941,16,2025-04-11 04:22:47,phone,complete
4556,920,30,2025-11-13 22:48:28,store,complete
4557,1314,19,2025-11-05 03:26:46,web,cancelled
4558,1416,32,2025-08-08 20:56:54,phone,cancelled
4559,1451,29,2025-02-12 18:44:19,mobile,returned
4560,1342,36,2025-09-11 03:19:23,store,complete
4561,120,28,2025-03-18 17:15:03,phone,cancelled
4562,1161,26,2025-03-04 02:23:49,store,cancelled
4563,1422,7,2025-11-15 04:59:32,mobile,returned
4564,1293,19,2025-04-10 21:07:56,mobile,complete
4565,528,20,2025-08-13 07:23:37,mobile,complete
4566,983,24,2025-12-08 23:41:47,phone,cancelled
4567,422,30,2025-03-26 21:52:35,web,complete
4568,1156,28,2025-04-01 01:25:13,store,cancelled
4569,1332,32,2025-10-01 19:05:14,mobile,complete
4570,44,20,2025-07-19 17:35:40,phone,returned
4571,168,25,2025-04-10 16:29:21,phone,returned
4572,1186,5,2025-04-21 13:57:41,web,cancelled
4573,1261,27,2025-09-27 12:24:44,web,complete
4574,944,21,2025-04-19 01:06:51,phone,complete
4575,1401,27,2025-04-04 07:45:14,web,cancelled
4576,1174,38,2025-02-14 04:39:33,store,complete
4577,10,27,2025-12-28 15:15:25,store,complete
4578,1005,17,2025-09-09 04:48:09,web,complete
4579,669,33,2025-12-20 08:23:57,mobile,complete
4580,272,33,2025-07-29 11:21:27,store,complete
4581,1479,17,2025-09-25 04:49:59,store,complete
4582,293,33,2025-04-06 16:00:34,mobile,cancelled
4583,1356,21,2025-12-19 20:34:15,mobile,complete
4584,633,13,2025-07-18 18:56:43,phone,complete
4585,727,13,2025-08-28 13:58:36,web,complete
4586,907,16,2025-03-18 23:53:15,web,cancelled
4587,911,17,2025-06-03 17:16:04,web,returned
4588,996,39,2025-06-05 14:40:43,phone,complete
4589,890,11,2025-06-04 10:19:25,phone,cancelled
4590,799,33,2025-07-24 04:42:53,phone,complete
4591,603,5,2025-05-28 13:46:18,mobile,complete
4592,587,6,2025-12-07 16:09:38,store,returned
4593,92,29,2025-08-15 03:28:26,store,complete
4594,26,29,2025-02-01 19:50:58,store,complete
4595,363,29,2025-01-10 21:58:45,store,cancelled
4596,1434,3,2025-09-25 13:59:16,store,cancelled
4597,853,32,2025-06-18 15:00:17,mobile,complete
4598,688,3,2025-08-18 17:16:39,phone,complete
4599,895,12,2025-05-07 01:16:55,web,complete
4600,1066,8,2025-07-22 16:17:16,web,complete
4601,364,14,2025-09-28 14:39:38,web,cancelled
4602,926,26,2025-07-15 02:39:11,mobile,complete
4603,237,14,2025-03-13 22:22:47,phone,cancelled
4604,671,40,2025-12-01 05:59:03,phone,complete
4605,472,5,2025-09-20 17:11:11,mobile,complete
4606,690,38,2025-12-23 04:20:26,web,complete
4607,541,14,2025-01-03 06:44:42,phone,returned
4608,355,18,2025-08-07 09:08:51,phone,complete
4609,989,37,2025-12-02 06:29:42,web,returned
4610,167,20,2025-09-07 12:36:41,store,complete
4611,324,35,2025-03-13 10:48:33,phone,complete
4612,640,26,2025-06-25 18:37:43,mobile,complete
4613,1059,33,2025-01-28 02:34:55,phone,complete
4614,1356,37,2025-01-19 04:38:57,web,returned
4615,557,12,2025-04-21 00:53:44,web,complete
4616,1200,7,2025-08-09 04:28:16,web,cancelled
4617,206,10,2025-05-23 04:37:12,web,cancelled
4618,754,19,2025-06-12 18:47:18,store,cancelled
4619,1150,14,2025-08-12 07:03:35,phone,returned
4620,575,2,2025-06-30 10:05:59,web,complete
4621,142,1,2025-04-22 21:55:34,phone,cancelled
4622,978,28,2025-10-06 16:32:52,phone,complete
4623,181,20,2025-09-28 14:35:33,phone,complete
4624,406,29,2025-06-28 15:53:08,web,complete
4625,1389,31,2025-11-09 10:12:26,phone,cancelled
4626,567,30,2025-01-09 04:38:13,phone,complete
4627,166,20,2025-04-24 12:16:11,web,cancelled
4628,79,6,2025-03-21 11:49:02,phone,returned
4629,783,39,2025-12-30 01:34:17,mobile,complete
4630,1435,36,2025-09-13 08:36:27,web,returned
4631,805,7,2025-12-06 23:22:20,store,complete
4632,423,5,2025-07-24 03:28:56,web,returned
4633,187,28,2025-10-06 14:36:54,mobile,cancelled
4634,26,4,2025-11-16 19:59:15,phone,cancelled
4635,1099,4,2025-12-15 22:51:14,phone,cancelled
4636,664,8,2025-01-22 05:27:39,phone,complete
4637,249,36,2025-06-06 00:09:30,mobile,complete
4638,742,19,2025-11-07 15:32:00,store,cancelled
4639,359,27,2025-12-27 05:00:14,phone,complete
4640,237,21,2025-10-29 23:05:00,mobile,complete
4641,1139,16,2025-11-05 00:44:18,web,complete
4642,1207,6,2025-01-26 18:13:42,web,complete
4643,809,6,2025-02-02 12:08:17,mobile,complete
4644,855,29,2025-02-01 02:20:16,phone,cancelled
4645,349,28,2025-06-03 15:45:00,mobile,complete
4646,995,20,2025-09-02 09:06:56,mobile,complete
4647,1378,4,2025-11-19 06:46:42,phone,complete
4648,179,18,2025-02-07 22:03:47,web,cancelled
4649,921,33,2025-01-02 21:49:16,web,returned
4650,31,32,2025-06-06 17:31:20,store,complete
4651,345,12,2025-05-18 20:12:07,web,complete
4652,390,35,2025-10-26 05:57:04,mobile,cancelled
4653,499,26,2025-06-07 15:10:48,mobile,complete
4654,233,23,2025-02-21 16:00:09,phone,complete
4655,1362,33,2025-11-27 17:01:45,store,returned
4656,642,40,2025-11-29 10:11:40,phone,complete
4657,865,8,2025-05-18 12:56:16,store,cancelled
4658,209,12,2025-01-03 07:36:19,store,complete
4659,1350,16,2025-02-17 06:02:51,phone,complete
4660,1335,6,2025-04-14 02:06:02,web,complete
4661,461,24,2025-08-15 03:38:10,phone,complete
4662,647,32,2025-10-19 01:29:42,web,complete
4663,596,15,2025-10-27 19:23:34,store,returned
4664,243,10,2025-12-22 23:47:11,store,cancelled
4665,272,28,2025-12-22 21:04:37,web,cancelled
4666,46,2,2025-12-04 23:57:25,phone,returned
4667,819,5,2025-08-23 06:04:26,mobile,cancelled
4668,191,39,2025-09-29 10:08:59,store,complete
4669,438,32,2025-12-18 13:07:50,store,complete
4670,698,20,2025-10-14 01:56:25,phone,complete
4671,557,34,2025-09-16 07:28:28,web,complete
4672,108,1,2025-08-04 12:19:22,web,complete
4673,1228,38,2025-08-25 00:44:01,store,complete
4674,965,26,2025-01-25 22:36:10,phone,complete
4675,1078,40,2025-10-12 10:52:51,mobile,returned
4676,719,18,2025-03-29 15:52:52,mobile,complete
4677,812,35,2025-02-24 00:36:46,web,returned
4678,1424,16,2025-07-02 10:52:38,web,complete
4679,206,17,2025-04-04 04:48:58,phone,complete
4680,395,31,2025-12-25 11:22:27,mobile,cancelled
4681,441,30,2025-03-29 19:58:10,store,complete
4682,303,28,2025-11-24 06:02:19,phone,complete
4683,1330,3,2025-02-18 06:30:08,store,returned
4684,269,14,2025-05-03 09:59:52,web,complete
4685,48,26,2025-08-23 23:36:35,store,complete
4686,1045,25,2025-09-08 17:01:56,store,complete
4687,690,5,2025-06-24 13:14:18,phone,returned
4688,189,28,2025-08-01 14:39:04,web,complete
4689,747,16,2025-01-18 15:04:57,mobile,complete
4690,1201,23,2025-01-31 02:15:14,store,returned
4691,356,24,2025-09-25 05:18:34,mobile,complete
4692,909,3,2025-07-13 20:13:22,phone,complete
4693,1035,7,2025-08-23 05:41:02,phone,complete
4694,336,15,2025-03-04 00:18:48,store,complete
4695,603,29,2025-05-30 13:42:28,phone,complete
4696,1459,4,2025-07-22 18:21:54,store,returned
4697,1300,23,2025-03-25 10:22:01,mobile,complete
4698,912,28,2025-01-03 17:33:43,phone,complete
4699,968,20,2025-12-09 22:10:36,web,returned
4700,201,19,2025-05-20 01:19:33,store,complete
4701,1300,2,2025-09-02 04:25:25,mobile,complete
4702,1440,3,2025-01-19 22:43:19,phone,complete
4703,354,39,2025-01-13 06:04:38,web,returned
4704,537,35,2025-07-17 13:15:32,phone,complete
4705,601,34,2025-11-14 03:16:52,phone,returned
4706,922,21,2025-09-04 14:01:34,phone,complete
4707,1013,33,2025-03-04 03:10:54,web,complete
4708,350,40,2025-11-26 10:51:26,mobile,complete
4709,765,3,2025-07-20 23:36:31,store,complete
4710,471,36,2025-10-11 04:17:14,phone,cancelled
4711,445,29,2025-11-07 22:51:16,mobile,returned
4712,1486,20,2025-10-15 02:00:55,store,cancelled
4713,156,16,2025-11-09 04:03:14,web,complete
4714,509,39,2025-06-26 10:14:08,phone,cancelled
4715,1325,36,2025-08-27 18:02:29,store,complete
4716,231,25,2025-04-28 13:27:09,phone,complete
4717,201,24,2025-03-07 16:15:43,mobile,returned
4718,697,29,2025-06-09 07:00:13,phone,returned
4719,148,34,2025-08-05 03:41:00,phone,complete
4720,962,6,2025-02-20 18:54:12,phone,cancelled
4721,1324,16,2025-05-25 01:14:06,store,complete
4722,1249,30,2025-11-27 17:48:17,phone,returned
4723,704,36,2025-12-08 09:12:12,phone,cancelled
4724,1351,4,2025-06-01 08:57:59,mobile,cancelled
4725,246,28,2025-10-24 16:05:31,mobile,complete
4726,329,6,2025-07-23 11:55:52,phone,complete
4727,1043,32,2025-10-30 04:54:44,web,complete
4728,474,13,2025-04-24 19:00:55,web,complete
4729,1001,31,2025-04-03 02:34:30,phone,complete
4730,299,10,2025-12-06 12:34:37,web,complete
4731,1209,15,2025-04-25 20:22:03,store,complete
4732,1448,15,2025-03-19 16:00:47,store,complete
4733,11,2,2025-11-16 18:31:39,web,cancelled
4734,284,4,2025-09-17 21:44:58,phone,complete
4735,793,4,2025-02-11 12:54:05,mobile,complete
4736,1012,16,2025-07-06 05:22:55,phone,complete
4737,919,39,2025-08-22 09:18:25,mobile,returned
4738,365,5,2025-03-31 01:18:58,store,returned
4739,1175,40,2025-10-28 19:37:45,store,returned
4740,1072,36,2025-12-31 08:15:38,phone,complete
4741,1463,33,2025-11-09 22:35:05,mobile,complete
4742,250,16,2025-04-13 17:36:28,store,complete
4743,1402,10,2025-02-05 13:38:16,phone,returned
4744,1451,30,2025-05-02 13:56:19,mobile,complete
4745,1047,15,2025-06-07 22:22:09,phone,complete
4746,665,13,2025-02-03 12:00:32,web,complete
4747,79,8,2025-07-03 20:21:57,store,complete
4748,603,10,2025-08-23 08:15:46,mobile,cancelled
4749,1356,23,2025-07-20 13:36:59,store,complete
4750,284,29,2025-07-04 06:49:43,store,complete
4751,34,26,2025-06-17 13:26:22,phone,complete
4752,1437,21,2025-07-31 01:59:57,phone,cancelled
4753,778,9,2025-05-25 11:13:28,phone,complete
4754,1203,30,2025-12-17 09:47:31,mobile,cancelled
4755,275,20,2025-10-21 03:03:05,mobile,complete
4756,1422,29,2025-01-19 21:12:07,phone,complete
4757,1093,21,2025-10-01 20:09:43,phone,returned
4758,443,22,2025-04-09 14:20:19,phone,complete
4759,168,16,2025-05-06 15:30:21,store,complete
4760,1130,22,2025-10-18 15:25:32,mobile,returned
4761,134,38,2025-01-30 04:31:17,store,complete
4762,931,17,2025-10-25 15:37:54,store,complete
4763,258,2,2025-02-08 14:20:20,web,complete
4764,423,14,2025-08-13 17:04:45,store,cancelled
4765,927,2,2025-01-06 00:23:41,phone,complete
4766,544,37,2025-10-24 01:37:30,store,cancelled
4767,1393,4,2025-06-16 10:25:20,mobile,cancelled
4768,35,21,2025-10-24 02:08:16,mobile,cancelled
4769,460,28,2025-02-09 09:51:48,mobile,cancelled
4770,1094,5,2025-06-09 23:55:45,store,complete
4771,232,25,2025-05-24 05:16:02,phone,complete
4772,898,37,2025-09-19 17:51:57,web,cancelled
4773,775,33,2025-04-08 05:36:50,store,complete
4774,1003,32,2025-05-19 00:55:05,web,complete
4775,270,29,2025-02-10 16:58:04,phone,complete
4776,860,2,2025-09-13 12:07:22,store,complete
4777,1372,13,2025-08-07 18:20:33,store,complete
4778,62,29,2025-03-06 00:10:00,web,complete
4779,786,30,2025-04-09 05:40:01,phone,complete
4780,1048,7,2025-03-16 06:49:32,store,cancelled
4781,677,40,2025-07-02 20:42:24,phone,returned
4782,474,25,2025-10-30 05:10:50,store,returned
4783,785,2,2025-03-02 09:35:06,store,complete
4784,949,21,2025-02-23 16:29:17,phone,cancelled
4785,512,17,2025-03-27 20:58:44,store,complete
4786,572,28,2025-11-20 05:56:09,phone,complete
4787,1237,1,2025-06-24 14:50:25,web,returned
4788,167,20,2025-07-12 04:30:53,mobile,cancelled
4789,291,24,2025-11-07 15:35:19,mobile,complete
4790,805,11,2025-07-16 17:57:30,store,complete
4791,1094,5,2025-04-08 08:18:40,phone,returned
4792,48,2,2025-11-27 15:35:07,store,complete
4793,1180,18,2025-06-28 17:37:55,phone,complete
4794,1010,15,2025-02-17 06:29:14,web,returned
4795,267,1,2025-01-11 17:19:15,mobile,cancelled
4796,328,35,2025-05-20 00:40:02,web,complete
4797,1202,3,2025-11-05 06:19:13,mobile,returned
4798,1500,21,2025-04-23 12:08:10,web,cancelled
4799,1154,28,2025-06-08 23:32:30,store,complete
4800,186,33,2025-05-13 12:35:05,store,cancelled
4801,235,18,2025-02-11 09:56:29,web,complete
4802,1409,39,2025-07-02 01:27:02,phone,complete
4803,156,27,2025-08-04 18:26:29,store,complete
4804,561,24,2025-09-13 16:58:27,mobile,returned
4805,94,31,2025-01-26 10:21:26,phone,complete
4806,1483,21,2025-03-03 14:56:48,web,returned
4807,210,2,2025-10-06 14:26:35,store,complete
4808,1302,4,2025-11-06 12:51:00,store,complete
4809,1482,7,2025-11-29 12:55:45,web,cancelled
4810,203,17,2025-10-28 23:05:59,store,complete
4811,1078,14,2025-12-20 12:36:09,web,complete
4812,900,27,2025-09-08 09:06:39,web,complete
4813,1109,20,2025-04-23 10:08:29,store,complete
4814,405,38,2025-07-15 22:54:34,store,complete
4815,179,27,2025-04-22 02:05:59,phone,cancelled
4816,523,40,2025-12-10 19:15:48,phone,complete
4817,1410,36,2025-11-11 13:34:53,mobile,complete
4818,1352,16,2025-07-26 05:27:12,phone,complete
4819,1409,17,2025-12-31 04:17:36,phone,complete
4820,16,10,2025-01-05 08:19:59,mobile,complete
4821,282,12,2025-01-25 21:07:04,store,cancelled
4822,111,26,2025-11-07 00:25:27,store,cancelled
4823,1350,12,2025-09-03 21:37:24,web,cancelled
4824,163,13,2025-12-01 02:40:58,store,complete
4825,53,12,2025-11-17 02:49:31,mobile,complete
4826,1354,31,2025-08-04 14:49:30,mobile,complete
4827,1112,38,2025-02-09 05:41:55,store,cancelled
4828,1123,7,2025-01-29 14:29:45,web,complete
4829,1024,28,2025-08-13 16:55:01,store,complete
4830,851,10,2025-06-11 17:53:17,web,complete
4831,481,9,2025-08-05 16:51:20,mobile,complete
4832,350,14,2025-01-02 22:58:28,store,returned
4833,24,36,2025-11-03 03:22:01,phone,complete
4834,1474,15,2025-09-11 16:33:49,store,complete
4835,209,29,2025-11-08 00:05:40,mobile,complete
4836,783,36,2025-01-16 15:18:17,phone,complete
4837,1251,40,2025-12-22 20:07:04,web,complete
4838,1235,18,2025-11-03 13:30:14,web,complete
4839,1128,33,2025-12-31 17:29:54,mobile,cancelled
4840,859,4,2025-05-27 16:49:33,mobile,cancelled
4841,1208,28,2025-05-29 17:23:33,web,cancelled
4842,1394,11,2025-10-03 05:14:41,store,returned
4843,750,36,2025-11-16 23:54:00,mobile,complete
4844,153,9,2025-05-08 06:11:01,phone,cancelled
4845,230,30,2025-07-15 09:23:46,web,complete
4846,236,15,2025-12-05 00:44:16,mobile,cancelled
4847,764,17,2025-05-26 10:44:07,phone,complete
4848,426,8,2025-06-20 15:54:54,mobile,returned
4849,787,1,2025-07-08 14:41:55,store,complete
4850,1354,22,2025-03-12 05:31:21,mobile,returned
4851,1452,24,2025-01-16 06:22:32,web,complete
4852,171,39,2025-10-28 09:53:19,store,cancelled
4853,844,40,2025-09-04 21:37:29,mobile,returned
4854,401,7,2025-07-03 10:22:35,store,complete
4855,1005,9,2025-10-12 11:29:16,mobile,complete
4856,72,30,2025-10-21 17:51:13,phone,cancelled
4857,1289,24,2025-02-10 12:12:48,phone,cancelled
4858,988,10,2025-04-19 20:20:17,mobile,cancelled
4859,270,34,2025-01-02 08:35:49,store,complete
4860,1220,16,2025-11-26 05:08:32,mobile,complete
4861,33,18,2025-01-31 20:32:16,store,complete
4862,424,28,2025-10-10 10:59:15,store,complete
4863,546,25,2025-03-04 22:00:29,store,complete
4864,1,26,2025-04-11 05:50:17,phone,complete
4865,833,21,2025-01-16 14:45:18,mobile,cancelled
4866,624,9,2025-08-06 07:48:07,mobile,complete
4867,841,24,2025-08-28 11:57:57,phone,complete
4868,128,19,2025-09-27 02:36:42,mobile,cancelled
4869,633,8,2025-05-20 18:40:50,phone,complete
4870,723,28,2025-06-13 07:50:56,mobile,returned
4871,1014,36,2025-11-14 03:35:50,web,complete
4872,608,16,2025-02-20 10:19:13,web,returned
4873,580,35,2025-05-17 17:54:24,web,returned
4874,515,18,2025-03-27 15:50:39,store,returned
4875,177,4,2025-09-24 04:25:45,phone,cancelled
4876,407,23,2025-05-29 22:48:12,phone,complete
4877,690,26,2025-06-04 04:06:29,store,complete
4878,1297,11,2025-05-09 14:34:10,web,returned
4879,1322,25,2025-05-23 17:52:06,store,complete
4880,84,40,2025-03-27 03:58:43,phone,complete
4881,101,27,2025-10-14 15:27:15,store,cancelled
4882,91,29,2025-06-10 10:50:43,phone,complete
4883,1166,26,2025-10-28 20:35:23,phone,complete
4884,1222,21,2025-10-06 02:13:15,mobile,complete
4885,522,37,2025-03-16 05:34:44,phone,complete
4886,6,1,2025-11-24 09:52:02,phone,cancelled
4887,266,11,2025-06-03 07:56:47,store,complete
4888,1250,33,2025-09-30 12:47:44,store,complete
4889,965,13,2025-06-28 13:13:57,mobile,returned
4890,12,2,2025-07-24 20:52:59,phone,cancelled
4891,1135,22,2025-05-01 23:11:11,web,complete
4892,325,3,2025-09-01 04:14:56,web,complete
4893,223,37,2025-03-21 22:17:30,web,complete
4894,90,15,2025-12-09 06:22:48,web,returned
4895,642,21,2025-08-07 08:40:47,mobile,returned
4896,175,38,2025-11-29 01:19:52,store,returned
4897,976,26,2025-01-15 14:13:01,store,complete
4898,719,34,2025-07-14 12:49:54,phone,complete
4899,1458,18,2025-02-17 22:24:59,phone,cancelled
4900,314,18,2025-11-24 15:52:17,mobile,cancelled
4901,1123,28,2025-09-09 15:08:25,web,complete
4902,1410,25,2025-04-15 20:17:35,store,returned
4903,1038,14,2025-03-19 17:57:07,web,returned
4904,340,34,2025-08-21 03:52:46,web,cancelled
4905,846,12,2025-09-30 19:21:02,mobile,complete
4906,612,21,2025-09-01 04:47:22,web,cancelled
4907,1018,36,2025-11-22 07:50:28,store,returned
4908,255,13,2025-03-09 07:59:15,web,complete
4909,228,5,2025-08-03 06:31:59,mobile,complete
4910,380,27,2025-10-09 11:27:00,mobile,complete
4911,443,27,2025-07-03 07:32:17,web,complete
4912,770,16,2025-03-17 01:20:22,phone,complete
4913,313,14,2025-03-20 07:31:24,store,complete
4914,1437,40,2025-08-13 13:15:32,store,returned
4915,117,39,2025-12-26 07:44:04,web,cancelled
4916,582,11,2025-03-01 01:47:25,web,cancelled
4917,246,34,2025-10-10 14:57:31,web,complete
4918,1490,8,2025-02-02 22:13:05,phone,complete
4919,1226,30,2025-09-26 03:09:24,web,cancelled
4920,385,22,2025-09-22 09:08:29,store,complete
4921,657,24,2025-07-17 22:42:01,store,complete
4922,1063,9,2025-12-17 17:32:06,phone,complete
4923,1189,4,2025-08-06 14:46:15,mobile,cancelled
4924,648,14,2025-09-26 14:29:12,web,complete
4925,125,21,2025-05-13 14:01:18,mobile,complete
4926,1126,15,2025-04-11 07:53:08,store,complete
4927,1211,30,2025-05-29 01:00:30,phone,complete
4928,1006,30,2025-05-25 17:56:17,phone,complete
4929,205,16,2025-09-05 12:20:46,store,returned
4930,71,18,2025-10-30 23:37:47,mobile,complete
4931,473,28,2025-05-30 04:36:58,phone,complete
4932,1024,13,2025-08-04 10:05:20,web,complete
4933,1232,24,2025-09-18 14:19:52,phone,cancelled
4934,674,40,2025-07-31 04:23:54,store,complete
4935,1355,22,2025-06-08 06:12:26,mobile,complete
4936,781,12,2025-12-19 14:45:07,phone,complete
4937,1067,14,2025-07-29 15:21:10,web,complete
4938,216,39,2025-02-01 15:26:13,web,complete
4939,986,7,2025-05-29 16:32:17,mobile,returned
4940,391,25,2025-12-15 20:05:57,mobile,complete
4941,1073,24,2025-03-11 15:50:30,mobile,returned
4942,956,15,2025-09-18 03:02:34,mobile,returned
4943,293,39,2025-10-07 06:19:47,phone,complete
4944,809,3,2025-01-18 01:00:03,web,complete
4945,963,27,2025-03-25 16:40:01,phone,complete
4946,1447,2,2025-11-23 08:31:33,phone,cancelled
4947,506,29,2025-02-11 02:27:51,store,complete
4948,286,35,2025-02-21 13:46:48,web,complete
4949,1438,30,2025-05-21 21:13:29,store,returned
4950,1202,38,2025-12-09 00:21:42,phone,cancelled
4951,1428,21,2025-08-25 13:11:58,web,complete
4952,1132,14,2025-08-01 13:50:06,store,returned
4953,301,8,2025-01-28 03:31:20,store,cancelled
4954,886,2,2025-07-10 11:10:54,phone,complete
4955,676,30,2025-09-25 20:24:43,web,cancelled
4956,463,24,2025-09-30 04:20:08,store,complete
4957,268,29,2025-03-23 20:00:08,web,cancelled
4958,115,15,2025-06-10 17:05:09,web,complete
4959,557,6,2025-09-16 04:36:37,web,complete
4960,401,36,2025-09-14 15:55:59,phone,complete
4961,413,23,2025-04-29 06:07:22,mobile,complete
4962,1100,31,2025-08-24 05:41:58,mobile,complete
4963,138,24,2025-06-17 18:26:27,mobile,complete
4964,838,9,2025-07-09 06:38:56,phone,cancelled
4965,238,36,2025-01-29 10:46:13,store,complete
4966,983,31,2025-02-13 08:38:31,phone,complete
4967,764,2,2025-11-20 23:58:02,web,complete
4968,988,4,2025-04-08 19:22:59,web,cancelled
4969,152,30,2025-11-16 16:59:36,store,returned
4970,1163,11,2025-04-04 19:30:23,store,returned
4971,1408,38,2025-09-02 21:40:32,mobile,complete
4972,881,25,2025-09-04 10:19:59,phone,complete
4973,623,7,2025-03-31 01:04:46,phone,cancelled
4974,1422,20,2025-03-05 05:33:54,phone,returned
4975,249,26,2025-09-01 00:04:31,web,complete
4976,1145,18,2025-10-27 04:29:36,store,complete
4977,672,17,2025-03-17 04:15:36,phone,returned
4978,48,38,2025-03-24 13:31:29,store,complete
4979,327,11,2025-04-10 10:37:48,web,complete
4980,1274,36,2025-10-09 06:01:56,phone,complete
4981,1016,11,2025-05-09 10:20:35,web,returned
4982,839,1,2025-02-13 21:41:13,mobile,complete
4983,1328,3,2025-10-26 01:01:42,phone,complete
4984,1329,40,2025-03-01 09:37:40,web,complete
4985,1469,7,2025-05-01 00:21:41,mobile,complete
4986,629,34,2025-11-25 05:19:25,store,returned
4987,1222,38,2025-09-22 06:06:48,mobile,complete
4988,672,24,2025-02-20 08:23:53,phone,returned
4989,1345,40,2025-03-17 09:14:43,mobile,complete
4990,369,12,2025-05-07 07:23:17,phone,complete
4991,810,22,2025-02-08 13:39:24,phone,returned
4992,516,13,2025-08-21 16:38:52,web,complete
4993,223,32,2025-08-17 14:42:32,web,returned
4994,1105,39,2025-07-07 05:58:59,phone,returned
4995,780,1,2025-03-17 02:54:48,phone,complete
4996,1309,23,2025-04-08 12:03:23,store,complete
4997,336,29,2025-06-07 22:24:43,web,complete
4998,211,17,2025-05-21 15:37:08,web,cancelled
4999,1418,10,2025-09-27 07:39:47,store,complete
5000,726,36,2025-03-25 22:46:14,web,cancelled
5001,1469,30,2025-02-01 08:14:04,mobile,cancelled
5002,1076,20,2025-03-04 01:10:36,store,complete
5003,862,1,2025-12-29 14:02:58,phone,cancelled
5004,351,21,2025-08-25 14:06:45,web,complete
5005,115,19,2025-06-07 01:05:18,web,returned
5006,526,40,2025-09-02 02:14:06,web,complete
5007,714,5,2025-09-24 02:52:09,web,complete
5008,118,25,2025-12-28 10:58:55,store,complete
5009,1114,2,2025-12-31 07:34:41,mobile,cancelled
5010,313,29,2025-03-29 23:29:18,web,cancelled
5011,810,9,2025-06-22 07:44:18,store,complete
5012,746,10,2025-07-08 01:07:09,web,returned
5013,1363,1,2025-09-19 11:26:36,store,cancelled
5014,1486,26,2025-03-30 09:20:22,web,complete
5015,483,31,2025-08-09 22:49:20,mobile,complete
5016,443,24,2025-08-04 12:35:15,mobile,returned
5017,161,24,2025-01-02 07:04:43,mobile,cancelled
5018,786,17,2025-11-11 18:20:37,store,returned
5019,1122,22,2025-09-16 15:43:24,web,returned
5020,1100,7,2025-08-19 01:48:31,phone,complete
5021,707,5,2025-11-06 15:32:20,web,complete
5022,1278,19,2025-08-27 20:40:47,store,returned
5023,82,29,2025-10-22 20:25:13,mobile,cancelled
5024,468,3,2025-07-16 06:55:34,phone,returned
5025,399,38,2025-02-05 18:13:52,mobile,cancelled
5026,800,27,2025-06-27 17:55:39,phone,returned
5027,560,15,2025-03-01 01:40:42,phone,returned
5028,911,22,2025-02-01 02:53:25,mobile,complete
5029,953,10,2025-10-19 20:46:34,store,complete
5030,855,12,2025-11-24 19:35:32,mobile,returned
5031,870,7,2025-08-03 16:31:35,web,complete
5032,765,14,2025-01-08 18:03:59,web,complete
5033,1306,5,2025-02-01 22:53:29,phone,cancelled
5034,1317,32,2025-07-24 14:09:51,web,complete
5035,1235,29,2025-03-13 15:39:39,store,complete
5036,1143,38,2025-09-28 05:14:22,phone,complete
5037,275,29,2025-07-27 03:38:18,store,returned
5038,1284,4,2025-03-03 07:54:30,store,returned
5039,903,40,2025-03-20 18:14:48,web,complete
5040,552,27,2025-12-10 14:56:40,phone,complete
5041,1368,1,2025-07-11 18:58:32,store,cancelled
5042,1086,13,2025-06-05 19:18:46,web,complete
5043,245,34,2025-06-19 20:30:40,phone,returned
5044,1437,15,2025-02-22 02:16:07,store,returned
5045,926,12,2025-02-17 04:37:09,mobile,returned
5046,652,22,2025-06-13 00:02:14,mobile,cancelled
5047,504,22,2025-07-11 00:28:07,web,returned
5048,212,2,2025-02-26 12:25:31,phone,complete
5049,364,39,2025-08-08 18:36:55,web,complete
5050,814,11,2025-08-03 05:27:49,mobile,complete
5051,496,34,2025-07-26 17:44:00,phone,returned
5052,835,22,2025-01-30 04:32:31,phone,complete
5053,1368,4,2025-11-12 14:43:17,web,cancelled
5054,224,1,2025-03-07 08:13:48,web,complete
5055,1088,39,2025-02-08 21:42:14,mobile,cancelled
5056,180,29,2025-09-06 14:14:10,store,complete
5057,755,14,2025-11-09 14:07:03,phone,complete
5058,64,37,2025-03-03 22:43:10,store,complete
5059,297,5,2025-10-28 16:11:47,store,cancelled
5060,383,24,2025-04-24 02:38:45,store,complete
5061,786,26,2025-02-02 13:23:06,phone,complete
5062,1107,35,2025-01-31 18:37:20,web,cancelled
5063,1234,14,2025-12-14 08:12:05,web,complete
5064,1017,10,2025-06-05 13:18:33,web,cancelled
5065,1143,12,2025-10-04 06:01:43,web,cancelled
5066,864,28,2025-03-13 05:11:07,store,complete
5067,595,13,2025-01-11 05:03:11,web,returned
5068,1289,12,2025-11-12 08:16:17,store,cancelled
5069,643,4,2025-12-31 06:38:50,web,complete
5070,1132,14,2025-10-16 16:02:06,web,complete
5071,434,13,2025-07-21 20:14:05,mobile,complete
5072,182,30,2025-11-01 23:22:44,mobile,complete
5073,783,5,2025-06-17 20:35:22,web,returned
5074,628,34,2025-02-19 03:55:30,web,complete
5075,1214,37,2025-03-06 21:58:41,phone,returned
5076,1312,22,2025-05-27 01:04:55,mobile,returned
5077,53,33,2025-04-21 16:33:09,web,cancelled
5078,473,24,2025-01-10 15:48:27,store,complete
5079,23,4,2025-10-25 22:45:11,mobile,complete
5080,557,20,2025-04-09 15:40:05,mobile,cancelled
5081,1486,4,2025-09-24 05:44:24,phone,complete
5082,477,30,2025-05-10 00:43:53,store,cancelled
5083,1444,30,2025-10-06 09:19:55,web,complete
5084,1315,27,2025-07-06 07:23:12,mobile,returned
5085,54,31,2025-04-18 05:07:05,store,returned
5086,923,21,2025-07-27 22:42:55,phone,complete
5087,1164,15,2025-11-03 15:50:13,store,complete
5088,282,29,2025-04-12 10:21:15,phone,complete
5089,1369,9,2025-12-25 19:35:19,web,complete
5090,282,31,2025-06-05 03:13:32,mobile,complete
5091,1188,9,2025-02-19 16:37:05,mobile,complete
5092,50,16,2025-07-20 09:21:46,phone,returned
5093,793,22,2025-11-10 23:31:07,web,complete
5094,119,11,2025-06-17 00:50:13,web,complete
5095,121,15,2025-10-29 22:11:17,mobile,returned
5096,1371,27,2025-05-23 07:00:31,web,complete
5097,720,37,2025-12-16 13:56:28,mobile,complete
5098,624,20,2025-07-28 06:17:28,store,complete
5099,586,12,2025-05-25 14:25:28,web,complete
5100,175,5,2025-10-01 21:30:59,store,complete
5101,66,13,2025-10-25 11:47:24,store,cancelled
5102,1131,23,2025-04-24 18:03:27,phone,complete
5103,1395,38,2025-07-28 14:48:05,mobile,complete
5104,1060,14,2025-06-27 03:48:53,mobile,complete
5105,1334,11,2025-02-27 22:10:10,store,complete
5106,614,24,2025-11-18 16:09:00,phone,complete
5107,1146,34,2025-02-22 05:14:07,mobile,returned
5108,512,19,2025-08-04 09:14:03,store,returned
5109,1334,20,2025-12-20 05:52:37,web,returned
5110,496,35,2025-08-20 12:59:42,phone,cancelled
5111,977,35,2025-01-12 07:37:02,phone,complete
5112,1300,1,2025-07-18 07:03:16,store,complete
5113,411,3,2025-11-22 01:24:16,store,complete
5114,1145,25,2025-08-23 08:42:03,web,cancelled
5115,367,4,2025-07-16 16:29:05,store,complete
5116,748,16,2025-06-06 22:14:48,store,complete
5117,1331,39,2025-02-04 15:30:27,phone,returned
5118,672,11,2025-12-01 08:34:52,store,complete
5119,456,11,2025-04-05 22:44:37,web,complete
5120,38,8,2025-09-26 17:11:28,mobile,complete
5121,273,19,2025-09-02 19:54:14,mobile,complete
5122,296,24,2025-10-06 12:17:57,web,complete
5123,1219,33,2025-03-04 00:45:46,mobile,complete
5124,862,18,2025-05-08 00:23:44,mobile,cancelled
5125,141,11,2025-02-27 09:34:13,phone,returned
5126,273,38,2025-02-22 01:08:04,web,complete
5127,703,18,2025-12-01 16:56:38,phone,cancelled
5128,354,12,2025-01-17 22:00:59,phone,returned
5129,1235,18,2025-06-05 06:21:40,phone,cancelled
5130,309,6,2025-01-31 07:39:37,store,returned
5131,1233,32,2025-03-02 02:22:07,web,complete
5132,986,19,2025-06-06 10:55:21,phone,cancelled
5133,519,14,2025-11-11 10:16:42,phone,complete
5134,864,13,2025-12-03 00:26:21,store,cancelled
5135,1397,16,2025-10-04 17:49:40,store,returned
5136,1243,16,2025-03-28 13:30:33,phone,complete
5137,1045,3,2025-07-11 02:23:02,web,complete
5138,1481,17,2025-11-22 18:21:49,web,returned
5139,1322,40,2025-01-28 07:41:28,web,returned
5140,448,37,2025-02-20 18:15:09,phone,complete
5141,987,3,2025-11-25 09:17:39,web,complete
5142,206,24,2025-11-29 21:51:40,phone,complete
5143,292,31,2025-08-22 09:53:55,web,returned
5144,471,38,2025-01-11 10:45:26,mobile,complete
5145,363,8,2025-09-09 21:07:59,mobile,complete
5146,771,11,2025-01-25 15:24:26,mobile,complete
5147,1379,21,2025-01-29 05:34:24,store,complete
5148,488,32,2025-10-10 07:34:06,web,complete
5149,180,12,2025-06-20 02:02:03,mobile,complete
5150,1113,28,2025-05-20 21:45:04,web,complete
5151,1465,8,2025-03-10 16:36:19,store,complete
5152,987,31,2025-02-05 13:17:59,phone,complete
5153,275,20,2025-12-15 12:27:54,web,complete
5154,463,13,2025-09-03 08:41:50,mobile,complete
5155,933,29,2025-08-03 07:51:32,phone,returned
5156,1360,25,2025-08-23 03:10:28,store,complete
5157,183,13,2025-07-31 22:08:53,web,complete
5158,454,19,2025-03-06 07:25:36,store,cancelled
5159,1344,22,2025-12-22 03:18:49,mobile,complete
5160,557,8,2025-12-27 10:43:40,mobile,complete
5161,119,16,2025-10-24 11:59:30,mobile,complete
5162,1059,22,2025-01-08 07:44:57,web,complete
5163,941,14,2025-06-09 02:58:51,phone,complete
5164,908,39,2025-02-19 14:04:06,store,complete
5165,576,12,2025-05-28 16:20:46,store,cancelled
5166,613,27,2025-08-25 03:33:18,phone,complete
5167,544,10,2025-06-29 05:09:31,web,cancelled
5168,1160,31,2025-08-14 10:49:42,web,complete
5169,283,16,2025-02-02 09:45:23,phone,complete
5170,307,4,2025-12-02 06:32:21,web,complete
5171,532,24,2025-11-17 14:17:37,store,complete
5172,612,3,2025-12-22 12:50:31,mobile,complete
5173,813,21,2025-12-09 19:21:44,store,complete
5174,250,5,2025-09-11 20:59:36,web,cancelled
5175,625,16,2025-11-16 03:57:33,phone,complete
5176,821,9,2025-06-11 18:46:30,web,returned
5177,1394,28,2025-12-18 11:46:13,web,complete
5178,314,1,2025-07-01 00:31:13,phone,returned
5179,427,39,2025-07-29 20:27:02,web,returned
5180,384,13,2025-05-08 16:22:54,phone,complete
5181,509,12,2025-04-28 19:09:46,store,complete
5182,403,38,2025-11-14 10:10:26,store,complete
5183,681,20,2025-07-08 21:29:46,mobile,complete
5184,712,34,2025-10-03 11:46:09,mobile,complete
5185,9,13,2025-06-11 03:17:21,web,complete
5186,988,21,2025-06-12 23:17:19,store,complete
5187,1419,7,2025-10-25 16:31:32,mobile,returned
5188,1010,11,2025-04-29 05:36:59,mobile,complete
5189,114,23,2025-12-20 10:16:25,store,complete
5190,429,34,2025-10-26 02:15:28,mobile,complete
5191,1010,14,2025-04-13 17:06:23,store,complete
5192,805,37,2025-05-23 18:09:41,phone,returned
5193,396,26,2025-12-14 10:18:39,phone,complete
5194,130,28,2025-07-14 21:00:47,web,complete
5195,517,20,2025-11-10 21:41:19,mobile,complete
5196,1066,2,2025-10-07 10:54:11,mobile,complete
5197,567,31,2025-01-02 17:30:35,mobile,returned
5198,1312,12,2025-06-19 01:29:20,phone,complete
5199,698,6,2025-01-27 16:57:32,web,complete
5200,938,36,2025-04-24 06:39:12,web,cancelled
5201,1398,13,2025-03-04 21:30:38,mobile,complete
5202,296,29,2025-07-16 12:06:40,web,cancelled
5203,434,38,2025-04-25 13:56:24,web,complete
5204,141,21,2025-04-22 09:33:25,web,cancelled
5205,118,34,2025-06-13 00:04:02,web,complete
5206,778,37,2025-04-06 09:59:25,phone,returned
5207,100,33,2025-11-29 06:01:38,mobile,complete
5208,1101,11,2025-06-30 06:08:46,web,complete
5209,354,25,2025-07-05 05:48:45,phone,complete
5210,1182,26,2025-03-16 19:52:21,store,complete
5211,1091,24,2025-05-31 07:32:13,store,returned
5212,517,28,2025-01-22 14:36:42,mobile,returned
5213,365,10,2025-10-14 07:14:34,web,complete
5214,947,31,2025-08-16 03:12:50,phone,returned
5215,1023,5,2025-04-25 22:05:04,phone,returned
5216,1486,33,2025-08-29 06:44:29,mobile,complete
5217,1052,26,2025-06-08 22:00:58,store,returned
5218,104,30,2025-10-31 12:25:00,phone,complete
5219,814,37,2025-10-02 21:21:09,store,complete
5220,1448,22,2025-05-08 07:35:43,mobile,cancelled
5221,800,4,2025-07-16 00:34:07,store,complete
5222,1254,26,2025-05-06 02:39:41,phone,cancelled
5223,401,24,2025-05-13 15:37:45,web,cancelled
5224,989,29,2025-11-15 07:32:29,web,returned
5225,52,5,2025-03-20 08:07:49,store,cancelled
5226,1198,39,2025-01-21 01:41:06,mobile,complete
5227,410,1,2025-10-20 07:27:36,phone,cancelled
5228,1158,30,2025-08-02 20:04:34,store,complete
5229,541,4,2025-06-04 14:43:03,web,complete
5230,707,29,2025-07-01 03:49:52,store,complete
5231,10,22,2025-07-16 20:04:21,web,cancelled
5232,413,17,2025-11-21 19:24:46,mobile,complete
5233,1244,2,2025-03-10 00:54:24,web,cancelled
5234,544,38,2025-10-12 13:15:52,mobile,complete
5235,953,31,2025-06-17 07:40:29,mobile,complete
5236,1175,6,2025-12-30 17:44:22,mobile,returned
5237,1188,8,2025-08-17 18:33:25,phone,complete
5238,1413,31,2025-10-14 11:42:42,store,complete
5239,665,31,2025-11-15 13:25:57,store,cancelled
5240,242,28,2025-11-29 14:01:26,phone,returned
5241,946,22,2025-06-21 22:34:30,web,returned
5242,1085,9,2025-07-13 14:17:45,web,complete
5243,569,4,2025-05-25 20:22:45,web,complete
5244,166,22,2025-11-22 23:21:04,store,returned
5245,420,1,2025-03-17 07:55:56,mobile,returned
5246,1204,2,2025-05-23 15:18:53,phone,complete
5247,100,38,2025-07-27 03:09:59,store,returned
5248,1249,35,2025-02-11 07:12:55,store,complete
5249,1309,35,2025-07-25 14:26:26,web,complete
5250,933,28,2025-09-12 20:23:38,web,complete
5251,164,29,2025-11-04 11:12:29,mobile,complete
5252,1131,25,2025-04-05 22:07:15,phone,returned
5253,454,26,2025-07-30 15:02:53,store,complete
5254,880,38,2025-07-06 13:41:00,web,complete
5255,1348,23,2025-03-25 05:24:13,mobile,cancelled
5256,643,22,2025-12-31 05:26:35,store,cancelled
5257,358,8,2025-03-31 14:24:07,web,complete
5258,1318,35,2025-07-02 23:06:01,store,complete
5259,828,19,2025-07-15 16:23:11,mobile,complete
5260,489,12,2025-03-29 13:19:24,mobile,returned
5261,128,26,2025-08-28 18:42:25,mobile,complete
5262,815,36,2025-12-27 22:21:21,store,complete
5263,1280,35,2025-02-08 06:36:01,store,cancelled
5264,288,9,2025-11-16 21:06:24,phone,returned
5265,744,26,2025-11-08 09:20:47,phone,complete
5266,1438,27,2025-03-01 00:35:56,web,cancelled
5267,1191,6,2025-07-20 12:55:22,store,complete
5268,883,29,2025-08-30 17:35:20,store,cancelled
5269,731,15,2025-08-07 13:36:16,phone,complete
5270,264,16,2025-09-10 13:43:41,web,complete
5271,480,11,2025-10-02 22:02:06,phone,complete
5272,1436,11,2025-04-29 16:08:17,mobile,complete
5273,1107,24,2025-01-06 06:28:50,store,complete
5274,751,31,2025-07-07 11:19:32,store,complete
5275,399,6,2025-02-01 18:13:40,web,complete
5276,709,13,2025-10-06 02:13:48,phone,complete
5277,351,26,2025-04-01 14:42:29,mobile,complete
5278,1044,23,2025-09-27 01:19:26,web,returned
5279,774,27,2025-12-13 22:13:20,store,complete
5280,1263,15,2025-06-25 13:20:41,web,complete
5281,492,34,2025-12-07 18:17:28,store,complete
5282,594,27,2025-03-05 12:04:07,phone,returned
5283,437,9,2025-01-23 09:05:02,store,complete
5284,647,11,2025-04-29 20:30:09,mobile,complete
5285,457,24,2025-12-27 11:35:44,web,returned
5286,372,13,2025-03-20 08:37:06,web,returned
5287,899,3,2025-03-24 00:46:44,mobile,complete
5288,1180,18,2025-03-25 17:03:46,mobile,complete
5289,1242,33,2025-10-18 09:50:50,web,complete
5290,126,5,2025-12-23 04:46:43,web,complete
5291,198,28,2025-04-27 21:42:13,web,cancelled
5292,931,26,2025-08-27 13:19:25,mobile,returned
5293,168,1,2025-12-08 07:01:35,mobile,returned
5294,834,21,2025-12-29 01:19:36,store,cancelled
5295,163,22,2025-10-26 18:34:59,phone,cancelled
5296,1318,30,2025-10-03 11:51:51,mobile,complete
5297,231,20,2025-05-25 21:42:42,web,cancelled
5298,946,38,2025-12-16 20:32:53,web,complete
5299,1392,26,2025-07-05 20:39:54,web,complete
5300,763,9,2025-07-20 20:49:10,store,complete
5301,679,1,2025-01-13 15:02:01,web,complete
5302,1363,26,2025-03-15 13:14:22,phone,returned
5303,509,23,2025-09-04 15:31:41,phone,complete
5304,1451,12,2025-02-06 23:50:33,mobile,returned
5305,1060,18,2025-06-17 07:50:08,store,complete
5306,720,14,2025-01-16 04:09:21,web,returned
5307,79,35,2025-10-28 14:13:32,web,complete
5308,789,35,2025-07-05 18:21:54,web,complete
5309,908,19,2025-01-25 15:06:53,phone,complete
5310,784,15,2025-07-18 05:52:22,web,complete
5311,1265,34,2025-06-13 21:40:23,phone,cancelled
5312,437,25,2025-06-16 08:21:27,web,cancelled
5313,441,4,2025-09-06 01:52:55,store,complete
5314,341,15,2025-05-09 16:39:51,store,complete
5315,1416,38,2025-02-11 21:07:40,mobile,cancelled
5316,336,18,2025-11-13 00:19:24,store,complete
5317,1495,6,2025-10-20 20:20:22,store,returned
5318,504,7,2025-04-07 08:44:38,web,complete
5319,556,27,2025-04-22 03:42:32,phone,complete
5320,1272,17,2025-09-07 15:23:34,phone,cancelled
5321,576,34,2025-12-03 15:08:55,mobile,returned
5322,1227,8,2025-01-10 20:04:48,phone,complete
5323,709,5,2025-02-15 01:40:35,mobile,complete
5324,436,40,2025-07-07 05:03:07,phone,complete
5325,463,17,2025-11-05 14:37:46,web,complete
5326,954,2,2025-11-28 09:25:07,mobile,cancelled
5327,462,31,2025-12-09 01:34:50,web,complete
5328,1488,21,2025-08-13 20:32:47,phone,complete
5329,417,24,2025-08-10 10:37:15,mobile,complete
5330,217,21,2025-03-23 17:39:48,mobile,complete
5331,595,25,2025-12-20 06:43:34,mobile,cancelled
5332,1132,24,2025-01-24 09:12:36,store,complete
5333,46,21,2025-10-22 02:46:41,mobile,complete
5334,1322,8,2025-03-30 20:07:47,store,complete
5335,1325,12,2025-11-23 03:36:24,mobile,complete
5336,805,5,2025-04-03 02:54:16,mobile,complete
5337,604,21,2025-01-06 13:28:24,phone,complete
5338,247,18,2025-12-28 22:59:03,mobile,cancelled
5339,784,34,2025-05-21 13:25:01,store,complete
5340,1179,5,2025-09-03 14:53:42,mobile,returned
5341,342,5,2025-10-11 11:30:04,store,returned
5342,1278,17,2025-01-14 01:11:54,phone,returned
5343,1148,1,2025-03-25 22:16:09,phone,returned
5344,1031,11,2025-03-12 20:35:04,web,complete
5345,987,31,2025-05-19 14:39:24,store,cancelled
5346,716,12,2025-11-02 17:29:31,phone,cancelled
5347,653,2,2025-05-23 06:05:39,mobile,complete
5348,478,33,2025-09-21 06:09:58,store,cancelled
5349,212,11,2025-09-15 18:52:24,mobile,complete
5350,831,1,2025-10-04 12:30:41,phone,complete
5351,382,33,2025-02-08 20:16:08,web,returned
5352,864,8,2025-03-07 09:58:21,mobile,complete
5353,561,25,2025-01-23 14:25:41,store,cancelled
5354,351,20,2025-07-12 14:32:15,store,returned
5355,669,34,2025-05-13 13:00:55,web,complete
5356,511,6,2025-08-09 09:08:04,phone,cancelled
5357,496,38,2025-05-21 13:32:39,store,complete
5358,734,27,2025-02-28 19:52:11,phone,complete
5359,395,40,2025-10-11 03:51:39,mobile,returned
5360,1142,3,2025-12-09 18:12:05,mobile,complete
5361,1041,37,2025-02-21 19:58:26,store,complete
5362,117,4,2025-12-23 23:59:01,store,returned
5363,1223,14,2025-08-14 16:39:58,phone,complete
5364,1209,9,2025-03-05 18:02:56,web,complete
5365,846,10,2025-11-26 04:04:36,phone,complete
5366,68,30,2025-11-12 12:16:47,phone,complete
5367,1297,22,2025-09-01 22:03:05,phone,complete
5368,1208,6,2025-01-27 10:01:38,phone,returned
5369,569,3,2025-10-15 06:37:22,phone,cancelled
5370,226,30,2025-04-10 20:28:15,web,complete
5371,814,14,2025-02-02 01:01:47,mobile,complete
5372,327,15,2025-10-31 09:07:08,web,returned
5373,1441,17,2025-11-27 01:21:45,store,complete
5374,1062,16,2025-01-24 15:54:11,store,complete
5375,97,12,2025-08-20 15:33:20,mobile,complete
5376,236,28,2025-01-08 14:02:23,web,complete
5377,1017,16,2025-02-14 06:34:28,web,cancelled
5378,859,21,2025-12-05 08:45:25,store,returned
5379,218,14,2025-05-04 08:07:22,store,complete
5380,1496,1,2025-03-29 06:38:37,phone,complete
5381,242,3,2025-01-15 16:46:20,store,complete
5382,210,12,2025-08-14 04:09:39,phone,complete
5383,588,19,2025-04-01 14:45:41,store,cancelled
5384,1062,5,2025-05-11 17:27:14,store,cancelled
5385,568,23,2025-09-11 13:50:34,mobile,complete
5386,648,2,2025-11-20 02:00:13,mobile,complete
5387,1171,7,2025-09-13 03:18:19,web,complete
5388,1486,15,2025-07-23 23:54:48,phone,complete
5389,1320,1,2025-11-21 23:33:46,web,complete
5390,1317,20,2025-01-08 00:48:15,store,returned
5391,1496,17,2025-09-24 05:46:08,store,cancelled
5392,798,28,2025-05-14 16:22:12,mobile,returned
5393,507,27,2025-09-04 13:17:17,phone,complete
5394,877,22,2025-08-07 01:33:29,web,complete
5395,249,10,2025-11-06 11:27:42,store,complete
5396,879,20,2025-04-02 20:50:56,store,complete
5397,1387,4,2025-05-31 02:16:18,phone,returned
5398,497,33,2025-09-14 00:25:18,web,complete
5399,909,40,2025-06-09 17:59:28,store,complete
5400,129,15,2025-11-07 06:12:27,store,complete
5401,615,36,2025-09-26 20:30:50,phone,returned
5402,939,29,2025-10-18 07:54:46,web,complete
5403,252,6,2025-07-10 18:37:44,phone,cancelled
5404,160,13,2025-07-23 03:27:19,phone,cancelled
5405,1266,3,2025-01-28 15:43:55,mobile,cancelled
5406,788,6,2025-04-08 10:45:47,web,complete
5407,501,32,2025-07-06 05:12:40,store,complete
5408,1377,16,2025-01-25 21:39:03,mobile,complete
5409,1428,33,2025-11-05 17:41:44,mobile,complete
5410,62,14,2025-08-06 20:22:49,store,returned
5411,26,34,2025-11-10 14:03:16,phone,complete
5412,318,31,2025-05-30 13:29:41,web,complete
5413,848,31,2025-01-28 16:19:29,store,returned
5414,81,32,2025-10-21 13:38:09,phone,cancelled
5415,712,1,2025-05-18 14:11:00,phone,complete
5416,12,24,2025-09-21 15:32:36,store,cancelled
5417,1120,5,2025-10-10 10:02:39,web,complete
5418,501,9,2025-04-04 20:19:41,phone,complete
5419,1453,30,2025-01-10 19:53:56,phone,complete
5420,1454,11,2025-07-13 00:26:57,store,returned
5421,1388,4,2025-06-12 21:51:21,phone,returned
5422,28,24,2025-12-14 19:58:57,web,complete
5423,1297,2,2025-07-19 11:14:24,mobile,returned
5424,937,11,2025-06-10 04:02:04,mobile,returned
5425,1165,22,2025-12-28 20:00:06,web,returned
5426,988,25,2025-04-19 10:07:54,web,returned
5427,588,18,2025-07-18 17:36:52,web,cancelled
5428,984,14,2025-10-18 06:43:52,mobile,returned
5429,1211,20,2025-12-03 16:37:24,store,complete
5430,214,40,2025-09-30 11:08:14,web,complete
5431,179,2,2025-10-06 22:23:44,store,complete
5432,1059,40,2025-01-14 23:34:50,web,cancelled
5433,636,25,2025-07-25 18:20:01,mobile,complete
5434,403,9,2025-02-01 19:48:57,mobile,complete
5435,311,21,2025-10-28 06:44:50,mobile,complete
5436,248,21,2025-05-03 06:23:10,store,returned
5437,843,17,2025-02-07 17:10:27,store,complete
5438,326,32,2025-12-25 07:12:15,phone,complete
5439,80,15,2025-08-31 07:39:24,mobile,cancelled
5440,812,7,2025-12-14 05:24:31,mobile,complete
5441,1127,28,2025-08-14 05:43:05,mobile,complete
5442,826,22,2025-05-21 00:22:25,mobile,cancelled
5443,49,34,2025-07-09 00:29:26,phone,complete
5444,1210,18,2025-02-27 07:33:39,web,complete
5445,441,13,2025-04-05 11:36:02,phone,complete
5446,264,40,2025-11-28 18:10:39,mobile,complete
5447,276,40,2025-10-05 12:24:51,mobile,complete
5448,1418,34,2025-12-03 20:57:33,phone,complete
5449,115,15,2025-03-28 14:00:29,mobile,cancelled
5450,50,36,2025-04-09 23:09:14,mobile,returned
5451,856,19,2025-04-04 06:02:12,store,complete
5452,502,10,2025-01-25 22:01:05,web,cancelled
5453,1361,38,2025-09-04 08:10:00,phone,complete
5454,1088,24,2025-12-10 12:46:44,mobile,complete
5455,355,12,2025-03-01 08:43:27,mobile,cancelled
5456,483,20,2025-12-07 03:25:17,mobile,returned
5457,132,2,2025-05-23 14:26:18,phone,complete
5458,97,34,2025-05-26 02:57:12,store,complete
5459,1418,8,2025-01-05 19:30:26,mobile,returned
5460,69,25,2025-11-13 15:08:11,web,complete
5461,1400,17,2025-07-14 00:17:08,mobile,cancelled
5462,480,32,2025-06-23 00:02:59,phone,complete
5463,780,26,2025-07-10 23:23:57,mobile,complete
5464,1032,9,2025-04-24 17:08:50,store,complete
5465,1426,18,2025-02-02 23:03:55,store,complete
5466,1342,5,2025-09-29 15:58:44,mobile,returned
5467,528,25,2025-07-15 17:00:47,store,complete
5468,200,31,2025-03-11 17:02:04,phone,complete
5469,513,10,2025-10-16 07:51:04,mobile,complete
5470,232,38,2025-07-10 20:57:33,store,complete
5471,881,4,2025-04-09 03:00:26,mobile,complete
5472,1396,37,2025-02-25 01:59:23,mobile,complete
5473,1473,7,2025-03-19 15:23:25,store,complete
5474,1049,28,2025-08-17 17:29:38,phone,complete
5475,1221,9,2025-01-29 14:59:37,web,complete
5476,10,18,2025-09-09 06:32:57,phone,returned
5477,261,4,2025-06-03 20:37:17,store,complete
5478,1230,29,2025-07-22 23:37:44,web,complete
5479,20,30,2025-07-18 21:44:57,store,returned
5480,240,10,2025-07-05 16:39:12,mobile,cancelled
5481,794,27,2025-06-05 22:09:50,phone,complete
5482,1358,23,2025-02-08 01:39:35,phone,cancelled
5483,830,16,2025-08-04 14:27:36,web,complete
5484,39,28,2025-05-25 13:57:38,web,cancelled
5485,1176,39,2025-04-25 08:59:18,phone,complete
5486,807,14,2025-06-14 21:35:15,mobile,complete
5487,1314,9,2025-06-01 18:46:19,mobile,complete
5488,54,11,2025-01-05 00:30:15,phone,cancelled
5489,912,21,2025-02-28 16:34:26,web,complete
5490,357,7,2025-12-23 18:22:52,phone,complete
5491,584,9,2025-03-04 11:05:28,phone,complete
5492,79,34,2025-11-21 19:11:01,phone,complete
5493,1390,32,2025-05-25 16:30:04,web,complete
5494,346,20,2025-01-13 08:55:13,store,complete
5495,311,34,2025-07-21 03:50:18,web,complete
5496,516,18,2025-11-15 12:31:29,store,returned
5497,1037,10,2025-09-11 18:47:43,mobile,cancelled
5498,179,1,2025-03-28 00:59:14,web,complete
5499,859,18,2025-03-10 18:38:42,phone,cancelled
5500,240,2,2025-01-22 14:39:58,mobile,complete
5501,1392,25,2025-05-20 10:54:35,store,cancelled
5502,624,7,2025-09-18 22:24:25,phone,complete
5503,1424,33,2025-08-01 20:48:50,mobile,complete
5504,480,38,2025-11-04 07:24:14,web,returned
5505,698,39,2025-07-31 19:06:52,phone,returned
5506,881,10,2025-04-01 19:49:07,web,complete
5507,207,4,2025-09-01 07:28:54,phone,complete
5508,169,30,2025-04-06 07:46:36,store,complete
5509,399,19,2025-12-24 18:16:56,web,complete
5510,740,9,2025-10-29 11:08:15,web,complete
5511,116,22,2025-08-12 02:54:36,web,complete
5512,647,10,2025-09-03 20:04:24,store,complete
5513,932,9,2025-01-05 09:51:51,store,cancelled
5514,202,36,2025-07-27 00:16:12,phone,complete
5515,104,34,2025-10-10 18:32:08,store,returned
5516,1281,21,2025-06-14 05:11:21,mobile,cancelled
5517,489,17,2025-10-31 00:46:34,web,complete
5518,288,31,2025-09-15 20:23:41,store,complete
5519,465,2,2025-07-15 22:03:39,web,complete
5520,122,37,2025-09-08 12:22:47,store,returned
5521,893,39,2025-01-19 06:07:53,phone,complete
5522,806,36,2025-05-29 08:03:55,store,cancelled
5523,181,26,2025-04-23 12:20:57,mobile,returned
5524,654,11,2025-02-14 01:10:18,store,complete
5525,1360,11,2025-04-13 15:34:38,mobile,complete
5526,1436,11,2025-10-10 22:15:10,store,complete
5527,1120,30,2025-07-27 06:25:46,mobile,complete
5528,935,32,2025-10-12 10:52:11,store,complete
5529,839,29,2025-06-15 12:49:09,store,returned
5530,1091,27,2025-09-03 01:48:28,phone,returned
5531,694,7,2025-04-18 05:01:51,web,complete
5532,677,21,2025-02-15 10:38:18,phone,returned
5533,333,14,2025-01-25 12:14:04,mobile,complete
5534,697,17,2025-07-01 03:04:50,mobile,complete
5535,167,35,2025-11-18 13:29:38,mobile,cancelled
5536,166,9,2025-09-02 06:05:27,web,complete
5537,558,20,2025-03-14 19:29:40,web,complete
5538,638,22,2025-08-26 00:29:31,store,complete
5539,934,2,2025-06-03 10:11:52,mobile,complete
5540,877,15,2025-11-26 18:07:47,phone,complete
5541,1439,14,2025-04-28 01:01:47,mobile,returned
5542,1008,38,2025-02-22 01:33:18,store,complete
5543,675,27,2025-10-26 18:33:08,web,complete
5544,487,23,2025-02-08 03:48:40,store,complete
5545,67,35,2025-09-06 09:35:30,phone,cancelled
5546,1481,33,2025-11-23 01:41:21,mobile,complete
5547,11,23,2025-01-01 11:16:25,web,returned
5548,1475,25,2025-07-10 04:38:58,phone,complete
5549,436,7,2025-07-26 05:18:27,web,complete
5550,1450,25,2025-10-02 15:00:35,store,complete
5551,833,38,2025-02-14 20:47:14,web,cancelled
5552,815,13,2025-03-27 09:09:57,mobile,returned
5553,273,8,2025-02-08 07:43:01,phone,complete
5554,878,39,2025-08-02 22:38:31,mobile,complete
5555,953,16,2025-05-30 07:08:10,phone,complete
5556,922,29,2025-01-17 18:47:34,phone,complete
5557,755,21,2025-11-03 07:07:28,phone,complete
5558,1396,29,2025-10-22 23:43:00,mobile,cancelled
5559,1492,9,2025-10-10 10:07:44,store,returned
5560,1295,33,2025-03-20 23:37:55,phone,complete
5561,906,6,2025-02-12 03:48:46,store,complete
5562,381,24,2025-11-18 04:35:03,mobile,complete
5563,162,29,2025-11-20 16:47:05,mobile,complete
5564,954,31,2025-12-31 22:46:09,store,returned
5565,1243,10,2025-09-12 22:36:25,mobile,complete
5566,1275,35,2025-05-25 17:30:22,web,complete
5567,975,6,2025-08-18 06:50:13,web,complete
5568,566,15,2025-02-10 03:11:49,web,complete
5569,106,29,2025-03-27 21:45:24,phone,complete
5570,572,2,2025-09-01 21:07:47,store,complete
5571,518,15,2025-09-26 22:03:41,mobile,complete
5572,1077,16,2025-07-30 01:54:28,store,complete
5573,672,31,2025-02-18 03:27:15,mobile,complete
5574,47,22,2025-09-03 02:04:57,mobile,complete
5575,949,24,2025-10-12 22:50:20,store,complete
5576,1259,9,2025-02-05 08:55:18,phone,returned
5577,1091,32,2025-01-25 20:55:52,web,returned
5578,1255,29,2025-09-21 00:08:56,phone,complete
5579,126,30,2025-08-15 15:05:06,phone,returned
5580,1045,3,2025-10-25 11:17:50,phone,complete
5581,699,19,2025-06-17 14:58:06,store,complete
5582,487,2,2025-05-20 14:48:35,store,complete
5583,689,17,2025-04-13 14:31:54,mobile,returned
5584,1262,5,2025-04-03 11:27:16,mobile,complete
5585,1255,9,2025-10-30 12:41:13,web,returned
5586,62,39,2025-09-10 17:46:25,mobile,cancelled
5587,629,25,2025-05-07 15:20:52,mobile,cancelled
5588,1356,9,2025-04-16 17:08:53,web,cancelled
5589,1340,36,2025-06-13 04:41:22,phone,returned
5590,1015,17,2025-02-06 10:51:45,store,complete
5591,848,37,2025-01-13 12:35:56,phone,returned
5592,347,3,2025-08-13 22:55:42,web,complete
5593,1478,7,2025-01-03 18:12:49,phone,cancelled
5594,460,35,2025-07-10 22:59:00,mobile,returned
5595,337,39,2025-03-27 21:31:02,store,complete
5596,55,39,2025-07-07 00:07:28,phone,complete
5597,1425,6,2025-06-17 13:19:20,web,cancelled
5598,878,39,2025-02-25 14:30:17,mobile,complete
5599,1163,15,2025-11-04 17:30:49,store,complete
5600,1154,38,2025-09-24 12:10:48,store,complete
5601,1439,5,2025-09-27 06:56:33,mobile,returned
5602,59,35,2025-06-08 07:26:28,web,cancelled
5603,580,24,2025-05-18 15:19:59,web,complete
5604,1169,32,2025-03-07 02:51:08,phone,cancelled
5605,518,14,2025-05-22 09:28:10,mobile,returned
5606,628,31,2025-03-15 10:03:05,store,returned
5607,1102,39,2025-02-05 10:07:49,mobile,complete
5608,245,15,2025-03-23 00:34:47,web,complete
5609,1108,23,2025-08-14 01:07:27,phone,complete
5610,963,18,2025-04-01 19:35:01,store,complete
5611,1318,16,2025-12-14 15:23:49,phone,complete
5612,484,11,2025-01-16 06:13:53,store,complete
5613,483,18,2025-09-27 09:40:09,mobile,cancelled
5614,1429,25,2025-02-22 16:18:39,web,complete
5615,331,30,2025-12-25 19:54:35,mobile,returned
5616,491,40,2025-02-16 07:47:04,web,complete
5617,529,12,2025-04-22 10:50:04,store,returned
5618,1289,25,2025-04-19 06:05:13,phone,returned
5619,854,18,2025-12-27 00:47:51,web,complete
5620,596,9,2025-12-03 17:24:09,mobile,cancelled
5621,856,11,2025-09-13 20:51:15,web,returned
5622,576,2,2025-01-19 01:01:16,mobile,complete
5623,438,35,2025-09-04 22:06:06,web,complete
5624,1102,25,2025-03-25 03:02:25,phone,cancelled
5625,865,11,2025-10-20 04:06:59,phone,complete
5626,1006,11,2025-06-02 04:39:24,web,cancelled
5627,94,30,2025-10-06 02:44:03,store,complete
5628,1339,4,2025-07-26 19:04:45,store,complete
5629,1317,7,2025-11-10 00:09:38,web,cancelled
5630,902,20,2025-03-12 11:48:35,phone,returned
5631,113,6,2025-07-18 19:18:26,web,complete
5632,105,7,2025-10-23 04:00:51,phone,complete
5633,1100,22,2025-04-24 05:36:07,web,returned
5634,459,18,2025-04-26 20:40:46,web,complete
5635,1474,4,2025-03-09 09:51:32,mobile,cancelled
5636,1277,6,2025-04-13 14:20:31,mobile,complete
5637,956,35,2025-02-07 19:57:20,phone,complete
5638,1458,8,2025-03-02 21:04:50,mobile,complete
5639,1204,39,2025-04-01 22:56:46,phone,returned
5640,949,39,2025-10-01 14:22:57,phone,complete
5641,1006,33,2025-04-19 14:26:24,web,complete
5642,645,3,2025-09-01 20:59:26,phone,complete
5643,388,22,2025-02-03 03:57:12,web,complete
5644,206,13,2025-07-17 19:59:00,phone,complete
5645,766,20,2025-12-20 07:46:18,phone,complete
5646,613,38,2025-11-15 04:13:04,web,complete
5647,910,16,2025-10-27 07:30:31,store,cancelled
5648,159,8,2025-04-24 11:10:23,store,complete
5649,668,6,2025-03-07 16:50:05,mobile,returned
5650,547,28,2025-07-21 18:30:57,store,complete
5651,530,12,2025-01-24 23:25:27,mobile,complete
5652,1099,39,2025-08-08 21:20:36,store,cancelled
5653,1336,35,2025-01-09 19:59:04,web,complete
5654,584,16,2025-12-08 02:36:49,mobile,complete
5655,776,36,2025-10-17 04:14:45,web,cancelled
5656,445,21,2025-07-21 10:13:52,phone,returned
5657,926,27,2025-04-19 22:45:48,web,complete
5658,89,25,2025-05-08 10:02:29,mobile,cancelled
5659,399,36,2025-12-04 00:18:13,web,cancelled
5660,1318,11,2025-12-06 09:19:48,web,complete
5661,1373,20,2025-11-29 04:59:40,mobile,complete
5662,568,8,2025-10-11 13:00:28,mobile,complete
5663,1287,2,2025-07-14 03:02:36,store,complete
5664,130,28,2025-01-26 15:18:09,web,complete
5665,947,17,2025-01-19 21:38:27,mobile,complete
5666,1345,9,2025-08-19 03:11:48,phone,complete
5667,81,11,2025-04-24 02:10:29,phone,complete
5668,203,26,2025-05-17 10:32:26,store,complete
5669,230,16,2025-07-21 14:25:07,phone,complete
5670,1316,8,2025-10-18 04:51:58,store,complete
5671,936,6,2025-03-02 18:16:15,web,cancelled
5672,929,32,2025-03-26 00:19:53,store,complete
5673,1177,8,2025-08-30 01:34:53,web,complete
5674,1015,37,2025-05-07 17:18:36,web,returned
5675,69,4,2025-08-26 08:19:27,mobile,complete
5676,1422,26,2025-04-30 02:30:33,web,returned
5677,173,6,2025-04-01 15:11:26,web,cancelled
5678,415,29,2025-09-03 03:43:07,web,complete
5679,2,28,2025-11-15 00:41:41,mobile,returned
5680,605,3,2025-02-07 21:14:06,mobile,complete
5681,770,9,2025-10-27 19:15:31,phone,returned
5682,594,8,2025-12-14 06:43:26,web,complete
5683,992,36,2025-07-07 01:55:51,store,complete
5684,1475,23,2025-12-12 12:15:37,phone,returned
5685,804,24,2025-05-21 11:11:41,store,complete
5686,754,36,2025-01-28 15:44:08,phone,complete
5687,1324,30,2025-07-17 13:36:05,phone,cancelled
5688,1204,27,2025-04-02 13:50:59,phone,returned
5689,1072,34,2025-10-29 21:01:37,store,complete
5690,1140,22,2025-03-01 11:19:25,phone,complete
5691,795,9,2025-01-04 10:49:03,web,returned
5692,1395,36,2025-02-22 15:47:35,store,complete
5693,385,21,2025-01-10 19:51:01,phone,complete
5694,356,37,2025-09-20 07:01:22,phone,complete
5695,932,11,2025-04-11 13:59:25,web,complete
5696,1346,3,2025-08-24 18:40:26,store,returned
5697,161,7,2025-03-10 12:43:58,mobile,complete
5698,286,9,2025-10-19 00:21:16,store,complete
5699,312,35,2025-02-14 09:52:00,store,cancelled
5700,1290,19,2025-02-25 17:19:39,mobile,cancelled
5701,243,33,2025-12-20 21:22:14,web,complete
5702,477,28,2025-05-14 01:56:35,phone,returned
5703,1240,22,2025-07-09 20:16:10,mobile,complete
5704,823,2,2025-04-13 12:17:45,mobile,complete
5705,514,17,2025-12-10 02:13:09,phone,complete
5706,781,14,2025-03-01 05:43:40,mobile,complete
5707,765,11,2025-04-09 04:29:16,web,complete
5708,508,9,2025-07-18 11:02:10,phone,complete
5709,1316,39,2025-02-08 02:39:35,phone,complete
5710,1431,1,2025-05-01 21:03:31,mobile,cancelled
5711,1194,29,2025-03-09 10:41:40,store,cancelled
5712,85,3,2025-06-09 16:31:19,mobile,complete
5713,1046,19,2025-12-27 01:58:51,phone,complete
5714,955,8,2025-08-12 22:21:49,phone,returned
5715,588,13,2025-04-27 14:13:19,phone,complete
5716,1254,27,2025-01-22 04:34:47,web,returned
5717,1225,11,2025-03-21 07:13:24,web,complete
5718,808,7,2025-11-09 22:21:35,store,complete
5719,591,7,2025-06-30 11:23:05,web,cancelled
5720,238,40,2025-12-21 17:46:31,store,complete
5721,840,14,2025-01-18 14:05:54,mobile,complete
5722,77,5,2025-07-03 06:29:14,web,returned
5723,886,29,2025-07-06 22:03:59,store,complete
5724,211,21,2025-12-09 13:22:52,phone,complete
5725,1139,2,2025-01-27 17:38:20,web,complete
5726,229,22,2025-05-11 09:33:59,phone,cancelled
5727,50,39,2025-04-11 11:24:40,web,complete
5728,714,40,2025-01-23 16:28:10,phone,complete
5729,1283,2,2025-06-21 08:34:31,web,cancelled
5730,23,29,2025-10-04 00:20:30,store,complete
5731,1306,33,2025-02-14 14:23:38,web,complete
5732,480,21,2025-10-16 17:45:51,store,complete
5733,442,9,2025-07-22 03:06:39,mobile,complete
5734,59,26,2025-08-14 07:42:23,store,returned
5735,671,33,2025-11-06 18:37:27,mobile,complete
5736,1429,37,2025-10-15 04:50:19,web,complete
5737,522,5,2025-03-07 19:03:43,web,cancelled
5738,1337,4,2025-04-30 01:06:53,mobile,complete
5739,885,25,2025-09-17 05:27:02,phone,returned
5740,1148,14,2025-05-27 22:50:29,store,complete
5741,1309,28,2025-09-02 15:55:48,store,returned
5742,806,19,2025-09-18 03:37:56,store,complete
5743,726,5,2025-10-17 12:53:33,mobile,complete
5744,1109,17,2025-09-19 12:15:32,mobile,complete
5745,1435,26,2025-01-14 05:38:15,web,complete
5746,1039,2,2025-12-21 16:07:20,phone,complete
5747,897,6,2025-12-12 19:14:32,store,complete
5748,232,27,2025-02-20 17:18:09,mobile,cancelled
5749,646,25,2025-12-05 11:26:16,mobile,cancelled
5750,582,1,2025-12-10 19:49:13,phone,complete
5751,1287,5,2025-04-30 17:00:49,phone,cancelled
5752,586,38,2025-02-13 17:11:03,store,returned
5753,331,33,2025-07-31 08:10:41,phone,complete
5754,1232,40,2025-04-27 09:03:43,mobile,cancelled
5755,852,26,2025-11-26 06:58:30,web,complete
5756,70,19,2025-11-04 01:16:51,web,returned
5757,111,17,2025-04-03 20:59:07,phone,cancelled
5758,114,24,2025-08-12 12:29:47,web,returned
5759,1342,19,2025-09-26 13:04:57,web,returned
5760,994,33,2025-02-10 14:37:35,mobile,complete
5761,173,35,2025-08-07 12:41:38,store,complete
5762,677,4,2025-01-01 07:51:45,web,complete
5763,1472,24,2025-03-07 05:17:07,phone,complete
5764,1,6,2025-11-03 20:51:24,store,complete
5765,348,23,2025-01-11 07:03:40,web,complete
5766,515,23,2025-02-02 07:11:39,store,returned
5767,1487,8,2025-09-02 07:51:37,mobile,complete
5768,847,22,2025-04-07 09:22:39,mobile,complete
5769,182,35,2025-09-18 11:41:38,web,cancelled
5770,433,35,2025-06-20 19:23:38,phone,complete
5771,282,25,2025-04-09 20:25:19,phone,returned
5772,487,38,2025-10-13 02:45:42,phone,cancelled
5773,1397,7,2025-08-02 19:15:15,mobile,complete
5774,894,8,2025-04-10 00:10:51,mobile,complete
5775,1114,36,2025-09-23 07:43:43,store,returned
5776,355,13,2025-07-05 22:07:28,mobile,returned
5777,676,35,2025-07-24 04:20:48,store,complete
5778,145,14,2025-11-10 05:11:10,mobile,complete
5779,547,4,2025-12-05 11:35:54,mobile,complete
5780,1375,23,2025-09-24 08:23:26,web,complete
5781,1486,30,2025-05-23 17:18:20,phone,returned
5782,446,14,2025-07-28 23:32:20,mobile,complete
5783,1214,16,2025-04-22 05:28:20,mobile,cancelled
5784,150,32,2025-06-05 04:10:20,store,complete
5785,179,15,2025-04-29 09:33:20,phone,returned
5786,731,3,2025-08-18 06:32:49,mobile,cancelled
5787,382,3,2025-04-21 22:37:47,web,complete
5788,190,16,2025-12-15 12:10:52,web,cancelled
5789,1080,12,2025-03-25 08:21:41,phone,complete
5790,777,18,2025-04-21 03:52:34,web,complete
5791,556,4,2025-03-25 11:45:40,store,complete
5792,145,33,2025-01-06 09:51:42,store,complete
5793,1355,39,2025-03-01 23:27:21,phone,cancelled
5794,599,34,2025-07-08 12:28:51,mobile,complete
5795,482,18,2025-03-08 22:38:32,phone,complete
5796,1237,26,2025-03-13 19:56:06,phone,returned
5797,21,31,2025-08-09 09:38:27,phone,complete
5798,1481,22,2025-05-20 22:18:15,phone,complete
5799,1044,23,2025-04-25 09:43:47,store,complete
5800,121,29,2025-05-02 03:40:34,store,returned
5801,978,14,2025-11-06 21:53:33,phone,complete
5802,588,32,2025-06-11 08:32:51,mobile,returned
5803,1202,16,2025-03-23 04:39:01,store,cancelled
5804,367,24,2025-07-09 13:44:42,mobile,complete
5805,1430,4,2025-02-14 04:44:25,mobile,complete
5806,265,40,2025-11-12 06:22:38,phone,complete
5807,284,6,2025-04-08 18:40:19,phone,complete
5808,306,15,2025-06-14 15:07:01,web,returned
5809,133,18,2025-04-25 10:47:49,store,complete
5810,612,10,2025-11-30 11:51:14,phone,complete
5811,877,12,2025-11-03 13:24:58,store,cancelled
5812,1476,16,2025-07-07 01:29:36,phone,complete
5813,1396,31,2025-07-15 02:28:25,mobile,complete
5814,132,6,2025-06-04 01:52:46,mobile,cancelled
5815,1243,22,2025-09-14 06:55:21,store,complete
5816,553,5,2025-09-11 14:51:48,store,cancelled
5817,1232,16,2025-05-18 18:35:23,web,complete
5818,920,8,2025-12-17 07:11:04,phone,complete
5819,75,4,2025-11-19 23:52:51,phone,complete
5820,668,10,2025-02-24 16:16:32,mobile,complete
5821,808,4,2025-08-01 06:13:57,web,returned
5822,458,14,2025-09-30 11:42:05,store,complete
5823,559,35,2025-05-12 22:50:45,store,complete
5824,114,18,2025-08-29 14:20:06,web,complete
5825,1322,15,2025-03-30 07:32:11,mobile,complete
5826,566,14,2025-01-29 12:10:34,phone,complete
5827,1148,30,2025-01-15 10:23:26,web,complete
5828,1088,19,2025-10-17 11:06:29,store,complete
5829,500,16,2025-08-31 13:46:58,mobile,cancelled
5830,534,12,2025-12-02 18:49:17,phone,complete
5831,369,40,2025-07-30 21:03:56,phone,cancelled
5832,1140,14,2025-06-13 18:56:54,store,returned
5833,998,3,2025-04-05 09:18:57,store,complete
5834,1498,16,2025-11-27 10:44:28,web,returned
5835,764,35,2025-05-07 06:32:17,web,complete
5836,779,18,2025-04-07 01:26:36,mobile,complete
5837,1421,13,2025-11-30 18:56:31,store,complete
5838,392,36,2025-07-17 12:14:43,web,cancelled
5839,1261,26,2025-12-15 03:16:50,store,returned
5840,26,15,2025-04-22 09:43:25,mobile,complete
5841,502,11,2025-11-17 17:46:53,store,complete
5842,1242,23,2025-10-21 09:53:01,mobile,cancelled
5843,243,36,2025-04-10 18:34:38,phone,cancelled
5844,1345,4,2025-03-04 04:37:03,phone,complete
5845,1285,9,2025-08-10 01:31:17,store,returned
5846,141,25,2025-05-16 02:10:49,store,complete
5847,188,7,2025-09-22 05:05:10,phone,returned
5848,491,35,2025-11-11 01:51:43,mobile,complete
5849,1097,32,2025-03-27 14:14:44,mobile,complete
5850,1126,32,2025-11-25 10:18:29,mobile,complete
5851,143,8,2025-04-13 14:40:27,mobile,cancelled
5852,311,40,2025-09-28 19:25:56,phone,returned
5853,938,9,2025-06-05 08:51:56,web,cancelled
5854,1255,19,2025-08-26 09:35:35,mobile,complete
5855,740,30,2025-06-07 04:48:58,store,returned
5856,949,7,2025-04-02 01:03:06,mobile,returned
5857,990,6,2025-12-20 00:20:34,web,complete
5858,1457,34,2025-05-31 15:14:49,web,cancelled
5859,261,30,2025-05-16 15:17:50,web,complete
5860,53,22,2025-08-17 13:07:26,web,returned
5861,267,16,2025-04-07 19:26:56,phone,complete
5862,474,12,2025-09-13 17:14:05,phone,complete
5863,690,3,2025-05-26 06:48:25,store,complete
5864,147,13,2025-10-21 11:56:51,store,cancelled
5865,1438,3,2025-10-30 14:26:10,web,returned
5866,934,24,2025-03-03 16:53:29,mobile,complete
5867,1211,34,2025-09-27 17:47:37,store,complete
5868,1451,29,2025-02-27 17:53:41,store,complete
5869,503,29,2025-08-09 15:37:42,phone,complete
5870,1229,32,2025-10-20 09:41:55,phone,returned
5871,670,28,2025-03-25 10:35:33,phone,complete
5872,926,26,2025-03-01 15:02:29,store,complete
5873,595,3,2025-06-13 03:14:54,web,cancelled
5874,257,36,2025-11-18 22:12:08,store,complete
5875,1355,3,2025-10-20 14:28:46,store,complete
5876,1220,37,2025-07-25 07:01:12,phone,cancelled
5877,1299,35,2025-04-29 12:23:56,mobile,cancelled
5878,1485,18,2025-10-12 19:56:55,store,cancelled
5879,276,13,2025-12-23 14:07:44,mobile,complete
5880,879,33,2025-11-17 16:04:45,phone,complete
5881,1447,10,2025-02-12 19:33:45,mobile,cancelled
5882,1180,7,2025-09-23 10:59:10,store,cancelled
5883,453,10,2025-10-25 07:38:17,web,complete
5884,1330,6,2025-02-15 04:13:09,web,complete
5885,288,10,2025-11-12 00:08:48,web,returned
5886,422,17,2025-05-27 18:45:00,phone,complete
5887,1006,21,2025-10-03 01:01:16,phone,complete
5888,793,9,2025-04-04 07:23:47,store,returned
5889,396,12,2025-07-03 04:49:40,mobile,complete
5890,342,9,2025-10-31 04:53:31,phone,complete
5891,622,16,2025-12-04 15:41:11,phone,complete
5892,1177,17,2025-09-27 00:00:59,store,complete
5893,209,31,2025-08-17 18:58:39,store,returned
5894,1381,8,2025-09-27 14:14:07,store,complete
5895,280,33,2025-05-02 10:28:21,mobile,returned
5896,449,6,2025-06-01 23:37:26,mobile,complete
5897,903,24,2025-09-11 05:30:44,mobile,complete
5898,1158,14,2025-02-26 17:16:42,mobile,returned
5899,140,17,2025-04-29 02:19:27,web,complete
5900,1215,40,2025-09-08 17:31:29,web,cancelled
5901,1312,33,2025-09-17 06:29:56,web,complete
5902,230,3,2025-10-20 17:23:35,mobile,complete
5903,842,30,2025-05-19 21:31:28,store,complete
5904,253,34,2025-02-04 22:33:49,phone,cancelled
5905,917,24,2025-05-11 17:16:54,mobile,complete
5906,799,20,2025-09-19 07:10:38,store,cancelled
5907,782,20,2025-11-14 01:42:43,store,complete
5908,173,4,2025-07-02 20:04:20,web,returned
5909,1295,40,2025-10-30 23:11:59,web,complete
5910,318,26,2025-11-27 20:17:48,store,returned
5911,402,34,2025-08-17 18:24:59,web,complete
5912,947,35,2025-05-17 13:09:40,phone,complete
5913,1305,19,2025-10-25 18:53:09,phone,cancelled
5914,1174,1,2025-01-21 16:50:25,web,complete
5915,480,35,2025-03-25 16:41:49,phone,complete
5916,694,23,2025-06-07 15:19:29,phone,complete
5917,1168,5,2025-11-13 21:09:34,store,returned
5918,1365,3,2025-09-07 16:04:28,mobile,cancelled
5919,1423,21,2025-12-27 22:37:12,store,complete
5920,207,14,2025-06-11 16:53:49,mobile,returned
5921,637,28,2025-10-15 18:35:07,mobile,complete
5922,630,39,2025-06-28 00:14:23,phone,cancelled
5923,12,12,2025-02-10 15:41:57,web,cancelled
5924,540,31,2025-09-01 10:44:58,phone,complete
5925,1235,9,2025-06-15 14:39:47,phone,complete
5926,733,35,2025-10-15 22:17:53,web,complete
5927,804,15,2025-07-09 01:09:28,web,complete
5928,1381,1,2025-08-03 20:47:12,web,returned
5929,321,31,2025-07-29 19:57:01,store,cancelled
5930,417,26,2025-07-30 22:59:25,mobile,cancelled
5931,1076,5,2025-10-22 23:22:18,phone,returned
5932,847,2,2025-01-06 19:00:34,store,cancelled
5933,1167,8,2025-07-28 17:43:32,store,cancelled
5934,469,7,2025-05-21 11:29:55,mobile,complete
5935,1427,1,2025-11-11 14:52:49,store,complete
5936,1157,26,2025-09-29 23:22:06,mobile,complete
5937,1015,10,2025-01-21 05:22:49,phone,returned
5938,568,31,2025-10-26 16:41:27,phone,cancelled
5939,932,10,2025-12-15 04:39:30,store,cancelled
5940,511,15,2025-10-31 19:12:45,phone,returned
5941,49,39,2025-06-18 06:18:32,phone,returned
5942,51,1,2025-06-16 14:11:23,mobile,complete
5943,1316,4,2025-12-28 12:45:57,web,cancelled
5944,461,37,2025-04-12 12:52:13,mobile,returned
5945,230,19,2025-05-06 14:51:29,mobile,returned
5946,493,30,2025-01-09 08:49:17,web,complete
5947,378,40,2025-02-10 09:27:17,web,complete
5948,1448,3,2025-05-13 18:40:37,store,cancelled
5949,1002,21,2025-08-10 13:43:18,store,complete
5950,604,12,2025-05-22 17:32:41,mobile,cancelled
5951,124,16,2025-10-13 05:16:04,web,cancelled
5952,652,8,2025-04-24 23:51:16,mobile,returned
5953,16,15,2025-03-21 20:09:36,phone,complete
5954,1235,12,2025-08-01 04:38:20,mobile,returned
5955,36,9,2025-03-27 10:28:14,phone,complete
5956,988,22,2025-09-23 15:57:30,mobile,complete
5957,563,35,2025-04-24 05:24:50,mobile,complete
5958,567,9,2025-06-05 04:36:47,store,cancelled
5959,1297,26,2025-07-03 22:57:05,store,complete
5960,1088,3,2025-04-02 10:53:48,phone,complete
5961,881,8,2025-01-29 07:05:49,phone,complete
5962,974,27,2025-08-16 14:39:54,phone,cancelled
5963,1375,26,2025-08-08 10:14:22,phone,complete
5964,449,17,2025-05-25 15:58:40,web,complete
5965,594,20,2025-03-16 11:11:55,phone,complete
5966,1120,21,2025-10-30 19:52:42,store,complete
5967,653,27,2025-04-14 06:15:49,web,cancelled
5968,567,32,2025-01-23 17:36:22,mobile,complete
5969,295,1,2025-11-18 21:54:38,web,returned
5970,1250,13,2025-06-05 00:57:37,web,complete
5971,1237,21,2025-09-12 08:49:23,phone,complete
5972,1111,17,2025-04-22 08:10:59,mobile,returned
5973,496,39,2025-02-12 03:22:47,web,complete
5974,163,30,2025-02-07 01:52:21,store,returned
5975,624,2,2025-05-14 15:39:23,phone,complete
5976,141,20,2025-09-01 23:31:49,mobile,complete
5977,687,33,2025-04-27 01:30:20,store,returned
5978,489,20,2025-05-09 19:59:33,mobile,returned
5979,59,29,2025-09-29 01:13:00,phone,complete
5980,391,11,2025-11-29 16:41:44,mobile,complete
5981,418,7,2025-10-21 21:55:16,phone,complete
5982,1146,23,2025-04-14 02:04:06,phone,cancelled
5983,360,34,2025-10-15 17:26:13,mobile,complete
5984,78,21,2025-02-23 00:44:01,phone,complete
5985,212,8,2025-11-12 18:11:45,web,complete
5986,140,40,2025-12-10 19:34:39,store,complete
5987,1413,1,2025-03-05 02:39:14,web,complete
5988,98,8,2025-06-23 16:10:25,store,complete
5989,880,15,2025-05-22 22:08:01,mobile,returned
5990,1428,28,2025-07-01 22:16:24,web,complete
5991,416,24,2025-02-23 10:28:37,store,complete
5992,8,12,2025-03-25 08:01:45,store,complete
5993,721,16,2025-04-15 18:27:17,store,complete
5994,993,26,2025-04-12 02:35:10,web,complete
5995,1269,5,2025-07-30 10:00:10,mobile,returned
5996,122,13,2025-01-03 18:48:33,mobile,complete
5997,669,27,2025-07-16 08:32:45,store,cancelled
5998,898,21,2025-04-16 23:03:53,phone,complete
5999,603,10,2025-08-09 22:23:31,store,complete
6000,689,8,2025-09-11 18:19:45,phone,complete
6001,870,13,2025-10-07 08:25:37,web,complete
6002,245,35,2025-08-14 13:05:56,phone,cancelled
6003,699,30,2025-02-15 11:38:38,phone,cancelled
6004,1214,4,2025-02-28 12:34:41,store,complete
6005,793,22,2025-10-16 15:35:15,mobile,returned
6006,883,13,2025-09-08 04:14:08,mobile,complete
6007,1456,2,2025-02-28 12:47:08,mobile,complete
6008,44,14,2025-08-08 16:17:00,phone,complete
6009,549,2,2025-08-16 01:05:53,web,cancelled
6010,1221,10,2025-09-08 19:03:32,store,cancelled
6011,1466,6,2025-03-19 00:43:33,web,returned
6012,78,27,2025-07-31 20:38:45,store,complete
6013,1234,1,2025-08-26 05:15:06,web,cancelled
6014,33,18,2025-10-24 15:24:07,web,complete
6015,1372,38,2025-08-19 03:53:57,phone,cancelled
6016,1429,12,2025-04-01 15:54:46,phone,returned
6017,1056,15,2025-02-12 04:37:25,mobile,cancelled
6018,657,18,2025-07-06 10:01:28,store,complete
6019,1480,40,2025-04-27 11:54:06,mobile,cancelled
6020,139,15,2025-06-25 12:21:33,phone,cancelled
6021,1229,21,2025-05-04 17:29:38,mobile,complete
6022,381,25,2025-08-15 17:34:29,mobile,complete
6023,1315,3,2025-12-28 06:53:29,phone,cancelled
6024,1258,26,2025-11-28 07:20:00,store,cancelled
6025,468,21,2025-01-04 15:34:45,mobile,complete
6026,1239,23,2025-05-06 14:10:02,phone,complete
6027,490,39,2025-10-10 17:32:24,mobile,returned
6028,941,13,2025-02-04 20:26:31,phone,complete
6029,1182,29,2025-10-31 07:21:35,mobile,returned
6030,127,13,2025-10-01 01:05:57,web,complete
6031,511,29,2025-02-26 16:29:10,phone,complete
6032,1383,28,2025-02-16 15:55:59,web,complete
6033,1132,5,2025-04-04 19:43:40,mobile,complete
6034,1442,6,2025-10-29 03:35:53,web,returned
6035,1007,17,2025-04-19 12:01:28,mobile,complete
6036,317,17,2025-12-20 06:21:18,phone,complete
6037,193,17,2025-01-02 11:37:21,phone,complete
6038,759,24,2025-03-10 20:08:43,store,returned
6039,1103,33,2025-09-19 08:16:19,mobile,cancelled
6040,75,25,2025-07-04 21:18:56,store,cancelled
6041,433,1,2025-10-15 23:06:21,phone,complete
6042,242,24,2025-07-29 01:56:18,store,returned
6043,460,35,2025-05-13 18:04:38,phone,cancelled
6044,1220,32,2025-09-19 14:07:56,store,returned
6045,975,32,2025-10-20 14:17:14,mobile,complete
6046,192,18,2025-06-12 17:40:07,store,returned
6047,1076,7,2025-11-09 19:41:59,mobile,complete
6048,31,11,2025-06-06 05:09:55,phone,cancelled
6049,1071,4,2025-01-18 16:47:58,mobile,complete
6050,1248,13,2025-01-05 17:46:50,mobile,complete
6051,843,5,2025-02-17 01:27:51,mobile,returned
6052,340,3,2025-07-28 14:01:49,mobile,returned
6053,1015,28,2025-07-03 11:05:06,phone,returned
6054,1111,19,2025-06-27 07:11:17,web,complete
6055,1105,33,2025-01-02 11:40:18,store,complete
6056,292,5,2025-05-24 05:24:16,store,complete
6057,885,5,2025-12-21 02:25:14,web,complete
6058,581,19,2025-05-16 19:18:32,phone,complete
6059,543,20,2025-06-06 15:43:02,store,cancelled
6060,206,31,2025-11-13 12:19:28,store,complete
6061,957,22,2025-05-17 01:40:34,web,returned
6062,773,26,2025-10-12 15:23:17,phone,complete
6063,298,6,2025-04-07 02:10:02,web,complete
6064,1070,40,2025-10-09 19:16:17,web,complete
6065,69,18,2025-11-12 00:42:15,store,complete
6066,1448,14,2025-10-17 19:33:42,store,complete
6067,473,35,2025-05-15 13:37:17,web,cancelled
6068,1174,4,2025-07-25 06:28:27,store,complete
6069,1123,35,2025-10-14 04:09:00,web,cancelled
6070,326,16,2025-05-20 03:50:46,web,complete
6071,884,13,2025-01-21 07:47:53,store,returned
6072,194,29,2025-12-31 14:32:38,mobile,cancelled
6073,1,15,2025-04-05 20:19:48,mobile,complete
6074,492,8,2025-08-30 11:17:07,store,complete
6075,553,21,2025-06-21 10:40:51,store,complete
6076,864,3,2025-12-03 09:22:04,store,complete
6077,635,13,2025-08-21 16:07:17,web,complete
6078,321,3,2025-08-30 07:49:03,phone,complete
6079,1040,36,2025-06-27 21:04:53,mobile,returned
6080,1257,21,2025-04-27 16:57:25,store,complete
6081,358,23,2025-07-31 07:05:42,mobile,complete
6082,1414,37,2025-07-05 20:37:17,web,complete
6083,856,11,2025-08-11 17:12:44,phone,cancelled
6084,891,14,2025-01-04 12:06:03,mobile,complete
6085,1339,20,2025-05-23 08:29:21,mobile,complete
6086,98,14,2025-10-11 07:46:58,phone,returned
6087,471,17,2025-06-20 08:02:19,store,returned
6088,864,40,2025-07-21 21:57:07,web,cancelled
6089,1495,14,2025-11-21 00:27:03,mobile,cancelled
6090,1392,7,2025-04-22 16:43:48,store,complete
6091,1214,34,2025-06-14 16:24:57,phone,complete
6092,151,20,2025-02-27 03:41:22,phone,returned
6093,1084,16,2025-08-08 04:19:20,web,cancelled
6094,978,2,2025-04-09 06:48:22,store,complete
6095,906,33,2025-04-10 19:58:12,web,complete
6096,1222,12,2025-05-19 22:04:14,web,complete
6097,231,23,2025-11-08 20:36:49,web,returned
6098,525,38,2025-07-16 09:13:52,web,complete
6099,878,6,2025-10-26 19:46:11,web,returned
6100,98,7,2025-03-15 07:39:20,phone,complete
6101,1195,11,2025-02-19 23:31:24,phone,cancelled
6102,800,14,2025-06-19 13:29:28,store,complete
6103,1112,4,2025-09-12 01:19:58,phone,cancelled
6104,1372,13,2025-11-26 13:07:01,mobile,complete
6105,366,35,2025-10-21 13:14:18,phone,complete
6106,646,13,2025-11-05 18:41:42,web,complete
6107,1110,30,2025-03-20 16:05:04,web,complete
6108,883,15,2025-11-09 07:07:52,mobile,complete
6109,920,7,2025-04-25 17:14:12,mobile,cancelled
6110,1004,23,2025-04-10 20:56:14,store,complete
6111,1447,16,2025-08-26 13:36:40,store,cancelled
6112,1189,16,2025-12-22 09:51:21,store,returned
6113,1275,32,2025-12-26 19:14:03,phone,complete
6114,545,29,2025-02-09 03:37:23,phone,complete
6115,99,30,2025-02-06 16:29:01,store,complete
6116,1109,40,2025-12-13 17:02:05,phone,cancelled
6117,34,22,2025-11-04 14:55:00,mobile,complete
6118,645,32,2025-12-31 09:45:34,phone,complete
6119,345,5,2025-02-19 16:05:02,web,complete
6120,1020,1,2025-09-30 21:13:00,mobile,returned
6121,1407,6,2025-06-24 10:42:48,web,returned
6122,5,4,2025-11-13 11:07:55,store,cancelled
6123,1071,25,2025-02-04 17:41:31,phone,complete
6124,1337,28,2025-05-19 17:38:58,store,returned
6125,630,22,2025-12-02 08:00:01,web,cancelled
6126,1466,1,2025-02-17 05:02:08,store,cancelled
6127,967,28,2025-03-01 14:02:57,phone,cancelled
6128,1126,6,2025-05-02 01:43:29,web,cancelled
6129,964,34,2025-03-02 19:16:31,web,complete
6130,114,17,2025-04-03 03:11:50,store,complete
6131,764,30,2025-01-31 04:09:57,mobile,complete
6132,351,18,2025-04-18 18:46:28,store,complete
6133,975,40,2025-11-08 15:14:43,phone,complete
6134,492,22,2025-09-15 11:53:23,store,complete
6135,781,35,2025-11-27 01:39:50,store,complete
6136,178,30,2025-07-27 02:05:10,store,complete
6137,361,19,2025-10-09 03:00:14,web,complete
6138,976,35,2025-04-24 22:24:20,web,returned
6139,1164,28,2025-02-05 09:58:18,web,cancelled
6140,253,8,2025-10-02 02:15:03,mobile,complete
6141,1261,18,2025-01-26 08:15:21,mobile,complete
6142,157,36,2025-03-10 03:09:55,mobile,complete
6143,1037,9,2025-10-26 04:22:22,store,cancelled
6144,856,32,2025-04-12 04:57:52,mobile,complete
6145,27,13,2025-08-13 15:43:18,store,complete
6146,403,19,2025-11-13 18:23:06,web,returned
6147,342,24,2025-01-08 17:55:53,mobile,complete
6148,249,15,2025-08-26 21:14:00,mobile,cancelled
6149,59,8,2025-09-30 10:34:17,web,complete
6150,1223,2,2025-11-17 14:19:16,web,complete
6151,1193,9,2025-10-18 21:04:38,phone,complete
6152,1392,8,2025-11-04 05:10:11,phone,complete
6153,1105,1,2025-12-10 15:40:33,phone,returned
6154,826,23,2025-12-20 17:02:06,store,complete
6155,321,25,2025-09-28 21:53:06,mobile,complete
6156,751,32,2025-02-17 05:25:05,web,complete
6157,54,24,2025-12-20 03:33:50,mobile,complete
6158,1333,26,2025-10-28 11:01:39,web,complete
6159,1126,31,2025-09-16 13:25:11,web,complete
6160,1157,18,2025-07-21 00:23:28,phone,complete
6161,921,30,2025-11-13 09:45:17,store,complete
6162,1,3,2025-02-09 08:13:56,store,cancelled
6163,514,20,2025-11-25 10:16:39,web,complete
6164,902,31,2025-05-15 17:09:39,store,cancelled
6165,1011,16,2025-12-03 04:37:16,mobile,cancelled
6166,1408,37,2025-08-24 00:38:45,store,returned
6167,940,4,2025-10-10 07:15:35,phone,complete
6168,616,16,2025-04-06 11:08:11,web,cancelled
6169,509,1,2025-03-26 00:35:44,phone,complete
6170,1085,2,2025-09-05 17:35:25,phone,complete
6171,949,17,2025-08-07 14:37:05,store,complete
6172,1411,10,2025-04-26 19:04:21,phone,complete
6173,953,10,2025-06-27 23:26:03,mobile,cancelled
6174,273,30,2025-07-22 12:44:48,phone,complete
6175,533,8,2025-09-18 04:01:09,phone,cancelled
6176,232,18,2025-11-13 17:06:00,mobile,complete
6177,73,27,2025-11-24 06:41:05,web,returned
6178,1271,16,2025-07-28 06:48:32,store,complete
6179,619,7,2025-10-04 06:03:40,mobile,returned
6180,58,39,2025-04-06 17:57:45,mobile,complete
6181,1095,24,2025-01-23 23:11:23,web,complete
6182,635,24,2025-06-06 22:12:05,mobile,complete
6183,1083,5,2025-02-16 07:32:08,phone,cancelled
6184,167,7,2025-09-11 18:03:19,mobile,returned
6185,247,13,2025-02-13 13:15:45,store,returned
6186,1451,10,2025-02-02 00:23:46,web,complete
6187,1426,20,2025-06-06 10:09:14,phone,complete
6188,933,13,2025-05-06 09:49:08,store,complete
6189,1256,27,2025-07-16 05:07:36,store,complete
6190,780,13,2025-11-01 13:33:14,mobile,complete
6191,359,21,2025-07-30 12:48:40,phone,complete
6192,243,13,2025-03-12 16:45:46,web,returned
6193,272,9,2025-09-17 14:58:16,phone,complete
6194,208,24,2025-11-16 12:11:30,web,complete
6195,266,38,2025-08-30 03:02:08,phone,returned
6196,429,39,2025-12-21 14:25:51,store,complete
6197,572,11,2025-08-19 15:04:29,web,complete
6198,405,38,2025-05-04 20:18:55,web,returned
6199,1472,13,2025-02-14 10:56:39,mobile,complete
6200,651,16,2025-09-26 23:02:58,web,returned
6201,779,37,2025-09-03 13:22:36,web,cancelled
6202,101,4,2025-09-18 17:30:42,phone,complete
6203,1101,30,2025-06-08 04:52:46,store,returned
6204,1179,17,2025-12-16 07:25:46,phone,complete
6205,596,10,2025-02-26 11:24:25,mobile,complete
6206,1442,29,2025-11-17 15:31:00,store,complete
6207,272,4,2025-12-12 11:41:18,phone,complete
6208,801,12,2025-11-24 03:30:16,web,complete
6209,1024,17,2025-06-27 14:07:05,store,complete
6210,982,24,2025-11-12 04:00:56,store,returned
6211,883,17,2025-12-20 08:32:25,phone,complete
6212,735,3,2025-04-08 22:44:25,mobile,complete
6213,497,17,2025-05-21 09:35:07,phone,complete
6214,1244,27,2025-12-19 07:58:12,mobile,complete
6215,390,38,2025-08-27 17:16:38,phone,returned
6216,194,25,2025-09-24 03:59:17,mobile,complete
6217,162,24,2025-01-27 15:51:02,mobile,complete
6218,1318,31,2025-09-10 02:15:18,mobile,returned
6219,80,14,2025-06-20 04:00:29,mobile,complete
6220,458,19,2025-11-24 10:10:13,mobile,complete
6221,863,40,2025-07-07 02:49:01,web,complete
6222,804,31,2025-08-06 21:29:33,web,complete
6223,934,19,2025-09-26 18:58:37,web,cancelled
6224,1046,27,2025-12-22 12:39:02,store,complete
6225,368,2,2025-02-25 08:41:41,mobile,complete
6226,111,35,2025-12-31 23:15:34,phone,cancelled
6227,1060,29,2025-12-25 17:31:26,phone,returned
6228,177,31,2025-12-03 20:55:16,store,complete
6229,1317,10,2025-02-04 00:53:46,mobile,complete
6230,1172,4,2025-12-10 20:30:51,store,cancelled
6231,1381,2,2025-11-06 03:42:39,phone,returned
6232,970,40,2025-01-06 21:53:51,phone,cancelled
6233,516,40,2025-07-12 08:10:18,web,returned
6234,1181,21,2025-10-22 11:35:02,phone,complete
6235,664,2,2025-10-21 19:22:06,web,complete
6236,205,21,2025-04-06 09:31:05,mobile,complete
6237,84,13,2025-05-23 22:21:10,mobile,complete
6238,1228,11,2025-03-10 11:01:08,store,returned
6239,160,27,2025-02-21 02:57:45,store,returned
6240,987,17,2025-06-26 16:46:18,mobile,complete
6241,481,9,2025-08-30 21:47:08,mobile,cancelled
6242,1490,33,2025-11-15 10:48:22,web,returned
6243,987,15,2025-12-01 17:50:56,mobile,complete
6244,709,2,2025-06-20 09:26:05,mobile,cancelled
6245,698,31,2025-09-16 23:31:56,web,complete
6246,891,21,2025-09-03 11:56:57,store,complete
6247,182,33,2025-10-28 11:54:18,web,complete
6248,840,29,2025-10-10 04:44:11,store,returned
6249,960,29,2025-04-04 05:22:12,mobile,returned
6250,871,10,2025-05-14 23:26:25,web,complete
6251,237,12,2025-05-28 13:15:59,mobile,complete
6252,590,34,2025-06-11 11:42:35,phone,returned
6253,162,11,2025-08-06 04:29:39,mobile,complete
6254,1255,1,2025-04-08 17:58:01,web,complete
6255,903,23,2025-09-27 16:44:12,store,complete
6256,1029,30,2025-07-27 18:37:40,mobile,cancelled
6257,307,24,2025-02-12 19:08:31,mobile,complete
6258,251,9,2025-11-01 00:14:31,store,returned
6259,556,23,2025-10-15 18:43:39,web,complete
6260,1356,6,2025-10-26 10:42:58,store,complete
6261,445,29,2025-11-26 11:48:23,store,cancelled
6262,1192,40,2025-01-11 13:01:21,mobile,returned
6263,571,1,2025-01-04 09:50:26,phone,complete
6264,10,24,2025-03-14 08:50:43,phone,complete
6265,596,34,2025-07-06 13:40:55,mobile,complete
6266,743,19,2025-02-04 05:21:55,phone,complete
6267,28,19,2025-08-20 05:18:33,web,cancelled
6268,1495,25,2025-08-22 17:34:33,phone,complete
6269,566,31,2025-12-21 21:50:15,mobile,cancelled
6270,1075,19,2025-09-16 17:18:49,store,complete
6271,691,39,2025-04-22 21:49:19,mobile,complete
6272,557,31,2025-09-19 00:24:49,phone,complete
6273,1004,37,2025-12-12 14:36:17,web,complete
6274,633,8,2025-04-29 22:31:17,store,cancelled
6275,1425,33,2025-07-23 07:51:36,mobile,complete
6276,1298,25,2025-09-25 13:15:09,store,cancelled
6277,598,13,2025-02-21 21:12:05,store,complete
6278,368,8,2025-04-17 08:12:19,mobile,complete
6279,1168,14,2025-01-27 16:22:34,web,complete
6280,1082,37,2025-11-05 07:33:13,mobile,cancelled
6281,124,5,2025-09-14 01:14:30,phone,returned
6282,742,13,2025-03-19 10:06:42,mobile,complete
6283,217,26,2025-08-10 06:28:56,phone,complete
6284,616,11,2025-05-18 07:20:29,web,cancelled
6285,1215,1,2025-08-17 22:37:00,store,returned
6286,1362,18,2025-01-18 08:39:27,mobile,complete
6287,483,28,2025-04-29 09:22:38,web,complete
6288,88,38,2025-03-25 23:37:39,web,complete
6289,851,14,2025-12-27 05:11:59,mobile,complete
6290,545,1,2025-08-10 06:22:46,phone,complete
6291,1273,7,2025-11-07 08:16:17,mobile,cancelled
6292,1003,28,2025-12-07 04:10:27,store,complete
6293,952,33,2025-09-04 19:48:04,store,complete
6294,215,24,2025-11-25 17:55:55,phone,returned
6295,951,13,2025-06-16 03:48:17,mobile,complete
6296,1215,28,2025-03-26 16:33:49,phone,cancelled
6297,452,40,2025-04-28 05:15:03,phone,cancelled
6298,68,32,2025-03-01 08:34:29,web,complete
6299,1379,16,2025-06-20 06:23:11,phone,returned
6300,175,8,2025-11-17 02:38:03,store,returned
6301,1209,23,2025-07-27 04:22:55,phone,returned
6302,445,29,2025-10-28 08:05:12,mobile,cancelled
6303,1327,33,2025-08-16 17:58:27,mobile,cancelled
6304,814,1,2025-02-22 19:49:39,mobile,complete
6305,851,30,2025-12-19 11:20:34,store,returned
6306,1303,36,2025-09-16 00:54:56,mobile,cancelled
6307,1031,3,2025-03-14 13:51:45,mobile,complete
6308,223,12,2025-03-16 07:08:23,phone,returned
6309,422,20,2025-11-11 13:23:31,phone,complete
6310,1208,10,2025-10-31 23:49:03,mobile,complete
6311,46,6,2025-08-01 15:56:51,store,returned
6312,765,30,2025-03-30 21:51:05,phone,cancelled
6313,163,10,2025-09-01 19:17:52,phone,cancelled
6314,47,10,2025-07-09 06:29:11,store,complete
6315,172,5,2025-02-04 20:03:35,mobile,complete
6316,26,22,2025-05-21 21:31:16,phone,cancelled
6317,763,27,2025-03-12 21:05:17,web,complete
6318,892,27,2025-04-22 13:43:04,store,complete
6319,779,38,2025-07-19 21:50:37,web,returned
6320,956,16,2025-11-01 10:58:19,store,complete
6321,1239,3,2025-01-22 00:30:15,mobile,complete
6322,48,34,2025-04-01 02:12:50,store,complete
6323,1281,22,2025-07-03 12:38:36,phone,complete
6324,190,11,2025-04-30 15:49:51,store,complete
6325,1483,13,2025-02-08 03:41:19,store,complete
6326,1127,18,2025-09-04 14:48:49,mobile,complete
6327,1327,29,2025-12-26 19:49:02,phone,complete
6328,822,22,2025-11-10 09:42:49,web,returned
6329,996,39,2025-11-14 12:33:00,web,complete
6330,1421,21,2025-03-04 18:44:42,phone,complete
6331,722,5,2025-09-28 06:55:41,phone,complete
6332,390,20,2025-09-18 20:54:28,web,complete
6333,283,24,2025-02-16 08:12:49,web,cancelled
6334,1220,29,2025-07-01 17:21:20,mobile,returned
6335,1100,9,2025-01-11 16:45:45,web,complete
6336,1074,11,2025-12-17 04:14:07,store,complete
6337,1015,23,2025-12-07 07:32:18,phone,cancelled
6338,674,9,2025-12-29 01:10:22,web,complete
6339,1363,20,2025-04-25 17:45:50,store,complete
6340,444,3,2025-02-09 17:58:05,web,complete
6341,180,26,2025-05-25 11:48:46,web,complete
6342,1284,8,2025-07-15 19:14:57,web,complete
6343,261,24,2025-02-21 17:22:17,store,complete
6344,1211,21,2025-10-03 06:33:41,web,complete
6345,1090,23,2025-01-03 18:07:01,phone,cancelled
6346,1035,22,2025-11-15 21:13:14,phone,cancelled
6347,420,14,2025-06-21 07:23:48,store,complete
6348,932,27,2025-12-20 18:41:24,store,cancelled
6349,306,25,2025-03-08 00:45:45,mobile,returned
6350,1245,7,2025-08-29 16:59:42,web,complete
6351,1139,21,2025-05-11 05:34:48,phone,returned
6352,638,21,2025-07-15 23:14:53,store,cancelled
6353,624,32,2025-10-02 11:18:14,store,cancelled
6354,955,39,2025-10-11 19:46:11,web,complete
6355,114,37,2025-06-06 14:23:02,web,returned
6356,1467,31,2025-06-10 12:10:31,mobile,complete
6357,1130,4,2025-08-11 05:06:37,store,cancelled
6358,1313,12,2025-09-23 07:10:14,phone,complete
6359,85,34,2025-04-23 14:13:35,mobile,complete
6360,1498,25,2025-07-06 17:27:28,web,complete
6361,1101,20,2025-03-06 01:24:58,mobile,complete
6362,1373,12,2025-04-15 08:33:51,phone,returned
6363,1015,1,2025-01-06 17:44:42,phone,complete
6364,835,37,2025-06-27 03:29:37,mobile,complete
6365,739,18,2025-06-29 03:00:08,store,complete
6366,726,8,2025-02-25 05:14:42,web,cancelled
6367,742,37,2025-03-27 03:58:45,web,complete
6368,294,28,2025-01-11 15:47:48,mobile,cancelled
6369,647,16,2025-05-04 03:05:56,mobile,cancelled
6370,1318,16,2025-10-10 16:15:21,web,returned
6371,79,26,2025-12-31 18:46:55,web,complete
6372,824,35,2025-06-23 12:24:18,mobile,cancelled
6373,1054,6,2025-11-06 03:12:28,web,returned
6374,1403,12,2025-05-28 14:53:20,web,complete
6375,976,18,2025-05-07 08:59:57,web,returned
6376,998,38,2025-08-20 04:35:15,web,returned
6377,1140,16,2025-02-17 00:34:32,store,complete
6378,718,9,2025-12-18 21:57:16,mobile,cancelled
6379,90,33,2025-12-11 14:13:32,store,complete
6380,777,25,2025-03-15 23:50:55,web,complete
6381,645,5,2025-12-17 01:45:55,mobile,complete
6382,105,31,2025-08-23 20:56:06,phone,cancelled
6383,880,2,2025-08-03 16:21:11,mobile,complete
6384,910,36,2025-04-30 10:42:24,web,complete
6385,1086,21,2025-01-16 03:18:56,store,complete
6386,904,37,2025-02-26 10:29:00,mobile,complete
6387,834,23,2025-07-05 05:30:55,store,complete
6388,1376,17,2025-01-17 22:05:31,web,complete
6389,404,31,2025-04-04 23:27:58,web,complete
6390,500,27,2025-04-08 02:14:06,phone,returned
6391,988,29,2025-02-08 06:15:29,web,returned
6392,728,34,2025-09-13 05:20:06,web,returned
6393,1238,12,2025-05-13 20:33:56,store,complete
6394,291,4,2025-08-09 13:33:39,mobile,complete
6395,1170,35,2025-01-27 04:13:56,mobile,returned
6396,1218,18,2025-11-07 12:54:14,store,complete
6397,611,7,2025-10-04 05:28:17,phone,cancelled
6398,1198,24,2025-04-28 07:28:03,phone,complete
6399,715,14,2025-09-22 18:38:18,phone,returned
6400,1362,6,2025-09-22 04:49:01,store,returned
6401,1072,36,2025-04-02 16:02:10,store,cancelled
6402,623,26,2025-12-31 09:20:04,phone,complete
6403,879,24,2025-07-14 15:29:02,mobile,complete
6404,1241,34,2025-02-20 11:31:20,mobile,complete
6405,1170,11,2025-01-08 05:30:13,web,complete
6406,443,35,2025-05-19 13:36:15,phone,complete
6407,1367,31,2025-01-29 21:41:35,store,cancelled
6408,1428,13,2025-10-09 20:10:58,store,complete
6409,1390,16,2025-09-28 00:24:06,web,complete
6410,1261,14,2025-06-12 14:53:50,store,complete
6411,312,29,2025-07-29 14:13:03,web,complete
6412,1337,39,2025-11-23 05:57:18,store,cancelled
6413,630,37,2025-12-29 21:49:23,store,complete
6414,1356,4,2025-07-14 05:41:32,store,returned
6415,810,40,2025-08-22 01:08:05,phone,complete
6416,1068,37,2025-12-21 13:54:20,web,complete
6417,944,21,2025-09-30 23:00:02,mobile,complete
6418,362,23,2025-05-29 17:29:33,phone,complete
6419,1010,19,2025-09-13 15:07:05,web,cancelled
6420,1343,32,2025-11-24 01:16:17,web,complete
6421,1222,6,2025-04-28 11:04:40,web,complete
6422,1021,14,2025-10-31 05:25:46,web,complete
6423,128,4,2025-09-20 17:10:48,web,complete
6424,794,14,2025-03-22 17:44:54,store,complete
6425,606,22,2025-01-20 14:19:12,web,complete
6426,316,39,2025-08-30 02:16:19,phone,complete
6427,1330,24,2025-10-27 03:59:08,mobile,cancelled
6428,595,11,2025-08-23 13:14:31,mobile,complete
6429,856,21,2025-08-07 23:26:03,web,cancelled
6430,898,24,2025-04-18 11:21:32,mobile,returned
6431,1413,23,2025-10-11 10:18:48,phone,returned
6432,1182,25,2025-06-16 18:59:58,web,complete
6433,555,10,2025-12-02 03:38:41,store,cancelled
6434,323,33,2025-03-11 09:11:45,web,cancelled
6435,770,15,2025-08-15 12:12:39,store,complete
6436,1080,21,2025-07-06 17:38:27,phone,cancelled
6437,1430,31,2025-02-09 19:08:48,phone,cancelled
6438,232,21,2025-10-07 09:42:52,mobile,complete
6439,1271,37,2025-05-04 12:15:04,phone,returned
6440,728,28,2025-10-30 13:50:55,store,returned
6441,152,21,2025-01-06 04:42:51,phone,complete
6442,736,33,2025-10-29 02:11:16,web,complete
6443,710,18,2025-01-03 04:39:21,store,complete
6444,267,35,2025-03-04 11:44:34,mobile,cancelled
6445,385,14,2025-01-15 10:03:07,web,cancelled
6446,456,32,2025-05-15 03:10:24,web,complete
6447,900,34,2025-04-08 22:46:34,web,complete
6448,363,31,2025-07-07 19:35:15,phone,complete
6449,1386,23,2025-03-06 06:52:29,web,cancelled
6450,28,12,2025-03-11 10:28:29,web,cancelled
6451,272,31,2025-01-13 09:06:41,web,complete
6452,841,6,2025-12-17 15:16:00,phone,complete
6453,445,29,2025-11-26 21:44:43,mobile,complete
6454,843,35,2025-05-04 12:30:35,store,complete
6455,1331,7,2025-01-20 07:16:56,store,cancelled
6456,1010,23,2025-04-29 20:21:47,phone,complete
6457,715,20,2025-07-27 23:05:52,web,complete
6458,1163,32,2025-07-02 02:04:32,phone,returned
6459,733,23,2025-11-30 07:46:34,store,complete
6460,238,10,2025-01-22 04:54:53,web,returned
6461,773,26,2025-02-26 21:55:00,mobile,complete
6462,1061,9,2025-05-16 03:13:27,web,complete
6463,189,11,2025-06-17 21:48:56,mobile,complete
6464,787,29,2025-08-20 19:33:54,mobile,complete
6465,1023,34,2025-11-13 14:41:16,mobile,complete
6466,1136,5,2025-10-10 01:37:10,web,returned
6467,507,12,2025-06-01 06:38:19,phone,complete
6468,417,10,2025-07-11 01:51:08,phone,complete
6469,1246,3,2025-11-05 15:41:09,phone,complete
6470,500,21,2025-06-13 19:33:27,store,complete
6471,1492,20,2025-11-08 19:43:01,mobile,complete
6472,1055,18,2025-03-08 07:39:38,mobile,complete
6473,1487,31,2025-11-05 17:08:06,store,returned
6474,679,30,2025-05-26 04:44:49,web,returned
6475,1170,19,2025-07-04 13:15:25,web,returned
6476,1025,37,2025-04-04 17:14:17,phone,cancelled
6477,889,11,2025-12-28 02:48:19,mobile,complete
6478,724,9,2025-12-23 07:08:38,phone,returned
6479,133,36,2025-11-02 22:34:08,store,complete
6480,732,33,2025-03-07 05:29:11,store,complete
6481,695,17,2025-05-08 19:31:48,mobile,cancelled
6482,1201,10,2025-10-06 09:50:49,phone,complete
6483,145,8,2025-02-23 07:56:24,phone,complete
6484,957,20,2025-09-20 12:25:46,phone,complete
6485,429,22,2025-05-16 00:15:23,store,returned
6486,1009,3,2025-01-27 04:56:06,mobile,returned
6487,203,29,2025-01-30 18:56:31,phone,returned
6488,1324,4,2025-07-13 08:27:51,store,complete
6489,1209,12,2025-03-23 01:20:37,phone,complete
6490,269,4,2025-11-13 01:07:13,store,returned
6491,228,37,2025-04-01 01:41:08,web,returned
6492,1320,6,2025-10-05 13:19:05,phone,complete
6493,216,36,2025-06-17 11:53:41,store,complete
6494,1059,25,2025-06-19 14:31:41,phone,complete
6495,15,38,2025-06-09 09:18:42,mobile,complete
6496,189,34,2025-07-30 15:04:20,store,complete
6497,1464,32,2025-12-30 15:28:13,mobile,complete
6498,365,27,2025-06-07 00:48:51,mobile,complete
6499,1198,33,2025-10-05 09:38:21,store,cancelled
6500,1242,25,2025-03-27 05:48:52,store,complete
6501,826,29,2025-12-01 05:24:25,store,complete
6502,1137,32,2025-04-20 05:48:51,mobile,cancelled
6503,954,16,2025-08-31 00:20:44,store,complete
6504,1265,30,2025-08-11 00:10:49,web,complete
6505,227,28,2025-11-04 00:03:25,web,complete
6506,859,40,2025-08-23 02:16:08,phone,returned
6507,992,40,2025-12-14 15:07:01,store,complete
6508,1076,21,2025-05-01 01:32:28,store,returned
6509,695,7,2025-09-29 17:58:27,web,complete
6510,893,35,2025-09-14 18:15:18,phone,complete
6511,1071,26,2025-08-25 23:35:33,phone,complete
6512,671,8,2025-10-06 08:44:30,mobile,complete
6513,1120,25,2025-12-22 03:39:55,mobile,returned
6514,1374,31,2025-08-29 06:29:07,store,complete
6515,1381,15,2025-06-19 22:29:35,mobile,cancelled
6516,960,7,2025-12-04 12:06:02,store,complete
6517,963,11,2025-01-24 08:35:25,web,complete
6518,595,20,2025-01-05 08:19:57,mobile,returned
6519,1464,8,2025-04-08 03:17:33,phone,complete
6520,285,33,2025-01-02 14:43:29,store,complete
6521,1356,38,2025-04-30 22:31:40,mobile,complete
6522,1121,7,2025-10-09 05:57:39,store,cancelled
6523,555,4,2025-03-21 19:24:10,web,cancelled
6524,1240,8,2025-08-19 05:39:03,mobile,complete
6525,1214,4,2025-04-01 02:49:39,web,returned
6526,1123,35,2025-11-20 19:18:31,phone,returned
6527,1447,3,2025-05-05 05:24:05,phone,complete
6528,1037,17,2025-03-20 04:15:39,store,returned
6529,1048,21,2025-12-07 04:49:55,store,complete
6530,55,18,2025-08-24 15:40:49,phone,returned
6531,105,1,2025-11-25 14:04:32,store,cancelled
6532,1474,26,2025-02-02 16:08:13,store,complete
6533,566,30,2025-01-28 11:56:38,phone,returned
6534,954,13,2025-12-14 13:58:19,phone,complete
6535,264,26,2025-12-09 23:31:23,phone,complete
6536,1196,37,2025-05-09 07:31:41,mobile,cancelled
6537,834,12,2025-08-21 18:49:09,web,returned
6538,671,5,2025-05-29 13:43:37,web,cancelled
6539,910,5,2025-04-19 09:09:45,mobile,complete
6540,625,15,2025-11-01 16:44:40,mobile,complete
6541,399,39,2025-10-13 13:16:06,store,cancelled
6542,995,40,2025-12-08 05:56:24,web,complete
6543,1071,35,2025-11-02 21:10:21,web,complete
6544,154,38,2025-03-23 19:36:31,mobile,complete
6545,1243,15,2025-11-27 19:08:29,phone,returned
6546,1091,32,2025-12-25 03:10:09,mobile,returned
6547,442,12,2025-09-13 12:55:25,phone,cancelled
6548,955,5,2025-08-05 14:35:51,web,complete
6549,104,39,2025-06-03 10:16:08,store,returned
6550,975,27,2025-05-15 06:07:05,phone,complete
6551,369,4,2025-12-28 10:32:32,store,returned
6552,1299,14,2025-06-24 21:43:00,web,complete
6553,625,40,2025-01-29 15:22:45,phone,complete
6554,1177,14,2025-05-13 21:38:42,phone,cancelled
6555,616,36,2025-06-17 16:31:28,phone,complete
6556,1301,27,2025-08-07 22:01:05,phone,cancelled
6557,1385,20,2025-10-27 13:45:57,web,returned
6558,1001,27,2025-06-18 06:09:52,store,cancelled
6559,1414,12,2025-08-21 20:48:56,store,complete
6560,1018,38,2025-09-14 17:04:44,phone,complete
6561,558,7,2025-12-28 18:30:11,mobile,cancelled
6562,451,7,2025-07-27 04:23:25,phone,returned
6563,405,31,2025-08-29 07:18:22,phone,cancelled
6564,1033,23,2025-01-09 00:42:37,store,complete
6565,1118,1,2025-06-24 19:13:57,mobile,complete
6566,1367,5,2025-10-19 19:57:31,mobile,complete
6567,558,37,2025-01-22 22:51:58,store,returned
6568,552,10,2025-01-28 04:20:10,phone,returned
6569,41,10,2025-04-16 22:26:33,mobile,returned
6570,601,1,2025-12-10 13:53:46,phone,returned
6571,197,7,2025-03-09 19:48:05,mobile,complete
6572,677,14,2025-03-22 09:41:30,store,returned
6573,565,16,2025-08-23 06:15:41,web,complete
6574,1393,26,2025-10-22 23:11:30,web,complete
6575,27,37,2025-06-26 02:20:49,mobile,complete
6576,1427,23,2025-08-23 12:59:20,mobile,complete
6577,645,28,2025-08-04 19:28:45,store,returned
6578,736,21,2025-12-31 23:13:24,mobile,complete
6579,46,40,2025-04-05 18:40:48,phone,returned
6580,576,15,2025-06-17 17:05:01,store,cancelled
6581,831,31,2025-08-29 08:28:08,mobile,complete
6582,232,10,2025-02-09 20:08:21,web,complete
6583,858,29,2025-11-29 04:25:10,store,complete
6584,94,24,2025-01-04 11:56:35,mobile,complete
6585,1146,39,2025-01-01 06:09:02,web,returned
6586,460,40,2025-04-28 06:04:12,mobile,cancelled
6587,938,27,2025-06-29 05:15:26,store,cancelled
6588,11,12,2025-04-05 11:46:47,phone,returned
6589,756,32,2025-04-02 21:52:08,store,returned
6590,194,34,2025-04-13 10:48:28,web,complete
6591,67,27,2025-05-30 19:00:41,phone,complete
6592,1217,16,2025-01-27 00:26:18,web,complete
6593,1273,20,2025-05-28 04:48:27,web,complete
6594,1353,15,2025-04-30 18:35:46,store,complete
6595,496,38,2025-11-24 08:14:36,phone,complete
6596,1399,14,2025-12-06 23:07:50,phone,complete
6597,360,31,2025-07-09 08:32:06,web,complete
6598,782,1,2025-11-09 06:27:28,store,cancelled
6599,831,1,2025-06-18 17:06:22,mobile,complete
6600,1052,12,2025-12-10 09:25:05,mobile,cancelled
6601,83,29,2025-09-25 15:36:13,mobile,complete
6602,435,30,2025-09-11 10:46:33,mobile,complete
6603,1374,38,2025-08-27 23:18:33,store,complete
6604,1265,39,2025-07-20 22:20:23,web,complete
6605,535,26,2025-09-04 03:43:35,store,complete
6606,1081,32,2025-09-11 12:46:10,mobile,cancelled
6607,52,14,2025-09-27 01:10:51,phone,cancelled
6608,175,32,2025-12-09 22:44:20,mobile,returned
6609,1004,22,2025-04-24 23:37:21,phone,complete
6610,348,1,2025-05-23 03:50:01,web,complete
6611,552,32,2025-12-31 02:04:12,store,complete
6612,519,26,2025-09-04 07:09:52,web,returned
6613,1499,39,2025-08-20 14:11:37,web,complete
6614,1235,39,2025-10-11 10:08:42,mobile,complete
6615,1142,25,2025-04-03 10:43:36,store,cancelled
6616,48,9,2025-01-27 01:32:19,mobile,complete
6617,1205,29,2025-09-23 06:06:39,web,returned
6618,1390,9,2025-02-13 16:21:33,store,complete
6619,58,36,2025-08-11 03:06:59,phone,complete
6620,183,20,2025-06-05 01:32:33,mobile,complete
6621,1287,10,2025-12-30 16:42:21,store,cancelled
6622,1109,23,2025-09-23 09:38:33,phone,returned
6623,677,9,2025-03-05 02:13:36,phone,complete
6624,864,6,2025-09-28 10:04:12,web,complete
6625,895,36,2025-08-08 13:00:01,phone,returned
6626,1462,28,2025-05-04 23:27:35,store,complete
6627,177,24,2025-06-22 16:02:44,store,complete
6628,1160,31,2025-08-02 13:47:57,mobile,cancelled
6629,1426,8,2025-04-09 16:53:56,mobile,complete
6630,793,32,2025-03-29 16:56:29,store,returned
6631,774,24,2025-10-14 13:05:48,store,complete
6632,932,37,2025-03-19 06:06:11,web,complete
6633,1063,2,2025-06-15 11:18:44,mobile,complete
6634,614,33,2025-09-12 22:53:31,web,complete
6635,750,35,2025-02-20 15:15:15,mobile,returned
6636,123,6,2025-09-18 03:46:23,phone,returned
6637,587,17,2025-07-30 08:18:57,web,complete
6638,637,3,2025-01-23 01:23:07,phone,cancelled
6639,1187,22,2025-07-05 08:18:28,phone,complete
6640,1018,16,2025-05-30 00:56:19,mobile,returned
6641,1163,23,2025-01-17 22:51:39,store,returned
6642,574,20,2025-09-30 11:27:30,store,cancelled
6643,1301,16,2025-03-29 10:27:06,phone,cancelled
6644,1399,22,2025-06-24 15:45:30,mobile,complete
6645,1207,34,2025-05-22 02:51:35,store,complete
6646,62,13,2025-05-09 16:39:31,web,returned
6647,788,17,2025-08-10 16:58:16,web,cancelled
6648,1288,11,2025-10-14 14:09:55,web,complete
6649,875,27,2025-10-24 06:29:15,phone,complete
6650,1335,1,2025-08-26 21:31:06,phone,cancelled
6651,1118,17,2025-06-27 01:13:52,web,returned
6652,940,37,2025-12-13 10:47:01,phone,complete
6653,1062,11,2025-11-17 10:16:58,store,cancelled
6654,1374,38,2025-07-31 23:02:03,mobile,returned
6655,518,40,2025-10-26 14:26:32,web,complete
6656,512,33,2025-08-04 11:42:57,mobile,complete
6657,1117,18,2025-10-04 10:45:30,mobile,cancelled
6658,1414,32,2025-02-03 09:29:27,mobile,complete
6659,44,9,2025-05-13 17:20:19,store,complete
6660,734,23,2025-07-31 01:42:30,web,complete
6661,1316,23,2025-02-12 08:00:35,store,complete
6662,330,33,2025-01-17 13:55:15,store,complete
6663,1030,28,2025-03-26 07:03:36,phone,returned
6664,1437,16,2025-01-29 07:42:46,web,complete
6665,1207,17,2025-06-19 14:49:32,web,complete
6666,813,22,2025-05-25 21:13:32,store,returned
6667,1168,10,2025-11-17 07:02:45,web,returned
6668,1111,19,2025-11-18 16:17:35,store,returned
6669,930,27,2025-07-27 21:44:37,mobile,complete
6670,375,7,2025-12-05 12:44:49,store,returned
6671,1350,28,2025-12-11 00:02:49,store,cancelled
6672,1220,33,2025-04-04 18:23:22,web,complete
6673,921,29,2025-08-07 09:00:31,phone,complete
6674,65,40,2025-02-20 07:43:03,phone,complete
6675,1109,2,2025-08-28 13:03:29,mobile,complete
6676,1263,32,2025-12-11 16:01:54,store,cancelled
6677,1108,2,2025-11-09 17:11:00,mobile,cancelled
6678,960,39,2025-01-30 02:43:55,mobile,cancelled
6679,802,33,2025-04-10 13:36:54,store,cancelled
6680,664,30,2025-05-10 15:32:19,store,cancelled
6681,1098,36,2025-06-03 12:42:57,web,complete
6682,492,14,2025-12-16 12:18:15,mobile,complete
6683,737,40,2025-08-19 08:38:03,mobile,complete
6684,826,33,2025-05-03 10:52:35,web,complete
6685,388,34,2025-11-18 10:24:19,mobile,returned
6686,862,12,2025-01-05 17:25:37,store,complete
6687,861,37,2025-05-25 10:09:03,phone,returned
6688,348,23,2025-02-18 01:07:36,web,complete
6689,555,12,2025-05-12 20:22:08,mobile,complete
6690,166,9,2025-09-06 15:55:56,web,cancelled
6691,1404,32,2025-06-25 00:36:03,mobile,returned
6692,886,20,2025-08-20 18:29:38,phone,complete
6693,1235,25,2025-03-18 05:12:21,mobile,complete
6694,1292,26,2025-10-28 02:53:06,mobile,complete
6695,815,3,2025-01-14 19:17:15,mobile,complete
6696,984,3,2025-08-22 20:36:06,phone,returned
6697,181,20,2025-10-23 00:12:28,phone,cancelled
6698,1411,16,2025-10-27 06:18:27,phone,complete
6699,1367,26,2025-08-12 18:49:06,web,returned
6700,788,19,2025-12-28 19:30:23,phone,complete
6701,1158,16,2025-04-06 11:30:43,store,returned
6702,472,36,2025-11-24 11:39:35,mobile,complete
6703,1037,35,2025-09-02 22:52:22,mobile,complete
6704,1204,24,2025-08-06 03:18:25,phone,complete
6705,560,2,2025-04-26 11:41:03,phone,returned
6706,594,29,2025-04-17 09:59:16,phone,complete
6707,1210,33,2025-01-15 08:30:59,store,complete
6708,528,25,2025-09-28 20:03:21,store,complete
6709,848,2,2025-05-12 13:36:29,phone,cancelled
6710,920,27,2025-09-16 15:56:47,phone,complete
6711,1058,28,2025-01-09 14:43:23,store,returned
6712,785,34,2025-01-08 09:41:49,store,complete
6713,1174,37,2025-07-31 10:05:20,mobile,complete
6714,178,3,2025-10-25 06:46:04,web,complete
6715,477,17,2025-09-23 00:19:13,store,complete
6716,566,20,2025-04-04 16:55:36,phone,complete
6717,831,32,2025-10-14 11:55:15,web,returned
6718,1426,11,2025-05-15 17:38:45,store,cancelled
6719,506,31,2025-07-24 19:05:12,store,complete
6720,238,3,2025-07-17 07:20:19,mobile,returned
6721,267,6,2025-03-04 14:16:34,web,complete
6722,388,27,2025-08-17 05:02:32,web,returned
6723,635,40,2025-11-07 19:13:52,phone,cancelled
6724,132,20,2025-06-25 01:29:26,web,returned
6725,1385,17,2025-10-17 13:14:26,web,complete
6726,47,18,2025-01-09 21:48:05,mobile,complete
6727,1439,40,2025-11-21 11:08:27,store,cancelled
6728,403,40,2025-07-16 05:41:35,mobile,complete
6729,1429,34,2025-05-13 18:26:52,mobile,complete
6730,744,17,2025-12-18 23:11:17,store,complete
6731,434,16,2025-10-04 13:46:52,store,complete
6732,3,15,2025-10-13 16:27:34,phone,returned
6733,1093,14,2025-06-23 08:47:57,store,returned
6734,1172,7,2025-04-19 08:54:19,web,complete
6735,500,31,2025-08-27 07:51:03,mobile,complete
6736,783,31,2025-12-13 04:08:15,web,returned
6737,596,14,2025-01-08 09:14:32,phone,complete
6738,1356,12,2025-11-18 14:37:59,web,cancelled
6739,193,14,2025-01-30 22:42:06,phone,complete
6740,288,17,2025-08-01 20:35:05,store,complete
6741,738,39,2025-08-23 14:27:53,phone,complete
6742,1183,6,2025-01-29 02:51:09,phone,cancelled
6743,17,25,2025-07-21 22:48:48,store,cancelled
6744,1424,7,2025-04-21 09:54:57,store,complete
6745,720,32,2025-11-17 01:12:24,phone,cancelled
6746,1183,25,2025-01-13 05:48:39,store,complete
6747,482,4,2025-11-10 15:18:28,web,returned
6748,128,32,2025-06-26 05:08:19,phone,returned
6749,994,9,2025-06-15 01:51:24,phone,complete
6750,75,29,2025-06-28 07:43:00,phone,cancelled
6751,523,17,2025-10-28 03:04:11,store,cancelled
6752,331,29,2025-02-24 10:04:05,store,complete
6753,1403,19,2025-02-20 20:19:00,phone,returned
6754,1072,8,2025-01-15 21:55:19,store,complete
6755,46,27,2025-10-23 01:41:57,store,cancelled
6756,75,29,2025-03-21 20:27:39,phone,complete
6757,921,38,2025-07-22 17:03:23,phone,complete
6758,192,38,2025-08-17 04:38:06,phone,complete
6759,793,3,2025-05-30 20:45:53,mobile,returned
6760,820,31,2025-12-08 09:51:48,phone,cancelled
6761,568,18,2025-10-07 13:16:45,web,cancelled
6762,1416,10,2025-07-21 03:12:26,mobile,cancelled
6763,833,8,2025-08-18 14:22:54,web,complete
6764,1146,15,2025-09-28 08:30:34,mobile,returned
6765,266,2,2025-11-29 15:26:50,mobile,complete
6766,352,1,2025-12-10 18:05:25,phone,complete
6767,1491,9,2025-07-16 08:23:11,phone,complete
6768,982,4,2025-12-09 16:59:15,phone,complete
6769,647,36,2025-04-15 17:03:47,mobile,complete
6770,153,4,2025-04-05 05:57:02,phone,complete
6771,460,16,2025-09-19 08:55:56,phone,complete
6772,45,34,2025-04-07 04:01:00,web,returned
6773,1422,23,2025-04-01 17:12:36,phone,returned
6774,1289,11,2025-03-12 06:23:45,phone,complete
6775,874,3,2025-07-11 08:20:42,store,complete
6776,605,9,2025-03-17 14:50:51,web,complete
6777,491,34,2025-09-02 14:25:09,mobile,complete
6778,1292,23,2025-02-16 08:35:56,mobile,complete
6779,62,22,2025-07-03 23:31:44,store,complete
6780,641,17,2025-03-30 20:38:09,web,complete
6781,385,7,2025-01-13 04:31:54,store,returned
6782,1070,27,2025-09-09 03:47:44,mobile,cancelled
6783,1189,20,2025-09-27 11:03:27,mobile,cancelled
6784,543,9,2025-06-30 05:26:08,mobile,complete
6785,726,7,2025-08-01 20:48:12,phone,cancelled
6786,1446,9,2025-02-14 21:24:56,mobile,complete
6787,1369,25,2025-11-23 16:46:13,phone,returned
6788,122,12,2025-05-31 09:47:53,mobile,complete
6789,1188,24,2025-03-04 19:53:41,mobile,complete
6790,1185,22,2025-02-28 07:18:04,store,complete
6791,656,37,2025-10-19 11:16:18,phone,complete
6792,1023,5,2025-11-02 11:58:35,phone,complete
6793,1080,40,2025-11-14 16:31:33,store,complete
6794,79,5,2025-12-24 13:12:34,web,cancelled
6795,541,27,2025-12-20 05:28:23,mobile,complete
6796,473,1,2025-07-25 19:45:12,mobile,complete
6797,759,24,2025-04-26 08:12:45,mobile,returned
6798,834,32,2025-07-05 21:08:18,store,cancelled
6799,1437,29,2025-08-06 20:49:34,store,cancelled
6800,1315,37,2025-05-16 18:07:55,store,complete
6801,59,9,2025-02-09 19:00:04,mobile,returned
6802,1322,33,2025-08-14 15:04:32,web,returned
6803,1008,12,2025-03-06 16:47:38,mobile,complete
6804,982,18,2025-08-05 12:16:58,mobile,cancelled
6805,1153,23,2025-08-11 18:25:09,store,complete
6806,1008,26,2025-12-26 00:20:28,web,cancelled
6807,271,3,2025-04-09 16:09:30,web,complete
6808,402,5,2025-09-17 04:07:34,store,returned
6809,1295,23,2025-07-07 14:34:20,web,complete
6810,415,23,2025-04-10 18:49:08,mobile,complete
6811,1227,39,2025-01-14 11:45:08,store,returned
6812,501,39,2025-09-15 02:28:10,web,returned
6813,1030,31,2025-05-19 07:29:44,web,complete
6814,946,21,2025-10-19 14:17:07,web,complete
6815,248,25,2025-05-30 23:59:50,phone,complete
6816,1467,11,2025-09-24 15:56:31,mobile,complete
6817,964,27,2025-01-26 01:23:15,web,cancelled
6818,185,25,2025-12-29 06:59:35,phone,complete
6819,373,38,2025-02-02 00:19:44,web,complete
6820,728,27,2025-10-27 02:42:54,mobile,complete
6821,509,4,2025-03-28 19:46:10,mobile,complete
6822,1432,15,2025-02-02 09:19:36,store,complete
6823,527,40,2025-04-28 22:40:55,web,cancelled
6824,1047,1,2025-03-03 15:23:47,web,complete
6825,67,15,2025-08-06 19:59:45,store,returned
6826,147,17,2025-12-17 06:40:50,mobile,complete
6827,307,12,2025-08-12 23:55:31,store,cancelled
6828,407,38,2025-08-21 12:01:50,mobile,complete
6829,1350,6,2025-01-26 03:34:08,phone,returned
6830,830,39,2025-12-06 00:26:23,mobile,complete
6831,332,6,2025-05-02 11:51:18,web,cancelled
6832,1409,29,2025-06-18 13:34:00,web,cancelled
6833,1187,28,2025-04-22 18:54:14,phone,cancelled
6834,1483,38,2025-07-31 12:43:06,mobile,returned
6835,1464,29,2025-11-24 13:30:07,mobile,complete
6836,803,18,2025-05-29 03:17:35,mobile,complete
6837,1220,28,2025-03-01 02:30:57,store,complete
6838,864,31,2025-12-02 20:39:43,mobile,returned
6839,478,17,2025-03-19 11:03:06,store,complete
6840,189,27,2025-02-06 10:57:45,mobile,complete
6841,806,4,2025-07-28 04:21:53,mobile,complete
6842,472,23,2025-06-08 13:57:51,mobile,complete
6843,1257,37,2025-05-19 23:41:46,phone,complete
6844,476,29,2025-07-04 21:56:33,mobile,returned
6845,377,40,2025-05-25 17:18:05,web,complete
6846,595,22,2025-01-07 11:28:19,store,complete
6847,67,35,2025-02-19 14:50:53,store,returned
6848,527,13,2025-06-11 17:04:52,web,complete
6849,38,16,2025-09-23 13:38:19,phone,returned
6850,851,24,2025-12-23 09:50:10,store,complete
6851,46,3,2025-11-28 12:39:43,web,complete
6852,63,12,2025-07-11 19:27:19,mobile,complete
6853,431,35,2025-03-24 00:59:31,web,cancelled
6854,257,32,2025-06-03 20:09:31,store,complete
6855,643,21,2025-03-03 20:02:40,web,cancelled
6856,132,34,2025-06-15 01:40:27,store,complete
6857,1075,9,2025-05-11 10:10:06,phone,complete
6858,1104,19,2025-04-21 12:31:13,store,complete
6859,690,17,2025-06-11 12:02:27,web,complete
6860,822,29,2025-11-21 00:43:24,phone,returned
6861,1326,8,2025-09-20 16:30:29,store,complete
6862,656,37,2025-08-02 19:34:24,phone,complete
6863,1181,30,2025-10-08 18:45:09,store,complete
6864,77,21,2025-07-05 13:31:21,store,returned
6865,303,14,2025-12-28 13:42:11,web,complete
6866,250,31,2025-09-21 11:40:50,store,complete
6867,1038,33,2025-03-02 10:42:31,web,complete
6868,1140,7,2025-02-23 19:50:29,mobile,cancelled
6869,496,24,2025-12-31 19:16:58,web,complete
6870,362,8,2025-11-19 15:51:56,phone,complete
6871,1462,26,2025-10-23 20:00:21,phone,complete
6872,258,24,2025-01-10 01:51:28,web,cancelled
6873,1407,20,2025-09-17 01:55:07,phone,complete
6874,926,40,2025-06-25 02:35:06,web,cancelled
6875,217,30,2025-11-21 13:31:19,web,complete
6876,41,35,2025-07-03 08:00:43,mobile,complete
6877,312,28,2025-12-30 21:20:24,web,complete
6878,1231,35,2025-12-14 23:40:31,mobile,cancelled
6879,1053,18,2025-08-09 04:02:39,mobile,cancelled
6880,394,10,2025-12-26 14:32:37,web,cancelled
6881,1044,13,2025-06-29 19:19:52,mobile,cancelled
6882,413,32,2025-12-27 08:55:17,phone,cancelled
6883,359,9,2025-08-24 06:43:28,store,cancelled
6884,1478,1,2025-06-04 09:03:32,web,cancelled
6885,25,24,2025-03-09 05:12:48,web,cancelled
6886,1114,19,2025-11-05 17:26:43,web,complete
6887,1350,29,2025-04-02 10:51:35,phone,returned
6888,534,16,2025-08-22 08:59:09,mobile,complete
6889,657,16,2025-08-20 22:04:30,web,complete
6890,1238,40,2025-11-21 09:58:56,web,complete
6891,1070,39,2025-03-17 03:11:40,mobile,cancelled
6892,1207,34,2025-06-15 02:13:03,mobile,cancelled
6893,1472,5,2025-10-01 14:52:27,mobile,complete
6894,1003,32,2025-08-12 11:48:56,store,cancelled
6895,515,21,2025-04-20 10:28:34,mobile,complete
6896,383,5,2025-05-01 12:34:21,phone,returned
6897,871,25,2025-04-23 04:43:36,web,complete
6898,501,18,2025-12-20 16:14:50,web,complete
6899,491,34,2025-08-03 18:24:24,web,complete
6900,837,5,2025-07-01 23:16:40,store,complete
6901,1306,19,2025-05-12 18:04:46,phone,returned
6902,1242,31,2025-11-13 22:19:39,store,complete
6903,401,5,2025-08-19 13:52:11,mobile,cancelled
6904,301,35,2025-07-03 21:41:49,phone,complete
6905,1231,23,2025-06-23 15:08:25,web,cancelled
6906,1018,11,2025-05-28 15:47:09,phone,complete
6907,949,29,2025-04-02 00:54:23,web,returned
6908,843,14,2025-10-30 00:26:20,store,complete
6909,1236,6,2025-05-23 03:31:15,store,complete
6910,114,21,2025-05-27 09:37:16,mobile,complete
6911,963,17,2025-11-30 00:30:24,phone,returned
6912,824,17,2025-12-20 10:36:54,mobile,returned
6913,814,37,2025-09-09 18:11:05,store,complete
6914,1402,34,2025-08-29 19:08:57,web,returned
6915,1372,23,2025-08-09 16:24:01,phone,complete
6916,333,21,2025-10-27 22:30:26,store,complete
6917,1430,36,2025-01-13 23:57:30,mobile,complete
6918,1289,3,2025-09-09 08:48:48,phone,complete
6919,215,31,2025-12-08 13:08:40,mobile,cancelled
6920,1232,29,2025-11-30 00:13:07,store,complete
6921,501,21,2025-11-12 08:39:10,phone,complete
6922,453,33,2025-12-26 12:14:33,web,complete
6923,1454,21,2025-01-14 05:39:11,web,cancelled
6924,949,23,2025-05-12 04:06:50,store,returned
6925,654,37,2025-09-13 23:23:06,mobile,complete
6926,973,30,2025-09-02 15:04:55,mobile,cancelled
6927,1459,35,2025-01-11 21:11:51,web,cancelled
6928,164,3,2025-10-23 22:26:37,phone,cancelled
6929,116,7,2025-04-16 17:27:46,web,complete
6930,1112,14,2025-05-20 03:03:24,store,complete
6931,793,22,2025-05-15 01:20:27,web,complete
6932,402,17,2025-04-30 13:43:08,web,complete
6933,612,13,2025-04-04 03:59:18,web,complete
6934,676,15,2025-11-02 04:51:01,mobile,returned
6935,391,17,2025-09-24 18:01:07,mobile,complete
6936,1270,34,2025-01-28 16:14:36,mobile,cancelled
6937,1158,16,2025-05-16 12:26:33,store,complete
6938,864,16,2025-04-10 05:38:31,store,complete
6939,992,35,2025-06-04 22:03:58,web,returned
6940,505,19,2025-04-09 22:32:48,web,cancelled
6941,514,24,2025-03-29 10:47:04,store,complete
6942,366,4,2025-12-31 08:44:18,store,returned
6943,134,2,2025-12-01 18:32:28,store,cancelled
6944,784,31,2025-03-02 13:54:36,store,complete
6945,1124,4,2025-11-17 07:45:55,web,returned
6946,1241,14,2025-10-31 07:42:00,mobile,returned
6947,532,13,2025-03-21 21:32:03,mobile,complete
6948,1196,33,2025-05-09 21:47:17,web,cancelled
6949,131,4,2025-05-24 23:52:46,web,complete
6950,576,30,2025-09-08 22:52:00,phone,complete
6951,575,7,2025-10-18 12:17:42,web,cancelled
6952,955,35,2025-03-14 20:32:29,phone,cancelled
6953,1378,14,2025-08-25 13:21:27,mobile,returned
6954,299,27,2025-05-24 13:01:11,web,cancelled
6955,1486,2,2025-05-18 14:50:57,store,complete
6956,1442,9,2025-04-19 23:09:08,mobile,complete
6957,624,36,2025-08-27 07:50:58,store,returned
6958,388,31,2025-06-30 06:54:10,store,complete
6959,85,35,2025-11-08 15:47:27,web,complete
6960,456,8,2025-05-17 08:14:37,mobile,returned
6961,865,14,2025-08-18 19:32:49,mobile,complete
6962,92,31,2025-12-17 18:36:46,web,complete
6963,821,30,2025-01-21 20:17:37,store,complete
6964,72,20,2025-11-15 20:29:10,phone,complete
6965,886,20,2025-09-14 10:29:43,store,complete
6966,116,39,2025-05-03 08:08:02,phone,complete
6967,312,10,2025-10-13 23:08:41,phone,returned
6968,114,40,2025-01-01 23:52:21,mobile,returned
6969,415,16,2025-12-13 10:20:43,store,complete
6970,1280,21,2025-06-16 22:21:44,store,complete
6971,980,22,2025-05-01 15:08:33,web,cancelled
6972,859,10,2025-05-14 10:32:25,phone,returned
6973,952,18,2025-12-23 01:42:10,mobile,returned
6974,367,27,2025-11-28 13:46:27,mobile,cancelled
6975,1146,37,2025-07-22 12:10:31,mobile,complete
6976,1397,12,2025-08-27 23:17:53,web,complete
6977,605,24,2025-09-25 08:23:43,phone,cancelled
6978,197,17,2025-02-20 14:07:55,mobile,complete
6979,487,36,2025-12-15 22:36:32,mobile,complete
6980,982,5,2025-09-06 22:09:58,store,returned
6981,310,15,2025-11-27 01:54:31,store,cancelled
6982,1028,30,2025-03-31 10:57:38,phone,complete
6983,1237,16,2025-10-21 18:02:28,store,cancelled
6984,1484,21,2025-02-04 19:38:11,store,complete
6985,295,9,2025-10-19 13:14:18,phone,complete
6986,40,32,2025-06-30 05:37:10,store,complete
6987,345,1,2025-11-21 04:19:37,web,returned
6988,1063,29,2025-08-15 10:36:02,mobile,complete
6989,508,21,2025-07-10 18:36:02,web,complete
6990,215,5,2025-05-07 01:04:39,phone,returned
6991,1035,21,2025-01-19 06:20:14,web,cancelled
6992,770,16,2025-12-07 04:41:21,web,returned
6993,1170,26,2025-10-13 20:37:03,phone,complete
6994,1389,19,2025-01-01 01:10:21,web,cancelled
6995,193,18,2025-07-16 15:05:55,phone,complete
6996,1398,31,2025-02-26 18:39:41,mobile,returned
6997,324,27,2025-03-20 21:04:35,store,returned
6998,1336,10,2025-03-12 23:53:33,web,returned
6999,247,40,2025-11-11 19:43:02,mobile,complete
7000,824,32,2025-02-16 21:18:01,store,returned
7001,8,8,2025-06-10 00:18:26,mobile,complete
7002,1450,24,2025-12-11 05:44:28,web,returned
7003,927,8,2025-08-08 12:54:42,phone,complete
7004,952,40,2025-10-20 07:08:37,store,returned
7005,880,21,2025-08-31 06:34:17,mobile,cancelled
7006,745,27,2025-09-12 06:32:44,store,cancelled
7007,946,20,2025-01-12 22:59:55,phone,returned
7008,1460,17,2025-12-01 13:47:10,phone,complete
7009,709,13,2025-08-20 12:42:02,store,complete
7010,1443,23,2025-07-04 10:32:31,mobile,cancelled
7011,218,37,2025-04-23 23:09:03,mobile,complete
7012,531,8,2025-01-21 17:36:22,store,complete
7013,737,37,2025-01-20 21:32:33,mobile,complete
7014,998,16,2025-04-27 01:25:32,phone,complete
7015,709,31,2025-01-23 18:51:44,phone,complete
7016,1400,30,2025-02-12 01:33:27,phone,complete
7017,737,35,2025-07-26 15:53:15,store,complete
7018,1141,26,2025-10-27 07:38:23,store,complete
7019,1261,11,2025-12-12 22:03:05,store,complete
7020,452,29,2025-10-01 12:09:32,web,cancelled
7021,112,12,2025-11-19 13:39:51,phone,complete
7022,1228,23,2025-02-05 18:06:17,web,cancelled
7023,223,34,2025-10-14 00:48:07,phone,complete
7024,154,1,2025-06-14 11:23:15,store,returned
7025,355,20,2025-09-30 12:09:26,mobile,complete
7026,1069,9,2025-09-28 06:00:26,mobile,complete
7027,1049,11,2025-11-27 21:52:46,web,cancelled
7028,461,19,2025-10-01 18:38:21,phone,complete
7029,391,40,2025-07-28 16:36:44,store,complete
7030,965,24,2025-11-09 06:13:21,phone,complete
7031,1035,30,2025-05-18 15:57:07,store,cancelled
7032,1184,5,2025-01-16 21:47:49,store,cancelled
7033,733,14,2025-09-28 18:27:38,web,complete
7034,65,22,2025-03-17 15:07:11,store,returned
7035,163,2,2025-07-27 22:08:01,web,returned
7036,758,16,2025-10-16 11:53:29,phone,returned
7037,1244,2,2025-11-03 20:14:30,phone,complete
7038,930,8,2025-03-30 01:02:15,web,returned
7039,1483,2,2025-10-31 23:36:38,phone,complete
7040,1168,32,2025-08-26 03:52:16,mobile,complete
7041,1314,30,2025-11-30 07:27:47,mobile,cancelled
7042,626,24,2025-04-21 05:46:24,store,returned
7043,185,18,2025-12-02 10:16:16,store,complete
7044,871,32,2025-10-30 03:42:36,web,complete
7045,871,38,2025-11-25 19:15:53,mobile,complete
7046,1108,34,2025-01-13 06:32:12,store,cancelled
7047,234,20,2025-12-04 05:57:09,mobile,complete
7048,152,1,2025-04-27 12:49:03,phone,complete
7049,262,28,2025-07-07 06:19:09,store,complete
7050,1225,37,2025-11-26 15:57:25,mobile,returned
7051,613,11,2025-08-14 16:42:18,mobile,returned
7052,1369,7,2025-09-19 02:13:46,phone,complete
7053,1418,13,2025-10-08 22:55:29,phone,cancelled
7054,347,30,2025-02-05 10:36:29,store,returned
7055,1435,2,2025-05-08 21:44:07,web,complete
7056,718,4,2025-05-06 10:16:10,web,complete
7057,1362,29,2025-11-08 21:25:30,phone,returned
7058,559,25,2025-06-24 12:06:10,phone,returned
7059,872,20,2025-07-18 14:38:04,store,complete
7060,285,3,2025-04-15 13:22:45,mobile,returned
7061,1105,39,2025-03-24 16:53:12,mobile,complete
7062,1023,35,2025-09-03 07:41:28,store,cancelled
7063,984,30,2025-07-21 14:51:48,phone,complete
7064,415,12,2025-06-03 01:03:33,store,complete
7065,688,18,2025-06-06 12:49:07,phone,cancelled
7066,343,22,2025-08-09 23:31:24,store,complete
7067,676,22,2025-03-16 04:26:15,store,complete
7068,406,27,2025-07-11 22:26:09,phone,complete
7069,953,14,2025-01-02 06:11:31,web,complete
7070,1473,12,2025-01-29 15:59:45,phone,complete
7071,420,19,2025-09-14 22:34:56,mobile,complete
7072,422,3,2025-06-24 00:24:56,web,complete
7073,1372,7,2025-10-24 13:34:47,web,cancelled
7074,1402,5,2025-06-19 05:13:52,web,complete
7075,488,35,2025-07-07 04:57:03,mobile,complete
7076,756,21,2025-07-21 18:23:18,web,complete
7077,130,11,2025-04-20 14:51:27,phone,complete
7078,469,16,2025-01-10 13:19:59,store,returned
7079,987,39,2025-12-29 10:42:15,phone,complete
7080,183,3,2025-03-15 11:50:53,store,cancelled
7081,271,18,2025-06-24 18:10:45,store,complete
7082,1149,32,2025-07-05 22:22:24,mobile,returned
7083,34,19,2025-08-23 10:34:46,mobile,complete
7084,797,18,2025-03-07 03:35:02,mobile,returned
7085,763,19,2025-01-17 22:29:49,mobile,cancelled
7086,1422,30,2025-07-03 23:54:48,phone,complete
7087,584,3,2025-04-28 16:52:32,phone,complete
7088,1464,24,2025-08-26 17:18:42,store,complete
7089,1419,26,2025-08-15 08:30:12,mobile,complete
7090,440,2,2025-11-04 14:27:20,store,complete
7091,830,12,2025-08-27 09:58:34,phone,complete
7092,405,34,2025-09-12 02:10:49,store,complete
7093,1258,10,2025-05-05 21:25:10,store,returned
7094,863,3,2025-07-06 18:28:30,web,returned
7095,453,9,2025-04-17 12:48:03,store,complete
7096,1425,18,2025-10-25 10:08:27,store,cancelled
7097,335,31,2025-01-10 01:07:09,web,cancelled
7098,932,4,2025-03-10 19:30:27,phone,complete
7099,752,25,2025-02-15 17:57:51,store,complete
7100,1238,29,2025-08-08 05:55:49,store,complete
7101,507,5,2025-04-04 01:51:45,store,cancelled
7102,381,28,2025-11-06 20:55:08,mobile,complete
7103,1452,27,2025-05-01 00:25:10,store,complete
7104,417,14,2025-10-12 18:01:20,phone,complete
7105,448,36,2025-06-01 17:04:04,web,complete
7106,861,7,2025-02-22 05:29:35,phone,cancelled
7107,632,36,2025-09-18 04:14:24,web,complete
7108,1254,39,2025-11-02 10:28:57,phone,complete
7109,503,20,2025-06-05 08:16:07,web,complete
7110,962,22,2025-10-29 11:34:33,store,complete
7111,1012,12,2025-06-15 00:25:38,store,complete
7112,1033,12,2025-11-10 06:45:09,store,complete
7113,541,15,2025-04-18 12:26:53,store,returned
7114,413,20,2025-09-06 02:05:38,mobile,complete
7115,84,11,2025-11-26 14:59:02,phone,complete
7116,1191,32,2025-08-23 06:30:03,mobile,complete
7117,134,14,2025-12-02 21:30:21,store,complete
7118,1421,11,2025-01-28 16:32:20,web,complete
7119,292,14,2025-07-09 19:43:29,phone,cancelled
7120,236,2,2025-09-18 02:40:26,web,returned
7121,114,31,2025-09-03 06:15:28,mobile,complete
7122,905,4,2025-01-13 01:17:25,phone,complete
7123,704,37,2025-12-17 05:48:54,web,cancelled
7124,795,23,2025-01-28 19:22:26,phone,complete
7125,660,27,2025-05-10 04:10:57,mobile,complete
7126,439,37,2025-07-07 12:21:59,mobile,cancelled
7127,528,23,2025-05-07 13:31:53,mobile,complete
7128,811,39,2025-11-13 11:00:30,mobile,complete
7129,846,4,2025-06-11 19:32:57,store,complete
7130,1386,40,2025-01-08 09:49:54,mobile,complete
7131,874,40,2025-09-29 06:56:34,mobile,returned
7132,448,30,2025-08-06 09:17:47,web,complete
7133,1374,24,2025-04-21 22:32:01,phone,returned
7134,578,22,2025-01-18 18:32:08,store,complete
7135,27,35,2025-06-16 20:21:25,web,complete
7136,782,17,2025-04-11 06:01:25,mobile,returned
7137,1398,16,2025-09-07 20:10:43,phone,complete
7138,697,28,2025-01-07 11:08:45,mobile,complete
7139,1030,6,2025-05-30 19:23:50,store,cancelled
7140,1278,20,2025-10-30 07:43:36,web,returned
7141,944,11,2025-06-17 08:38:59,phone,complete
7142,611,16,2025-01-13 09:35:09,mobile,complete
7143,851,25,2025-12-21 02:36:18,web,returned
7144,1440,28,2025-06-17 10:45:44,mobile,returned
7145,1077,23,2025-06-27 15:49:03,web,returned
7146,1417,38,2025-04-11 19:35:48,web,complete
7147,1448,25,2025-06-28 04:16:43,phone,complete
7148,156,18,2025-09-07 11:24:53,phone,complete
7149,390,27,2025-02-19 21:19:16,mobile,cancelled
7150,1424,21,2025-11-27 15:57:59,store,cancelled
7151,709,9,2025-01-22 03:11:24,mobile,complete
7152,324,29,2025-06-16 18:39:35,store,cancelled
7153,795,13,2025-09-02 05:30:08,phone,complete
7154,71,40,2025-11-11 04:36:59,mobile,returned
7155,1002,23,2025-03-29 01:27:35,web,returned
7156,1403,14,2025-11-28 08:25:56,store,complete
7157,1454,12,2025-04-11 08:38:46,web,cancelled
7158,463,12,2025-06-18 23:30:22,mobile,returned
7159,1398,25,2025-05-09 07:10:24,mobile,complete
7160,1020,28,2025-08-25 03:06:39,phone,complete
7161,13,32,2025-08-29 14:14:15,store,returned
7162,278,15,2025-10-22 20:08:36,mobile,complete
7163,1429,7,2025-05-24 11:53:35,web,returned
7164,66,5,2025-06-23 09:00:48,web,complete
7165,604,4,2025-11-18 21:53:44,web,returned
7166,1007,40,2025-06-15 23:00:01,web,cancelled
7167,1303,11,2025-11-08 13:28:18,store,cancelled
7168,821,11,2025-03-17 06:47:40,mobile,complete
7169,214,36,2025-08-28 14:44:57,mobile,complete
7170,60,40,2025-04-26 02:27:43,store,cancelled
7171,812,33,2025-07-20 05:14:12,mobile,cancelled
7172,1416,20,2025-05-23 00:04:15,mobile,cancelled
7173,504,16,2025-11-26 17:40:38,mobile,returned
7174,1345,5,2025-04-11 18:17:52,web,complete
7175,66,21,2025-06-11 17:33:47,web,cancelled
7176,1216,22,2025-03-23 14:54:19,web,returned
7177,777,37,2025-10-10 11:19:14,web,complete
7178,670,8,2025-11-08 10:09:47,phone,cancelled
7179,434,32,2025-10-31 11:49:38,store,complete
7180,805,7,2025-07-23 10:04:13,phone,complete
7181,630,10,2025-02-02 18:43:12,store,complete
7182,69,36,2025-06-28 10:12:07,web,complete
7183,483,1,2025-08-26 04:44:49,mobile,complete
7184,1417,26,2025-03-10 21:31:35,mobile,cancelled
7185,1259,34,2025-11-01 05:56:17,phone,complete
7186,449,1,2025-12-02 15:14:10,web,complete
7187,476,5,2025-08-06 08:04:23,web,complete
7188,135,2,2025-12-25 17:31:06,mobile,returned
7189,1170,37,2025-05-02 05:55:25,web,complete
7190,1484,13,2025-03-24 06:27:34,web,cancelled
7191,950,25,2025-09-11 02:11:11,phone,returned
7192,1042,26,2025-04-27 12:27:24,mobile,cancelled
7193,1289,8,2025-03-10 23:34:34,phone,cancelled
7194,229,23,2025-05-02 07:25:47,web,returned
7195,378,16,2025-04-21 15:30:41,phone,returned
7196,1478,30,2025-01-04 08:20:56,store,returned
7197,1343,29,2025-02-03 19:56:08,phone,complete
7198,644,11,2025-06-03 05:01:45,phone,complete
7199,803,32,2025-02-17 20:30:56,web,complete
7200,516,9,2025-09-16 08:07:33,phone,complete
7201,814,14,2025-12-27 23:41:23,mobile,cancelled
7202,338,18,2025-12-26 06:41:38,phone,complete
7203,519,8,2025-08-25 12:40:05,mobile,complete
7204,75,22,2025-04-23 09:23:46,store,complete
7205,1306,36,2025-03-19 06:15:31,store,returned
7206,1500,3,2025-01-27 11:09:56,web,cancelled
7207,78,16,2025-10-19 00:34:36,store,returned
7208,1194,26,2025-07-09 09:07:25,mobile,cancelled
7209,808,31,2025-02-05 02:29:43,mobile,complete
7210,178,39,2025-12-24 17:32:27,phone,cancelled
7211,182,32,2025-03-01 21:56:20,phone,complete
7212,1215,34,2025-11-25 09:49:04,phone,complete
7213,172,24,2025-08-23 22:22:55,web,complete
7214,1284,29,2025-07-09 20:41:17,mobile,complete
7215,919,9,2025-08-17 04:02:20,web,complete
7216,628,28,2025-09-16 12:44:19,phone,cancelled
7217,100,1,2025-01-23 03:45:01,store,returned
7218,240,40,2025-06-17 12:25:51,phone,complete
7219,248,38,2025-11-21 04:25:09,web,complete
7220,1391,28,2025-07-20 14:52:55,mobile,cancelled
7221,933,37,2025-09-05 19:05:41,web,returned
7222,436,8,2025-01-21 05:13:02,store,complete
7223,1183,3,2025-07-26 23:21:22,store,complete
7224,1245,12,2025-06-19 13:45:34,store,complete
7225,1157,4,2025-01-15 06:18:20,store,complete
7226,381,35,2025-06-02 02:11:15,phone,complete
7227,1422,20,2025-04-13 21:56:46,web,complete
7228,1369,15,2025-05-09 04:36:22,phone,complete
7229,720,2,2025-06-07 09:31:02,phone,complete
7230,1340,28,2025-03-17 17:46:15,phone,complete
7231,406,25,2025-03-15 18:22:38,mobile,cancelled
7232,529,30,2025-02-21 07:17:18,web,complete
7233,1484,30,2025-08-10 11:13:42,web,cancelled
7234,120,1,2025-10-07 06:52:21,web,complete
7235,1131,19,2025-07-23 16:37:36,mobile,returned
7236,1486,1,2025-07-18 11:27:39,mobile,complete
7237,169,35,2025-10-02 05:19:40,store,complete
7238,454,9,2025-11-06 06:38:27,phone,returned
7239,794,30,2025-08-11 18:33:41,mobile,complete
7240,1086,14,2025-08-07 01:08:44,phone,complete
7241,645,18,2025-04-28 04:05:08,phone,complete
7242,1281,13,2025-05-06 02:14:08,web,complete
7243,681,3,2025-08-26 10:58:38,phone,complete
7244,124,30,2025-09-17 01:52:10,store,returned
7245,1366,22,2025-06-11 23:20:32,phone,returned
7246,1112,15,2025-11-06 00:03:15,web,cancelled
7247,59,21,2025-02-16 08:43:19,web,cancelled
7248,154,22,2025-04-17 15:00:23,phone,complete
7249,1371,3,2025-10-23 06:53:33,web,complete
7250,82,33,2025-05-15 23:51:08,web,cancelled
7251,146,9,2025-03-02 09:11:56,phone,complete
7252,297,8,2025-04-05 20:54:28,phone,cancelled
7253,855,9,2025-08-18 12:40:25,web,complete
7254,314,29,2025-11-24 15:58:20,store,complete
7255,276,5,2025-12-26 22:07:26,web,cancelled
7256,188,32,2025-07-17 14:15:02,mobile,complete
7257,1350,16,2025-03-13 20:50:18,web,complete
7258,578,33,2025-08-07 00:38:45,web,complete
7259,1440,24,2025-10-28 10:43:01,store,complete
7260,604,12,2025-01-19 19:23:08,store,complete
7261,905,10,2025-11-09 14:56:45,web,returned
7262,1284,33,2025-07-14 01:20:31,store,complete
7263,1375,8,2025-11-28 22:04:07,phone,cancelled
7264,1274,15,2025-07-22 03:08:34,phone,cancelled
7265,1359,34,2025-01-18 23:43:08,store,cancelled
7266,784,25,2025-06-08 18:23:38,web,cancelled
7267,234,1,2025-10-07 06:15:34,store,complete
7268,422,31,2025-09-14 18:32:22,phone,complete
7269,191,33,2025-03-25 13:21:58,store,cancelled
7270,755,20,2025-07-30 10:14:09,store,cancelled
7271,469,38,2025-12-25 19:21:46,store,returned
7272,198,29,2025-06-22 14:41:59,store,complete
7273,1363,4,2025-03-25 02:53:33,store,cancelled
7274,187,11,2025-07-01 17:22:31,store,complete
7275,794,32,2025-04-17 18:30:01,mobile,complete
7276,1015,15,2025-02-10 15:09:11,mobile,complete
7277,1145,11,2025-12-15 10:04:46,mobile,complete
7278,1483,8,2025-02-14 13:48:30,web,complete
7279,1382,36,2025-01-20 18:11:12,mobile,returned
7280,1122,10,2025-10-23 08:18:58,phone,complete
7281,992,15,2025-06-19 10:53:28,store,returned
7282,1311,23,2025-01-07 15:09:25,phone,complete
7283,852,40,2025-12-18 18:28:01,web,complete
7284,875,34,2025-01-02 11:02:01,store,returned
7285,874,8,2025-08-09 18:45:00,web,complete
7286,214,28,2025-05-19 01:18:14,web,complete
7287,859,10,2025-08-13 11:51:21,store,complete
7288,24,20,2025-01-29 03:12:15,web,complete
7289,1221,16,2025-02-05 04:14:09,phone,returned
7290,338,12,2025-07-30 05:48:04,phone,complete
7291,884,10,2025-10-23 16:39:03,mobile,complete
7292,647,29,2025-11-11 09:02:55,mobile,returned
7293,444,6,2025-10-02 12:43:18,phone,complete
7294,75,23,2025-06-21 05:10:48,web,complete
7295,862,23,2025-06-25 03:39:55,store,complete
7296,513,5,2025-05-14 19:47:05,web,complete
7297,23,2,2025-05-25 18:26:51,store,cancelled
7298,535,22,2025-09-17 01:59:20,store,cancelled
7299,373,12,2025-03-23 15:05:47,phone,complete
7300,201,32,2025-09-19 22:02:31,mobile,complete
7301,1494,3,2025-09-13 07:50:38,web,complete
7302,1250,7,2025-05-29 18:59:32,store,complete
7303,756,10,2025-10-07 01:35:20,store,complete
7304,175,32,2025-05-24 12:55:35,web,complete
7305,52,18,2025-11-05 04:06:31,mobile,complete
7306,192,11,2025-02-16 09:24:21,store,returned
7307,1274,21,2025-10-12 17:08:58,web,complete
7308,596,9,2025-07-11 20:25:14,phone,returned
7309,1309,29,2025-10-20 08:42:11,web,complete
7310,1375,2,2025-03-04 19:24:47,mobile,cancelled
7311,329,30,2025-10-02 11:23:08,mobile,complete
7312,1467,19,2025-02-17 22:20:40,store,complete
7313,1394,7,2025-12-22 03:59:31,mobile,cancelled
7314,179,8,2025-02-27 09:10:04,store,returned
7315,526,16,2025-09-01 04:05:26,store,complete
7316,1212,7,2025-07-11 18:51:41,store,complete
7317,594,39,2025-03-13 23:55:58,store,complete
7318,706,24,2025-12-19 05:54:15,mobile,cancelled
7319,517,1,2025-01-15 00:21:13,store,returned
7320,984,24,2025-02-20 11:45:44,phone,returned
7321,1291,17,2025-03-17 17:30:39,phone,returned
7322,1448,38,2025-04-16 16:24:21,mobile,returned
7323,980,3,2025-02-20 16:34:52,phone,complete
7324,164,23,2025-01-15 03:08:07,store,complete
7325,1420,10,2025-08-13 21:36:27,mobile,cancelled
7326,653,21,2025-01-25 04:34:08,store,complete
7327,1113,38,2025-12-08 01:11:11,store,returned
7328,119,5,2025-04-15 05:21:21,phone,cancelled
7329,909,39,2025-12-31 06:34:00,mobile,complete
7330,1471,21,2025-06-19 13:47:41,store,complete
7331,1126,25,2025-03-07 19:13:06,web,returned
7332,728,37,2025-11-05 03:38:50,mobile,returned
7333,72,5,2025-04-30 21:10:21,store,complete
7334,1098,16,2025-06-07 06:34:35,phone,returned
7335,930,16,2025-08-24 05:44:58,store,cancelled
7336,666,19,2025-10-07 02:31:30,web,complete
7337,1215,9,2025-03-30 02:34:59,phone,complete
7338,962,16,2025-07-04 01:24:04,store,cancelled
7339,739,13,2025-10-12 02:00:03,phone,cancelled
7340,381,30,2025-01-23 12:34:55,web,complete
7341,83,14,2025-04-14 08:54:10,web,cancelled
7342,1249,21,2025-02-10 18:28:35,store,complete
7343,977,17,2025-03-10 14:30:42,phone,complete
7344,962,18,2025-11-15 01:44:19,mobile,returned
7345,183,15,2025-08-02 16:20:51,mobile,complete
7346,1311,8,2025-01-10 17:38:36,phone,complete
7347,871,20,2025-09-29 11:33:40,web,returned
7348,1107,25,2025-11-04 23:54:23,store,complete
7349,91,38,2025-05-13 07:42:59,mobile,complete
7350,1157,8,2025-02-14 15:10:29,store,complete
7351,13,19,2025-05-18 17:30:09,store,cancelled
7352,345,6,2025-01-07 07:18:14,store,complete
7353,759,7,2025-03-08 16:24:42,web,complete
7354,1226,40,2025-12-28 06:05:45,phone,complete
7355,565,10,2025-10-11 11:13:51,web,cancelled
7356,1228,12,2025-05-26 05:45:53,web,complete
7357,790,39,2025-08-04 08:42:59,web,complete
7358,1239,26,2025-08-05 02:10:51,mobile,complete
7359,869,14,2025-04-14 18:01:55,phone,complete
7360,1288,19,2025-09-19 14:00:10,mobile,returned
7361,119,10,2025-05-24 06:15:28,web,cancelled
7362,1410,29,2025-01-21 18:51:36,mobile,returned
7363,9,10,2025-03-12 23:19:37,web,returned
7364,1094,4,2025-11-24 02:22:38,web,complete
7365,1190,10,2025-12-25 11:37:27,phone,cancelled
7366,539,33,2025-09-18 16:57:24,store,complete
7367,1238,32,2025-12-08 21:40:02,phone,cancelled
7368,1185,37,2025-11-26 17:18:44,mobile,complete
7369,1413,39,2025-06-30 09:47:39,mobile,returned
7370,1383,34,2025-07-08 23:40:27,phone,complete
7371,713,37,2025-09-07 02:38:27,web,cancelled
7372,690,38,2025-05-13 01:08:25,mobile,complete
7373,143,15,2025-09-23 02:38:34,phone,complete
7374,177,26,2025-05-03 20:59:42,mobile,complete
7375,271,13,2025-06-01 08:13:01,mobile,cancelled
7376,961,36,2025-10-26 10:33:52,phone,complete
7377,721,24,2025-10-29 16:07:39,mobile,complete
7378,1225,37,2025-08-07 20:07:48,web,cancelled
7379,392,4,2025-01-02 06:47:41,store,complete
7380,1272,27,2025-05-02 12:53:52,store,cancelled
7381,257,16,2025-11-11 19:34:50,phone,complete
7382,614,39,2025-10-17 03:58:11,mobile,complete
7383,1377,39,2025-03-08 04:19:38,web,complete
7384,1377,39,2025-06-12 20:43:07,mobile,cancelled
7385,1156,2,2025-02-25 18:10:32,store,complete
7386,751,34,2025-07-17 21:24:03,mobile,complete
7387,1145,4,2025-12-12 14:19:19,phone,complete
7388,56,19,2025-10-11 16:54:16,phone,returned
7389,730,31,2025-08-06 20:42:22,mobile,complete
7390,517,22,2025-11-10 19:10:47,store,complete
7391,841,16,2025-11-03 09:36:50,web,complete
7392,1184,19,2025-06-06 21:17:35,mobile,complete
7393,197,33,2025-06-29 00:50:58,mobile,complete
7394,933,30,2025-08-09 08:24:35,mobile,returned
7395,982,19,2025-06-20 16:27:18,web,complete
7396,173,30,2025-07-11 06:58:26,web,returned
7397,143,7,2025-04-26 07:17:27,store,complete
7398,605,30,2025-04-04 19:41:01,mobile,returned
7399,564,20,2025-11-03 05:26:22,store,cancelled
7400,745,35,2025-11-14 11:40:17,web,complete
7401,191,30,2025-01-22 17:12:23,phone,complete
7402,106,2,2025-05-10 08:13:02,store,complete
7403,1273,35,2025-10-02 18:18:25,web,returned
7404,811,1,2025-08-21 11:57:30,phone,complete
7405,1218,16,2025-07-14 14:28:03,store,complete
7406,242,9,2025-04-21 13:29:55,mobile,complete
7407,1008,39,2025-10-07 03:45:53,web,complete
7408,933,12,2025-06-27 02:40:20,mobile,cancelled
7409,168,14,2025-11-03 12:35:37,phone,complete
7410,1044,30,2025-07-14 00:39:36,store,returned
7411,864,20,2025-10-11 01:22:28,web,complete
7412,809,29,2025-10-02 01:52:50,web,returned
7413,992,13,2025-08-12 14:41:17,store,complete
7414,229,26,2025-05-20 18:11:34,phone,complete
7415,561,27,2025-02-21 08:13:57,web,complete
7416,472,3,2025-08-01 04:49:01,web,complete
7417,1282,11,2025-09-13 16:02:00,phone,complete
7418,482,15,2025-02-26 20:33:10,phone,complete
7419,890,34,2025-01-21 17:55:06,web,complete
7420,1216,24,2025-08-16 05:01:50,mobile,complete
7421,1154,38,2025-04-04 04:06:05,phone,complete
7422,1251,10,2025-03-08 04:28:16,web,returned
7423,707,34,2025-09-24 06:30:30,mobile,complete
7424,1059,4,2025-02-19 22:40:06,web,complete
7425,737,28,2025-03-01 13:17:38,phone,complete
7426,1365,17,2025-12-11 10:49:48,mobile,cancelled
7427,1338,31,2025-09-16 22:16:06,mobile,complete
7428,348,3,2025-04-28 00:56:19,mobile,cancelled
7429,1299,28,2025-02-27 22:43:16,mobile,complete
7430,849,26,2025-12-18 06:16:28,web,returned
7431,73,39,2025-04-02 14:53:27,mobile,complete
7432,1204,38,2025-05-13 14:35:11,web,complete
7433,177,12,2025-01-01 04:45:02,store,complete
7434,743,11,2025-07-15 02:22:36,store,complete
7435,756,38,2025-10-01 01:03:36,phone,complete
7436,1021,11,2025-07-08 23:08:19,web,cancelled
7437,84,40,2025-10-24 19:05:56,mobile,complete
7438,584,35,2025-11-06 12:02:45,phone,complete
7439,740,28,2025-10-12 20:30:46,phone,cancelled
7440,596,28,2025-01-12 19:49:08,web,complete
7441,44,31,2025-10-28 02:23:44,mobile,cancelled
7442,1167,22,2025-04-12 11:25:53,phone,complete
7443,1420,18,2025-12-12 08:19:57,phone,complete
7444,1181,21,2025-10-14 17:20:52,mobile,complete
7445,216,13,2025-01-02 14:34:15,mobile,complete
7446,1092,4,2025-04-24 19:41:32,web,complete
7447,151,29,2025-10-13 15:31:07,phone,returned
7448,150,16,2025-07-02 17:10:14,web,complete
7449,749,17,2025-07-31 03:02:59,phone,complete
7450,783,28,2025-11-23 03:05:13,web,complete
7451,605,21,2025-10-04 21:13:10,phone,complete
7452,240,22,2025-07-05 06:57:28,mobile,complete
7453,1224,17,2025-01-01 21:55:08,mobile,cancelled
7454,540,40,2025-02-22 13:26:23,mobile,complete
7455,1340,23,2025-04-10 04:05:54,phone,complete
7456,134,14,2025-02-09 06:43:13,store,returned
7457,1336,23,2025-07-13 11:13:56,phone,cancelled
7458,1013,17,2025-12-10 03:14:02,store,returned
7459,357,34,2025-06-10 03:54:44,phone,returned
7460,497,1,2025-03-17 17:31:07,store,complete
7461,611,1,2025-06-14 05:36:02,store,complete
7462,801,24,2025-09-30 18:24:06,store,complete
7463,49,3,2025-08-08 16:25:55,phone,complete
7464,1425,32,2025-08-09 11:26:15,store,cancelled
7465,509,29,2025-08-01 12:58:29,mobile,complete
7466,929,13,2025-08-09 08:37:04,mobile,complete
7467,956,3,2025-02-19 11:05:01,web,cancelled
7468,47,37,2025-08-16 20:44:27,web,cancelled
7469,967,15,2025-10-09 19:24:43,store,complete
7470,591,34,2025-10-29 21:14:46,mobile,returned
7471,1181,39,2025-03-02 19:10:38,store,returned
7472,499,2,2025-05-30 16:52:15,mobile,complete
7473,1277,15,2025-07-11 17:18:39,web,returned
7474,1472,6,2025-02-03 20:45:15,web,complete
7475,1023,20,2025-07-10 12:25:11,web,complete
7476,442,31,2025-06-29 05:11:45,web,complete
7477,1077,23,2025-08-20 16:39:30,web,cancelled
7478,732,23,2025-03-06 14:06:47,store,returned
7479,756,8,2025-01-27 00:21:26,mobile,complete
7480,719,34,2025-06-30 04:49:23,phone,complete
7481,781,2,2025-03-18 09:06:21,mobile,cancelled
7482,1211,15,2025-07-13 05:40:45,store,returned
7483,819,2,2025-04-10 01:35:17,phone,complete
7484,674,36,2025-12-18 01:37:53,store,complete
7485,687,16,2025-11-16 03:09:55,mobile,cancelled
7486,1144,14,2025-12-17 10:43:24,phone,returned
7487,1330,15,2025-08-01 21:10:10,store,complete
7488,1262,37,2025-09-13 14:55:20,web,complete
7489,295,33,2025-02-10 07:38:32,store,complete
7490,1203,17,2025-05-18 10:43:16,mobile,complete
7491,67,31,2025-12-15 01:37:40,phone,returned
7492,581,30,2025-08-07 11:43:28,phone,complete
7493,1281,9,2025-08-23 07:27:07,store,complete
7494,616,10,2025-08-28 20:33:00,phone,complete
7495,982,18,2025-02-12 08:32:52,web,complete
7496,214,7,2025-10-04 07:08:29,web,complete
7497,1182,12,2025-02-17 08:11:05,store,returned
7498,356,12,2025-10-14 01:02:01,phone,complete
7499,1448,36,2025-12-09 11:17:37,store,complete
7500,61,3,2025-01-09 15:57:43,web,complete
7501,314,2,2025-09-10 02:35:31,mobile,complete
7502,347,5,2025-04-28 11:52:15,store,returned
7503,1028,37,2025-08-12 00:54:20,phone,returned
7504,417,40,2025-02-05 02:46:11,phone,complete
7505,1274,18,2025-12-04 10:33:32,phone,complete
7506,1232,29,2025-05-13 21:46:24,store,complete
7507,103,36,2025-02-04 15:03:56,mobile,complete
7508,771,10,2025-05-26 03:37:09,phone,cancelled
7509,1207,24,2025-11-02 01:36:37,store,complete
7510,1235,12,2025-11-04 09:15:37,web,complete
7511,487,18,2025-11-24 09:33:53,store,complete
7512,726,21,2025-12-23 02:57:07,store,complete
7513,351,35,2025-02-20 07:39:07,store,complete
7514,496,28,2025-12-04 18:01:59,store,cancelled
7515,193,28,2025-05-25 20:01:01,phone,complete
7516,921,3,2025-11-22 19:09:15,mobile,complete
7517,444,14,2025-10-02 13:42:29,mobile,complete
7518,793,4,2025-11-13 16:14:49,web,returned
7519,180,4,2025-07-17 13:57:46,mobile,returned
7520,84,12,2025-08-16 23:44:35,store,complete
7521,862,5,2025-01-21 17:59:31,mobile,complete
7522,34,28,2025-01-11 01:20:47,web,complete
7523,127,26,2025-03-29 20:00:22,web,returned
7524,651,17,2025-04-30 19:24:31,phone,cancelled
7525,730,36,2025-11-13 06:05:18,web,complete
7526,613,2,2025-12-13 23:43:43,mobile,cancelled
7527,1464,19,2025-08-16 23:16:59,mobile,complete
7528,512,38,2025-03-17 15:49:59,phone,cancelled
7529,1227,7,2025-10-11 00:58:12,mobile,complete
7530,276,15,2025-07-15 18:31:03,mobile,cancelled
7531,458,27,2025-04-17 10:51:46,mobile,complete
7532,681,8,2025-02-16 13:46:09,mobile,complete
7533,178,19,2025-11-09 16:57:41,mobile,complete
7534,1483,28,2025-11-23 10:14:56,store,cancelled
7535,549,31,2025-11-07 16:08:32,phone,complete
7536,246,39,2025-08-28 21:35:22,store,returned
7537,1198,14,2025-04-13 20:49:43,mobile,cancelled
7538,403,4,2025-10-01 12:57:34,phone,returned
7539,697,35,2025-04-20 05:27:52,mobile,cancelled
7540,747,19,2025-11-03 01:43:04,web,returned
7541,1196,30,2025-03-22 15:25:46,store,cancelled
7542,1406,32,2025-04-25 23:38:34,store,complete
7543,645,2,2025-06-13 03:29:57,web,complete
7544,657,40,2025-04-20 08:17:33,web,returned
7545,394,18,2025-12-15 11:34:02,phone,cancelled
7546,1357,1,2025-05-05 03:54:23,mobile,complete
7547,506,8,2025-12-17 20:57:11,web,returned
7548,1274,16,2025-02-12 05:32:32,web,cancelled
7549,957,23,2025-12-11 14:58:27,store,complete
7550,1150,34,2025-04-28 20:07:19,store,complete
7551,1351,27,2025-05-15 19:17:12,store,cancelled
7552,1018,19,2025-03-11 11:05:33,mobile,returned
7553,1237,26,2025-05-13 10:14:07,store,complete
7554,1174,35,2025-06-19 23:31:09,mobile,complete
7555,377,29,2025-04-03 20:43:21,phone,complete
7556,125,23,2025-07-30 17:20:47,store,complete
7557,192,18,2025-04-06 13:59:22,web,complete
7558,349,22,2025-10-08 00:11:25,phone,complete
7559,303,4,2025-01-16 16:06:24,store,cancelled
7560,1422,1,2025-12-14 20:04:55,web,complete
7561,662,9,2025-05-15 16:40:19,web,complete
7562,123,10,2025-11-07 03:45:49,store,cancelled
7563,1031,38,2025-07-26 17:58:42,mobile,cancelled
7564,694,40,2025-07-08 13:14:46,mobile,cancelled
7565,11,22,2025-11-25 07:26:16,phone,returned
7566,1479,24,2025-09-06 23:52:07,phone,returned
7567,864,21,2025-01-28 11:02:38,store,complete
7568,1485,23,2025-12-21 20:50:55,store,complete
7569,140,13,2025-03-10 06:16:02,web,complete
7570,280,33,2025-11-12 23:52:20,store,cancelled
7571,1165,13,2025-11-21 00:42:31,store,returned
7572,633,25,2025-01-31 10:07:52,mobile,complete
7573,782,31,2025-05-30 03:47:22,store,complete
7574,336,12,2025-09-08 18:29:57,store,returned
7575,502,40,2025-11-05 14:58:41,store,returned
7576,841,12,2025-03-08 16:29:51,store,complete
7577,782,2,2025-05-29 01:18:02,phone,complete
7578,981,31,2025-06-20 20:07:31,mobile,cancelled
7579,1370,7,2025-06-09 17:06:04,phone,cancelled
7580,606,21,2025-05-09 20:30:37,web,complete
7581,1182,20,2025-01-03 13:51:56,phone,complete
7582,935,7,2025-01-23 15:20:07,mobile,returned
7583,181,26,2025-05-27 03:08:45,mobile,complete
7584,1261,20,2025-09-13 11:55:00,store,complete
7585,847,7,2025-09-28 11:36:48,mobile,returned
7586,1055,32,2025-11-06 17:36:37,phone,returned
7587,496,12,2025-06-02 14:44:17,phone,cancelled
7588,1347,34,2025-03-11 13:33:59,phone,complete
7589,556,13,2025-09-09 14:34:54,mobile,returned
7590,5,7,2025-10-03 10:20:10,web,returned
7591,431,28,2025-08-28 19:36:33,phone,cancelled
7592,1229,4,2025-10-21 05:38:57,mobile,complete
7593,1169,23,2025-02-15 23:45:16,mobile,complete
7594,502,35,2025-08-20 06:54:56,phone,cancelled
7595,24,16,2025-05-08 02:51:27,store,complete
7596,494,22,2025-05-02 16:00:49,store,returned
7597,474,11,2025-11-12 07:08:21,phone,complete
7598,1385,38,2025-06-13 20:56:18,phone,complete
7599,324,20,2025-03-30 09:47:19,mobile,returned
7600,800,32,2025-08-21 03:37:55,web,complete
7601,261,2,2025-09-23 18:16:36,mobile,complete
7602,1363,27,2025-08-02 07:31:37,mobile,complete
7603,1045,20,2025-07-14 05:39:18,mobile,cancelled
7604,948,30,2025-08-15 08:05:25,phone,complete
7605,699,26,2025-11-13 08:32:33,mobile,returned
7606,75,38,2025-06-29 08:54:16,web,complete
7607,296,2,2025-09-19 23:17:32,store,complete
7608,308,38,2025-03-02 23:17:34,mobile,returned
7609,522,38,2025-08-01 12:03:11,mobile,complete
7610,1332,35,2025-05-13 05:46:37,web,complete
7611,240,37,2025-03-24 14:30:46,mobile,complete
7612,1448,23,2025-06-26 00:09:44,phone,complete
7613,557,4,2025-05-11 01:38:20,web,complete
7614,226,6,2025-09-05 21:48:01,phone,returned
7615,1259,8,2025-04-15 20:21:19,store,cancelled
7616,277,36,2025-11-20 02:44:30,store,returned
7617,1390,35,2025-03-06 12:19:37,phone,complete
7618,785,12,2025-12-12 11:32:36,store,complete
7619,137,38,2025-11-12 12:07:15,store,complete
7620,1435,21,2025-03-31 01:29:19,web,cancelled
7621,1341,26,2025-05-01 11:00:37,store,cancelled
7622,723,8,2025-02-03 19:45:15,phone,complete
7623,513,24,2025-02-24 05:10:48,store,returned
7624,1421,16,2025-09-16 12:01:58,mobile,cancelled
7625,721,33,2025-09-24 14:30:58,phone,complete
7626,489,35,2025-05-05 14:05:20,store,returned
7627,1156,21,2025-03-18 23:23:01,web,returned
7628,1295,12,2025-07-24 00:44:51,phone,returned
7629,721,22,2025-04-15 20:31:11,mobile,returned
7630,163,5,2025-02-07 21:55:23,phone,cancelled
7631,848,40,2025-01-14 21:33:21,phone,returned
7632,484,19,2025-05-29 09:06:16,mobile,complete
7633,790,29,2025-03-17 02:53:50,web,complete
7634,138,5,2025-11-20 03:44:55,phone,cancelled
7635,159,36,2025-01-18 00:41:13,store,complete
7636,278,27,2025-04-01 14:18:33,phone,returned
7637,1174,34,2025-10-17 15:05:01,store,returned
7638,992,25,2025-11-03 18:38:00,store,cancelled
7639,532,19,2025-11-18 01:15:57,mobile,returned
7640,1209,1,2025-07-26 06:26:30,store,complete
7641,610,14,2025-08-21 22:49:08,phone,complete
7642,1315,38,2025-07-14 23:17:35,store,complete
7643,427,36,2025-08-04 07:02:34,mobile,complete
7644,1259,23,2025-08-13 05:39:01,web,cancelled
7645,1236,26,2025-12-13 23:26:17,phone,returned
7646,49,24,2025-09-15 09:59:43,phone,complete
7647,482,32,2025-01-15 07:51:46,web,complete
7648,735,8,2025-09-30 21:43:06,mobile,complete
7649,1332,17,2025-05-14 01:19:16,store,complete
7650,1131,15,2025-10-16 17:07:56,phone,complete
7651,1142,23,2025-09-07 09:40:03,web,returned
7652,1150,33,2025-09-17 19:37:44,store,complete
7653,975,23,2025-05-31 05:14:19,mobile,returned
7654,1437,29,2025-02-11 09:19:51,web,complete
7655,1088,19,2025-10-12 06:23:37,store,complete
7656,1021,26,2025-06-17 11:34:11,store,returned
7657,296,23,2025-08-06 22:23:53,phone,complete
7658,261,8,2025-09-28 09:44:04,web,returned
7659,546,10,2025-02-22 12:42:42,web,complete
7660,1003,28,2025-08-08 19:49:03,store,complete
7661,1124,7,2025-02-03 00:43:46,store,complete
7662,656,39,2025-11-20 06:25:10,mobile,returned
7663,1179,27,2025-10-14 13:06:24,store,complete
7664,1017,7,2025-12-10 07:32:24,web,complete
7665,1231,29,2025-06-07 14:37:35,store,complete
7666,379,12,2025-06-02 00:04:56,store,complete
7667,1171,26,2025-04-15 02:00:08,store,returned
7668,557,7,2025-01-16 23:07:38,web,cancelled
7669,944,16,2025-04-30 22:35:09,store,returned
7670,263,27,2025-10-06 02:14:54,web,cancelled
7671,1097,37,2025-08-05 04:07:14,phone,complete
7672,1233,2,2025-05-22 02:57:59,mobile,complete
7673,437,2,2025-06-18 18:31:18,phone,complete
7674,936,32,2025-12-21 17:45:32,phone,cancelled
7675,1389,35,2025-11-12 18:32:46,web,complete
7676,1483,25,2025-01-09 16:57:24,web,returned
7677,1168,2,2025-03-19 02:44:30,web,complete
7678,186,14,2025-08-25 02:51:49,mobile,cancelled
7679,1213,19,2025-03-31 22:45:38,phone,complete
7680,1079,18,2025-01-25 10:02:17,mobile,complete
7681,1353,34,2025-01-04 10:55:10,store,returned
7682,612,1,2025-01-09 18:34:58,store,complete
7683,1494,13,2025-09-09 01:22:29,mobile,complete
7684,1053,30,2025-04-30 03:24:41,mobile,complete
7685,1282,27,2025-03-30 11:11:37,mobile,complete
7686,1112,16,2025-10-09 06:55:57,web,cancelled
7687,822,8,2025-05-08 05:40:28,store,complete
7688,330,30,2025-04-15 16:04:38,phone,complete
7689,194,10,2025-06-08 00:33:14,web,complete
7690,1027,32,2025-05-11 00:57:17,phone,cancelled
7691,1055,37,2025-10-22 00:57:34,phone,complete
7692,294,2,2025-12-20 06:02:09,mobile,cancelled
7693,81,32,2025-02-01 08:11:30,web,complete
7694,523,24,2025-11-05 08:02:45,web,cancelled
7695,1269,12,2025-01-30 20:31:50,store,complete
7696,1026,27,2025-10-08 00:11:49,phone,complete
7697,578,35,2025-11-01 14:30:12,phone,cancelled
7698,657,20,2025-10-13 06:48:30,mobile,returned
7699,1464,6,2025-06-10 04:53:04,store,complete
7700,1284,32,2025-11-29 08:15:38,phone,complete
7701,1106,32,2025-07-19 12:53:46,phone,complete
7702,934,1,2025-08-18 08:11:34,web,cancelled
7703,1465,16,2025-03-19 17:46:30,store,returned
7704,486,38,2025-06-21 02:34:03,web,returned
7705,502,11,2025-05-18 11:10:39,store,returned
7706,1462,23,2025-06-01 00:07:10,web,complete
7707,33,39,2025-03-06 04:13:19,web,complete
7708,1104,2,2025-02-08 11:21:19,phone,complete
7709,451,11,2025-12-31 00:07:57,store,complete
7710,1103,32,2025-03-07 18:35:06,mobile,returned
7711,1130,24,2025-10-23 19:26:21,phone,complete
7712,468,32,2025-07-02 00:09:41,phone,cancelled
7713,1260,9,2025-06-06 07:21:10,phone,complete
7714,10,35,2025-05-08 07:55:56,store,cancelled
7715,1336,9,2025-12-20 06:28:58,phone,complete
7716,1422,7,2025-10-31 10:20:47,mobile,complete
7717,935,32,2025-09-27 13:30:02,web,complete
7718,1256,34,2025-05-02 06:17:40,phone,cancelled
7719,957,11,2025-09-07 11:10:32,store,cancelled
7720,472,35,2025-11-20 04:48:10,phone,complete
7721,660,24,2025-06-18 06:35:18,mobile,returned
7722,341,23,2025-11-01 19:44:38,store,cancelled
7723,1418,21,2025-07-10 08:24:00,mobile,returned
7724,722,36,2025-02-08 21:39:41,store,complete
7725,1199,27,2025-04-25 14:27:13,store,complete
7726,1457,7,2025-01-20 12:59:18,phone,complete
7727,537,16,2025-05-06 05:44:00,mobile,returned
7728,188,20,2025-10-13 10:51:36,web,cancelled
7729,1458,11,2025-10-29 02:23:50,web,complete
7730,853,34,2025-12-17 23:48:12,phone,returned
7731,181,36,2025-06-02 20:58:17,phone,complete
7732,1351,8,2025-06-01 14:20:14,mobile,complete
7733,253,22,2025-03-02 06:14:47,store,complete
7734,143,10,2025-08-04 04:03:02,mobile,complete
7735,576,10,2025-04-21 11:41:03,mobile,complete
7736,706,14,2025-03-28 11:12:01,phone,returned
7737,654,28,2025-07-30 05:24:14,store,cancelled
7738,77,29,2025-11-18 16:48:25,phone,complete
7739,62,14,2025-01-23 18:40:36,phone,complete
7740,1206,7,2025-06-06 23:02:22,phone,complete
7741,1046,34,2025-06-19 02:42:51,store,complete
7742,1298,12,2025-09-28 07:29:02,web,complete
7743,1368,32,2025-02-12 01:36:56,store,returned
7744,880,24,2025-05-10 17:57:27,store,complete
7745,986,9,2025-06-22 00:05:22,phone,complete
7746,582,16,2025-12-17 01:03:59,web,complete
7747,205,37,2025-11-07 06:16:25,web,complete
7748,1496,39,2025-04-09 17:21:44,phone,complete
7749,759,26,2025-01-14 11:57:33,store,cancelled
7750,59,14,2025-01-24 20:31:18,store,complete
7751,841,4,2025-12-27 04:32:59,mobile,complete
7752,664,32,2025-06-21 23:21:30,web,returned
7753,34,7,2025-02-28 23:03:07,store,complete
7754,210,17,2025-08-17 04:45:35,mobile,complete
7755,75,34,2025-07-31 15:18:47,phone,complete
7756,1378,18,2025-12-17 11:49:06,store,complete
7757,220,39,2025-10-14 00:43:08,mobile,returned
7758,584,37,2025-05-18 06:43:31,phone,returned
7759,354,40,2025-06-29 15:14:55,phone,complete
7760,1256,29,2025-09-22 17:29:47,store,complete
7761,431,35,2025-08-30 18:32:57,mobile,complete
7762,678,31,2025-08-16 22:42:55,mobile,complete
7763,468,32,2025-06-14 06:20:17,web,complete
7764,1058,31,2025-01-13 20:51:47,store,complete
7765,258,5,2025-02-21 10:22:27,store,cancelled
7766,482,10,2025-11-06 01:09:12,store,complete
7767,350,7,2025-01-07 08:19:11,web,complete
7768,580,22,2025-08-16 00:34:41,mobile,complete
7769,886,31,2025-07-12 05:05:48,phone,complete
7770,323,4,2025-03-30 21:26:23,mobile,complete
7771,407,36,2025-05-28 02:39:07,mobile,complete
7772,789,24,2025-01-18 13:20:45,web,complete
7773,280,13,2025-04-26 16:15:09,mobile,returned
7774,1120,35,2025-12-19 06:45:29,mobile,complete
7775,454,23,2025-07-30 06:37:33,phone,complete
7776,488,20,2025-01-16 09:23:18,phone,complete
7777,139,26,2025-08-28 14:52:11,phone,returned
7778,1355,2,2025-09-11 17:09:45,phone,complete
7779,596,16,2025-10-03 08:39:12,phone,cancelled
7780,193,18,2025-04-05 07:27:25,web,complete
7781,1094,18,2025-08-12 15:23:40,phone,complete
7782,851,3,2025-01-22 07:49:28,store,cancelled
7783,72,24,2025-01-29 09:26:51,phone,complete
7784,960,4,2025-11-29 01:44:20,mobile,cancelled
7785,1386,2,2025-10-04 01:04:03,store,complete
7786,89,10,2025-05-12 17:25:36,mobile,cancelled
7787,36,34,2025-02-23 04:45:45,web,complete
7788,675,36,2025-08-22 22:04:06,mobile,complete
7789,54,10,2025-09-05 06:04:34,phone,cancelled
7790,529,27,2025-12-30 04:47:57,mobile,complete
7791,358,29,2025-07-04 13:55:30,mobile,returned
7792,1311,24,2025-03-12 08:04:04,web,returned
7793,465,3,2025-10-24 17:19:26,web,complete
7794,910,12,2025-08-29 18:42:31,phone,returned
7795,1154,19,2025-08-30 16:28:53,phone,complete
7796,1070,35,2025-08-29 00:02:24,mobile,returned
7797,463,7,2025-06-24 00:02:30,phone,complete
7798,1361,3,2025-01-03 11:47:33,phone,returned
7799,28,36,2025-07-01 22:54:49,store,returned
7800,548,38,2025-01-06 16:49:48,web,returned
7801,1467,9,2025-09-04 02:10:05,phone,complete
7802,288,31,2025-08-25 17:05:09,phone,complete
7803,894,12,2025-08-30 05:56:03,phone,complete
7804,338,5,2025-05-07 12:06:15,store,complete
7805,177,31,2025-11-09 19:51:22,phone,cancelled
7806,1277,20,2025-06-11 00:22:20,phone,complete
7807,202,9,2025-08-21 22:52:21,phone,complete
7808,1467,29,2025-06-06 16:22:09,store,complete
7809,450,40,2025-09-06 13:50:38,phone,cancelled
7810,134,35,2025-08-23 15:37:09,store,complete
7811,1305,22,2025-08-14 21:22:26,store,returned
7812,1354,9,2025-08-24 17:24:52,phone,complete
7813,240,1,2025-06-08 11:37:18,web,complete
7814,819,26,2025-04-17 11:30:34,store,returned
7815,774,13,2025-08-24 09:24:49,phone,cancelled
7816,1030,31,2025-06-11 03:01:54,phone,cancelled
7817,234,18,2025-10-29 00:54:09,store,complete
7818,1061,4,2025-10-29 01:45:22,web,cancelled
7819,890,26,2025-09-07 17:46:51,phone,cancelled
7820,1080,20,2025-12-06 08:20:11,phone,cancelled
7821,718,22,2025-08-11 18:10:35,store,complete
7822,610,31,2025-05-14 05:17:07,store,cancelled
7823,404,11,2025-03-10 16:41:43,mobile,returned
7824,1021,29,2025-01-11 00:26:03,store,cancelled
7825,1105,10,2025-07-15 04:05:30,web,complete
7826,1421,23,2025-04-18 04:13:29,mobile,complete
7827,1131,26,2025-04-09 02:39:27,store,complete
7828,264,14,2025-08-10 08:45:56,web,cancelled
7829,45,34,2025-05-05 12:45:22,phone,complete
7830,993,19,2025-12-08 12:41:39,mobile,complete
7831,1098,32,2025-07-25 11:08:42,web,complete
7832,1031,27,2025-10-25 11:42:45,phone,cancelled
7833,779,38,2025-07-09 14:38:55,mobile,complete
7834,765,16,2025-06-30 07:17:26,store,complete
7835,840,19,2025-03-05 08:32:49,phone,returned
7836,751,35,2025-03-06 03:19:38,web,returned
7837,439,25,2025-04-20 20:26:36,phone,returned
7838,782,13,2025-04-18 05:04:00,mobile,complete
7839,1091,20,2025-05-12 08:00:45,store,returned
7840,1487,29,2025-05-02 05:41:59,mobile,complete
7841,246,12,2025-10-19 13:14:05,web,complete
7842,418,22,2025-01-07 02:23:00,web,cancelled
7843,1104,27,2025-12-29 11:47:27,mobile,complete
7844,734,30,2025-07-06 17:32:39,store,returned
7845,512,13,2025-03-02 14:11:58,web,complete
7846,898,34,2025-06-23 07:03:27,mobile,complete
7847,448,16,2025-03-11 12:15:33,mobile,complete
7848,1180,36,2025-12-02 03:58:20,web,complete
7849,143,40,2025-12-06 01:21:40,phone,complete
7850,537,30,2025-01-31 03:05:04,web,complete
7851,1386,21,2025-11-12 07:57:54,phone,complete
7852,1176,29,2025-02-20 14:51:16,mobile,complete
7853,1445,20,2025-05-20 11:45:57,mobile,cancelled
7854,97,13,2025-06-13 18:00:11,store,cancelled
7855,1284,34,2025-10-09 03:45:25,web,cancelled
7856,679,16,2025-03-26 17:13:47,phone,complete
7857,796,33,2025-01-30 16:02:01,store,cancelled
7858,148,17,2025-10-04 00:12:27,store,complete
7859,1491,23,2025-10-17 03:05:04,mobile,cancelled
7860,615,11,2025-06-22 09:35:16,phone,complete
7861,1379,22,2025-03-20 19:29:45,web,returned
7862,715,4,2025-10-23 13:15:23,mobile,complete
7863,227,8,2025-12-19 19:56:17,store,cancelled
7864,727,30,2025-09-19 14:28:37,phone,complete
7865,309,28,2025-07-19 14:15:43,mobile,cancelled
7866,584,40,2025-09-06 02:05:43,mobile,returned
7867,480,12,2025-11-18 19:00:55,mobile,cancelled
7868,32,32,2025-09-25 14:36:14,mobile,returned
7869,228,7,2025-04-01 06:21:05,phone,complete
7870,211,27,2025-03-01 07:14:45,store,complete
7871,650,1,2025-08-25 02:52:59,mobile,cancelled
7872,1203,16,2025-06-08 11:14:14,phone,cancelled
7873,863,24,2025-11-26 21:09:01,store,returned
7874,471,1,2025-08-17 23:07:54,mobile,complete
7875,477,35,2025-12-03 03:47:06,web,cancelled
7876,1207,7,2025-07-25 07:22:30,mobile,complete
7877,1040,38,2025-10-12 13:23:39,web,returned
7878,69,7,2025-07-02 07:07:09,mobile,returned
7879,295,39,2025-11-16 16:43:24,web,cancelled
7880,759,32,2025-09-10 00:42:33,mobile,complete
7881,550,3,2025-06-28 21:04:22,mobile,complete
7882,656,29,2025-11-05 19:14:05,web,complete
7883,1,23,2025-01-27 02:49:59,store,complete
7884,345,14,2025-02-10 04:45:59,mobile,returned
7885,1233,9,2025-08-08 02:44:13,phone,cancelled
7886,993,19,2025-10-11 03:41:19,web,complete
7887,537,19,2025-12-10 15:07:27,web,cancelled
7888,1402,31,2025-03-01 09:57:19,web,complete
7889,664,15,2025-05-24 19:30:58,web,returned
7890,31,3,2025-10-22 03:25:09,web,complete
7891,881,33,2025-09-29 19:36:49,web,cancelled
7892,510,27,2025-10-19 21:46:57,store,complete
7893,1367,6,2025-04-06 12:01:07,web,returned
7894,751,17,2025-06-07 02:15:02,phone,cancelled
7895,417,24,2025-10-10 21:14:07,web,cancelled
7896,813,16,2025-03-21 07:52:17,web,cancelled
7897,1183,19,2025-08-01 00:32:43,mobile,cancelled
7898,678,4,2025-08-28 04:03:38,phone,returned
7899,310,19,2025-06-11 16:01:04,web,complete
7900,841,3,2025-12-20 02:37:42,web,complete
7901,1199,20,2025-06-12 11:44:47,phone,complete
7902,647,31,2025-09-27 16:35:42,web,complete
7903,1406,20,2025-08-16 16:33:17,mobile,complete
7904,12,39,2025-08-11 02:50:55,web,complete
7905,510,13,2025-01-26 17:26:22,web,complete
7906,1080,32,2025-08-05 10:27:10,store,complete
7907,677,14,2025-11-17 12:05:13,phone,cancelled
7908,1312,39,2025-10-04 19:19:39,mobile,complete
7909,909,6,2025-07-24 15:00:53,web,complete
7910,1393,9,2025-08-18 08:56:28,mobile,complete
7911,1363,7,2025-07-01 23:23:35,web,complete
7912,1334,27,2025-10-31 16:58:16,web,returned
7913,144,10,2025-12-28 10:01:16,web,complete
7914,301,13,2025-03-02 11:41:56,phone,returned
7915,285,29,2025-12-28 13:04:11,web,complete
7916,586,10,2025-03-08 13:54:30,mobile,complete
7917,422,33,2025-04-16 09:42:32,phone,complete
7918,1377,39,2025-09-30 01:24:19,store,complete
7919,178,20,2025-05-16 07:59:34,phone,complete
7920,1463,26,2025-08-21 01:30:22,store,returned
7921,64,36,2025-07-04 09:47:52,phone,complete
7922,1054,2,2025-05-26 06:03:11,mobile,complete
7923,1046,34,2025-07-13 05:59:47,web,returned
7924,586,36,2025-01-17 06:34:48,phone,complete
7925,895,11,2025-08-29 23:36:10,web,returned
7926,465,11,2025-03-19 18:46:31,web,cancelled
7927,372,1,2025-05-14 05:55:14,mobile,returned
7928,952,10,2025-03-30 12:17:24,store,complete
7929,601,21,2025-05-17 20:24:34,store,cancelled
7930,91,8,2025-02-11 06:52:06,mobile,complete
7931,108,30,2025-04-17 06:08:56,web,returned
7932,1193,31,2025-03-15 17:30:40,mobile,cancelled
7933,968,19,2025-09-19 23:07:52,store,complete
7934,1330,40,2025-05-04 12:11:22,phone,returned
7935,403,29,2025-11-30 06:07:11,phone,complete
7936,407,30,2025-06-14 16:55:30,store,complete
7937,944,28,2025-11-04 13:53:08,web,cancelled
7938,561,22,2025-01-09 22:29:44,web,returned
7939,502,27,2025-03-27 17:09:18,phone,returned
7940,569,25,2025-10-22 14:29:32,web,complete
7941,194,39,2025-07-27 17:15:55,store,cancelled
7942,541,37,2025-03-05 00:22:29,store,complete
7943,945,29,2025-12-27 05:18:23,store,returned
7944,396,23,2025-05-07 08:24:40,mobile,returned
7945,491,17,2025-05-04 05:24:06,store,complete
7946,391,18,2025-11-29 14:59:03,mobile,returned
7947,223,9,2025-06-26 12:29:50,phone,complete
7948,421,27,2025-11-07 11:13:34,phone,complete
7949,1136,39,2025-05-07 22:20:35,phone,complete
7950,503,22,2025-06-13 14:00:06,mobile,returned
7951,1292,34,2025-10-06 16:45:42,store,returned
7952,544,33,2025-02-02 10:58:30,mobile,complete
7953,85,13,2025-07-21 14:29:00,web,complete
7954,1398,24,2025-08-01 04:09:49,mobile,complete
7955,970,28,2025-01-09 18:13:10,mobile,complete
7956,679,19,2025-06-08 15:40:16,web,complete
7957,554,27,2025-08-07 23:17:59,store,complete
7958,1241,7,2025-10-08 17:09:05,phone,complete
7959,126,9,2025-04-23 19:27:06,phone,complete
7960,1097,17,2025-12-11 09:03:14,web,returned
7961,574,5,2025-12-07 13:34:23,web,complete
7962,1406,36,2025-08-21 21:49:12,phone,complete
7963,1370,38,2025-07-01 10:45:33,phone,complete
7964,512,38,2025-09-24 15:35:34,store,complete
7965,1473,11,2025-12-02 19:02:12,phone,returned
7966,12,38,2025-02-02 11:54:10,store,complete
7967,561,7,2025-11-04 20:23:57,store,complete
7968,1009,20,2025-03-11 15:26:36,store,complete
7969,884,2,2025-10-21 22:51:45,mobile,complete
7970,528,29,2025-10-01 01:19:57,mobile,cancelled
7971,89,22,2025-06-25 22:35:18,mobile,returned
7972,86,14,2025-10-15 20:41:22,phone,complete
7973,926,14,2025-08-19 05:44:01,phone,complete
7974,1161,39,2025-10-08 12:08:55,web,cancelled
7975,523,37,2025-05-27 12:45:25,store,returned
7976,965,6,2025-08-25 12:59:15,store,complete
7977,833,2,2025-02-09 16:17:06,phone,returned
7978,894,25,2025-12-04 23:20:23,mobile,returned
7979,1222,30,2025-07-20 22:29:47,store,complete
7980,623,33,2025-06-18 13:10:52,web,cancelled
7981,1122,26,2025-08-31 07:40:25,store,complete
7982,221,6,2025-07-17 16:10:03,web,returned
7983,964,35,2025-02-04 16:34:08,phone,complete
7984,997,37,2025-05-16 15:53:50,phone,cancelled
7985,788,17,2025-06-15 08:17:50,store,cancelled
7986,1299,5,2025-01-31 14:35:18,web,cancelled
7987,268,13,2025-12-07 15:22:47,store,complete
7988,1497,35,2025-12-07 07:15:41,mobile,cancelled
7989,271,31,2025-08-27 01:17:14,mobile,cancelled
7990,1376,14,2025-03-02 16:27:55,store,complete
7991,771,21,2025-11-23 12:30:28,phone,complete
7992,539,26,2025-10-22 04:48:27,phone,cancelled
7993,651,31,2025-07-12 09:28:43,web,cancelled
7994,718,30,2025-03-22 11:59:55,mobile,complete
7995,396,35,2025-12-23 15:55:07,web,complete
7996,1011,11,2025-04-23 05:10:21,phone,complete
7997,698,9,2025-03-29 04:40:53,web,complete
7998,880,25,2025-05-29 18:58:36,web,complete
7999,1361,20,2025-02-22 10:56:06,store,complete
8000,426,33,2025-07-27 09:04:21,phone,returned
8001,1090,9,2025-05-23 03:39:07,store,complete
8002,656,25,2025-12-22 07:48:22,mobile,complete
8003,882,37,2025-12-01 02:50:34,store,complete
8004,1171,30,2025-03-29 01:19:11,store,complete
8005,1246,37,2025-07-31 03:20:31,phone,cancelled
8006,178,3,2025-10-27 07:22:26,store,complete
8007,1167,15,2025-09-13 07:15:12,mobile,complete
8008,749,23,2025-09-13 14:56:45,phone,complete
8009,20,16,2025-05-11 13:52:00,phone,returned
8010,541,19,2025-07-07 15:57:02,phone,returned
8011,1160,9,2025-06-01 22:37:08,phone,cancelled
8012,313,37,2025-01-16 11:12:46,phone,complete
8013,929,1,2025-02-07 02:23:01,phone,complete
8014,1025,21,2025-02-26 19:15:08,store,cancelled
8015,814,3,2025-10-26 08:00:14,web,complete
8016,952,17,2025-11-09 16:40:08,web,returned
8017,252,6,2025-03-26 09:57:32,store,complete
8018,573,22,2025-08-14 23:57:23,web,returned
8019,642,11,2025-05-20 03:54:57,web,complete
8020,559,18,2025-02-10 16:55:06,web,complete
8021,706,30,2025-11-09 04:50:42,store,complete
8022,29,2,2025-08-17 03:52:59,store,returned
8023,835,27,2025-10-10 01:24:28,store,complete
8024,808,20,2025-11-06 18:17:12,mobile,cancelled
8025,934,40,2025-05-22 09:56:45,web,cancelled
8026,1363,20,2025-01-20 06:09:02,store,complete
8027,892,20,2025-04-25 04:49:37,web,cancelled
8028,646,6,2025-06-28 19:09:02,web,complete
8029,1120,27,2025-10-29 01:19:47,mobile,returned
8030,778,20,2025-09-19 17:51:53,mobile,cancelled
8031,1011,27,2025-11-10 09:13:25,mobile,complete
8032,1472,12,2025-10-26 01:28:31,web,complete
8033,947,10,2025-04-23 18:52:33,web,complete
8034,975,2,2025-09-22 21:39:11,web,complete
8035,511,17,2025-12-31 16:00:51,phone,complete
8036,1169,22,2025-05-19 16:40:59,phone,complete
8037,695,5,2025-11-23 11:25:10,phone,returned
8038,563,24,2025-04-27 02:20:11,web,complete
8039,20,32,2025-10-23 06:09:13,web,returned
8040,817,34,2025-01-11 17:55:00,phone,cancelled
8041,235,23,2025-05-22 03:34:20,mobile,cancelled
8042,848,11,2025-11-09 18:22:51,mobile,complete
8043,870,13,2025-07-18 12:00:09,mobile,complete
8044,1194,9,2025-06-07 18:31:09,phone,returned
8045,312,12,2025-04-29 10:45:26,web,cancelled
8046,559,4,2025-06-24 16:25:42,store,complete
8047,1123,13,2025-05-24 06:50:07,web,complete
8048,521,35,2025-05-16 18:13:51,store,complete
8049,759,11,2025-01-02 10:41:03,phone,complete
8050,900,6,2025-08-18 03:04:30,web,cancelled
8051,188,9,2025-02-28 17:42:02,web,complete
8052,989,40,2025-12-26 01:51:54,phone,complete
8053,153,8,2025-03-13 17:29:04,mobile,returned
8054,488,34,2025-02-14 16:54:41,mobile,complete
8055,936,34,2025-08-23 08:11:29,web,complete
8056,1225,24,2025-10-27 06:21:18,mobile,complete
8057,421,34,2025-04-04 16:29:20,mobile,complete
8058,1123,2,2025-04-06 00:23:08,phone,complete
8059,28,26,2025-06-10 17:56:11,mobile,complete
8060,731,16,2025-02-18 05:33:58,store,cancelled
8061,114,16,2025-11-05 08:56:04,mobile,complete
8062,111,2,2025-07-23 00:32:23,store,cancelled
8063,1407,9,2025-05-18 19:11:42,store,complete
8064,962,1,2025-08-01 06:21:20,web,complete
8065,984,32,2025-06-18 04:52:13,store,cancelled
8066,743,2,2025-05-19 17:23:59,phone,returned
8067,12,24,2025-08-24 08:07:02,phone,returned
8068,703,21,2025-04-09 03:56:43,phone,cancelled
8069,504,35,2025-10-01 22:43:33,web,complete
8070,1448,27,2025-08-05 20:24:45,mobile,complete
8071,704,18,2025-02-19 23:13:52,web,complete
8072,848,24,2025-04-13 13:36:20,mobile,returned
8073,758,15,2025-04-12 02:47:13,store,complete
8074,933,31,2025-03-01 16:28:40,phone,complete
8075,517,15,2025-02-05 12:03:15,phone,cancelled
8076,812,20,2025-02-23 11:23:18,mobile,complete
8077,26,31,2025-11-15 07:38:16,mobile,complete
8078,694,23,2025-12-02 21:35:42,web,cancelled
8079,705,28,2025-01-24 22:08:20,phone,complete
8080,286,22,2025-10-17 22:14:30,web,complete
8081,318,22,2025-02-09 03:29:36,mobile,complete
8082,549,6,2025-07-14 02:56:25,web,complete
8083,1048,29,2025-05-12 09:26:45,mobile,complete
8084,182,18,2025-01-28 09:18:29,phone,complete
8085,356,25,2025-02-04 05:59:23,store,complete
8086,643,16,2025-03-15 07:17:54,web,returned
8087,1442,8,2025-02-22 04:19:45,phone,complete
8088,973,22,2025-05-23 22:59:34,store,complete
8089,53,23,2025-08-14 22:51:16,store,returned
8090,181,38,2025-08-11 01:38:31,web,complete
8091,91,11,2025-12-06 06:01:25,phone,complete
8092,477,5,2025-01-20 19:07:55,mobile,complete
8093,418,6,2025-08-26 01:47:10,web,cancelled
8094,24,30,2025-09-25 10:18:29,web,complete
8095,846,28,2025-07-10 21:42:21,store,cancelled
8096,815,34,2025-09-22 05:31:58,store,complete
8097,632,18,2025-12-05 17:03:31,store,complete
8098,598,38,2025-04-02 15:36:57,mobile,complete
8099,539,27,2025-01-14 14:56:13,store,complete
8100,979,40,2025-06-03 13:15:31,mobile,complete
8101,179,38,2025-09-24 18:26:30,store,returned
8102,976,23,2025-05-31 01:33:04,phone,complete
8103,1481,39,2025-11-26 14:28:23,web,cancelled
8104,1365,29,2025-10-18 02:13:28,mobile,cancelled
8105,188,34,2025-04-22 19:36:18,phone,complete
8106,461,40,2025-10-24 00:25:16,store,returned
8107,1335,30,2025-09-09 17:12:29,store,complete
8108,214,29,2025-05-31 00:49:13,store,complete
8109,1153,18,2025-05-02 16:19:42,phone,complete
8110,1191,18,2025-03-21 18:42:51,phone,returned
8111,112,27,2025-07-07 19:54:25,mobile,complete
8112,1202,38,2025-08-07 08:11:32,mobile,complete
8113,1378,40,2025-03-10 06:01:39,mobile,complete
8114,450,1,2025-04-16 03:24:35,web,complete
8115,67,20,2025-01-16 17:24:05,store,returned
8116,736,15,2025-08-16 09:03:50,store,complete
8117,1376,16,2025-08-22 09:25:45,web,complete
8118,93,30,2025-06-09 06:19:35,web,returned
8119,114,7,2025-04-06 22:47:59,web,complete
8120,665,31,2025-06-10 19:43:46,mobile,cancelled
8121,358,37,2025-05-13 16:06:50,store,cancelled
8122,517,26,2025-10-04 08:17:58,web,cancelled
8123,142,29,2025-12-17 03:45:35,mobile,complete
8124,799,19,2025-03-01 19:03:31,mobile,complete
8125,785,23,2025-01-27 11:05:35,web,complete
8126,275,15,2025-07-26 06:55:18,web,complete
8127,1004,28,2025-11-08 20:37:32,mobile,cancelled
8128,508,16,2025-03-28 15:29:59,store,complete
8129,786,29,2025-06-20 04:39:50,mobile,complete
8130,1177,16,2025-02-07 19:57:17,phone,complete
8131,435,3,2025-07-03 14:52:40,store,complete
8132,1122,25,2025-09-28 16:22:32,mobile,complete
8133,92,25,2025-05-27 19:29:23,phone,complete
8134,35,6,2025-11-07 04:07:14,store,returned
8135,1431,34,2025-12-06 15:34:08,store,cancelled
8136,981,30,2025-11-21 17:57:54,mobile,cancelled
8137,1001,15,2025-11-23 02:41:21,web,returned
8138,905,13,2025-12-18 23:46:43,mobile,returned
8139,575,40,2025-12-30 12:14:21,web,complete
8140,519,17,2025-01-09 17:29:51,phone,complete
8141,1283,19,2025-03-21 19:31:57,web,returned
8142,1406,15,2025-06-20 21:04:46,store,returned
8143,10,8,2025-12-08 12:42:23,store,complete
8144,173,14,2025-08-31 15:18:11,phone,returned
8145,109,27,2025-06-12 05:51:33,web,complete
8146,883,24,2025-12-01 01:58:38,store,complete
8147,814,25,2025-08-31 08:45:25,web,returned
8148,481,33,2025-12-23 00:02:48,store,complete
8149,666,2,2025-12-12 12:37:18,mobile,cancelled
8150,298,29,2025-12-11 17:19:43,mobile,complete
8151,1407,22,2025-08-23 09:21:54,phone,complete
8152,661,13,2025-01-16 07:36:37,phone,complete
8153,267,20,2025-12-20 03:33:49,store,complete
8154,1478,5,2025-11-01 11:39:19,store,returned
8155,812,17,2025-04-20 00:11:09,phone,complete
8156,526,22,2025-05-19 21:00:33,web,complete
8157,972,20,2025-12-12 16:22:15,mobile,complete
8158,1306,34,2025-01-06 13:13:23,web,cancelled
8159,90,19,2025-10-27 17:08:06,store,complete
8160,1246,4,2025-09-18 09:53:13,mobile,complete
8161,1453,8,2025-03-02 06:39:23,mobile,cancelled
8162,809,7,2025-07-18 21:53:27,web,complete
8163,550,28,2025-05-03 22:36:32,store,complete
8164,1203,28,2025-10-31 15:08:27,mobile,complete
8165,1080,29,2025-12-27 23:24:52,store,complete
8166,1146,16,2025-12-20 17:50:40,store,complete
8167,1378,1,2025-02-06 12:56:31,phone,complete
8168,754,8,2025-07-21 20:53:49,store,complete
8169,1101,13,2025-05-04 10:44:54,mobile,returned
8170,186,35,2025-07-29 13:08:07,mobile,returned
8171,442,23,2025-04-23 17:33:36,store,complete
8172,474,5,2025-08-05 07:14:03,mobile,complete
8173,467,3,2025-01-18 21:38:22,mobile,complete
8174,252,4,2025-11-18 01:37:58,store,complete
8175,873,26,2025-01-24 07:45:01,mobile,returned
8176,1002,13,2025-07-06 03:30:25,mobile,complete
8177,487,32,2025-09-11 02:04:53,web,complete
8178,835,13,2025-10-09 10:15:47,phone,cancelled
8179,860,34,2025-02-14 20:55:17,mobile,complete
8180,1029,33,2025-06-10 13:17:41,store,complete
8181,536,29,2025-07-04 17:17:52,store,returned
8182,469,26,2025-12-12 03:25:54,phone,cancelled
8183,726,16,2025-06-18 04:40:44,mobile,complete
8184,1311,32,2025-02-02 10:59:15,web,returned
8185,365,22,2025-10-08 08:18:58,store,complete
8186,1007,16,2025-07-24 19:57:26,mobile,returned
8187,578,35,2025-01-18 08:50:35,mobile,returned
8188,1200,25,2025-04-28 07:26:30,phone,complete
8189,453,2,2025-07-29 15:27:53,web,complete
8190,668,31,2025-12-13 09:41:45,phone,complete
8191,272,27,2025-08-31 16:38:22,web,complete
8192,530,27,2025-09-19 14:01:12,mobile,returned
8193,516,30,2025-12-06 21:27:59,mobile,returned
8194,1195,35,2025-03-28 21:58:17,web,complete
8195,965,9,2025-08-01 04:40:20,store,cancelled
8196,671,17,2025-02-21 12:50:13,phone,complete
8197,805,37,2025-05-29 15:45:06,mobile,cancelled
8198,848,2,2025-11-03 11:49:09,phone,complete
8199,62,7,2025-06-29 02:04:16,phone,complete
8200,1292,27,2025-07-28 12:11:00,phone,complete
8201,1273,6,2025-12-04 10:29:31,store,returned
8202,1423,4,2025-10-26 11:28:48,phone,cancelled
8203,1182,1,2025-10-23 22:45:56,web,cancelled
8204,840,28,2025-05-12 01:27:21,web,cancelled
8205,285,12,2025-01-02 09:02:48,phone,complete
8206,1271,37,2025-09-03 07:26:54,web,returned
8207,317,10,2025-12-03 09:47:31,mobile,complete
8208,1048,19,2025-11-25 03:41:35,web,complete
8209,384,10,2025-08-11 16:05:59,phone,complete
8210,746,6,2025-06-16 13:19:01,web,cancelled
8211,615,30,2025-02-15 21:49:54,mobile,returned
8212,1241,1,2025-12-26 12:42:27,web,complete
8213,1180,5,2025-10-09 01:55:15,mobile,complete
8214,608,11,2025-09-06 20:40:13,phone,returned
8215,282,37,2025-10-09 12:13:16,phone,cancelled
8216,1492,34,2025-12-25 07:23:10,mobile,complete
8217,687,4,2025-05-19 20:03:08,mobile,cancelled
8218,132,36,2025-02-25 12:14:47,phone,returned
8219,1111,12,2025-04-13 03:59:26,store,returned
8220,1191,34,2025-06-28 12:58:08,store,cancelled
8221,192,13,2025-09-30 18:39:15,web,cancelled
8222,636,4,2025-08-01 15:26:54,web,returned
8223,774,34,2025-02-24 10:31:34,web,complete
8224,572,33,2025-07-22 22:18:15,web,complete
8225,47,11,2025-07-17 21:09:35,phone,cancelled
8226,507,29,2025-06-08 23:10:33,mobile,complete
8227,1011,8,2025-10-30 23:02:13,mobile,complete
8228,970,31,2025-08-28 17:21:13,phone,complete
8229,111,5,2025-06-29 14:10:16,store,complete
8230,1467,12,2025-07-10 05:41:29,store,complete
8231,951,37,2025-05-31 18:30:33,web,complete
8232,919,19,2025-09-25 13:47:52,store,returned
8233,1477,16,2025-04-19 00:59:49,phone,returned
8234,1436,2,2025-12-10 10:19:03,store,cancelled
8235,372,40,2025-09-12 17:29:13,store,cancelled
8236,323,28,2025-12-31 18:38:57,mobile,complete
8237,188,9,2025-03-25 10:48:13,store,complete
8238,950,24,2025-08-04 22:10:17,store,cancelled
8239,517,10,2025-06-06 08:07:34,web,complete
8240,565,2,2025-06-16 12:24:11,store,returned
8241,1334,37,2025-02-17 23:34:29,phone,complete
8242,161,39,2025-01-09 11:14:24,web,complete
8243,499,33,2025-05-23 18:27:04,store,complete
8244,13,1,2025-08-05 05:49:23,store,complete
8245,1368,20,2025-02-26 09:15:14,store,complete
8246,1235,4,2025-08-23 16:32:00,web,returned
8247,830,6,2025-06-09 21:53:34,web,complete
8248,1456,21,2025-07-08 00:08:13,phone,complete
8249,1278,11,2025-07-08 06:51:40,phone,complete
8250,436,7,2025-12-09 16:14:17,mobile,complete
8251,410,23,2025-06-01 15:47:45,mobile,complete
8252,726,9,2025-12-14 15:30:35,store,complete
8253,508,38,2025-01-21 18:09:16,web,complete
8254,793,9,2025-02-09 22:44:02,web,complete
8255,1342,33,2025-07-09 10:38:47,store,complete
8256,1218,38,2025-07-02 17:27:58,mobile,cancelled
8257,223,28,2025-08-22 02:31:08,store,complete
8258,834,18,2025-04-29 01:48:25,mobile,returned
8259,283,32,2025-08-23 16:18:50,mobile,cancelled
8260,226,17,2025-06-03 17:31:59,phone,complete
8261,547,8,2025-03-12 21:13:06,store,complete
8262,547,5,2025-09-21 12:39:46,store,complete
8263,1464,25,2025-02-09 08:32:24,mobile,complete
8264,1231,3,2025-07-09 17:01:11,store,cancelled
8265,1177,2,2025-02-11 10:59:16,web,complete
8266,550,34,2025-09-15 12:32:18,web,complete
8267,37,19,2025-04-27 19:27:42,phone,complete
8268,1382,21,2025-09-14 12:48:49,store,complete
8269,1138,2,2025-06-23 18:46:04,mobile,complete
8270,12,4,2025-10-06 10:20:16,store,complete
8271,496,15,2025-11-02 19:04:36,phone,cancelled
8272,904,37,2025-03-06 05:22:35,phone,complete
8273,1332,14,2025-12-26 04:54:57,web,cancelled
8274,206,36,2025-07-13 08:49:21,mobile,complete
8275,788,33,2025-07-09 00:18:00,web,complete
8276,1146,29,2025-05-26 03:21:01,mobile,complete
8277,1365,20,2025-05-27 20:57:22,store,complete
8278,474,9,2025-12-23 07:36:32,phone,complete
8279,1067,20,2025-10-03 04:49:17,phone,cancelled
8280,853,21,2025-09-29 06:17:46,mobile,complete
8281,758,15,2025-07-02 11:55:19,mobile,complete
8282,799,20,2025-09-02 23:31:31,mobile,complete
8283,976,10,2025-12-04 02:47:50,web,complete
8284,492,2,2025-09-05 01:20:46,phone,complete
8285,470,25,2025-09-07 07:30:31,store,cancelled
8286,747,32,2025-10-26 11:13:19,phone,cancelled
8287,356,4,2025-12-20 10:39:34,phone,complete
8288,1078,14,2025-01-28 07:39:50,mobile,returned
8289,706,13,2025-10-24 00:28:33,store,cancelled
8290,1436,31,2025-03-05 03:36:41,phone,returned
8291,1030,37,2025-07-30 00:00:18,mobile,returned
8292,545,9,2025-12-22 14:18:06,store,returned
8293,1418,18,2025-12-27 15:02:53,store,returned
8294,743,2,2025-06-28 04:32:51,store,complete
8295,1488,40,2025-10-29 23:07:39,mobile,complete
8296,372,21,2025-04-19 17:21:01,store,complete
8297,730,25,2025-07-15 22:07:05,mobile,cancelled
8298,1092,2,2025-06-13 04:24:18,mobile,complete
8299,427,1,2025-09-14 11:54:25,phone,cancelled
8300,636,11,2025-11-19 13:53:35,web,cancelled
8301,951,18,2025-01-31 02:34:03,mobile,returned
8302,876,36,2025-09-11 00:59:27,store,cancelled
8303,812,15,2025-07-30 06:24:22,store,cancelled
8304,3,36,2025-12-13 03:21:18,phone,complete
8305,376,1,2025-03-23 02:55:08,mobile,complete
8306,788,5,2025-10-07 01:59:34,mobile,returned
8307,923,30,2025-07-28 17:55:00,mobile,cancelled
8308,84,7,2025-11-02 03:54:36,phone,complete
8309,463,32,2025-04-27 05:52:28,phone,cancelled
8310,962,26,2025-08-22 10:24:47,store,cancelled
8311,1314,36,2025-09-08 13:01:31,phone,cancelled
8312,330,26,2025-12-07 03:13:31,phone,complete
8313,1,4,2025-12-30 17:48:18,phone,complete
8314,384,24,2025-05-29 12:32:23,mobile,returned
8315,1361,16,2025-12-02 19:09:49,mobile,complete
8316,1362,17,2025-02-05 00:20:55,web,complete
8317,85,38,2025-01-11 10:47:03,web,complete
8318,1322,27,2025-09-04 09:52:57,web,returned
8319,260,35,2025-01-27 12:13:51,web,complete
8320,1300,17,2025-03-20 08:15:30,mobile,complete
8321,137,36,2025-09-10 19:55:22,web,complete
8322,1290,12,2025-01-16 13:24:05,web,returned
8323,106,28,2025-06-20 21:42:20,mobile,returned
8324,785,5,2025-03-07 09:31:40,phone,cancelled
8325,1029,13,2025-12-09 22:10:33,store,complete
8326,1349,25,2025-07-28 07:28:38,web,cancelled
8327,500,34,2025-02-24 01:36:55,phone,returned
8328,90,39,2025-07-18 20:54:58,phone,cancelled
8329,1124,11,2025-11-30 17:49:09,phone,complete
8330,1369,40,2025-02-04 02:35:17,mobile,complete
8331,776,12,2025-08-05 01:33:26,web,cancelled
8332,14,28,2025-09-03 10:34:57,store,complete
8333,831,15,2025-04-03 12:19:45,mobile,complete
8334,855,2,2025-01-08 15:29:52,store,complete
8335,1092,28,2025-11-03 07:07:26,mobile,cancelled
8336,328,30,2025-05-20 05:14:30,store,cancelled
8337,268,22,2025-02-13 19:07:47,mobile,returned
8338,1040,12,2025-08-25 02:05:46,web,complete
8339,395,12,2025-04-13 03:42:50,mobile,cancelled
8340,263,6,2025-10-08 05:05:06,store,complete
8341,686,27,2025-06-05 16:37:38,web,cancelled
8342,546,11,2025-04-17 19:21:08,web,cancelled
8343,819,1,2025-06-12 09:55:57,mobile,complete
8344,653,21,2025-07-11 10:34:20,web,complete
8345,9,21,2025-12-06 19:19:54,phone,complete
8346,1232,25,2025-06-28 12:20:22,phone,cancelled
8347,1263,13,2025-07-16 01:34:59,store,cancelled
8348,359,9,2025-10-27 02:37:43,store,complete
8349,52,9,2025-03-01 15:52:29,store,complete
8350,588,6,2025-01-04 23:16:25,phone,complete
8351,185,39,2025-07-16 09:50:00,store,returned
8352,1080,21,2025-01-20 13:20:13,web,complete
8353,50,17,2025-01-02 23:55:17,phone,complete
8354,936,10,2025-03-05 01:14:45,mobile,returned
8355,39,27,2025-06-08 23:48:29,phone,complete
8356,1290,36,2025-06-26 01:04:38,web,complete
8357,1152,19,2025-06-19 21:36:00,store,returned
8358,357,4,2025-09-08 20:59:19,store,complete
8359,82,21,2025-08-18 20:51:37,mobile,complete
8360,31,6,2025-12-04 20:22:27,web,cancelled
8361,529,32,2025-10-28 04:23:22,web,cancelled
8362,731,10,2025-10-27 08:02:01,phone,complete
8363,578,29,2025-12-06 04:44:32,web,complete
8364,467,33,2025-09-12 00:21:11,store,returned
8365,1325,39,2025-01-11 03:12:22,phone,complete
8366,794,37,2025-08-15 19:23:24,phone,cancelled
8367,235,18,2025-09-02 05:50:03,phone,complete
8368,1176,4,2025-06-17 16:38:53,store,cancelled
8369,986,35,2025-02-13 14:08:58,web,complete
8370,1299,26,2025-06-23 19:31:24,web,complete
8371,574,10,2025-07-29 23:54:41,mobile,complete
8372,441,5,2025-09-23 21:54:11,mobile,complete
8373,996,2,2025-01-24 03:32:05,phone,returned
8374,15,27,2025-06-25 10:32:25,phone,cancelled
8375,739,37,2025-09-08 10:07:05,phone,cancelled
8376,51,17,2025-11-11 03:11:32,web,returned
8377,1274,18,2025-01-27 03:58:03,web,returned
8378,1329,16,2025-08-30 10:01:42,store,cancelled
8379,1311,9,2025-02-10 03:16:54,store,complete
8380,437,1,2025-04-03 01:49:58,web,complete
8381,922,27,2025-10-24 07:20:31,store,complete
8382,1404,39,2025-08-09 15:16:23,store,cancelled
8383,503,34,2025-09-11 03:26:12,phone,returned
8384,1209,37,2025-01-02 21:26:00,web,complete
8385,135,5,2025-06-21 01:44:50,phone,complete
8386,615,5,2025-03-03 14:42:37,phone,complete
8387,348,2,2025-11-03 22:02:17,store,returned
8388,384,24,2025-03-28 02:39:49,web,returned
8389,1418,33,2025-11-27 10:03:14,phone,complete
8390,77,17,2025-03-08 00:40:26,phone,complete
8391,92,39,2025-06-14 06:50:24,mobile,returned
8392,160,4,2025-12-30 23:30:50,web,complete
8393,1472,17,2025-05-15 23:33:18,phone,cancelled
8394,887,30,2025-03-13 15:45:18,web,complete
8395,816,3,2025-11-15 17:03:49,web,cancelled
8396,405,8,2025-06-05 13:40:30,store,complete
8397,1484,5,2025-09-12 03:44:49,web,complete
8398,397,31,2025-01-28 15:55:15,phone,complete
8399,101,2,2025-06-30 03:18:10,web,complete
8400,935,3,2025-05-01 15:49:17,store,complete
8401,672,39,2025-08-25 14:24:55,web,returned
8402,325,11,2025-03-06 05:14:17,store,complete
8403,493,27,2025-12-05 15:21:44,web,complete
8404,651,3,2025-08-13 07:17:53,phone,complete
8405,1463,5,2025-11-24 15:09:11,phone,complete
8406,331,5,2025-08-19 04:14:48,store,cancelled
8407,1419,4,2025-06-18 01:13:24,store,complete
8408,613,34,2025-11-04 20:07:44,web,complete
8409,1333,22,2025-08-18 18:22:12,phone,cancelled
8410,709,14,2025-08-18 12:51:54,mobile,cancelled
8411,1112,24,2025-04-05 03:29:40,store,complete
8412,646,5,2025-04-16 14:02:37,store,cancelled
8413,1123,9,2025-06-03 15:30:45,mobile,complete
8414,1410,24,2025-03-19 16:35:20,phone,complete
8415,826,22,2025-03-25 13:12:26,web,cancelled
8416,537,29,2025-03-30 17:32:25,mobile,complete
8417,92,1,2025-04-17 19:14:21,web,complete
8418,587,9,2025-07-06 12:33:58,store,returned
8419,1284,31,2025-07-04 15:20:58,store,complete
8420,231,9,2025-11-01 00:23:27,web,cancelled
8421,621,39,2025-05-28 08:29:56,phone,cancelled
8422,203,35,2025-08-17 11:28:03,web,cancelled
8423,1357,17,2025-07-14 04:52:46,web,complete
8424,958,37,2025-06-06 08:36:03,web,returned
8425,367,18,2025-09-19 14:44:22,store,returned
8426,738,3,2025-09-14 05:01:04,phone,complete
8427,1328,31,2025-05-21 02:42:15,web,cancelled
8428,1190,3,2025-08-03 04:25:22,phone,returned
8429,576,11,2025-11-27 16:11:28,mobile,complete
8430,948,15,2025-02-22 10:31:06,mobile,complete
8431,1233,20,2025-11-22 20:16:00,store,cancelled
8432,377,40,2025-01-28 16:02:55,mobile,complete
8433,86,14,2025-11-22 12:17:03,mobile,complete
8434,670,19,2025-08-01 07:44:19,mobile,complete
8435,324,17,2025-08-11 12:03:51,mobile,complete
8436,242,19,2025-03-14 03:31:37,store,complete
8437,1294,11,2025-06-15 07:29:23,store,cancelled
8438,421,18,2025-10-20 12:15:04,store,complete
8439,1367,30,2025-07-17 01:17:32,phone,cancelled
8440,81,14,2025-06-03 19:44:15,web,complete
8441,749,31,2025-03-23 23:17:45,store,returned
8442,897,17,2025-07-22 09:20:03,store,complete
8443,20,21,2025-04-12 09:23:14,phone,complete
8444,331,13,2025-11-06 10:23:51,store,cancelled
8445,372,12,2025-01-01 18:36:45,web,returned
8446,545,2,2025-10-19 01:56:08,phone,cancelled
8447,253,35,2025-09-06 06:05:13,mobile,complete
8448,1255,37,2025-05-19 19:54:34,phone,complete
8449,1445,33,2025-09-30 22:52:24,mobile,complete
8450,836,18,2025-12-18 08:47:48,phone,complete
8451,1442,18,2025-06-29 17:33:57,store,returned
8452,871,10,2025-10-20 06:22:55,phone,cancelled
8453,680,31,2025-04-08 03:09:26,phone,returned
8454,1352,18,2025-01-14 00:44:23,mobile,cancelled
8455,707,27,2025-11-18 03:05:59,web,complete
8456,75,15,2025-05-07 20:59:14,phone,complete
8457,540,27,2025-11-19 22:12:41,web,complete
8458,377,26,2025-08-16 06:10:04,store,complete
8459,858,27,2025-12-14 14:13:51,phone,cancelled
8460,1373,27,2025-08-27 09:41:33,mobile,complete
8461,1267,31,2025-11-10 18:35:32,mobile,complete
8462,194,4,2025-05-18 18:47:39,store,returned
8463,963,19,2025-09-29 11:04:43,phone,complete
8464,376,16,2025-08-25 22:55:39,mobile,complete
8465,609,20,2025-06-07 18:48:39,web,complete
8466,622,5,2025-04-03 00:54:47,store,complete
8467,144,25,2025-07-04 13:55:07,store,complete
8468,919,4,2025-05-14 03:36:54,phone,returned
8469,946,3,2025-05-04 16:20:30,web,returned
8470,78,1,2025-09-06 12:18:54,phone,cancelled
8471,749,5,2025-10-03 21:43:20,phone,complete
8472,753,3,2025-01-22 17:12:08,web,cancelled
8473,536,32,2025-08-23 02:58:54,phone,complete
8474,305,14,2025-06-09 03:51:41,store,returned
8475,208,37,2025-01-08 23:06:17,web,cancelled
8476,1024,35,2025-05-01 04:17:56,web,returned
8477,566,40,2025-01-17 17:33:59,mobile,returned
8478,1298,19,2025-04-24 10:12:22,phone,cancelled
8479,1224,28,2025-09-28 21:48:31,mobile,complete
8480,706,33,2025-11-03 04:00:38,web,complete
8481,404,23,2025-12-06 21:55:54,web,complete
8482,265,20,2025-02-16 21:14:21,store,cancelled
8483,313,37,2025-12-26 18:31:16,mobile,cancelled
8484,154,10,2025-02-19 13:29:58,mobile,complete
8485,1414,25,2025-06-03 18:30:53,web,cancelled
8486,1362,6,2025-09-27 15:14:29,web,complete
8487,1091,25,2025-03-11 21:33:36,phone,returned
8488,636,17,2025-07-15 04:48:43,web,cancelled
8489,156,10,2025-12-25 11:15:13,store,returned
8490,507,2,2025-02-22 20:16:45,web,complete
8491,1301,23,2025-08-22 13:53:06,store,complete
8492,930,14,2025-10-11 01:00:11,mobile,returned
8493,703,4,2025-05-17 08:12:47,web,complete
8494,1500,35,2025-11-24 13:04:26,web,complete
8495,525,23,2025-01-16 05:31:29,web,cancelled
8496,1395,29,2025-10-01 11:35:25,store,complete
8497,1214,15,2025-08-31 22:51:47,store,returned
8498,264,30,2025-10-01 13:35:54,store,complete
8499,1223,25,2025-04-04 04:42:43,store,returned
8500,1242,24,2025-03-25 03:05:15,mobile,complete
8501,261,34,2025-07-20 05:30:09,web,complete
8502,288,36,2025-10-07 02:39:01,store,complete
8503,427,23,2025-12-11 06:00:46,phone,complete
8504,1311,27,2025-02-16 10:43:47,web,cancelled
8505,945,6,2025-01-04 13:04:17,mobile,complete
8506,1359,23,2025-06-02 05:33:08,store,cancelled
8507,205,39,2025-02-20 18:16:22,web,complete
8508,1309,32,2025-10-04 17:45:49,mobile,complete
8509,81,12,2025-01-06 22:12:06,phone,complete
8510,350,5,2025-12-21 14:45:44,mobile,complete
8511,821,1,2025-04-16 23:17:05,web,complete
8512,686,14,2025-10-12 17:34:18,phone,cancelled
8513,340,16,2025-02-06 12:47:47,phone,complete
8514,581,22,2025-07-09 06:55:33,mobile,complete
8515,358,16,2025-12-14 13:26:12,store,complete
8516,809,11,2025-08-02 16:24:55,store,complete
8517,1427,24,2025-03-29 02:26:38,phone,cancelled
8518,407,38,2025-05-20 19:47:55,web,complete
8519,518,2,2025-11-06 08:52:49,store,complete
8520,890,23,2025-02-26 14:10:04,mobile,complete
8521,421,38,2025-09-20 13:28:06,mobile,complete
8522,748,19,2025-02-18 20:27:33,phone,returned
8523,1453,16,2025-01-26 02:51:35,mobile,complete
8524,260,14,2025-10-01 05:28:21,web,cancelled
8525,1448,13,2025-11-09 01:20:07,web,complete
8526,327,29,2025-01-31 11:24:40,phone,complete
8527,1048,34,2025-06-01 12:58:21,phone,complete
8528,1477,24,2025-01-16 22:14:27,store,cancelled
8529,983,8,2025-08-03 09:35:50,store,complete
8530,1378,4,2025-11-10 01:22:14,phone,cancelled
8531,511,13,2025-09-24 01:57:55,web,complete
8532,533,16,2025-02-21 12:49:23,web,cancelled
8533,361,5,2025-12-04 18:08:58,store,complete
8534,1310,18,2025-07-06 20:44:51,store,complete
8535,1328,18,2025-04-25 09:46:11,phone,complete
8536,1232,15,2025-03-24 10:27:29,mobile,complete
8537,378,3,2025-04-01 23:05:46,phone,complete
8538,77,10,2025-02-15 07:45:51,mobile,cancelled
8539,1224,12,2025-07-26 04:41:09,mobile,complete
8540,1068,10,2025-12-11 06:49:52,web,complete
8541,1467,11,2025-02-23 00:45:34,store,cancelled
8542,978,17,2025-12-13 15:48:04,store,complete
8543,859,38,2025-10-18 22:37:21,store,cancelled
8544,1008,13,2025-03-10 22:43:55,store,complete
8545,1320,17,2025-02-14 09:06:10,store,complete
8546,214,14,2025-07-07 13:55:27,store,complete
8547,273,14,2025-04-12 17:39:51,mobile,complete
8548,106,38,2025-05-14 15:45:24,web,complete
8549,1093,36,2025-11-06 21:25:54,web,complete
8550,1235,12,2025-04-25 08:15:25,mobile,returned
8551,984,1,2025-11-20 02:52:02,mobile,cancelled
8552,284,9,2025-03-09 11:01:40,store,complete
8553,130,8,2025-11-26 18:29:24,web,complete
8554,688,5,2025-10-10 09:24:20,phone,complete
8555,478,6,2025-11-30 10:47:33,web,complete
8556,1365,32,2025-11-24 00:53:50,mobile,cancelled
8557,368,35,2025-05-19 20:53:49,web,returned
8558,159,25,2025-02-07 00:41:26,mobile,complete
8559,48,33,2025-08-25 20:53:21,phone,complete
8560,1241,36,2025-03-01 14:42:30,web,returned
8561,32,2,2025-05-09 23:34:56,phone,complete
8562,788,7,2025-08-27 12:36:23,web,cancelled
8563,705,11,2025-01-28 23:20:34,phone,complete
8564,185,38,2025-07-03 16:17:53,phone,complete
8565,197,14,2025-07-26 19:15:12,store,cancelled
8566,695,37,2025-10-06 09:41:03,phone,complete
8567,421,40,2025-08-02 20:47:27,store,complete
8568,646,37,2025-05-14 05:27:09,phone,cancelled
8569,159,15,2025-08-05 02:31:08,web,complete
8570,1203,6,2025-09-09 23:12:34,phone,returned
8571,232,7,2025-02-28 07:46:04,web,complete
8572,779,34,2025-02-08 12:07:21,phone,complete
8573,192,12,2025-09-15 08:44:14,phone,complete
8574,1024,5,2025-06-07 00:34:32,phone,complete
8575,1024,3,2025-01-10 12:31:34,store,returned
8576,460,10,2025-12-04 02:59:00,mobile,complete
8577,357,4,2025-05-23 13:33:34,web,returned
8578,830,35,2025-03-21 15:49:48,phone,complete
8579,156,32,2025-08-04 23:33:16,phone,returned
8580,748,39,2025-05-25 22:08:15,phone,cancelled
8581,1283,24,2025-05-03 21:35:58,phone,cancelled
8582,747,39,2025-02-27 06:04:13,phone,complete
8583,744,26,2025-08-21 11:32:17,mobile,cancelled
8584,1327,2,2025-11-07 04:12:03,phone,complete
8585,794,6,2025-09-23 16:53:36,web,complete
8586,1084,12,2025-01-10 11:39:37,mobile,complete
8587,223,23,2025-11-04 02:42:32,web,complete
8588,998,40,2025-10-19 02:37:44,web,complete
8589,134,2,2025-06-14 22:41:42,phone,complete
8590,938,15,2025-06-20 03:11:45,store,complete
8591,624,30,2025-07-09 23:36:35,mobile,cancelled
8592,1008,7,2025-03-03 05:15:51,web,complete
8593,1393,36,2025-01-06 10:39:31,phone,returned
8594,474,7,2025-07-31 21:32:51,web,complete
8595,1088,6,2025-02-01 03:40:41,store,returned
8596,824,7,2025-06-20 05:40:14,web,cancelled
8597,16,16,2025-11-21 08:28:18,web,cancelled
8598,357,12,2025-03-23 08:17:36,mobile,cancelled
8599,145,5,2025-05-22 22:21:45,store,complete
8600,920,40,2025-09-30 11:40:41,web,complete
8601,646,18,2025-04-11 20:05:17,phone,complete
8602,1195,20,2025-07-29 12:33:53,phone,cancelled
8603,206,13,2025-01-25 22:39:33,store,complete
8604,848,29,2025-02-12 17:53:06,mobile,returned
8605,610,8,2025-01-10 21:34:56,store,complete
8606,501,39,2025-09-04 13:25:59,web,returned
8607,1392,32,2025-01-06 19:16:13,web,complete
8608,1337,15,2025-10-13 07:55:25,phone,complete
8609,140,36,2025-03-03 17:54:17,web,cancelled
8610,1020,7,2025-06-06 13:00:23,web,complete
8611,104,32,2025-09-14 13:06:55,web,cancelled
8612,1226,40,2025-03-26 08:50:53,phone,returned
8613,733,37,2025-09-23 19:47:46,web,returned
8614,252,13,2025-04-30 18:15:40,phone,cancelled
8615,1355,12,2025-04-04 06:17:54,store,complete
8616,766,18,2025-09-15 14:02:20,web,complete
8617,373,25,2025-01-07 23:01:04,phone,cancelled
8618,1080,15,2025-05-10 21:15:35,web,cancelled
8619,743,8,2025-03-07 06:04:22,store,returned
8620,1355,3,2025-06-10 15:26:06,store,complete
8621,1012,8,2025-05-06 02:21:46,store,returned
8622,63,20,2025-10-16 17:18:49,mobile,complete
8623,365,15,2025-03-28 20:47:17,web,complete
8624,797,37,2025-01-09 13:57:24,web,returned
8625,907,14,2025-12-26 22:30:21,store,cancelled
8626,96,30,2025-12-14 16:19:06,mobile,cancelled
8627,743,13,2025-05-15 02:40:58,mobile,complete
8628,437,29,2025-09-23 08:59:29,mobile,complete
8629,1194,17,2025-03-23 00:18:08,mobile,cancelled
8630,763,2,2025-03-29 18:27:53,web,returned
8631,919,14,2025-06-20 07:31:18,store,returned
8632,613,40,2025-06-28 00:35:19,phone,complete
8633,1053,3,2025-05-22 17:24:25,web,complete
8634,171,19,2025-06-23 00:07:58,web,complete
8635,1260,21,2025-07-29 20:08:54,phone,returned
8636,243,9,2025-04-18 15:25:44,phone,complete
8637,92,29,2025-06-25 16:29:21,mobile,complete
8638,1080,5,2025-09-27 15:49:29,mobile,returned
8639,703,13,2025-02-13 11:56:51,phone,complete
8640,630,20,2025-05-21 19:50:30,web,returned
8641,267,36,2025-10-24 11:25:46,mobile,complete
8642,642,38,2025-12-30 03:39:48,mobile,cancelled
8643,459,3,2025-08-06 19:54:35,mobile,returned
8644,114,20,2025-08-31 21:32:49,phone,complete
8645,552,3,2025-08-12 05:16:08,phone,complete
8646,1441,28,2025-10-22 21:54:25,phone,complete
8647,420,27,2025-02-25 22:16:34,web,complete
8648,988,33,2025-01-04 14:29:31,web,returned
8649,1059,5,2025-05-13 20:14:58,mobile,returned
8650,72,23,2025-05-11 08:35:52,phone,complete
8651,715,5,2025-10-25 12:51:19,web,complete
8652,366,23,2025-01-17 01:12:41,web,returned
8653,1462,16,2025-10-30 14:21:16,mobile,complete
8654,588,16,2025-04-26 15:39:42,phone,complete
8655,92,4,2025-08-08 10:29:21,phone,complete
8656,31,6,2025-02-20 00:14:06,web,cancelled
8657,745,31,2025-01-10 07:43:46,mobile,complete
8658,422,38,2025-06-13 06:27:44,mobile,complete
8659,1203,34,2025-10-24 03:24:14,phone,cancelled
8660,1393,29,2025-02-26 03:59:00,store,cancelled
8661,972,1,2025-03-27 19:26:00,phone,complete
8662,803,7,2025-10-10 20:04:56,store,complete
8663,1282,20,2025-06-21 06:24:43,mobile,complete
8664,882,12,2025-04-04 14:07:26,mobile,complete
8665,79,12,2025-02-18 08:21:45,phone,complete
8666,1431,31,2025-10-26 18:23:42,web,returned
8667,310,39,2025-07-29 16:24:57,mobile,complete
8668,569,5,2025-12-20 17:02:58,store,complete
8669,1440,23,2025-07-05 21:18:22,web,complete
8670,1476,40,2025-01-05 06:20:41,web,complete
8671,49,40,2025-01-01 15:57:14,store,cancelled
8672,1307,34,2025-04-20 13:02:48,phone,complete
8673,1403,34,2025-07-06 01:56:30,mobile,complete
8674,1241,16,2025-06-17 01:12:55,mobile,complete
8675,130,36,2025-08-24 05:26:36,phone,complete
8676,687,10,2025-10-04 20:35:35,store,cancelled
8677,1258,15,2025-07-31 13:12:37,web,complete
8678,1088,2,2025-02-23 23:52:01,mobile,complete
8679,865,16,2025-08-10 13:18:22,web,cancelled
8680,665,7,2025-03-05 21:33:40,store,complete
8681,309,10,2025-06-09 18:31:13,phone,returned
8682,1463,31,2025-08-26 19:03:10,mobile,cancelled
8683,300,21,2025-08-14 09:25:41,mobile,complete
8684,106,1,2025-04-19 04:19:23,mobile,cancelled
8685,536,17,2025-08-11 17:03:38,mobile,cancelled
8686,189,19,2025-09-19 20:12:32,store,complete
8687,350,40,2025-11-20 02:21:09,phone,complete
8688,1278,14,2025-03-15 01:06:20,mobile,returned
8689,1358,21,2025-04-01 00:13:04,store,complete
8690,301,33,2025-02-25 09:54:20,store,returned
8691,65,24,2025-11-08 13:35:51,mobile,complete
8692,318,15,2025-12-21 11:38:09,web,complete
8693,1198,15,2025-01-02 11:26:36,mobile,returned
8694,1280,37,2025-04-24 11:55:04,store,cancelled
8695,1477,17,2025-12-14 22:37:54,phone,returned
8696,779,38,2025-07-03 18:43:23,web,cancelled
8697,372,5,2025-05-04 12:51:25,store,complete
8698,545,24,2025-06-02 11:59:07,web,returned
8699,433,28,2025-06-04 00:36:59,mobile,complete
8700,1229,28,2025-04-12 12:25:29,web,returned
8701,46,13,2025-01-09 09:34:04,mobile,complete
8702,90,37,2025-12-29 14:24:29,phone,complete
8703,410,9,2025-03-16 11:49:46,web,complete
8704,336,26,2025-11-02 00:30:38,web,returned
8705,417,15,2025-05-25 22:25:03,phone,complete
8706,124,19,2025-10-03 12:51:33,web,returned
8707,884,30,2025-02-07 06:15:37,mobile,cancelled
8708,914,24,2025-10-24 19:14:48,store,cancelled
8709,67,35,2025-06-10 11:37:58,mobile,complete
8710,544,21,2025-04-03 19:28:24,mobile,cancelled
8711,1302,34,2025-07-30 13:31:59,store,complete
8712,497,12,2025-04-28 20:50:17,store,complete
8713,1419,40,2025-01-22 01:09:24,web,complete
8714,820,26,2025-12-19 13:01:54,store,complete
8715,397,34,2025-10-23 13:14:56,mobile,cancelled
8716,306,24,2025-03-31 00:00:47,phone,complete
8717,251,38,2025-01-17 16:39:27,store,cancelled
8718,75,36,2025-11-10 13:53:08,store,cancelled
8719,464,16,2025-10-26 08:46:36,store,complete
8720,460,26,2025-05-08 09:58:52,mobile,cancelled
8721,1028,32,2025-05-07 12:12:35,phone,complete
8722,1270,9,2025-08-28 09:38:36,mobile,complete
8723,132,26,2025-08-20 06:30:08,mobile,complete
8724,1101,15,2025-06-29 06:14:54,mobile,complete
8725,679,40,2025-11-26 07:44:17,phone,cancelled
8726,1360,6,2025-04-12 10:22:20,mobile,returned
8727,361,24,2025-08-21 00:16:05,mobile,returned
8728,714,13,2025-10-31 05:27:00,phone,cancelled
8729,1316,30,2025-06-26 18:55:34,store,complete
8730,134,18,2025-02-28 12:31:43,phone,complete
8731,246,27,2025-08-25 19:12:29,store,complete
8732,699,8,2025-06-05 08:14:45,store,complete
8733,382,25,2025-04-03 21:33:24,phone,complete
8734,1147,3,2025-11-09 07:14:59,phone,cancelled
8735,869,9,2025-04-16 10:36:48,store,cancelled
8736,1194,14,2025-12-07 09:22:40,web,cancelled
8737,1467,16,2025-06-17 22:21:18,mobile,complete
8738,203,35,2025-05-28 18:43:11,web,complete
8739,849,20,2025-03-07 23:59:29,mobile,cancelled
8740,1039,22,2025-09-12 07:06:57,web,returned
8741,621,40,2025-07-05 21:13:54,store,complete
8742,614,9,2025-06-13 16:00:44,phone,complete
8743,1399,30,2025-12-24 13:28:47,phone,cancelled
8744,40,21,2025-04-05 10:45:56,mobile,returned
8745,853,10,2025-03-10 16:19:33,store,returned
8746,1037,15,2025-10-28 19:02:57,web,complete
8747,637,13,2025-09-12 08:31:42,web,complete
8748,1497,6,2025-01-31 20:42:38,phone,complete
8749,1186,32,2025-11-03 06:18:06,phone,cancelled
8750,1398,30,2025-01-11 02:06:03,mobile,cancelled
8751,1285,13,2025-09-18 09:10:14,phone,complete
8752,434,31,2025-08-09 09:03:00,mobile,complete
8753,49,13,2025-05-09 17:36:07,phone,complete
8754,341,13,2025-12-26 19:19:41,web,cancelled
8755,676,14,2025-04-14 00:13:40,web,returned
8756,980,28,2025-04-08 18:08:14,phone,cancelled
8757,946,39,2025-07-29 22:46:23,mobile,returned
8758,877,29,2025-04-07 17:29:03,web,complete
8759,754,13,2025-09-27 06:49:36,phone,complete
8760,1121,13,2025-07-23 00:21:32,phone,cancelled
8761,637,40,2025-06-03 14:25:59,store,complete
8762,1298,19,2025-12-12 15:01:27,web,complete
8763,1400,19,2025-11-25 07:00:27,phone,returned
8764,810,16,2025-02-14 02:57:57,mobile,complete
8765,13,2,2025-07-06 21:45:20,store,complete
8766,751,26,2025-07-19 07:25:51,web,cancelled
8767,439,38,2025-01-27 06:14:41,phone,complete
8768,1482,6,2025-03-30 03:06:28,store,complete
8769,328,8,2025-09-15 16:29:20,mobile,cancelled
8770,1216,23,2025-08-23 11:32:20,mobile,complete
8771,365,32,2025-05-07 11:51:31,web,complete
8772,1362,25,2025-04-15 00:07:58,phone,complete
8773,1371,29,2025-09-23 08:35:26,mobile,complete
8774,849,30,2025-08-28 00:21:52,mobile,cancelled
8775,75,15,2025-03-25 08:21:47,phone,complete
8776,1350,21,2025-11-05 22:26:58,mobile,complete
8777,519,7,2025-02-07 17:21:43,phone,returned
8778,754,16,2025-11-10 19:50:55,web,complete
8779,1277,14,2025-09-29 23:22:12,web,complete
8780,300,39,2025-04-25 06:46:13,mobile,returned
8781,1348,3,2025-01-12 17:35:29,phone,complete
8782,1429,24,2025-06-10 10:12:21,mobile,complete
8783,1012,20,2025-01-06 15:24:48,web,cancelled
8784,1458,2,2025-02-01 23:03:19,web,cancelled
8785,1067,20,2025-01-14 05:39:15,phone,complete
8786,543,38,2025-12-03 03:11:12,store,complete
8787,1080,18,2025-06-11 15:30:54,store,complete
8788,1476,20,2025-04-27 02:42:49,mobile,complete
8789,1256,35,2025-04-25 15:04:53,mobile,complete
8790,394,37,2025-11-07 17:37:25,web,complete
8791,610,12,2025-03-26 14:34:11,mobile,complete
8792,1383,6,2025-12-24 22:04:28,store,complete
8793,304,29,2025-01-06 04:00:41,phone,returned
8794,376,6,2025-09-26 01:31:35,web,returned
8795,435,8,2025-05-26 07:00:16,web,returned
8796,1135,31,2025-12-15 10:07:18,mobile,returned
8797,48,24,2025-05-02 14:25:49,phone,complete
8798,611,23,2025-07-17 13:03:43,phone,complete
8799,78,10,2025-07-12 06:40:13,phone,returned
8800,1123,10,2025-06-12 21:00:08,web,complete
8801,869,10,2025-09-19 03:57:04,phone,cancelled
8802,431,25,2025-01-16 20:23:57,mobile,complete
8803,354,34,2025-06-04 16:56:51,mobile,cancelled
8804,272,34,2025-02-06 01:52:21,phone,complete
8805,1034,5,2025-08-01 00:23:34,store,complete
8806,459,31,2025-12-25 17:44:03,phone,complete
8807,1408,25,2025-12-04 19:50:08,mobile,returned
8808,1342,11,2025-01-13 23:21:52,phone,returned
8809,1421,33,2025-06-05 00:07:27,phone,complete
8810,1053,5,2025-04-09 15:57:29,web,complete
8811,801,28,2025-05-08 05:20:21,mobile,returned
8812,714,5,2025-12-24 02:41:14,phone,complete
8813,1406,20,2025-06-21 12:03:27,mobile,cancelled
8814,108,4,2025-10-02 18:20:24,web,returned
8815,364,39,2025-09-08 23:58:07,mobile,complete
8816,1272,8,2025-04-12 16:25:46,store,cancelled
8817,277,11,2025-12-18 21:35:51,phone,complete
8818,135,32,2025-04-18 00:09:19,store,returned
8819,142,34,2025-01-05 21:26:26,mobile,complete
8820,351,40,2025-12-12 11:29:42,store,complete
8821,823,18,2025-07-09 17:37:41,store,complete
8822,1126,31,2025-06-13 07:45:49,store,complete
8823,124,3,2025-07-26 21:21:59,web,complete
8824,159,4,2025-02-17 19:01:30,web,complete
8825,698,28,2025-12-10 09:51:52,web,returned
8826,629,3,2025-08-10 03:01:33,web,complete
8827,370,11,2025-10-13 23:24:05,mobile,complete
8828,1225,20,2025-12-23 04:49:05,phone,complete
8829,122,22,2025-09-10 17:46:34,web,complete
8830,632,5,2025-11-12 23:16:28,web,cancelled
8831,860,29,2025-05-25 08:30:10,phone,complete
8832,558,18,2025-08-06 19:11:06,store,complete
8833,1018,1,2025-04-30 09:35:11,mobile,cancelled
8834,1094,12,2025-03-22 11:17:55,mobile,complete
8835,877,3,2025-06-22 12:06:40,phone,returned
8836,429,9,2025-05-31 15:27:09,store,complete
8837,898,40,2025-12-24 04:07:28,store,complete
8838,722,21,2025-05-24 17:17:03,store,complete
8839,1359,8,2025-11-03 08:34:32,store,cancelled
8840,361,40,2025-10-14 00:12:11,mobile,complete
8841,1028,7,2025-05-18 00:12:22,store,complete
8842,1025,28,2025-03-22 23:30:57,web,complete
8843,544,1,2025-05-31 09:17:01,mobile,complete
8844,536,37,2025-07-12 16:40:20,mobile,returned
8845,139,34,2025-07-08 20:44:27,store,complete
8846,1239,28,2025-12-25 06:52:17,phone,complete
8847,1487,35,2025-09-29 00:19:36,web,complete
8848,718,18,2025-01-11 08:24:50,store,cancelled
8849,372,13,2025-05-09 07:21:57,mobile,returned
8850,1438,19,2025-04-10 11:56:35,web,returned
8851,1031,20,2025-07-02 07:36:17,store,returned
8852,475,16,2025-11-10 06:22:55,mobile,complete
8853,117,40,2025-05-03 20:45:06,mobile,complete
8854,752,22,2025-07-16 14:33:15,web,returned
8855,64,5,2025-02-15 02:20:42,store,returned
8856,1495,13,2025-03-17 16:37:25,mobile,complete
8857,515,30,2025-02-13 22:42:45,store,returned
8858,1191,33,2025-07-18 03:19:06,web,cancelled
8859,557,2,2025-01-04 16:16:58,phone,complete
8860,27,26,2025-08-13 23:18:44,phone,complete
8861,1336,38,2025-08-20 19:03:27,web,complete
8862,999,13,2025-07-24 12:01:14,store,complete
8863,67,27,2025-01-21 18:25:53,mobile,complete
8864,226,29,2025-11-10 00:15:06,mobile,complete
8865,352,8,2025-05-03 23:47:20,phone,complete
8866,862,39,2025-11-24 08:34:26,phone,cancelled
8867,268,4,2025-05-30 11:28:41,mobile,complete
8868,1275,16,2025-08-22 00:06:11,mobile,complete
8869,1173,36,2025-08-31 06:41:38,phone,complete
8870,434,35,2025-01-17 00:47:48,mobile,complete
8871,421,32,2025-02-16 00:59:13,phone,returned
8872,997,1,2025-06-18 06:37:00,store,cancelled
8873,49,32,2025-12-09 22:32:38,web,complete
8874,1236,11,2025-11-01 19:08:10,web,complete
8875,585,37,2025-01-01 20:50:25,mobile,returned
8876,144,29,2025-06-03 12:21:23,mobile,cancelled
8877,174,31,2025-12-21 13:52:43,mobile,complete
8878,1382,36,2025-08-07 18:15:46,web,cancelled
8879,817,29,2025-08-18 04:43:49,phone,returned
8880,352,36,2025-03-10 16:30:43,phone,complete
8881,725,21,2025-09-05 14:16:37,phone,complete
8882,233,38,2025-09-15 06:00:49,web,complete
8883,202,30,2025-09-16 22:13:30,web,returned
8884,841,2,2025-04-28 05:50:02,web,complete
8885,872,20,2025-02-23 15:05:50,store,complete
8886,56,34,2025-11-23 20:09:03,mobile,complete
8887,781,35,2025-02-01 20:03:26,store,complete
8888,1203,27,2025-07-18 19:39:53,web,returned
8889,695,34,2025-03-26 00:08:59,mobile,complete
8890,1214,11,2025-12-08 00:17:16,phone,complete
8891,1427,1,2025-07-20 00:28:22,store,cancelled
8892,248,25,2025-06-28 03:35:13,phone,complete
8893,690,28,2025-11-14 04:04:54,web,complete
8894,443,35,2025-09-02 16:23:35,phone,returned
8895,836,5,2025-08-25 20:31:06,web,returned
8896,1109,9,2025-11-21 15:53:05,web,cancelled
8897,1427,25,2025-06-05 22:52:35,mobile,complete
8898,898,28,2025-02-28 18:11:47,store,complete
8899,653,3,2025-06-28 04:06:49,mobile,returned
8900,380,25,2025-03-09 14:44:07,phone,complete
8901,1042,18,2025-01-03 12:26:59,phone,complete
8902,636,34,2025-08-12 22:31:24,mobile,returned
8903,935,19,2025-03-05 14:49:20,mobile,cancelled
8904,383,17,2025-02-28 12:34:36,web,returned
8905,598,37,2025-09-28 13:55:25,web,complete
8906,1406,9,2025-09-15 10:10:27,mobile,complete
8907,704,7,2025-11-29 10:47:15,phone,complete
8908,198,20,2025-07-09 15:19:08,store,cancelled
8909,817,19,2025-08-30 19:58:26,web,complete
8910,1269,10,2025-02-19 01:10:22,web,complete
8911,1439,31,2025-09-26 12:51:17,mobile,complete
8912,920,27,2025-07-10 23:59:41,phone,complete
8913,1403,38,2025-04-07 15:11:41,phone,complete
8914,1269,21,2025-09-20 04:06:48,store,complete
8915,1170,12,2025-11-04 14:32:11,store,complete
8916,1187,5,2025-11-16 13:19:13,phone,returned
8917,205,36,2025-01-06 17:51:09,store,complete
8918,1025,28,2025-04-25 00:48:24,store,cancelled
8919,993,17,2025-08-26 12:29:45,mobile,complete
8920,531,29,2025-11-09 07:40:44,web,returned
8921,1046,20,2025-11-21 16:58:27,phone,cancelled
8922,182,28,2025-11-07 00:42:59,web,returned
8923,475,21,2025-05-01 05:36:37,mobile,cancelled
8924,862,13,2025-04-18 13:40:18,web,complete
8925,188,14,2025-09-28 21:51:51,mobile,complete
8926,895,12,2025-05-29 04:00:33,mobile,cancelled
8927,77,29,2025-01-30 05:41:31,mobile,cancelled
8928,1008,9,2025-04-09 12:37:55,web,cancelled
8929,1227,38,2025-10-10 22:51:47,web,complete
8930,1273,29,2025-07-23 13:55:18,web,returned
8931,933,36,2025-10-08 15:01:48,web,cancelled
8932,1022,36,2025-06-02 13:22:05,mobile,complete
8933,561,2,2025-11-09 03:25:49,mobile,cancelled
8934,10,7,2025-08-02 09:39:34,phone,complete
8935,499,4,2025-08-04 09:07:07,phone,cancelled
8936,1298,37,2025-07-10 15:51:51,mobile,complete
8937,417,33,2025-10-31 12:20:00,web,complete
8938,1309,24,2025-07-14 10:25:01,mobile,complete
8939,618,10,2025-05-08 20:40:25,store,complete
8940,927,26,2025-05-08 15:56:17,web,complete
8941,962,11,2025-05-30 23:27:38,phone,complete
8942,229,20,2025-04-16 04:09:06,phone,complete
8943,739,28,2025-08-12 03:45:13,mobile,cancelled
8944,162,37,2025-04-02 17:49:15,mobile,returned
8945,357,1,2025-01-15 07:24:59,mobile,complete
8946,889,13,2025-02-09 05:07:20,mobile,cancelled
8947,37,31,2025-07-24 20:50:29,phone,complete
8948,724,15,2025-11-26 04:53:23,web,complete
8949,1244,39,2025-01-23 13:34:12,phone,cancelled
8950,304,17,2025-03-22 11:44:23,phone,complete
8951,722,33,2025-03-05 04:45:58,store,complete
8952,950,23,2025-03-24 09:51:12,mobile,complete
8953,76,20,2025-03-03 04:39:54,store,complete
8954,826,32,2025-08-21 02:03:52,phone,complete
8955,1372,21,2025-07-15 18:41:58,mobile,complete
8956,1009,19,2025-07-22 09:50:14,web,complete
8957,1167,20,2025-02-22 14:46:01,store,returned
8958,537,12,2025-08-14 14:25:47,phone,complete
8959,45,29,2025-07-03 21:56:25,mobile,complete
8960,1075,33,2025-05-08 19:36:16,web,complete
8961,1346,34,2025-04-28 11:34:26,store,complete
8962,614,3,2025-08-17 16:53:03,mobile,returned
8963,340,35,2025-11-26 08:07:20,store,complete
8964,10,30,2025-09-21 20:02:09,phone,complete
8965,24,12,2025-04-29 05:15:10,phone,complete
8966,45,16,2025-12-06 09:17:03,store,cancelled
8967,1272,35,2025-05-14 17:50:30,mobile,cancelled
8968,540,23,2025-06-15 01:15:39,phone,returned
8969,1400,15,2025-04-20 20:18:56,web,complete
8970,841,17,2025-10-06 23:17:19,phone,complete
8971,1240,20,2025-08-09 22:50:58,phone,cancelled
8972,1023,5,2025-03-10 16:58:05,web,complete
8973,970,35,2025-10-27 20:57:54,mobile,complete
8974,1288,27,2025-03-02 23:35:15,web,cancelled
8975,613,24,2025-09-22 07:08:55,store,complete
8976,1256,25,2025-07-11 15:52:30,mobile,complete
8977,911,7,2025-05-15 12:57:50,web,complete
8978,37,15,2025-04-20 18:07:58,store,complete
8979,778,33,2025-01-07 00:14:39,mobile,cancelled
8980,1266,26,2025-04-04 03:39:12,web,complete
8981,9,18,2025-08-31 12:56:17,web,returned
8982,1023,26,2025-10-26 21:01:50,store,returned
8983,1256,9,2025-04-27 02:33:45,phone,complete
8984,990,28,2025-03-09 13:41:55,phone,complete
8985,1204,23,2025-07-25 17:26:34,mobile,returned
8986,83,17,2025-02-08 09:59:15,mobile,returned
8987,839,35,2025-05-15 08:00:30,phone,returned
8988,1104,5,2025-11-30 22:41:31,mobile,returned
8989,1228,20,2025-07-24 04:35:28,mobile,returned
8990,1284,35,2025-11-18 18:43:31,web,complete
8991,1254,24,2025-09-13 03:03:29,store,complete
8992,1106,37,2025-08-05 14:42:24,web,complete
8993,1055,14,2025-08-19 07:56:44,phone,cancelled
8994,1404,15,2025-08-05 04:04:14,mobile,complete
8995,1446,32,2025-09-07 01:00:57,mobile,cancelled
8996,1198,12,2025-05-16 07:29:09,mobile,returned
8997,118,27,2025-05-18 12:51:38,store,returned
8998,619,23,2025-07-19 02:52:44,phone,cancelled
8999,1065,20,2025-05-17 11:20:58,mobile,returned
9000,577,31,2025-10-02 19:17:11,store,cancelled
9001,1080,38,2025-12-15 07:02:33,mobile,complete
9002,309,17,2025-01-20 01:41:05,phone,complete
9003,1021,17,2025-11-23 17:20:11,store,cancelled
9004,1324,32,2025-11-23 21:32:16,phone,complete
9005,1191,36,2025-12-11 03:33:05,mobile,complete
9006,891,38,2025-07-16 09:24:01,web,complete
9007,294,19,2025-09-16 23:51:11,mobile,cancelled
9008,1306,36,2025-07-29 05:52:12,phone,returned
9009,434,13,2025-06-10 10:06:17,mobile,complete
9010,427,21,2025-11-19 17:09:28,mobile,cancelled
9011,951,33,2025-10-02 16:41:43,phone,complete
9012,1363,14,2025-03-10 15:57:56,phone,returned
9013,218,13,2025-08-29 18:25:00,web,complete
9014,1233,24,2025-03-18 15:38:13,mobile,complete
9015,368,38,2025-08-10 19:48:53,phone,complete
9016,930,30,2025-02-25 11:57:10,phone,returned
9017,695,28,2025-09-30 10:23:42,mobile,complete
9018,1141,36,2025-04-10 18:53:27,phone,cancelled
9019,1428,8,2025-07-09 17:08:23,web,complete
9020,293,5,2025-05-30 21:56:09,phone,complete
9021,1104,31,2025-12-06 06:10:06,phone,returned
9022,309,2,2025-01-11 03:08:51,web,complete
9023,360,3,2025-03-17 09:26:12,web,complete
9024,546,23,2025-02-24 18:40:08,store,complete
9025,1251,21,2025-07-24 17:12:40,phone,cancelled
9026,1401,14,2025-11-24 03:02:51,phone,complete
9027,793,38,2025-08-08 01:12:07,store,complete
9028,1024,19,2025-08-31 17:26:20,mobile,complete
9029,736,19,2025-10-23 21:12:49,mobile,cancelled
9030,938,12,2025-01-10 03:34:08,mobile,complete
9031,773,12,2025-04-20 21:14:23,mobile,complete
9032,707,18,2025-12-30 16:36:38,phone,returned
9033,1389,13,2025-06-15 23:19:50,web,cancelled
9034,811,21,2025-02-10 05:23:54,mobile,complete
9035,1410,40,2025-05-28 17:19:52,web,complete
9036,460,12,2025-10-09 02:54:19,phone,returned
9037,1063,4,2025-08-11 22:06:14,store,complete
9038,1400,29,2025-07-27 05:56:48,mobile,complete
9039,698,39,2025-11-25 23:40:43,store,complete
9040,166,14,2025-03-30 04:02:51,store,complete
9041,1195,22,2025-05-28 07:03:42,mobile,complete
9042,1206,37,2025-01-21 11:25:49,store,returned
9043,519,23,2025-02-06 03:51:11,phone,complete
9044,68,12,2025-02-03 14:33:33,mobile,returned
9045,1077,2,2025-07-25 06:01:25,web,complete
9046,194,22,2025-07-11 05:29:42,web,complete
9047,1150,35,2025-08-02 12:04:14,store,complete
9048,993,26,2025-10-12 14:07:44,store,complete
9049,1385,40,2025-08-06 17:04:52,mobile,complete
9050,1023,21,2025-10-10 14:10:39,mobile,complete
9051,1217,40,2025-01-26 11:38:59,mobile,complete
9052,754,37,2025-01-22 08:08:22,store,cancelled
9053,71,21,2025-11-26 17:18:40,mobile,complete
9054,1423,6,2025-01-16 15:56:33,web,complete
9055,252,29,2025-03-24 09:59:40,web,complete
9056,636,11,2025-11-11 11:07:36,web,cancelled
9057,1214,30,2025-01-24 08:31:59,store,cancelled
9058,1105,36,2025-03-04 18:36:01,store,complete
9059,399,7,2025-01-09 14:45:57,web,cancelled
9060,1001,3,2025-07-11 13:34:30,phone,complete
9061,860,39,2025-09-15 21:46:48,web,complete
9062,311,33,2025-04-07 23:13:57,web,complete
9063,36,12,2025-06-12 23:16:07,web,complete
9064,556,20,2025-02-14 00:52:13,store,complete
9065,1195,9,2025-01-13 20:15:55,mobile,complete
9066,871,31,2025-12-20 02:09:25,mobile,complete
9067,1409,10,2025-02-05 21:43:40,mobile,complete
9068,384,16,2025-07-14 10:17:47,mobile,complete
9069,990,5,2025-01-15 07:39:41,mobile,cancelled
9070,926,4,2025-05-02 10:34:54,web,returned
9071,1167,32,2025-07-23 14:44:29,store,cancelled
9072,223,4,2025-01-04 18:10:55,web,complete
9073,357,37,2025-04-12 23:41:22,phone,complete
9074,354,25,2025-02-22 19:26:50,phone,complete
9075,532,12,2025-10-18 06:21:21,phone,complete
9076,523,14,2025-08-15 16:38:17,store,complete
9077,595,21,2025-07-25 21:28:18,mobile,complete
9078,66,39,2025-03-01 09:40:38,phone,complete
9079,703,39,2025-08-27 22:23:54,phone,complete
9080,95,33,2025-11-07 14:15:05,store,complete
9081,697,37,2025-08-27 10:58:53,store,complete
9082,80,21,2025-10-07 05:32:38,store,complete
9083,509,34,2025-06-28 20:55:17,mobile,complete
9084,69,17,2025-03-09 06:32:40,mobile,complete
9085,1362,9,2025-03-25 05:47:11,mobile,cancelled
9086,519,22,2025-05-04 17:51:46,phone,complete
9087,216,24,2025-06-25 14:36:55,mobile,complete
9088,1067,28,2025-03-04 18:51:20,phone,complete
9089,926,13,2025-11-12 11:22:30,store,complete
9090,158,37,2025-06-23 09:29:04,web,cancelled
9091,1188,1,2025-07-24 11:12:00,phone,complete
9092,1187,12,2025-03-12 02:09:24,web,complete
9093,1018,22,2025-07-09 01:11:35,store,complete
9094,779,32,2025-09-06 02:41:14,mobile,complete
9095,979,34,2025-07-09 03:15:54,web,complete
9096,1437,37,2025-10-26 07:01:07,phone,cancelled
9097,747,18,2025-09-06 07:00:11,phone,complete
9098,288,10,2025-11-11 03:57:08,mobile,complete
9099,958,29,2025-10-01 05:31:24,store,complete
9100,25,7,2025-10-16 21:36:44,store,cancelled
9101,1473,27,2025-12-12 06:43:24,web,complete
9102,1481,7,2025-06-22 11:12:22,mobile,cancelled
9103,1064,29,2025-03-12 11:45:04,phone,complete
9104,1410,20,2025-04-24 18:05:39,phone,complete
9105,742,2,2025-12-02 19:33:11,store,cancelled
9106,1400,34,2025-12-20 12:26:55,web,complete
9107,779,32,2025-04-25 00:35:05,mobile,cancelled
9108,582,40,2025-09-11 21:42:04,phone,complete
9109,877,7,2025-05-22 16:26:07,web,returned
9110,294,14,2025-06-19 09:23:26,web,complete
9111,1118,37,2025-03-14 18:59:31,phone,complete
9112,1421,29,2025-12-26 07:11:28,store,complete
9113,529,20,2025-10-22 05:23:35,phone,complete
9114,620,27,2025-08-15 05:05:05,store,returned
9115,899,30,2025-03-31 00:42:23,store,complete
9116,347,8,2025-11-15 01:53:46,phone,complete
9117,130,23,2025-07-21 10:41:34,mobile,returned
9118,740,8,2025-03-09 10:55:28,phone,complete
9119,406,10,2025-08-15 07:31:20,web,complete
9120,1464,32,2025-12-10 22:58:59,mobile,returned
9121,113,15,2025-09-10 10:24:11,store,returned
9122,652,16,2025-10-19 07:34:44,mobile,returned
9123,1482,15,2025-04-25 09:56:01,phone,returned
9124,506,17,2025-10-20 07:55:57,web,complete
9125,1361,38,2025-08-01 19:05:48,mobile,complete
9126,447,34,2025-12-14 07:56:25,store,complete
9127,854,25,2025-02-20 14:03:59,store,cancelled
9128,1186,28,2025-09-29 18:28:32,store,complete
9129,1208,11,2025-10-05 05:57:02,phone,cancelled
9130,810,31,2025-09-22 15:44:00,phone,returned
9131,1183,5,2025-12-10 11:40:29,mobile,complete
9132,72,21,2025-08-26 22:15:58,web,cancelled
9133,677,25,2025-01-31 12:24:40,phone,complete
9134,506,23,2025-10-20 21:49:36,web,returned
9135,325,35,2025-03-06 02:59:53,mobile,complete
9136,388,34,2025-01-26 12:27:14,store,complete
9137,650,22,2025-10-11 21:35:14,store,returned
9138,774,8,2025-12-11 07:41:49,mobile,returned
9139,122,28,2025-08-09 04:55:27,phone,complete
9140,502,4,2025-01-13 14:02:34,phone,returned
9141,1102,6,2025-09-20 03:11:15,phone,complete
9142,609,5,2025-12-26 09:34:43,store,complete
9143,14,35,2025-04-19 03:42:53,phone,complete
9144,287,7,2025-06-16 13:35:03,phone,returned
9145,1030,33,2025-05-20 05:48:16,phone,complete
9146,163,27,2025-09-12 07:52:43,store,complete
9147,583,8,2025-03-07 23:59:00,mobile,complete
9148,1143,36,2025-08-25 13:41:36,store,complete
9149,1351,11,2025-07-18 05:01:41,phone,complete
9150,1040,38,2025-02-21 07:33:08,mobile,complete
9151,862,20,2025-06-05 21:40:16,mobile,complete
9152,295,11,2025-09-04 05:34:50,store,complete
9153,771,7,2025-09-27 15:53:21,store,cancelled
9154,1083,35,2025-12-14 08:19:40,web,complete
9155,492,14,2025-08-05 09:19:08,web,complete
9156,806,13,2025-08-30 16:05:26,mobile,returned
9157,1126,36,2025-12-22 09:32:45,mobile,complete
9158,402,28,2025-08-27 12:13:58,store,complete
9159,767,31,2025-11-20 17:57:05,mobile,returned
9160,822,29,2025-01-15 19:56:49,web,complete
9161,595,32,2025-03-24 22:21:35,store,returned
9162,1108,4,2025-11-10 19:08:07,mobile,cancelled
9163,802,32,2025-08-05 08:12:01,web,complete
9164,1127,2,2025-12-07 23:57:44,web,complete
9165,1106,34,2025-09-04 00:56:01,mobile,complete
9166,716,29,2025-04-13 13:07:10,phone,complete
9167,295,24,2025-09-23 04:01:14,web,complete
9168,1330,5,2025-01-29 11:36:57,web,returned
9169,108,17,2025-01-25 18:03:48,phone,complete
9170,955,32,2025-07-23 06:02:53,mobile,returned
9171,173,38,2025-10-30 12:04:29,store,complete
9172,1223,21,2025-08-17 09:56:27,mobile,cancelled
9173,1080,6,2025-06-28 02:19:44,store,complete
9174,321,9,2025-02-13 15:47:14,phone,complete
9175,1471,18,2025-12-28 16:01:27,phone,complete
9176,226,12,2025-04-27 00:28:58,store,cancelled
9177,1066,31,2025-03-02 16:36:51,web,cancelled
9178,986,18,2025-11-23 08:18:34,phone,complete
9179,987,16,2025-08-11 22:22:49,web,cancelled
9180,1027,11,2025-06-07 16:16:05,web,returned
9181,835,3,2025-01-24 20:25:11,mobile,returned
9182,670,14,2025-03-31 22:56:13,store,complete
9183,354,8,2025-01-06 13:01:45,phone,complete
9184,1246,31,2025-10-14 16:56:49,phone,complete
9185,1441,35,2025-09-24 17:49:26,phone,complete
9186,178,6,2025-08-15 12:01:11,mobile,complete
9187,1187,18,2025-11-20 00:52:48,web,cancelled
9188,1207,23,2025-03-14 14:37:18,web,complete
9189,1131,5,2025-04-21 15:57:27,store,complete
9190,1008,38,2025-05-28 19:08:37,phone,complete
9191,1117,1,2025-06-21 04:14:20,store,complete
9192,1358,10,2025-12-30 03:54:52,phone,complete
9193,561,39,2025-09-04 23:20:47,web,cancelled
9194,85,1,2025-12-29 03:05:19,web,cancelled
9195,903,4,2025-11-07 16:11:32,phone,complete
9196,804,13,2025-07-08 05:24:46,web,cancelled
9197,13,24,2025-03-09 03:41:53,mobile,complete
9198,411,29,2025-05-16 04:11:46,store,returned
9199,31,1,2025-06-06 23:50:12,phone,complete
9200,38,28,2025-03-28 14:45:00,store,returned
9201,1221,13,2025-03-01 11:15:26,phone,cancelled
9202,305,13,2025-01-28 15:16:45,store,returned
9203,556,35,2025-02-27 21:52:21,phone,cancelled
9204,517,40,2025-04-25 14:59:56,phone,cancelled
9205,385,22,2025-01-28 21:27:35,phone,complete
9206,1101,13,2025-11-20 06:14:53,mobile,complete
9207,1186,18,2025-05-05 10:28:29,mobile,returned
9208,436,18,2025-03-19 06:07:14,phone,returned
9209,160,6,2025-06-18 13:13:58,phone,complete
9210,1324,28,2025-10-04 22:21:09,store,complete
9211,1032,24,2025-03-11 11:49:59,mobile,complete
9212,108,31,2025-07-16 17:22:44,phone,complete
9213,148,22,2025-07-01 11:31:44,phone,complete
9214,1443,6,2025-02-01 17:27:42,store,returned
9215,1478,34,2025-01-29 15:48:26,phone,complete
9216,957,1,2025-12-02 16:05:31,mobile,returned
9217,1193,32,2025-02-05 08:47:14,web,complete
9218,1418,32,2025-03-31 00:11:40,mobile,complete
9219,536,34,2025-10-30 16:55:08,phone,complete
9220,1102,23,2025-12-13 10:01:48,mobile,complete
9221,309,25,2025-12-25 08:26:54,store,cancelled
9222,1048,21,2025-02-14 06:27:55,web,cancelled
9223,1350,6,2025-07-23 15:44:58,mobile,cancelled
9224,1045,33,2025-10-10 03:58:10,web,returned
9225,48,8,2025-06-05 16:53:30,web,returned
9226,1053,32,2025-12-08 09:18:20,web,complete
9227,168,1,2025-02-03 08:40:09,mobile,cancelled
9228,54,14,2025-06-07 23:07:23,web,complete
9229,1080,4,2025-06-19 08:49:54,web,complete
9230,381,31,2025-06-23 21:11:58,store,complete
9231,965,38,2025-07-20 02:44:01,mobile,cancelled
9232,1357,18,2025-02-09 01:36:48,store,cancelled
9233,1460,6,2025-08-28 05:35:49,store,complete
9234,676,18,2025-03-01 01:18:02,mobile,returned
9235,655,16,2025-06-18 12:54:42,phone,complete
9236,1293,35,2025-06-08 04:12:39,mobile,cancelled
9237,1097,39,2025-06-29 21:35:03,store,cancelled
9238,421,23,2025-04-04 09:16:24,mobile,returned
9239,238,23,2025-04-06 09:22:30,phone,returned
9240,669,33,2025-02-27 05:17:11,web,complete
9241,807,1,2025-04-03 09:21:45,web,cancelled
9242,1234,16,2025-04-18 19:19:59,phone,complete
9243,1352,23,2025-02-08 13:44:36,mobile,complete
9244,75,11,2025-11-08 13:48:03,web,complete
9245,1037,5,2025-12-06 04:52:00,phone,complete
9246,75,16,2025-03-06 10:32:51,phone,complete
9247,568,33,2025-05-09 01:20:52,phone,complete
9248,1241,30,2025-04-16 00:28:30,phone,complete
9249,102,23,2025-05-12 21:55:25,mobile,complete
9250,1266,11,2025-05-12 18:54:31,web,returned
9251,796,40,2025-08-22 07:57:44,phone,complete
9252,1046,18,2025-03-03 02:43:51,mobile,complete
9253,1153,27,2025-11-18 13:28:31,store,complete
9254,1427,29,2025-10-31 23:33:38,phone,complete
9255,496,26,2025-03-27 10:13:28,store,complete
9256,342,32,2025-01-27 15:00:23,store,returned
9257,217,9,2025-02-11 00:16:01,web,returned
9258,511,15,2025-07-02 10:25:55,store,complete
9259,1500,11,2025-11-09 00:51:58,store,complete
9260,435,29,2025-11-27 23:21:32,mobile,complete
9261,827,16,2025-05-25 01:49:45,mobile,complete
9262,995,18,2025-05-07 16:05:48,phone,returned
9263,876,31,2025-09-29 12:01:41,mobile,complete
9264,201,24,2025-06-08 16:18:47,web,returned
9265,640,18,2025-11-26 22:44:49,mobile,returned
9266,559,10,2025-12-21 19:54:59,web,complete
9267,1194,5,2025-07-16 07:00:59,store,returned
9268,652,39,2025-02-18 20:50:18,phone,complete
9269,1188,33,2025-08-04 04:17:41,phone,cancelled
9270,185,29,2025-08-23 12:34:29,phone,complete
9271,1482,32,2025-06-14 06:47:28,store,complete
9272,246,9,2025-06-24 15:54:16,store,complete
9273,1368,11,2025-09-24 09:21:59,web,complete
9274,1150,37,2025-10-14 08:53:02,mobile,complete
9275,676,30,2025-08-03 08:41:07,phone,cancelled
9276,1390,8,2025-10-12 14:32:31,phone,complete
9277,1348,5,2025-01-05 21:32:35,phone,complete
9278,310,1,2025-04-01 18:42:06,store,returned
9279,1412,1,2025-10-12 12:52:31,mobile,complete
9280,1109,29,2025-12-29 02:37:04,mobile,returned
9281,1079,20,2025-04-07 17:56:22,phone,complete
9282,1326,34,2025-02-01 11:26:45,phone,complete
9283,1070,35,2025-11-18 12:22:58,mobile,complete
9284,1216,6,2025-05-03 11:43:10,web,returned
9285,534,28,2025-01-09 09:56:24,mobile,returned
9286,477,17,2025-12-04 19:23:15,store,cancelled
9287,1146,7,2025-01-19 21:33:05,phone,cancelled
9288,94,9,2025-10-11 21:24:37,phone,returned
9289,688,20,2025-05-23 10:39:43,mobile,returned
9290,1310,33,2025-01-22 11:49:18,store,complete
9291,378,29,2025-11-24 15:01:39,store,returned
9292,949,2,2025-12-07 18:00:34,phone,complete
9293,799,36,2025-05-26 17:50:06,web,complete
9294,373,16,2025-08-21 23:14:10,phone,complete
9295,1087,24,2025-05-15 13:31:21,mobile,complete
9296,839,9,2025-05-17 05:32:03,web,complete
9297,554,24,2025-01-14 11:16:05,phone,complete
9298,851,11,2025-05-16 00:48:05,mobile,returned
9299,1158,11,2025-08-19 04:33:17,store,cancelled
9300,851,6,2025-11-03 02:48:56,store,complete
9301,836,10,2025-03-16 18:49:57,mobile,complete
9302,1281,39,2025-01-22 22:34:51,store,complete
9303,1274,11,2025-10-29 16:17:56,mobile,returned
9304,17,25,2025-10-09 15:51:32,store,returned
9305,1249,9,2025-05-19 17:52:52,phone,cancelled
9306,837,40,2025-01-19 22:34:18,phone,complete
9307,235,15,2025-07-11 11:31:44,store,complete
9308,856,25,2025-05-03 03:45:30,mobile,cancelled
9309,1092,8,2025-02-12 01:12:53,store,complete
9310,805,36,2025-02-22 18:17:44,mobile,cancelled
9311,567,8,2025-01-15 22:06:01,phone,returned
9312,581,5,2025-08-14 00:53:17,store,returned
9313,1264,16,2025-10-10 05:11:48,phone,cancelled
9314,1028,7,2025-12-22 03:28:08,mobile,complete
9315,499,8,2025-11-11 08:55:22,mobile,complete
9316,480,30,2025-02-02 04:25:24,phone,returned
9317,102,28,2025-01-29 19:00:41,store,cancelled
9318,1111,11,2025-02-09 11:22:03,phone,returned
9319,702,2,2025-12-17 14:41:52,phone,cancelled
9320,1163,18,2025-11-27 20:00:07,web,complete
9321,1370,25,2025-06-22 10:58:16,web,complete
9322,713,17,2025-10-30 04:36:40,store,returned
9323,1224,16,2025-09-05 14:49:18,phone,returned
9324,1480,15,2025-06-29 07:10:23,mobile,cancelled
9325,373,23,2025-12-21 10:57:33,phone,complete
9326,1360,27,2025-01-10 00:04:04,web,returned
9327,1103,13,2025-06-19 20:02:05,mobile,complete
9328,212,10,2025-04-24 22:29:14,web,complete
9329,910,10,2025-12-10 11:39:08,store,complete
9330,990,9,2025-02-16 20:39:46,web,complete
9331,811,6,2025-12-13 04:04:52,web,complete
9332,833,4,2025-12-09 08:06:35,web,returned
9333,885,15,2025-10-20 09:27:46,store,complete
9334,403,24,2025-07-24 17:01:12,phone,complete
9335,758,29,2025-09-09 04:06:53,phone,returned
9336,186,32,2025-12-08 14:29:37,mobile,complete
9337,934,2,2025-10-04 07:37:09,web,complete
9338,413,26,2025-01-30 05:45:45,web,complete
9339,937,36,2025-09-09 12:54:58,web,complete
9340,1344,24,2025-10-12 08:29:31,web,complete
9341,546,21,2025-10-26 14:47:11,store,returned
9342,27,34,2025-12-20 09:52:28,store,complete
9343,86,32,2025-08-19 09:56:25,phone,complete
9344,392,40,2025-03-21 21:33:25,store,complete
9345,482,40,2025-02-23 04:34:43,web,complete
9346,131,8,2025-05-26 06:06:22,store,complete
9347,85,36,2025-07-06 00:16:03,store,complete
9348,289,39,2025-08-23 15:56:27,web,returned
9349,1495,37,2025-07-21 21:43:35,phone,complete
9350,543,3,2025-02-02 01:40:03,mobile,complete
9351,953,7,2025-05-27 15:14:59,store,complete
9352,1091,5,2025-11-14 04:08:56,store,complete
9353,135,22,2025-09-23 14:27:16,store,complete
9354,214,33,2025-11-03 12:59:15,web,returned
9355,1426,25,2025-06-14 20:49:15,store,complete
9356,1258,27,2025-05-22 22:13:43,mobile,returned
9357,788,7,2025-02-10 08:26:47,web,returned
9358,841,21,2025-09-06 11:40:16,web,cancelled
9359,1266,26,2025-09-15 13:57:57,mobile,complete
9360,106,6,2025-06-07 23:41:14,store,complete
9361,687,13,2025-03-10 17:50:18,phone,returned
9362,77,8,2025-07-02 08:57:33,phone,complete
9363,483,23,2025-09-28 16:48:12,web,complete
9364,1191,15,2025-05-23 16:47:54,mobile,returned
9365,1422,6,2025-07-16 02:20:32,phone,complete
9366,469,10,2025-04-21 20:51:34,mobile,returned
9367,172,39,2025-02-06 06:39:39,store,complete
9368,1001,24,2025-09-03 00:17:04,mobile,complete
9369,186,23,2025-11-29 23:36:56,web,returned
9370,1027,28,2025-02-11 23:14:08,store,returned
9371,824,7,2025-02-25 18:14:03,mobile,complete
9372,1316,7,2025-10-22 08:26:29,web,returned
9373,185,8,2025-04-06 07:48:24,mobile,complete
9374,423,35,2025-10-16 12:29:31,store,complete
9375,311,13,2025-07-11 08:56:27,mobile,complete
9376,578,31,2025-07-09 10:30:41,mobile,complete
9377,923,23,2025-11-09 17:40:03,phone,cancelled
9378,1161,7,2025-06-26 14:11:01,mobile,complete
9379,1387,25,2025-02-04 03:28:04,phone,complete
9380,860,10,2025-12-05 11:09:27,store,complete
9381,870,16,2025-03-08 19:03:39,phone,complete
9382,232,27,2025-02-20 13:21:34,phone,returned
9383,976,34,2025-11-24 13:07:46,phone,complete
9384,660,15,2025-01-16 03:15:03,store,complete
9385,972,23,2025-05-17 02:46:33,phone,returned
9386,622,24,2025-01-02 15:52:56,store,cancelled
9387,804,27,2025-04-02 22:20:33,store,complete
9388,1257,16,2025-04-09 04:12:39,phone,complete
9389,1316,9,2025-01-21 21:57:06,phone,complete
9390,12,26,2025-09-03 11:03:02,phone,complete
9391,817,22,2025-07-25 18:45:05,web,complete
9392,1275,8,2025-09-05 02:09:59,store,cancelled
9393,1432,27,2025-04-28 13:57:45,mobile,complete
9394,1233,21,2025-08-17 14:18:41,mobile,returned
9395,51,14,2025-01-09 15:00:38,mobile,complete
9396,388,32,2025-07-25 22:08:43,mobile,cancelled
9397,926,6,2025-06-20 10:45:19,web,cancelled
9398,964,6,2025-05-08 11:17:14,web,cancelled
9399,349,22,2025-09-12 06:41:50,mobile,returned
9400,1307,33,2025-02-11 01:29:46,web,cancelled
9401,781,28,2025-12-18 09:15:56,web,complete
9402,203,20,2025-05-22 20:37:00,store,complete
9403,1130,39,2025-06-02 13:29:45,mobile,cancelled
9404,650,13,2025-02-19 22:38:51,web,cancelled
9405,474,29,2025-08-26 09:05:39,mobile,complete
9406,1079,2,2025-10-28 08:17:28,store,returned
9407,792,19,2025-09-01 06:37:43,mobile,complete
9408,1170,29,2025-09-17 19:10:08,phone,returned
9409,51,10,2025-03-12 09:04:19,mobile,returned
9410,25,40,2025-06-09 09:45:31,phone,returned
9411,388,11,2025-12-11 00:48:35,store,complete
9412,784,20,2025-01-28 00:13:09,store,cancelled
9413,1168,12,2025-04-09 18:27:55,mobile,complete
9414,1168,5,2025-12-20 00:54:33,phone,complete
9415,932,9,2025-04-16 04:58:59,store,complete
9416,672,25,2025-04-04 04:31:42,web,complete
9417,616,17,2025-09-12 17:23:15,web,complete
9418,557,28,2025-03-16 00:04:12,store,complete
9419,137,16,2025-09-29 22:29:15,web,complete
9420,214,39,2025-11-22 20:59:14,mobile,complete
9421,952,31,2025-10-25 05:04:45,phone,returned
9422,525,16,2025-03-15 11:48:18,mobile,complete
9423,987,30,2025-05-30 09:44:32,store,returned
9424,872,16,2025-06-21 14:04:37,store,cancelled
9425,206,16,2025-05-20 04:16:30,mobile,complete
9426,1158,31,2025-12-16 14:48:21,phone,cancelled
9427,921,8,2025-08-11 22:12:23,mobile,returned
9428,1347,33,2025-07-07 04:00:08,web,complete
9429,1451,32,2025-10-15 02:27:30,mobile,returned
9430,1341,5,2025-12-12 07:56:50,web,complete
9431,133,22,2025-11-10 09:30:24,phone,complete
9432,1240,17,2025-06-08 19:08:04,phone,complete
9433,603,34,2025-05-20 05:23:38,web,cancelled
9434,135,39,2025-03-24 06:50:35,phone,returned
9435,511,39,2025-05-22 06:30:33,store,cancelled
9436,642,31,2025-12-30 08:25:29,store,complete
9437,439,35,2025-07-15 02:49:30,store,complete
9438,449,5,2025-06-14 05:06:10,store,complete
9439,294,8,2025-09-01 04:12:00,web,complete
9440,665,20,2025-04-09 14:38:41,store,returned
9441,89,27,2025-02-03 14:37:58,web,complete
9442,732,37,2025-04-16 19:52:09,mobile,complete
9443,1361,6,2025-02-06 22:39:22,web,complete
9444,746,18,2025-03-25 13:18:49,web,cancelled
9445,874,4,2025-11-07 19:52:00,web,complete
9446,904,25,2025-11-22 09:08:19,phone,cancelled
9447,331,8,2025-11-25 17:13:50,store,complete
9448,1352,14,2025-01-29 23:43:40,phone,complete
9449,591,18,2025-12-09 19:31:04,store,returned
9450,1243,19,2025-11-05 16:52:36,web,complete
9451,127,18,2025-06-16 16:47:08,phone,complete
9452,1015,17,2025-05-09 16:10:33,mobile,returned
9453,823,14,2025-08-22 03:40:16,phone,cancelled
9454,121,18,2025-08-27 21:18:46,phone,complete
9455,85,10,2025-01-01 02:41:45,web,complete
9456,1278,10,2025-06-07 08:42:33,store,complete
9457,514,18,2025-10-13 16:29:15,mobile,cancelled
9458,1174,32,2025-10-25 02:13:44,mobile,complete
9459,227,39,2025-11-04 19:17:47,phone,returned
9460,669,34,2025-09-10 06:11:14,web,complete
9461,446,22,2025-07-31 11:36:48,mobile,returned
9462,1114,22,2025-04-24 17:02:50,phone,complete
9463,287,40,2025-12-09 02:50:33,mobile,complete
9464,1378,15,2025-10-11 06:08:03,store,complete
9465,1109,26,2025-02-12 21:40:35,web,complete
9466,462,4,2025-10-31 02:50:28,store,complete
9467,779,7,2025-10-04 11:43:11,store,returned
9468,543,35,2025-05-16 22:15:03,store,complete
9469,564,9,2025-03-24 08:30:38,mobile,returned
9470,560,40,2025-07-10 15:06:19,web,complete
9471,1388,11,2025-01-26 00:48:20,store,complete
9472,537,32,2025-05-21 08:46:45,web,cancelled
9473,200,15,2025-02-02 09:30:54,web,returned
9474,271,9,2025-07-29 09:11:38,web,complete
9475,309,5,2025-03-10 00:35:59,store,cancelled
9476,1127,26,2025-12-06 20:12:09,mobile,cancelled
9477,1145,30,2025-09-28 16:08:07,mobile,cancelled
9478,1079,12,2025-07-15 01:00:55,web,complete
9479,413,22,2025-02-18 00:04:34,web,returned
9480,643,7,2025-02-01 08:55:10,store,complete
9481,472,31,2025-11-23 17:10:36,web,complete
9482,758,40,2025-01-05 05:06:47,mobile,complete
9483,1007,24,2025-06-02 12:18:10,phone,cancelled
9484,67,27,2025-09-27 12:17:13,phone,complete
9485,1107,7,2025-07-17 13:57:41,web,complete
9486,1206,3,2025-12-13 12:36:22,mobile,cancelled
9487,974,6,2025-04-06 10:30:17,store,cancelled
9488,876,29,2025-09-08 05:01:15,web,cancelled
9489,145,23,2025-02-21 23:00:23,phone,cancelled
9490,1430,3,2025-02-08 14:40:57,phone,complete
9491,358,20,2025-02-14 00:47:41,phone,complete
9492,517,6,2025-03-08 21:26:04,web,returned
9493,416,30,2025-07-05 17:30:16,web,complete
9494,145,7,2025-10-07 06:59:15,store,complete
9495,237,37,2025-03-25 13:17:42,store,returned
9496,1074,5,2025-05-22 08:26:29,mobile,complete
9497,1459,34,2025-01-31 23:31:38,web,complete
9498,255,32,2025-11-05 15:35:46,store,complete
9499,406,24,2025-05-23 19:09:18,store,complete
9500,1482,36,2025-08-03 16:50:47,phone,complete
9501,448,20,2025-07-19 13:11:37,mobile,complete
9502,10,6,2025-06-22 14:33:39,web,returned
9503,1110,7,2025-11-22 03:37:50,phone,complete
9504,440,17,2025-01-24 18:04:05,mobile,complete
9505,182,28,2025-04-29 20:30:12,web,complete
9506,169,2,2025-10-28 18:11:41,web,cancelled
9507,624,29,2025-06-30 00:18:16,phone,cancelled
9508,793,27,2025-06-16 12:28:39,web,returned
9509,517,17,2025-12-19 23:53:30,mobile,returned
9510,482,17,2025-08-11 08:46:39,store,complete
9511,1027,38,2025-11-16 09:56:26,phone,complete
9512,605,35,2025-08-14 17:32:17,phone,complete
9513,366,9,2025-04-07 00:40:20,store,returned
9514,1437,4,2025-07-12 22:07:06,web,complete
9515,901,31,2025-10-17 07:31:49,phone,complete
9516,843,2,2025-08-08 18:55:48,mobile,complete
9517,1043,40,2025-01-28 01:51:18,phone,returned
9518,904,14,2025-08-30 22:24:37,web,returned
9519,509,29,2025-09-08 05:21:52,web,cancelled
9520,180,13,2025-12-10 03:54:13,mobile,complete
9521,1221,11,2025-11-28 23:40:28,phone,cancelled
9522,1000,30,2025-05-04 02:24:23,mobile,complete
9523,968,38,2025-06-17 14:02:45,phone,complete
9524,53,20,2025-01-23 23:49:39,store,cancelled
9525,1373,10,2025-05-28 09:43:28,phone,complete
9526,1085,13,2025-12-27 03:30:06,mobile,complete
9527,792,32,2025-12-13 12:53:33,phone,complete
9528,322,17,2025-07-15 03:55:19,store,returned
9529,553,40,2025-05-03 23:31:11,mobile,returned
9530,1363,31,2025-09-14 02:50:36,web,returned
9531,905,25,2025-05-31 08:35:42,phone,complete
9532,1397,32,2025-11-30 17:59:30,phone,cancelled
9533,862,14,2025-11-15 19:38:20,phone,complete
9534,56,27,2025-02-03 14:53:49,web,complete
9535,269,28,2025-12-30 21:52:32,web,returned
9536,591,33,2025-10-20 03:11:33,store,complete
9537,657,34,2025-04-30 13:32:36,web,complete
9538,1136,38,2025-05-29 01:54:36,store,complete
9539,70,1,2025-09-20 01:04:22,phone,complete
9540,694,4,2025-03-29 22:43:04,web,complete
9541,747,5,2025-10-25 17:56:24,store,complete
9542,771,19,2025-11-12 19:20:50,web,complete
9543,540,15,2025-01-29 04:51:02,web,cancelled
9544,304,3,2025-07-11 06:55:25,store,complete
9545,859,39,2025-07-13 11:51:55,web,complete
9546,1006,1,2025-09-08 14:52:04,web,complete
9547,239,16,2025-03-06 00:56:53,web,cancelled
9548,718,22,2025-12-13 03:38:44,phone,complete
9549,589,40,2025-08-12 05:48:33,phone,complete
9550,350,37,2025-05-13 13:59:57,web,complete
9551,999,5,2025-03-28 04:14:16,phone,complete
9552,13,38,2025-08-31 16:51:32,phone,cancelled
9553,3,14,2025-09-02 09:48:49,web,complete
9554,145,40,2025-04-16 05:35:40,phone,cancelled
9555,1049,33,2025-12-27 08:09:38,store,complete
9556,648,31,2025-03-20 22:26:58,phone,complete
9557,245,14,2025-01-11 12:49:38,store,returned
9558,420,22,2025-01-23 01:40:25,store,complete
9559,96,37,2025-04-17 20:33:00,store,returned
9560,231,35,2025-12-05 16:52:21,phone,cancelled
9561,788,21,2025-11-22 00:24:33,web,complete
9562,802,19,2025-11-30 09:16:29,store,returned
9563,330,36,2025-07-31 12:31:39,mobile,cancelled
9564,614,3,2025-08-16 10:21:28,phone,complete
9565,1418,37,2025-08-02 12:14:22,store,complete
9566,69,17,2025-05-18 17:52:43,phone,complete
9567,611,6,2025-03-16 23:52:27,web,returned
9568,1396,13,2025-08-15 12:23:44,web,returned
9569,1495,27,2025-02-09 10:01:22,phone,complete
9570,115,37,2025-10-26 16:34:20,phone,complete
9571,1048,25,2025-07-30 00:25:30,mobile,returned
9572,950,14,2025-05-11 13:54:37,mobile,complete
9573,1297,8,2025-10-03 19:06:38,web,complete
9574,187,1,2025-01-26 01:59:37,store,returned
9575,186,24,2025-02-05 14:14:41,phone,complete
9576,153,15,2025-11-05 10:53:54,web,cancelled
9577,1100,11,2025-01-25 15:14:35,store,complete
9578,288,9,2025-09-29 05:14:40,store,returned
9579,33,14,2025-04-11 23:24:43,web,cancelled
9580,517,22,2025-06-08 15:40:01,store,complete
9581,318,28,2025-01-23 12:18:50,mobile,returned
9582,232,29,2025-01-30 02:14:08,store,cancelled
9583,1058,10,2025-07-14 09:08:43,web,complete
9584,358,19,2025-12-20 09:05:31,mobile,complete
9585,661,18,2025-10-20 04:37:52,web,complete
9586,727,39,2025-05-19 18:51:50,store,returned
9587,1121,1,2025-10-12 16:00:00,phone,returned
9588,197,39,2025-08-20 17:08:01,mobile,complete
9589,504,35,2025-12-02 07:44:42,store,cancelled
9590,893,37,2025-04-18 19:49:01,phone,complete
9591,1153,16,2025-11-30 19:34:54,store,complete
9592,265,21,2025-12-07 19:12:00,web,returned
9593,6,1,2025-09-13 13:50:52,phone,complete
9594,917,8,2025-06-21 07:58:08,mobile,complete
9595,1040,12,2025-12-03 12:52:22,phone,complete
9596,1112,6,2025-01-14 11:10:47,mobile,cancelled
9597,1144,15,2025-12-17 15:09:09,phone,complete
9598,468,32,2025-11-30 06:55:58,mobile,returned
9599,1291,10,2025-07-27 00:06:10,phone,complete
9600,620,36,2025-04-16 18:25:57,phone,complete
9601,1401,20,2025-08-09 22:43:36,store,cancelled
9602,833,10,2025-09-22 10:20:26,web,complete
9603,1161,38,2025-04-11 18:23:40,store,complete
9604,890,39,2025-05-15 02:31:09,store,returned
9605,758,4,2025-04-13 02:57:08,mobile,complete
9606,118,14,2025-08-01 22:15:25,web,complete
9607,638,37,2025-12-28 21:57:01,web,cancelled
9608,674,35,2025-04-01 04:47:27,web,complete
9609,416,39,2025-12-13 22:29:19,web,cancelled
9610,192,24,2025-06-06 12:31:38,web,complete
9611,433,27,2025-10-31 03:01:20,store,complete
9612,392,12,2025-11-10 23:42:21,phone,cancelled
9613,1352,22,2025-03-29 00:46:16,mobile,complete
9614,1249,7,2025-01-13 17:45:43,store,complete
9615,1190,36,2025-11-16 10:25:35,phone,cancelled
9616,1409,24,2025-06-13 09:54:30,mobile,cancelled
9617,169,35,2025-08-10 21:18:38,mobile,complete
9618,501,39,2025-01-21 17:26:44,phone,returned
9619,1186,34,2025-07-17 06:36:36,web,returned
9620,1047,31,2025-07-29 12:10:49,phone,cancelled
9621,599,30,2025-02-27 23:48:46,mobile,cancelled
9622,482,29,2025-06-16 17:38:56,phone,complete
9623,1437,20,2025-05-18 21:20:18,web,returned
9624,1137,31,2025-04-30 16:10:07,web,cancelled
9625,641,12,2025-03-23 10:29:44,web,complete
9626,941,27,2025-03-09 19:11:57,mobile,complete
9627,1219,23,2025-02-13 08:13:54,phone,complete
9628,217,23,2025-10-08 12:17:55,store,complete
9629,804,21,2025-04-17 06:07:19,phone,complete
9630,843,3,2025-04-22 17:49:06,mobile,complete
9631,772,20,2025-03-24 05:10:41,mobile,cancelled
9632,361,9,2025-02-13 01:46:58,mobile,complete
9633,845,24,2025-09-07 14:54:15,web,cancelled
9634,1194,22,2025-12-19 18:53:05,web,complete
9635,609,11,2025-06-12 15:17:54,mobile,complete
9636,946,16,2025-04-09 03:20:07,mobile,complete
9637,328,35,2025-06-19 02:34:24,web,complete
9638,585,40,2025-10-08 16:32:47,store,complete
9639,957,33,2025-10-21 16:39:09,phone,complete
9640,763,14,2025-10-02 01:13:18,store,cancelled
9641,312,15,2025-05-13 14:11:15,web,complete
9642,164,25,2025-09-17 19:09:53,phone,complete
9643,713,10,2025-11-09 14:02:08,mobile,complete
9644,503,20,2025-04-14 17:50:19,store,complete
9645,478,30,2025-02-26 21:57:26,mobile,complete
9646,947,37,2025-06-02 13:35:32,phone,returned
9647,341,21,2025-04-28 16:21:33,store,returned
9648,1392,15,2025-07-25 21:15:45,web,complete
9649,626,12,2025-09-18 00:48:49,mobile,cancelled
9650,1440,23,2025-08-11 20:47:00,mobile,complete
9651,616,22,2025-04-11 06:46:50,store,complete
9652,285,39,2025-11-09 04:31:18,web,cancelled
9653,65,20,2025-04-25 12:55:13,store,returned
9654,347,29,2025-12-17 17:05:51,web,cancelled
9655,469,18,2025-12-17 04:29:18,mobile,complete
9656,1003,20,2025-02-24 01:45:48,mobile,complete
9657,1343,17,2025-05-05 05:45:15,phone,complete
9658,1061,25,2025-11-14 09:02:21,store,complete
9659,1141,30,2025-12-30 21:20:39,mobile,cancelled
9660,558,40,2025-10-18 04:39:07,web,cancelled
9661,1165,27,2025-06-25 09:43:54,phone,complete
9662,282,39,2025-03-19 00:58:19,phone,complete
9663,459,18,2025-06-17 05:18:39,mobile,returned
9664,1093,3,2025-04-16 03:32:15,phone,returned
9665,465,18,2025-12-15 17:44:55,phone,returned
9666,1234,13,2025-09-27 04:26:39,mobile,complete
9667,1182,21,2025-05-19 06:13:52,mobile,complete
9668,1423,35,2025-08-20 15:04:44,phone,cancelled
9669,1454,8,2025-05-12 15:36:50,store,complete
9670,1035,39,2025-06-25 22:51:01,store,complete
9671,215,18,2025-08-04 05:14:52,phone,complete
9672,1092,6,2025-10-31 02:08:19,phone,complete
9673,948,15,2025-06-13 06:18:51,store,complete
9674,1395,5,2025-06-26 08:24:55,phone,complete
9675,422,10,2025-12-30 01:19:58,web,complete
9676,1457,7,2025-09-08 22:59:36,phone,complete
9677,863,35,2025-11-14 23:25:56,store,complete
9678,357,40,2025-02-09 12:49:23,web,complete
9679,1058,40,2025-02-16 02:21:36,store,complete
9680,70,28,2025-03-11 03:54:09,web,cancelled
9681,80,3,2025-07-14 21:47:16,store,cancelled
9682,416,20,2025-08-24 00:19:55,phone,complete
9683,558,4,2025-11-30 19:25:29,store,returned
9684,391,37,2025-12-02 14:03:20,mobile,complete
9685,1214,15,2025-01-16 08:52:40,phone,complete
9686,1230,14,2025-09-24 12:22:38,store,complete
9687,312,24,2025-10-17 16:55:21,web,cancelled
9688,931,31,2025-12-29 21:41:48,store,complete
9689,525,2,2025-06-25 22:26:30,web,complete
9690,1346,34,2025-07-16 06:12:41,mobile,complete
9691,691,17,2025-09-06 14:23:34,mobile,cancelled
9692,622,8,2025-08-30 12:26:28,phone,complete
9693,745,13,2025-05-29 17:48:10,mobile,complete
9694,357,17,2025-05-19 16:14:03,mobile,complete
9695,1434,10,2025-04-09 21:35:29,mobile,complete
9696,671,20,2025-05-16 21:35:45,mobile,returned
9697,893,11,2025-10-03 21:15:13,web,returned
9698,1399,4,2025-05-22 10:00:40,store,returned
9699,1190,3,2025-09-28 22:15:30,phone,cancelled
9700,635,23,2025-05-27 17:53:08,web,complete
9701,1263,39,2025-03-04 16:53:35,mobile,complete
9702,1149,20,2025-05-04 23:39:31,mobile,cancelled
9703,1198,4,2025-02-13 22:49:01,store,returned
9704,1309,21,2025-02-24 08:00:24,web,complete
9705,1103,20,2025-04-20 04:05:49,store,returned
9706,1333,22,2025-07-17 21:54:59,store,complete
9707,169,12,2025-07-24 12:42:36,phone,complete
9708,798,8,2025-11-10 08:46:11,phone,complete
9709,299,24,2025-04-10 02:13:22,phone,returned
9710,384,15,2025-09-06 16:08:21,store,complete
9711,1403,22,2025-09-25 00:47:08,phone,cancelled
9712,900,35,2025-06-03 23:47:41,phone,complete
9713,484,29,2025-02-18 08:32:05,web,complete
9714,1136,29,2025-11-17 20:03:06,store,complete
9715,1194,11,2025-11-30 11:42:30,phone,complete
9716,1361,9,2025-10-21 11:30:34,phone,complete
9717,1404,16,2025-09-03 10:07:35,mobile,complete
9718,317,27,2025-04-22 22:33:22,mobile,complete
9719,390,26,2025-05-29 22:19:13,web,complete
9720,1462,37,2025-07-08 17:12:22,mobile,complete
9721,737,7,2025-11-02 14:00:43,mobile,complete
9722,839,18,2025-06-18 03:01:28,mobile,complete
9723,1306,28,2025-03-02 07:56:22,store,complete
9724,646,30,2025-04-24 05:46:12,store,complete
9725,1305,16,2025-05-25 22:26:07,store,cancelled
9726,800,30,2025-12-13 16:00:16,web,returned
9727,355,37,2025-02-10 14:09:19,store,complete
9728,796,33,2025-04-23 20:26:55,web,complete
9729,713,18,2025-06-10 09:21:02,store,complete
9730,372,1,2025-04-27 01:10:29,web,complete
9731,103,15,2025-07-21 04:45:35,mobile,returned
9732,927,21,2025-05-27 14:44:01,store,complete
9733,355,26,2025-07-13 01:30:43,phone,cancelled
9734,324,3,2025-04-01 19:37:29,phone,complete
9735,1429,10,2025-02-16 04:26:29,web,cancelled
9736,68,34,2025-08-05 21:18:31,mobile,complete
9737,557,6,2025-05-10 22:31:15,mobile,complete
9738,1204,35,2025-11-06 22:44:49,web,complete
9739,1182,21,2025-05-24 17:05:22,mobile,complete
9740,362,33,2025-08-31 11:37:53,mobile,complete
9741,10,16,2025-02-07 18:30:49,mobile,returned
9742,980,9,2025-06-18 09:24:39,mobile,complete
9743,1190,13,2025-03-09 02:13:46,web,returned
9744,963,35,2025-08-02 12:06:15,phone,complete
9745,839,24,2025-01-17 20:01:07,mobile,complete
9746,106,4,2025-08-23 11:02:34,phone,returned
9747,150,7,2025-05-03 02:47:34,mobile,cancelled
9748,709,30,2025-12-04 22:34:30,phone,cancelled
9749,642,21,2025-08-21 13:33:45,mobile,complete
9750,1382,24,2025-04-12 22:11:59,phone,complete
9751,652,27,2025-06-25 02:13:23,phone,complete
9752,651,20,2025-10-22 17:51:48,web,complete
9753,828,8,2025-02-21 18:21:15,phone,complete
9754,206,1,2025-12-13 10:38:53,phone,cancelled
9755,1158,19,2025-09-25 04:29:55,phone,returned
9756,965,28,2025-12-10 12:08:19,web,complete
9757,1253,3,2025-10-20 09:22:31,phone,cancelled
9758,1196,26,2025-04-25 18:05:54,mobile,returned
9759,194,32,2025-02-01 08:15:51,store,returned
9760,249,12,2025-03-10 23:39:31,store,complete
9761,1287,9,2025-11-15 00:53:42,web,cancelled
9762,72,18,2025-10-23 00:40:52,store,returned
9763,236,23,2025-01-20 16:22:22,store,cancelled
9764,892,6,2025-02-06 04:13:46,mobile,cancelled
9765,1356,28,2025-11-05 15:00:53,web,returned
9766,443,26,2025-03-09 06:13:50,web,cancelled
9767,361,5,2025-06-13 03:02:50,phone,complete
9768,596,35,2025-04-18 05:24:31,web,complete
9769,1121,2,2025-08-14 08:26:08,phone,cancelled
9770,109,36,2025-06-03 09:41:46,phone,complete
9771,737,6,2025-06-01 23:23:05,web,cancelled
9772,404,36,2025-02-28 20:21:37,store,cancelled
9773,9,27,2025-08-12 18:55:52,mobile,cancelled
9774,99,40,2025-08-10 18:53:32,mobile,cancelled
9775,72,6,2025-02-03 08:22:01,mobile,complete
9776,1320,30,2025-02-09 01:38:57,phone,returned
9777,355,18,2025-03-18 04:37:59,web,complete
9778,1047,2,2025-11-11 21:35:43,phone,cancelled
9779,1487,1,2025-12-03 02:22:52,mobile,cancelled
9780,1441,28,2025-12-09 12:13:59,web,complete
9781,461,5,2025-06-02 09:09:31,phone,returned
9782,441,36,2025-03-27 21:28:00,store,complete
9783,172,31,2025-11-30 13:19:16,mobile,complete
9784,1227,37,2025-02-07 22:08:25,store,complete
9785,846,25,2025-06-18 05:07:17,mobile,cancelled
9786,1347,8,2025-01-09 13:24:28,phone,complete
9787,905,30,2025-01-31 23:23:06,mobile,cancelled
9788,389,5,2025-11-18 16:47:10,mobile,complete
9789,1440,20,2025-10-06 15:58:43,mobile,complete
9790,1443,8,2025-08-12 20:40:07,store,complete
9791,636,14,2025-11-15 13:38:56,web,complete
9792,1004,2,2025-06-25 13:39:13,web,complete
9793,144,35,2025-08-10 16:30:53,store,returned
9794,527,15,2025-03-31 19:19:16,phone,returned
9795,1005,7,2025-07-19 16:14:56,store,cancelled
9796,1431,26,2025-10-14 05:42:19,store,cancelled
9797,748,1,2025-12-17 18:36:48,web,returned
9798,470,5,2025-04-02 22:38:25,mobile,complete
9799,1340,30,2025-10-08 11:47:55,mobile,cancelled
9800,493,5,2025-02-13 01:48:53,phone,complete
9801,930,37,2025-11-30 17:09:38,mobile,complete
9802,1192,16,2025-11-09 12:23:48,phone,cancelled
9803,589,27,2025-08-05 19:44:14,mobile,complete
9804,472,27,2025-03-19 21:28:27,store,complete
9805,1301,30,2025-12-31 09:32:40,phone,cancelled
9806,140,35,2025-04-22 13:40:15,mobile,returned
9807,834,24,2025-05-25 00:28:05,phone,complete
9808,1393,17,2025-01-29 18:01:33,phone,complete
9809,844,20,2025-10-22 02:40:51,store,complete
9810,42,30,2025-03-25 10:09:20,store,complete
9811,622,28,2025-01-21 20:48:06,mobile,complete
9812,861,5,2025-12-09 08:25:01,web,returned
9813,266,30,2025-02-12 15:05:51,store,complete
9814,28,5,2025-12-02 15:15:30,web,complete
9815,653,36,2025-01-03 01:01:41,web,returned
9816,1292,28,2025-06-12 08:18:36,store,returned
9817,1434,6,2025-06-12 11:45:42,mobile,complete
9818,816,25,2025-05-02 23:17:39,store,cancelled
9819,300,39,2025-08-06 01:19:40,store,complete
9820,168,7,2025-07-21 03:19:10,web,returned
9821,266,16,2025-06-17 00:58:39,web,complete
9822,745,35,2025-12-01 20:12:29,web,returned
9823,1042,12,2025-01-08 20:04:54,store,complete
9824,1184,27,2025-02-24 19:56:01,phone,complete
9825,641,4,2025-03-26 23:15:31,phone,cancelled
9826,994,21,2025-07-27 02:25:42,phone,cancelled
9827,164,19,2025-08-08 16:52:09,web,complete
9828,1002,4,2025-05-02 20:23:56,store,complete
9829,1225,31,2025-11-18 13:12:54,phone,cancelled
9830,771,21,2025-11-21 09:30:48,store,cancelled
9831,457,19,2025-04-30 17:06:57,web,returned
9832,533,27,2025-06-10 05:52:12,store,cancelled
9833,1334,38,2025-05-01 13:46:19,mobile,cancelled
9834,907,16,2025-07-25 19:11:17,phone,complete
9835,1351,24,2025-12-15 21:31:35,store,complete
9836,1165,31,2025-01-04 06:41:00,phone,complete
9837,695,15,2025-01-12 16:43:56,store,cancelled
9838,720,24,2025-08-19 03:00:12,web,complete
9839,321,7,2025-05-18 13:18:09,phone,cancelled
9840,1280,27,2025-01-25 01:39:12,web,complete
9841,1219,34,2025-09-15 08:01:14,mobile,complete
9842,1283,17,2025-02-08 13:34:25,mobile,cancelled
9843,1462,26,2025-07-03 20:23:16,phone,returned
9844,759,32,2025-01-10 01:42:25,web,cancelled
9845,623,1,2025-06-10 11:44:01,phone,complete
9846,522,21,2025-08-18 05:10:52,mobile,complete
9847,532,16,2025-08-17 07:53:29,store,complete
9848,628,20,2025-09-10 20:31:15,mobile,cancelled
9849,770,16,2025-02-24 03:53:17,web,complete
9850,1039,29,2025-11-23 16:36:58,web,returned
9851,364,5,2025-10-05 16:14:45,web,cancelled
9852,1325,13,2025-08-09 05:24:32,web,complete
9853,530,8,2025-03-13 09:28:01,store,complete
9854,1068,34,2025-12-24 15:14:07,mobile,returned
9855,46,37,2025-07-22 15:36:15,web,cancelled
9856,1064,7,2025-04-24 07:55:04,web,complete
9857,208,20,2025-09-11 20:30:18,phone,returned
9858,826,23,2025-07-07 21:23:24,phone,returned
9859,1160,37,2025-10-12 15:20:38,store,complete
9860,1494,15,2025-05-25 19:36:13,web,cancelled
9861,1029,20,2025-01-28 15:59:59,phone,cancelled
9862,919,14,2025-08-07 06:13:11,store,complete
9863,1066,25,2025-09-14 18:30:14,phone,complete
9864,158,27,2025-09-23 00:15:21,mobile,returned
9865,848,27,2025-10-05 17:54:15,phone,complete
9866,689,7,2025-03-08 10:45:57,mobile,returned
9867,575,40,2025-02-22 05:07:16,phone,cancelled
9868,422,5,2025-07-20 02:15:35,web,complete
9869,669,22,2025-01-02 14:50:17,store,cancelled
9870,573,18,2025-09-20 16:56:35,mobile,returned
9871,670,15,2025-07-28 22:59:21,mobile,cancelled
9872,1007,15,2025-07-22 07:16:41,store,complete
9873,590,20,2025-08-27 08:19:36,mobile,complete
9874,473,23,2025-03-08 09:46:16,phone,complete
9875,448,36,2025-09-01 04:16:33,mobile,complete
9876,563,34,2025-01-31 13:04:28,mobile,complete
9877,331,38,2025-01-13 08:16:48,mobile,complete
9878,156,11,2025-02-15 15:25:58,store,returned
9879,1258,18,2025-08-03 06:46:43,store,complete
9880,77,22,2025-06-05 02:22:08,phone,cancelled
9881,693,40,2025-09-04 14:52:57,store,complete
9882,356,3,2025-10-22 16:25:21,store,complete
9883,181,1,2025-11-18 23:28:16,web,cancelled
9884,819,29,2025-10-20 12:39:25,store,returned
9885,1049,8,2025-04-22 01:11:54,mobile,complete
9886,891,25,2025-05-19 08:47:06,store,complete
9887,1023,36,2025-11-11 08:23:43,phone,complete
9888,536,27,2025-06-21 11:47:11,mobile,cancelled
9889,350,6,2025-02-16 19:06:52,store,complete
9890,1138,28,2025-04-25 09:53:22,web,complete
9891,836,28,2025-10-21 00:13:23,mobile,cancelled
9892,477,27,2025-11-23 03:45:25,mobile,complete
9893,553,12,2025-05-13 14:41:42,phone,complete
9894,1352,19,2025-07-16 05:18:27,mobile,complete
9895,605,24,2025-09-20 06:55:57,store,cancelled
9896,528,39,2025-07-08 17:57:46,store,returned
9897,276,5,2025-11-27 02:55:35,phone,complete
9898,1453,18,2025-11-26 05:45:18,phone,complete
9899,273,6,2025-08-15 09:12:59,mobile,cancelled
9900,1260,30,2025-12-26 17:45:22,phone,returned
9901,977,28,2025-12-27 01:21:17,phone,cancelled
9902,479,37,2025-08-24 21:24:54,web,complete
9903,876,29,2025-09-11 18:10:15,web,cancelled
9904,759,23,2025-08-04 23:48:15,web,returned
9905,1127,2,2025-10-09 06:12:00,web,complete
9906,1334,29,2025-12-13 00:36:22,phone,complete
9907,1057,38,2025-03-13 05:58:33,web,complete
9908,1068,7,2025-04-09 10:34:33,web,complete
9909,367,40,2025-06-05 17:41:32,mobile,cancelled
9910,828,11,2025-05-10 11:46:21,mobile,complete
9911,1135,17,2025-09-04 07:52:13,mobile,complete
9912,885,35,2025-09-03 20:50:36,phone,cancelled
9913,647,32,2025-05-13 07:28:05,store,complete
9914,228,23,2025-07-05 07:42:07,mobile,cancelled
9915,1196,10,2025-09-01 16:01:44,store,complete
9916,583,11,2025-03-13 07:53:44,phone,complete
9917,710,15,2025-07-01 14:36:58,phone,cancelled
9918,661,13,2025-03-19 12:46:41,web,complete
9919,927,34,2025-06-27 19:16:38,web,complete
9920,5,26,2025-09-16 06:54:21,web,complete
9921,884,2,2025-02-26 13:30:48,store,cancelled
9922,289,31,2025-08-25 23:07:08,mobile,returned
9923,142,7,2025-12-28 18:41:24,mobile,returned
9924,243,17,2025-05-08 12:51:40,mobile,complete
9925,1369,20,2025-08-08 04:55:11,web,complete
9926,429,10,2025-03-17 15:59:09,mobile,complete
9927,828,11,2025-03-16 13:58:31,store,returned
9928,1360,12,2025-09-02 01:42:10,phone,complete
9929,1214,33,2025-11-03 21:35:23,mobile,complete
9930,385,26,2025-10-30 12:49:03,web,complete
9931,528,16,2025-07-31 20:39:04,phone,returned
9932,787,3,2025-05-15 21:56:55,phone,complete
9933,1337,11,2025-01-10 04:31:14,store,complete
9934,1158,7,2025-01-29 00:28:45,phone,complete
9935,406,17,2025-04-11 12:17:56,phone,complete
9936,206,11,2025-07-29 16:23:19,mobile,cancelled
9937,31,6,2025-03-20 04:57:21,web,complete
9938,720,17,2025-10-07 22:02:20,phone,cancelled
9939,257,8,2025-12-19 07:09:29,web,complete
9940,479,24,2025-01-14 01:47:43,store,complete
9941,1059,35,2025-04-13 04:20:24,web,complete
9942,1273,19,2025-05-14 14:36:47,phone,complete
9943,1363,33,2025-10-06 17:22:52,phone,complete
9944,361,29,2025-04-08 01:32:43,store,complete
9945,932,1,2025-12-29 16:39:28,web,complete
9946,1037,36,2025-05-28 07:12:23,store,complete
9947,522,8,2025-08-11 08:27:03,web,complete
9948,1244,7,2025-05-08 17:08:27,store,complete
9949,603,1,2025-12-03 03:30:21,web,returned
9950,1121,33,2025-12-23 17:53:08,store,complete
9951,370,16,2025-09-10 02:08:50,store,returned
9952,280,14,2025-09-05 16:09:42,web,complete
9953,1173,21,2025-05-27 13:04:35,web,returned
9954,440,40,2025-02-23 11:12:17,mobile,returned
9955,116,37,2025-01-10 06:33:41,phone,returned
9956,360,14,2025-11-23 13:44:27,store,complete
9957,26,5,2025-09-19 08:28:21,store,complete
9958,1463,25,2025-03-27 03:26:14,mobile,returned
9959,15,39,2025-01-10 17:55:51,store,complete
9960,460,15,2025-08-24 12:42:46,phone,complete
9961,929,28,2025-10-29 15:23:28,store,complete
9962,740,33,2025-02-20 20:00:47,web,returned
9963,488,26,2025-07-06 22:20:42,store,complete
9964,1315,6,2025-10-15 04:03:19,mobile,cancelled
9965,105,39,2025-01-17 13:38:23,store,complete
9966,142,16,2025-08-11 15:19:17,web,returned
9967,827,31,2025-05-11 20:05:45,mobile,complete
9968,1465,18,2025-04-02 04:18:49,phone,complete
9969,553,12,2025-07-13 14:17:01,web,complete
9970,869,8,2025-03-17 09:11:04,store,complete
9971,474,39,2025-10-15 05:40:13,web,complete
9972,134,20,2025-12-04 03:22:50,mobile,returned
9973,719,13,2025-06-23 14:51:31,mobile,complete
9974,1247,11,2025-10-08 16:29:58,phone,complete
9975,187,27,2025-08-05 05:31:20,web,returned
9976,1497,3,2025-07-16 20:35:37,phone,returned
9977,1168,14,2025-02-01 16:01:28,phone,complete
9978,325,32,2025-09-07 17:02:14,web,complete
9979,1329,33,2025-12-27 08:24:57,web,complete
9980,216,7,2025-03-21 11:27:31,phone,returned
9981,1029,22,2025-11-11 04:39:47,phone,complete
9982,624,13,2025-09-05 09:27:16,phone,complete
9983,422,1,2025-06-16 05:01:58,web,returned
9984,513,33,2025-05-31 19:49:43,web,cancelled
9985,227,2,2025-08-29 17:35:06,mobile,complete
9986,574,29,2025-07-22 14:16:08,store,cancelled
9987,109,9,2025-03-03 19:14:47,store,complete
9988,550,10,2025-02-04 12:09:17,phone,complete
9989,886,12,2025-02-28 00:20:48,store,complete
9990,1079,29,2025-02-03 15:04:57,phone,cancelled
9991,617,11,2025-06-14 04:44:31,mobile,complete
9992,788,29,2025-05-23 03:54:03,web,complete
9993,1362,33,2025-02-04 17:50:54,store,returned
9994,976,4,2025-08-16 17:18:13,store,complete
9995,1485,9,2025-12-16 04:49:16,store,returned
9996,619,34,2025-10-08 00:29:53,web,returned
9997,1098,8,2025-01-28 15:14:34,phone,returned
9998,742,38,2025-07-18 00:29:45,store,cancelled
9999,810,11,2025-11-14 15:13:18,store,complete
10000,1180,31,2025-10-08 14:44:58,phone,complete
10001,358,37,2025-12-17 19:59:04,store,complete
10002,98,20,2025-12-21 21:47:57,phone,complete
10003,488,38,2025-03-11 01:52:36,store,returned
10004,1317,15,2025-11-23 21:37:56,mobile,complete
10005,1046,10,2025-12-19 07:07:38,mobile,complete
10006,1497,25,2025-03-14 02:23:02,store,cancelled
10007,27,32,2025-04-21 10:25:31,mobile,cancelled
10008,1452,29,2025-10-23 02:16:09,mobile,complete
10009,70,30,2025-03-25 21:19:40,mobile,cancelled
10010,1071,11,2025-11-23 19:44:59,phone,complete
10011,1254,11,2025-06-02 08:33:12,mobile,cancelled
10012,885,5,2025-01-19 15:48:36,store,complete
10013,998,13,2025-09-17 04:21:46,store,complete
10014,652,18,2025-11-07 14:12:34,web,returned
10015,668,7,2025-02-03 16:09:52,mobile,complete
10016,491,10,2025-06-29 09:43:46,mobile,complete
10017,288,8,2025-01-28 10:42:17,store,complete
10018,174,34,2025-08-29 00:07:04,phone,cancelled
10019,740,21,2025-06-24 22:23:03,phone,complete
10020,1067,40,2025-07-16 03:42:08,mobile,complete
10021,527,15,2025-09-27 01:32:34,mobile,returned
10022,647,8,2025-07-27 08:02:47,phone,returned
10023,951,34,2025-04-01 13:45:17,mobile,cancelled
10024,977,27,2025-10-05 15:12:26,phone,complete
10025,1124,24,2025-11-23 00:59:59,mobile,complete
10026,1483,18,2025-09-30 21:49:25,phone,complete
10027,1186,3,2025-03-25 08:20:43,store,cancelled
10028,1121,17,2025-08-29 23:32:04,phone,returned
10029,804,34,2025-08-19 22:17:37,store,complete
10030,70,13,2025-02-01 06:03:13,phone,complete
10031,369,2,2025-12-15 06:24:18,mobile,returned
10032,871,3,2025-09-22 16:47:46,web,complete
10033,202,10,2025-06-19 21:42:30,phone,cancelled
10034,713,26,2025-02-08 15:34:58,phone,cancelled
10035,304,1,2025-09-07 05:46:50,web,complete
10036,1253,34,2025-04-22 11:47:23,web,complete
10037,1129,29,2025-09-28 03:14:01,mobile,complete
10038,336,15,2025-02-27 17:56:41,store,cancelled
10039,1028,12,2025-12-29 00:02:46,web,complete
10040,1284,11,2025-03-10 19:10:47,store,complete
10041,1110,17,2025-10-23 16:26:21,web,complete
10042,1318,35,2025-12-22 04:00:31,mobile,complete
10043,310,10,2025-07-28 21:08:19,store,complete
10044,341,2,2025-07-11 00:12:46,phone,returned
10045,1080,10,2025-05-28 16:48:17,store,complete
10046,645,19,2025-07-07 12:16:07,store,returned
10047,807,6,2025-11-08 11:27:25,web,complete
10048,938,36,2025-03-19 22:25:33,phone,cancelled
10049,1231,22,2025-09-30 05:25:08,store,complete
10050,641,8,2025-01-25 07:12:37,web,returned
10051,283,11,2025-09-08 07:10:53,phone,cancelled
10052,539,3,2025-06-30 08:39:08,mobile,returned
10053,1289,23,2025-11-27 11:00:50,phone,complete
10054,987,29,2025-11-07 00:45:08,phone,cancelled
10055,509,12,2025-06-21 04:57:04,store,complete
10056,1022,3,2025-09-09 04:52:18,web,complete
10057,1298,27,2025-11-25 02:10:05,mobile,complete
10058,469,17,2025-03-13 15:21:20,web,cancelled
10059,83,12,2025-09-06 08:06:30,mobile,returned
10060,1490,4,2025-11-16 15:25:26,phone,complete
10061,1059,26,2025-02-21 12:22:46,web,complete
10062,531,29,2025-04-07 06:33:55,store,returned
10063,481,36,2025-01-12 07:12:04,phone,returned
10064,318,5,2025-04-14 06:23:38,mobile,cancelled
10065,260,7,2025-07-27 13:27:05,phone,cancelled
10066,678,35,2025-12-21 19:57:27,phone,returned
10067,1444,35,2025-05-24 12:40:55,phone,complete
10068,343,15,2025-12-09 14:25:05,store,complete
10069,720,32,2025-02-20 16:07:09,web,complete
10070,955,17,2025-10-24 06:23:14,mobile,complete
10071,1358,8,2025-04-16 09:54:11,phone,complete
10072,504,3,2025-01-06 14:39:06,mobile,complete
10073,547,1,2025-11-17 04:34:03,phone,complete
10074,524,2,2025-03-08 12:05:13,phone,complete
10075,1028,36,2025-02-16 13:59:42,mobile,returned
10076,1177,19,2025-01-23 09:22:12,phone,cancelled
10077,459,29,2025-08-11 22:16:47,mobile,returned
10078,1227,23,2025-07-02 22:42:57,store,complete
10079,1114,40,2025-07-24 19:52:28,mobile,returned
10080,143,33,2025-05-22 11:14:08,web,complete
10081,939,12,2025-08-13 09:53:35,mobile,complete
10082,1379,25,2025-07-06 22:03:44,web,complete
10083,1453,5,2025-08-23 16:14:20,store,cancelled
10084,197,30,2025-07-20 14:54:26,web,returned
10085,1005,30,2025-08-02 00:06:47,phone,complete
10086,329,13,2025-08-11 02:21:03,store,returned
10087,1378,24,2025-08-31 12:46:53,web,cancelled
10088,635,24,2025-12-01 10:36:42,phone,cancelled
10089,703,36,2025-12-16 00:42:44,web,complete
10090,886,8,2025-03-17 13:22:54,store,complete
10091,1411,18,2025-08-12 08:44:15,phone,returned
10092,285,19,2025-08-31 05:34:51,mobile,cancelled
10093,1267,32,2025-04-18 21:04:11,web,complete
10094,1299,17,2025-06-29 18:51:22,mobile,complete
10095,1190,24,2025-12-09 06:41:03,mobile,complete
10096,158,9,2025-03-28 17:08:09,mobile,returned
10097,89,21,2025-12-21 00:20:01,web,complete
10098,33,3,2025-11-02 10:42:49,store,complete
10099,1434,32,2025-11-29 05:48:04,store,cancelled
10100,960,15,2025-01-01 17:46:56,mobile,cancelled
10101,1427,24,2025-03-21 23:15:03,web,complete
10102,424,24,2025-02-05 09:35:56,store,complete
10103,1085,1,2025-05-10 22:49:00,web,complete
10104,503,14,2025-03-09 13:14:11,mobile,complete
10105,321,9,2025-01-29 08:10:34,mobile,complete
10106,987,28,2025-02-04 00:00:09,phone,cancelled
10107,422,36,2025-03-24 01:10:06,web,cancelled
10108,1403,27,2025-02-07 01:25:07,store,complete
10109,1168,23,2025-09-12 19:51:11,store,returned
10110,1186,36,2025-11-10 22:06:21,store,complete
10111,1445,33,2025-02-24 21:16:19,web,returned
10112,53,23,2025-04-06 05:20:14,web,complete
10113,216,15,2025-05-29 12:18:12,web,complete
10114,953,23,2025-02-12 16:19:20,store,complete
10115,830,21,2025-12-25 15:22:39,web,complete
10116,1322,29,2025-12-13 06:11:26,web,complete
10117,160,8,2025-06-24 10:32:49,web,complete
10118,1300,14,2025-06-26 10:12:03,web,complete
10119,1179,35,2025-08-10 10:56:07,web,returned
10120,1330,23,2025-05-19 02:00:49,web,complete
10121,540,5,2025-08-08 15:50:31,mobile,complete
10122,555,7,2025-09-29 08:02:44,phone,complete
10123,1000,29,2025-11-03 20:05:56,mobile,complete
10124,1424,3,2025-06-07 04:21:16,store,cancelled
10125,134,10,2025-09-15 11:43:29,web,returned
10126,1472,36,2025-01-23 23:52:32,store,complete
10127,1282,11,2025-08-04 04:19:18,web,complete
10128,874,9,2025-05-27 06:09:19,web,complete
10129,325,5,2025-08-01 00:39:53,phone,complete
10130,397,31,2025-08-31 23:05:24,mobile,cancelled
10131,854,26,2025-09-08 16:30:16,mobile,cancelled
10132,1057,6,2025-12-31 16:01:37,web,returned
10133,1147,22,2025-07-21 21:23:13,web,cancelled
10134,836,24,2025-06-25 04:45:51,store,complete
10135,1414,22,2025-02-21 21:29:42,mobile,complete
10136,1068,10,2025-11-07 21:01:57,mobile,complete
10137,1148,29,2025-11-07 04:51:21,phone,complete
10138,1221,5,2025-09-13 04:36:12,mobile,complete
10139,1351,30,2025-07-15 17:15:04,web,complete
10140,1027,17,2025-05-24 02:03:51,store,complete
10141,779,27,2025-08-23 11:54:59,web,cancelled
10142,351,35,2025-10-31 08:15:09,store,complete
10143,718,14,2025-05-25 11:53:03,web,complete
10144,813,27,2025-05-07 04:45:31,phone,complete
10145,664,28,2025-04-30 02:15:20,phone,complete
10146,1029,32,2025-06-23 14:37:41,store,complete
10147,934,3,2025-11-07 06:56:12,web,returned
10148,1476,19,2025-01-04 11:31:59,web,returned
10149,578,37,2025-09-26 11:52:55,web,complete
10150,468,16,2025-06-07 04:59:22,phone,complete
10151,733,17,2025-01-25 19:00:22,mobile,complete
10152,426,32,2025-01-13 23:03:47,phone,complete
10153,560,4,2025-06-08 18:47:38,phone,complete
10154,267,29,2025-11-26 07:21:44,web,complete
10155,201,9,2025-03-18 18:03:18,store,complete
10156,209,40,2025-06-05 16:12:35,phone,complete
10157,1018,33,2025-02-08 12:07:18,phone,cancelled
10158,1110,7,2025-09-21 08:49:11,phone,complete
10159,1093,6,2025-09-15 21:44:53,store,complete
10160,237,20,2025-07-28 07:24:16,mobile,cancelled
10161,161,32,2025-07-26 10:55:17,web,complete
10162,1448,34,2025-09-30 01:42:27,phone,cancelled
10163,608,3,2025-06-08 13:10:30,web,cancelled
10164,1476,30,2025-11-15 16:55:42,web,cancelled
10165,143,37,2025-06-03 06:55:15,store,complete
10166,1280,24,2025-06-19 05:07:00,phone,complete
10167,839,34,2025-09-01 09:07:55,store,complete
10168,200,14,2025-12-08 13:14:27,phone,returned
10169,1086,18,2025-07-31 00:52:41,phone,complete
10170,415,1,2025-10-28 10:41:20,phone,complete
10171,31,17,2025-05-13 17:26:25,mobile,complete
10172,174,24,2025-09-16 08:47:58,web,cancelled
10173,571,22,2025-06-09 00:49:33,web,cancelled
10174,186,20,2025-12-02 19:07:39,mobile,complete
10175,1246,15,2025-11-24 15:13:46,phone,complete
10176,1374,23,2025-11-03 22:02:01,store,complete
10177,515,17,2025-09-08 05:38:16,store,complete
10178,1093,27,2025-08-29 21:25:09,store,cancelled
10179,216,31,2025-01-31 00:41:19,store,cancelled
10180,1043,27,2025-03-11 12:23:44,store,complete
10181,886,9,2025-04-17 22:07:14,store,returned
10182,1217,38,2025-02-10 20:00:35,phone,cancelled
10183,722,13,2025-11-27 01:15:21,phone,complete
10184,1425,37,2025-06-02 14:52:13,phone,complete
10185,133,22,2025-10-21 21:35:35,web,cancelled
10186,449,28,2025-09-25 04:05:44,mobile,complete
10187,921,19,2025-10-25 01:56:45,web,complete
10188,287,9,2025-10-19 05:03:40,web,complete
10189,1038,7,2025-03-15 17:36:47,mobile,complete
10190,1293,25,2025-11-22 23:25:48,phone,complete
10191,416,2,2025-09-08 06:37:34,web,returned
10192,651,24,2025-11-29 00:35:22,phone,complete
10193,1253,26,2025-06-10 10:24:53,store,returned
10194,814,39,2025-05-23 18:37:21,web,complete
10195,938,26,2025-11-28 12:18:09,web,complete
10196,348,38,2025-05-06 17:54:14,store,cancelled
10197,1009,8,2025-08-28 18:15:59,web,complete
10198,434,38,2025-03-29 02:19:12,store,complete
10199,1084,8,2025-04-02 05:15:52,store,complete
10200,1340,8,2025-06-26 08:28:53,mobile,complete
10201,492,9,2025-12-13 08:53:25,mobile,complete
10202,743,14,2025-04-28 23:59:49,phone,complete
10203,502,12,2025-05-23 20:43:32,web,complete
10204,1497,23,2025-11-11 12:59:14,store,cancelled
10205,187,31,2025-11-15 10:54:05,web,complete
10206,1167,22,2025-02-11 04:25:08,phone,complete
10207,867,29,2025-05-14 17:41:11,web,complete
10208,514,16,2025-04-30 19:15:52,store,cancelled
10209,314,38,2025-09-30 23:54:03,phone,cancelled
10210,161,40,2025-01-27 16:41:30,phone,cancelled
10211,686,5,2025-10-31 21:01:46,mobile,complete
10212,603,4,2025-11-09 08:35:08,phone,cancelled
10213,1420,9,2025-04-03 04:43:56,mobile,complete
10214,1066,24,2025-09-15 00:07:00,store,returned
10215,965,17,2025-12-02 15:43:44,mobile,complete
10216,1375,35,2025-12-05 06:05:26,mobile,complete
10217,240,8,2025-02-12 14:53:39,mobile,cancelled
10218,1346,5,2025-06-07 08:36:03,phone,complete
10219,1179,1,2025-06-03 07:25:33,phone,complete
10220,902,14,2025-09-19 03:04:46,mobile,complete
10221,376,6,2025-01-24 15:18:21,mobile,complete
10222,813,6,2025-07-19 10:36:07,web,complete
10223,63,16,2025-04-10 04:42:14,phone,complete
10224,151,13,2025-08-25 16:04:00,phone,cancelled
10225,997,8,2025-02-21 05:45:58,mobile,complete
10226,1184,16,2025-04-22 06:11:30,mobile,complete
10227,233,29,2025-10-11 21:51:08,mobile,complete
10228,875,5,2025-11-27 18:20:20,store,complete
10229,1101,21,2025-07-14 19:49:16,store,complete
10230,889,6,2025-11-19 19:26:43,phone,complete
10231,560,7,2025-02-24 22:18:25,web,cancelled
10232,1480,33,2025-09-27 12:29:22,store,cancelled
10233,1207,26,2025-01-23 19:18:08,store,complete
10234,1424,26,2025-05-01 03:29:09,web,cancelled
10235,429,10,2025-01-02 00:26:43,phone,cancelled
10236,1067,20,2025-09-22 18:44:30,mobile,cancelled
10237,1009,19,2025-05-04 06:24:02,mobile,cancelled
10238,220,5,2025-03-04 07:18:51,mobile,returned
10239,1272,10,2025-11-14 13:19:20,phone,complete
10240,1217,7,2025-08-14 05:12:55,store,complete
10241,827,1,2025-03-31 16:05:43,web,complete
10242,616,26,2025-03-25 00:54:21,web,complete
10243,283,34,2025-03-13 05:36:32,web,complete
10244,533,30,2025-12-20 18:14:46,store,complete
10245,1137,10,2025-03-28 16:10:09,mobile,complete
10246,792,18,2025-12-15 14:05:56,mobile,complete
10247,1248,20,2025-09-24 15:28:19,phone,complete
10248,1156,34,2025-05-14 02:58:02,phone,cancelled
10249,1194,6,2025-10-06 07:17:17,mobile,returned
10250,1228,22,2025-01-30 23:45:03,web,cancelled
10251,939,28,2025-12-14 11:24:15,store,complete
10252,956,10,2025-03-10 03:38:47,phone,complete
10253,28,26,2025-11-23 01:12:52,mobile,complete
10254,152,4,2025-11-05 23:48:28,mobile,complete
10255,1452,20,2025-11-22 01:30:00,store,returned
10256,613,39,2025-01-25 18:19:33,web,returned
10257,824,31,2025-06-22 22:50:40,store,complete
10258,71,1,2025-08-28 11:42:50,web,complete
10259,490,15,2025-07-27 09:47:27,web,cancelled
10260,415,4,2025-08-30 06:46:05,web,returned
10261,31,18,2025-07-26 15:47:46,mobile,complete
10262,424,12,2025-09-16 11:38:47,web,complete
10263,1223,11,2025-12-23 22:07:10,phone,returned
10264,935,4,2025-09-09 18:07:35,mobile,cancelled
10265,245,13,2025-08-19 14:20:06,web,complete
10266,482,1,2025-04-12 01:48:47,web,cancelled
10267,132,21,2025-04-30 09:57:38,phone,complete
10268,209,32,2025-04-06 15:04:13,store,complete
10269,440,15,2025-05-01 03:48:42,web,complete
10270,1447,18,2025-07-04 20:19:35,web,complete
10271,543,12,2025-08-16 12:11:09,mobile,complete
10272,208,8,2025-03-30 16:17:13,mobile,complete
10273,743,14,2025-09-13 11:48:10,web,cancelled
10274,839,9,2025-09-06 17:15:39,phone,complete
10275,1235,20,2025-08-15 05:48:59,phone,cancelled
10276,545,13,2025-12-21 16:48:39,store,complete
10277,683,6,2025-05-29 08:29:58,phone,complete
10278,1004,8,2025-08-29 18:29:41,web,cancelled
10279,1232,14,2025-12-01 23:56:59,mobile,cancelled
10280,237,40,2025-08-01 15:17:16,store,complete
10281,526,26,2025-05-07 19:33:30,store,complete
10282,1088,26,2025-05-30 11:57:22,phone,complete
10283,499,23,2025-09-26 19:12:12,phone,complete
10284,501,8,2025-12-28 18:03:25,mobile,complete
10285,946,18,2025-12-14 13:31:11,mobile,complete
10286,197,38,2025-01-17 13:50:48,phone,cancelled
10287,245,1,2025-01-28 11:00:00,web,complete
10288,806,1,2025-09-20 18:20:16,phone,cancelled
10289,1284,8,2025-08-24 22:40:40,store,complete
10290,1425,40,2025-09-27 00:45:37,store,cancelled
10291,688,20,2025-04-22 09:06:41,phone,returned
10292,343,10,2025-07-16 14:04:09,mobile,complete
10293,976,40,2025-09-08 01:06:24,store,complete
10294,264,38,2025-04-30 23:09:01,store,complete
10295,226,14,2025-03-17 23:30:28,store,complete
10296,939,11,2025-08-11 23:06:36,store,complete
10297,713,2,2025-09-02 00:04:40,mobile,complete
10298,56,18,2025-04-24 06:38:08,web,complete
10299,55,25,2025-07-12 00:50:15,web,complete
10300,635,22,2025-11-09 10:07:30,mobile,cancelled
10301,716,6,2025-05-01 16:41:58,web,complete
10302,709,21,2025-06-06 21:29:26,mobile,complete
10303,1231,6,2025-12-23 07:06:30,mobile,complete
10304,1109,39,2025-08-25 15:46:08,phone,cancelled
10305,1105,30,2025-04-03 12:12:20,web,returned
10306,12,14,2025-02-01 04:19:01,web,returned
10307,484,15,2025-01-29 22:27:24,mobile,returned
10308,73,8,2025-11-28 02:48:22,phone,returned
10309,140,35,2025-02-10 07:29:51,store,complete
10310,1130,2,2025-01-08 11:37:31,store,cancelled
10311,391,12,2025-07-06 19:50:13,mobile,returned
10312,1012,27,2025-11-24 20:32:54,mobile,complete
10313,808,33,2025-05-02 20:20:06,mobile,returned
10314,162,8,2025-03-05 00:02:35,mobile,complete
10315,710,13,2025-02-21 13:42:27,store,returned
10316,324,4,2025-02-21 23:38:38,mobile,complete
10317,1179,22,2025-11-10 01:39:29,store,cancelled
10318,1420,5,2025-01-14 14:45:35,phone,complete
10319,950,8,2025-02-27 09:17:58,mobile,returned
10320,516,6,2025-07-17 06:54:50,phone,cancelled
10321,431,9,2025-04-07 18:23:59,store,returned
10322,1126,17,2025-12-22 12:35:07,store,complete
10323,1105,8,2025-09-18 13:45:57,store,returned
10324,164,24,2025-07-28 02:40:57,mobile,cancelled
10325,12,14,2025-07-15 16:32:15,store,complete
10326,763,34,2025-01-30 23:18:27,web,returned
10327,1175,19,2025-10-22 16:41:45,mobile,cancelled
10328,1161,13,2025-11-24 13:58:34,mobile,complete
10329,1167,20,2025-04-01 08:57:06,phone,complete
10330,1174,3,2025-08-16 21:20:21,mobile,cancelled
10331,311,14,2025-07-13 16:26:03,store,complete
10332,1158,30,2025-05-05 23:40:05,web,complete
10333,1430,20,2025-07-30 01:08:52,mobile,complete
10334,980,15,2025-04-22 06:53:46,phone,cancelled
10335,848,36,2025-08-11 05:29:04,store,complete
10336,1022,19,2025-07-05 13:08:22,mobile,complete
10337,11,20,2025-07-20 05:34:50,phone,complete
10338,1,23,2025-02-06 08:55:23,mobile,complete
10339,1349,26,2025-04-24 23:42:02,mobile,complete
10340,60,40,2025-02-03 07:51:12,web,cancelled
10341,301,35,2025-10-19 16:46:54,web,complete
10342,1293,22,2025-05-14 22:54:12,web,cancelled
10343,539,28,2025-10-31 17:40:56,store,complete
10344,166,1,2025-05-30 02:54:21,web,complete
10345,969,5,2025-03-30 14:57:02,phone,complete
10346,661,23,2025-11-04 13:00:34,phone,returned
10347,24,12,2025-05-09 14:18:26,phone,complete
10348,812,39,2025-04-01 16:23:33,phone,cancelled
10349,1248,5,2025-12-23 17:01:02,mobile,cancelled
10350,1466,13,2025-09-04 23:47:26,store,cancelled
10351,1313,20,2025-11-08 17:20:55,store,complete
10352,680,33,2025-03-28 22:43:10,store,complete
10353,34,33,2025-12-10 08:05:00,store,complete
10354,812,34,2025-04-21 08:07:31,web,complete
10355,1344,13,2025-03-06 22:44:47,mobile,cancelled
10356,1475,31,2025-08-06 13:49:08,web,complete
10357,1374,11,2025-01-12 12:04:29,mobile,complete
10358,278,20,2025-12-21 13:05:01,store,complete
10359,731,8,2025-07-06 11:26:26,web,complete
10360,269,17,2025-09-16 01:02:34,web,complete
10361,179,21,2025-04-09 04:05:05,phone,complete
10362,497,36,2025-06-28 20:44:47,web,cancelled
10363,218,14,2025-11-13 09:50:00,web,returned
10364,40,17,2025-02-02 02:31:29,phone,returned
10365,580,7,2025-11-04 07:30:47,phone,complete
10366,893,14,2025-04-11 14:16:01,web,returned
10367,934,40,2025-12-26 12:51:11,mobile,complete
10368,36,1,2025-07-05 00:49:30,mobile,complete
10369,484,40,2025-04-30 01:17:25,web,complete
10370,1196,18,2025-09-06 22:36:25,mobile,complete
10371,73,34,2025-11-22 18:49:34,web,returned
10372,567,9,2025-02-25 12:45:54,store,complete
10373,554,21,2025-11-22 20:17:21,phone,complete
10374,879,19,2025-04-07 02:42:47,mobile,returned
10375,740,5,2025-10-25 22:44:12,store,complete
10376,438,35,2025-10-30 10:06:30,store,cancelled
10377,179,40,2025-02-05 05:40:22,store,complete
10378,12,21,2025-02-15 05:40:10,web,complete
10379,657,5,2025-07-19 06:01:07,store,cancelled
10380,977,29,2025-07-20 09:14:55,store,complete
10381,595,10,2025-06-19 22:17:24,web,returned
10382,1002,4,2025-04-04 12:13:43,store,complete
10383,497,7,2025-03-20 13:43:01,web,complete
10384,361,10,2025-08-30 09:24:06,phone,complete
10385,443,3,2025-10-06 01:57:41,mobile,complete
10386,119,5,2025-04-11 00:41:29,web,complete
10387,990,16,2025-01-13 01:56:35,web,complete
10388,112,24,2025-04-09 15:12:36,mobile,complete
10389,1476,37,2025-09-14 23:35:20,mobile,complete
10390,1093,11,2025-11-13 23:48:05,store,complete
10391,1261,3,2025-10-25 14:01:54,web,complete
10392,964,33,2025-04-26 08:36:30,web,complete
10393,402,2,2025-10-20 07:33:03,phone,complete
10394,261,8,2025-04-29 17:56:21,web,returned
10395,766,18,2025-12-11 05:48:50,store,returned
10396,927,11,2025-12-22 12:13:36,mobile,complete
10397,342,12,2025-10-03 11:42:38,store,complete
10398,746,21,2025-05-06 22:37:57,web,cancelled
10399,463,17,2025-01-17 22:54:32,mobile,complete
10400,76,31,2025-05-01 22:43:48,phone,returned
10401,429,15,2025-11-09 15:10:58,store,complete
10402,321,2,2025-02-13 10:46:25,web,complete
10403,1127,1,2025-04-08 00:31:59,mobile,cancelled
10404,433,12,2025-04-10 17:21:13,mobile,complete
10405,865,20,2025-10-22 19:12:16,mobile,complete
10406,752,37,2025-01-26 16:47:09,phone,cancelled
10407,235,25,2025-10-19 00:08:56,phone,complete
10408,1052,34,2025-07-03 02:03:57,phone,complete
10409,823,15,2025-09-24 08:48:18,store,complete
10410,313,20,2025-06-04 06:58:25,web,complete
10411,40,27,2025-10-11 14:41:54,store,complete
10412,751,11,2025-04-27 14:34:09,phone,cancelled
10413,677,8,2025-04-09 00:14:02,store,complete
10414,758,35,2025-08-24 23:07:23,mobile,complete
10415,856,4,2025-06-06 06:55:22,mobile,cancelled
10416,1006,9,2025-05-24 13:26:07,web,cancelled
10417,233,37,2025-10-14 14:51:47,web,cancelled
10418,265,4,2025-12-29 22:21:43,mobile,complete
10419,557,37,2025-01-29 16:46:41,store,returned
10420,873,6,2025-05-28 03:07:05,mobile,complete
10421,163,5,2025-03-12 06:32:26,mobile,complete
10422,683,18,2025-06-27 12:09:24,mobile,complete
10423,189,27,2025-11-14 22:31:42,store,complete
10424,1000,27,2025-04-11 20:43:37,store,complete
10425,1100,30,2025-09-03 06:40:13,phone,returned
10426,186,26,2025-10-02 10:53:12,store,cancelled
10427,1238,2,2025-02-11 06:13:31,mobile,returned
10428,350,7,2025-06-14 16:56:01,phone,complete
10429,239,1,2025-05-19 20:49:06,web,complete
10430,38,13,2025-09-23 06:39:57,web,complete
10431,535,35,2025-02-19 18:06:32,mobile,cancelled
10432,2,5,2025-08-25 02:02:36,store,complete
10433,1194,16,2025-11-05 15:31:28,web,complete
10434,1343,31,2025-05-12 00:52:13,mobile,complete
10435,63,24,2025-07-30 15:35:56,store,complete
10436,1462,1,2025-04-06 11:10:59,mobile,complete
10437,63,8,2025-02-17 03:48:41,web,complete
10438,606,4,2025-06-03 05:06:24,phone,complete
10439,468,22,2025-02-05 09:09:29,store,complete
10440,819,6,2025-06-26 22:07:50,web,complete
10441,1479,37,2025-11-18 06:28:44,web,complete
10442,614,25,2025-11-21 09:49:09,store,complete
10443,1161,25,2025-02-03 07:57:18,mobile,returned
10444,1016,40,2025-07-14 21:02:53,phone,complete
10445,399,6,2025-10-22 01:23:51,store,complete
10446,638,40,2025-08-01 13:09:54,store,returned
10447,24,13,2025-12-17 05:13:36,web,returned
10448,1143,1,2025-05-21 14:18:13,mobile,complete
10449,172,36,2025-03-26 13:37:27,web,cancelled
10450,1439,17,2025-06-03 18:57:15,phone,cancelled
10451,989,30,2025-12-11 05:43:03,phone,cancelled
10452,813,30,2025-02-16 09:00:23,phone,returned
10453,653,38,2025-11-15 04:58:45,phone,complete
10454,228,17,2025-03-04 02:51:18,mobile,complete
10455,262,25,2025-01-10 01:40:44,store,complete
10456,630,3,2025-03-04 12:13:29,mobile,returned
10457,1311,27,2025-10-24 14:00:32,web,complete
10458,19,26,2025-04-05 16:00:05,web,complete
10459,135,25,2025-03-22 05:05:44,web,complete
10460,764,34,2025-05-31 13:40:12,web,complete
10461,120,37,2025-09-20 19:01:30,web,complete
10462,179,12,2025-03-18 21:28:28,store,cancelled
10463,401,33,2025-03-11 10:32:49,store,complete
10464,270,7,2025-05-22 14:50:07,store,cancelled
10465,549,22,2025-08-26 07:40:37,store,complete
10466,862,28,2025-01-24 18:43:55,phone,complete
10467,32,24,2025-10-23 22:12:25,store,cancelled
10468,431,17,2025-08-26 03:55:38,store,returned
10469,873,5,2025-11-14 16:46:31,phone,complete
10470,200,24,2025-02-27 22:11:57,web,complete
10471,822,40,2025-09-30 17:31:54,store,complete
10472,322,12,2025-07-25 12:05:13,phone,complete
10473,1418,37,2025-09-19 12:57:05,mobile,complete
10474,233,12,2025-03-27 21:47:45,web,complete
10475,855,10,2025-03-21 01:18:55,store,returned
10476,383,35,2025-07-19 06:14:31,web,cancelled
10477,102,28,2025-12-28 16:40:26,phone,complete
10478,1346,39,2025-01-26 16:34:53,web,cancelled
10479,90,25,2025-12-02 19:50:29,phone,cancelled
10480,3,5,2025-03-05 12:19:19,mobile,cancelled
10481,981,9,2025-02-08 01:39:46,store,returned
10482,202,24,2025-07-17 13:47:08,web,complete
10483,441,35,2025-05-28 22:09:25,web,returned
10484,1221,22,2025-09-06 12:08:21,web,complete
10485,44,39,2025-04-14 00:04:43,phone,complete
10486,288,28,2025-11-19 04:24:32,web,complete
10487,993,31,2025-04-17 02:59:21,store,cancelled
10488,662,13,2025-01-13 15:48:12,web,returned
10489,1487,23,2025-10-18 05:23:40,store,returned
10490,200,36,2025-05-17 21:58:55,store,complete
10491,583,25,2025-05-26 15:33:21,web,complete
10492,1200,14,2025-12-07 06:24:16,phone,cancelled
10493,286,37,2025-03-20 23:51:44,mobile,complete
10494,401,32,2025-04-05 02:46:40,mobile,complete
10495,1229,30,2025-10-04 05:15:59,store,complete
10496,681,6,2025-05-07 06:40:34,web,complete
10497,376,37,2025-04-09 00:21:54,mobile,complete
10498,367,24,2025-05-26 08:37:30,phone,complete
10499,1171,10,2025-12-30 09:38:54,mobile,cancelled
10500,852,5,2025-04-06 06:57:28,web,returned
10501,448,32,2025-02-06 21:31:05,phone,complete
10502,288,29,2025-08-22 16:47:39,phone,complete
10503,831,12,2025-11-13 01:18:52,web,complete
10504,1371,13,2025-11-08 20:18:20,mobile,complete
10505,1424,39,2025-04-05 17:08:34,web,returned
10506,951,38,2025-04-21 22:51:11,mobile,cancelled
10507,1107,20,2025-10-09 03:59:11,mobile,complete
10508,1182,39,2025-03-16 11:15:07,store,complete
10509,1333,33,2025-10-01 07:22:12,web,cancelled
10510,1465,11,2025-02-07 11:26:21,mobile,complete
10511,1350,38,2025-10-03 15:07:22,store,complete
10512,1078,22,2025-11-17 19:34:41,store,complete
10513,597,9,2025-09-29 16:01:01,phone,cancelled
10514,1108,29,2025-12-23 00:42:22,phone,complete
10515,801,31,2025-10-18 12:03:35,web,complete
10516,1078,21,2025-10-07 23:50:02,web,returned
10517,994,14,2025-08-26 18:41:31,phone,complete
10518,715,5,2025-09-14 12:01:46,phone,complete
10519,1024,34,2025-12-03 05:29:43,web,complete
10520,537,13,2025-08-17 16:49:30,phone,cancelled
10521,1260,8,2025-11-29 10:29:15,web,complete
10522,651,39,2025-12-08 13:59:45,phone,cancelled
10523,982,23,2025-11-17 07:32:23,phone,complete
10524,908,9,2025-05-08 00:50:18,phone,complete
10525,1491,20,2025-06-30 02:08:41,store,returned
10526,1456,11,2025-09-20 23:49:16,phone,complete
10527,417,7,2025-04-24 11:28:20,phone,complete
10528,851,29,2025-10-22 01:16:37,mobile,complete
10529,878,31,2025-05-23 19:01:09,mobile,complete
10530,1088,19,2025-01-09 00:35:59,phone,returned
10531,491,22,2025-01-28 18:11:44,phone,returned
10532,716,22,2025-01-06 03:51:19,mobile,cancelled
10533,1325,16,2025-11-01 02:43:31,mobile,returned
10534,1114,20,2025-04-06 12:12:20,mobile,complete
10535,737,32,2025-07-10 10:11:20,mobile,complete
10536,1047,21,2025-01-28 17:23:16,mobile,complete
10537,904,19,2025-12-14 18:41:20,web,cancelled
10538,1010,2,2025-09-25 20:10:05,store,cancelled
10539,737,31,2025-09-13 08:00:15,store,complete
10540,1266,25,2025-12-06 03:25:15,web,complete
10541,202,20,2025-11-08 00:07:07,mobile,cancelled
10542,42,4,2025-03-15 23:38:47,phone,returned
10543,803,3,2025-05-30 06:38:26,web,complete
10544,1017,40,2025-05-11 14:52:34,web,complete
10545,1407,34,2025-08-02 02:19:05,mobile,complete
10546,1040,29,2025-05-16 10:50:24,web,cancelled
10547,588,27,2025-09-28 08:12:47,phone,complete
10548,65,19,2025-02-28 20:55:08,mobile,complete
10549,539,13,2025-05-14 21:00:45,mobile,complete
10550,1413,17,2025-12-19 16:31:30,store,complete
10551,1227,12,2025-10-02 11:26:46,web,cancelled
10552,73,20,2025-06-04 03:04:07,web,complete
10553,938,21,2025-11-17 10:12:08,mobile,cancelled
10554,461,13,2025-08-18 17:05:46,phone,complete
10555,950,7,2025-09-29 01:27:35,mobile,returned
10556,1239,20,2025-09-14 16:53:50,mobile,complete
10557,1428,13,2025-04-25 23:39:16,store,cancelled
10558,618,19,2025-05-13 12:18:08,phone,complete
10559,323,4,2025-04-02 00:55:10,mobile,complete
10560,801,6,2025-10-03 20:56:15,mobile,cancelled
10561,1242,17,2025-09-11 01:00:34,web,complete
10562,33,31,2025-10-15 18:17:10,phone,complete
10563,5,4,2025-04-29 14:45:08,store,complete
10564,930,6,2025-07-17 06:14:04,store,complete
10565,799,26,2025-01-03 18:26:28,web,complete
10566,1080,18,2025-01-17 20:10:26,phone,complete
10567,101,15,2025-04-10 21:59:15,mobile,complete
10568,96,2,2025-05-19 12:57:23,web,complete
10569,1193,38,2025-04-25 02:22:26,store,complete
10570,1117,7,2025-09-14 01:24:34,phone,complete
10571,1462,17,2025-02-22 09:16:59,web,complete
10572,393,30,2025-04-22 05:47:56,phone,complete
10573,603,9,2025-05-28 11:26:08,mobile,complete
10574,1052,34,2025-09-17 14:20:30,web,returned
10575,513,19,2025-05-27 13:16:27,mobile,complete
10576,1429,29,2025-10-27 12:13:50,mobile,complete
10577,68,5,2025-12-01 03:58:12,web,complete
10578,1285,8,2025-06-02 22:19:54,mobile,cancelled
10579,1168,22,2025-08-11 19:17:53,web,returned
10580,1256,8,2025-06-19 22:50:57,store,complete
10581,1439,31,2025-10-24 23:37:44,web,cancelled
10582,1475,20,2025-11-21 22:30:32,web,complete
10583,792,28,2025-10-13 15:06:12,web,complete
10584,766,34,2025-11-29 20:55:01,mobile,returned
10585,752,34,2025-03-06 04:32:44,web,complete
10586,1175,3,2025-09-30 21:34:45,web,cancelled
10587,603,7,2025-10-11 16:03:25,phone,complete
10588,865,39,2025-01-25 05:35:10,web,cancelled
10589,605,24,2025-04-27 17:50:49,store,complete
10590,785,6,2025-04-24 13:48:13,web,complete
10591,1078,37,2025-05-19 08:49:52,web,complete
10592,709,29,2025-05-30 06:21:36,phone,complete
10593,138,37,2025-06-22 06:32:36,web,returned
10594,250,31,2025-11-16 17:59:05,phone,returned
10595,14,27,2025-06-03 23:13:44,store,complete
10596,843,4,2025-09-30 19:14:24,phone,complete
10597,606,36,2025-09-07 14:19:53,web,complete
10598,781,33,2025-11-17 00:55:29,phone,complete
10599,260,28,2025-04-03 17:10:56,web,returned
10600,654,7,2025-10-03 12:49:49,phone,complete
10601,1220,36,2025-07-19 07:47:58,store,complete
10602,1494,22,2025-07-11 22:34:54,store,complete
10603,151,39,2025-04-22 17:34:35,mobile,complete
10604,1084,16,2025-09-05 03:11:11,phone,returned
10605,261,20,2025-02-13 14:24:57,web,complete
10606,571,39,2025-02-03 09:21:39,web,cancelled
10607,32,11,2025-01-08 14:28:40,store,complete
10608,473,13,2025-04-08 02:10:07,store,cancelled
10609,12,35,2025-09-03 04:53:09,web,returned
10610,1004,3,2025-08-19 22:55:21,mobile,cancelled
10611,467,31,2025-07-16 07:07:45,phone,complete
10612,669,24,2025-09-08 09:51:15,store,complete
10613,20,37,2025-04-22 17:35:42,store,complete
10614,739,35,2025-08-23 03:16:17,phone,returned
10615,1238,12,2025-11-14 05:11:33,store,returned
10616,14,23,2025-05-22 22:56:45,store,cancelled
10617,1029,14,2025-09-21 08:17:58,web,returned
10618,252,32,2025-09-16 19:41:42,mobile,complete
10619,505,25,2025-10-03 20:39:52,phone,returned
10620,1273,33,2025-02-21 04:46:30,store,complete
10621,1074,9,2025-12-21 10:23:12,store,complete
10622,814,40,2025-12-11 17:15:52,phone,cancelled
10623,1106,23,2025-01-17 02:21:27,mobile,cancelled
10624,1049,31,2025-04-20 22:52:58,phone,complete
10625,1418,33,2025-06-14 08:20:43,mobile,complete
10626,735,28,2025-12-25 03:34:58,store,complete
10627,401,38,2025-10-02 19:59:13,store,complete
10628,895,29,2025-11-12 05:17:44,phone,returned
10629,264,31,2025-03-14 04:02:29,mobile,cancelled
10630,24,2,2025-06-21 01:09:44,store,complete
10631,332,20,2025-05-08 07:14:02,mobile,returned
10632,1095,21,2025-10-17 15:26:32,mobile,returned
10633,1480,2,2025-05-01 23:07:18,store,complete
10634,1325,37,2025-01-23 00:50:36,store,complete
10635,580,26,2025-09-17 06:55:18,web,cancelled
10636,782,8,2025-02-06 23:16:14,mobile,complete
10637,664,31,2025-10-17 14:17:12,phone,complete
10638,54,39,2025-11-14 04:12:42,phone,complete
10639,240,40,2025-08-24 12:14:44,phone,complete
10640,1297,33,2025-06-21 10:10:16,web,cancelled
10641,995,9,2025-03-28 08:51:59,phone,cancelled
10642,1260,28,2025-10-24 12:53:44,phone,cancelled
10643,128,36,2025-02-16 03:29:53,web,cancelled
10644,1350,9,2025-07-23 07:06:50,web,complete
10645,599,28,2025-03-24 09:19:45,phone,returned
10646,1058,22,2025-05-23 19:14:57,store,cancelled
10647,1430,32,2025-07-21 23:44:04,mobile,complete
10648,900,27,2025-01-17 01:34:38,store,complete
10649,469,22,2025-04-29 10:22:55,web,complete
10650,354,28,2025-08-22 22:30:01,store,complete
10651,765,13,2025-11-27 10:10:42,web,complete
10652,1346,3,2025-07-29 03:32:55,phone,complete
10653,1036,22,2025-11-05 20:39:03,mobile,complete
10654,863,39,2025-05-28 15:05:28,mobile,cancelled
10655,1073,33,2025-06-29 20:55:08,web,complete
10656,128,34,2025-04-18 19:53:33,phone,complete
10657,1495,27,2025-04-22 15:40:00,web,complete
10658,1091,37,2025-09-19 03:14:45,phone,cancelled
10659,1041,13,2025-11-08 11:24:27,web,complete
10660,418,6,2025-12-06 08:14:37,store,returned
10661,93,5,2025-07-25 08:28:43,mobile,complete
10662,130,31,2025-02-04 18:41:18,phone,cancelled
10663,1427,14,2025-03-21 10:42:28,mobile,complete
10664,988,27,2025-09-16 09:01:18,web,cancelled
10665,129,33,2025-05-20 22:12:29,store,complete
10666,182,33,2025-06-04 07:20:38,mobile,complete
10667,1042,18,2025-12-19 21:05:15,web,complete
10668,264,9,2025-12-28 18:49:38,web,complete
10669,932,29,2025-03-26 07:20:51,phone,complete
10670,1034,3,2025-06-20 15:04:13,web,cancelled
10671,508,40,2025-03-21 15:43:15,web,complete
10672,85,37,2025-06-22 14:39:42,store,returned
10673,1198,12,2025-04-28 10:52:57,web,complete
10674,917,36,2025-11-06 10:54:58,phone,complete
10675,356,4,2025-10-27 19:46:00,web,complete
10676,119,38,2025-08-10 01:12:50,phone,complete
10677,1423,24,2025-10-30 06:37:27,web,cancelled
10678,277,40,2025-07-15 17:07:57,store,complete
10679,299,36,2025-09-13 06:22:14,mobile,complete
10680,1218,21,2025-07-11 18:08:42,phone,complete
10681,1025,38,2025-03-11 08:23:02,store,complete
10682,40,11,2025-02-18 20:34:15,web,complete
10683,1342,35,2025-08-17 05:45:41,phone,cancelled
10684,1186,13,2025-08-12 10:16:20,phone,complete
10685,1092,9,2025-10-16 04:30:33,mobile,cancelled
10686,1256,26,2025-12-08 10:54:54,mobile,returned
10687,1328,13,2025-11-27 13:04:04,phone,returned
10688,197,33,2025-01-10 12:28:55,web,returned
10689,879,21,2025-05-28 09:59:02,mobile,complete
10690,392,25,2025-08-08 10:14:13,web,complete
10691,984,27,2025-05-18 01:55:26,web,complete
10692,921,2,2025-12-30 13:45:36,mobile,returned
10693,317,2,2025-07-08 22:42:16,web,complete
10694,707,20,2025-09-15 19:55:29,mobile,complete
10695,1136,10,2025-03-11 16:55:46,mobile,complete
10696,58,25,2025-11-19 21:22:47,web,cancelled
10697,1128,32,2025-09-17 18:10:10,phone,cancelled
10698,827,8,2025-06-18 08:21:10,phone,cancelled
10699,318,38,2025-03-28 10:11:38,mobile,complete
10700,903,11,2025-06-16 11:20:21,store,complete
10701,963,3,2025-09-18 20:09:38,web,complete
10702,1011,39,2025-04-19 06:46:08,mobile,complete
10703,891,26,2025-05-04 05:14:06,web,complete
10704,1100,30,2025-07-19 11:40:18,store,complete
10705,185,12,2025-07-14 03:41:01,mobile,complete
10706,447,14,2025-07-13 16:33:13,store,cancelled
10707,1180,38,2025-02-02 19:46:55,web,complete
10708,1372,2,2025-09-15 21:00:33,phone,complete
10709,129,23,2025-10-22 08:10:14,mobile,complete
10710,247,35,2025-05-24 00:36:20,phone,complete
10711,1324,21,2025-04-20 14:05:19,mobile,complete
10712,199,32,2025-07-27 08:41:02,web,complete
10713,872,4,2025-10-01 08:40:42,store,returned
10714,1104,29,2025-09-22 22:17:18,mobile,cancelled
10715,201,8,2025-05-22 03:52:47,phone,complete
10716,732,31,2025-01-26 02:52:43,store,complete
10717,230,20,2025-09-30 14:15:42,store,complete
10718,670,28,2025-05-06 02:50:56,phone,complete
10719,732,32,2025-04-16 14:09:24,web,complete
10720,578,38,2025-08-04 19:14:12,store,complete
10721,1094,22,2025-06-16 23:49:44,phone,cancelled
10722,1047,22,2025-08-09 21:13:22,store,complete
10723,1074,27,2025-06-16 10:34:53,mobile,complete
10724,452,4,2025-12-02 17:28:46,web,cancelled
10725,185,5,2025-09-28 10:51:25,web,returned
10726,374,37,2025-10-19 03:25:41,mobile,complete
10727,422,26,2025-01-21 05:08:26,web,returned
10728,278,2,2025-07-23 19:24:12,store,complete
10729,931,17,2025-02-01 17:07:12,store,complete
10730,675,40,2025-06-13 21:46:01,store,complete
10731,377,15,2025-07-07 05:02:44,phone,complete
10732,103,27,2025-10-18 09:41:12,phone,complete
10733,1055,28,2025-12-06 21:27:01,phone,returned
10734,521,4,2025-03-08 11:28:20,web,complete
10735,487,17,2025-12-12 23:47:18,store,complete
10736,462,12,2025-01-14 06:55:51,phone,cancelled
10737,787,4,2025-05-06 18:21:48,web,complete
10738,1090,1,2025-07-16 03:56:30,mobile,complete
10739,1346,37,2025-11-20 18:17:21,web,complete
10740,174,26,2025-04-28 22:28:05,web,complete
10741,1010,27,2025-12-07 02:01:49,web,cancelled
10742,1464,31,2025-11-27 17:28:50,phone,complete
10743,804,27,2025-10-15 10:15:26,phone,complete
10744,1265,39,2025-09-29 08:07:28,phone,complete
10745,1018,6,2025-02-17 00:47:11,phone,complete
10746,200,11,2025-08-09 13:04:23,phone,complete
10747,468,6,2025-05-27 22:42:22,store,complete
10748,1014,37,2025-11-16 03:45:20,phone,cancelled
10749,1028,20,2025-06-28 16:00:35,phone,returned
10750,1068,39,2025-09-08 07:07:31,web,complete
10751,351,33,2025-10-10 20:38:59,web,returned
10752,535,9,2025-05-06 08:18:30,web,cancelled
10753,1432,34,2025-06-20 08:18:44,mobile,complete
10754,1187,11,2025-09-07 13:16:22,web,complete
10755,1132,22,2025-01-01 07:07:14,web,cancelled
10756,622,17,2025-05-31 01:17:58,mobile,cancelled
10757,443,29,2025-12-10 02:16:57,phone,complete
10758,995,38,2025-11-03 12:54:13,store,returned
10759,179,36,2025-09-02 23:21:24,web,returned
10760,376,6,2025-05-03 00:11:36,web,returned
10761,93,8,2025-11-12 05:22:49,mobile,complete
10762,142,1,2025-01-04 00:07:17,web,returned
10763,410,1,2025-06-01 23:46:11,store,returned
10764,1464,20,2025-08-31 14:16:59,store,cancelled
10765,1176,12,2025-08-25 01:45:00,mobile,complete
10766,536,34,2025-05-15 03:46:57,phone,complete
10767,1332,24,2025-07-21 10:35:55,mobile,cancelled
10768,186,39,2025-04-01 15:21:17,phone,complete
10769,948,31,2025-06-15 10:21:48,store,cancelled
10770,226,16,2025-08-20 15:26:39,store,cancelled
10771,956,17,2025-11-09 15:37:25,web,complete
10772,1243,26,2025-12-24 19:59:41,phone,complete
10773,1435,33,2025-07-07 09:46:10,phone,cancelled
10774,1186,13,2025-12-28 07:35:00,phone,complete
10775,901,12,2025-08-09 22:25:52,phone,returned
10776,1288,31,2025-09-30 20:49:36,mobile,complete
10777,799,20,2025-11-03 17:54:07,web,complete
10778,1354,4,2025-07-06 15:38:03,mobile,cancelled
10779,747,7,2025-04-29 04:34:10,web,returned
10780,1010,4,2025-10-14 13:08:55,mobile,returned
10781,529,21,2025-03-23 03:18:56,store,complete
10782,1247,37,2025-04-27 03:14:45,mobile,returned
10783,920,27,2025-10-13 04:17:23,web,complete
10784,1039,23,2025-09-02 18:50:16,mobile,returned
10785,1053,35,2025-01-09 06:29:13,web,complete
10786,127,17,2025-02-06 15:09:13,store,returned
10787,848,16,2025-09-18 10:31:10,phone,complete
10788,90,15,2025-04-24 13:04:42,mobile,complete
10789,242,1,2025-09-02 01:53:45,mobile,returned
10790,914,15,2025-05-17 22:26:43,phone,complete
10791,679,38,2025-03-05 17:17:29,phone,cancelled
10792,919,33,2025-09-01 23:25:35,mobile,cancelled
10793,1382,17,2025-04-16 00:21:18,phone,complete
10794,207,21,2025-06-15 18:09:38,store,returned
10795,679,23,2025-04-24 04:36:13,phone,cancelled
10796,707,13,2025-10-02 08:23:19,store,complete
10797,134,20,2025-05-28 06:14:06,store,cancelled
10798,1303,1,2025-06-01 04:46:07,web,returned
10799,1334,28,2025-02-27 19:24:44,store,complete
10800,461,24,2025-07-18 20:17:42,phone,complete
10801,329,14,2025-05-14 12:18:56,mobile,returned
10802,563,26,2025-04-10 14:29:13,phone,complete
10803,1447,19,2025-12-05 01:04:34,mobile,cancelled
10804,1240,39,2025-11-16 11:43:03,store,complete
10805,522,7,2025-10-11 16:46:48,mobile,returned
10806,312,30,2025-07-19 07:13:03,store,complete
10807,905,24,2025-10-11 00:17:52,mobile,complete
10808,1236,17,2025-01-22 20:42:49,store,complete
10809,15,32,2025-02-17 08:10:41,phone,complete
10810,285,4,2025-12-31 02:39:27,store,complete
10811,443,2,2025-12-30 16:49:02,web,complete
10812,295,16,2025-08-18 23:15:59,phone,complete
10813,1104,7,2025-03-14 06:29:11,store,complete
10814,1223,24,2025-06-21 00:11:29,phone,returned
10815,1002,34,2025-09-29 21:58:38,phone,complete
10816,1360,13,2025-04-14 15:48:37,mobile,complete
10817,493,16,2025-12-13 21:55:25,mobile,cancelled
10818,591,12,2025-07-07 20:48:37,phone,complete
10819,755,2,2025-03-24 07:54:57,web,returned
10820,1223,4,2025-10-03 01:28:23,store,complete
10821,1433,40,2025-04-22 05:21:07,phone,complete
10822,1201,31,2025-08-24 10:42:30,phone,cancelled
10823,1421,22,2025-04-11 02:08:37,web,complete
10824,901,11,2025-10-31 06:38:14,phone,complete
10825,233,29,2025-10-10 10:27:18,phone,complete
10826,1149,29,2025-01-02 07:54:53,web,returned
10827,795,13,2025-05-29 07:06:03,web,complete
10828,401,2,2025-11-17 04:51:19,mobile,complete
10829,1111,24,2025-02-12 00:50:22,web,cancelled
10830,309,40,2025-10-19 02:30:10,store,complete
10831,1072,3,2025-08-10 15:43:16,store,complete
10832,813,14,2025-10-16 02:07:08,web,returned
10833,1434,13,2025-11-29 12:27:13,phone,returned
10834,794,27,2025-01-18 08:08:04,phone,cancelled
10835,566,18,2025-05-25 23:21:14,web,returned
10836,569,2,2025-11-15 21:10:05,web,complete
10837,197,15,2025-11-27 04:11:20,mobile,cancelled
10838,1103,40,2025-05-18 22:24:57,mobile,cancelled
10839,543,40,2025-12-02 15:14:11,phone,cancelled
10840,623,23,2025-06-24 00:28:13,mobile,complete
10841,1354,37,2025-02-27 20:18:03,web,returned
10842,944,37,2025-12-07 19:16:58,phone,complete
10843,1235,22,2025-02-26 23:07:20,phone,complete
10844,869,26,2025-10-12 08:03:18,mobile,complete
10845,1190,16,2025-07-07 21:12:30,web,cancelled
10846,576,25,2025-07-15 08:48:46,store,complete
10847,657,13,2025-03-22 12:46:25,store,complete
10848,1362,20,2025-10-01 18:40:51,mobile,cancelled
10849,274,10,2025-12-02 15:24:20,web,cancelled
10850,883,4,2025-03-19 20:47:22,store,complete
10851,2,5,2025-11-24 08:18:43,web,complete
10852,1376,16,2025-01-02 22:31:37,phone,returned
10853,146,9,2025-05-10 18:48:34,phone,complete
10854,1301,31,2025-03-18 17:47:50,store,complete
10855,470,13,2025-10-15 15:12:58,phone,returned
10856,765,11,2025-09-25 22:28:43,store,complete
10857,1402,8,2025-12-04 03:07:50,phone,cancelled
10858,307,8,2025-12-12 17:47:41,store,returned
10859,872,1,2025-10-03 23:43:46,store,cancelled
10860,63,9,2025-05-27 19:43:30,mobile,complete
10861,387,38,2025-01-07 18:07:48,mobile,complete
10862,1499,10,2025-06-29 04:32:13,phone,cancelled
10863,104,14,2025-05-12 19:55:46,web,complete
10864,677,13,2025-05-23 14:31:54,mobile,complete
10865,618,35,2025-02-20 20:47:32,mobile,complete
10866,1138,12,2025-04-16 13:45:32,phone,complete
10867,789,29,2025-07-25 09:26:23,store,complete
10868,243,29,2025-07-23 07:12:42,web,complete
10869,1340,28,2025-11-18 20:00:06,store,complete
10870,617,7,2025-10-26 16:03:10,store,cancelled
10871,660,18,2025-05-27 13:51:09,web,complete
10872,558,1,2025-11-24 00:43:51,mobile,complete
10873,1232,18,2025-03-04 20:24:42,phone,returned
10874,501,31,2025-01-03 09:18:41,store,complete
10875,20,7,2025-06-07 21:00:19,mobile,complete
10876,786,14,2025-03-28 13:18:43,phone,complete
10877,655,22,2025-03-06 22:46:39,web,complete
10878,799,2,2025-12-01 07:11:52,web,complete
10879,390,23,2025-05-18 19:18:25,web,complete
10880,1092,32,2025-04-25 17:20:50,web,returned
10881,1447,7,2025-08-26 03:47:35,mobile,returned
10882,417,29,2025-09-07 19:38:40,phone,complete
10883,742,20,2025-01-19 07:15:35,web,complete
10884,1414,27,2025-10-15 13:18:08,store,returned
10885,111,24,2025-07-04 14:12:11,web,complete
10886,1429,33,2025-12-08 21:46:04,web,cancelled
10887,1062,6,2025-08-30 14:23:22,store,complete
10888,878,17,2025-02-28 13:58:15,store,complete
10889,835,9,2025-11-03 11:53:03,store,returned
10890,726,27,2025-06-07 08:05:33,store,complete
10891,838,8,2025-05-09 22:47:47,mobile,complete
10892,482,34,2025-11-13 17:35:13,store,cancelled
10893,640,13,2025-04-03 05:58:01,web,complete
10894,14,16,2025-08-09 18:42:49,mobile,complete
10895,1065,10,2025-09-05 02:52:10,mobile,cancelled
10896,1267,7,2025-01-02 14:46:18,phone,cancelled
10897,247,19,2025-07-23 17:14:20,store,complete
10898,295,8,2025-04-13 10:42:03,phone,complete
10899,927,19,2025-09-27 21:53:25,store,returned
10900,1093,12,2025-05-20 04:00:30,store,complete
10901,775,29,2025-03-12 14:40:30,phone,complete
10902,471,21,2025-03-23 05:16:05,mobile,returned
10903,821,11,2025-08-28 18:38:31,phone,cancelled
10904,306,6,2025-07-03 09:59:25,mobile,complete
10905,873,19,2025-12-28 00:18:16,mobile,cancelled
10906,937,37,2025-04-20 07:33:26,web,complete
10907,209,38,2025-02-08 20:24:31,mobile,cancelled
10908,1336,40,2025-06-02 15:05:39,mobile,complete
10909,1253,2,2025-10-11 05:49:21,mobile,complete
10910,1248,30,2025-02-14 16:37:52,web,complete
10911,1248,3,2025-03-03 19:04:41,web,cancelled
10912,633,11,2025-04-10 20:51:59,web,complete
10913,810,19,2025-01-10 15:14:16,store,cancelled
10914,1000,1,2025-10-31 21:24:20,phone,complete
10915,903,3,2025-04-20 00:01:35,phone,cancelled
10916,836,39,2025-08-28 03:40:10,store,cancelled
10917,1188,3,2025-04-09 10:48:10,store,complete
10918,1325,25,2025-12-18 20:40:19,store,complete
10919,1081,13,2025-11-15 00:00:46,phone,cancelled
10920,688,25,2025-05-09 17:25:07,store,complete
10921,576,40,2025-12-22 13:19:04,store,complete
10922,739,39,2025-05-25 04:51:30,web,complete
10923,1347,6,2025-11-07 18:54:00,web,complete
10924,178,10,2025-07-22 20:53:20,store,returned
10925,357,38,2025-08-24 05:22:28,store,returned
10926,865,9,2025-02-25 20:02:19,mobile,complete
10927,313,33,2025-11-19 16:05:14,mobile,returned
10928,253,23,2025-12-03 21:48:39,store,cancelled
10929,557,4,2025-12-28 11:36:13,phone,complete
10930,783,23,2025-06-26 20:26:31,mobile,complete
10931,1157,7,2025-03-29 15:43:56,phone,complete
10932,750,13,2025-09-11 19:39:05,store,complete
10933,446,12,2025-02-14 14:42:00,mobile,returned
10934,635,7,2025-01-05 19:33:16,phone,returned
10935,1021,40,2025-09-10 09:58:51,store,returned
10936,956,1,2025-11-19 03:29:12,web,complete
10937,864,17,2025-04-26 05:56:00,phone,complete
10938,313,25,2025-04-07 14:41:03,mobile,complete
10939,505,1,2025-12-16 04:49:27,store,complete
10940,745,2,2025-03-07 00:14:22,web,complete
10941,803,12,2025-12-27 02:38:18,store,complete
10942,336,17,2025-07-29 09:32:22,phone,returned
10943,1445,1,2025-10-27 00:46:21,web,complete
10944,389,30,2025-08-03 09:18:43,web,cancelled
10945,506,14,2025-12-11 01:54:29,store,complete
10946,260,37,2025-05-10 20:11:27,store,complete
10947,401,10,2025-01-29 14:47:03,store,cancelled
10948,1226,10,2025-07-07 00:32:25,mobile,cancelled
10949,1112,29,2025-04-08 21:22:04,web,returned
10950,569,3,2025-03-29 19:49:37,web,complete
10951,920,10,2025-08-27 02:28:26,web,complete
10952,357,12,2025-03-07 19:26:36,mobile,returned
10953,1467,8,2025-07-11 07:14:30,mobile,complete
10954,781,30,2025-04-23 19:52:26,store,cancelled
10955,269,11,2025-04-21 03:49:44,web,returned
10956,460,39,2025-09-29 17:18:43,phone,complete
10957,533,16,2025-09-14 01:05:58,store,complete
10958,1353,27,2025-10-27 13:47:36,store,complete
10959,982,29,2025-03-04 20:55:50,store,complete
10960,68,15,2025-02-16 05:54:03,web,complete
10961,1239,25,2025-12-05 03:41:57,store,cancelled
10962,48,18,2025-01-10 04:13:54,store,returned
10963,179,11,2025-02-19 19:55:57,store,complete
10964,1369,3,2025-07-15 12:22:54,store,returned
10965,952,40,2025-02-09 11:06:27,web,complete
10966,1073,21,2025-07-13 19:32:18,web,cancelled
10967,786,40,2025-03-08 09:52:17,mobile,complete
10968,884,39,2025-12-05 15:43:54,phone,complete
10969,1194,37,2025-07-17 10:06:23,phone,complete
10970,1327,37,2025-04-15 11:53:54,store,complete
10971,735,36,2025-09-23 08:54:11,phone,cancelled
10972,288,29,2025-12-27 23:38:59,store,complete
10973,1121,7,2025-02-03 14:47:25,mobile,complete
10974,1336,36,2025-09-08 13:00:09,mobile,complete
10975,72,14,2025-10-30 21:46:20,mobile,cancelled
10976,434,40,2025-10-16 22:49:44,mobile,returned
10977,1448,10,2025-12-25 05:10:10,store,cancelled
10978,92,21,2025-03-12 19:00:14,store,returned
10979,1243,10,2025-07-27 05:08:27,store,cancelled
10980,1318,2,2025-06-14 16:43:44,web,complete
10981,1310,13,2025-01-24 21:13:13,phone,complete
10982,1238,2,2025-08-03 08:00:25,phone,cancelled
10983,793,39,2025-05-14 09:50:39,store,complete
10984,1480,38,2025-03-14 14:50:35,mobile,returned
10985,519,11,2025-10-15 03:28:15,store,cancelled
10986,1270,34,2025-12-14 02:43:09,mobile,cancelled
10987,846,26,2025-11-29 10:11:56,web,complete
10988,612,5,2025-05-28 17:48:18,phone,complete
10989,500,27,2025-08-14 16:42:10,mobile,cancelled
10990,594,28,2025-03-08 23:12:11,store,complete
10991,840,32,2025-03-06 05:34:53,web,complete
10992,377,31,2025-05-19 13:12:24,web,complete
10993,1057,7,2025-07-16 04:36:22,mobile,cancelled
10994,640,30,2025-09-25 00:45:17,store,cancelled
10995,569,8,2025-11-23 18:31:08,store,complete
10996,1274,12,2025-08-28 09:55:40,store,returned
10997,480,9,2025-03-19 07:16:27,web,complete
10998,663,21,2025-11-30 14:11:10,web,complete
10999,730,11,2025-08-02 16:30:24,mobile,complete
11000,787,34,2025-11-17 12:25:55,store,cancelled
11001,390,36,2025-03-06 08:24:19,store,returned
11002,1156,12,2025-11-06 17:43:24,mobile,complete
11003,142,26,2025-11-27 02:26:03,phone,complete
11004,989,8,2025-10-14 12:23:33,phone,complete
11005,1339,37,2025-01-08 07:24:23,web,returned
11006,529,37,2025-06-07 05:24:50,phone,complete
11007,201,21,2025-11-05 10:20:00,web,complete
11008,537,39,2025-05-19 08:06:58,store,cancelled
11009,370,11,2025-11-04 21:28:53,store,complete
11010,852,7,2025-06-01 22:07:45,mobile,returned
11011,200,36,2025-10-09 10:17:52,store,cancelled
11012,70,33,2025-08-29 06:36:26,mobile,complete
11013,199,33,2025-05-18 12:24:57,web,returned
11014,1076,3,2025-12-02 13:39:01,mobile,returned
11015,979,8,2025-09-24 13:56:20,mobile,complete
11016,1377,6,2025-11-08 10:06:07,store,complete
11017,472,25,2025-08-05 15:57:10,mobile,complete
11018,1434,14,2025-05-05 02:31:59,mobile,cancelled
11019,162,18,2025-05-11 07:48:36,mobile,returned
11020,311,5,2025-01-29 04:24:46,phone,complete
11021,1056,27,2025-03-16 03:04:43,web,cancelled
11022,1004,32,2025-06-17 08:32:58,web,returned
11023,394,7,2025-07-30 11:25:09,phone,returned
11024,1095,25,2025-01-30 05:31:50,mobile,returned
11025,952,30,2025-05-04 21:00:55,store,complete
11026,102,15,2025-04-06 08:10:19,phone,complete
11027,1361,34,2025-05-21 09:08:37,web,complete
11028,499,35,2025-11-25 14:55:58,phone,cancelled
11029,258,12,2025-10-09 01:49:55,phone,complete
11030,1373,15,2025-12-10 00:42:26,phone,complete
11031,929,7,2025-08-17 04:55:06,web,returned
11032,48,29,2025-10-03 18:33:08,mobile,complete
11033,1435,31,2025-10-05 12:04:14,web,returned
11034,329,19,2025-01-27 07:33:42,web,complete
11035,969,32,2025-05-05 01:03:09,store,complete
11036,79,22,2025-04-25 16:59:46,mobile,complete
11037,1371,6,2025-02-17 16:55:42,web,cancelled
11038,5,19,2025-01-15 19:23:28,store,complete
11039,1393,10,2025-04-01 15:00:52,web,cancelled
11040,1233,22,2025-04-18 16:26:52,web,cancelled
11041,949,14,2025-08-20 17:36:19,phone,returned
11042,1067,23,2025-03-10 18:00:30,mobile,complete
11043,500,5,2025-09-03 23:35:46,phone,complete
11044,847,5,2025-03-14 03:09:23,phone,returned
11045,820,15,2025-02-12 15:41:08,store,complete
11046,217,24,2025-10-20 12:14:31,phone,complete
11047,721,21,2025-04-19 07:06:02,store,cancelled
11048,524,13,2025-02-24 04:22:02,mobile,complete
11049,1157,31,2025-10-16 05:52:46,mobile,complete
11050,490,29,2025-05-07 17:31:46,web,returned
11051,1156,16,2025-05-09 17:19:40,store,complete
11052,853,10,2025-01-19 06:55:12,store,complete
11053,852,16,2025-12-31 14:16:55,store,complete
11054,402,14,2025-11-21 04:37:33,mobile,cancelled
11055,728,38,2025-12-22 17:41:31,store,cancelled
11056,1472,36,2025-06-08 02:34:07,phone,cancelled
11057,116,17,2025-07-11 11:08:22,store,complete
11058,926,17,2025-05-15 06:25:22,phone,cancelled
11059,585,17,2025-04-03 20:50:10,mobile,returned
11060,252,19,2025-05-08 18:30:04,store,complete
11061,647,18,2025-12-06 10:09:07,mobile,complete
11062,322,13,2025-12-12 23:47:54,web,returned
11063,1185,31,2025-07-25 01:02:19,mobile,complete
11064,534,27,2025-09-15 13:57:33,mobile,complete
11065,53,7,2025-08-27 22:57:08,store,returned
11066,1500,35,2025-10-07 10:08:24,store,complete
11067,826,3,2025-10-20 21:17:08,phone,cancelled
11068,743,25,2025-10-14 21:36:30,web,complete
11069,119,24,2025-07-20 15:57:59,store,complete
11070,1005,3,2025-01-27 12:24:14,mobile,complete
11071,1041,23,2025-03-20 11:41:22,store,complete
11072,716,10,2025-10-09 07:58:53,store,returned
11073,635,24,2025-09-30 15:41:07,mobile,cancelled
11074,1254,7,2025-04-01 20:15:01,phone,complete
11075,56,31,2025-09-11 00:18:10,store,cancelled
11076,12,13,2025-09-20 18:43:14,store,complete
11077,1272,2,2025-04-13 01:59:16,store,complete
11078,34,25,2025-05-06 04:22:05,mobile,complete
11079,929,26,2025-02-13 16:22:44,web,complete
11080,668,24,2025-06-01 11:34:52,store,complete
11081,705,28,2025-02-10 21:09:36,mobile,complete
11082,6,5,2025-08-08 18:49:20,web,returned
11083,584,13,2025-02-18 05:05:57,web,complete
11084,392,36,2025-10-13 21:14:48,mobile,complete
11085,442,34,2025-05-28 02:27:54,web,complete
11086,301,12,2025-07-21 20:55:25,store,complete
11087,292,12,2025-04-02 03:24:14,web,complete
11088,44,32,2025-09-23 08:44:59,mobile,cancelled
11089,385,34,2025-05-10 20:46:47,phone,returned
11090,1146,31,2025-01-26 15:34:56,mobile,complete
11091,238,7,2025-02-19 19:49:50,store,cancelled
11092,1213,11,2025-08-12 02:17:33,store,complete
11093,490,6,2025-10-07 12:13:56,mobile,complete
11094,947,5,2025-04-15 06:36:48,phone,complete
11095,309,2,2025-03-11 00:26:33,store,returned
11096,1397,27,2025-05-25 21:32:31,store,returned
11097,1029,29,2025-11-25 05:24:12,web,complete
11098,1232,10,2025-12-21 20:13:50,mobile,cancelled
11099,76,13,2025-02-13 20:09:41,web,complete
11100,994,26,2025-02-13 10:14:57,mobile,complete
11101,75,19,2025-07-26 09:47:25,phone,returned
11102,478,12,2025-09-19 08:13:30,web,returned
11103,541,12,2025-05-07 13:06:46,mobile,complete
11104,719,4,2025-10-10 07:54:26,mobile,returned
11105,410,35,2025-10-03 03:45:00,web,complete
11106,887,3,2025-05-09 09:50:13,web,returned
11107,710,35,2025-11-18 10:13:49,phone,complete
11108,1306,35,2025-11-06 23:51:30,web,complete
11109,941,40,2025-06-07 21:11:46,phone,cancelled
11110,470,26,2025-08-01 18:50:53,web,complete
11111,173,40,2025-11-10 19:55:09,web,complete
11112,677,5,2025-04-02 03:39:18,mobile,complete
11113,444,24,2025-11-14 19:39:54,web,returned
11114,831,6,2025-10-05 20:40:56,web,complete
11115,907,36,2025-08-13 18:12:01,phone,complete
11116,1127,25,2025-04-26 16:25:13,web,cancelled
11117,1150,1,2025-03-06 14:18:20,phone,cancelled
11118,1349,30,2025-04-12 00:42:43,store,complete
11119,738,39,2025-07-11 08:43:17,store,complete
11120,270,4,2025-01-04 17:18:31,web,complete
11121,394,9,2025-05-16 07:18:15,mobile,cancelled
11122,1164,5,2025-07-01 23:38:59,phone,complete
11123,620,15,2025-11-24 07:40:57,web,complete
11124,1371,33,2025-09-02 01:01:36,phone,complete
11125,1383,33,2025-09-11 14:42:55,phone,complete
11126,1487,14,2025-02-04 01:10:48,mobile,complete
11127,1022,7,2025-06-12 11:29:55,mobile,cancelled
11128,1095,8,2025-02-25 19:04:45,phone,complete
11129,923,4,2025-12-19 20:43:49,web,returned
11130,451,14,2025-07-08 09:57:05,mobile,returned
11131,745,38,2025-12-18 17:21:15,phone,complete
11132,105,32,2025-04-07 10:28:50,phone,returned
11133,388,16,2025-08-11 20:49:13,store,cancelled
11134,333,39,2025-01-04 04:13:14,store,cancelled
11135,1280,6,2025-11-26 16:19:35,web,complete
11136,311,4,2025-02-10 04:50:10,phone,complete
11137,390,29,2025-09-13 01:08:34,phone,complete
11138,472,16,2025-01-19 20:09:41,mobile,complete
11139,86,30,2025-05-18 20:56:43,mobile,cancelled
11140,1494,37,2025-05-29 16:21:06,phone,complete
11141,1164,31,2025-12-26 14:39:07,phone,complete
11142,153,17,2025-03-11 05:41:43,phone,returned
11143,288,1,2025-03-18 00:52:16,phone,complete
11144,1146,2,2025-07-12 20:25:34,phone,complete
11145,1370,4,2025-07-11 16:39:53,phone,complete
11146,1333,5,2025-05-05 05:21:32,phone,complete
11147,1028,34,2025-03-30 07:22:04,phone,complete
11148,388,1,2025-06-15 18:13:09,web,returned
11149,914,27,2025-04-29 05:51:57,mobile,returned
11150,1446,14,2025-03-09 01:16:11,phone,returned
11151,1080,14,2025-08-20 03:01:12,web,complete
11152,1231,19,2025-10-22 02:47:37,phone,complete
11153,533,28,2025-10-21 07:43:33,web,complete
11154,1462,29,2025-11-16 04:36:36,store,returned
11155,37,30,2025-02-20 07:04:41,mobile,complete
11156,595,11,2025-06-06 17:02:52,store,returned
11157,50,3,2025-05-11 15:00:40,store,complete
11158,363,15,2025-12-28 05:00:26,phone,cancelled
11159,77,26,2025-01-03 12:33:33,mobile,returned
11160,89,24,2025-05-13 05:34:19,store,returned
11161,385,14,2025-09-28 02:01:09,phone,cancelled
11162,610,31,2025-03-16 13:46:06,phone,complete
11163,1390,14,2025-01-17 17:49:15,web,complete
11164,541,12,2025-12-10 06:31:14,store,complete
11165,117,12,2025-11-07 18:51:32,phone,complete
11166,22,13,2025-07-04 02:23:58,web,complete
11167,325,33,2025-01-04 12:09:03,mobile,cancelled
11168,1432,25,2025-07-04 01:38:30,web,complete
11169,177,9,2025-03-17 06:14:57,store,cancelled
11170,372,14,2025-10-07 05:53:03,web,returned
11171,1246,36,2025-05-15 11:12:01,mobile,complete
11172,833,5,2025-03-22 01:15:31,phone,complete
11173,338,27,2025-04-25 07:52:57,mobile,cancelled
11174,160,34,2025-03-31 09:24:15,mobile,complete
11175,606,33,2025-11-02 16:19:38,mobile,complete
11176,144,13,2025-01-08 09:11:31,mobile,cancelled
11177,293,22,2025-04-15 14:26:14,web,complete
11178,731,14,2025-08-28 03:51:54,store,returned
11179,156,36,2025-08-03 01:36:21,phone,complete
11180,1476,40,2025-03-08 15:37:54,phone,cancelled
11181,889,22,2025-06-24 06:53:15,web,cancelled
11182,1066,8,2025-01-12 02:41:51,phone,cancelled
11183,6,17,2025-07-09 15:23:57,web,complete
11184,323,1,2025-11-04 06:24:28,web,cancelled
11185,646,6,2025-09-17 01:56:51,web,cancelled
11186,1273,3,2025-03-11 18:50:31,web,cancelled
11187,1429,6,2025-04-20 01:02:19,web,complete
11188,456,1,2025-08-10 16:19:52,mobile,complete
11189,1469,21,2025-08-30 21:34:09,mobile,returned
11190,1358,13,2025-06-19 02:06:47,phone,cancelled
11191,1264,5,2025-08-11 01:09:38,web,complete
11192,744,3,2025-02-20 07:57:08,phone,returned
11193,567,17,2025-07-21 15:16:32,mobile,complete
11194,404,24,2025-09-29 17:24:19,store,complete
11195,337,16,2025-05-09 22:31:45,web,cancelled
11196,258,27,2025-05-05 09:08:20,web,complete
11197,1139,20,2025-03-07 15:52:49,mobile,complete
11198,668,30,2025-09-26 19:25:29,store,returned
11199,225,36,2025-08-10 13:59:06,web,complete
11200,397,27,2025-07-11 23:40:11,mobile,complete
11201,304,18,2025-12-21 11:10:08,web,complete
11202,291,33,2025-11-11 23:55:27,web,cancelled
11203,1227,20,2025-03-11 12:17:03,store,complete
11204,835,34,2025-11-23 02:25:51,web,complete
11205,989,21,2025-10-01 10:51:36,web,returned
11206,448,35,2025-12-10 16:19:54,phone,returned
11207,1439,8,2025-04-22 16:49:08,phone,complete
11208,399,37,2025-12-22 19:29:09,mobile,returned
11209,410,25,2025-11-22 00:34:58,phone,complete
11210,402,23,2025-11-02 16:09:40,phone,complete
11211,553,6,2025-03-18 21:05:39,web,cancelled
11212,984,34,2025-06-27 19:19:50,store,complete
11213,468,22,2025-09-09 19:46:25,phone,returned
11214,1362,23,2025-07-05 03:08:40,phone,returned
11215,808,9,2025-10-26 00:04:55,web,complete
11216,1085,4,2025-08-02 21:49:58,mobile,complete
11217,306,16,2025-04-02 08:44:15,mobile,complete
11218,609,31,2025-10-21 19:20:55,store,complete
11219,1274,29,2025-05-31 01:21:26,phone,complete
11220,1170,29,2025-12-17 04:22:46,mobile,returned
11221,645,40,2025-08-19 19:29:48,web,cancelled
11222,1181,8,2025-04-22 03:39:05,web,complete
11223,890,4,2025-03-26 18:51:27,phone,complete
11224,1382,30,2025-06-16 04:02:33,web,complete
11225,1026,11,2025-05-16 15:40:39,web,cancelled
11226,1389,29,2025-02-17 07:02:31,web,complete
11227,1476,7,2025-06-16 00:16:41,store,complete
11228,177,11,2025-08-02 09:16:43,phone,complete
11229,1454,31,2025-09-30 13:34:30,mobile,complete
11230,846,17,2025-10-11 06:50:09,store,complete
11231,1150,39,2025-10-10 19:00:41,mobile,returned
11232,543,11,2025-05-08 22:39:47,mobile,returned
11233,587,37,2025-02-11 00:15:05,web,returned
11234,1385,33,2025-07-05 16:29:40,store,complete
11235,572,19,2025-04-22 21:29:34,mobile,returned
11236,1112,25,2025-01-18 08:56:31,store,returned
11237,1372,30,2025-02-02 04:41:54,mobile,returned
11238,298,7,2025-01-13 18:16:34,web,complete
11239,263,25,2025-08-24 19:10:28,store,returned
11240,1031,7,2025-04-24 15:16:33,mobile,complete
11241,1022,30,2025-03-17 02:33:53,store,complete
11242,1234,16,2025-01-14 05:55:23,phone,complete
11243,883,26,2025-01-15 06:22:05,phone,cancelled
11244,1150,38,2025-03-31 12:54:17,mobile,cancelled
11245,1213,30,2025-07-19 15:37:00,phone,complete
11246,1210,6,2025-11-14 02:46:44,mobile,complete
11247,1216,24,2025-06-16 12:29:10,phone,complete
11248,382,27,2025-12-07 05:29:04,phone,complete
11249,312,12,2025-03-22 23:38:43,store,cancelled
11250,882,30,2025-01-20 05:55:33,mobile,complete
11251,716,3,2025-08-19 14:25:47,store,complete
11252,705,28,2025-07-05 03:39:42,mobile,complete
11253,828,9,2025-01-05 23:38:09,phone,complete
11254,1031,32,2025-11-05 20:33:20,store,complete
11255,1424,35,2025-08-13 02:11:22,web,complete
11256,407,28,2025-03-26 07:12:36,web,complete
11257,139,33,2025-03-31 13:11:14,phone,complete
11258,440,7,2025-06-04 00:30:09,mobile,complete
11259,641,28,2025-01-23 15:55:12,phone,complete
11260,882,8,2025-05-01 15:11:54,web,complete
11261,661,26,2025-02-19 13:16:57,mobile,complete
11262,1432,5,2025-12-26 03:35:40,phone,complete
11263,1277,7,2025-05-06 17:04:46,store,cancelled
11264,1130,27,2025-03-31 22:12:44,mobile,complete
11265,1316,3,2025-06-13 00:14:31,mobile,returned
11266,1046,31,2025-12-09 20:54:21,phone,complete
11267,646,5,2025-12-22 14:49:10,web,returned
11268,287,33,2025-12-30 10:27:00,web,complete
11269,1240,27,2025-02-14 02:37:43,store,complete
11270,917,7,2025-03-02 01:08:16,store,complete
11271,266,27,2025-08-18 17:28:23,store,complete
11272,214,13,2025-10-04 10:02:52,store,complete
11273,644,25,2025-05-07 03:32:02,phone,complete
11274,590,36,2025-08-18 05:57:32,web,complete
11275,32,40,2025-04-10 18:41:49,phone,complete
11276,391,30,2025-03-05 02:09:20,phone,cancelled
11277,1383,21,2025-02-26 18:48:15,web,cancelled
11278,384,26,2025-05-28 05:29:00,store,returned
11279,895,25,2025-03-12 14:25:21,web,complete
11280,1231,33,2025-02-15 15:18:03,mobile,complete
11281,1024,16,2025-12-17 18:41:47,web,cancelled
11282,90,10,2025-05-17 16:29:04,web,complete
11283,464,10,2025-07-27 08:43:49,store,returned
11284,295,19,2025-08-21 07:56:29,web,complete
11285,1336,39,2025-07-10 20:39:25,phone,complete
11286,395,12,2025-10-01 01:19:14,phone,returned
11287,224,22,2025-08-10 13:56:01,phone,returned
11288,1251,39,2025-10-17 14:04:58,web,cancelled
11289,944,15,2025-06-25 04:44:25,phone,cancelled
11290,248,33,2025-02-12 04:55:00,web,returned
11291,677,10,2025-02-12 05:13:26,mobile,returned
11292,750,19,2025-07-24 19:12:35,web,complete
11293,94,36,2025-08-26 04:59:36,mobile,cancelled
11294,1063,30,2025-04-24 21:26:59,mobile,cancelled
11295,1374,24,2025-12-21 21:18:43,mobile,complete
11296,223,4,2025-05-27 20:27:35,mobile,complete
11297,1010,1,2025-09-01 19:18:01,store,complete
11298,1086,29,2025-09-04 09:59:50,store,complete
11299,1473,5,2025-06-22 17:31:50,mobile,complete
11300,774,35,2025-01-20 11:59:05,phone,complete
11301,790,31,2025-11-08 23:45:31,mobile,complete
11302,1297,21,2025-10-22 18:42:16,phone,cancelled
11303,1413,10,2025-03-21 01:45:26,web,complete
11304,1496,31,2025-09-09 06:16:23,store,returned
11305,1392,23,2025-04-07 18:49:18,store,cancelled
11306,56,11,2025-10-08 10:54:49,mobile,cancelled
11307,69,24,2025-04-14 20:21:31,store,complete
11308,1399,25,2025-03-19 17:22:39,web,complete
11309,522,12,2025-01-30 03:10:50,store,complete
11310,759,10,2025-03-03 11:11:05,mobile,cancelled
11311,533,36,2025-05-06 22:07:08,store,complete
11312,619,10,2025-07-27 19:27:59,mobile,cancelled
11313,1344,39,2025-07-01 05:11:15,store,complete
11314,44,26,2025-09-21 09:13:59,web,complete
11315,280,5,2025-08-12 17:30:11,web,complete
11316,585,8,2025-07-26 05:32:17,web,cancelled
11317,528,21,2025-03-17 10:23:18,mobile,cancelled
11318,221,7,2025-06-24 23:01:23,phone,complete
11319,174,20,2025-07-16 16:26:53,web,cancelled
11320,472,6,2025-03-14 00:21:00,store,complete
11321,1307,15,2025-06-01 04:52:25,mobile,cancelled
11322,1459,13,2025-01-12 15:51:20,web,complete
11323,731,7,2025-06-25 00:46:47,web,cancelled
11324,808,25,2025-08-16 12:20:29,store,complete
11325,668,10,2025-08-26 02:55:49,phone,cancelled
11326,648,2,2025-11-11 14:54:46,store,returned
11327,846,11,2025-06-04 20:24:16,mobile,complete
11328,1127,12,2025-01-25 10:32:46,phone,returned
11329,1469,2,2025-02-22 02:17:20,store,complete
11330,118,20,2025-04-15 04:38:36,phone,returned
11331,10,40,2025-06-24 21:57:14,mobile,returned
11332,305,34,2025-09-26 05:20:00,phone,returned
11333,168,4,2025-05-13 22:07:08,store,complete
11334,1460,19,2025-04-17 08:13:57,store,complete
11335,625,17,2025-06-06 07:43:54,store,complete
11336,895,20,2025-09-07 17:48:57,web,complete
11337,215,7,2025-01-18 11:40:09,mobile,complete
11338,376,15,2025-04-11 03:45:57,web,complete
11339,1024,17,2025-09-02 00:15:04,store,complete
11340,246,13,2025-07-14 18:57:48,store,complete
11341,1430,12,2025-05-23 17:19:14,mobile,returned
11342,1429,15,2025-10-02 03:30:36,mobile,complete
11343,342,1,2025-11-11 08:52:01,web,complete
11344,260,16,2025-04-12 21:54:30,web,complete
11345,1014,13,2025-05-20 23:18:57,store,complete
11346,486,39,2025-09-22 13:07:25,phone,complete
11347,301,23,2025-04-19 02:21:36,phone,cancelled
11348,1117,32,2025-09-13 20:26:04,web,cancelled
11349,2,15,2025-09-14 18:45:49,store,returned
11350,462,18,2025-12-07 13:20:41,store,cancelled
11351,678,24,2025-11-01 23:45:49,mobile,complete
11352,614,29,2025-08-20 00:00:59,web,cancelled
11353,882,7,2025-04-13 17:07:04,mobile,complete
11354,1419,39,2025-05-11 10:17:17,phone,complete
11355,536,3,2025-06-08 23:56:55,web,complete
11356,719,27,2025-07-12 12:10:14,mobile,complete
11357,393,3,2025-10-02 12:59:29,phone,cancelled
11358,111,6,2025-12-23 04:48:32,phone,complete
11359,477,14,2025-12-10 00:43:59,web,complete
11360,179,24,2025-11-21 04:34:44,phone,complete
11361,1229,35,2025-07-06 01:51:25,web,complete
11362,637,12,2025-01-03 18:42:11,store,complete
11363,1226,30,2025-02-06 01:02:27,phone,complete
11364,821,2,2025-02-27 08:04:35,web,complete
11365,424,31,2025-08-14 17:49:43,phone,complete
11366,762,13,2025-03-30 11:01:17,phone,complete
11367,1348,14,2025-07-16 11:48:09,store,returned
11368,327,19,2025-05-18 07:06:39,phone,complete
11369,544,1,2025-01-15 01:57:12,store,complete
11370,675,26,2025-06-13 08:32:48,phone,complete
11371,1372,14,2025-02-02 06:45:33,store,cancelled
11372,476,32,2025-06-26 14:22:51,web,returned
11373,434,34,2025-08-30 13:58:26,store,cancelled
11374,134,13,2025-07-26 11:57:55,web,complete
11375,1203,9,2025-03-18 14:12:48,mobile,complete
11376,1232,24,2025-12-17 16:44:58,mobile,cancelled
11377,80,14,2025-01-02 20:58:20,web,complete
11378,159,5,2025-10-28 19:46:22,web,cancelled
11379,1091,30,2025-10-07 19:57:17,phone,complete
11380,421,24,2025-04-08 05:26:48,mobile,cancelled
11381,890,26,2025-05-26 05:11:42,web,complete
11382,225,29,2025-11-27 14:44:56,mobile,complete
11383,164,32,2025-12-05 05:44:47,phone,returned
11384,23,4,2025-05-12 21:08:11,web,complete
11385,400,8,2025-06-17 18:36:05,web,complete
11386,1086,13,2025-10-14 02:20:41,mobile,cancelled
11387,516,15,2025-09-14 18:22:19,store,complete
11388,192,34,2025-11-21 21:23:58,store,complete
11389,111,36,2025-11-13 21:32:40,phone,complete
11390,403,34,2025-09-16 11:16:14,mobile,cancelled
11391,437,12,2025-03-20 00:11:58,store,cancelled
11392,846,31,2025-08-19 11:04:09,store,complete
11393,976,31,2025-11-22 05:55:09,phone,complete
11394,622,14,2025-05-15 23:15:22,web,cancelled
11395,192,26,2025-08-19 15:44:41,store,complete
11396,648,17,2025-11-12 14:24:27,mobile,cancelled
11397,1494,34,2025-08-08 07:00:59,phone,returned
11398,368,12,2025-08-30 03:02:52,phone,cancelled
11399,384,38,2025-09-07 19:40:41,phone,complete
11400,405,20,2025-01-22 15:53:14,web,complete
11401,571,36,2025-04-18 21:25:08,phone,complete
11402,1024,9,2025-04-01 06:17:01,phone,complete
11403,124,29,2025-05-30 19:25:57,store,complete
11404,578,37,2025-12-28 03:59:35,phone,complete
11405,358,10,2025-05-16 10:56:02,mobile,complete
11406,1463,24,2025-11-11 19:53:38,phone,cancelled
11407,517,35,2025-11-27 08:29:20,phone,complete
11408,1255,28,2025-06-23 14:44:13,web,complete
11409,613,15,2025-09-04 10:25:17,phone,returned
11410,1313,22,2025-09-16 16:31:58,web,complete
11411,1331,32,2025-11-10 15:13:01,store,complete
11412,819,12,2025-07-23 08:59:48,web,complete
11413,1451,40,2025-09-04 00:25:57,mobile,complete
11414,1009,14,2025-02-08 16:27:29,mobile,complete
11415,1448,7,2025-04-14 17:25:10,mobile,complete
11416,1062,11,2025-01-13 03:10:17,mobile,complete
11417,96,14,2025-12-04 11:29:36,mobile,returned
11418,553,22,2025-02-08 03:10:40,store,complete
11419,1311,19,2025-05-25 03:42:16,phone,cancelled
11420,914,12,2025-01-20 23:34:50,store,complete
11421,83,25,2025-12-25 15:54:14,mobile,cancelled
11422,982,21,2025-01-09 04:10:24,phone,returned
11423,1310,23,2025-03-03 08:40:17,web,cancelled
11424,1153,19,2025-12-16 02:39:13,mobile,complete
11425,1309,2,2025-07-03 20:40:54,phone,complete
11426,28,40,2025-02-17 12:42:21,mobile,complete
11427,66,20,2025-07-02 20:48:01,phone,cancelled
11428,1210,35,2025-05-28 07:02:00,web,cancelled
11429,1278,37,2025-06-21 02:57:49,store,complete
11430,1298,29,2025-03-06 05:30:47,mobile,complete
11431,612,23,2025-09-07 21:14:11,mobile,complete
11432,1368,11,2025-03-21 16:58:28,phone,returned
11433,877,15,2025-11-09 21:35:57,phone,complete
11434,1456,2,2025-07-13 07:33:37,mobile,complete
11435,1102,22,2025-06-26 12:17:51,web,complete
11436,764,33,2025-04-26 16:41:35,store,returned
11437,442,1,2025-07-21 21:33:00,store,complete
11438,828,4,2025-01-13 16:15:57,phone,complete
11439,1301,13,2025-07-27 11:37:15,store,complete
11440,1413,10,2025-12-12 22:58:12,web,complete
11441,307,18,2025-04-19 22:39:27,web,returned
11442,7,8,2025-09-13 07:40:03,phone,returned
11443,525,7,2025-09-02 22:51:32,web,cancelled
11444,70,22,2025-09-02 15:12:43,phone,complete
11445,1042,31,2025-01-17 20:05:29,phone,complete
11446,719,20,2025-01-17 18:24:32,store,cancelled
11447,1441,37,2025-03-08 21:03:27,web,complete
11448,1433,26,2025-12-27 19:29:20,phone,cancelled
11449,1406,9,2025-08-21 18:38:25,phone,complete
11450,1370,36,2025-07-10 05:10:28,mobile,complete
11451,1058,21,2025-04-17 13:11:54,store,complete
11452,1383,1,2025-11-26 16:57:38,store,returned
11453,1205,13,2025-10-14 20:30:55,mobile,complete
11454,328,5,2025-05-16 10:14:56,mobile,complete
11455,1404,7,2025-07-06 15:34:52,web,complete
11456,97,7,2025-01-25 08:40:16,mobile,complete
11457,867,21,2025-05-02 13:47:36,store,returned
11458,10,34,2025-12-03 20:11:02,store,complete
11459,217,39,2025-12-12 10:15:45,mobile,complete
11460,743,22,2025-05-01 17:04:28,web,complete
11461,131,34,2025-08-31 14:25:52,web,complete
11462,205,40,2025-08-09 06:04:10,web,cancelled
11463,240,23,2025-10-23 21:10:16,web,complete
11464,750,12,2025-03-13 21:22:22,store,complete
11465,869,38,2025-07-11 09:51:57,web,complete
11466,504,30,2025-02-19 23:28:32,store,returned
11467,1420,40,2025-12-18 04:36:11,mobile,complete
11468,1349,17,2025-03-10 16:52:00,web,complete
11469,1216,16,2025-02-06 22:43:07,phone,cancelled
11470,1077,27,2025-11-09 06:08:20,store,complete
11471,505,11,2025-11-16 02:04:53,mobile,complete
11472,831,31,2025-12-11 02:26:34,phone,complete
11473,92,12,2025-08-28 08:07:14,web,returned
11474,946,25,2025-03-03 12:51:07,mobile,complete
11475,1293,20,2025-04-05 14:10:14,mobile,complete
11476,509,18,2025-04-06 17:39:37,store,complete
11477,76,5,2025-03-10 10:27:00,phone,returned
11478,452,19,2025-10-12 07:40:21,store,complete
11479,14,12,2025-04-19 22:36:27,mobile,complete
11480,666,40,2025-09-14 13:40:49,web,cancelled
11481,42,9,2025-07-19 00:48:53,phone,complete
11482,560,24,2025-05-06 21:20:02,store,cancelled
11483,571,10,2025-11-01 20:29:42,store,complete
11484,662,7,2025-05-26 00:02:11,web,returned
11485,856,35,2025-10-28 06:11:53,mobile,complete
11486,424,15,2025-03-06 07:57:36,mobile,cancelled
11487,922,30,2025-01-08 01:15:58,phone,complete
11488,999,2,2025-07-18 15:53:40,mobile,complete
11489,1423,18,2025-09-22 12:10:28,web,complete
11490,103,14,2025-12-03 16:43:25,store,complete
11491,51,1,2025-03-09 21:54:10,web,complete
11492,574,27,2025-05-25 16:12:00,web,returned
11493,604,31,2025-09-11 22:00:08,phone,returned
11494,1018,23,2025-10-15 17:25:16,web,complete
11495,638,15,2025-04-23 13:36:30,web,complete
11496,1421,20,2025-08-27 23:01:28,phone,cancelled
11497,1352,34,2025-05-28 11:10:33,mobile,cancelled
11498,411,14,2025-09-20 08:44:35,phone,complete
11499,664,19,2025-04-10 12:51:23,store,cancelled
11500,1161,38,2025-08-19 09:09:39,store,cancelled
11501,1048,21,2025-11-24 16:45:57,web,returned
11502,119,31,2025-07-25 13:02:01,phone,complete
11503,1369,24,2025-03-08 04:29:04,mobile,returned
11504,1215,30,2025-04-29 07:06:58,web,complete
11505,182,25,2025-05-16 01:46:47,mobile,complete
11506,342,18,2025-03-12 02:57:20,store,complete
11507,613,28,2025-03-23 02:45:12,web,returned
11508,470,20,2025-01-16 01:10:42,mobile,complete
11509,274,31,2025-11-01 10:25:06,mobile,complete
11510,389,35,2025-08-18 16:22:55,mobile,complete
11511,237,15,2025-01-09 21:00:31,store,complete
11512,1200,28,2025-04-12 09:09:53,store,complete
11513,114,34,2025-07-02 14:24:29,phone,cancelled
11514,310,8,2025-08-06 17:35:48,phone,cancelled
11515,266,39,2025-08-25 16:50:57,mobile,complete
11516,436,17,2025-01-04 00:13:30,store,complete
11517,1211,20,2025-12-28 07:14:48,mobile,complete
11518,1206,18,2025-01-22 19:49:20,mobile,returned
11519,1217,40,2025-09-11 17:27:26,mobile,complete
11520,124,26,2025-12-11 08:56:09,store,complete
11521,859,38,2025-05-08 00:43:41,mobile,returned
11522,127,40,2025-08-30 20:24:29,phone,cancelled
11523,369,34,2025-12-31 23:38:01,store,complete
11524,745,36,2025-03-06 22:31:33,web,returned
11525,1275,35,2025-11-09 13:17:41,web,returned
11526,1185,34,2025-01-18 00:29:20,store,returned
11527,1217,32,2025-10-24 22:05:31,mobile,complete
11528,758,15,2025-10-24 19:50:37,store,returned
11529,662,16,2025-04-19 19:08:49,web,complete
11530,330,30,2025-12-12 11:58:52,web,complete
11531,342,11,2025-03-14 22:38:03,web,cancelled
11532,1388,27,2025-04-17 06:45:24,store,complete
11533,96,13,2025-07-01 16:56:00,web,complete
11534,189,34,2025-07-28 21:31:18,web,complete
11535,442,26,2025-05-30 21:34:42,web,returned
11536,318,8,2025-11-19 11:56:46,mobile,returned
11537,540,11,2025-10-14 04:28:42,mobile,cancelled
11538,1184,27,2025-02-10 05:15:20,mobile,complete
11539,1027,28,2025-01-08 13:39:26,store,complete
11540,521,22,2025-11-16 21:21:48,store,cancelled
11541,10,21,2025-12-16 15:30:15,store,complete
11542,1416,3,2025-04-11 07:40:55,mobile,complete
11543,134,14,2025-12-03 01:29:49,phone,returned
11544,466,31,2025-10-19 12:30:15,web,complete
11545,931,29,2025-11-11 12:59:16,phone,returned
11546,1397,38,2025-07-26 16:26:15,mobile,complete
11547,1036,17,2025-07-15 02:01:52,web,returned
11548,22,23,2025-06-06 16:13:01,store,cancelled
11549,166,17,2025-01-12 09:32:24,mobile,complete
11550,194,17,2025-08-25 11:20:39,store,complete
11551,695,31,2025-05-29 12:16:26,phone,returned
11552,1255,26,2025-04-05 10:08:58,store,complete
11553,1324,37,2025-04-30 01:35:26,phone,returned
11554,1207,25,2025-02-03 10:21:51,mobile,complete
11555,572,23,2025-01-21 08:09:11,store,complete
11556,375,8,2025-09-25 11:16:29,web,returned
11557,827,17,2025-10-05 13:52:06,mobile,cancelled
11558,303,3,2025-07-16 00:32:41,web,complete
11559,1378,30,2025-12-26 15:38:40,phone,complete
11560,1056,14,2025-05-13 04:21:32,web,complete
11561,440,29,2025-07-24 04:29:58,mobile,complete
11562,571,24,2025-04-09 02:48:38,mobile,returned
11563,849,3,2025-03-01 18:22:35,web,complete
11564,1084,2,2025-04-23 18:22:08,mobile,complete
11565,1420,17,2025-06-15 08:30:27,mobile,complete
11566,208,17,2025-07-03 12:34:04,store,complete
11567,1082,33,2025-11-04 01:49:44,phone,returned
11568,748,39,2025-06-17 04:10:12,web,complete
11569,361,35,2025-02-13 11:26:57,store,complete
11570,1479,39,2025-01-13 13:49:57,store,returned
11571,937,6,2025-04-19 11:59:30,phone,returned
11572,789,4,2025-12-10 19:19:19,web,returned
11573,1478,39,2025-02-05 22:43:28,phone,cancelled
11574,1015,3,2025-05-28 20:58:52,mobile,cancelled
11575,94,1,2025-01-10 13:43:04,phone,complete
11576,938,19,2025-02-18 03:10:52,web,complete
11577,1290,10,2025-08-30 20:53:56,mobile,complete
11578,853,7,2025-01-02 00:57:19,web,returned
11579,71,35,2025-04-29 13:42:02,phone,complete
11580,266,25,2025-04-16 20:23:00,web,complete
11581,126,19,2025-03-09 12:33:51,web,complete
11582,24,13,2025-01-02 16:36:42,phone,complete
11583,1095,24,2025-06-06 15:58:28,web,complete
11584,406,24,2025-10-05 22:32:27,web,complete
11585,1136,29,2025-03-18 00:57:45,phone,complete
11586,992,8,2025-10-30 22:50:10,phone,returned
11587,356,26,2025-09-15 05:49:35,store,cancelled
11588,1335,7,2025-10-01 12:45:29,phone,cancelled
11589,827,6,2025-12-11 22:14:57,store,complete
11590,776,15,2025-08-06 20:05:25,phone,returned
11591,637,36,2025-08-26 06:20:06,mobile,complete
11592,1328,14,2025-12-05 20:44:56,web,complete
11593,1207,20,2025-07-05 15:07:13,web,returned
11594,1033,31,2025-12-30 04:56:07,store,complete
11595,969,19,2025-12-18 19:46:35,store,complete
11596,1113,36,2025-02-10 18:56:28,phone,complete
11597,420,1,2025-12-01 18:28:26,phone,complete
11598,253,33,2025-03-30 22:10:45,web,complete
11599,543,25,2025-03-04 05:37:00,mobile,complete
11600,1128,4,2025-01-30 15:08:15,web,returned
11601,173,14,2025-12-21 11:15:53,store,complete
11602,135,40,2025-12-26 20:54:10,mobile,cancelled
11603,1180,37,2025-01-16 23:21:35,phone,complete
11604,1265,35,2025-06-09 15:47:05,mobile,complete
11605,1079,27,2025-03-12 06:37:10,web,complete
11606,464,19,2025-05-09 17:06:46,mobile,complete
11607,884,32,2025-01-12 19:28:23,phone,cancelled
11608,330,26,2025-09-28 06:43:00,store,complete
11609,1367,20,2025-06-19 06:53:44,store,cancelled
11610,815,1,2025-07-27 07:38:57,store,returned
11611,470,39,2025-02-26 20:20:42,phone,cancelled
11612,284,22,2025-08-05 16:55:28,mobile,cancelled
11613,867,38,2025-03-26 04:55:26,store,cancelled
11614,172,26,2025-06-04 13:24:48,phone,cancelled
11615,533,27,2025-05-25 12:01:22,phone,complete
11616,1324,16,2025-09-21 01:27:08,web,returned
11617,934,18,2025-08-19 04:06:04,mobile,complete
11618,366,3,2025-08-15 04:45:40,web,complete
11619,453,9,2025-07-28 09:12:00,store,complete
11620,148,21,2025-08-10 22:43:41,store,complete
11621,121,21,2025-04-12 11:33:39,mobile,complete
11622,1071,6,2025-10-14 07:08:01,web,complete
11623,644,25,2025-07-02 10:02:32,phone,cancelled
11624,1377,14,2025-04-24 23:39:17,phone,complete
11625,1342,4,2025-11-26 14:53:47,store,complete
11626,177,21,2025-10-27 04:26:13,mobile,returned
11627,1344,3,2025-10-17 22:59:57,store,complete
11628,487,1,2025-07-20 07:22:51,store,complete
11629,395,14,2025-03-18 17:14:13,web,complete
11630,440,26,2025-09-09 03:17:49,phone,returned
11631,1132,20,2025-05-29 00:01:55,store,complete
11632,410,18,2025-08-22 13:50:46,mobile,cancelled
11633,1094,32,2025-09-08 20:56:44,phone,cancelled
11634,1258,25,2025-02-16 13:26:17,store,complete
11635,660,5,2025-08-26 15:45:24,store,complete
11636,874,12,2025-09-07 11:49:40,phone,returned
11637,581,30,2025-11-05 08:39:55,store,complete
11638,1450,29,2025-09-21 20:54:17,web,complete
11639,1144,1,2025-07-19 10:18:13,store,complete
11640,782,36,2025-06-16 10:22:23,phone,cancelled
11641,979,24,2025-11-05 21:54:33,store,returned
11642,227,8,2025-12-29 00:58:52,web,cancelled
11643,987,2,2025-06-02 03:23:14,phone,complete
11644,617,39,2025-12-30 21:05:31,web,cancelled
11645,251,39,2025-04-26 08:26:06,web,cancelled
11646,240,39,2025-09-04 18:15:32,web,complete
11647,910,30,2025-01-12 07:29:35,mobile,returned
11648,610,5,2025-04-02 19:04:40,phone,complete
11649,424,16,2025-04-09 22:56:02,web,complete
11650,1015,17,2025-09-01 05:31:21,phone,complete
11651,296,26,2025-11-13 21:39:33,store,complete
11652,780,18,2025-11-14 02:56:34,mobile,returned
11653,1463,23,2025-08-24 09:34:23,store,complete
11654,383,33,2025-08-21 16:43:10,phone,complete
11655,831,24,2025-04-21 16:03:18,store,complete
11656,1189,16,2025-11-23 07:37:31,mobile,complete
11657,1490,16,2025-07-14 00:23:48,web,complete
11658,35,32,2025-04-23 07:44:31,store,complete
11659,1295,21,2025-11-20 05:13:22,mobile,cancelled
11660,958,38,2025-06-02 16:35:17,phone,complete
11661,1212,25,2025-01-12 16:32:50,phone,complete
11662,130,39,2025-12-08 06:21:01,store,complete
11663,228,22,2025-11-15 10:42:01,mobile,complete
11664,783,35,2025-11-29 09:31:47,web,cancelled
11665,1157,28,2025-03-09 04:59:09,mobile,complete
11666,1246,31,2025-03-14 07:55:07,store,complete
11667,1174,23,2025-02-24 18:33:36,mobile,cancelled
11668,779,23,2025-10-19 17:00:43,web,complete
11669,652,19,2025-04-26 01:44:11,phone,cancelled
11670,734,13,2025-04-28 21:41:13,web,complete
11671,80,33,2025-10-14 06:08:06,web,complete
11672,446,28,2025-01-10 00:21:35,phone,complete
11673,223,2,2025-06-22 16:57:16,phone,complete
11674,1365,4,2025-08-17 11:18:04,phone,complete
11675,1217,5,2025-05-25 18:13:21,web,complete
11676,941,10,2025-04-08 07:12:00,store,cancelled
11677,859,3,2025-07-25 19:06:40,web,complete
11678,872,23,2025-01-12 14:02:46,phone,complete
11679,1068,18,2025-09-11 23:37:51,mobile,returned
11680,775,16,2025-04-28 12:39:26,phone,complete
11681,587,11,2025-08-18 15:53:25,web,returned
11682,961,16,2025-09-15 08:02:37,store,complete
11683,382,37,2025-11-06 10:32:15,phone,complete
11684,969,27,2025-02-22 12:17:53,mobile,cancelled
11685,1463,5,2025-04-15 05:13:39,mobile,complete
11686,694,30,2025-02-19 03:14:21,store,returned
11687,399,24,2025-07-26 18:24:41,web,cancelled
11688,26,20,2025-03-15 17:10:38,phone,complete
11689,855,1,2025-01-28 22:33:34,store,cancelled
11690,524,6,2025-08-12 07:11:08,store,cancelled
11691,838,29,2025-09-14 18:14:47,phone,complete
11692,782,9,2025-10-07 19:36:15,store,complete
11693,232,1,2025-05-24 10:41:20,phone,complete
11694,211,13,2025-09-18 22:49:34,phone,complete
11695,1078,12,2025-12-20 15:06:50,phone,complete
11696,628,28,2025-12-08 01:54:37,web,complete
11697,940,17,2025-02-22 04:12:08,mobile,cancelled
11698,880,34,2025-06-13 09:43:54,phone,complete
11699,1269,5,2025-06-13 19:30:11,phone,returned
11700,917,33,2025-07-05 06:34:02,phone,complete
11701,1079,22,2025-04-25 10:56:07,web,complete
11702,871,3,2025-08-17 16:53:17,web,cancelled
11703,1448,34,2025-09-15 00:46:48,mobile,complete
11704,923,33,2025-10-05 08:25:16,web,complete
11705,1432,18,2025-06-08 13:41:21,mobile,complete
11706,890,5,2025-07-30 22:38:45,phone,cancelled
11707,1054,2,2025-02-11 12:05:19,store,cancelled
11708,80,40,2025-03-18 23:41:47,store,cancelled
11709,48,38,2025-04-25 04:50:53,web,returned
11710,1282,9,2025-09-10 12:29:38,phone,complete
11711,622,25,2025-09-10 17:27:56,phone,complete
11712,510,12,2025-03-14 13:32:26,phone,complete
11713,557,11,2025-10-23 12:10:32,phone,complete
11714,1475,14,2025-06-05 20:25:39,mobile,complete
11715,1143,12,2025-07-12 12:19:26,store,complete
11716,1011,28,2025-06-28 17:45:56,store,cancelled
11717,1356,13,2025-06-08 21:10:19,store,cancelled
11718,506,19,2025-12-11 04:51:11,web,cancelled
11719,372,33,2025-10-24 14:44:25,mobile,returned
11720,480,40,2025-07-04 17:57:43,mobile,complete
11721,215,30,2025-05-08 17:34:36,web,complete
11722,398,19,2025-03-08 12:29:17,phone,complete
11723,1302,11,2025-10-31 18:41:50,web,complete
11724,806,31,2025-11-16 04:49:55,mobile,returned
11725,1035,23,2025-04-29 21:27:39,phone,complete
11726,859,6,2025-12-04 14:24:26,mobile,cancelled
11727,1085,24,2025-07-13 16:06:32,store,cancelled
11728,1431,1,2025-03-20 00:45:17,web,returned
11729,827,24,2025-03-22 07:20:44,phone,cancelled
11730,295,13,2025-09-26 17:55:26,phone,cancelled
11731,566,37,2025-11-23 08:25:17,phone,complete
11732,1010,11,2025-03-18 19:14:05,web,returned
11733,564,31,2025-12-24 10:01:16,web,returned
11734,1020,28,2025-11-22 21:54:39,mobile,cancelled
11735,1188,31,2025-10-31 10:57:12,mobile,complete
11736,42,35,2025-08-30 22:12:56,mobile,complete
11737,1069,33,2025-01-18 08:09:59,web,complete
11738,457,40,2025-07-31 02:10:13,store,returned
11739,1463,15,2025-04-25 01:10:25,phone,complete
11740,282,26,2025-04-06 02:30:37,store,complete
11741,1048,5,2025-03-17 16:19:59,mobile,cancelled
11742,979,8,2025-04-24 11:56:39,phone,returned
11743,725,15,2025-01-10 06:51:34,mobile,returned
11744,936,40,2025-07-23 23:12:36,mobile,complete
11745,1256,22,2025-01-04 19:33:46,store,returned
11746,97,19,2025-04-21 06:58:41,web,returned
11747,212,25,2025-10-17 08:26:02,mobile,complete
11748,245,7,2025-11-27 07:59:18,web,complete
11749,555,13,2025-02-17 04:35:32,phone,complete
11750,1114,20,2025-12-29 01:58:35,web,complete
11751,65,20,2025-10-02 19:10:53,web,returned
11752,877,35,2025-07-15 07:12:46,phone,complete
11753,207,27,2025-05-05 01:43:36,web,complete
11754,839,5,2025-09-20 13:29:28,phone,complete
11755,201,25,2025-03-10 20:31:18,web,cancelled
11756,1218,34,2025-01-04 00:47:13,web,complete
11757,1301,5,2025-08-30 06:13:01,phone,cancelled
11758,821,36,2025-09-01 00:08:10,mobile,cancelled
11759,1122,15,2025-03-17 22:01:03,mobile,cancelled
11760,153,13,2025-01-25 06:29:04,phone,complete
11761,503,22,2025-08-11 22:49:07,store,complete
11762,909,4,2025-07-03 04:15:49,phone,complete
11763,401,15,2025-10-30 00:53:37,web,complete
11764,540,27,2025-10-13 10:43:30,phone,complete
11765,400,3,2025-08-26 10:36:37,phone,complete
11766,1170,22,2025-11-24 05:42:04,phone,complete
11767,1127,5,2025-06-09 08:19:32,store,returned
11768,11,38,2025-06-07 14:50:24,mobile,returned
11769,594,11,2025-07-08 11:40:54,mobile,cancelled
11770,751,36,2025-01-27 02:06:41,web,complete
11771,565,34,2025-01-09 03:00:39,mobile,cancelled
11772,308,19,2025-05-08 09:40:24,web,complete
11773,781,2,2025-01-25 19:42:46,phone,complete
11774,1441,18,2025-01-15 06:48:19,mobile,returned
11775,193,5,2025-04-30 16:04:01,web,returned
11776,1110,23,2025-05-22 08:02:43,mobile,complete
11777,742,27,2025-11-28 12:30:29,mobile,complete
11778,906,14,2025-05-03 15:05:47,mobile,complete
11779,1280,7,2025-06-14 16:11:51,phone,complete
11780,53,39,2025-03-19 00:27:25,web,complete
11781,112,15,2025-06-26 15:06:11,store,complete
11782,1211,9,2025-11-09 02:13:04,web,cancelled
11783,1340,32,2025-03-08 17:00:20,web,returned
11784,1135,15,2025-03-18 19:36:46,web,cancelled
11785,306,13,2025-09-30 16:48:00,web,cancelled
11786,754,7,2025-11-01 21:50:20,mobile,complete
11787,1283,25,2025-10-30 02:31:20,store,cancelled
11788,604,28,2025-08-16 22:56:00,phone,complete
11789,1030,30,2025-02-19 13:36:11,mobile,complete
11790,552,3,2025-09-06 20:08:17,web,complete
11791,644,1,2025-04-01 19:43:11,web,cancelled
11792,348,16,2025-02-15 08:20:16,web,complete
11793,614,3,2025-01-04 03:13:17,mobile,complete
11794,745,27,2025-04-06 10:48:29,web,complete
11795,762,28,2025-04-22 05:27:20,web,complete
11796,1038,40,2025-07-19 16:36:36,mobile,complete
11797,1295,7,2025-10-02 10:09:03,web,cancelled
11798,705,18,2025-06-27 06:08:55,mobile,complete
11799,262,26,2025-01-09 10:26:03,mobile,complete
11800,953,18,2025-06-11 06:39:40,web,cancelled
11801,1090,40,2025-01-03 16:48:55,store,returned
11802,24,12,2025-02-02 07:25:30,mobile,complete
11803,380,5,2025-01-20 10:08:49,phone,complete
11804,234,2,2025-07-28 15:33:42,mobile,complete
11805,121,2,2025-07-08 16:30:23,mobile,cancelled
11806,1411,32,2025-06-11 04:30:41,web,returned
11807,228,18,2025-05-29 18:59:08,phone,cancelled
11808,855,19,2025-07-20 20:05:36,web,complete
11809,248,40,2025-03-14 20:10:59,store,cancelled
11810,811,5,2025-12-15 16:46:58,phone,returned
11811,833,38,2025-04-12 00:06:51,web,complete
11812,1086,9,2025-03-14 12:04:51,phone,complete
11813,1002,30,2025-01-19 17:52:33,phone,complete
11814,1102,1,2025-04-14 04:50:33,mobile,complete
11815,309,39,2025-11-19 01:43:14,mobile,cancelled
11816,60,11,2025-04-23 21:41:44,web,cancelled
11817,181,18,2025-01-20 05:57:58,phone,cancelled
11818,1395,38,2025-02-12 08:33:24,store,cancelled
11819,1361,1,2025-09-18 10:13:03,store,complete
11820,1044,36,2025-04-02 15:34:25,store,returned
11821,543,1,2025-07-10 10:51:46,store,cancelled
11822,1407,34,2025-03-29 22:57:58,phone,complete
11823,531,16,2025-06-30 11:25:43,web,cancelled
11824,1402,15,2025-05-15 05:44:19,mobile,cancelled
11825,563,38,2025-01-16 20:55:55,web,complete
11826,778,16,2025-10-11 11:50:06,web,complete
11827,1292,31,2025-06-06 00:42:42,store,cancelled
11828,1094,17,2025-09-09 20:03:58,mobile,complete
11829,243,18,2025-05-07 03:19:30,web,cancelled
11830,1092,20,2025-01-04 14:26:21,store,complete
11831,743,36,2025-05-26 18:57:30,web,complete
11832,1403,9,2025-03-09 08:44:51,phone,cancelled
11833,95,10,2025-06-26 06:57:42,store,complete
11834,1490,24,2025-04-27 18:10:16,mobile,complete
11835,1237,2,2025-04-27 08:52:17,web,complete
11836,252,1,2025-05-24 16:32:14,mobile,complete
11837,1242,34,2025-06-18 09:14:30,phone,returned
11838,1255,32,2025-03-04 10:08:28,store,complete
11839,1324,5,2025-09-20 07:12:25,phone,cancelled
11840,759,5,2025-10-08 23:28:34,web,complete
11841,160,9,2025-08-11 17:40:43,store,cancelled
11842,724,12,2025-06-12 13:02:04,web,complete
11843,408,9,2025-10-11 17:57:10,phone,complete
11844,833,23,2025-12-27 20:01:31,phone,complete
11845,574,17,2025-11-13 05:51:10,phone,returned
11846,185,5,2025-02-10 14:58:32,web,complete
11847,206,34,2025-11-12 19:08:23,store,returned
11848,514,32,2025-07-14 20:01:22,web,complete
11849,251,12,2025-07-25 12:15:21,phone,complete
11850,635,12,2025-07-31 12:01:17,web,complete
11851,67,36,2025-01-01 10:15:14,store,cancelled
11852,129,31,2025-10-26 10:28:37,web,complete
11853,442,11,2025-08-12 00:13:31,mobile,complete
11854,1476,3,2025-02-14 02:43:16,web,returned
11855,998,22,2025-01-09 06:33:33,web,returned
11856,318,7,2025-03-02 05:46:55,store,complete
11857,1000,25,2025-12-20 01:25:30,web,cancelled
11858,22,21,2025-09-20 06:28:52,store,complete
11859,224,37,2025-05-25 03:41:05,store,returned
11860,49,33,2025-05-29 06:49:53,store,complete
11861,1105,22,2025-11-07 02:21:43,phone,cancelled
11862,3,40,2025-01-09 12:48:45,mobile,returned
11863,1257,4,2025-01-12 04:32:15,mobile,returned
11864,1487,33,2025-10-04 18:53:52,phone,returned
11865,300,29,2025-03-03 06:15:03,web,returned
11866,219,16,2025-08-10 12:37:22,mobile,cancelled
11867,543,7,2025-02-12 06:17:58,store,complete
11868,124,27,2025-03-07 12:04:33,mobile,cancelled
11869,284,29,2025-05-23 00:44:54,store,returned
11870,1349,33,2025-06-02 00:40:45,web,complete
11871,723,38,2025-06-07 01:59:36,phone,returned
11872,1348,21,2025-02-25 10:53:19,store,complete
11873,1059,34,2025-05-24 22:17:57,web,complete
11874,1160,5,2025-04-17 17:46:22,web,complete
11875,1017,22,2025-07-07 15:31:10,mobile,complete
11876,836,32,2025-02-17 23:03:19,store,complete
11877,151,20,2025-11-11 23:49:12,phone,complete
11878,305,23,2025-11-14 13:24:27,web,cancelled
11879,1436,10,2025-12-10 13:41:26,store,returned
11880,894,12,2025-02-07 04:17:45,phone,complete
11881,340,13,2025-07-21 07:25:35,mobile,returned
11882,38,38,2025-12-18 16:13:33,store,complete
11883,1028,28,2025-08-24 15:16:46,web,cancelled
11884,1147,19,2025-07-25 01:51:25,mobile,complete
11885,776,6,2025-11-21 08:21:54,web,complete
11886,517,20,2025-06-02 20:23:32,mobile,complete
11887,1093,26,2025-01-04 18:32:35,store,complete
11888,984,35,2025-08-24 15:25:05,store,cancelled
11889,292,3,2025-07-12 15:08:31,web,returned
11890,123,17,2025-12-10 10:53:32,store,cancelled
11891,343,16,2025-12-22 22:00:27,mobile,returned
11892,907,33,2025-11-12 11:14:02,web,complete
11893,418,16,2025-10-11 01:00:05,phone,complete
11894,524,20,2025-09-16 06:19:37,mobile,returned
11895,981,35,2025-06-13 13:06:45,web,cancelled
11896,1465,17,2025-02-05 09:44:25,web,complete
11897,815,18,2025-12-08 14:34:22,web,returned
11898,728,9,2025-09-07 16:59:21,store,cancelled
11899,676,2,2025-04-09 18:10:10,web,complete
11900,965,8,2025-09-27 14:51:11,web,complete
11901,1001,13,2025-07-05 15:27:00,phone,complete
11902,311,21,2025-02-26 10:39:15,web,complete
11903,168,26,2025-06-27 17:28:31,mobile,complete
11904,613,36,2025-11-26 15:55:26,phone,complete
11905,66,12,2025-07-11 18:37:41,phone,complete
11906,844,11,2025-09-06 08:05:38,mobile,complete
11907,742,13,2025-08-29 05:50:51,store,complete
11908,951,15,2025-05-02 05:26:53,phone,complete
11909,853,39,2025-09-05 08:50:04,web,returned
11910,1381,2,2025-12-20 04:26:57,store,complete
11911,1369,39,2025-01-12 05:59:44,phone,complete
11912,976,6,2025-09-20 14:33:12,phone,complete
11913,1316,37,2025-09-27 00:27:19,mobile,complete
11914,548,9,2025-05-22 20:36:10,store,cancelled
11915,879,11,2025-08-05 10:06:13,store,cancelled
11916,906,30,2025-08-08 20:00:40,phone,cancelled
11917,1214,4,2025-03-12 01:55:09,web,returned
11918,637,18,2025-11-13 04:17:35,web,complete
11919,75,9,2025-01-01 11:42:15,mobile,returned
11920,515,28,2025-01-18 06:58:56,phone,cancelled
11921,152,1,2025-07-05 10:12:12,mobile,cancelled
11922,1208,39,2025-07-27 02:09:59,store,returned
11923,406,18,2025-07-18 18:42:58,store,returned
11924,258,30,2025-10-14 22:35:02,web,complete
11925,54,39,2025-06-11 18:43:36,phone,complete
11926,775,6,2025-09-15 14:11:42,store,complete
11927,835,4,2025-04-29 21:38:36,web,complete
11928,1412,25,2025-04-27 23:03:04,store,cancelled
11929,1052,38,2025-06-06 05:48:59,phone,returned
11930,47,7,2025-06-23 21:38:22,phone,returned
11931,119,12,2025-05-09 09:34:11,mobile,complete
11932,560,33,2025-07-08 06:51:25,web,cancelled
11933,1224,14,2025-10-08 13:36:34,phone,returned
11934,1070,36,2025-09-22 19:06:48,mobile,complete
11935,1490,37,2025-06-28 20:38:58,web,complete
11936,150,16,2025-08-05 00:33:49,phone,complete
11937,509,27,2025-03-14 14:47:44,store,complete
11938,417,35,2025-03-24 01:19:15,mobile,complete
11939,97,32,2025-07-13 17:41:54,phone,complete
11940,1112,40,2025-03-29 07:49:15,phone,complete
11941,654,8,2025-12-04 19:17:33,mobile,returned
11942,1066,30,2025-07-02 22:42:25,mobile,cancelled
11943,304,27,2025-06-03 06:40:42,web,cancelled
11944,1122,12,2025-04-04 22:35:35,mobile,returned
11945,1026,13,2025-08-18 07:23:19,web,complete
11946,102,38,2025-05-02 23:05:32,phone,complete
11947,1223,29,2025-03-25 05:29:40,store,complete
11948,941,6,2025-12-24 06:27:26,mobile,returned
11949,931,31,2025-07-27 19:17:29,phone,returned
11950,575,40,2025-02-25 00:41:08,store,complete
11951,953,27,2025-08-11 11:35:54,phone,complete
11952,890,6,2025-10-10 00:00:02,mobile,returned
11953,1469,32,2025-06-20 02:19:00,phone,complete
11954,902,6,2025-10-22 14:05:19,web,cancelled
11955,122,32,2025-01-16 03:15:07,mobile,complete
11956,450,3,2025-07-07 01:34:28,store,complete
11957,1464,4,2025-01-30 07:17:05,web,complete
11958,642,5,2025-08-11 01:43:12,phone,complete
11959,1318,35,2025-05-19 20:32:37,web,complete
11960,39,9,2025-10-01 10:54:31,store,returned
11961,19,13,2025-10-22 05:59:12,web,complete
11962,792,10,2025-06-27 05:58:21,web,complete
11963,758,32,2025-01-20 01:15:13,mobile,cancelled
11964,150,12,2025-02-06 17:43:29,mobile,complete
11965,296,9,2025-06-30 06:40:14,web,returned
11966,686,13,2025-09-11 16:07:33,mobile,complete
11967,775,29,2025-12-25 17:43:14,phone,cancelled
11968,1003,9,2025-07-26 03:01:46,web,complete
11969,1285,23,2025-01-31 02:13:55,web,cancelled
11970,479,16,2025-11-11 17:06:11,store,complete
11971,1436,28,2025-05-15 08:11:33,web,cancelled
11972,281,16,2025-08-13 09:42:27,store,complete
11973,66,10,2025-05-10 09:34:49,mobile,cancelled
11974,745,1,2025-07-09 15:59:38,store,cancelled
11975,75,13,2025-06-30 17:54:05,web,cancelled
11976,1200,9,2025-06-29 17:10:11,mobile,cancelled
11977,899,11,2025-02-28 06:02:21,store,complete
11978,1253,19,2025-11-17 01:57:00,phone,returned
11979,1005,19,2025-11-30 02:45:09,store,cancelled
11980,1027,22,2025-09-17 23:36:50,store,complete
11981,393,4,2025-04-19 08:41:55,mobile,cancelled
11982,601,34,2025-10-07 13:24:41,web,returned
11983,227,5,2025-03-16 01:07:58,store,complete
11984,115,4,2025-04-06 14:57:20,web,complete
11985,767,22,2025-04-03 13:45:08,web,complete
11986,277,30,2025-11-30 09:40:59,mobile,cancelled
11987,154,32,2025-10-06 09:31:40,web,complete
11988,367,19,2025-01-07 20:20:33,store,returned
11989,1383,16,2025-03-21 16:43:38,store,complete
11990,1396,26,2025-09-21 13:35:17,phone,returned
11991,22,12,2025-07-23 14:19:25,mobile,complete
11992,941,8,2025-05-28 03:12:02,phone,cancelled
11993,158,5,2025-07-27 04:46:42,web,complete
11994,673,21,2025-09-17 21:34:40,phone,complete
11995,1007,31,2025-01-01 01:30:46,phone,cancelled
11996,890,10,2025-11-13 06:41:16,store,complete
11997,466,5,2025-07-28 16:52:14,store,complete
11998,327,24,2025-06-20 19:27:37,store,returned
11999,268,32,2025-05-18 22:57:42,store,complete
12000,493,7,2025-08-16 12:48:32,phone,complete
12001,1042,36,2025-06-23 19:42:18,web,returned
12002,111,12,2025-11-07 07:37:50,web,cancelled
12003,804,24,2025-04-07 20:43:50,phone,cancelled
12004,738,5,2025-10-04 02:26:27,store,returned
12005,1104,31,2025-05-09 00:03:56,mobile,returned
12006,926,13,2025-09-23 09:25:46,store,returned
12007,1165,11,2025-02-18 19:11:08,web,complete
12008,1074,32,2025-02-04 21:09:33,store,complete
12009,417,28,2025-07-02 14:51:04,phone,returned
12010,849,36,2025-08-01 19:28:16,web,returned
12011,1393,7,2025-10-13 12:42:17,phone,complete
12012,642,23,2025-10-16 15:55:56,web,complete
12013,356,40,2025-02-28 17:11:30,store,cancelled
12014,1082,12,2025-06-21 22:03:07,phone,complete
12015,29,31,2025-01-04 18:52:01,phone,cancelled
12016,1165,27,2025-08-29 02:01:16,phone,complete
12017,363,33,2025-07-11 03:22:09,mobile,cancelled
12018,858,12,2025-06-06 01:01:51,web,complete
12019,792,24,2025-09-08 06:25:18,web,complete
12020,7,36,2025-02-09 12:32:27,mobile,cancelled
12021,502,3,2025-04-27 04:30:18,phone,complete
12022,980,28,2025-07-24 22:04:02,phone,returned
12023,192,33,2025-02-09 12:20:36,phone,returned
12024,1181,16,2025-05-24 15:20:04,mobile,cancelled
12025,870,40,2025-02-13 03:51:24,phone,returned
12026,39,1,2025-03-09 05:35:43,store,cancelled
12027,1202,17,2025-07-06 15:28:24,phone,complete
12028,984,32,2025-11-07 03:54:55,mobile,complete
12029,1046,19,2025-08-03 01:29:53,store,complete
12030,1081,19,2025-04-03 12:59:58,phone,complete
12031,1481,31,2025-07-16 10:17:19,phone,cancelled
12032,787,37,2025-09-19 07:02:51,store,returned
12033,810,3,2025-01-27 12:17:23,phone,complete
12034,481,2,2025-06-08 07:20:49,web,complete
12035,396,17,2025-05-22 16:53:52,mobile,returned
12036,1002,16,2025-03-30 22:01:46,mobile,cancelled
12037,350,1,2025-03-29 16:00:38,mobile,cancelled
12038,536,17,2025-12-12 06:55:28,phone,complete
12039,982,4,2025-10-21 11:22:53,web,returned
12040,505,19,2025-12-28 11:07:06,phone,returned
12041,443,40,2025-11-25 11:46:35,phone,returned
12042,663,2,2025-11-09 21:20:43,web,complete
12043,1432,20,2025-01-19 19:16:47,mobile,complete
12044,329,7,2025-05-21 22:30:50,phone,complete
12045,1241,29,2025-03-05 16:14:21,phone,complete
12046,1073,38,2025-06-16 18:40:00,mobile,complete
12047,1262,8,2025-01-13 04:52:31,phone,complete
12048,1254,34,2025-06-10 18:43:51,store,cancelled
12049,16,24,2025-10-10 05:47:21,store,cancelled
12050,1185,10,2025-10-10 14:13:35,web,complete
12051,34,9,2025-06-11 01:06:53,web,complete
12052,25,35,2025-02-04 21:23:24,phone,returned
12053,620,35,2025-02-02 11:59:54,store,cancelled
12054,1334,38,2025-12-20 22:03:19,mobile,returned
12055,377,28,2025-01-28 13:09:28,mobile,complete
12056,205,22,2025-11-04 00:24:52,store,complete
12057,378,19,2025-01-21 20:17:59,store,complete
12058,572,11,2025-06-12 11:50:14,phone,complete
12059,1367,38,2025-09-05 21:16:13,web,complete
12060,1346,24,2025-01-03 11:37:47,mobile,cancelled
12061,1186,10,2025-12-31 06:02:23,store,complete
12062,852,31,2025-06-08 09:21:53,store,returned
12063,561,27,2025-11-08 16:13:08,mobile,complete
12064,927,36,2025-08-16 07:12:46,web,complete
12065,275,35,2025-12-20 06:42:02,web,complete
12066,723,27,2025-09-02 08:18:28,web,complete
12067,688,30,2025-09-07 12:26:54,web,complete
12068,876,25,2025-06-12 17:07:53,store,complete
12069,447,4,2025-07-08 19:16:01,mobile,complete
12070,665,22,2025-05-29 23:41:53,store,cancelled
12071,1160,30,2025-07-24 20:20:16,phone,cancelled
12072,1083,16,2025-11-15 18:00:58,store,complete
12073,1371,8,2025-07-17 23:16:13,web,cancelled
12074,404,30,2025-08-28 21:42:58,store,complete
12075,268,12,2025-08-10 12:44:11,store,cancelled
12076,969,40,2025-09-29 20:20:54,web,complete
12077,1216,18,2025-03-31 03:32:29,mobile,returned
12078,268,5,2025-08-07 13:36:41,phone,complete
12079,972,1,2025-01-23 12:02:48,store,complete
12080,869,32,2025-02-14 06:51:57,store,complete
12081,1277,32,2025-04-12 10:50:44,web,returned
12082,1013,32,2025-12-16 17:32:28,phone,complete
12083,812,29,2025-07-25 05:56:04,mobile,complete
12084,260,3,2025-07-02 09:34:40,web,complete
12085,788,3,2025-06-11 02:09:43,phone,cancelled
12086,1464,21,2025-11-24 06:29:53,mobile,cancelled
12087,393,6,2025-09-11 08:27:13,mobile,complete
12088,895,27,2025-10-30 13:45:07,store,complete
12089,1399,6,2025-10-15 01:05:11,store,complete
12090,743,13,2025-10-18 16:24:46,mobile,returned
12091,49,19,2025-07-22 11:42:52,mobile,returned
12092,1250,9,2025-06-24 19:52:27,web,cancelled
12093,749,24,2025-05-24 22:01:01,mobile,complete
12094,427,12,2025-08-23 14:20:14,phone,returned
12095,1497,18,2025-08-25 08:08:20,phone,returned
12096,403,5,2025-02-02 00:48:42,store,complete
12097,1218,9,2025-10-17 03:37:42,web,returned
12098,1217,19,2025-07-05 22:52:17,phone,returned
12099,690,31,2025-04-15 22:09:01,web,complete
12100,487,19,2025-02-04 06:35:33,store,complete
12101,1448,40,2025-07-31 13:23:30,mobile,complete
12102,308,6,2025-08-12 00:20:23,web,complete
12103,1346,14,2025-08-18 13:00:19,web,complete
12104,1140,30,2025-05-22 18:28:13,store,returned
12105,1332,9,2025-11-12 01:59:10,mobile,complete
12106,1135,9,2025-12-22 22:12:30,store,complete
12107,308,18,2025-11-13 10:24:25,store,complete
12108,861,6,2025-10-21 06:18:00,store,complete
12109,198,12,2025-08-13 04:24:52,store,complete
12110,512,10,2025-09-05 04:52:13,store,complete
12111,1112,7,2025-11-14 07:56:51,store,complete
12112,725,17,2025-11-11 17:37:47,phone,complete
12113,715,36,2025-07-01 10:18:15,phone,cancelled
12114,709,30,2025-06-19 05:50:57,mobile,complete
12115,1169,38,2025-11-12 10:08:36,phone,complete
12116,754,37,2025-07-04 16:08:18,mobile,cancelled
12117,964,2,2025-01-07 14:17:45,web,cancelled
12118,1448,1,2025-10-22 16:22:32,mobile,complete
12119,115,40,2025-07-01 07:59:49,phone,complete
12120,9,18,2025-05-26 13:08:16,web,complete
12121,1281,37,2025-11-04 04:37:06,web,complete
12122,863,6,2025-04-13 07:38:17,web,complete
12123,1062,5,2025-09-16 23:37:29,web,complete
12124,1355,16,2025-02-22 18:42:00,mobile,complete
12125,856,9,2025-07-16 23:36:11,phone,complete
12126,927,14,2025-07-19 12:41:54,web,returned
12127,725,32,2025-04-28 17:50:14,web,complete
12128,1099,20,2025-06-14 20:27:39,store,cancelled
12129,800,20,2025-06-09 14:34:39,phone,complete
12130,202,2,2025-02-13 23:21:06,web,cancelled
12131,552,38,2025-09-02 10:30:22,store,complete
12132,239,11,2025-01-18 19:13:36,web,cancelled
12133,436,27,2025-01-20 18:12:31,mobile,cancelled
12134,919,22,2025-06-29 17:07:53,mobile,complete
12135,680,27,2025-08-03 10:29:59,web,complete
12136,124,40,2025-06-04 20:16:43,store,complete
12137,490,28,2025-05-17 09:06:34,web,complete
12138,1287,16,2025-11-18 13:11:03,store,returned
12139,364,39,2025-05-26 06:47:35,store,complete
12140,830,20,2025-06-20 02:48:09,web,complete
12141,1388,8,2025-01-13 06:34:32,store,complete
12142,1316,2,2025-06-30 16:12:50,web,complete
12143,1231,6,2025-08-08 02:49:12,phone,cancelled
12144,718,35,2025-06-12 01:53:38,store,complete
12145,676,18,2025-04-24 02:42:15,phone,cancelled
12146,1263,40,2025-04-10 14:06:17,mobile,complete
12147,35,18,2025-04-13 02:57:11,store,returned
12148,1240,27,2025-08-08 04:06:53,mobile,complete
12149,1059,37,2025-07-08 01:42:22,phone,complete
12150,787,23,2025-12-27 21:17:32,store,complete
12151,1075,21,2025-05-24 17:07:09,store,complete
12152,438,30,2025-01-21 14:55:06,web,returned
12153,1035,8,2025-09-10 14:52:18,web,returned
12154,1403,27,2025-03-22 10:46:01,store,returned
12155,188,14,2025-10-11 20:17:42,mobile,returned
12156,1250,33,2025-08-23 04:44:38,web,complete
12157,1122,7,2025-03-27 21:39:55,web,returned
12158,781,11,2025-12-20 10:36:13,phone,cancelled
12159,1254,13,2025-06-20 15:14:55,phone,returned
12160,2,35,2025-06-07 06:07:54,phone,complete
12161,17,26,2025-04-14 16:17:20,phone,complete
12162,839,23,2025-04-17 06:46:17,store,complete
12163,946,22,2025-04-24 10:10:07,web,complete
12164,1419,16,2025-05-08 02:22:43,web,cancelled
12165,984,30,2025-01-17 02:24:40,phone,complete
12166,55,40,2025-09-03 20:04:12,store,cancelled
12167,1210,4,2025-09-27 09:01:34,phone,returned
12168,306,36,2025-04-24 01:46:04,mobile,complete
12169,1211,27,2025-02-17 05:38:26,phone,complete
12170,456,8,2025-04-07 16:34:13,mobile,complete
12171,971,14,2025-05-30 03:35:03,web,cancelled
12172,1423,33,2025-12-28 05:46:03,mobile,complete
12173,1173,24,2025-02-28 17:24:24,phone,cancelled
12174,1086,31,2025-07-18 00:21:35,phone,complete
12175,415,22,2025-05-04 17:27:04,mobile,returned
12176,583,17,2025-02-26 10:11:46,web,cancelled
12177,1462,9,2025-03-20 20:12:57,phone,returned
12178,961,25,2025-09-20 17:29:28,store,cancelled
12179,479,6,2025-12-02 03:08:35,mobile,complete
12180,1428,4,2025-09-03 20:14:39,web,complete
12181,68,39,2025-05-16 19:15:18,phone,complete
12182,958,21,2025-09-15 18:14:23,phone,returned
12183,1030,20,2025-08-26 03:36:06,phone,complete
12184,504,24,2025-01-21 13:37:07,phone,complete
12185,1079,36,2025-09-26 14:30:12,mobile,complete
12186,275,25,2025-12-03 15:46:11,store,returned
12187,1144,29,2025-02-23 13:39:07,phone,complete
12188,1396,7,2025-04-05 15:29:06,phone,cancelled
12189,336,19,2025-05-22 23:59:06,phone,returned
12190,588,8,2025-05-16 04:40:58,phone,complete
12191,590,28,2025-07-06 06:14:49,store,complete
12192,1111,32,2025-06-17 13:38:00,mobile,complete
12193,508,32,2025-02-13 05:53:03,store,complete
12194,560,28,2025-10-18 04:58:10,mobile,complete
12195,188,14,2025-07-31 08:58:47,phone,complete
12196,1344,38,2025-10-05 11:28:38,web,complete
12197,221,15,2025-04-20 18:35:13,web,complete
12198,1409,34,2025-07-16 14:01:35,web,complete
12199,338,10,2025-11-16 21:43:19,store,returned
12200,415,9,2025-09-30 18:30:18,mobile,complete
12201,1441,39,2025-10-18 17:09:43,phone,complete
12202,416,9,2025-11-26 19:04:43,web,complete
12203,1465,2,2025-02-15 19:12:36,mobile,complete
12204,581,28,2025-10-30 06:07:27,store,complete
12205,789,2,2025-07-29 10:11:17,web,returned
12206,796,2,2025-02-09 21:29:52,store,cancelled
12207,635,12,2025-01-21 08:49:40,store,complete
12208,1069,28,2025-10-18 18:25:41,web,returned
12209,491,34,2025-12-22 17:56:20,mobile,complete
12210,1418,36,2025-12-10 16:33:19,web,cancelled
12211,1225,30,2025-05-10 18:10:37,web,complete
12212,1117,12,2025-05-04 10:00:38,mobile,returned
12213,1140,4,2025-04-20 04:12:35,web,complete
12214,250,1,2025-02-02 07:13:05,store,complete
12215,286,17,2025-08-21 10:24:32,web,complete
12216,1136,21,2025-04-10 00:45:54,mobile,complete
12217,1153,30,2025-02-07 23:53:25,mobile,returned
12218,851,13,2025-12-21 00:13:09,store,complete
12219,1435,23,2025-03-14 05:28:45,web,complete
12220,223,22,2025-07-29 18:50:06,phone,returned
12221,423,20,2025-12-01 18:22:57,store,cancelled
12222,392,37,2025-05-21 13:19:45,web,complete
12223,601,33,2025-10-24 23:29:43,mobile,complete
12224,1064,30,2025-12-17 03:04:51,store,complete
12225,914,3,2025-05-12 20:52:34,store,complete
12226,742,33,2025-11-05 09:44:40,store,cancelled
12227,578,26,2025-03-11 14:23:41,mobile,returned
12228,807,34,2025-08-10 03:40:58,phone,complete
12229,349,17,2025-07-14 17:19:58,web,returned
12230,956,40,2025-01-27 23:59:39,web,cancelled
12231,152,26,2025-07-25 22:15:03,store,returned
12232,151,26,2025-09-27 02:01:07,mobile,complete
12233,445,1,2025-11-08 11:02:56,web,complete
12234,794,10,2025-05-27 02:39:01,mobile,complete
12235,1084,12,2025-12-30 13:39:32,mobile,cancelled
12236,28,25,2025-11-27 20:52:16,phone,cancelled
12237,956,14,2025-04-10 09:52:35,store,complete
12238,936,26,2025-11-11 02:42:36,phone,complete
12239,1353,9,2025-05-22 08:54:55,web,complete
12240,1235,5,2025-10-29 16:05:54,store,cancelled
12241,1494,1,2025-10-23 04:42:00,phone,returned
12242,555,20,2025-10-02 20:01:01,phone,cancelled
12243,1066,8,2025-11-22 18:12:15,mobile,cancelled
12244,289,34,2025-08-26 17:10:04,store,cancelled
12245,255,4,2025-05-16 10:53:51,web,cancelled
12246,1432,33,2025-09-21 11:01:12,mobile,returned
12247,209,39,2025-10-30 08:58:00,phone,complete
12248,1329,19,2025-12-20 17:13:22,phone,complete
12249,22,9,2025-06-20 08:41:50,phone,complete
12250,252,25,2025-06-06 00:01:09,phone,complete
12251,1326,4,2025-08-06 20:03:37,mobile,complete
12252,232,23,2025-04-20 12:09:44,web,complete
12253,843,1,2025-05-06 07:31:34,store,returned
12254,713,39,2025-06-23 23:20:58,phone,cancelled
12255,145,6,2025-06-27 09:44:51,phone,complete
12256,61,23,2025-04-30 21:22:23,store,complete
12257,99,29,2025-03-26 17:05:25,mobile,complete
12258,650,14,2025-07-14 16:17:09,web,returned
12259,92,4,2025-11-13 04:27:01,phone,returned
12260,1392,5,2025-03-21 15:55:03,web,complete
12261,1462,27,2025-04-16 20:50:10,mobile,complete
12262,94,20,2025-04-20 17:31:16,mobile,returned
12263,85,2,2025-02-08 01:43:19,phone,complete
12264,1098,1,2025-06-08 16:41:15,mobile,returned
12265,437,31,2025-12-26 10:29:00,mobile,complete
12266,509,23,2025-04-13 14:41:36,store,cancelled
12267,1350,2,2025-10-08 13:44:20,phone,returned
12268,787,40,2025-02-17 21:17:11,web,complete
12269,823,22,2025-09-21 20:38:14,store,complete
12270,726,23,2025-08-09 09:46:34,mobile,cancelled
12271,1135,6,2025-11-05 16:04:38,mobile,complete
12272,140,26,2025-01-08 17:17:39,store,complete
12273,938,21,2025-12-17 05:58:04,phone,returned
12274,1215,4,2025-10-19 15:39:56,mobile,complete
12275,1027,16,2025-06-03 13:08:42,mobile,complete
12276,1075,14,2025-08-11 09:07:17,web,complete
12277,174,36,2025-12-29 19:53:17,phone,complete
12278,1224,22,2025-03-14 23:13:13,mobile,complete
12279,821,9,2025-09-11 10:43:55,mobile,complete
12280,723,36,2025-02-25 13:29:22,web,complete
12281,25,2,2025-01-12 15:55:52,web,complete
12282,1165,16,2025-01-19 22:34:18,store,complete
12283,671,21,2025-08-20 03:21:45,web,complete
12284,790,22,2025-03-25 02:30:40,store,complete
12285,188,36,2025-11-30 14:43:31,store,returned
12286,119,10,2025-09-29 01:02:13,web,returned
12287,1483,28,2025-02-08 22:05:59,phone,complete
12288,440,11,2025-07-02 22:32:25,web,complete
12289,1259,22,2025-05-11 11:21:31,store,complete
12290,1122,22,2025-11-05 09:47:09,web,complete
12291,94,28,2025-09-22 03:29:37,phone,complete
12292,1483,11,2025-08-12 22:48:17,web,complete
12293,1042,1,2025-02-18 19:59:03,web,complete
12294,1097,2,2025-12-22 20:01:13,phone,complete
12295,546,21,2025-05-13 07:45:01,web,returned
12296,27,7,2025-12-30 12:14:01,web,returned
12297,382,28,2025-12-15 12:26:01,mobile,complete
12298,1018,28,2025-05-30 01:07:10,mobile,returned
12299,164,10,2025-07-28 02:31:45,store,complete
12300,1234,33,2025-05-31 15:16:07,mobile,complete
12301,1409,39,2025-06-07 23:27:38,phone,cancelled
12302,748,38,2025-05-27 06:15:54,store,cancelled
12303,1166,40,2025-01-17 02:45:20,web,returned
12304,294,23,2025-03-03 02:45:20,store,complete
12305,1190,12,2025-06-08 21:34:58,store,cancelled
12306,582,10,2025-07-24 23:17:04,web,complete
12307,840,38,2025-07-03 23:33:19,store,complete
12308,78,8,2025-07-16 02:31:00,store,returned
12309,778,38,2025-04-26 04:13:06,phone,complete
12310,210,1,2025-12-11 19:00:08,store,cancelled
12311,141,31,2025-08-08 13:44:11,phone,complete
12312,91,18,2025-10-12 12:14:23,mobile,cancelled
12313,445,1,2025-07-22 22:32:14,phone,returned
12314,398,19,2025-08-24 09:36:02,mobile,cancelled
12315,56,38,2025-06-10 17:44:06,mobile,returned
12316,792,24,2025-04-18 18:08:12,phone,complete
12317,777,20,2025-09-20 11:36:33,web,complete
12318,171,33,2025-01-10 07:31:24,phone,complete
12319,1054,26,2025-09-27 19:48:47,phone,complete
12320,276,5,2025-11-18 21:16:33,phone,complete
12321,474,29,2025-02-09 01:38:23,phone,complete
12322,96,37,2025-02-20 19:19:07,web,complete
12323,1222,40,2025-08-19 21:23:21,web,complete
12324,1231,30,2025-04-04 03:07:20,store,complete
12325,1269,19,2025-01-02 17:16:54,mobile,complete
12326,451,16,2025-09-29 20:46:38,phone,cancelled
12327,554,14,2025-05-28 16:01:49,phone,cancelled
12328,36,20,2025-06-04 21:39:16,phone,complete
12329,139,10,2025-11-26 02:09:18,phone,cancelled
12330,1118,29,2025-08-19 22:24:10,mobile,returned
12331,1233,3,2025-03-26 14:43:11,mobile,complete
12332,921,37,2025-10-26 09:06:25,mobile,returned
12333,1448,8,2025-07-11 01:17:45,mobile,complete
12334,776,3,2025-06-03 22:04:57,mobile,complete
12335,17,27,2025-11-12 08:49:55,phone,complete
12336,986,25,2025-08-19 19:32:53,phone,returned
12337,841,37,2025-02-23 03:09:00,mobile,complete
12338,230,33,2025-06-28 06:48:50,mobile,complete
12339,920,17,2025-05-12 09:30:20,mobile,complete
12340,1359,3,2025-09-10 01:36:28,mobile,returned
12341,629,10,2025-01-14 18:35:15,web,complete
12342,528,10,2025-12-18 12:21:11,phone,complete
12343,1082,19,2025-09-11 16:21:08,phone,complete
12344,1388,7,2025-04-23 13:08:28,mobile,complete
12345,362,27,2025-05-19 10:26:41,store,complete
12346,1500,29,2025-02-18 07:53:17,mobile,complete
12347,145,30,2025-04-25 13:48:26,mobile,complete
12348,1205,22,2025-03-23 00:00:19,mobile,complete
12349,560,18,2025-12-15 22:40:12,web,cancelled
12350,201,31,2025-08-08 14:08:12,mobile,complete
12351,513,26,2025-04-30 14:16:28,mobile,complete
12352,291,9,2025-03-21 12:43:48,store,returned
12353,338,10,2025-07-05 01:41:18,mobile,complete
12354,774,8,2025-04-24 16:13:57,phone,complete
12355,1168,2,2025-07-09 18:40:07,phone,complete
12356,957,1,2025-02-18 20:33:22,web,complete
12357,331,19,2025-08-20 09:29:32,phone,returned
12358,646,29,2025-06-30 19:11:47,web,complete
12359,1386,12,2025-06-16 11:25:24,web,complete
12360,994,26,2025-07-15 03:03:32,web,complete
12361,40,6,2025-03-22 09:50:21,phone,cancelled
12362,870,27,2025-10-12 19:53:47,store,cancelled
12363,1209,21,2025-08-29 15:01:19,store,complete
12364,706,38,2025-06-02 05:21:41,mobile,complete
12365,96,12,2025-03-02 18:26:05,mobile,complete
12366,1081,13,2025-09-04 08:10:49,mobile,complete
12367,742,24,2025-01-27 06:28:46,phone,complete
12368,934,18,2025-04-24 05:43:26,mobile,complete
12369,1406,25,2025-01-01 09:28:12,store,returned
12370,1139,39,2025-11-08 07:24:01,phone,complete
12371,1445,8,2025-10-04 20:25:22,store,complete
12372,1034,38,2025-07-29 06:45:18,mobile,complete
12373,426,33,2025-10-31 06:32:36,store,complete
12374,436,20,2025-06-05 14:57:24,web,complete
12375,984,34,2025-01-17 12:48:13,store,cancelled
12376,1052,8,2025-09-14 05:48:51,phone,returned
12377,226,40,2025-12-12 02:57:34,web,complete
12378,325,26,2025-12-03 22:27:39,web,complete
12379,633,3,2025-03-19 07:26:11,mobile,complete
12380,921,2,2025-09-13 20:07:04,mobile,returned
12381,1454,39,2025-09-10 02:17:03,phone,complete
12382,673,6,2025-03-12 06:08:12,web,complete
12383,183,10,2025-04-06 23:25:34,store,cancelled
12384,601,19,2025-02-06 15:46:20,mobile,complete
12385,137,18,2025-07-30 04:59:47,mobile,cancelled
12386,1199,6,2025-09-09 10:42:01,store,complete
12387,308,24,2025-10-27 21:24:40,phone,complete
12388,852,25,2025-07-25 05:14:12,mobile,complete
12389,727,38,2025-11-07 12:13:37,store,cancelled
12390,173,8,2025-03-12 11:55:22,store,complete
12391,403,20,2025-03-19 10:17:10,phone,complete
12392,862,2,2025-08-10 21:55:25,store,complete
12393,911,4,2025-09-03 20:10:22,web,returned
12394,111,34,2025-10-06 22:31:23,web,complete
12395,1424,7,2025-09-11 10:09:13,web,cancelled
12396,434,36,2025-12-15 17:16:48,web,complete
12397,1123,16,2025-07-03 13:10:52,web,complete
12398,1081,29,2025-12-29 04:04:06,store,complete
12399,360,39,2025-04-25 19:05:33,web,returned
12400,379,7,2025-09-18 13:53:21,web,returned
12401,1460,31,2025-03-16 11:58:34,store,cancelled
12402,1200,11,2025-01-16 12:40:12,web,complete
12403,1036,2,2025-06-24 17:42:44,mobile,complete
12404,641,1,2025-02-19 11:04:06,web,complete
12405,275,5,2025-12-11 16:28:53,mobile,complete
12406,1080,17,2025-08-05 12:26:32,mobile,complete
12407,188,14,2025-01-13 21:07:56,web,complete
12408,473,32,2025-12-27 20:56:17,phone,complete
12409,263,14,2025-08-26 09:56:53,web,complete
12410,115,18,2025-05-09 08:34:12,mobile,complete
12411,421,40,2025-06-23 21:32:24,mobile,cancelled
12412,518,12,2025-06-13 01:03:25,web,complete
12413,416,10,2025-01-14 17:56:27,web,returned
12414,463,1,2025-08-03 03:39:06,mobile,complete
12415,852,23,2025-01-04 17:39:15,store,complete
12416,1350,32,2025-03-26 09:10:35,phone,returned
12417,1497,17,2025-09-10 04:16:03,phone,complete
12418,720,6,2025-05-12 12:24:18,phone,returned
12419,31,30,2025-11-08 20:15:52,phone,complete
12420,313,5,2025-12-10 19:48:50,phone,returned
12421,441,6,2025-01-06 05:54:50,phone,cancelled
12422,946,28,2025-01-18 13:26:35,web,complete
12423,821,26,2025-09-29 17:09:41,mobile,cancelled
12424,951,11,2025-05-20 11:36:22,phone,cancelled
12425,515,3,2025-07-12 23:08:32,web,returned
12426,380,12,2025-07-02 02:48:58,mobile,complete
12427,1153,38,2025-05-22 02:46:02,web,complete
12428,366,27,2025-12-16 03:03:58,web,complete
12429,1472,8,2025-06-01 17:31:40,store,complete
12430,1351,37,2025-08-20 11:52:29,phone,complete
12431,1497,22,2025-03-02 03:59:37,web,complete
12432,1250,28,2025-06-06 13:05:36,store,complete
12433,1486,22,2025-04-15 23:09:59,phone,cancelled
12434,1126,24,2025-08-10 15:38:33,web,complete
12435,1420,23,2025-03-06 08:57:56,phone,complete
12436,15,9,2025-11-21 12:27:35,web,cancelled
12437,934,23,2025-10-25 17:50:00,web,complete
12438,242,1,2025-10-09 04:50:56,phone,returned
12439,1467,8,2025-10-26 01:57:18,web,cancelled
12440,1458,20,2025-11-15 23:19:12,store,returned
12441,1143,9,2025-07-27 07:32:38,phone,returned
12442,704,19,2025-03-28 19:15:47,store,complete
12443,1326,17,2025-01-15 11:36:15,phone,cancelled
12444,1309,27,2025-05-09 18:03:00,mobile,cancelled
12445,481,4,2025-05-27 16:08:13,mobile,cancelled
12446,1453,33,2025-08-03 23:42:11,phone,complete
12447,1181,17,2025-08-23 03:07:36,phone,complete
12448,174,33,2025-11-20 22:02:23,web,complete
12449,151,19,2025-05-29 23:40:12,mobile,complete
12450,281,29,2025-06-09 07:11:46,store,complete
12451,37,28,2025-06-26 07:00:53,store,returned
12452,645,16,2025-03-17 23:32:53,store,complete
12453,387,25,2025-03-26 15:49:08,phone,returned
12454,381,19,2025-05-15 17:05:00,phone,complete
12455,494,11,2025-06-08 23:53:52,store,cancelled
12456,1300,11,2025-11-19 08:18:15,phone,returned
12457,996,21,2025-09-26 10:28:17,phone,complete
12458,897,36,2025-05-02 05:37:02,web,complete
12459,171,31,2025-08-20 21:19:12,web,returned
12460,948,38,2025-04-03 11:24:22,web,cancelled
12461,770,22,2025-05-10 22:19:37,mobile,returned
12462,765,20,2025-02-13 18:55:07,store,complete
12463,1303,34,2025-06-29 01:31:47,web,complete
12464,528,29,2025-12-13 03:33:41,store,complete
12465,1045,18,2025-01-15 08:13:30,mobile,returned
12466,537,18,2025-09-27 21:35:11,store,complete
12467,1213,30,2025-01-29 13:13:55,store,complete
12468,620,28,2025-04-06 14:02:31,phone,returned
12469,615,35,2025-08-28 01:41:22,mobile,cancelled
12470,83,19,2025-12-25 15:22:03,web,complete
12471,1325,23,2025-11-15 21:50:42,web,complete
12472,189,17,2025-02-01 09:06:20,web,complete
12473,1413,23,2025-03-15 14:18:01,phone,cancelled
12474,1370,12,2025-03-15 13:48:41,mobile,complete
12475,122,9,2025-09-17 06:18:54,store,returned
12476,1396,32,2025-11-22 12:27:41,mobile,complete
12477,1007,5,2025-06-13 01:53:04,phone,cancelled
12478,575,26,2025-01-25 21:41:36,web,returned
12479,1113,24,2025-06-17 04:56:35,mobile,complete
12480,968,4,2025-10-30 12:33:15,phone,complete
12481,1480,33,2025-09-30 08:05:17,store,complete
12482,460,27,2025-12-01 14:22:37,phone,cancelled
12483,1355,18,2025-11-17 21:36:02,mobile,complete
12484,831,39,2025-10-18 23:37:25,store,cancelled
12485,648,27,2025-02-26 03:26:45,mobile,complete
12486,205,3,2025-10-19 05:38:54,web,complete
12487,175,24,2025-12-28 21:46:01,phone,complete
12488,1260,36,2025-07-25 08:39:00,store,returned
12489,853,12,2025-03-15 16:48:40,store,returned
12490,938,3,2025-06-18 21:26:49,web,complete
12491,820,30,2025-12-05 01:23:58,phone,complete
12492,1245,32,2025-01-01 03:31:03,phone,cancelled
12493,56,16,2025-03-30 20:41:40,web,cancelled
12494,1270,24,2025-07-05 04:35:30,store,cancelled
12495,1222,7,2025-01-12 16:58:17,phone,complete
12496,343,12,2025-01-16 18:26:23,phone,cancelled
12497,1103,5,2025-02-04 23:54:06,phone,complete
12498,1372,29,2025-12-10 16:19:40,web,complete
12499,10,12,2025-07-14 16:50:36,phone,complete
12500,1329,37,2025-11-05 18:58:33,phone,returned
12501,1014,20,2025-09-21 13:26:29,phone,cancelled
12502,709,24,2025-10-15 16:39:44,phone,complete
12503,673,34,2025-09-09 15:39:34,web,complete
12504,1064,9,2025-11-05 15:44:40,phone,complete
12505,190,17,2025-09-12 23:44:09,store,returned
12506,1010,37,2025-12-20 15:08:10,web,complete
12507,304,16,2025-02-28 05:15:39,mobile,complete
12508,174,40,2025-07-06 18:17:52,phone,cancelled
12509,456,9,2025-05-29 10:50:14,web,complete
12510,215,1,2025-07-11 16:30:10,phone,complete
12511,186,32,2025-06-14 00:34:51,phone,complete
12512,845,19,2025-05-04 10:31:53,store,complete
12513,854,27,2025-07-21 23:43:51,mobile,returned
12514,524,32,2025-04-05 16:52:15,store,returned
12515,1074,36,2025-05-10 03:17:57,store,cancelled
12516,329,5,2025-09-17 06:18:42,phone,complete
12517,218,13,2025-08-30 13:02:43,mobile,complete
12518,1477,34,2025-05-08 07:54:22,store,cancelled
12519,512,28,2025-07-05 19:43:23,web,complete
12520,162,1,2025-01-12 11:17:29,store,complete
12521,1021,9,2025-06-29 17:07:09,mobile,cancelled
12522,1372,24,2025-01-03 22:38:33,phone,complete
12523,947,10,2025-07-11 23:37:47,phone,complete
12524,1295,9,2025-08-17 14:34:35,web,cancelled
12525,513,28,2025-04-15 19:24:26,store,complete
12526,1122,37,2025-07-03 06:59:33,web,complete
12527,554,35,2025-12-22 12:46:07,web,returned
12528,1167,9,2025-12-03 17:44:35,web,cancelled
12529,1297,23,2025-08-29 15:21:37,web,complete
12530,12,3,2025-10-11 09:31:08,web,cancelled
12531,557,30,2025-07-10 09:50:42,store,complete
12532,297,4,2025-05-21 17:58:00,mobile,cancelled
12533,443,14,2025-11-03 02:41:51,mobile,complete
12534,1189,10,2025-12-19 03:27:45,store,complete
12535,808,21,2025-04-08 02:47:29,store,complete
12536,1206,7,2025-09-19 22:48:51,phone,complete
12537,1189,17,2025-11-06 21:15:48,web,cancelled
12538,342,40,2025-04-09 17:58:07,phone,cancelled
12539,1370,31,2025-05-03 02:29:19,mobile,complete
12540,889,11,2025-04-01 06:14:20,phone,returned
12541,1018,17,2025-03-09 03:14:06,web,complete
12542,1457,21,2025-04-18 01:46:49,mobile,complete
12543,560,13,2025-12-01 15:58:13,store,complete
12544,715,3,2025-11-02 16:44:35,store,complete
12545,528,2,2025-02-06 20:26:40,mobile,cancelled
12546,544,38,2025-01-06 22:33:20,mobile,complete
12547,1122,34,2025-06-24 09:32:40,phone,complete
12548,223,40,2025-03-25 13:36:42,mobile,complete
12549,199,12,2025-03-09 13:20:36,mobile,complete
12550,1271,15,2025-04-06 10:11:23,mobile,complete
12551,747,35,2025-07-04 13:19:02,phone,cancelled
12552,1368,30,2025-05-17 15:51:43,phone,complete
12553,1352,12,2025-10-23 08:41:33,store,cancelled
12554,878,15,2025-09-17 03:30:09,web,complete
12555,1269,17,2025-04-20 06:53:11,phone,complete
12556,1303,25,2025-11-02 16:23:08,store,complete
12557,673,24,2025-11-29 10:45:58,store,returned
12558,1193,33,2025-10-21 05:39:30,phone,complete
12559,167,27,2025-03-08 09:49:54,web,cancelled
12560,415,32,2025-10-25 12:28:03,mobile,cancelled
12561,1046,30,2025-01-02 13:57:26,phone,complete
12562,1140,25,2025-01-19 17:07:24,store,returned
12563,240,34,2025-06-28 00:08:20,web,complete
12564,902,36,2025-05-15 07:55:06,store,complete
12565,855,4,2025-09-14 20:20:10,store,cancelled
12566,226,28,2025-03-21 03:16:27,store,complete
12567,387,22,2025-12-01 11:28:34,mobile,returned
12568,1191,5,2025-08-08 05:23:12,web,cancelled
12569,931,35,2025-05-20 20:14:03,store,complete
12570,875,4,2025-05-06 15:11:44,web,cancelled
12571,236,19,2025-02-08 13:58:10,web,complete
12572,770,24,2025-02-03 07:19:36,mobile,cancelled
12573,655,25,2025-06-09 08:27:51,web,returned
12574,1353,8,2025-10-26 22:05:01,phone,cancelled
12575,1309,5,2025-07-07 17:38:36,phone,complete
12576,410,10,2025-08-24 21:01:03,web,complete
12577,1456,34,2025-05-13 05:32:48,phone,cancelled
12578,1192,32,2025-03-26 12:19:38,phone,returned
12579,821,14,2025-08-21 00:02:19,phone,complete
12580,350,15,2025-10-11 09:15:24,store,returned
12581,1229,24,2025-04-05 00:10:55,mobile,complete
12582,1334,22,2025-10-10 21:26:37,store,cancelled
12583,1120,8,2025-01-18 21:37:58,web,cancelled
12584,1461,6,2025-06-19 03:54:55,web,returned
12585,327,15,2025-12-10 01:15:35,store,complete
12586,861,33,2025-03-29 20:38:54,store,cancelled
12587,809,40,2025-05-11 15:29:19,web,returned
12588,1406,14,2025-07-26 03:58:16,mobile,complete
12589,1393,35,2025-10-21 18:55:05,phone,returned
12590,188,5,2025-07-26 23:27:08,mobile,complete
12591,661,36,2025-02-12 08:15:26,web,cancelled
12592,815,23,2025-05-26 18:06:39,store,returned
12593,1027,27,2025-02-12 22:13:25,phone,complete
12594,590,18,2025-04-20 15:46:05,phone,cancelled
12595,897,20,2025-01-04 16:20:56,web,complete
12596,1460,21,2025-04-04 02:35:59,mobile,complete
12597,1381,36,2025-10-31 22:49:00,web,complete
12598,21,21,2025-04-18 20:25:44,web,complete
12599,633,18,2025-09-19 20:34:50,mobile,complete
12600,961,21,2025-01-23 08:48:22,mobile,complete
12601,456,20,2025-10-11 06:05:07,phone,complete
12602,515,25,2025-07-29 11:28:59,phone,returned
12603,654,40,2025-10-28 19:52:42,phone,complete
12604,1105,40,2025-06-18 02:16:27,web,cancelled
12605,23,21,2025-10-20 06:13:20,store,returned
12606,91,8,2025-03-18 23:47:52,mobile,cancelled
12607,3,39,2025-03-22 18:59:40,mobile,returned
12608,32,21,2025-04-24 05:55:12,store,complete
12609,601,24,2025-10-12 02:07:52,web,cancelled
12610,271,24,2025-12-08 19:44:31,phone,returned
12611,904,29,2025-08-08 07:41:55,store,complete
12612,926,10,2025-02-24 15:13:22,web,complete
12613,1416,8,2025-07-23 06:56:50,store,returned
12614,480,4,2025-03-31 05:25:55,web,returned
12615,774,29,2025-05-29 19:25:43,mobile,complete
12616,805,26,2025-11-14 20:34:04,web,complete
12617,54,24,2025-02-25 03:50:25,store,returned
12618,1375,14,2025-12-10 21:36:25,store,returned
12619,306,27,2025-07-22 13:16:31,web,cancelled
12620,460,22,2025-04-22 19:07:39,mobile,cancelled
12621,1422,16,2025-02-05 09:44:41,web,complete
12622,1201,16,2025-04-05 22:50:16,phone,complete
12623,1220,25,2025-07-15 22:39:01,mobile,complete
12624,919,23,2025-12-27 11:53:32,phone,complete
12625,747,7,2025-04-17 09:37:17,mobile,complete
12626,125,18,2025-07-20 23:50:15,phone,complete
12627,1253,18,2025-11-03 19:07:44,store,cancelled
12628,655,30,2025-07-05 05:17:25,store,returned
12629,1346,33,2025-11-09 14:39:29,store,complete
12630,577,28,2025-04-01 13:58:14,mobile,complete
12631,885,4,2025-03-31 17:43:24,mobile,returned
12632,1402,13,2025-02-05 06:18:05,web,returned
12633,904,34,2025-10-21 01:49:56,mobile,complete
12634,10,15,2025-03-28 11:11:10,store,complete
12635,377,31,2025-03-06 06:41:06,web,cancelled
12636,598,20,2025-02-10 16:51:47,store,returned
12637,625,13,2025-09-02 06:34:49,web,complete
12638,502,5,2025-05-23 20:33:06,web,complete
12639,77,27,2025-08-24 18:52:23,phone,cancelled
12640,367,36,2025-03-11 12:03:53,phone,complete
12641,1326,5,2025-03-02 04:49:15,store,complete
12642,795,27,2025-05-02 09:04:34,phone,cancelled
12643,1073,32,2025-08-08 17:43:49,mobile,complete
12644,1428,9,2025-04-19 16:24:49,store,returned
12645,1158,19,2025-10-02 19:37:04,phone,complete
12646,415,30,2025-07-04 00:31:02,store,complete
12647,540,10,2025-06-19 05:52:51,phone,complete
12648,521,9,2025-11-14 09:32:10,phone,complete
12649,2,25,2025-01-10 19:47:21,store,complete
12650,1163,10,2025-10-22 23:22:55,phone,complete
12651,899,21,2025-11-04 22:31:15,web,complete
12652,340,11,2025-06-09 10:40:36,web,cancelled
12653,350,36,2025-09-01 00:54:36,web,complete
12654,391,19,2025-11-22 14:13:44,web,returned
12655,669,15,2025-12-29 04:23:28,web,complete
12656,1130,10,2025-11-21 14:46:40,web,cancelled
12657,654,38,2025-04-11 05:06:40,web,returned
12658,617,21,2025-02-22 19:12:24,web,complete
12659,52,19,2025-06-11 19:17:35,web,complete
12660,1462,8,2025-07-29 17:19:13,mobile,cancelled
12661,624,15,2025-06-25 06:55:08,mobile,complete
12662,151,4,2025-01-05 15:25:18,phone,complete
12663,712,21,2025-04-16 07:56:07,web,complete
12664,326,14,2025-07-09 00:41:09,mobile,cancelled
12665,1440,36,2025-04-12 03:12:28,web,complete
12666,442,9,2025-10-16 15:26:00,web,complete
12667,1175,6,2025-05-17 17:39:48,mobile,complete
12668,1205,19,2025-04-13 02:50:51,store,returned
12669,971,35,2025-06-21 05:38:02,web,complete
12670,124,14,2025-06-19 19:05:22,store,complete
12671,309,33,2025-08-28 23:04:14,store,complete
12672,127,16,2025-05-17 18:26:54,web,complete
12673,900,37,2025-11-13 20:14:46,phone,complete
12674,1079,31,2025-08-30 21:38:46,phone,complete
12675,404,21,2025-04-25 11:32:40,mobile,complete
12676,450,10,2025-05-18 04:16:09,web,complete
12677,341,1,2025-08-21 08:40:50,store,cancelled
12678,919,16,2025-05-24 22:56:27,mobile,cancelled
12679,206,31,2025-08-12 12:59:01,mobile,complete
12680,166,13,2025-01-18 10:13:42,phone,cancelled
12681,41,29,2025-01-17 21:08:09,store,cancelled
12682,611,38,2025-08-24 21:12:33,mobile,cancelled
12683,796,33,2025-01-07 20:14:59,phone,complete
12684,754,12,2025-05-30 14:43:12,store,cancelled
12685,1427,10,2025-06-01 11:03:46,web,returned
12686,1121,16,2025-08-13 07:17:11,store,complete
12687,28,29,2025-11-02 14:00:31,store,complete
12688,1419,10,2025-04-29 12:06:51,web,returned
12689,644,10,2025-02-09 23:02:53,store,returned
12690,1288,2,2025-07-11 23:38:00,store,complete
12691,601,1,2025-07-17 05:44:39,web,returned
12692,1401,33,2025-05-03 16:14:32,store,complete
12693,675,13,2025-08-14 11:48:41,store,complete
12694,1067,21,2025-06-13 00:46:07,mobile,complete
12695,313,5,2025-09-28 10:44:35,web,complete
12696,144,7,2025-05-05 16:57:38,phone,cancelled
12697,1165,32,2025-06-22 08:08:37,mobile,complete
12698,311,27,2025-01-10 10:13:11,store,complete
12699,1176,10,2025-09-24 14:39:00,mobile,complete
12700,132,36,2025-08-26 16:01:58,store,complete
12701,1389,13,2025-03-07 17:33:33,store,complete
12702,58,30,2025-10-08 07:21:56,mobile,complete
12703,420,7,2025-03-30 01:45:13,web,returned
12704,1481,38,2025-11-29 07:26:54,web,returned
12705,142,18,2025-11-02 21:49:28,web,cancelled
12706,1486,32,2025-08-28 10:19:33,mobile,complete
12707,1148,5,2025-03-08 22:47:25,store,returned
12708,5,28,2025-10-05 05:22:16,web,complete
12709,548,12,2025-08-13 17:49:13,phone,returned
12710,214,6,2025-10-11 12:46:31,phone,complete
12711,806,30,2025-11-20 19:24:25,web,complete
12712,32,8,2025-09-15 15:24:17,mobile,cancelled
12713,1277,22,2025-02-28 00:18:12,web,cancelled
12714,747,12,2025-01-31 17:25:14,phone,returned
12715,185,29,2025-12-30 03:59:24,mobile,returned
12716,1109,36,2025-07-10 12:53:33,mobile,complete
12717,544,27,2025-10-23 22:39:35,store,complete
12718,1129,3,2025-11-07 14:51:08,phone,complete
12719,1084,40,2025-11-20 21:21:48,phone,returned
12720,511,27,2025-12-13 08:59:10,store,complete
12721,1394,28,2025-08-01 10:46:33,store,cancelled
12722,1153,12,2025-12-15 03:39:16,mobile,returned
12723,946,11,2025-11-16 03:52:24,phone,returned
12724,997,5,2025-10-03 04:41:31,mobile,cancelled
12725,1131,1,2025-09-23 09:28:51,mobile,cancelled
12726,749,25,2025-08-19 08:39:55,web,complete
12727,40,21,2025-02-25 17:16:26,store,cancelled
12728,415,28,2025-03-04 21:23:08,web,complete
12729,963,13,2025-07-12 07:24:02,store,complete
12730,169,5,2025-02-16 11:57:05,web,complete
12731,483,28,2025-04-21 07:57:59,mobile,returned
12732,308,27,2025-02-15 18:33:50,mobile,cancelled
12733,584,33,2025-09-06 19:26:47,store,complete
12734,88,14,2025-03-29 17:37:09,phone,complete
12735,1435,39,2025-09-28 11:21:27,store,complete
12736,674,24,2025-11-04 13:50:36,web,cancelled
12737,732,37,2025-09-06 07:16:09,mobile,complete
12738,625,15,2025-03-20 02:30:32,web,complete
12739,1087,15,2025-04-07 20:06:35,store,returned
12740,1022,28,2025-07-29 02:20:18,store,complete
12741,163,35,2025-04-15 16:38:23,phone,returned
12742,877,1,2025-04-17 04:27:42,web,returned
12743,338,2,2025-11-02 09:34:41,web,returned
12744,862,39,2025-06-05 02:21:55,phone,complete
12745,154,33,2025-10-26 21:38:15,mobile,complete
12746,932,32,2025-07-19 06:28:24,store,complete
12747,143,39,2025-01-29 06:45:55,mobile,returned
12748,987,37,2025-02-15 12:15:10,web,complete
12749,1142,25,2025-02-22 04:57:19,web,complete
12750,1284,16,2025-03-03 17:19:59,web,returned
12751,357,4,2025-05-07 02:38:16,phone,cancelled
12752,402,33,2025-05-13 05:26:42,web,complete
12753,271,17,2025-07-12 20:44:12,web,returned
12754,492,16,2025-02-02 02:17:07,phone,complete
12755,142,10,2025-06-30 19:50:59,store,returned
12756,1104,14,2025-11-28 02:22:54,store,returned
12757,524,13,2025-06-26 16:19:50,store,complete
12758,1277,21,2025-09-09 05:50:01,mobile,returned
12759,111,40,2025-04-23 02:39:17,web,complete
12760,1103,23,2025-04-16 03:34:51,mobile,returned
12761,152,22,2025-05-03 09:19:22,phone,complete
12762,1025,37,2025-03-13 23:49:10,store,complete
12763,1118,8,2025-09-04 19:25:54,mobile,cancelled
12764,1318,16,2025-02-01 03:57:08,phone,complete
12765,1054,27,2025-05-20 07:27:22,store,returned
12766,946,6,2025-01-21 23:52:49,store,complete
12767,1367,15,2025-04-22 22:08:32,mobile,returned
12768,758,13,2025-04-30 14:00:50,phone,complete
12769,135,15,2025-09-04 08:31:16,mobile,returned
12770,1076,30,2025-08-24 10:38:23,mobile,returned
12771,756,15,2025-12-15 09:26:58,mobile,complete
12772,618,17,2025-09-28 23:22:46,phone,returned
12773,803,32,2025-01-21 20:21:48,store,complete
12774,1106,17,2025-06-23 12:40:04,store,complete
12775,755,35,2025-08-29 09:31:23,web,cancelled
12776,120,27,2025-12-23 02:39:16,store,cancelled
12777,14,38,2025-02-13 00:10:49,mobile,complete
12778,336,6,2025-01-22 00:30:13,mobile,complete
12779,19,25,2025-03-28 11:33:16,mobile,complete
12780,1031,26,2025-05-05 17:32:11,mobile,returned
12781,1433,38,2025-04-22 10:46:49,phone,complete
12782,39,6,2025-07-01 16:09:11,store,complete
12783,460,34,2025-02-23 16:25:52,mobile,complete
12784,810,36,2025-09-20 07:17:59,store,cancelled
12785,1355,29,2025-06-23 18:25:48,mobile,complete
12786,373,12,2025-05-23 06:04:04,store,complete
12787,843,13,2025-03-26 11:16:23,web,cancelled
12788,1124,24,2025-02-17 03:21:17,web,complete
12789,1250,37,2025-09-15 06:22:04,store,complete
12790,94,30,2025-01-19 19:44:34,mobile,complete
12791,531,30,2025-10-19 08:02:08,mobile,cancelled
12792,1260,6,2025-10-05 10:29:48,web,cancelled
12793,317,12,2025-08-19 10:59:51,mobile,complete
12794,1431,33,2025-07-18 11:56:49,store,complete
12795,420,20,2025-08-18 19:11:35,web,complete
12796,354,38,2025-08-07 22:00:58,store,complete
12797,1083,13,2025-07-30 19:19:18,web,complete
12798,1353,11,2025-08-15 01:55:48,mobile,returned
12799,883,34,2025-06-01 17:09:55,phone,cancelled
12800,746,39,2025-06-30 16:40:45,store,cancelled
12801,1354,33,2025-05-17 04:23:54,store,complete
12802,853,18,2025-11-07 00:55:05,store,returned
12803,707,34,2025-12-01 01:34:39,phone,complete
12804,983,15,2025-05-23 20:13:46,web,complete
12805,408,33,2025-12-11 15:34:17,web,complete
12806,1233,15,2025-10-12 06:34:30,mobile,complete
12807,292,32,2025-05-12 21:53:58,phone,returned
12808,1136,13,2025-04-16 19:00:30,mobile,returned
12809,940,29,2025-01-29 06:23:04,store,complete
12810,629,27,2025-01-26 04:57:01,mobile,returned
12811,499,7,2025-07-06 16:46:14,mobile,returned
12812,1100,39,2025-06-15 22:16:47,store,returned
12813,348,26,2025-05-23 18:54:34,phone,returned
12814,984,24,2025-02-26 23:20:01,mobile,complete
12815,1313,12,2025-06-14 23:48:33,phone,complete
12816,445,40,2025-08-31 17:17:45,web,complete
12817,754,16,2025-08-13 02:25:29,mobile,returned
12818,608,17,2025-02-08 22:27:47,store,complete
12819,148,3,2025-03-17 02:40:47,phone,complete
12820,859,11,2025-09-22 15:16:40,web,complete
12821,1264,27,2025-01-06 13:35:44,phone,returned
12822,951,21,2025-05-16 12:28:38,web,complete
12823,1200,17,2025-10-17 11:48:17,mobile,returned
12824,431,4,2025-06-25 02:55:23,phone,complete
12825,719,35,2025-04-05 10:38:42,mobile,complete
12826,1367,36,2025-08-05 19:49:10,web,complete
12827,145,22,2025-10-08 05:33:43,store,complete
12828,1229,19,2025-09-26 00:14:23,store,returned
12829,188,9,2025-02-01 17:38:53,web,cancelled
12830,673,5,2025-04-04 13:01:19,mobile,returned
12831,598,7,2025-11-08 00:08:16,web,returned
12832,1295,38,2025-07-19 06:58:07,mobile,complete
12833,528,21,2025-06-13 16:48:29,phone,returned
12834,1004,27,2025-06-11 13:17:06,web,cancelled
12835,231,4,2025-12-19 06:37:12,store,returned
12836,1244,14,2025-08-14 00:13:12,phone,returned
12837,89,34,2025-08-27 16:59:55,store,cancelled
12838,1038,13,2025-01-21 07:14:13,mobile,complete
12839,1198,5,2025-11-15 22:49:06,phone,returned
12840,411,2,2025-08-05 20:26:36,web,cancelled
12841,393,17,2025-03-17 04:02:36,phone,complete
12842,159,18,2025-04-27 06:13:36,web,complete
12843,461,16,2025-02-05 10:52:35,store,returned
12844,1334,23,2025-06-30 03:41:10,phone,complete
12845,505,35,2025-10-06 12:09:16,web,returned
12846,941,31,2025-01-06 13:45:42,phone,returned
12847,804,30,2025-11-08 22:57:55,store,returned
12848,1253,21,2025-01-29 14:59:04,mobile,complete
12849,561,20,2025-08-01 16:48:38,phone,complete
12850,142,25,2025-04-27 18:47:11,mobile,complete
12851,40,10,2025-05-17 21:53:55,web,complete
12852,787,22,2025-03-22 20:52:16,store,complete
12853,193,7,2025-07-27 20:06:50,mobile,cancelled
12854,697,21,2025-02-13 02:35:38,store,returned
12855,552,40,2025-03-31 01:45:01,store,returned
12856,384,38,2025-01-25 17:45:10,phone,returned
12857,436,3,2025-03-18 12:06:26,web,complete
12858,96,14,2025-05-16 22:08:44,web,complete
12859,358,11,2025-04-13 09:49:10,mobile,complete
12860,1306,32,2025-04-22 09:12:17,phone,cancelled
12861,451,20,2025-10-07 08:59:29,phone,cancelled
12862,664,35,2025-02-02 21:09:41,phone,returned
12863,835,13,2025-12-24 09:33:29,mobile,complete
12864,1373,18,2025-10-26 12:00:24,store,returned
12865,1026,12,2025-05-28 00:08:38,store,complete
12866,1168,37,2025-05-27 06:29:27,mobile,cancelled
12867,49,29,2025-01-18 08:01:14,phone,complete
12868,1288,25,2025-12-19 21:27:48,web,complete
12869,378,32,2025-06-09 02:16:24,mobile,complete
12870,215,39,2025-04-01 17:23:55,web,complete
12871,575,8,2025-08-24 03:02:47,store,returned
12872,143,20,2025-08-04 02:10:33,phone,returned
12873,1260,34,2025-12-11 15:17:57,store,returned
12874,239,12,2025-11-08 07:32:33,web,complete
12875,1290,24,2025-04-08 04:35:26,store,complete
12876,688,6,2025-03-11 19:01:10,phone,complete
12877,1132,17,2025-10-11 20:08:44,mobile,cancelled
12878,672,26,2025-05-18 00:03:03,store,complete
12879,899,36,2025-07-28 08:14:33,mobile,complete
12880,727,5,2025-10-03 20:50:05,mobile,complete
12881,94,7,2025-01-21 14:49:49,store,cancelled
12882,574,16,2025-05-17 10:30:21,web,complete
12883,1269,39,2025-05-20 15:49:29,store,cancelled
12884,1402,22,2025-10-03 18:31:59,phone,complete
12885,555,2,2025-01-08 07:34:46,phone,returned
12886,403,15,2025-03-11 05:49:09,web,cancelled
12887,838,10,2025-04-23 18:32:56,phone,cancelled
12888,219,28,2025-03-25 11:38:43,store,complete
12889,1112,10,2025-10-16 20:49:44,phone,returned
12890,595,19,2025-07-14 15:24:50,phone,returned
12891,724,7,2025-03-03 16:47:29,store,complete
12892,306,12,2025-08-09 19:53:05,store,returned
12893,1070,7,2025-12-22 03:15:02,store,complete
12894,865,19,2025-05-20 00:49:22,web,complete
12895,1445,25,2025-07-12 01:51:39,web,returned
12896,699,37,2025-07-09 10:00:11,web,complete
12897,640,33,2025-12-31 18:51:24,web,returned
12898,1469,23,2025-11-30 13:28:16,store,complete
12899,220,28,2025-01-03 21:48:00,store,complete
12900,891,19,2025-06-29 15:25:34,phone,complete
12901,976,23,2025-05-13 07:18:35,store,complete
12902,1369,33,2025-10-09 02:22:46,phone,complete
12903,1202,34,2025-08-15 14:03:35,store,cancelled
12904,814,5,2025-08-31 05:01:53,phone,complete
12905,365,38,2025-04-07 12:56:01,store,complete
12906,1038,40,2025-08-25 04:34:35,phone,cancelled
12907,1484,12,2025-07-15 01:44:02,web,cancelled
12908,1297,32,2025-09-07 02:03:07,phone,returned
12909,564,19,2025-07-17 16:55:13,web,complete
12910,999,24,2025-05-09 01:58:41,store,returned
12911,569,9,2025-12-16 14:57:52,store,cancelled
12912,89,23,2025-09-20 13:02:43,store,cancelled
12913,128,34,2025-02-01 23:27:02,phone,complete
12914,44,21,2025-05-12 07:49:19,mobile,cancelled
12915,466,30,2025-08-01 20:12:45,phone,complete
12916,262,12,2025-06-16 11:19:42,phone,complete
12917,85,35,2025-03-06 14:23:54,mobile,returned
12918,1309,17,2025-04-28 04:00:31,store,complete
12919,210,30,2025-02-14 19:45:27,store,complete
12920,341,12,2025-11-19 02:59:25,phone,returned
12921,160,8,2025-01-01 16:10:16,store,complete
12922,800,38,2025-01-20 14:04:46,mobile,complete
12923,86,36,2025-11-24 16:46:23,mobile,complete
12924,826,1,2025-10-18 21:11:56,mobile,returned
12925,657,21,2025-03-20 19:03:35,store,complete
12926,1445,4,2025-05-20 04:11:45,mobile,complete
12927,24,36,2025-05-04 22:36:17,mobile,complete
12928,239,4,2025-07-08 19:16:04,mobile,complete
12929,1357,1,2025-09-25 13:41:16,web,returned
12930,1483,26,2025-10-25 10:32:12,store,complete
12931,807,31,2025-05-31 19:13:17,web,cancelled
12932,1481,31,2025-11-28 23:52:22,web,complete
12933,269,32,2025-06-02 16:50:00,phone,complete
12934,223,23,2025-11-21 08:51:52,web,cancelled
12935,1480,10,2025-10-08 23:19:52,store,complete
12936,1227,20,2025-07-15 08:22:40,store,returned
12937,36,24,2025-07-10 10:32:28,mobile,cancelled
12938,1132,26,2025-05-13 15:16:25,web,complete
12939,264,1,2025-03-15 15:59:22,mobile,complete
12940,7,22,2025-06-26 13:48:21,phone,complete
12941,285,18,2025-09-23 07:15:37,store,complete
12942,688,19,2025-12-09 15:43:38,mobile,cancelled
12943,566,6,2025-05-10 10:20:40,store,complete
12944,422,25,2025-06-11 10:38:16,store,returned
12945,227,24,2025-10-18 22:20:04,mobile,cancelled
12946,22,21,2025-10-03 20:33:40,web,complete
12947,606,31,2025-02-11 08:22:56,mobile,complete
12948,1011,30,2025-10-22 17:37:55,mobile,cancelled
12949,1016,40,2025-06-19 16:37:28,web,complete
12950,736,26,2025-07-03 09:27:39,web,complete
12951,21,28,2025-08-27 10:10:57,mobile,complete
12952,326,22,2025-05-06 20:38:41,web,returned
12953,431,12,2025-09-07 23:23:29,web,complete
12954,535,21,2025-09-15 08:18:17,phone,complete
12955,161,27,2025-05-16 07:55:07,web,returned
12956,1184,39,2025-02-14 19:56:45,mobile,complete
12957,120,6,2025-09-08 19:01:16,web,complete
12958,904,16,2025-07-12 01:38:36,mobile,returned
12959,1005,38,2025-07-24 23:46:10,phone,returned
12960,781,24,2025-11-10 00:51:05,phone,complete
12961,171,3,2025-06-25 10:55:31,web,complete
12962,157,7,2025-10-19 14:05:42,store,returned
12963,629,27,2025-04-01 11:59:33,store,returned
12964,671,32,2025-04-03 19:53:53,phone,complete
12965,246,37,2025-08-04 03:36:59,store,complete
12966,151,12,2025-01-23 17:25:26,mobile,complete
12967,1160,39,2025-09-06 07:29:29,phone,returned
12968,799,5,2025-02-07 22:08:25,store,complete
12969,1423,14,2025-04-21 19:00:15,store,returned
12970,968,6,2025-10-15 05:24:54,mobile,returned
12971,64,9,2025-05-07 03:02:16,store,complete
12972,182,1,2025-04-21 23:30:24,phone,complete
12973,1288,14,2025-08-29 23:01:27,mobile,complete
12974,748,16,2025-10-31 19:22:40,store,complete
12975,73,13,2025-09-24 08:08:00,phone,cancelled
12976,749,24,2025-09-12 04:17:59,mobile,returned
12977,486,25,2025-06-27 16:56:03,store,returned
12978,291,30,2025-10-30 02:21:28,web,cancelled
12979,368,19,2025-08-04 16:45:37,mobile,cancelled
12980,481,18,2025-01-08 17:20:23,web,cancelled
12981,1085,22,2025-04-11 14:04:36,store,complete
12982,1130,16,2025-10-16 07:41:03,web,cancelled
12983,629,4,2025-12-07 12:04:12,mobile,returned
12984,350,30,2025-11-04 05:03:38,phone,complete
12985,1294,9,2025-01-30 12:56:34,mobile,complete
12986,601,34,2025-04-06 10:28:20,store,complete
12987,164,38,2025-10-29 10:24:54,web,complete
12988,585,10,2025-09-04 12:20:53,mobile,complete
12989,1330,15,2025-11-15 11:47:49,store,complete
12990,544,16,2025-04-20 05:45:50,store,complete
12991,799,7,2025-06-28 12:56:05,store,cancelled
12992,415,35,2025-10-01 15:02:32,store,complete
12993,211,19,2025-05-02 08:13:17,mobile,complete
12994,135,17,2025-11-01 16:51:20,web,returned
12995,1072,37,2025-04-17 16:29:45,store,complete
12996,1459,30,2025-05-20 03:18:30,store,cancelled
12997,1203,2,2025-11-02 09:02:25,mobile,returned
12998,115,3,2025-01-11 19:39:58,web,complete
12999,953,1,2025-12-07 08:21:15,mobile,complete
13000,349,20,2025-06-02 10:36:51,phone,complete
13001,105,11,2025-11-19 04:19:42,mobile,complete
13002,940,34,2025-04-10 18:21:31,web,complete
13003,681,13,2025-11-12 05:14:03,store,complete
13004,139,16,2025-10-03 09:20:10,web,cancelled
13005,147,14,2025-03-01 08:55:00,mobile,complete
13006,691,18,2025-10-28 00:20:53,phone,complete
13007,867,34,2025-03-11 18:06:59,phone,complete
13008,257,15,2025-08-12 20:20:33,web,complete
13009,1334,26,2025-05-19 04:36:41,mobile,complete
13010,374,23,2025-10-10 17:16:26,phone,complete
13011,810,3,2025-01-09 11:26:52,phone,cancelled
13012,337,29,2025-03-10 14:06:47,web,complete
13013,1036,3,2025-03-04 04:29:28,store,complete
13014,863,5,2025-04-19 06:41:05,store,returned
13015,492,30,2025-03-26 19:47:51,phone,cancelled
13016,1123,11,2025-02-03 11:15:39,phone,cancelled
13017,1370,12,2025-04-14 06:56:35,web,returned
13018,1452,31,2025-11-20 14:00:44,store,cancelled
13019,218,17,2025-06-21 11:19:19,phone,complete
13020,271,29,2025-10-31 18:38:24,web,complete
13021,559,14,2025-07-03 13:39:05,phone,complete
13022,885,18,2025-05-20 00:03:48,store,complete
13023,470,13,2025-10-08 23:07:03,mobile,complete
13024,317,37,2025-06-14 22:02:44,web,complete
13025,820,35,2025-01-19 09:03:10,web,complete
13026,932,19,2025-04-27 05:18:47,web,complete
13027,89,27,2025-04-30 00:30:04,mobile,complete
13028,160,2,2025-03-20 05:15:12,mobile,complete
13029,956,5,2025-06-12 13:57:08,store,complete
13030,1398,1,2025-04-17 00:22:20,phone,returned
13031,988,21,2025-09-15 23:42:23,web,complete
13032,133,9,2025-11-22 00:03:35,web,cancelled
13033,1266,31,2025-06-06 01:59:05,web,complete
13034,1154,24,2025-04-25 14:54:20,phone,complete
13035,134,10,2025-05-19 11:02:10,web,complete
13036,264,32,2025-06-07 15:07:55,store,complete
13037,1376,14,2025-10-12 06:12:57,mobile,cancelled
13038,1328,26,2025-03-20 15:31:34,phone,complete
13039,1002,17,2025-04-06 19:26:23,phone,complete
13040,360,36,2025-10-28 10:25:30,web,cancelled
13041,669,36,2025-12-07 08:45:19,mobile,complete
13042,802,24,2025-02-16 20:32:49,store,complete
13043,900,11,2025-07-04 04:11:05,phone,complete
13044,695,8,2025-05-13 11:56:52,store,complete
13045,348,8,2025-12-09 09:31:56,phone,complete
13046,395,40,2025-11-06 07:31:22,store,complete
13047,695,1,2025-02-22 07:25:37,web,complete
13048,1316,35,2025-02-07 18:38:39,web,cancelled
13049,815,36,2025-11-19 23:13:54,phone,complete
13050,393,23,2025-08-07 00:33:58,store,returned
13051,1434,15,2025-11-22 09:02:14,mobile,returned
13052,82,33,2025-04-17 00:47:52,mobile,complete
13053,1256,23,2025-12-06 23:22:37,phone,complete
13054,749,30,2025-08-06 07:10:21,web,complete
13055,1041,24,2025-03-03 07:53:25,web,returned
13056,514,24,2025-12-08 14:57:01,web,complete
13057,822,10,2025-06-16 20:42:12,mobile,complete
13058,1309,5,2025-09-04 06:58:09,phone,cancelled
13059,1028,24,2025-08-16 19:19:43,store,complete
13060,750,22,2025-09-25 19:06:29,store,returned
13061,664,19,2025-09-09 01:50:26,mobile,returned
13062,883,13,2025-06-14 08:11:58,phone,returned
13063,242,8,2025-01-08 03:53:01,phone,complete
13064,816,9,2025-05-16 18:34:21,web,cancelled
13065,284,25,2025-01-11 03:15:55,phone,cancelled
13066,920,29,2025-01-04 06:43:47,store,returned
13067,450,18,2025-05-26 20:56:16,phone,complete
13068,405,11,2025-11-22 21:13:07,store,complete
13069,983,2,2025-08-14 20:27:33,phone,cancelled
13070,1280,2,2025-12-17 22:08:07,web,complete
13071,1253,15,2025-04-14 10:21:14,web,returned
13072,105,18,2025-02-06 16:28:58,web,complete
13073,151,1,2025-10-15 17:14:46,store,complete
13074,1260,38,2025-07-23 08:58:09,phone,returned
13075,1170,10,2025-08-14 12:56:47,mobile,returned
13076,1007,29,2025-05-19 01:18:17,web,complete
13077,874,36,2025-01-24 05:05:49,phone,complete
13078,1033,27,2025-12-07 04:59:08,store,complete
13079,906,1,2025-12-19 03:24:16,web,complete
13080,713,13,2025-09-25 04:19:50,web,cancelled
13081,10,11,2025-06-25 06:43:31,mobile,complete
13082,527,13,2025-03-26 13:45:23,mobile,complete
13083,1017,8,2025-09-21 19:33:01,store,complete
13084,327,6,2025-01-06 08:49:05,web,complete
13085,1439,4,2025-05-01 09:56:56,store,cancelled
13086,1477,23,2025-03-21 15:45:40,web,complete
13087,153,34,2025-07-18 22:23:29,store,cancelled
13088,1407,23,2025-09-08 02:46:54,phone,complete
13089,724,24,2025-12-30 00:20:12,mobile,complete
13090,572,27,2025-03-01 07:39:06,web,complete
13091,1400,2,2025-01-01 08:56:59,mobile,cancelled
13092,749,7,2025-03-20 18:47:14,web,cancelled
13093,199,1,2025-10-22 05:40:41,web,complete
13094,390,40,2025-02-24 09:59:59,mobile,returned
13095,51,16,2025-08-01 01:36:53,phone,cancelled
13096,1439,14,2025-05-20 18:36:08,store,complete
13097,1045,30,2025-08-07 08:30:27,store,cancelled
13098,876,8,2025-10-29 13:49:57,mobile,returned
13099,1322,21,2025-04-12 18:28:15,web,returned
13100,1300,18,2025-03-17 06:47:48,mobile,complete
13101,1400,5,2025-05-08 22:08:43,web,returned
13102,407,16,2025-11-20 01:20:30,phone,complete
13103,601,16,2025-02-03 10:16:44,store,complete
13104,1376,12,2025-11-27 23:47:00,phone,complete
13105,242,24,2025-08-29 11:30:53,mobile,complete
13106,380,6,2025-11-30 20:38:09,phone,complete
13107,512,9,2025-08-23 15:05:39,store,complete
13108,95,32,2025-11-27 03:40:11,web,returned
13109,762,19,2025-02-06 08:00:22,web,complete
13110,955,25,2025-07-11 07:50:30,web,complete
13111,283,37,2025-07-07 08:07:10,web,cancelled
13112,1004,14,2025-03-17 10:55:59,phone,complete
13113,468,34,2025-10-17 03:24:12,phone,returned
13114,514,1,2025-03-08 15:26:26,store,complete
13115,576,12,2025-02-05 22:10:47,store,complete
13116,1274,23,2025-04-27 12:53:51,mobile,cancelled
13117,869,7,2025-06-12 23:01:52,mobile,cancelled
13118,443,4,2025-08-19 11:01:03,phone,complete
13119,1351,21,2025-01-09 10:26:34,store,complete
13120,906,15,2025-12-09 10:51:33,web,complete
13121,1306,10,2025-02-10 06:05:37,mobile,complete
13122,1452,11,2025-06-27 21:33:03,mobile,complete
13123,80,28,2025-07-22 13:23:30,mobile,complete
13124,137,6,2025-06-09 12:24:40,store,complete
13125,709,40,2025-05-16 07:14:30,phone,complete
13126,624,11,2025-04-08 18:03:12,web,complete
13127,1002,33,2025-04-07 09:45:13,mobile,returned
13128,745,12,2025-04-02 02:20:51,mobile,complete
13129,203,21,2025-01-23 12:02:21,mobile,complete
13130,1147,8,2025-05-20 14:51:58,store,complete
13131,566,20,2025-02-12 07:07:46,phone,cancelled
13132,583,12,2025-11-23 13:25:39,phone,returned
13133,725,28,2025-02-07 14:31:38,store,cancelled
13134,1052,21,2025-01-12 05:46:43,phone,cancelled
13135,539,39,2025-07-01 02:18:44,web,returned
13136,848,8,2025-05-17 20:11:29,web,complete
13137,251,21,2025-08-25 06:11:26,phone,complete
13138,182,21,2025-06-14 00:40:54,store,complete
13139,765,30,2025-12-20 16:37:44,phone,returned
13140,1194,17,2025-04-28 09:38:23,web,complete
13141,58,37,2025-12-21 16:32:02,store,complete
13142,1417,32,2025-03-30 17:32:57,web,returned
13143,616,6,2025-09-10 22:19:24,mobile,complete
13144,1330,39,2025-09-10 06:39:59,web,cancelled
13145,1420,11,2025-09-04 21:04:14,phone,complete
13146,814,25,2025-07-03 05:49:34,mobile,complete
13147,23,31,2025-06-23 03:35:41,mobile,complete
13148,167,29,2025-03-04 04:57:19,mobile,complete
13149,794,8,2025-02-10 16:41:11,phone,complete
13150,379,23,2025-06-26 08:47:10,web,returned
13151,1274,37,2025-12-06 08:16:50,web,complete
13152,406,7,2025-06-10 21:56:57,mobile,cancelled
13153,964,21,2025-10-01 04:44:28,mobile,complete
13154,983,22,2025-09-17 15:06:14,phone,returned
13155,1171,4,2025-09-15 21:42:52,phone,complete
13156,328,10,2025-08-13 15:57:52,store,cancelled
13157,625,17,2025-12-10 07:15:29,phone,complete
13158,271,36,2025-12-03 15:26:56,mobile,complete
13159,848,34,2025-11-22 10:05:39,store,cancelled
13160,604,4,2025-12-31 11:22:34,store,cancelled
13161,1459,25,2025-05-09 23:57:53,web,cancelled
13162,261,6,2025-10-13 06:37:56,store,complete
13163,841,28,2025-04-09 07:17:49,store,complete
13164,610,29,2025-05-14 23:34:02,store,returned
13165,452,22,2025-12-13 16:03:27,mobile,complete
13166,301,16,2025-01-22 15:25:37,mobile,cancelled
13167,288,8,2025-05-12 15:00:28,phone,complete
13168,299,15,2025-07-09 02:16:30,web,complete
13169,188,15,2025-04-24 03:38:13,store,complete
13170,1450,6,2025-01-09 04:57:07,web,complete
13171,1240,28,2025-07-06 16:25:50,store,complete
13172,260,20,2025-08-09 15:15:44,store,complete
13173,214,4,2025-09-30 04:32:03,web,complete
13174,580,11,2025-07-19 03:11:48,phone,cancelled
13175,949,38,2025-12-11 07:38:37,web,cancelled
13176,996,35,2025-10-15 05:17:05,mobile,complete
13177,794,36,2025-03-31 06:52:03,store,complete
13178,1140,13,2025-05-27 04:24:58,phone,complete
13179,117,30,2025-03-25 10:28:10,store,returned
13180,1232,31,2025-06-04 18:49:14,phone,complete
13181,1285,40,2025-02-07 08:28:59,phone,complete
13182,1390,30,2025-04-03 19:30:47,mobile,complete
13183,390,31,2025-11-04 10:33:02,store,returned
13184,539,24,2025-07-19 04:06:56,web,complete
13185,1115,14,2025-05-28 11:05:04,mobile,complete
13186,280,18,2025-09-06 09:24:29,phone,complete
13187,1270,38,2025-02-10 12:30:14,store,returned
13188,709,30,2025-12-22 02:51:10,mobile,complete
13189,317,20,2025-10-26 20:34:44,mobile,complete
13190,420,12,2025-01-08 03:28:47,store,cancelled
13191,783,8,2025-04-13 16:45:47,mobile,complete
13192,622,14,2025-02-15 09:46:40,store,cancelled
13193,576,16,2025-08-29 14:10:17,web,returned
13194,128,2,2025-05-19 21:01:22,web,cancelled
13195,528,1,2025-12-17 18:13:07,phone,complete
13196,1486,6,2025-07-12 11:36:00,store,cancelled
13197,973,11,2025-07-18 03:56:18,store,complete
13198,137,3,2025-05-05 03:02:57,phone,cancelled
13199,70,33,2025-09-14 04:44:26,phone,complete
13200,405,1,2025-06-07 02:09:05,web,complete
13201,580,28,2025-04-10 08:23:59,web,complete
13202,1345,7,2025-12-07 17:21:34,store,complete
13203,45,40,2025-10-17 23:21:55,store,returned
13204,1331,35,2025-01-29 00:19:24,phone,complete
13205,582,32,2025-08-26 09:31:11,phone,cancelled
13206,1098,2,2025-01-28 09:24:40,store,complete
13207,1311,5,2025-05-03 01:47:28,web,complete
13208,516,22,2025-07-24 19:34:31,phone,complete
13209,431,14,2025-01-18 17:03:43,web,cancelled
13210,1186,7,2025-09-03 14:19:35,web,complete
13211,1098,22,2025-04-21 15:08:17,web,returned
13212,722,34,2025-02-07 16:59:17,store,complete
13213,845,15,2025-04-06 09:31:50,phone,complete
13214,1223,17,2025-06-30 10:16:41,mobile,complete
13215,535,38,2025-07-21 09:03:11,mobile,complete
13216,441,2,2025-11-30 14:12:09,phone,cancelled
13217,1201,17,2025-03-24 01:32:15,phone,complete
13218,438,37,2025-07-25 22:49:09,store,complete
13219,1173,35,2025-01-14 11:04:36,phone,complete
13220,1070,35,2025-05-08 11:26:56,phone,cancelled
13221,312,2,2025-04-01 12:06:39,store,complete
13222,746,1,2025-04-23 18:27:52,phone,complete
13223,1404,18,2025-06-13 23:37:10,phone,returned
13224,1257,28,2025-04-27 09:18:04,web,complete
13225,875,32,2025-06-06 22:24:24,mobile,complete
13226,661,14,2025-09-30 07:19:17,store,returned
13227,796,26,2025-03-08 18:31:51,phone,complete
13228,826,11,2025-04-08 08:00:11,phone,cancelled
13229,1226,22,2025-08-22 12:10:11,mobile,complete
13230,898,32,2025-08-19 19:14:24,web,complete
13231,1140,16,2025-03-07 16:11:09,mobile,returned
13232,326,33,2025-08-12 21:24:16,store,complete
13233,885,40,2025-10-07 10:13:08,mobile,complete
13234,1269,18,2025-04-22 19:57:01,mobile,complete
13235,678,17,2025-07-03 18:25:55,web,returned
13236,1344,40,2025-09-02 16:31:31,web,complete
13237,1217,19,2025-08-14 13:17:35,web,returned
13238,1471,13,2025-05-27 23:56:32,store,returned
13239,1091,30,2025-10-29 15:39:22,phone,complete
13240,183,15,2025-04-23 13:41:13,store,complete
13241,1173,26,2025-07-28 22:58:09,phone,returned
13242,354,16,2025-07-21 11:17:47,mobile,returned
13243,1432,33,2025-12-23 04:13:48,mobile,complete
13244,827,10,2025-10-03 14:38:20,phone,cancelled
13245,1127,34,2025-08-31 16:53:08,store,complete
13246,796,10,2025-05-21 21:14:08,store,cancelled
13247,257,10,2025-12-24 16:10:09,phone,cancelled
13248,1236,16,2025-03-28 21:13:57,phone,complete
13249,975,35,2025-01-04 21:26:45,store,returned
13250,869,37,2025-10-03 23:03:13,phone,complete
13251,910,35,2025-06-13 08:07:25,store,complete
13252,253,32,2025-08-02 07:11:33,mobile,complete
13253,805,13,2025-11-20 16:25:37,store,returned
13254,497,12,2025-06-30 13:00:46,phone,returned
13255,274,33,2025-04-06 03:55:18,store,complete
13256,304,7,2025-04-19 14:25:34,phone,complete
13257,872,34,2025-05-21 05:22:36,web,complete
13258,1474,39,2025-08-23 23:09:36,phone,returned
13259,531,3,2025-12-04 08:01:51,store,cancelled
13260,187,21,2025-03-27 20:54:28,web,cancelled
13261,378,15,2025-05-25 03:48:25,store,returned
13262,82,26,2025-01-16 08:48:06,store,complete
13263,285,21,2025-07-20 02:18:42,mobile,cancelled
13264,63,29,2025-08-29 22:37:09,phone,complete
13265,496,18,2025-09-13 23:42:39,store,complete
13266,308,19,2025-04-12 22:55:53,store,cancelled
13267,1451,2,2025-10-03 12:17:37,web,complete
13268,524,5,2025-09-04 09:24:13,web,complete
13269,1044,23,2025-05-15 11:07:25,store,cancelled
13270,293,7,2025-07-24 01:19:02,web,cancelled
13271,1146,12,2025-01-08 02:44:29,web,complete
13272,1163,34,2025-07-08 03:10:52,mobile,returned
13273,454,8,2025-12-20 01:29:08,phone,returned
13274,124,29,2025-03-16 10:51:56,phone,complete
13275,714,18,2025-05-23 07:35:20,web,complete
13276,198,21,2025-05-05 08:58:37,phone,complete
13277,1180,8,2025-09-05 07:41:51,store,complete
13278,513,40,2025-10-15 11:10:32,web,returned
13279,1186,8,2025-09-01 22:42:19,store,complete
13280,248,13,2025-03-08 20:48:35,phone,complete
13281,545,12,2025-11-22 13:52:55,web,complete
13282,94,22,2025-02-03 09:43:33,phone,complete
13283,497,26,2025-04-30 21:04:31,store,complete
13284,840,3,2025-09-25 23:09:50,web,complete
13285,540,5,2025-02-08 19:41:02,phone,returned
13286,629,6,2025-09-26 14:25:42,store,complete
13287,1094,4,2025-02-24 00:22:31,phone,returned
13288,385,11,2025-04-12 11:05:36,phone,complete
13289,1471,24,2025-08-26 09:41:16,store,complete
13290,548,11,2025-04-10 11:48:07,web,complete
13291,1407,27,2025-03-27 03:52:56,store,complete
13292,1427,31,2025-09-27 00:30:30,store,complete
13293,608,40,2025-05-28 20:06:47,web,returned
13294,1204,34,2025-09-04 06:06:37,store,cancelled
13295,328,32,2025-12-19 18:41:03,phone,returned
13296,1498,9,2025-10-07 22:51:58,store,complete
13297,831,7,2025-01-09 04:25:00,web,cancelled
13298,1010,23,2025-02-06 05:13:10,phone,returned
13299,799,5,2025-08-28 03:03:27,mobile,cancelled
13300,408,4,2025-07-22 14:44:48,web,cancelled
13301,1181,23,2025-03-15 20:05:20,mobile,complete
13302,1013,24,2025-03-04 14:53:25,mobile,complete
13303,856,36,2025-04-12 08:58:18,store,complete
13304,1277,15,2025-08-09 11:47:24,mobile,complete
13305,442,15,2025-01-22 16:31:18,web,cancelled
13306,566,31,2025-12-19 11:49:40,phone,returned
13307,910,28,2025-12-13 19:40:54,mobile,returned
13308,595,22,2025-03-20 20:23:18,store,complete
13309,1253,6,2025-09-04 02:48:53,phone,complete
13310,465,18,2025-10-06 09:44:13,store,complete
13311,640,21,2025-12-10 19:41:23,phone,complete
13312,1018,24,2025-07-25 05:54:39,web,cancelled
13313,541,38,2025-07-03 07:27:00,web,complete
13314,175,18,2025-10-11 19:35:43,web,returned
13315,1167,1,2025-11-14 18:19:10,store,complete
13316,893,35,2025-04-02 23:52:43,web,complete
13317,1094,18,2025-02-23 15:10:10,web,complete
13318,531,5,2025-03-19 15:22:41,store,complete
13319,62,1,2025-06-25 02:36:44,store,complete
13320,294,13,2025-10-24 17:49:02,phone,complete
13321,1196,15,2025-02-27 21:06:02,web,complete
13322,1154,21,2025-08-14 16:50:00,mobile,complete
13323,1264,22,2025-09-30 00:16:30,phone,complete
13324,883,40,2025-03-22 13:16:03,phone,complete
13325,654,31,2025-03-09 08:17:05,phone,complete
13326,526,22,2025-03-14 12:54:07,phone,cancelled
13327,533,5,2025-06-13 05:50:58,web,cancelled
13328,160,2,2025-06-18 11:35:40,phone,cancelled
13329,620,8,2025-02-26 18:49:38,store,cancelled
13330,69,24,2025-01-06 01:01:17,store,complete
13331,598,30,2025-04-16 12:32:50,web,complete
13332,1411,12,2025-08-13 12:39:41,mobile,returned
13333,1211,20,2025-04-01 11:59:33,mobile,complete
13334,385,14,2025-02-08 01:45:24,phone,complete
13335,1306,23,2025-03-21 19:49:44,phone,cancelled
13336,307,13,2025-03-24 19:05:55,phone,complete
13337,1012,35,2025-04-28 09:42:35,phone,complete
13338,799,13,2025-12-29 15:56:48,mobile,complete
13339,406,9,2025-04-17 01:10:24,web,complete
13340,192,37,2025-03-24 08:48:20,web,returned
13341,596,4,2025-07-02 09:15:38,store,complete
13342,399,40,2025-02-09 08:18:14,mobile,complete
13343,1185,28,2025-07-22 01:18:15,store,complete
13344,1137,13,2025-09-07 06:23:51,store,complete
13345,500,18,2025-08-15 12:38:17,phone,cancelled
13346,338,32,2025-05-25 02:09:03,store,complete
13347,286,19,2025-02-15 18:08:38,web,returned
13348,775,21,2025-11-26 10:09:52,phone,complete
13349,678,6,2025-09-27 10:23:41,web,cancelled
13350,982,9,2025-05-04 09:51:35,web,cancelled
13351,93,17,2025-07-06 18:33:57,web,cancelled
13352,589,22,2025-04-16 02:42:06,phone,complete
13353,10,1,2025-09-04 20:32:55,mobile,complete
13354,1061,26,2025-08-20 15:25:31,web,cancelled
13355,865,14,2025-07-09 19:26:01,phone,complete
13356,1002,9,2025-10-03 07:26:38,store,cancelled
13357,1098,38,2025-03-08 04:52:12,mobile,cancelled
13358,356,9,2025-07-02 20:03:34,phone,complete
13359,810,40,2025-07-02 04:02:30,phone,complete
13360,418,28,2025-10-02 21:24:25,web,complete
13361,1059,39,2025-01-02 23:16:10,phone,returned
13362,1477,38,2025-01-07 15:14:02,web,cancelled
13363,797,23,2025-09-04 10:37:37,web,complete
13364,860,31,2025-05-08 20:51:48,store,complete
13365,1130,19,2025-08-06 00:26:20,store,complete
13366,990,11,2025-10-01 08:59:39,web,cancelled
13367,286,14,2025-08-14 22:54:06,store,complete
13368,747,21,2025-06-28 09:58:58,mobile,complete
13369,1114,27,2025-11-21 03:45:06,phone,cancelled
13370,1381,20,2025-01-26 19:53:06,store,complete
13371,385,37,2025-11-07 12:31:22,web,complete
13372,1207,23,2025-07-04 23:58:50,store,complete
13373,480,30,2025-12-06 04:15:31,mobile,returned
13374,1261,17,2025-11-01 06:21:05,store,cancelled
13375,26,1,2025-10-18 19:28:28,web,complete
13376,343,21,2025-07-20 16:58:53,phone,complete
13377,878,28,2025-12-25 01:36:45,mobile,cancelled
13378,1363,12,2025-01-01 01:34:03,web,complete
13379,609,32,2025-12-03 14:51:31,web,returned
13380,697,14,2025-02-26 15:03:15,store,returned
13381,206,28,2025-06-15 03:01:08,phone,returned
13382,19,2,2025-06-27 22:12:30,store,returned
13383,375,34,2025-07-08 06:43:13,web,complete
13384,1497,13,2025-08-27 23:37:15,store,complete
13385,180,37,2025-04-21 01:37:17,web,complete
13386,569,20,2025-03-05 17:09:30,mobile,complete
13387,200,27,2025-11-06 23:17:20,store,complete
13388,690,1,2025-07-30 02:30:01,store,complete
13389,762,22,2025-02-17 17:00:41,store,complete
13390,7,21,2025-10-02 19:39:15,web,complete
13391,1111,30,2025-06-16 22:26:43,mobile,cancelled
13392,83,29,2025-07-24 22:50:14,mobile,complete
13393,349,4,2025-03-16 19:30:10,web,cancelled
13394,1072,36,2025-02-06 23:03:20,web,complete
13395,11,17,2025-03-06 01:14:08,web,returned
13396,274,28,2025-09-26 00:57:37,web,complete
13397,940,40,2025-02-04 21:12:36,store,complete
13398,1395,1,2025-10-21 03:16:12,phone,complete
13399,1311,24,2025-03-21 16:00:24,web,complete
13400,795,33,2025-12-19 00:56:13,web,returned
13401,459,20,2025-09-25 14:21:04,web,cancelled
13402,234,23,2025-05-03 14:07:40,mobile,complete
13403,1105,6,2025-09-11 09:50:35,mobile,complete
13404,1431,4,2025-10-13 11:59:52,phone,complete
13405,215,23,2025-10-10 01:26:52,phone,complete
13406,272,31,2025-09-27 05:43:24,mobile,cancelled
13407,258,40,2025-04-14 08:26:22,phone,complete
13408,192,19,2025-05-21 07:45:20,web,returned
13409,1201,16,2025-02-17 04:59:19,web,complete
13410,1192,1,2025-01-10 08:01:34,phone,returned
13411,870,22,2025-11-14 22:56:54,store,complete
13412,1241,27,2025-09-22 13:32:17,mobile,returned
13413,1277,15,2025-03-01 13:25:33,phone,complete
13414,140,27,2025-09-03 08:14:56,mobile,complete
13415,309,29,2025-02-18 05:51:06,phone,complete
13416,459,5,2025-05-14 12:24:28,phone,returned
13417,298,28,2025-07-03 21:37:41,phone,complete
13418,1086,35,2025-06-29 11:35:10,web,complete
13419,437,19,2025-10-25 05:03:17,mobile,complete
13420,103,22,2025-04-30 19:04:17,mobile,cancelled
13421,145,29,2025-06-04 02:11:33,store,complete
13422,122,34,2025-02-12 12:12:37,web,complete
13423,449,3,2025-04-09 23:03:48,phone,complete
13424,808,30,2025-06-30 13:08:26,web,returned
13425,46,2,2025-02-26 00:59:50,store,complete
13426,979,25,2025-03-13 03:02:02,store,complete
13427,1186,15,2025-01-16 11:34:14,web,cancelled
13428,936,34,2025-09-19 04:39:26,mobile,complete
13429,1217,14,2025-10-07 00:37:39,web,complete
13430,1498,5,2025-10-28 00:48:18,mobile,returned
13431,716,11,2025-12-31 18:25:50,store,cancelled
13432,1358,4,2025-09-04 04:17:30,mobile,complete
13433,1212,25,2025-10-12 22:16:55,mobile,returned
13434,1081,15,2025-06-24 03:39:34,web,complete
13435,530,23,2025-05-15 09:24:49,phone,cancelled
13436,833,15,2025-08-17 09:25:31,mobile,complete
13437,1419,6,2025-10-11 07:42:48,web,complete
13438,544,23,2025-01-18 23:07:07,store,complete
13439,313,5,2025-03-05 04:44:00,web,complete
13440,168,4,2025-11-24 06:09:32,store,complete
13441,871,40,2025-06-20 17:14:33,web,complete
13442,308,26,2025-10-03 09:18:11,store,complete
13443,391,5,2025-08-18 08:40:45,store,cancelled
13444,1209,12,2025-03-25 01:27:15,phone,returned
13445,1362,12,2025-05-24 02:01:40,phone,cancelled
13446,1495,1,2025-12-31 22:50:16,mobile,complete
13447,1157,40,2025-03-12 12:26:44,phone,complete
13448,927,30,2025-04-09 08:59:06,web,cancelled
13449,383,22,2025-12-21 11:31:49,store,complete
13450,604,6,2025-05-05 14:19:09,store,complete
13451,1361,34,2025-02-28 20:55:35,store,complete
13452,1479,21,2025-10-13 05:02:15,mobile,complete
13453,680,27,2025-11-11 06:48:33,store,complete
13454,187,26,2025-01-25 18:35:53,store,returned
13455,99,17,2025-09-17 02:56:07,web,complete
13456,444,23,2025-12-01 18:40:14,store,complete
13457,1025,3,2025-02-17 02:36:41,web,complete
13458,1244,3,2025-04-29 04:51:09,store,complete
13459,255,28,2025-02-18 12:57:57,web,complete
13460,1131,14,2025-03-03 23:14:27,store,complete
13461,775,3,2025-08-01 05:26:15,phone,returned
13462,1344,20,2025-07-25 22:12:38,web,returned
13463,955,39,2025-03-05 04:26:25,phone,returned
13464,295,26,2025-09-09 18:53:15,store,cancelled
13465,177,25,2025-06-05 11:49:42,web,complete
13466,1012,19,2025-12-07 07:17:13,phone,cancelled
13467,440,12,2025-05-15 23:12:56,web,complete
13468,572,28,2025-02-09 14:43:09,phone,returned
13469,230,25,2025-01-20 12:43:50,phone,complete
13470,1100,9,2025-05-17 03:53:48,mobile,complete
13471,972,32,2025-03-08 14:11:52,phone,complete
13472,1182,4,2025-03-12 17:06:12,mobile,cancelled
13473,555,6,2025-01-17 08:59:41,store,complete
13474,846,2,2025-08-17 15:39:28,web,complete
13475,828,11,2025-01-25 00:59:04,phone,complete
13476,260,20,2025-12-22 10:32:44,mobile,cancelled
13477,1476,11,2025-08-14 23:30:29,store,complete
13478,70,29,2025-02-22 03:17:07,mobile,cancelled
13479,561,10,2025-05-31 22:52:36,mobile,returned
13480,803,27,2025-05-12 02:05:39,store,complete
13481,559,33,2025-10-19 01:44:33,store,cancelled
13482,236,16,2025-03-25 08:18:02,store,complete
13483,282,39,2025-01-20 22:49:17,store,returned
13484,121,21,2025-07-21 23:02:22,phone,complete
13485,82,24,2025-02-22 06:17:05,store,complete
13486,125,32,2025-04-30 09:04:01,phone,complete
13487,989,12,2025-08-07 00:53:53,store,complete
13488,828,33,2025-06-29 20:26:49,phone,returned
13489,112,12,2025-01-31 23:03:56,phone,cancelled
13490,421,34,2025-11-18 19:49:42,web,cancelled
13491,563,21,2025-07-09 01:08:22,store,complete
13492,623,14,2025-01-20 17:48:06,web,cancelled
13493,1324,4,2025-10-14 23:15:31,store,complete
13494,554,31,2025-12-18 02:52:38,phone,complete
13495,88,8,2025-06-10 02:47:30,mobile,cancelled
13496,441,7,2025-01-11 19:51:38,store,complete
13497,476,32,2025-10-30 09:04:58,phone,complete
13498,1435,15,2025-01-14 15:37:49,store,returned
13499,753,9,2025-10-15 13:58:04,store,returned
13500,416,25,2025-12-11 10:45:27,web,complete
13501,1334,21,2025-02-19 08:48:36,mobile,cancelled
13502,1,26,2025-01-07 23:45:40,web,complete
13503,277,31,2025-05-11 19:23:54,phone,complete
13504,1261,3,2025-02-02 13:41:30,store,complete
13505,1453,27,2025-09-14 13:49:58,web,complete
13506,1239,20,2025-06-10 16:21:27,web,cancelled
13507,1076,3,2025-09-14 14:03:29,store,cancelled
13508,799,25,2025-01-10 21:13:21,mobile,complete
13509,327,1,2025-06-18 23:27:06,mobile,complete
13510,1453,20,2025-12-07 16:14:38,mobile,complete
13511,1357,32,2025-08-28 00:52:56,mobile,complete
13512,185,37,2025-12-20 17:40:26,web,complete
13513,547,1,2025-01-02 17:39:11,web,returned
13514,208,4,2025-10-12 11:59:28,phone,cancelled
13515,462,4,2025-03-21 09:14:00,web,cancelled
13516,389,23,2025-10-09 23:15:30,phone,returned
13517,47,29,2025-01-28 03:27:51,web,cancelled
13518,904,25,2025-02-26 23:33:58,store,complete
13519,1381,12,2025-04-06 00:27:00,phone,returned
13520,566,39,2025-09-06 10:48:01,web,complete
13521,503,36,2025-05-19 00:48:06,web,returned
13522,1204,39,2025-06-14 15:59:40,web,complete
13523,1326,33,2025-01-26 10:11:13,store,returned
13524,911,10,2025-04-24 21:25:57,mobile,returned
13525,454,28,2025-07-26 11:41:47,store,returned
13526,375,18,2025-02-13 10:17:41,store,cancelled
13527,678,6,2025-07-17 14:29:45,phone,complete
13528,1004,17,2025-12-10 01:34:45,phone,complete
13529,588,28,2025-02-11 18:38:55,phone,complete
13530,274,22,2025-11-12 20:45:39,phone,returned
13531,218,32,2025-11-18 00:41:22,mobile,complete
13532,1226,2,2025-11-13 02:21:18,web,complete
13533,1336,18,2025-09-05 17:49:24,mobile,cancelled
13534,1459,37,2025-01-27 19:01:14,web,returned
13535,140,15,2025-03-10 23:28:43,store,returned
13536,1080,18,2025-03-12 23:17:46,mobile,returned
13537,822,18,2025-09-27 20:57:00,store,complete
13538,1499,25,2025-10-07 04:17:54,web,complete
13539,115,18,2025-02-10 12:41:14,mobile,cancelled
13540,49,22,2025-09-27 18:50:39,web,complete
13541,834,12,2025-05-01 20:05:46,store,returned
13542,1098,14,2025-02-09 16:10:03,web,complete
13543,1442,21,2025-07-31 01:36:11,phone,complete
13544,1036,19,2025-10-26 20:22:18,store,complete
13545,820,27,2025-07-16 03:55:15,store,complete
13546,582,6,2025-12-25 09:21:34,mobile,cancelled
13547,99,10,2025-07-10 02:57:23,store,complete
13548,892,4,2025-06-18 14:59:43,mobile,complete
13549,529,15,2025-03-11 13:07:23,web,returned
13550,871,6,2025-05-22 14:21:59,store,complete
13551,1408,7,2025-09-07 15:47:20,web,complete
13552,725,16,2025-07-14 19:14:39,web,complete
13553,764,13,2025-12-02 16:18:39,web,returned
13554,894,2,2025-10-21 14:50:37,mobile,complete
13555,12,36,2025-07-02 22:13:45,phone,complete
13556,76,5,2025-02-09 23:43:03,mobile,complete
13557,510,23,2025-08-22 17:53:36,phone,returned
13558,381,21,2025-05-07 14:38:10,web,complete
13559,1271,5,2025-02-16 01:45:27,store,returned
13560,248,13,2025-08-15 06:49:18,store,complete
13561,1198,12,2025-10-30 13:46:34,phone,complete
13562,1344,21,2025-11-13 16:14:11,mobile,complete
13563,292,30,2025-07-14 12:30:45,web,cancelled
13564,1494,24,2025-08-31 23:37:11,web,cancelled
13565,94,9,2025-06-23 08:38:38,phone,cancelled
13566,1228,40,2025-09-18 15:46:02,mobile,complete
13567,181,12,2025-05-18 12:57:25,web,returned
13568,1196,8,2025-10-03 04:27:20,store,complete
13569,238,16,2025-05-31 23:55:47,phone,returned
13570,826,1,2025-06-20 17:12:33,phone,complete
13571,341,20,2025-11-11 01:38:41,web,cancelled
13572,1370,38,2025-01-11 19:19:58,store,returned
13573,765,3,2025-09-03 17:11:57,web,complete
13574,1044,38,2025-12-23 14:17:26,phone,complete
13575,483,35,2025-10-17 00:27:51,phone,returned
13576,261,31,2025-07-30 07:04:35,web,complete
13577,1403,7,2025-01-20 21:25:36,mobile,complete
13578,379,25,2025-02-13 02:10:41,mobile,complete
13579,340,36,2025-10-31 00:24:01,store,returned
13580,1098,6,2025-08-06 19:02:07,phone,complete
13581,690,10,2025-01-02 01:24:32,phone,complete
13582,1388,4,2025-12-06 17:21:17,mobile,complete
13583,537,9,2025-09-26 07:10:43,web,returned
13584,1295,4,2025-08-16 21:41:15,store,cancelled
13585,1349,26,2025-10-13 19:38:25,web,complete
13586,1259,34,2025-01-04 21:33:52,phone,returned
13587,1106,31,2025-02-19 08:35:35,store,complete
13588,116,10,2025-08-04 20:13:04,mobile,returned
13589,1262,39,2025-06-03 16:02:56,store,complete
13590,480,30,2025-08-07 10:06:09,phone,complete
13591,770,30,2025-11-10 02:48:48,web,complete
13592,513,5,2025-01-10 13:06:17,store,complete
13593,1212,18,2025-09-19 12:06:02,mobile,cancelled
13594,1253,7,2025-04-13 23:04:55,web,returned
13595,831,15,2025-11-22 18:15:54,phone,complete
13596,955,10,2025-03-09 14:46:02,phone,complete
13597,710,1,2025-08-27 01:43:36,web,complete
13598,1002,3,2025-11-25 04:33:18,store,complete
13599,1094,1,2025-03-27 21:49:56,mobile,returned
13600,556,32,2025-01-17 14:11:10,web,complete
13601,61,15,2025-04-01 13:04:25,mobile,complete
13602,1496,17,2025-11-16 05:52:11,phone,complete
13603,983,34,2025-11-30 22:19:49,mobile,complete
13604,243,3,2025-11-23 00:21:18,web,complete
13605,1210,16,2025-08-10 21:20:39,web,complete
13606,1129,1,2025-12-23 15:00:09,mobile,cancelled
13607,1196,3,2025-04-28 18:41:36,phone,complete
13608,1260,7,2025-03-20 15:58:10,web,cancelled
13609,56,25,2025-11-06 22:14:42,mobile,returned
13610,1143,5,2025-12-08 00:00:23,web,complete
13611,613,33,2025-03-24 06:07:37,phone,complete
13612,864,12,2025-08-26 09:38:07,mobile,complete
13613,1001,12,2025-11-25 01:52:56,web,complete
13614,467,24,2025-12-17 05:33:05,web,complete
13615,953,7,2025-04-21 10:42:06,mobile,complete
13616,808,18,2025-10-26 20:29:41,phone,complete
13617,1367,34,2025-10-18 19:03:39,mobile,complete
13618,1093,24,2025-06-03 06:39:12,mobile,complete
13619,11,2,2025-10-19 16:57:19,mobile,complete
13620,1123,3,2025-12-10 05:52:36,web,returned
13621,1427,25,2025-03-16 17:22:26,store,complete
13622,705,33,2025-06-02 04:57:13,phone,complete
13623,978,37,2025-03-31 01:10:09,phone,complete
13624,28,11,2025-01-17 07:48:14,phone,complete
13625,946,16,2025-02-12 14:18:19,web,complete
13626,787,15,2025-03-23 08:35:38,phone,complete
13627,949,20,2025-11-08 23:07:07,mobile,returned
13628,122,25,2025-02-19 12:12:32,store,cancelled
13629,32,8,2025-01-07 08:34:13,store,returned
13630,1314,7,2025-11-19 13:18:55,mobile,returned
13631,590,13,2025-03-09 22:35:39,web,cancelled
13632,965,24,2025-05-30 19:08:47,phone,returned
13633,370,35,2025-04-17 15:37:09,web,returned
13634,345,27,2025-03-14 23:08:23,phone,complete
13635,112,8,2025-03-27 17:45:47,phone,complete
13636,1168,26,2025-10-02 23:50:19,mobile,complete
13637,1339,19,2025-11-20 11:41:58,web,returned
13638,622,34,2025-04-08 11:24:41,mobile,cancelled
13639,564,22,2025-02-28 15:45:46,store,complete
13640,53,10,2025-01-25 10:57:31,store,complete
13641,917,5,2025-11-12 20:06:07,web,complete
13642,577,27,2025-04-17 06:41:01,mobile,returned
13643,1356,20,2025-11-07 16:10:24,web,complete
13644,1341,1,2025-05-02 14:23:28,web,complete
13645,427,36,2025-03-18 06:43:54,phone,complete
13646,291,11,2025-09-27 15:01:06,phone,complete
13647,215,5,2025-12-13 21:06:51,web,complete
13648,877,32,2025-05-12 08:10:50,web,complete
13649,484,4,2025-07-01 02:49:20,store,complete
13650,595,36,2025-01-21 18:52:29,phone,cancelled
13651,1088,26,2025-05-03 21:58:50,mobile,returned
13652,1492,14,2025-12-20 11:19:41,store,complete
13653,38,23,2025-04-03 14:45:24,phone,cancelled
13654,278,18,2025-01-19 06:56:10,phone,complete
13655,504,28,2025-11-30 10:15:14,store,complete
13656,1309,16,2025-10-03 04:53:04,web,complete
13657,933,31,2025-05-31 20:36:56,mobile,complete
13658,662,26,2025-05-21 08:12:09,store,complete
13659,1447,31,2025-07-31 00:37:14,web,returned
13660,226,8,2025-03-30 23:23:13,store,cancelled
13661,1438,6,2025-05-12 06:27:33,web,complete
13662,734,2,2025-09-03 04:46:17,phone,cancelled
13663,954,2,2025-04-19 06:29:36,mobile,cancelled
13664,546,27,2025-01-13 21:24:23,web,complete
13665,471,6,2025-07-14 20:31:51,web,complete
13666,1003,6,2025-02-25 00:26:11,store,returned
13667,133,11,2025-06-03 08:33:25,mobile,complete
13668,1005,35,2025-01-02 19:14:20,web,complete
13669,1068,4,2025-09-16 13:41:03,mobile,complete
13670,518,29,2025-01-25 02:53:56,web,complete
13671,1287,32,2025-06-27 18:10:08,phone,cancelled
13672,828,36,2025-08-19 04:34:00,store,complete
13673,650,33,2025-11-18 00:55:02,web,complete
13674,1466,23,2025-03-01 14:09:05,mobile,complete
13675,642,22,2025-12-13 05:10:57,web,complete
13676,773,37,2025-11-02 09:30:51,store,complete
13677,465,9,2025-05-18 23:26:33,web,complete
13678,500,31,2025-11-17 08:53:47,phone,complete
13679,286,33,2025-06-28 20:41:36,store,returned
13680,21,17,2025-05-15 08:07:17,web,returned
13681,1152,15,2025-07-03 22:45:46,phone,complete
13682,1150,29,2025-04-09 11:06:57,web,complete
13683,229,28,2025-01-07 06:07:53,mobile,cancelled
13684,264,17,2025-12-14 14:28:30,store,returned
13685,926,2,2025-11-12 10:08:52,web,complete
13686,1410,24,2025-08-08 21:32:18,mobile,complete
13687,70,35,2025-08-26 20:27:50,mobile,returned
13688,66,20,2025-12-25 21:49:38,phone,complete
13689,317,24,2025-04-11 22:12:19,phone,complete
13690,368,7,2025-06-10 12:54:38,web,returned
13691,55,28,2025-08-25 18:42:03,store,cancelled
13692,1224,15,2025-03-03 14:36:13,phone,returned
13693,158,26,2025-02-26 19:15:10,web,cancelled
13694,91,39,2025-10-25 08:23:17,store,complete
13695,860,35,2025-07-22 17:01:25,mobile,complete
13696,1334,2,2025-08-18 18:10:01,web,returned
13697,181,36,2025-09-03 00:05:15,mobile,cancelled
13698,1209,25,2025-04-08 05:41:54,store,complete
13699,75,19,2025-07-14 18:41:50,store,complete
13700,899,21,2025-07-01 19:30:56,mobile,complete
13701,1437,4,2025-04-28 08:23:34,phone,complete
13702,175,14,2025-10-06 04:07:31,mobile,cancelled
13703,1398,12,2025-11-25 16:15:58,web,complete
13704,835,27,2025-07-26 07:13:16,store,complete
13705,583,10,2025-01-28 11:57:56,store,complete
13706,526,36,2025-01-08 21:13:28,mobile,complete
13707,1010,26,2025-02-26 01:22:11,store,complete
13708,838,39,2025-01-08 15:34:42,store,complete
13709,1388,14,2025-04-15 15:20:49,mobile,complete
13710,393,27,2025-02-09 11:29:12,phone,returned
13711,381,34,2025-01-01 21:40:18,mobile,cancelled
13712,849,13,2025-10-08 04:25:53,phone,complete
13713,201,40,2025-09-10 10:09:20,mobile,returned
13714,450,3,2025-06-26 22:55:53,web,complete
13715,93,8,2025-04-06 15:26:50,mobile,returned
13716,1329,1,2025-10-02 04:05:02,mobile,cancelled
13717,576,39,2025-08-29 12:23:54,web,cancelled
13718,1289,13,2025-07-02 12:17:53,store,returned
13719,1081,14,2025-04-19 08:17:15,web,complete
13720,138,32,2025-05-29 00:15:17,store,complete
13721,1003,32,2025-05-09 16:39:24,web,cancelled
13722,1011,23,2025-09-01 00:32:46,web,complete
13723,779,31,2025-09-02 22:50:13,mobile,complete
13724,546,40,2025-10-14 21:41:49,phone,complete
13725,1082,23,2025-07-20 22:32:52,web,complete
13726,900,7,2025-05-06 21:07:35,mobile,returned
13727,307,35,2025-12-06 09:07:48,phone,complete
13728,876,33,2025-07-24 23:14:57,web,returned
13729,764,20,2025-05-04 10:11:46,store,complete
13730,276,10,2025-10-01 11:50:34,phone,complete
13731,751,36,2025-04-20 12:31:19,store,complete
13732,53,24,2025-10-19 23:22:38,mobile,complete
13733,477,21,2025-10-28 09:33:16,store,complete
13734,446,14,2025-03-22 11:13:36,mobile,complete
13735,1218,22,2025-04-22 06:02:35,web,complete
13736,712,39,2025-09-13 00:31:56,web,returned
13737,1105,38,2025-02-27 22:19:02,store,returned
13738,306,24,2025-05-24 12:23:34,phone,cancelled
13739,1302,9,2025-08-27 10:18:55,mobile,returned
13740,273,37,2025-10-13 06:51:22,phone,complete
13741,1477,38,2025-11-01 12:38:06,phone,cancelled
13742,180,8,2025-11-01 13:53:54,store,complete
13743,189,28,2025-02-11 05:28:30,phone,complete
13744,193,22,2025-12-07 13:28:04,mobile,returned
13745,1443,29,2025-10-26 18:07:32,mobile,complete
13746,1068,12,2025-04-04 23:27:17,store,cancelled
13747,214,15,2025-01-14 15:57:03,mobile,complete
13748,1000,20,2025-10-14 01:00:41,web,complete
13749,1310,26,2025-04-15 22:54:33,mobile,cancelled
13750,1360,34,2025-06-08 12:10:58,store,returned
13751,1341,33,2025-07-20 01:53:52,web,complete
13752,326,36,2025-09-04 02:27:03,web,returned
13753,152,6,2025-11-24 16:50:46,phone,complete
13754,66,38,2025-12-18 15:50:07,phone,cancelled
13755,1368,4,2025-08-28 12:12:06,phone,complete
13756,304,28,2025-05-17 01:37:32,phone,returned
13757,1299,33,2025-02-11 08:30:25,mobile,complete
13758,1085,24,2025-11-02 21:25:56,store,complete
13759,1241,16,2025-03-14 11:32:52,phone,complete
13760,951,8,2025-06-24 23:50:59,web,complete
13761,88,24,2025-06-15 22:06:30,mobile,returned
13762,468,40,2025-07-24 23:37:02,store,returned
13763,989,8,2025-05-16 16:21:11,phone,complete
13764,1459,17,2025-06-07 10:09:31,web,complete
13765,1128,5,2025-06-08 21:56:26,web,returned
13766,990,5,2025-09-25 19:21:09,mobile,complete
13767,38,20,2025-11-19 04:24:03,web,complete
13768,362,22,2025-03-02 11:10:59,mobile,returned
13769,1253,17,2025-09-10 11:05:35,store,cancelled
13770,848,21,2025-04-04 10:12:14,mobile,returned
13771,200,17,2025-07-31 20:46:48,mobile,complete
13772,26,31,2025-08-11 16:06:57,web,returned
13773,1422,19,2025-05-11 17:48:16,phone,complete
13774,293,29,2025-01-15 21:07:27,store,complete
13775,1482,6,2025-07-24 05:54:13,phone,complete
13776,695,5,2025-04-06 04:20:00,store,returned
13777,1289,15,2025-06-29 16:31:48,web,complete
13778,1294,15,2025-04-10 15:31:08,phone,complete
13779,1226,6,2025-10-25 13:02:27,phone,returned
13780,373,33,2025-07-23 07:38:48,store,complete
13781,1256,11,2025-10-17 03:03:25,mobile,cancelled
13782,1372,10,2025-08-06 22:02:12,store,returned
13783,619,30,2025-09-09 03:19:37,web,complete
13784,263,34,2025-11-13 13:13:32,web,cancelled
13785,1262,16,2025-10-19 14:55:09,web,complete
13786,805,40,2025-08-21 13:29:24,phone,complete
13787,1171,19,2025-12-16 10:53:39,mobile,cancelled
13788,777,19,2025-02-25 01:22:55,mobile,returned
13789,541,19,2025-02-14 10:14:30,web,complete
13790,755,2,2025-08-30 19:02:35,store,returned
13791,512,38,2025-05-27 15:15:11,phone,complete
13792,125,22,2025-12-26 12:32:54,mobile,complete
13793,930,33,2025-11-23 07:59:01,phone,complete
13794,492,2,2025-04-18 00:16:47,store,complete
13795,735,14,2025-08-02 07:26:47,web,complete
13796,1152,23,2025-03-30 16:49:48,web,cancelled
13797,1063,12,2025-07-19 12:21:59,phone,cancelled
13798,318,25,2025-12-23 12:26:13,web,returned
13799,1037,3,2025-11-03 12:57:05,web,cancelled
13800,296,2,2025-06-08 04:45:04,mobile,returned
13801,786,7,2025-06-10 08:55:08,mobile,complete
13802,672,27,2025-09-23 05:39:40,store,complete
13803,226,11,2025-07-10 09:20:58,mobile,complete
13804,219,7,2025-08-07 22:14:32,web,returned
13805,1421,38,2025-04-17 08:14:00,phone,cancelled
13806,714,5,2025-07-25 05:55:15,phone,returned
13807,687,12,2025-03-19 23:21:30,store,complete
13808,877,38,2025-02-14 05:25:27,store,cancelled
13809,491,26,2025-11-23 07:55:53,store,complete
13810,487,1,2025-10-05 07:08:13,mobile,complete
13811,1114,4,2025-08-26 02:00:08,phone,complete
13812,596,30,2025-08-09 00:40:04,phone,complete
13813,1091,8,2025-03-26 14:45:23,mobile,returned
13814,859,35,2025-03-29 05:25:56,store,complete
13815,875,35,2025-07-20 01:27:56,web,complete
13816,519,30,2025-10-17 22:17:33,web,complete
13817,263,6,2025-02-23 17:09:53,store,complete
13818,1382,18,2025-07-05 07:06:07,phone,complete
13819,1211,3,2025-12-07 21:10:30,web,complete
13820,1299,2,2025-12-13 22:59:16,web,complete
13821,1186,18,2025-12-03 23:31:15,phone,returned
13822,801,20,2025-07-10 16:00:54,web,cancelled
13823,920,17,2025-08-23 17:03:21,store,complete
13824,1146,1,2025-08-24 10:07:58,mobile,returned
13825,1389,24,2025-05-20 13:26:03,mobile,complete
13826,1039,38,2025-07-02 13:24:11,web,complete
13827,460,27,2025-08-04 16:00:34,phone,cancelled
13828,865,19,2025-03-07 12:05:40,store,complete
13829,1285,25,2025-03-27 06:31:32,phone,complete
13830,1109,37,2025-09-15 16:42:34,store,complete
13831,947,38,2025-07-21 17:18:33,web,cancelled
13832,867,2,2025-02-06 03:36:41,mobile,complete
13833,234,21,2025-03-28 04:40:05,phone,complete
13834,800,26,2025-01-23 11:35:23,web,returned
13835,124,27,2025-07-08 03:21:39,mobile,returned
13836,1167,3,2025-04-04 07:11:26,web,complete
13837,774,34,2025-03-20 22:16:27,web,cancelled
13838,209,17,2025-05-17 17:27:36,mobile,complete
13839,626,32,2025-12-22 00:33:36,phone,returned
13840,638,38,2025-05-27 22:07:37,phone,complete
13841,590,34,2025-12-08 16:00:06,store,complete
13842,897,23,2025-05-27 15:08:36,mobile,complete
13843,1078,31,2025-06-27 15:43:50,mobile,complete
13844,1035,13,2025-07-14 12:16:20,web,complete
13845,207,34,2025-08-06 17:30:15,web,cancelled
13846,1324,37,2025-02-08 17:28:08,store,complete
13847,750,23,2025-04-05 12:32:23,mobile,returned
13848,364,40,2025-08-06 11:40:09,store,complete
13849,1412,24,2025-09-24 10:49:51,web,returned
13850,653,11,2025-08-26 02:23:28,mobile,complete
13851,1285,35,2025-05-20 18:25:43,phone,returned
13852,655,33,2025-04-09 23:24:47,web,complete
13853,413,3,2025-03-25 01:59:25,web,complete
13854,762,11,2025-06-09 04:40:55,mobile,complete
13855,837,12,2025-03-16 12:23:46,store,complete
13856,337,15,2025-12-24 10:19:56,phone,cancelled
13857,313,39,2025-12-02 10:48:56,store,cancelled
13858,51,33,2025-08-20 09:19:23,phone,complete
13859,1222,33,2025-04-05 00:04:55,mobile,complete
13860,393,24,2025-01-05 19:30:11,store,returned
13861,1105,39,2025-05-03 04:00:28,phone,complete
13862,309,33,2025-10-10 06:53:55,web,complete
13863,1421,14,2025-06-12 02:31:45,store,returned
13864,1185,30,2025-02-18 09:56:37,phone,complete
13865,1047,25,2025-05-10 17:07:10,phone,returned
13866,555,19,2025-12-18 21:44:55,phone,complete
13867,1284,30,2025-10-01 20:06:04,store,returned
13868,636,22,2025-03-27 06:05:09,web,complete
13869,676,15,2025-09-16 06:55:24,web,returned
13870,640,36,2025-04-04 00:58:37,store,returned
13871,853,22,2025-12-12 14:06:05,store,complete
13872,115,14,2025-10-16 02:55:01,phone,complete
13873,972,31,2025-01-05 11:01:19,store,complete
13874,554,22,2025-02-14 20:06:21,mobile,complete
13875,79,25,2025-11-24 09:28:42,store,returned
13876,1074,22,2025-09-30 23:36:12,mobile,complete
13877,472,39,2025-02-11 19:36:59,phone,complete
13878,1023,25,2025-03-10 20:53:04,mobile,complete
13879,510,6,2025-03-03 12:56:42,mobile,complete
13880,1216,16,2025-08-14 15:10:47,store,complete
13881,567,29,2025-04-08 14:52:19,web,complete
13882,1351,11,2025-04-07 12:30:42,phone,complete
13883,227,7,2025-07-19 02:19:59,phone,complete
13884,968,11,2025-05-21 07:59:13,mobile,complete
13885,1326,38,2025-02-06 20:29:02,web,complete
13886,1226,34,2025-03-08 03:49:59,mobile,complete
13887,449,30,2025-01-23 07:14:38,mobile,complete
13888,1452,16,2025-12-01 19:45:12,store,returned
13889,497,7,2025-05-02 11:31:19,mobile,returned
13890,1139,12,2025-03-22 20:10:19,phone,complete
13891,376,32,2025-10-16 01:00:39,phone,complete
13892,159,40,2025-02-05 16:10:47,web,cancelled
13893,394,1,2025-10-11 04:38:51,store,cancelled
13894,1168,16,2025-05-23 05:43:23,web,complete
13895,135,18,2025-08-29 17:13:29,mobile,complete
13896,1003,18,2025-11-11 14:39:53,web,returned
13897,784,19,2025-11-09 04:08:12,phone,complete
13898,909,5,2025-12-04 23:05:44,web,returned
13899,1046,25,2025-12-30 09:25:29,web,complete
13900,992,13,2025-08-30 23:45:00,phone,cancelled
13901,1453,20,2025-04-28 06:09:15,store,complete
13902,1264,36,2025-08-22 18:23:47,phone,complete
13903,629,38,2025-06-09 22:55:04,phone,complete
13904,1080,17,2025-10-28 08:08:36,phone,complete
13905,744,26,2025-11-20 18:46:39,store,complete
13906,677,9,2025-04-19 01:31:20,store,complete
13907,575,23,2025-09-14 13:02:42,store,returned
13908,160,34,2025-12-27 02:49:15,mobile,complete
13909,749,14,2025-10-15 09:27:29,web,complete
13910,185,24,2025-03-19 19:20:24,web,complete
13911,382,5,2025-07-23 06:49:34,web,cancelled
13912,1273,3,2025-03-20 20:45:11,web,cancelled
13913,215,26,2025-04-23 23:49:31,store,complete
13914,1121,8,2025-04-28 07:31:06,mobile,complete
13915,598,40,2025-05-16 21:14:13,web,complete
13916,341,13,2025-06-21 04:11:04,web,cancelled
13917,904,39,2025-05-07 21:18:02,mobile,complete
13918,434,6,2025-08-20 10:40:41,phone,complete
13919,1214,35,2025-11-20 06:09:04,phone,cancelled
13920,187,34,2025-06-23 02:09:55,mobile,returned
13921,1180,37,2025-12-09 14:02:59,store,complete
13922,1136,26,2025-11-15 17:24:03,web,complete
13923,605,17,2025-07-02 14:54:00,web,complete
13924,957,3,2025-12-30 22:46:02,phone,returned
13925,1491,25,2025-02-23 11:14:57,phone,complete
13926,413,2,2025-11-16 17:40:51,web,complete
13927,467,22,2025-08-25 22:40:36,store,complete
13928,450,34,2025-07-28 02:59:48,web,complete
13929,936,38,2025-09-01 05:06:46,web,complete
13930,693,14,2025-05-15 09:46:01,phone,complete
13931,1179,31,2025-02-24 11:44:45,mobile,complete
13932,1259,36,2025-10-03 03:32:49,mobile,returned
13933,1256,25,2025-10-09 04:15:08,web,returned
13934,864,4,2025-02-26 11:27:44,phone,complete
13935,120,32,2025-09-22 22:59:31,web,cancelled
13936,698,37,2025-08-09 10:51:16,store,returned
13937,269,2,2025-07-30 05:09:21,phone,cancelled
13938,251,13,2025-05-04 22:32:27,web,complete
13939,1123,23,2025-09-09 03:46:26,store,returned
13940,909,40,2025-12-19 21:45:15,phone,returned
13941,510,26,2025-03-07 06:08:43,web,complete
13942,393,3,2025-10-25 19:09:47,mobile,complete
13943,1073,33,2025-01-08 14:13:03,store,complete
13944,1320,19,2025-08-06 09:10:25,phone,complete
13945,391,29,2025-01-23 01:37:10,store,complete
13946,1109,27,2025-06-22 05:08:30,web,returned
13947,947,4,2025-09-17 21:53:42,store,complete
13948,1230,27,2025-03-29 03:12:58,store,complete
13949,500,38,2025-10-16 22:50:42,web,complete
13950,446,32,2025-05-09 03:59:49,store,complete
13951,397,24,2025-02-12 06:40:03,web,complete
13952,706,36,2025-12-04 05:37:23,phone,cancelled
13953,1034,24,2025-03-21 04:25:48,phone,complete
13954,1,6,2025-07-05 05:04:10,store,cancelled
13955,1212,9,2025-10-31 03:17:47,store,complete
13956,97,12,2025-12-23 11:26:41,store,complete
13957,179,19,2025-11-23 23:25:43,mobile,returned
13958,997,1,2025-12-19 11:16:38,phone,cancelled
13959,1385,2,2025-10-27 17:21:09,web,complete
13960,1410,36,2025-06-21 04:20:26,mobile,cancelled
13961,253,17,2025-04-03 08:58:15,phone,cancelled
13962,201,28,2025-12-17 09:04:57,phone,returned
13963,1389,15,2025-05-01 15:29:25,web,cancelled
13964,310,13,2025-02-05 19:09:48,store,complete
13965,1480,15,2025-08-02 20:49:02,store,cancelled
13966,1309,7,2025-03-30 21:40:28,web,returned
13967,1255,15,2025-01-17 09:45:09,web,complete
13968,1451,19,2025-09-28 12:06:46,mobile,cancelled
13969,1274,38,2025-06-25 07:39:26,store,returned
13970,862,5,2025-04-30 08:13:27,web,complete
13971,1285,38,2025-08-03 09:03:50,web,returned
13972,999,34,2025-11-22 20:13:19,phone,returned
13973,1056,24,2025-11-15 00:38:49,store,returned
13974,1152,1,2025-10-14 14:24:08,store,complete
13975,1352,24,2025-01-24 02:26:24,mobile,returned
13976,931,36,2025-03-20 15:48:21,phone,cancelled
13977,164,33,2025-05-16 22:50:53,mobile,complete
13978,726,21,2025-07-31 12:31:09,mobile,complete
13979,557,19,2025-07-23 21:45:34,phone,cancelled
13980,1184,16,2025-07-13 04:59:23,phone,returned
13981,1328,21,2025-08-20 17:21:54,store,cancelled
13982,1218,24,2025-10-13 12:19:56,mobile,cancelled
13983,335,8,2025-11-05 06:15:07,store,cancelled
13984,352,9,2025-03-20 10:16:31,mobile,complete
13985,561,39,2025-11-12 03:03:48,web,complete
13986,28,2,2025-07-06 16:42:27,phone,cancelled
13987,1031,11,2025-03-20 14:37:22,mobile,complete
13988,1025,1,2025-07-26 03:02:25,store,cancelled
13989,945,7,2025-11-19 17:46:41,store,returned
13990,448,2,2025-09-23 18:57:28,mobile,returned
13991,400,34,2025-10-12 15:07:07,mobile,returned
13992,675,4,2025-06-28 02:09:59,phone,cancelled
13993,1355,2,2025-12-28 04:37:38,web,cancelled
13994,1160,25,2025-04-28 07:55:27,store,complete
13995,1042,22,2025-07-19 12:12:21,web,cancelled
13996,450,1,2025-01-06 21:19:48,phone,complete
13997,628,3,2025-07-21 04:39:11,phone,returned
13998,1371,24,2025-09-26 21:24:45,web,cancelled
13999,370,24,2025-09-30 04:23:26,store,cancelled
14000,958,33,2025-08-19 07:37:00,store,returned
14001,380,5,2025-10-16 23:52:56,web,cancelled
14002,819,6,2025-04-24 12:33:44,phone,cancelled
14003,148,14,2025-10-02 12:41:14,store,complete
14004,1072,12,2025-01-16 07:46:23,web,complete
14005,247,23,2025-06-29 08:43:00,web,complete
14006,1260,26,2025-03-27 17:46:41,phone,complete
14007,233,18,2025-06-14 08:46:56,web,complete
14008,703,14,2025-01-05 04:18:51,store,returned
14009,666,30,2025-10-24 19:28:03,phone,complete
14010,908,26,2025-10-14 01:17:17,mobile,complete
14011,947,3,2025-11-01 16:13:52,phone,complete
14012,782,27,2025-03-25 07:19:09,phone,complete
14013,799,20,2025-12-26 23:24:02,phone,returned
14014,515,29,2025-03-05 02:37:46,phone,complete
14015,167,13,2025-07-07 09:55:09,phone,complete
14016,364,20,2025-08-10 23:01:18,phone,complete
14017,82,9,2025-12-08 08:48:38,store,returned
14018,1411,23,2025-05-08 20:02:22,mobile,returned
14019,1079,27,2025-04-25 09:00:04,store,complete
14020,838,6,2025-10-13 00:48:47,phone,complete
14021,1033,8,2025-05-05 20:56:26,web,returned
14022,1062,17,2025-05-27 12:56:02,web,complete
14023,373,15,2025-04-06 20:01:38,mobile,complete
14024,732,6,2025-02-26 03:57:41,phone,complete
14025,431,4,2025-06-10 22:49:10,web,returned
14026,268,24,2025-07-30 19:35:27,mobile,returned
14027,38,29,2025-04-23 15:03:46,phone,complete
14028,96,26,2025-08-14 10:17:53,store,cancelled
14029,555,21,2025-11-14 02:21:34,web,complete
14030,295,24,2025-03-29 18:16:13,mobile,complete
14031,154,39,2025-04-30 22:15:03,phone,complete
14032,1141,40,2025-03-09 20:06:29,store,returned
14033,1052,34,2025-04-28 14:14:53,mobile,returned
14034,1337,1,2025-10-08 07:49:13,web,complete
14035,1164,33,2025-10-22 15:47:58,mobile,complete
14036,633,1,2025-01-22 11:00:18,web,complete
14037,252,36,2025-07-29 23:12:17,mobile,cancelled
14038,596,13,2025-08-14 18:42:36,web,complete
14039,1126,3,2025-11-07 20:39:33,mobile,cancelled
14040,273,8,2025-11-26 13:00:59,store,returned
14041,1487,18,2025-06-17 16:46:50,store,complete
14042,191,40,2025-12-03 03:20:14,phone,cancelled
14043,1328,30,2025-06-26 01:41:40,phone,complete
14044,81,30,2025-06-15 20:59:43,phone,complete
14045,1298,24,2025-01-25 18:03:19,store,complete
14046,863,17,2025-01-18 15:56:33,web,returned
14047,1047,38,2025-06-24 05:51:09,web,cancelled
14048,914,16,2025-06-14 06:18:51,phone,complete
14049,1228,5,2025-07-13 06:40:25,store,returned
14050,1461,19,2025-03-28 07:19:43,store,complete
14051,851,5,2025-06-28 15:51:01,web,complete
14052,431,20,2025-08-31 06:59:09,mobile,cancelled
14053,1216,8,2025-04-17 08:12:38,web,cancelled
14054,366,20,2025-01-02 14:37:15,mobile,complete
14055,983,24,2025-03-05 21:28:08,web,complete
14056,310,3,2025-04-20 16:33:41,mobile,complete
14057,1335,3,2025-02-21 20:49:42,store,complete
14058,245,6,2025-12-02 02:10:00,mobile,complete
14059,1137,31,2025-04-24 00:34:37,mobile,complete
14060,939,17,2025-02-07 03:03:05,store,complete
14061,909,4,2025-05-04 21:53:16,store,complete
14062,1242,25,2025-07-24 17:52:39,phone,complete
14063,927,21,2025-10-24 18:06:26,phone,returned
14064,264,12,2025-01-18 23:43:42,web,complete
14065,801,3,2025-03-05 15:35:01,phone,complete
14066,1345,25,2025-12-28 16:05:23,web,cancelled
14067,356,13,2025-04-23 03:46:12,mobile,cancelled
14068,746,30,2025-02-26 23:22:29,mobile,complete
14069,1086,6,2025-07-23 14:14:26,store,cancelled
14070,1105,39,2025-01-03 19:43:10,mobile,returned
14071,988,7,2025-01-07 18:28:10,phone,complete
14072,1147,9,2025-02-26 13:07:14,mobile,returned
14073,143,28,2025-05-28 03:18:24,web,complete
14074,766,18,2025-05-14 10:19:09,web,complete
14075,661,10,2025-01-17 23:12:01,phone,cancelled
14076,523,5,2025-05-26 23:11:32,phone,complete
14077,804,12,2025-03-12 19:56:13,store,complete
14078,1479,32,2025-07-11 08:11:51,phone,returned
14079,154,22,2025-04-02 12:09:52,store,returned
14080,190,29,2025-12-12 17:48:18,phone,cancelled
14081,819,14,2025-06-27 23:06:22,store,complete
14082,1037,8,2025-06-27 08:52:35,store,complete
14083,695,18,2025-07-20 23:46:42,mobile,cancelled
14084,475,20,2025-02-05 13:38:50,phone,complete
14085,410,12,2025-09-11 19:15:45,store,complete
14086,158,30,2025-12-09 11:48:09,mobile,complete
14087,1053,12,2025-08-29 06:07:34,phone,complete
14088,847,19,2025-05-21 07:01:39,web,complete
14089,971,23,2025-02-21 17:21:05,phone,complete
14090,879,2,2025-12-18 16:46:46,store,returned
14091,879,34,2025-10-15 21:56:02,web,returned
14092,103,35,2025-01-03 03:21:29,phone,cancelled
14093,567,34,2025-07-06 18:50:45,mobile,complete
14094,665,13,2025-04-19 20:56:48,store,cancelled
14095,939,40,2025-09-24 01:52:40,mobile,returned
14096,1010,25,2025-10-18 02:11:37,mobile,complete
14097,416,14,2025-10-08 20:44:17,mobile,complete
14098,56,27,2025-10-31 20:27:08,store,cancelled
14099,282,9,2025-06-21 22:46:53,phone,cancelled
14100,1339,8,2025-06-26 06:47:32,web,complete
14101,951,28,2025-11-04 08:36:32,web,complete
14102,492,25,2025-02-14 04:18:37,web,complete
14103,861,11,2025-10-17 06:36:37,phone,complete
14104,505,4,2025-12-27 03:36:43,store,cancelled
14105,571,2,2025-09-07 00:56:54,web,complete
14106,100,36,2025-12-25 15:37:52,mobile,complete
14107,1325,31,2025-09-21 10:22:24,phone,cancelled
14108,356,9,2025-05-27 23:10:51,web,complete
14109,615,28,2025-06-05 09:12:32,store,cancelled
14110,350,2,2025-04-24 03:02:25,phone,complete
14111,46,25,2025-09-02 18:26:13,web,cancelled
14112,1080,16,2025-12-16 07:34:13,phone,returned
14113,770,36,2025-12-15 19:48:26,web,complete
14114,786,30,2025-05-31 20:42:14,mobile,cancelled
14115,813,29,2025-05-17 16:02:37,store,returned
14116,76,1,2025-03-13 21:41:33,phone,complete
14117,1192,2,2025-07-29 12:06:15,phone,complete
14118,1040,29,2025-03-27 19:18:04,web,returned
14119,1148,24,2025-05-20 12:23:05,phone,returned
14120,1082,30,2025-09-24 17:32:57,web,complete
14121,1101,20,2025-08-05 03:53:51,phone,complete
14122,1210,13,2025-04-11 22:40:58,web,returned
14123,423,26,2025-12-20 17:53:23,mobile,returned
14124,433,30,2025-03-22 21:15:14,web,complete
14125,813,27,2025-06-01 14:48:11,store,complete
14126,167,21,2025-06-30 20:58:36,phone,complete
14127,971,4,2025-04-21 04:52:54,phone,cancelled
14128,992,35,2025-03-19 23:53:32,web,returned
14129,104,7,2025-11-10 17:22:41,web,complete
14130,189,21,2025-05-14 09:16:35,store,cancelled
14131,514,33,2025-01-21 12:13:13,store,complete
14132,1352,23,2025-01-19 23:11:37,store,complete
14133,1238,20,2025-06-07 00:03:51,store,complete
14134,401,13,2025-07-15 20:41:43,phone,cancelled
14135,805,6,2025-05-24 13:42:24,mobile,complete
14136,1441,11,2025-09-11 09:34:14,mobile,cancelled
14137,1115,8,2025-08-01 16:01:58,store,complete
14138,776,22,2025-12-29 01:22:17,phone,cancelled
14139,1353,30,2025-12-17 10:08:31,mobile,cancelled
14140,463,32,2025-10-21 02:00:16,mobile,complete
14141,767,32,2025-05-24 08:29:25,phone,cancelled
14142,967,16,2025-09-07 20:30:09,store,complete
14143,733,4,2025-07-05 00:41:31,web,complete
14144,300,16,2025-11-28 05:54:54,store,complete
14145,1029,6,2025-11-05 13:11:30,web,complete
14146,1469,26,2025-07-06 10:14:52,phone,returned
14147,1444,20,2025-03-30 15:56:44,phone,cancelled
14148,1102,33,2025-02-03 22:33:15,web,complete
14149,507,1,2025-01-21 09:12:58,mobile,returned
14150,219,22,2025-04-04 06:36:01,phone,complete
14151,1040,24,2025-12-05 17:25:24,web,complete
14152,397,3,2025-08-26 11:00:30,store,returned
14153,5,4,2025-10-23 16:29:06,web,complete
14154,778,40,2025-02-15 10:38:02,web,complete
14155,76,39,2025-03-31 19:45:05,mobile,complete
14156,330,18,2025-09-07 02:15:03,phone,complete
14157,764,20,2025-01-24 12:10:46,web,complete
14158,111,10,2025-07-29 08:26:22,store,complete
14159,239,30,2025-04-19 16:48:01,phone,complete
14160,1231,11,2025-05-30 04:44:11,mobile,returned
14161,186,26,2025-11-15 05:55:24,phone,returned
14162,108,12,2025-01-27 09:50:56,store,cancelled
14163,1371,23,2025-02-28 21:34:00,store,complete
14164,993,38,2025-06-09 13:47:51,store,returned
14165,139,35,2025-02-27 08:19:51,store,complete
14166,399,1,2025-07-09 00:05:31,store,returned
14167,205,5,2025-10-21 19:33:04,mobile,complete
14168,1488,38,2025-03-20 01:59:50,store,cancelled
14169,1149,27,2025-06-03 10:32:12,web,complete
14170,226,32,2025-01-31 05:14:16,mobile,cancelled
14171,725,33,2025-11-05 20:09:04,store,complete
14172,418,3,2025-03-24 17:26:07,mobile,complete
14173,960,25,2025-12-12 03:50:33,mobile,complete
14174,947,17,2025-07-02 02:49:56,store,cancelled
14175,855,17,2025-05-21 07:09:59,store,complete
14176,1136,7,2025-02-22 01:39:29,store,complete
14177,232,10,2025-01-15 00:52:48,phone,complete
14178,727,12,2025-04-14 02:18:55,web,returned
14179,1393,17,2025-04-02 16:58:18,phone,returned
14180,1363,22,2025-09-30 16:16:43,phone,complete
14181,161,4,2025-07-15 18:48:59,mobile,complete
14182,744,32,2025-03-12 22:34:47,web,complete
14183,1012,35,2025-10-30 20:46:50,store,cancelled
14184,496,20,2025-12-20 12:24:47,store,complete
14185,1392,26,2025-01-25 12:12:18,web,complete
14186,1194,35,2025-08-13 04:58:07,web,complete
14187,813,27,2025-05-29 08:36:01,store,cancelled
14188,481,23,2025-07-29 16:05:35,phone,complete
14189,826,22,2025-01-13 23:06:42,web,complete
14190,954,35,2025-02-20 14:43:19,phone,complete
14191,1245,11,2025-12-03 21:14:08,mobile,complete
14192,9,14,2025-12-23 16:05:47,store,complete
14193,23,26,2025-05-19 20:02:17,mobile,complete
14194,1303,39,2025-05-04 20:16:33,web,cancelled
14195,1170,9,2025-01-07 08:50:18,store,returned
14196,1495,23,2025-06-15 09:53:50,mobile,cancelled
14197,1326,31,2025-05-26 08:00:37,store,complete
14198,948,8,2025-11-23 18:20:47,phone,cancelled
14199,1459,20,2025-01-04 04:31:52,mobile,cancelled
14200,374,13,2025-04-10 05:54:46,phone,cancelled
14201,161,38,2025-01-23 11:56:59,phone,complete
14202,423,17,2025-04-20 17:28:15,mobile,complete
14203,1122,23,2025-02-14 23:42:54,web,cancelled
14204,1264,34,2025-12-18 01:49:41,mobile,complete
14205,1356,16,2025-12-09 23:32:59,web,complete
14206,1399,28,2025-06-21 15:06:31,mobile,complete
14207,815,20,2025-05-31 23:03:33,store,complete
14208,1052,28,2025-06-27 12:21:51,store,complete
14209,666,23,2025-11-23 22:32:51,store,complete
14210,1011,6,2025-11-22 20:53:02,web,returned
14211,263,8,2025-04-07 04:16:43,mobile,complete
14212,929,3,2025-02-04 18:39:46,phone,returned
14213,1123,36,2025-04-11 22:34:09,store,returned
14214,214,11,2025-10-09 12:13:48,web,complete
14215,1227,19,2025-06-22 15:56:03,mobile,complete
14216,496,36,2025-06-21 14:15:11,web,returned
14217,1474,10,2025-09-24 00:24:20,phone,returned
14218,732,15,2025-08-16 04:31:50,web,complete
14219,1036,20,2025-10-30 02:07:08,store,cancelled
14220,1289,16,2025-03-11 01:22:12,store,returned
14221,284,36,2025-12-29 06:14:11,web,cancelled
14222,969,7,2025-10-29 09:32:00,mobile,complete
14223,1132,40,2025-09-12 23:21:37,phone,cancelled
14224,219,31,2025-04-14 21:22:12,web,returned
14225,703,34,2025-07-26 15:02:18,web,returned
14226,1291,26,2025-05-05 19:22:00,store,complete
14227,1434,21,2025-04-17 18:50:49,store,cancelled
14228,648,2,2025-09-17 15:53:20,store,complete
14229,487,2,2025-08-23 07:13:38,web,complete
14230,1191,17,2025-07-28 17:19:53,mobile,complete
14231,1290,38,2025-04-30 16:27:14,phone,complete
14232,1469,39,2025-11-29 22:54:55,mobile,cancelled
14233,837,15,2025-12-12 22:26:54,phone,complete
14234,1257,7,2025-03-08 15:28:36,phone,complete
14235,108,19,2025-01-16 00:47:59,mobile,complete
14236,1069,11,2025-01-23 18:52:29,store,complete
14237,1475,20,2025-02-14 01:09:08,mobile,returned
14238,1017,15,2025-05-04 13:49:51,store,cancelled
14239,547,27,2025-08-11 04:31:44,mobile,complete
14240,571,25,2025-11-15 15:18:46,phone,complete
14241,490,30,2025-06-14 09:22:28,mobile,complete
14242,388,21,2025-10-10 08:12:05,web,complete
14243,978,5,2025-04-03 14:37:10,web,complete
14244,1206,25,2025-05-01 23:35:39,mobile,cancelled
14245,1071,29,2025-07-19 05:10:08,web,complete
14246,372,1,2025-06-01 13:07:04,web,returned
14247,738,23,2025-05-15 07:59:06,mobile,complete
14248,1241,23,2025-06-24 02:45:35,mobile,returned
14249,815,39,2025-12-22 02:49:23,phone,complete
14250,317,40,2025-06-22 10:20:21,mobile,returned
14251,1181,9,2025-12-13 09:29:21,mobile,returned
14252,929,27,2025-01-18 05:00:24,web,complete
14253,410,40,2025-10-17 20:14:02,store,complete
14254,746,29,2025-08-19 10:39:23,web,complete
14255,527,3,2025-12-20 14:45:53,store,complete
14256,280,33,2025-10-12 00:44:21,phone,complete
14257,270,37,2025-06-25 07:57:19,web,complete
14258,1074,35,2025-03-08 21:10:22,web,complete
14259,144,25,2025-07-07 16:38:32,phone,complete
14260,979,19,2025-12-26 07:39:27,mobile,returned
14261,672,26,2025-05-08 08:21:25,mobile,complete
14262,557,25,2025-03-17 07:12:09,web,complete
14263,42,39,2025-03-01 13:59:12,mobile,complete
14264,206,2,2025-10-17 11:33:40,store,returned
14265,853,11,2025-09-24 07:35:57,web,complete
14266,679,13,2025-09-12 03:27:29,store,cancelled
14267,253,19,2025-02-20 22:09:20,phone,cancelled
14268,1261,29,2025-01-14 01:15:07,store,cancelled
14269,1273,6,2025-02-05 04:26:05,store,complete
14270,1065,39,2025-08-01 04:09:18,mobile,returned
14271,908,29,2025-03-25 13:06:38,web,returned
14272,348,29,2025-07-27 08:44:30,web,returned
14273,1127,8,2025-10-24 04:03:49,mobile,complete
14274,250,33,2025-07-05 10:22:05,mobile,complete
14275,840,21,2025-05-17 22:33:20,store,complete
14276,891,29,2025-09-27 08:06:37,mobile,complete
14277,1192,24,2025-05-06 07:52:13,web,returned
14278,362,32,2025-05-28 18:38:50,mobile,complete
14279,785,26,2025-12-10 06:39:50,web,complete
14280,1482,38,2025-07-31 00:24:13,store,complete
14281,99,17,2025-06-25 12:09:47,phone,cancelled
14282,277,27,2025-07-16 04:29:32,store,complete
14283,1343,29,2025-08-09 21:20:02,mobile,complete
14284,1112,25,2025-10-19 03:44:39,store,cancelled
14285,1345,14,2025-11-15 14:27:48,phone,returned
14286,1022,25,2025-10-23 21:28:43,mobile,complete
14287,588,35,2025-01-08 14:18:51,store,cancelled
14288,1093,15,2025-10-11 00:50:03,web,complete
14289,504,33,2025-12-14 06:56:52,store,complete
14290,1391,24,2025-02-01 06:24:16,store,complete
14291,232,22,2025-05-24 08:15:51,store,complete
14292,815,3,2025-12-10 15:33:08,phone,cancelled
14293,931,28,2025-04-27 23:12:09,phone,complete
14294,448,14,2025-10-05 20:20:13,mobile,returned
14295,1483,27,2025-08-18 17:49:08,mobile,returned
14296,469,15,2025-12-15 06:08:14,phone,complete
14297,316,35,2025-03-24 13:40:50,web,complete
14298,582,4,2025-08-01 06:47:15,phone,complete
14299,1444,12,2025-03-15 22:25:59,mobile,complete
14300,575,23,2025-06-04 14:54:17,web,returned
14301,1025,26,2025-08-30 19:26:21,store,complete
14302,459,1,2025-03-30 22:04:18,mobile,cancelled
14303,89,19,2025-03-31 20:42:38,web,complete
14304,488,16,2025-01-22 11:40:19,web,complete
14305,1240,3,2025-06-28 05:54:19,phone,complete
14306,933,36,2025-10-07 15:26:12,phone,returned
14307,168,25,2025-05-04 03:43:38,web,complete
14308,1400,30,2025-10-21 01:28:08,web,returned
14309,420,6,2025-02-07 23:16:36,web,returned
14310,342,28,2025-06-12 22:57:03,web,complete
14311,997,39,2025-01-22 23:51:44,phone,cancelled
14312,75,18,2025-09-01 07:13:29,phone,cancelled
14313,1490,6,2025-12-22 12:20:40,web,complete
14314,1013,8,2025-01-02 18:54:45,phone,returned
14315,1224,11,2025-09-29 12:41:32,web,complete
14316,1208,14,2025-09-02 02:49:01,store,complete
14317,1167,2,2025-05-23 23:42:46,mobile,complete
14318,263,5,2025-08-01 08:25:07,phone,complete
14319,481,4,2025-09-09 05:36:50,web,returned
14320,1044,23,2025-08-29 12:52:47,phone,complete
14321,65,11,2025-10-27 09:51:33,phone,returned
14322,1265,13,2025-12-19 09:47:13,store,returned
14323,508,26,2025-12-04 20:28:01,web,complete
14324,1443,30,2025-07-03 15:02:16,store,complete
14325,51,5,2025-02-11 03:37:20,store,returned
14326,854,35,2025-08-02 16:03:34,store,cancelled
14327,860,16,2025-05-07 23:53:39,phone,complete
14328,920,18,2025-05-11 05:45:40,store,cancelled
14329,1179,4,2025-08-15 05:00:13,web,returned
14330,731,4,2025-05-12 22:05:20,mobile,returned
14331,145,38,2025-02-06 19:51:06,store,cancelled
14332,809,20,2025-07-06 09:10:11,store,complete
14333,1374,39,2025-04-09 16:04:47,store,returned
14334,1084,3,2025-11-13 06:22:14,web,cancelled
14335,1353,19,2025-04-12 19:05:45,store,complete
14336,45,3,2025-02-21 01:19:49,phone,complete
14337,486,2,2025-06-06 11:57:00,web,returned
14338,674,29,2025-08-14 19:21:06,store,cancelled
14339,1059,1,2025-07-20 09:16:56,phone,cancelled
14340,471,35,2025-05-05 22:38:33,store,complete
14341,931,23,2025-11-01 00:58:35,store,returned
14342,397,35,2025-01-13 00:06:52,phone,complete
14343,1327,26,2025-04-12 19:20:07,phone,returned
14344,585,19,2025-07-10 05:31:33,web,complete
14345,1488,33,2025-12-01 06:06:52,store,cancelled
14346,802,36,2025-09-14 02:06:58,web,complete
14347,697,40,2025-12-14 15:35:23,mobile,complete
14348,1215,15,2025-06-12 03:15:34,phone,complete
14349,270,30,2025-07-30 22:21:30,mobile,complete
14350,1101,26,2025-11-14 15:31:18,store,complete
14351,75,25,2025-09-01 01:10:04,mobile,complete
14352,89,28,2025-03-08 05:48:25,web,complete
14353,1113,31,2025-08-28 11:07:06,mobile,complete
14354,1046,31,2025-10-05 12:05:47,web,cancelled
14355,1201,17,2025-11-01 04:31:04,phone,complete
14356,1466,31,2025-05-04 04:21:48,mobile,complete
14357,975,19,2025-11-27 19:10:30,mobile,complete
14358,516,14,2025-07-30 14:01:39,mobile,complete
14359,156,18,2025-08-19 16:07:25,mobile,complete
14360,454,27,2025-03-27 06:13:17,phone,complete
14361,1185,29,2025-08-22 18:40:27,web,complete
14362,1437,22,2025-07-14 07:03:05,phone,complete
14363,657,31,2025-10-19 18:30:19,store,returned
14364,1004,12,2025-11-19 22:51:44,web,complete
14365,522,33,2025-07-10 07:05:50,phone,complete
14366,554,29,2025-11-16 10:30:45,web,returned
14367,145,31,2025-12-06 18:12:08,phone,returned
14368,466,33,2025-03-02 10:40:15,store,complete
14369,697,32,2025-11-07 21:24:03,web,returned
14370,1473,10,2025-03-08 06:40:19,phone,cancelled
14371,134,11,2025-01-08 19:15:49,mobile,complete
14372,1100,30,2025-04-20 17:28:13,phone,cancelled
14373,1399,32,2025-11-13 12:46:16,store,cancelled
14374,260,25,2025-11-16 19:03:46,phone,complete
14375,1388,33,2025-05-01 01:51:29,phone,complete
14376,1261,14,2025-12-15 23:02:38,mobile,complete
14377,797,4,2025-02-25 03:42:24,store,complete
14378,875,14,2025-03-30 01:43:49,phone,complete
14379,182,4,2025-12-23 13:08:03,web,complete
14380,230,35,2025-06-30 17:21:11,mobile,returned
14381,802,1,2025-10-11 06:48:09,phone,complete
14382,288,36,2025-09-09 00:58:19,mobile,returned
14383,995,40,2025-04-10 01:18:53,web,returned
14384,46,2,2025-05-16 09:23:52,web,returned
14385,335,8,2025-12-29 02:41:37,phone,complete
14386,1393,36,2025-09-25 18:53:48,web,cancelled
14387,326,39,2025-08-30 04:22:22,mobile,complete
14388,1016,6,2025-06-30 05:49:40,store,returned
14389,895,25,2025-05-04 22:09:51,web,returned
14390,618,29,2025-07-08 00:26:55,phone,complete
14391,849,14,2025-04-27 06:34:24,web,complete
14392,715,12,2025-04-22 17:21:13,mobile,complete
14393,688,28,2025-11-08 01:34:52,phone,complete
14394,1230,23,2025-11-22 16:25:39,web,cancelled
14395,1121,2,2025-04-23 12:16:40,web,cancelled
14396,1401,40,2025-02-03 01:36:29,phone,complete
14397,219,2,2025-12-27 04:50:58,store,cancelled
14398,718,35,2025-04-28 23:41:11,web,cancelled
14399,793,27,2025-08-23 07:21:16,mobile,complete
14400,141,27,2025-10-13 15:08:30,web,returned
14401,145,17,2025-10-25 14:11:08,phone,complete
14402,893,22,2025-03-09 12:46:35,web,returned
14403,594,4,2025-05-30 15:20:29,web,returned
14404,688,23,2025-02-23 12:17:00,store,returned
14405,1324,37,2025-09-20 18:03:59,web,returned
14406,1280,3,2025-09-30 19:07:18,store,cancelled
14407,783,19,2025-08-21 06:47:21,web,complete
14408,336,33,2025-02-09 08:10:56,phone,complete
14409,160,32,2025-06-03 18:29:55,phone,cancelled
14410,1012,15,2025-05-08 12:10:41,phone,complete
14411,424,6,2025-01-17 12:00:06,mobile,complete
14412,694,34,2025-07-05 13:59:58,mobile,cancelled
14413,1429,11,2025-06-04 18:58:08,mobile,complete
14414,1052,39,2025-10-22 02:44:55,phone,returned
14415,5,7,2025-07-07 06:58:18,store,complete
14416,776,15,2025-03-14 13:39:00,phone,complete
14417,1228,19,2025-11-12 14:46:15,web,returned
14418,691,25,2025-06-05 22:26:14,mobile,returned
14419,350,38,2025-11-06 19:21:31,store,cancelled
14420,556,16,2025-11-05 05:04:39,phone,cancelled
14421,359,27,2025-09-05 21:56:40,phone,cancelled
14422,1168,4,2025-12-10 09:28:34,phone,returned
14423,171,31,2025-09-11 00:34:16,mobile,cancelled
14424,470,29,2025-01-27 16:29:44,phone,complete
14425,1193,31,2025-07-01 23:32:33,phone,complete
14426,1158,4,2025-01-06 15:13:50,phone,complete
14427,1256,35,2025-02-22 03:45:03,phone,returned
14428,524,22,2025-08-08 00:06:44,store,returned
14429,1429,3,2025-12-15 00:43:40,store,complete
14430,91,9,2025-04-29 02:16:07,phone,complete
14431,828,37,2025-09-07 15:58:41,phone,complete
14432,434,35,2025-07-31 00:50:50,mobile,complete
14433,1012,18,2025-08-20 06:11:13,store,complete
14434,1016,30,2025-06-01 21:51:41,store,cancelled
14435,1491,31,2025-10-28 18:50:17,mobile,complete
14436,252,2,2025-03-06 09:37:50,mobile,complete
14437,935,25,2025-06-15 07:42:32,phone,complete
14438,713,26,2025-05-17 15:03:48,web,complete
14439,762,13,2025-01-02 16:17:53,web,complete
14440,1464,3,2025-03-11 12:09:07,web,complete
14441,806,40,2025-05-28 21:00:02,mobile,returned
14442,228,13,2025-11-23 05:16:33,mobile,complete
14443,1316,20,2025-09-19 08:20:44,phone,complete
14444,457,34,2025-01-31 01:56:34,web,complete
14445,480,29,2025-08-29 06:35:31,phone,complete
14446,746,23,2025-02-18 09:02:51,web,complete
14447,1366,35,2025-01-17 02:14:06,phone,cancelled
14448,1368,29,2025-03-10 15:38:05,store,returned
14449,973,24,2025-12-14 00:19:15,phone,complete
14450,1179,8,2025-11-23 04:41:47,store,complete
14451,305,30,2025-10-13 02:04:40,phone,cancelled
14452,1447,19,2025-04-16 01:03:34,store,complete
14453,202,10,2025-06-21 14:20:24,web,complete
14454,843,16,2025-07-12 23:56:51,mobile,returned
14455,1379,17,2025-07-13 00:36:43,web,complete
14456,408,26,2025-06-08 16:56:41,web,cancelled
14457,13,26,2025-12-13 21:06:25,mobile,complete
14458,911,10,2025-09-26 00:28:25,web,cancelled
14459,1184,24,2025-07-31 00:09:01,phone,returned
14460,1087,15,2025-11-30 00:38:58,phone,complete
14461,771,36,2025-05-23 15:12:24,web,complete
14462,824,1,2025-04-11 02:22:03,web,complete
14463,672,23,2025-12-13 12:01:03,phone,complete
14464,501,16,2025-06-25 02:09:09,mobile,complete
14465,1431,31,2025-10-28 21:37:40,web,complete
14466,1224,25,2025-06-29 21:06:27,store,complete
14467,903,28,2025-03-05 14:45:47,store,complete
14468,1196,3,2025-11-26 22:31:43,mobile,complete
14469,1453,34,2025-05-03 07:29:11,store,complete
14470,1202,31,2025-05-31 04:20:53,store,cancelled
14471,306,9,2025-05-04 16:19:16,web,complete
14472,1220,7,2025-02-20 20:58:22,store,returned
14473,106,11,2025-05-15 13:11:44,phone,complete
14474,926,34,2025-03-29 04:12:35,store,complete
14475,438,18,2025-12-05 15:19:17,phone,complete
14476,564,21,2025-01-19 15:36:41,mobile,returned
14477,660,14,2025-03-24 04:36:27,store,cancelled
14478,293,35,2025-01-02 05:03:01,store,returned
14479,173,17,2025-07-02 14:40:58,store,cancelled
14480,346,29,2025-07-21 07:58:28,mobile,complete
14481,164,5,2025-07-22 23:04:27,web,complete
14482,1041,23,2025-06-26 07:00:08,phone,cancelled
14483,910,27,2025-01-05 17:58:42,mobile,cancelled
14484,571,40,2025-10-27 12:49:08,web,complete
14485,590,26,2025-05-20 16:39:19,phone,complete
14486,330,14,2025-09-12 20:10:56,store,cancelled
14487,458,13,2025-05-14 02:47:22,mobile,complete
14488,15,1,2025-12-23 00:11:37,store,complete
14489,236,30,2025-07-11 10:29:11,mobile,cancelled
14490,997,37,2025-07-28 01:58:43,store,complete
14491,1315,11,2025-07-12 23:20:08,store,returned
14492,306,17,2025-05-13 08:43:10,web,complete
14493,496,16,2025-11-17 06:28:46,store,cancelled
14494,1433,38,2025-11-27 04:55:36,store,complete
14495,709,15,2025-02-12 19:44:10,mobile,returned
14496,887,32,2025-12-26 18:06:19,mobile,complete
14497,1010,6,2025-05-25 16:58:46,store,cancelled
14498,632,20,2025-07-29 14:52:10,web,complete
14499,1466,32,2025-12-03 01:26:57,phone,cancelled
14500,956,34,2025-02-06 02:54:23,phone,returned
14501,239,7,2025-09-28 21:31:26,mobile,complete
14502,1475,9,2025-09-03 06:05:41,store,complete
14503,650,30,2025-05-03 04:34:46,store,complete
14504,440,27,2025-11-25 18:34:05,store,complete
14505,1424,1,2025-10-14 16:41:21,web,cancelled
14506,969,28,2025-05-19 02:09:37,phone,complete
14507,1427,7,2025-08-09 01:56:00,mobile,complete
14508,669,34,2025-03-26 02:01:09,store,cancelled
14509,1088,38,2025-09-21 13:03:59,store,cancelled
14510,1112,32,2025-03-17 22:41:18,store,complete
14511,1102,24,2025-12-25 13:37:03,phone,complete
14512,145,19,2025-05-14 11:10:21,mobile,returned
14513,26,5,2025-02-04 19:44:20,web,cancelled
14514,848,2,2025-09-23 08:45:58,web,cancelled
14515,1110,11,2025-05-31 02:00:24,store,complete
14516,1203,38,2025-02-20 13:43:31,phone,complete
14517,651,25,2025-10-11 11:19:53,mobile,complete
14518,375,15,2025-05-26 11:51:07,store,returned
14519,191,8,2025-08-28 15:32:27,phone,cancelled
14520,1383,31,2025-12-18 18:14:59,store,complete
14521,1473,24,2025-04-26 18:02:55,web,complete
14522,802,5,2025-07-08 23:01:05,phone,complete
14523,147,27,2025-03-22 23:39:14,store,cancelled
14524,1245,26,2025-12-17 14:37:48,store,complete
14525,819,25,2025-07-13 18:13:49,mobile,cancelled
14526,586,23,2025-10-21 16:26:24,mobile,returned
14527,536,40,2025-05-07 11:50:08,web,complete
14528,623,30,2025-08-28 15:06:04,mobile,returned
14529,1172,5,2025-04-20 04:28:56,phone,returned
14530,907,7,2025-07-02 01:29:58,store,cancelled
14531,1022,10,2025-08-09 12:50:16,web,complete
14532,873,21,2025-11-16 02:09:22,store,returned
14533,809,40,2025-09-17 16:53:11,phone,cancelled
14534,313,7,2025-06-14 09:44:34,store,cancelled
14535,780,26,2025-11-18 23:46:43,store,returned
14536,124,32,2025-09-30 09:19:42,phone,cancelled
14537,313,5,2025-07-29 20:39:35,phone,cancelled
14538,354,26,2025-11-23 08:42:22,phone,returned
14539,683,12,2025-03-14 20:16:04,phone,returned
14540,159,5,2025-01-26 09:31:41,phone,complete
14541,1207,31,2025-12-10 04:24:30,mobile,complete
14542,22,4,2025-09-26 18:50:30,web,cancelled
14543,1230,25,2025-12-03 13:31:47,mobile,cancelled
14544,336,35,2025-08-10 04:08:09,store,complete
14545,1064,16,2025-09-01 18:30:17,phone,cancelled
14546,601,18,2025-12-05 18:00:48,store,complete
14547,1495,17,2025-09-07 22:33:08,phone,returned
14548,864,18,2025-03-23 16:29:11,store,cancelled
14549,596,15,2025-09-24 15:00:32,phone,returned
14550,471,39,2025-08-12 12:35:00,phone,complete
14551,950,19,2025-08-01 21:58:38,phone,complete
14552,1317,14,2025-01-29 06:02:30,store,complete
14553,1144,39,2025-03-28 18:38:50,mobile,complete
14554,490,22,2025-10-08 20:33:54,web,complete
14555,42,25,2025-06-07 22:14:37,store,complete
14556,84,8,2025-03-24 01:12:15,phone,cancelled
14557,63,35,2025-08-22 14:25:53,phone,returned
14558,1404,35,2025-07-23 01:50:20,mobile,complete
14559,1103,6,2025-04-14 13:12:06,mobile,complete
14560,903,5,2025-01-10 22:35:54,web,returned
14561,1112,32,2025-05-04 11:15:36,mobile,returned
14562,1247,36,2025-01-07 23:32:08,web,complete
14563,910,25,2025-05-10 12:47:24,mobile,cancelled
14564,1219,32,2025-08-05 00:14:45,mobile,cancelled
14565,1399,40,2025-02-02 13:17:34,store,complete
14566,238,2,2025-05-05 12:11:34,store,complete
14567,1398,6,2025-06-02 05:53:00,phone,complete
14568,603,15,2025-07-08 05:23:40,store,complete
14569,1011,40,2025-10-25 23:20:54,web,complete
14570,1474,23,2025-02-25 22:10:59,phone,complete
14571,1072,22,2025-06-21 18:29:01,phone,complete
14572,1367,26,2025-02-13 11:28:59,phone,cancelled
14573,207,1,2025-05-01 14:37:53,store,cancelled
14574,193,17,2025-05-27 08:02:41,mobile,complete
14575,1453,14,2025-05-13 22:39:30,store,complete
14576,15,4,2025-02-23 23:43:51,store,complete
14577,1373,35,2025-03-02 19:14:21,mobile,complete
14578,116,36,2025-08-07 21:19:43,phone,returned
14579,558,14,2025-02-12 18:30:29,store,cancelled
14580,1085,26,2025-01-13 03:48:56,store,returned
14581,231,32,2025-02-18 05:58:52,phone,cancelled
14582,1106,37,2025-08-05 01:29:38,mobile,complete
14583,1090,40,2025-09-21 22:26:44,phone,cancelled
14584,758,23,2025-02-11 03:32:12,mobile,complete
14585,905,30,2025-10-02 16:31:44,mobile,cancelled
14586,480,38,2025-02-28 08:39:02,phone,complete
14587,468,34,2025-03-18 10:37:06,store,returned
14588,1030,16,2025-12-20 04:23:41,web,cancelled
14589,1259,7,2025-12-08 06:37:49,web,complete
14590,1297,33,2025-03-17 05:59:19,web,complete
14591,1146,19,2025-06-09 16:45:09,web,complete
14592,141,20,2025-09-17 15:29:53,phone,cancelled
14593,462,20,2025-10-18 15:18:13,store,complete
14594,224,2,2025-10-03 23:16:14,phone,complete
14595,1350,39,2025-09-21 10:07:45,web,cancelled
14596,48,30,2025-01-23 13:15:19,web,cancelled
14597,245,20,2025-09-29 15:45:45,store,returned
14598,575,13,2025-12-10 08:51:10,store,complete
14599,284,22,2025-05-02 23:58:41,store,complete
14600,613,33,2025-09-08 00:07:16,phone,complete
14601,595,10,2025-02-11 13:42:30,phone,complete
14602,1256,21,2025-02-06 03:17:34,store,cancelled
14603,756,15,2025-12-12 15:10:53,phone,cancelled
14604,964,9,2025-07-01 14:17:21,phone,complete
14605,662,9,2025-05-20 19:17:34,web,cancelled
14606,589,1,2025-04-22 09:57:44,mobile,returned
14607,556,20,2025-05-28 12:33:00,web,cancelled
14608,200,36,2025-02-17 23:51:27,store,complete
14609,970,1,2025-01-19 22:52:41,mobile,cancelled
14610,674,2,2025-09-23 05:17:42,web,cancelled
14611,101,22,2025-06-11 01:07:40,web,complete
14612,127,26,2025-04-19 01:46:07,web,complete
14613,358,6,2025-09-16 08:58:15,web,complete
14614,1001,4,2025-06-18 15:38:07,phone,complete
14615,1440,2,2025-03-31 08:13:31,store,complete
14616,594,8,2025-09-26 22:31:38,phone,complete
14617,235,37,2025-09-05 23:24:15,store,complete
14618,298,13,2025-07-06 02:57:44,phone,complete
14619,1027,4,2025-02-19 19:49:03,store,cancelled
14620,224,34,2025-01-03 14:33:53,store,complete
14621,646,30,2025-04-25 19:36:00,web,returned
14622,392,15,2025-10-24 22:07:10,phone,cancelled
14623,285,4,2025-09-09 21:16:01,phone,complete
14624,478,28,2025-08-30 18:53:49,phone,returned
14625,1239,9,2025-05-31 16:12:59,web,complete
14626,610,10,2025-09-09 00:43:26,store,complete
14627,1234,38,2025-11-19 10:10:54,phone,complete
14628,1454,5,2025-12-14 06:11:42,mobile,cancelled
14629,755,29,2025-10-12 14:44:15,web,complete
14630,842,27,2025-03-02 07:48:43,web,complete
14631,720,20,2025-12-12 18:41:07,mobile,complete
14632,1318,38,2025-04-13 18:27:09,web,cancelled
14633,1156,4,2025-12-29 04:20:11,mobile,complete
14634,161,26,2025-05-28 05:13:55,mobile,cancelled
14635,148,32,2025-01-14 15:50:12,phone,returned
14636,625,15,2025-10-23 01:18:19,phone,complete
14637,616,4,2025-12-20 06:40:06,web,cancelled
14638,1397,3,2025-07-26 00:22:02,phone,complete
14639,519,9,2025-10-21 23:22:17,web,cancelled
14640,174,30,2025-08-05 16:36:15,phone,cancelled
14641,15,6,2025-11-26 12:02:07,phone,returned
14642,908,24,2025-09-08 19:17:01,store,complete
14643,1305,38,2025-04-05 11:42:23,mobile,complete
14644,765,10,2025-07-16 22:36:00,web,returned
14645,1140,11,2025-03-13 00:49:54,phone,complete
14646,1113,40,2025-04-30 00:34:45,store,complete
14647,398,33,2025-12-26 19:52:21,mobile,complete
14648,1282,3,2025-07-04 01:02:54,web,complete
14649,1027,20,2025-08-23 16:19:05,mobile,complete
14650,96,8,2025-12-25 13:16:42,phone,complete
14651,301,29,2025-03-25 08:07:04,store,complete
14652,338,2,2025-02-08 16:55:32,store,returned
14653,1266,35,2025-12-18 21:57:05,store,returned
14654,1242,18,2025-04-21 01:03:16,web,complete
14655,82,24,2025-12-08 19:31:55,web,complete
14656,403,38,2025-11-02 05:18:01,mobile,returned
14657,861,30,2025-02-04 16:00:15,mobile,returned
14658,802,8,2025-03-29 19:13:19,phone,returned
14659,922,17,2025-01-17 19:12:02,phone,cancelled
14660,98,30,2025-09-30 17:12:32,phone,cancelled
14661,328,14,2025-02-14 10:48:33,phone,complete
14662,611,9,2025-06-01 11:05:18,phone,cancelled
14663,846,4,2025-05-30 13:31:56,store,returned
14664,175,4,2025-04-16 15:31:23,phone,complete
14665,688,14,2025-12-13 19:41:03,mobile,returned
14666,1064,38,2025-03-21 14:22:23,mobile,complete
14667,1485,13,2025-09-22 09:03:42,web,complete
14668,449,26,2025-03-24 23:59:50,mobile,complete
14669,779,21,2025-01-01 17:20:26,phone,complete
14670,305,30,2025-05-03 08:00:12,store,complete
14671,48,15,2025-12-31 21:22:56,mobile,cancelled
14672,314,16,2025-02-26 20:11:21,mobile,complete
14673,433,35,2025-04-09 10:41:07,web,returned
14674,287,27,2025-05-11 00:08:03,store,returned
14675,340,27,2025-06-22 13:19:21,store,cancelled
14676,1146,15,2025-09-08 02:51:18,web,complete
14677,265,11,2025-07-10 16:49:16,store,complete
14678,558,25,2025-03-15 20:36:58,mobile,complete
14679,1107,11,2025-04-23 06:35:28,web,cancelled
14680,268,3,2025-08-09 12:58:09,web,complete
14681,404,4,2025-01-10 19:20:30,store,complete
14682,922,23,2025-12-31 13:21:23,web,cancelled
14683,348,13,2025-10-24 14:51:58,phone,complete
14684,458,18,2025-07-01 13:04:36,mobile,complete
14685,24,18,2025-02-08 06:32:59,store,returned
14686,646,2,2025-03-15 07:25:37,phone,complete
14687,782,40,2025-03-18 07:43:59,store,complete
14688,1311,31,2025-10-31 23:17:37,phone,complete
14689,1458,29,2025-10-04 20:56:44,web,complete
14690,1437,29,2025-01-28 06:04:48,mobile,returned
14691,597,2,2025-11-05 12:32:27,web,complete
14692,1240,17,2025-06-28 19:29:44,mobile,complete
14693,1486,11,2025-03-20 14:44:32,store,cancelled
14694,1305,13,2025-07-17 15:00:47,web,complete
14695,1450,10,2025-12-23 12:29:29,web,complete
14696,1295,36,2025-10-24 03:34:15,mobile,complete
14697,621,21,2025-07-15 20:36:29,web,complete
14698,836,16,2025-03-13 10:31:41,phone,complete
14699,109,15,2025-04-29 23:04:53,store,cancelled
14700,1083,40,2025-09-10 15:15:35,phone,complete
14701,331,14,2025-04-21 06:28:27,phone,returned
14702,243,33,2025-04-29 19:07:48,store,complete
14703,444,12,2025-11-27 19:42:09,mobile,complete
14704,880,25,2025-01-13 03:59:08,store,complete
14705,519,20,2025-01-03 19:34:46,web,cancelled
14706,1288,13,2025-10-12 07:10:41,web,cancelled
14707,1101,19,2025-07-10 18:27:29,phone,complete
14708,120,27,2025-06-28 20:00:32,mobile,complete
14709,1309,6,2025-04-12 20:00:34,store,complete
14710,817,11,2025-08-16 01:30:29,store,complete
14711,927,19,2025-09-13 21:44:32,web,cancelled
14712,20,19,2025-02-14 08:33:28,store,returned
14713,1035,27,2025-07-16 13:36:11,web,complete
14714,1496,22,2025-04-07 15:08:35,store,cancelled
14715,298,5,2025-01-22 10:38:15,phone,complete
14716,1309,12,2025-07-26 13:29:26,web,complete
14717,1172,12,2025-08-19 21:06:50,store,returned
14718,1031,32,2025-10-25 03:24:32,mobile,returned
14719,904,36,2025-09-21 22:17:18,web,returned
14720,273,15,2025-03-21 04:37:54,phone,returned
14721,1293,34,2025-08-14 16:59:02,web,cancelled
14722,78,8,2025-12-23 04:33:02,store,complete
14723,64,28,2025-12-19 20:46:40,phone,complete
14724,1241,8,2025-02-01 13:24:26,mobile,complete
14725,1401,40,2025-04-05 03:15:41,web,cancelled
14726,1057,3,2025-03-03 18:58:52,web,cancelled
14727,1,34,2025-11-01 08:20:46,web,returned
14728,343,10,2025-01-27 11:16:05,mobile,returned
14729,212,32,2025-06-04 13:03:06,web,cancelled
14730,954,16,2025-11-23 02:06:07,mobile,complete
14731,900,25,2025-11-18 08:26:30,store,complete
14732,1222,5,2025-03-18 16:11:55,web,cancelled
14733,803,28,2025-04-12 03:01:52,web,complete
14734,752,25,2025-12-09 00:05:58,phone,cancelled
14735,441,27,2025-08-09 04:16:11,store,complete
14736,3,10,2025-09-27 23:30:06,mobile,returned
14737,856,40,2025-11-22 19:45:20,phone,complete
14738,1165,32,2025-12-08 06:17:28,store,complete
14739,133,31,2025-07-22 09:14:10,web,complete
14740,686,30,2025-05-03 16:18:45,web,complete
14741,417,40,2025-02-04 00:58:22,phone,complete
14742,242,14,2025-04-26 05:42:14,web,returned
14743,1011,40,2025-05-10 09:56:44,mobile,cancelled
14744,1038,38,2025-10-25 18:28:13,web,complete
14745,571,11,2025-10-02 17:04:21,web,returned
14746,343,7,2025-10-18 12:40:08,phone,returned
14747,103,13,2025-05-06 06:29:05,store,complete
14748,486,32,2025-09-26 17:00:36,web,cancelled
14749,547,14,2025-02-20 05:03:54,mobile,complete
14750,416,7,2025-10-28 16:04:55,web,returned
14751,307,7,2025-04-24 20:09:24,store,complete
14752,103,12,2025-01-22 23:45:38,mobile,cancelled
14753,1391,36,2025-01-06 14:49:10,store,complete
14754,1353,40,2025-04-11 03:42:00,store,complete
14755,847,1,2025-10-06 01:26:40,phone,returned
14756,490,39,2025-05-15 12:52:27,phone,cancelled
14757,1208,8,2025-04-23 21:50:45,phone,complete
14758,879,11,2025-10-10 12:08:28,phone,complete
14759,1202,9,2025-04-15 05:21:03,mobile,complete
14760,616,29,2025-02-10 05:42:12,phone,complete
14761,1183,18,2025-05-05 18:46:23,web,complete
14762,1262,37,2025-02-20 18:52:03,mobile,complete
14763,1399,10,2025-01-23 08:16:00,phone,returned
14764,408,6,2025-02-18 14:51:06,store,complete
14765,578,32,2025-02-02 11:13:00,mobile,returned
14766,679,15,2025-01-04 06:12:13,web,cancelled
14767,822,34,2025-04-20 23:33:10,phone,cancelled
14768,793,31,2025-10-30 13:41:32,mobile,returned
14769,1404,34,2025-12-07 01:59:05,phone,complete
14770,1453,25,2025-03-26 05:59:15,store,complete
14771,1488,40,2025-03-20 04:25:36,web,complete
14772,286,28,2025-12-06 12:00:14,mobile,complete
14773,1141,39,2025-05-14 16:17:28,web,complete
14774,230,29,2025-10-09 12:10:54,web,complete
14775,1069,6,2025-05-22 06:42:51,mobile,complete
14776,331,6,2025-12-30 18:47:48,mobile,returned
14777,362,5,2025-07-02 19:14:14,web,returned
14778,1047,2,2025-12-01 17:26:12,mobile,returned
14779,1115,8,2025-06-12 00:24:21,store,returned
14780,1214,23,2025-03-26 07:22:33,mobile,complete
14781,1298,34,2025-11-27 05:18:39,web,cancelled
14782,1196,35,2025-10-07 06:06:31,phone,complete
14783,582,21,2025-11-26 07:00:19,store,returned
14784,50,10,2025-02-17 12:27:48,mobile,complete
14785,453,27,2025-07-30 14:10:44,mobile,cancelled
14786,135,12,2025-12-28 01:37:28,store,complete
14787,21,32,2025-05-01 06:29:17,web,returned
14788,950,35,2025-11-29 05:32:26,phone,cancelled
14789,1054,36,2025-11-27 14:09:18,phone,cancelled
14790,433,30,2025-03-12 10:26:19,phone,cancelled
14791,573,37,2025-09-22 13:09:10,web,cancelled
14792,164,21,2025-12-19 03:04:30,mobile,complete
14793,674,6,2025-01-30 07:06:36,mobile,cancelled
14794,29,30,2025-08-06 04:19:42,web,complete
14795,1160,12,2025-06-14 04:13:39,store,complete
14796,357,4,2025-07-29 09:58:07,phone,complete
14797,1201,13,2025-08-14 06:40:40,web,complete
14798,305,8,2025-01-24 03:10:27,phone,complete
14799,822,2,2025-04-20 20:33:24,phone,returned
14800,468,10,2025-10-12 14:19:13,store,cancelled
14801,629,20,2025-05-04 12:07:38,mobile,complete
14802,807,3,2025-02-13 05:04:30,mobile,complete
14803,737,13,2025-11-09 19:39:47,store,cancelled
14804,221,27,2025-03-09 07:41:30,mobile,cancelled
14805,102,32,2025-03-17 10:38:22,store,returned
14806,908,36,2025-12-01 10:37:05,store,complete
14807,747,30,2025-03-28 18:02:38,web,cancelled
14808,442,30,2025-05-30 01:03:24,mobile,complete
14809,1161,25,2025-05-11 06:20:29,web,complete
14810,554,33,2025-10-07 08:46:51,store,complete
14811,189,22,2025-03-05 15:58:02,store,returned
14812,102,4,2025-09-01 13:34:27,phone,complete
14813,1237,29,2025-12-23 23:11:25,store,returned
14814,1412,17,2025-03-08 22:25:35,web,complete
14815,472,32,2025-11-27 02:19:10,mobile,complete
14816,1173,30,2025-10-10 00:12:50,phone,complete
14817,137,9,2025-08-31 00:26:05,web,returned
14818,1256,4,2025-09-24 02:56:52,web,cancelled
14819,314,22,2025-11-15 13:28:17,phone,cancelled
14820,1056,9,2025-09-21 12:08:56,web,complete
14821,1400,10,2025-06-01 03:30:28,phone,complete
14822,151,35,2025-12-31 05:12:55,store,complete
14823,833,25,2025-12-11 22:45:13,web,cancelled
14824,897,27,2025-05-23 21:33:41,store,returned
14825,141,17,2025-10-14 06:35:31,web,returned
14826,486,38,2025-01-14 06:35:27,web,complete
14827,1123,34,2025-02-10 08:34:10,store,returned
14828,1386,3,2025-03-22 00:04:49,mobile,complete
14829,36,25,2025-10-28 05:29:12,web,complete
14830,989,18,2025-11-14 22:15:20,mobile,complete
14831,998,22,2025-07-23 21:37:07,phone,complete
14832,1144,23,2025-06-16 05:36:00,web,complete
14833,1428,21,2025-01-15 00:29:31,web,returned
14834,654,1,2025-04-19 14:15:59,store,complete
14835,1220,31,2025-07-01 16:57:05,phone,cancelled
14836,370,29,2025-01-07 03:04:27,mobile,complete
14837,23,40,2025-01-18 13:54:16,store,complete
14838,349,37,2025-07-18 14:54:42,mobile,cancelled
14839,1269,7,2025-07-09 09:48:10,web,cancelled
14840,780,13,2025-11-12 01:46:20,phone,complete
14841,914,2,2025-04-27 19:11:08,mobile,cancelled
14842,619,8,2025-12-05 08:21:01,mobile,complete
14843,1409,23,2025-02-15 04:19:49,store,returned
14844,138,23,2025-01-04 10:14:20,phone,cancelled
14845,535,16,2025-01-19 23:51:01,mobile,returned
14846,448,8,2025-03-28 16:59:25,store,complete
14847,957,16,2025-08-21 15:00:22,mobile,complete
14848,1392,22,2025-08-09 06:15:08,store,cancelled
14849,549,33,2025-05-08 05:57:33,phone,complete
14850,423,37,2025-05-23 20:37:33,store,complete
14851,64,39,2025-11-19 22:50:41,mobile,returned
14852,777,20,2025-08-16 16:59:11,web,cancelled
14853,65,1,2025-08-06 18:27:34,web,cancelled
14854,158,5,2025-08-18 08:34:36,phone,complete
14855,1312,22,2025-08-22 14:36:57,phone,complete
14856,691,27,2025-03-10 09:51:46,phone,complete
14857,39,34,2025-04-18 08:52:40,web,cancelled
14858,1203,29,2025-07-08 15:18:09,phone,complete
14859,493,15,2025-09-28 19:54:21,web,complete
14860,638,40,2025-01-22 19:20:50,store,complete
14861,197,16,2025-03-18 21:43:05,store,returned
14862,1044,6,2025-12-24 06:41:19,phone,complete
14863,17,5,2025-06-01 02:18:17,mobile,complete
14864,247,30,2025-06-06 15:33:14,phone,complete
14865,1070,19,2025-01-30 17:18:06,phone,complete
14866,864,22,2025-02-23 13:47:58,mobile,cancelled
14867,466,38,2025-05-07 16:42:24,store,complete
14868,893,20,2025-09-12 00:56:52,web,returned
14869,733,16,2025-10-06 10:44:08,mobile,complete
14870,782,22,2025-08-27 01:25:31,mobile,complete
14871,957,24,2025-04-25 00:59:33,web,complete
14872,1474,13,2025-03-01 05:57:39,store,complete
14873,1367,8,2025-02-03 22:06:12,store,cancelled
14874,697,8,2025-05-27 21:00:53,mobile,cancelled
14875,1338,35,2025-09-22 06:01:20,store,returned
14876,583,35,2025-11-13 05:02:12,phone,complete
14877,348,31,2025-09-29 16:39:39,mobile,complete
14878,558,9,2025-03-13 05:04:34,store,complete
14879,141,3,2025-08-23 01:30:32,mobile,complete
14880,669,17,2025-08-17 12:48:42,web,returned
14881,1409,14,2025-04-30 07:29:44,web,complete
14882,1299,21,2025-04-04 22:26:45,web,cancelled
14883,873,26,2025-07-12 10:34:59,web,complete
14884,1237,11,2025-02-21 08:01:00,store,returned
14885,1475,15,2025-11-19 11:07:07,web,cancelled
14886,1135,19,2025-08-04 21:18:19,store,returned
14887,287,35,2025-10-06 15:47:10,store,complete
14888,134,37,2025-09-22 11:57:57,phone,complete
14889,363,14,2025-02-06 21:18:17,store,complete
14890,698,31,2025-03-24 03:06:09,web,returned
14891,720,17,2025-11-08 18:20:17,mobile,complete
14892,869,23,2025-03-22 05:51:23,web,returned
14893,548,28,2025-05-18 21:56:14,web,complete
14894,865,7,2025-07-01 14:21:55,store,complete
14895,1272,38,2025-08-25 06:42:30,store,returned
14896,1120,6,2025-08-10 07:13:48,phone,returned
14897,194,30,2025-02-12 09:23:10,store,returned
14898,540,8,2025-10-23 14:44:16,mobile,complete
14899,25,36,2025-05-18 06:03:51,mobile,complete
14900,1237,32,2025-02-28 15:51:09,web,complete
14901,496,16,2025-06-10 11:57:40,phone,cancelled
14902,734,10,2025-04-13 08:54:35,web,returned
14903,41,16,2025-11-14 06:46:13,mobile,returned
14904,355,14,2025-03-25 12:56:15,phone,complete
14905,897,10,2025-11-29 22:09:50,store,complete
14906,668,9,2025-12-21 23:07:59,mobile,complete
14907,972,12,2025-06-28 03:26:46,web,cancelled
14908,555,3,2025-05-22 10:39:21,store,complete
14909,1064,27,2025-12-23 17:25:44,mobile,complete
14910,36,11,2025-10-12 22:20:06,mobile,returned
14911,1396,3,2025-02-13 08:39:06,web,complete
14912,281,23,2025-10-22 14:59:54,phone,complete
14913,26,33,2025-08-11 06:31:29,web,returned
14914,934,39,2025-03-02 09:53:05,phone,returned
14915,900,32,2025-09-13 17:58:20,phone,complete
14916,1467,26,2025-05-26 11:29:34,web,complete
14917,1354,18,2025-05-03 02:51:13,phone,returned
14918,108,26,2025-08-27 07:10:20,mobile,complete
14919,952,39,2025-03-02 23:22:29,web,returned
14920,1242,8,2025-09-30 06:14:00,phone,complete
14921,73,18,2025-04-27 04:15:40,phone,returned
14922,327,7,2025-11-17 07:09:13,web,complete
14923,321,31,2025-08-03 11:25:18,store,complete
14924,1028,15,2025-10-05 12:18:46,phone,returned
14925,464,18,2025-08-13 03:50:51,phone,cancelled
14926,1421,37,2025-08-22 16:12:32,web,complete
14927,169,31,2025-01-06 05:01:49,phone,complete
14928,689,11,2025-07-13 21:33:52,web,complete
14929,187,3,2025-08-13 12:04:01,web,complete
14930,349,19,2025-09-29 21:01:57,mobile,returned
14931,941,8,2025-12-09 23:48:32,store,complete
14932,823,7,2025-02-11 10:58:17,mobile,cancelled
14933,1236,34,2025-01-03 13:16:37,phone,returned
14934,379,4,2025-06-08 16:20:37,web,complete
14935,565,33,2025-07-08 01:35:43,store,complete
14936,242,10,2025-10-15 17:38:32,phone,complete
14937,936,6,2025-06-27 22:34:56,mobile,complete
14938,209,32,2025-07-01 06:56:44,store,complete
14939,894,19,2025-01-08 22:14:31,mobile,cancelled
14940,1221,14,2025-11-04 15:18:15,mobile,complete
14941,1440,33,2025-10-15 17:51:45,store,complete
14942,1417,12,2025-05-08 08:28:38,web,complete
14943,1092,12,2025-09-27 16:12:03,phone,complete
14944,295,20,2025-03-25 00:27:23,mobile,returned
14945,957,9,2025-02-23 01:26:22,mobile,complete
14946,265,37,2025-03-12 11:52:02,phone,complete
14947,1403,25,2025-09-15 03:30:13,store,complete
14948,449,15,2025-01-09 14:31:23,mobile,cancelled
14949,663,25,2025-02-13 20:18:53,web,cancelled
14950,608,31,2025-10-14 10:04:06,phone,complete
14951,362,36,2025-06-19 13:18:09,phone,returned
14952,375,7,2025-09-02 05:12:56,mobile,complete
14953,518,40,2025-10-21 12:16:02,phone,complete
14954,71,12,2025-06-13 17:35:55,phone,complete
14955,666,17,2025-08-21 08:52:00,mobile,complete
14956,663,38,2025-03-09 14:02:13,web,returned
14957,294,13,2025-12-08 21:32:14,phone,complete
14958,660,22,2025-03-19 15:32:57,store,complete
14959,1191,34,2025-02-11 00:46:23,mobile,complete
14960,875,39,2025-11-28 23:51:01,phone,complete
14961,467,10,2025-10-02 12:41:06,store,complete
14962,982,1,2025-11-22 09:00:13,phone,complete
14963,1069,13,2025-09-14 13:56:23,web,complete
14964,574,9,2025-08-23 03:37:24,phone,complete
14965,1055,28,2025-08-16 13:24:56,phone,complete
14966,969,37,2025-05-13 03:57:29,web,returned
14967,1376,13,2025-05-04 13:32:08,web,complete
14968,635,27,2025-11-23 17:43:18,web,complete
14969,1453,28,2025-05-19 17:04:57,mobile,complete
14970,1340,40,2025-11-24 02:57:13,web,returned
14971,755,39,2025-05-10 09:52:22,store,complete
14972,1093,5,2025-12-27 23:36:47,mobile,complete
14973,452,30,2025-01-21 18:10:54,phone,returned
14974,1409,20,2025-08-19 10:22:48,store,complete
14975,642,4,2025-07-05 07:52:00,store,cancelled
14976,508,6,2025-07-01 14:02:11,web,complete
14977,508,19,2025-07-24 19:04:46,phone,complete
14978,1162,17,2025-02-19 03:08:51,phone,complete
14979,669,38,2025-04-07 17:05:39,mobile,complete
14980,473,36,2025-05-24 10:32:58,store,complete
14981,323,40,2025-04-30 09:23:00,phone,cancelled
14982,159,33,2025-10-03 19:47:14,mobile,cancelled
14983,803,30,2025-03-09 05:46:11,store,complete
14984,1,37,2025-11-04 11:19:17,store,cancelled
14985,1370,8,2025-11-25 02:44:08,web,complete
14986,435,6,2025-02-13 08:53:03,mobile,cancelled
14987,851,10,2025-09-18 06:03:21,store,complete
14988,1282,31,2025-05-01 17:28:56,store,complete
14989,469,14,2025-06-18 11:36:48,mobile,cancelled
14990,865,40,2025-11-07 06:35:21,web,complete
14991,192,7,2025-04-22 05:14:43,web,cancelled
14992,1441,9,2025-07-17 02:15:49,phone,complete
14993,662,1,2025-07-22 11:08:32,store,cancelled
14994,1170,9,2025-08-10 08:51:41,web,cancelled
14995,981,11,2025-02-28 01:51:38,mobile,complete
14996,143,30,2025-02-17 18:20:48,store,complete
14997,338,24,2025-05-19 21:17:23,store,complete
14998,941,14,2025-01-31 22:16:28,store,complete
14999,585,14,2025-03-07 09:13:20,store,returned
15000,1388,26,2025-11-21 02:18:57,web,complete
15001,861,29,2025-01-31 09:52:01,web,complete
15002,250,40,2025-03-10 16:37:35,phone,complete
15003,181,31,2025-08-28 23:39:55,mobile,complete
15004,676,5,2025-11-02 09:24:09,web,complete
15005,816,4,2025-06-03 04:19:11,mobile,returned
15006,73,12,2025-01-09 20:50:50,mobile,returned
15007,393,3,2025-11-18 01:22:49,store,complete
15008,102,16,2025-07-20 15:10:12,store,complete
15009,1117,40,2025-05-01 03:28:20,store,cancelled
15010,135,10,2025-11-03 23:10:20,store,cancelled
15011,1147,26,2025-04-20 23:01:48,store,cancelled
15012,1484,30,2025-01-16 11:35:43,mobile,cancelled
15013,1236,34,2025-06-09 17:11:03,mobile,cancelled
15014,378,8,2025-02-09 00:02:01,mobile,complete
15015,566,32,2025-12-12 14:26:05,mobile,returned
15016,609,37,2025-12-12 06:11:38,phone,complete
15017,1371,13,2025-01-15 22:22:56,mobile,complete
15018,552,27,2025-02-03 01:06:15,mobile,complete
15019,1235,18,2025-01-22 10:40:22,phone,complete
15020,1368,28,2025-05-13 17:51:28,phone,returned
15021,1362,33,2025-02-23 23:17:16,store,complete
15022,1485,34,2025-01-24 09:22:07,phone,complete
15023,723,26,2025-05-27 10:11:38,store,complete
15024,827,25,2025-12-09 10:42:09,store,complete
15025,783,30,2025-06-16 18:52:55,web,complete
15026,1459,9,2025-08-29 23:15:48,mobile,complete
15027,715,34,2025-03-10 22:29:47,mobile,complete
15028,1269,18,2025-06-04 03:11:11,mobile,complete
15029,408,5,2025-11-13 16:57:05,web,returned
15030,1006,5,2025-06-26 20:04:18,store,returned
15031,446,37,2025-01-08 10:32:26,web,returned
15032,683,14,2025-09-05 21:20:15,phone,complete
15033,731,28,2025-09-13 05:41:32,web,complete
15034,442,14,2025-02-09 00:16:34,store,returned
15035,1242,13,2025-10-27 03:30:22,phone,complete
15036,983,18,2025-07-04 01:45:17,web,complete
15037,1451,32,2025-08-26 07:38:15,phone,cancelled
15038,884,35,2025-03-04 13:50:21,store,complete
15039,880,36,2025-08-13 13:43:39,web,returned
15040,273,32,2025-10-20 23:41:05,web,cancelled
15041,280,23,2025-10-01 10:12:25,mobile,complete
15042,1378,16,2025-12-22 20:28:39,store,returned
15043,401,1,2025-12-24 05:59:32,web,complete
15044,275,14,2025-07-14 08:51:10,web,complete
15045,1214,27,2025-09-29 10:58:41,mobile,cancelled
15046,1346,23,2025-04-29 21:06:52,mobile,complete
15047,632,6,2025-08-28 07:42:05,phone,cancelled
15048,1235,36,2025-11-20 22:03:07,phone,cancelled
15049,1361,9,2025-08-29 01:39:44,mobile,complete
15050,348,6,2025-01-02 20:32:55,phone,complete
15051,605,20,2025-09-29 13:25:31,mobile,cancelled
15052,532,25,2025-10-24 03:39:07,phone,complete
15053,1472,30,2025-04-17 13:07:03,web,complete
15054,1340,10,2025-11-25 20:38:36,phone,cancelled
15055,1416,13,2025-12-03 20:34:00,web,complete
15056,514,18,2025-06-27 20:35:28,store,complete
15057,1174,31,2025-06-17 08:33:00,store,complete
15058,718,32,2025-09-09 11:36:21,store,complete
15059,312,36,2025-03-10 09:14:56,phone,complete
15060,611,26,2025-06-23 05:55:22,mobile,returned
15061,1271,16,2025-01-08 08:08:24,mobile,returned
15062,234,12,2025-07-15 04:49:47,mobile,complete
15063,1038,21,2025-04-28 17:38:36,store,cancelled
15064,1072,5,2025-04-01 00:58:32,mobile,cancelled
15065,1460,38,2025-03-20 01:11:43,mobile,complete
15066,1371,21,2025-01-03 02:52:31,phone,complete
15067,145,4,2025-09-12 09:30:23,mobile,complete
15068,973,31,2025-03-06 14:15:34,mobile,cancelled
15069,58,4,2025-11-22 07:09:26,phone,complete
15070,1029,12,2025-03-20 06:20:33,phone,complete
15071,219,7,2025-08-13 15:42:33,web,returned
15072,1253,37,2025-02-08 06:40:39,phone,cancelled
15073,218,22,2025-06-14 13:47:15,phone,cancelled
15074,219,1,2025-12-30 18:37:26,web,complete
15075,1065,27,2025-03-29 18:08:50,store,complete
15076,504,12,2025-05-02 08:37:48,store,complete
15077,779,16,2025-10-13 09:30:42,mobile,complete
15078,121,13,2025-01-17 05:22:23,store,returned
15079,1005,18,2025-07-01 03:58:19,mobile,complete
15080,586,15,2025-09-12 05:10:31,phone,returned
15081,987,5,2025-08-13 23:58:03,web,complete
15082,237,4,2025-08-02 20:12:13,phone,complete
15083,564,26,2025-06-14 13:23:30,web,cancelled
15084,1430,25,2025-03-18 10:52:55,mobile,returned
15085,80,19,2025-09-18 21:11:55,web,complete
15086,71,14,2025-07-25 23:58:48,web,complete
15087,1310,36,2025-09-04 08:56:14,web,returned
15088,1118,35,2025-06-23 06:59:28,web,cancelled
15089,1169,39,2025-08-05 18:37:21,store,complete
15090,610,1,2025-08-23 02:56:38,phone,complete
15091,293,12,2025-06-16 01:10:43,store,returned
15092,80,18,2025-02-23 08:00:00,web,complete
15093,1311,5,2025-06-02 00:49:08,store,complete
15094,1171,16,2025-09-04 20:25:54,mobile,complete
15095,554,7,2025-06-28 00:36:32,phone,complete
15096,325,8,2025-09-11 21:52:36,store,complete
15097,650,13,2025-08-11 09:27:20,store,returned
15098,469,37,2025-12-02 16:42:24,phone,cancelled
15099,226,5,2025-02-21 01:22:40,mobile,complete
15100,1318,36,2025-07-07 06:59:08,web,returned
15101,288,23,2025-12-24 08:41:59,phone,complete
15102,935,7,2025-05-22 23:08:09,phone,complete
15103,324,3,2025-07-16 09:28:18,store,returned
15104,78,5,2025-02-24 01:08:32,phone,complete
15105,1110,27,2025-08-20 06:13:04,phone,cancelled
15106,976,13,2025-10-14 16:59:45,mobile,complete
15107,863,34,2025-10-18 16:17:59,web,returned
15108,283,40,2025-12-20 09:00:11,web,complete
15109,573,4,2025-04-05 05:52:25,mobile,complete
15110,389,18,2025-03-15 10:00:24,store,complete
15111,1025,7,2025-04-06 16:59:37,web,complete
15112,629,10,2025-06-21 14:03:45,web,complete
15113,1262,23,2025-05-14 06:28:14,web,complete
15114,217,35,2025-11-06 05:21:42,store,complete
15115,803,21,2025-06-06 16:16:53,phone,complete
15116,116,13,2025-09-12 01:01:30,phone,complete
15117,873,6,2025-07-07 13:52:22,web,complete
15118,1164,34,2025-01-13 19:18:08,phone,complete
15119,289,14,2025-03-03 07:19:24,web,cancelled
15120,804,10,2025-01-17 13:17:46,web,returned
15121,1341,2,2025-06-04 19:56:38,store,complete
15122,148,30,2025-09-07 09:43:07,mobile,cancelled
15123,912,10,2025-04-27 23:22:38,web,returned
15124,1322,8,2025-07-26 13:26:28,store,complete
15125,1157,37,2025-11-19 09:52:12,mobile,complete
15126,608,37,2025-10-24 14:39:20,store,returned
15127,537,16,2025-01-01 18:42:05,phone,returned
15128,1169,14,2025-06-13 20:52:00,store,returned
15129,489,31,2025-07-12 13:39:16,mobile,complete
15130,870,37,2025-10-29 22:24:31,store,complete
15131,368,21,2025-02-02 13:23:44,store,cancelled
15132,1064,32,2025-05-29 01:14:20,store,complete
15133,519,38,2025-09-10 07:03:57,store,complete
15134,683,9,2025-04-19 10:17:16,store,complete
15135,1250,32,2025-06-28 06:04:38,mobile,complete
15136,552,31,2025-01-27 00:23:31,mobile,complete
15137,998,15,2025-05-23 19:14:25,phone,complete
15138,1024,18,2025-01-25 23:56:58,mobile,cancelled
15139,217,20,2025-12-22 20:30:32,store,complete
15140,1039,22,2025-03-05 14:00:38,store,cancelled
15141,22,1,2025-03-02 15:34:33,web,complete
15142,141,40,2025-12-15 10:01:15,web,complete
15143,1381,16,2025-08-04 17:41:06,web,complete
15144,71,37,2025-06-14 08:01:31,store,complete
15145,116,9,2025-03-09 00:54:03,store,returned
15146,669,18,2025-12-03 17:37:05,web,complete
15147,79,35,2025-01-14 12:30:42,web,returned
15148,873,35,2025-04-23 02:54:12,phone,complete
15149,568,19,2025-07-26 11:31:29,store,complete
15150,388,37,2025-01-02 01:59:32,web,cancelled
15151,398,35,2025-07-14 00:03:24,phone,returned
15152,953,37,2025-06-17 00:37:44,web,complete
15153,1396,6,2025-03-23 13:37:12,phone,complete
15154,127,18,2025-10-12 00:02:34,store,returned
15155,984,19,2025-01-19 20:37:41,store,complete
15156,8,26,2025-03-21 17:49:04,store,returned
15157,1091,9,2025-09-26 18:01:17,mobile,cancelled
15158,965,5,2025-06-26 16:10:19,web,returned
15159,1033,1,2025-06-16 16:08:59,web,complete
15160,382,36,2025-03-15 21:12:37,phone,returned
15161,1144,12,2025-05-21 07:22:49,phone,complete
15162,1410,13,2025-06-16 12:24:38,store,complete
15163,1030,39,2025-09-08 17:32:02,store,returned
15164,1209,19,2025-07-04 20:14:56,mobile,complete
15165,1108,13,2025-04-08 10:15:20,web,complete
15166,338,32,2025-11-11 22:16:03,phone,complete
15167,343,30,2025-06-16 02:10:53,mobile,complete
15168,1256,21,2025-04-20 03:48:21,phone,complete
15169,604,12,2025-01-30 01:20:41,mobile,complete
15170,870,37,2025-05-03 06:32:35,phone,cancelled
15171,1058,37,2025-01-05 15:49:39,web,cancelled
15172,1005,33,2025-02-04 00:28:50,store,cancelled
15173,489,8,2025-01-23 15:51:11,store,complete
15174,1367,7,2025-06-30 11:35:37,web,returned
15175,950,15,2025-08-15 14:14:56,mobile,returned
15176,1361,9,2025-07-30 11:40:04,phone,cancelled
15177,642,24,2025-11-27 07:30:54,mobile,complete
15178,193,40,2025-07-30 18:17:18,web,complete
15179,1068,19,2025-01-31 05:43:57,web,complete
15180,691,20,2025-02-21 03:10:31,web,complete
15181,21,7,2025-09-01 16:00:52,phone,complete
15182,1201,28,2025-03-31 07:23:21,phone,complete
15183,279,1,2025-11-15 13:19:49,store,cancelled
15184,440,34,2025-01-05 14:13:06,web,complete
15185,1346,20,2025-12-08 23:04:05,mobile,returned
15186,1026,14,2025-05-01 07:48:07,web,cancelled
15187,1138,38,2025-08-21 06:27:24,mobile,cancelled
15188,1366,8,2025-04-23 17:16:56,store,complete
15189,783,5,2025-05-10 00:17:10,store,returned
15190,395,35,2025-04-01 21:47:05,mobile,complete
15191,1214,34,2025-11-14 20:35:36,web,complete
15192,331,26,2025-05-26 15:16:17,web,complete
15193,224,7,2025-05-12 14:28:50,phone,cancelled
15194,1090,18,2025-05-14 16:57:25,store,complete
15195,847,28,2025-01-24 08:30:57,mobile,complete
15196,1267,32,2025-02-27 06:46:47,mobile,cancelled
15197,780,35,2025-11-28 17:25:24,mobile,complete
15198,346,16,2025-11-05 05:11:43,phone,returned
15199,267,17,2025-06-17 14:32:15,web,cancelled
15200,436,18,2025-12-24 14:02:33,web,complete
15201,597,16,2025-06-16 14:27:12,web,complete
15202,325,7,2025-05-01 16:18:16,store,complete
15203,843,33,2025-03-21 19:12:24,phone,complete
15204,137,19,2025-04-15 00:22:43,phone,cancelled
15205,1100,17,2025-02-21 13:05:07,phone,returned
15206,460,13,2025-02-16 20:10:02,phone,complete
15207,584,39,2025-10-26 23:24:52,phone,complete
15208,629,26,2025-12-24 21:24:21,store,cancelled
15209,1499,24,2025-12-01 13:01:12,mobile,complete
15210,899,11,2025-05-16 00:25:29,phone,cancelled
15211,333,10,2025-05-31 07:41:56,web,complete
15212,1210,21,2025-10-15 07:24:26,store,cancelled
15213,1135,39,2025-05-12 13:29:43,phone,complete
15214,1208,1,2025-08-08 19:01:44,web,complete
15215,375,37,2025-09-28 15:32:16,mobile,complete
15216,802,8,2025-10-11 00:14:29,phone,cancelled
15217,660,2,2025-06-26 16:15:48,phone,returned
15218,816,22,2025-08-20 06:08:51,phone,complete
15219,1408,15,2025-06-09 06:21:06,web,complete
15220,653,26,2025-10-24 04:28:33,phone,returned
15221,365,4,2025-12-14 11:25:43,web,complete
15222,1129,12,2025-12-04 17:09:47,phone,cancelled
15223,500,38,2025-07-29 08:21:25,web,complete
15224,268,33,2025-04-19 16:20:50,phone,cancelled
15225,567,39,2025-04-27 09:03:01,phone,complete
15226,845,26,2025-04-07 11:50:15,phone,returned
15227,821,11,2025-03-18 16:45:01,store,complete
15228,625,29,2025-10-05 10:06:17,phone,cancelled
15229,402,6,2025-03-18 20:34:00,mobile,complete
15230,874,8,2025-03-18 06:26:09,mobile,complete
15231,784,23,2025-03-22 19:36:14,phone,cancelled
15232,171,21,2025-11-27 08:38:33,store,complete
15233,552,24,2025-07-04 12:48:34,web,cancelled
15234,59,3,2025-06-16 19:52:37,web,complete
15235,249,33,2025-03-25 08:50:49,mobile,cancelled
15236,626,12,2025-11-26 05:33:57,store,returned
15237,396,18,2025-06-19 01:41:14,web,complete
15238,83,40,2025-01-27 05:56:33,mobile,cancelled
15239,773,29,2025-10-07 01:34:57,phone,returned
15240,1291,21,2025-02-11 14:36:08,store,complete
15241,588,31,2025-12-03 06:01:08,store,returned
15242,834,16,2025-03-27 12:36:08,web,complete
15243,1,7,2025-03-12 17:05:21,web,cancelled
15244,1144,17,2025-06-25 21:37:36,store,returned
15245,1391,24,2025-03-12 02:02:59,store,complete
15246,1142,8,2025-03-06 03:09:48,web,complete
15247,1142,12,2025-03-03 06:51:55,phone,complete
15248,158,18,2025-01-03 07:08:48,web,complete
15249,1003,10,2025-01-04 16:59:45,phone,cancelled
15250,1442,1,2025-02-23 23:43:12,phone,complete
15251,650,18,2025-05-01 00:41:05,store,complete
15252,953,9,2025-12-23 23:19:19,store,complete
15253,730,12,2025-07-28 16:33:47,phone,complete
15254,324,39,2025-01-28 17:51:29,phone,returned
15255,770,27,2025-07-20 09:46:14,web,cancelled
15256,650,11,2025-04-28 15:39:54,mobile,cancelled
15257,1399,37,2025-07-21 14:28:33,phone,returned
15258,905,1,2025-06-30 07:06:23,mobile,complete
15259,738,15,2025-09-02 02:32:28,mobile,complete
15260,1176,1,2025-01-07 03:00:51,phone,complete
15261,42,16,2025-05-14 02:39:47,store,returned
15262,266,11,2025-08-19 11:43:58,web,complete
15263,22,25,2025-02-15 20:22:56,mobile,returned
15264,949,18,2025-10-17 16:25:59,mobile,cancelled
15265,119,31,2025-05-30 04:03:20,phone,complete
15266,271,2,2025-08-24 08:27:06,store,cancelled
15267,1292,36,2025-06-27 18:47:37,web,complete
15268,389,9,2025-02-24 08:43:30,store,complete
15269,1081,17,2025-02-08 03:35:24,phone,returned
15270,82,15,2025-05-24 14:18:29,mobile,complete
15271,1358,9,2025-05-26 21:04:32,web,complete
15272,479,35,2025-07-13 12:09:20,store,returned
15273,441,30,2025-07-24 10:43:53,phone,complete
15274,956,39,2025-09-11 01:55:50,mobile,complete
15275,214,40,2025-09-20 22:58:16,mobile,complete
15276,742,6,2025-06-22 08:55:15,mobile,complete
15277,97,23,2025-09-27 06:57:23,phone,complete
15278,897,4,2025-10-03 11:03:00,mobile,complete
15279,177,4,2025-10-08 13:18:49,web,complete
15280,401,34,2025-05-17 23:20:11,mobile,complete
15281,205,10,2025-05-26 09:55:04,store,returned
15282,1283,8,2025-01-07 04:15:02,store,complete
15283,945,14,2025-06-14 06:41:57,mobile,complete
15284,1454,11,2025-08-16 07:11:12,store,complete
15285,1193,31,2025-11-21 05:25:41,phone,complete
15286,998,26,2025-04-02 13:02:43,web,cancelled
15287,288,22,2025-11-23 22:44:44,web,complete
15288,1329,13,2025-01-31 15:54:10,phone,complete
15289,1475,4,2025-01-09 19:22:18,web,complete
15290,831,22,2025-06-18 08:05:23,phone,cancelled
15291,560,25,2025-02-10 15:57:37,store,cancelled
15292,137,36,2025-10-07 04:43:02,phone,complete
15293,12,6,2025-08-14 11:20:50,phone,complete
15294,397,14,2025-02-21 08:55:26,web,cancelled
15295,1239,28,2025-01-14 02:36:21,mobile,complete
15296,1121,15,2025-12-07 09:28:57,store,cancelled
15297,424,13,2025-02-05 05:42:39,phone,complete
15298,358,20,2025-08-02 00:57:08,mobile,complete
15299,970,29,2025-07-30 21:29:17,mobile,complete
15300,472,34,2025-09-28 07:17:20,mobile,returned
15301,511,37,2025-10-08 01:25:58,web,returned
15302,361,27,2025-09-03 21:23:11,web,returned
15303,288,8,2025-02-11 22:20:27,web,cancelled
15304,794,26,2025-12-01 03:49:05,mobile,complete
15305,530,30,2025-09-01 19:56:59,mobile,complete
15306,728,16,2025-01-05 08:45:20,phone,returned
15307,286,22,2025-07-02 12:46:55,store,cancelled
15308,1110,9,2025-07-17 19:07:41,phone,cancelled
15309,674,31,2025-11-01 13:34:47,phone,complete
15310,250,21,2025-11-18 07:59:07,store,complete
15311,1386,36,2025-02-20 02:45:13,phone,complete
15312,615,23,2025-09-11 14:08:50,mobile,cancelled
15313,140,29,2025-01-02 03:17:05,phone,complete
15314,845,13,2025-03-27 13:05:58,mobile,returned
15315,146,13,2025-03-21 11:22:43,mobile,complete
15316,854,39,2025-05-16 14:13:12,store,cancelled
15317,453,15,2025-05-09 02:04:33,store,cancelled
15318,1190,10,2025-12-09 14:21:55,phone,complete
15319,1307,29,2025-10-19 07:30:10,web,returned
15320,178,16,2025-11-24 11:19:19,phone,returned
15321,929,23,2025-10-01 20:42:26,web,complete
15322,687,17,2025-10-02 16:27:41,mobile,complete
15323,503,5,2025-12-17 03:57:19,phone,returned
15324,948,24,2025-04-26 05:30:13,phone,cancelled
15325,1329,26,2025-08-31 22:40:38,web,cancelled
15326,1118,39,2025-09-25 15:39:43,store,complete
15327,1208,21,2025-09-13 21:34:43,web,returned
15328,964,17,2025-03-18 00:48:17,phone,complete
15329,1289,12,2025-04-11 23:43:45,phone,complete
15330,691,28,2025-05-02 05:56:58,phone,complete
15331,583,34,2025-07-20 15:52:10,store,complete
15332,1429,17,2025-11-29 23:18:19,phone,complete
15333,442,27,2025-05-19 22:40:08,mobile,complete
15334,996,7,2025-11-23 19:16:21,store,complete
15335,1150,4,2025-06-14 02:28:54,mobile,complete
15336,1121,32,2025-10-21 08:45:01,phone,complete
15337,1336,26,2025-04-24 22:16:25,phone,cancelled
15338,1477,6,2025-09-29 01:58:29,web,returned
15339,702,5,2025-05-13 22:33:10,web,complete
15340,1333,33,2025-12-20 17:58:06,mobile,complete
15341,84,38,2025-01-15 03:36:14,web,cancelled
15342,996,15,2025-05-31 19:19:10,phone,returned
15343,812,19,2025-08-21 00:01:39,store,cancelled
15344,976,2,2025-01-11 15:16:21,web,complete
15345,371,39,2025-12-29 06:33:20,phone,cancelled
15346,845,22,2025-07-15 19:05:47,mobile,complete
15347,1021,17,2025-04-11 18:06:33,web,complete
15348,1075,37,2025-05-26 14:36:48,web,complete
15349,723,21,2025-10-21 08:25:06,store,cancelled
15350,442,39,2025-07-01 18:00:27,store,complete
15351,1118,25,2025-12-05 16:30:18,store,returned
15352,1176,21,2025-05-22 01:05:28,store,complete
15353,169,18,2025-04-21 13:57:51,phone,complete
15354,1374,2,2025-10-14 21:47:04,store,complete
15355,289,4,2025-07-14 11:45:24,mobile,cancelled
15356,1370,31,2025-02-25 14:06:13,phone,complete
15357,143,40,2025-05-13 16:17:32,store,complete
15358,1422,14,2025-12-17 08:55:26,phone,complete
15359,687,3,2025-07-09 15:46:18,phone,complete
15360,1241,28,2025-01-09 10:55:30,phone,returned
15361,392,13,2025-02-22 13:58:04,web,cancelled
15362,132,5,2025-09-21 03:33:04,phone,complete
15363,554,5,2025-09-27 09:55:16,mobile,cancelled
15364,1254,7,2025-04-30 21:57:39,mobile,returned
15365,576,1,2025-01-16 20:56:20,web,complete
15366,47,20,2025-10-10 22:17:31,store,cancelled
15367,14,7,2025-12-15 10:30:01,store,complete
15368,1473,15,2025-11-03 10:34:17,mobile,cancelled
15369,1120,28,2025-09-20 05:24:20,web,complete
15370,309,22,2025-12-30 10:12:55,store,complete
15371,494,39,2025-07-24 02:43:39,web,complete
15372,1496,35,2025-01-17 18:04:40,mobile,complete
15373,1035,39,2025-03-03 22:54:06,store,complete
15374,1009,38,2025-12-25 20:11:50,web,complete
15375,1167,32,2025-04-21 20:51:27,store,complete
15376,619,37,2025-05-05 20:50:52,mobile,cancelled
15377,1452,35,2025-10-19 23:12:37,web,complete
15378,878,31,2025-01-10 02:08:32,store,complete
15379,1237,20,2025-11-04 01:34:32,store,complete
15380,637,29,2025-03-19 19:34:38,store,returned
15381,515,18,2025-02-15 22:32:51,mobile,complete
15382,459,15,2025-12-24 13:53:14,mobile,cancelled
15383,1403,22,2025-11-12 02:42:55,store,cancelled
15384,101,12,2025-05-17 06:50:35,mobile,returned
15385,726,14,2025-09-04 21:05:42,mobile,returned
15386,1240,14,2025-08-26 23:45:59,web,cancelled
15387,563,11,2025-07-29 06:13:46,phone,returned
15388,1204,18,2025-08-15 23:19:12,web,complete
15389,586,9,2025-09-06 15:40:21,mobile,complete
15390,1126,40,2025-07-18 01:01:01,mobile,cancelled
15391,1092,16,2025-10-29 16:29:48,store,complete
15392,1302,2,2025-10-14 07:39:55,store,complete
15393,723,31,2025-07-26 19:34:24,mobile,returned
15394,448,20,2025-10-16 12:06:14,phone,complete
15395,60,26,2025-04-25 02:42:27,phone,complete
15396,626,7,2025-02-09 01:46:15,web,complete
15397,914,1,2025-02-24 00:34:29,store,complete
15398,421,14,2025-05-22 13:42:29,web,complete
15399,577,5,2025-11-17 03:43:33,store,complete
15400,753,23,2025-02-20 05:33:14,phone,complete
15401,1307,7,2025-10-11 03:00:14,phone,cancelled
15402,1481,2,2025-09-24 18:13:03,store,complete
15403,360,20,2025-02-21 21:08:07,phone,cancelled
15404,904,31,2025-12-23 17:23:51,web,complete
15405,105,16,2025-02-08 14:36:07,mobile,complete
15406,131,27,2025-11-07 08:45:33,web,returned
15407,1484,32,2025-04-18 02:19:39,mobile,complete
15408,276,30,2025-04-08 11:30:26,phone,complete
15409,601,38,2025-10-26 02:02:38,mobile,complete
15410,714,14,2025-04-28 12:20:50,mobile,returned
15411,139,2,2025-06-17 14:53:21,web,returned
15412,1370,22,2025-01-15 18:57:57,mobile,cancelled
15413,742,37,2025-12-07 01:04:58,phone,cancelled
15414,499,27,2025-03-10 09:32:57,phone,complete
15415,273,20,2025-12-12 09:42:06,store,complete
15416,695,39,2025-03-05 14:12:05,mobile,complete
15417,348,28,2025-12-19 01:11:44,store,cancelled
15418,54,29,2025-05-30 16:00:50,web,complete
15419,588,27,2025-02-19 02:41:45,phone,complete
15420,246,8,2025-12-24 11:48:51,phone,complete
15421,1426,14,2025-08-30 01:51:10,store,complete
15422,215,15,2025-04-01 18:54:21,mobile,complete
15423,774,18,2025-04-14 10:52:52,phone,complete
15424,410,5,2025-04-26 07:24:25,store,complete
15425,1221,22,2025-12-01 01:12:46,phone,cancelled
15426,322,27,2025-01-04 15:49:43,mobile,complete
15427,266,25,2025-06-13 06:21:54,mobile,complete
15428,793,37,2025-03-19 19:05:04,web,complete
15429,1241,6,2025-04-13 03:16:54,store,complete
15430,651,20,2025-08-02 03:29:56,phone,complete
15431,1434,33,2025-04-26 05:12:21,store,complete
15432,439,33,2025-02-27 07:58:51,phone,cancelled
15433,20,1,2025-04-29 19:28:57,mobile,cancelled
15434,215,18,2025-02-27 22:12:34,mobile,complete
15435,881,34,2025-03-20 20:06:00,web,complete
15436,992,12,2025-10-21 22:50:37,store,returned
15437,637,20,2025-08-03 12:36:46,phone,complete
15438,1199,29,2025-02-22 15:56:44,web,complete
15439,844,6,2025-07-28 23:19:15,phone,returned
15440,123,13,2025-01-04 10:05:58,mobile,returned
15441,841,38,2025-02-06 05:18:48,store,cancelled
15442,1313,25,2025-04-28 12:28:52,mobile,complete
15443,644,1,2025-01-30 21:02:31,phone,complete
15444,407,39,2025-04-08 08:33:03,phone,returned
15445,390,9,2025-07-11 22:05:53,store,returned
15446,1111,22,2025-08-16 12:00:59,web,complete
15447,660,13,2025-02-25 19:06:05,store,cancelled
15448,1047,19,2025-12-14 19:35:46,web,complete
15449,1017,39,2025-01-05 11:35:09,web,complete
15450,133,18,2025-11-07 00:12:12,mobile,complete
15451,1219,39,2025-11-13 01:11:09,store,complete
15452,1425,5,2025-05-04 17:19:27,store,cancelled
15453,126,11,2025-12-13 12:59:18,web,complete
15454,737,4,2025-09-01 01:21:20,store,complete
15455,629,31,2025-06-13 12:41:53,phone,complete
15456,497,25,2025-11-15 04:00:31,web,returned
15457,116,35,2025-01-25 20:17:53,phone,complete
15458,1306,10,2025-04-11 13:39:19,phone,complete
15459,178,35,2025-05-02 13:20:07,phone,complete
15460,608,20,2025-11-03 11:14:07,mobile,returned
15461,964,36,2025-07-12 21:23:15,store,complete
15462,784,23,2025-10-31 11:34:18,phone,complete
15463,1339,8,2025-03-09 17:53:02,store,complete
15464,533,22,2025-03-11 23:30:19,web,complete
15465,1445,34,2025-07-21 03:23:31,phone,complete
15466,363,19,2025-09-03 16:17:48,mobile,complete
15467,793,13,2025-01-31 04:59:52,mobile,returned
15468,1386,4,2025-03-31 22:28:21,web,returned
15469,1284,11,2025-07-12 14:11:57,store,cancelled
15470,1395,36,2025-05-25 20:37:35,mobile,complete
15471,397,15,2025-12-25 12:25:23,web,returned
15472,1224,32,2025-10-07 07:20:02,mobile,complete
15473,1115,6,2025-07-08 12:17:38,web,complete
15474,321,4,2025-09-17 11:31:32,mobile,complete
15475,452,31,2025-06-05 09:23:16,web,complete
15476,707,31,2025-01-01 00:31:15,web,complete
15477,121,10,2025-07-23 16:02:38,web,returned
15478,1002,19,2025-01-06 01:01:54,web,returned
15479,131,34,2025-01-19 00:02:26,phone,complete
15480,125,12,2025-03-12 11:30:52,phone,returned
15481,346,15,2025-03-24 16:14:00,web,complete
15482,1245,37,2025-09-20 22:18:39,store,returned
15483,391,18,2025-05-30 11:19:31,store,returned
15484,1204,11,2025-05-28 13:18:03,store,returned
15485,13,29,2025-08-02 11:46:29,web,complete
15486,1444,8,2025-05-13 13:08:13,web,complete
15487,209,3,2025-06-15 02:12:02,mobile,returned
15488,164,40,2025-09-09 19:51:26,phone,complete
15489,454,4,2025-01-23 08:01:14,web,complete
15490,1492,11,2025-07-14 07:57:23,web,cancelled
15491,962,28,2025-06-23 13:57:40,phone,complete
15492,42,31,2025-08-05 04:28:04,web,complete
15493,1060,3,2025-08-18 16:00:19,store,complete
15494,156,11,2025-12-29 15:34:53,web,returned
15495,805,9,2025-07-04 20:51:57,phone,cancelled
15496,1231,34,2025-09-19 11:54:52,mobile,complete
15497,1114,40,2025-05-14 12:36:32,store,returned
15498,543,22,2025-12-02 05:30:32,store,complete
15499,1032,8,2025-04-18 12:49:58,web,complete
15500,1033,39,2025-02-15 17:40:55,phone,complete
15501,803,30,2025-03-03 01:20:10,mobile,complete
15502,182,25,2025-02-13 11:12:41,phone,complete
15503,1162,32,2025-12-24 05:28:40,mobile,complete
15504,1060,36,2025-08-20 13:13:10,mobile,cancelled
15505,863,20,2025-03-10 01:53:00,phone,cancelled
15506,460,18,2025-01-05 13:33:51,mobile,complete
15507,1388,7,2025-06-12 03:44:56,store,complete
15508,1249,19,2025-09-25 10:41:16,mobile,complete
15509,927,16,2025-09-26 04:56:20,phone,complete
15510,1357,18,2025-06-06 17:05:05,store,complete
15511,906,39,2025-12-14 21:41:31,mobile,complete
15512,62,18,2025-01-15 14:28:17,mobile,cancelled
15513,637,26,2025-09-09 04:51:16,store,cancelled
15514,140,35,2025-12-23 09:46:59,web,returned
15515,444,21,2025-02-23 05:40:20,phone,complete
15516,323,29,2025-03-23 19:26:09,phone,complete
15517,616,37,2025-04-12 20:41:57,mobile,complete
15518,1148,40,2025-01-07 21:35:28,phone,complete
15519,1011,22,2025-06-07 08:00:55,store,cancelled
15520,1463,38,2025-08-02 06:37:42,mobile,returned
15521,1258,19,2025-03-01 10:33:27,phone,cancelled
15522,1143,38,2025-03-20 18:26:02,store,cancelled
15523,1418,35,2025-04-23 01:42:48,store,complete
15524,517,37,2025-07-16 19:22:49,phone,complete
15525,1147,37,2025-07-07 02:08:59,mobile,complete
15526,76,35,2025-03-18 06:54:10,store,returned
15527,1008,35,2025-03-15 14:14:11,mobile,complete
15528,793,5,2025-01-07 23:54:23,mobile,cancelled
15529,1183,40,2025-05-19 18:01:38,phone,complete
15530,355,12,2025-06-21 19:39:50,store,complete
15531,941,20,2025-06-27 09:35:30,store,complete
15532,1226,13,2025-08-01 17:30:37,phone,cancelled
15533,1270,3,2025-03-11 09:25:47,store,complete
15534,298,16,2025-03-30 08:34:20,phone,complete
15535,1201,16,2025-02-12 02:33:53,web,cancelled
15536,285,21,2025-05-31 00:02:11,web,cancelled
15537,1025,12,2025-04-24 04:19:54,store,returned
15538,1084,38,2025-07-21 07:08:50,web,complete
15539,418,31,2025-05-23 10:42:47,mobile,cancelled
15540,1001,33,2025-10-11 23:14:00,store,cancelled
15541,1230,1,2025-05-21 09:17:35,store,cancelled
15542,1297,39,2025-10-28 10:17:43,mobile,complete
15543,801,16,2025-10-01 10:01:37,web,cancelled
15544,1158,27,2025-12-02 19:50:50,store,cancelled
15545,417,7,2025-10-06 14:08:57,web,returned
15546,1450,40,2025-08-01 07:57:16,phone,cancelled
15547,1353,33,2025-03-20 05:10:26,web,cancelled
15548,1182,6,2025-02-11 23:40:44,store,complete
15549,1360,26,2025-10-07 20:17:43,store,cancelled
15550,947,23,2025-09-16 11:16:33,web,complete
15551,52,34,2025-04-30 07:15:25,mobile,complete
15552,137,1,2025-03-26 18:22:39,store,complete
15553,377,2,2025-01-08 22:02:34,phone,complete
15554,1249,18,2025-11-01 17:17:12,web,complete
15555,892,37,2025-10-26 13:43:15,web,complete
15556,1424,4,2025-09-08 20:01:42,store,complete
15557,1404,10,2025-01-24 21:25:29,phone,complete
15558,417,39,2025-03-15 23:34:00,web,returned
15559,1382,21,2025-03-21 11:03:51,mobile,cancelled
15560,45,29,2025-04-14 11:42:53,mobile,complete
15561,1408,39,2025-07-28 10:56:02,phone,returned
15562,1352,38,2025-05-06 00:48:47,store,complete
15563,146,15,2025-11-04 10:01:07,web,cancelled
15564,689,29,2025-04-25 19:23:21,phone,returned
15565,1184,22,2025-02-08 03:04:40,phone,returned
15566,1266,21,2025-08-16 20:51:22,store,returned
15567,1334,1,2025-07-13 03:55:40,phone,cancelled
15568,1458,24,2025-02-06 14:41:28,phone,complete
15569,1126,29,2025-11-11 08:54:13,web,cancelled
15570,384,27,2025-05-12 07:18:40,mobile,returned
15571,322,39,2025-04-29 05:47:30,phone,cancelled
15572,98,21,2025-07-07 08:39:10,mobile,complete
15573,648,3,2025-07-21 15:58:06,web,complete
15574,160,19,2025-07-08 00:23:13,mobile,returned
15575,902,2,2025-07-13 14:52:15,web,cancelled
15576,1496,19,2025-12-19 07:40:49,web,complete
15577,1095,13,2025-08-25 12:14:52,phone,complete
15578,808,29,2025-11-08 10:43:29,web,returned
15579,399,24,2025-12-18 19:31:14,store,complete
15580,636,6,2025-09-06 05:46:14,mobile,complete
15581,1363,20,2025-09-16 10:07:31,phone,complete
15582,1060,18,2025-02-10 20:29:33,web,returned
15583,1377,28,2025-01-10 05:49:33,web,cancelled
15584,890,20,2025-07-13 03:55:26,phone,returned
15585,613,37,2025-03-25 00:50:10,mobile,complete
15586,721,29,2025-12-31 14:46:33,mobile,complete
15587,1255,11,2025-12-30 12:05:42,store,returned
15588,229,32,2025-08-05 12:34:44,store,complete
15589,638,32,2025-06-04 00:06:35,phone,complete
15590,423,10,2025-03-07 09:14:27,phone,complete
15591,557,27,2025-07-10 07:33:22,phone,complete
15592,957,31,2025-02-09 12:51:54,store,cancelled
15593,1075,4,2025-09-10 13:14:38,phone,complete
15594,1102,39,2025-07-23 23:23:21,phone,cancelled
15595,808,25,2025-06-24 10:59:23,mobile,complete
15596,704,33,2025-05-26 22:49:04,phone,complete
15597,190,24,2025-11-02 16:09:07,store,cancelled
15598,1411,4,2025-02-11 13:07:35,phone,complete
15599,836,9,2025-04-12 13:16:08,mobile,complete
15600,1348,1,2025-03-16 04:18:56,web,cancelled
15601,1035,30,2025-10-28 18:22:51,phone,complete
15602,225,21,2025-07-03 04:44:35,phone,cancelled
15603,859,2,2025-12-10 06:50:42,web,complete
15604,367,38,2025-04-14 13:09:51,store,complete
15605,1192,22,2025-07-25 13:24:11,mobile,complete
15606,275,9,2025-08-09 16:12:07,mobile,complete
15607,767,11,2025-08-12 15:23:49,web,complete
15608,699,39,2025-04-21 05:20:11,phone,complete
15609,94,4,2025-02-24 15:04:24,web,complete
15610,749,3,2025-02-04 21:55:23,store,cancelled
15611,84,34,2025-11-01 11:58:36,phone,complete
15612,72,40,2025-04-01 00:10:46,mobile,complete
15613,1233,37,2025-06-01 03:27:37,phone,returned
15614,370,20,2025-05-25 21:46:07,store,complete
15615,1278,1,2025-05-28 23:11:58,store,cancelled
15616,533,33,2025-06-04 21:48:06,phone,complete
15617,374,15,2025-05-25 12:55:02,store,complete
15618,1482,5,2025-07-31 01:10:16,mobile,complete
15619,1267,35,2025-11-22 13:44:09,store,cancelled
15620,1487,24,2025-01-18 07:22:43,web,cancelled
15621,1406,38,2025-07-23 17:12:19,web,complete
15622,1370,39,2025-05-31 15:40:40,phone,returned
15623,94,23,2025-05-15 12:03:52,mobile,complete
15624,406,34,2025-09-23 05:35:49,mobile,returned
15625,1381,29,2025-01-02 11:50:24,phone,complete
15626,1224,31,2025-05-27 01:52:38,web,complete
15627,626,36,2025-04-19 00:04:40,mobile,complete
15628,1173,34,2025-09-09 18:59:59,store,returned
15629,1306,16,2025-11-04 07:55:25,web,complete
15630,1450,20,2025-05-22 10:37:16,web,complete
15631,340,9,2025-09-18 20:15:35,mobile,complete
15632,245,32,2025-04-15 14:06:52,phone,cancelled
15633,817,2,2025-07-17 12:51:56,phone,cancelled
15634,400,36,2025-06-19 21:34:49,phone,returned
15635,1271,9,2025-06-03 03:15:39,store,returned
15636,1056,31,2025-08-14 11:31:27,mobile,cancelled
15637,996,13,2025-06-28 03:44:21,web,complete
15638,1083,36,2025-01-20 03:08:06,web,complete
15639,1280,3,2025-12-27 09:40:58,web,complete
15640,1013,35,2025-06-10 01:45:19,web,complete
15641,224,19,2025-09-04 00:10:26,store,complete
15642,421,2,2025-02-11 12:24:12,store,returned
15643,1335,18,2025-08-01 20:46:14,web,complete
15644,1377,14,2025-11-07 00:10:35,web,returned
15645,775,5,2025-11-09 09:11:24,web,complete
15646,1322,14,2025-11-30 15:38:33,store,complete
15647,950,18,2025-06-10 18:36:22,mobile,complete
15648,1491,8,2025-01-23 05:10:15,store,complete
15649,1477,37,2025-02-02 15:26:06,mobile,complete
15650,958,12,2025-04-10 12:28:40,web,returned
15651,267,29,2025-07-20 13:04:33,web,complete
15652,309,38,2025-12-20 11:05:51,mobile,complete
15653,401,11,2025-06-01 04:21:09,phone,complete
15654,989,33,2025-02-28 04:50:37,mobile,complete
15655,431,32,2025-08-04 14:20:09,web,complete
15656,144,30,2025-01-04 18:11:27,web,complete
15657,1027,14,2025-07-12 20:55:36,mobile,complete
15658,1281,28,2025-04-14 10:58:54,mobile,complete
15659,1381,25,2025-11-13 02:06:24,web,complete
15660,1021,33,2025-02-26 17:56:29,phone,returned
15661,535,3,2025-02-15 09:42:22,mobile,complete
15662,770,18,2025-01-06 01:51:03,web,cancelled
15663,723,21,2025-05-04 05:18:47,store,returned
15664,85,16,2025-02-05 00:38:50,phone,cancelled
15665,1071,8,2025-09-14 03:31:44,web,cancelled
15666,236,39,2025-03-08 10:06:05,phone,complete
15667,328,19,2025-09-02 11:27:21,web,cancelled
15668,313,17,2025-04-30 00:41:43,mobile,complete
15669,1148,31,2025-06-27 01:13:12,mobile,returned
15670,1028,9,2025-04-09 14:00:34,store,complete
15671,775,19,2025-03-11 10:18:17,mobile,complete
15672,1234,6,2025-04-25 09:17:05,store,complete
15673,1266,11,2025-10-11 08:26:50,web,complete
15674,576,10,2025-03-28 22:08:49,store,cancelled
15675,1005,37,2025-01-17 14:01:34,web,complete
15676,892,6,2025-01-22 22:15:30,mobile,cancelled
15677,1120,10,2025-10-17 21:55:34,store,complete
15678,275,19,2025-12-17 04:16:12,web,cancelled
15679,120,23,2025-03-26 05:53:14,store,cancelled
15680,47,16,2025-04-27 20:23:37,mobile,returned
15681,861,10,2025-05-21 17:41:56,mobile,returned
15682,21,20,2025-07-12 20:01:01,store,returned
15683,250,17,2025-10-09 22:37:52,store,returned
15684,877,21,2025-06-19 22:51:12,phone,complete
15685,73,7,2025-07-02 08:41:33,phone,cancelled
15686,1293,1,2025-03-12 10:16:36,web,complete
15687,1313,28,2025-12-07 01:46:45,phone,complete
15688,140,2,2025-01-04 13:31:40,mobile,returned
15689,1481,28,2025-06-06 21:47:17,web,complete
15690,992,4,2025-04-21 10:25:22,web,cancelled
15691,585,19,2025-12-14 07:23:06,store,cancelled
15692,547,9,2025-02-13 11:00:53,store,complete
15693,474,23,2025-06-30 00:04:20,web,returned
15694,885,12,2025-04-27 15:49:43,phone,complete
15695,1164,12,2025-08-15 07:39:11,phone,complete
15696,1028,39,2025-12-24 20:55:10,store,returned
15697,68,37,2025-08-25 23:03:02,web,cancelled
15698,749,27,2025-03-20 07:16:34,store,cancelled
15699,1120,8,2025-09-25 17:35:39,store,complete
15700,1216,14,2025-04-09 04:29:44,store,complete
15701,1249,31,2025-01-18 23:25:33,store,cancelled
15702,1123,20,2025-07-07 16:07:27,store,returned
15703,623,9,2025-06-08 01:37:57,phone,complete
15704,120,34,2025-03-21 03:57:03,phone,complete
15705,1140,32,2025-01-03 23:33:34,mobile,cancelled
15706,1128,12,2025-01-02 08:08:27,phone,complete
15707,532,1,2025-03-31 13:18:11,web,complete
15708,1026,30,2025-06-19 00:04:08,phone,cancelled
15709,1142,20,2025-05-20 12:32:59,mobile,complete
15710,1022,35,2025-08-23 07:30:16,web,complete
15711,776,11,2025-09-13 17:04:42,store,complete
15712,1269,29,2025-08-29 01:19:49,phone,complete
15713,1009,1,2025-07-21 05:18:34,mobile,complete
15714,15,24,2025-01-25 04:59:42,phone,cancelled
15715,906,2,2025-02-14 09:02:44,mobile,returned
15716,1201,33,2025-07-12 18:29:08,store,complete
15717,300,40,2025-06-30 23:15:00,phone,complete
15718,1011,30,2025-06-08 19:15:52,web,returned
15719,1028,36,2025-01-20 00:25:23,store,complete
15720,1055,5,2025-11-30 23:49:54,store,complete
15721,88,17,2025-09-11 11:57:00,store,cancelled
15722,343,14,2025-07-04 14:12:39,phone,complete
15723,595,9,2025-06-24 13:20:32,web,complete
15724,1234,21,2025-09-21 22:53:14,mobile,returned
15725,279,24,2025-04-28 01:41:42,mobile,returned
15726,990,31,2025-03-08 00:07:24,web,complete
15727,512,22,2025-01-09 08:42:50,web,cancelled
15728,469,40,2025-10-30 02:51:02,store,returned
15729,420,34,2025-09-20 05:51:56,phone,returned
15730,1353,7,2025-08-29 05:07:39,mobile,cancelled
15731,1314,34,2025-11-17 01:30:47,store,complete
15732,207,38,2025-06-17 09:54:44,store,complete
15733,828,18,2025-09-11 07:32:53,store,complete
15734,169,3,2025-06-19 03:57:52,phone,complete
15735,994,24,2025-12-26 10:05:35,mobile,complete
15736,448,11,2025-10-19 10:12:15,mobile,cancelled
15737,1041,28,2025-04-26 06:15:11,store,complete
15738,468,16,2025-01-20 07:48:39,phone,complete
15739,982,18,2025-11-04 00:14:58,phone,complete
15740,777,28,2025-07-25 11:57:08,store,cancelled
15741,775,29,2025-06-02 15:05:54,store,complete
15742,1266,37,2025-01-11 11:25:37,store,cancelled
15743,357,11,2025-06-09 10:27:53,phone,complete
15744,1345,34,2025-10-03 01:26:46,store,returned
15745,898,32,2025-12-26 12:22:49,store,cancelled
15746,1093,6,2025-04-24 14:17:34,web,returned
15747,55,24,2025-10-08 07:18:56,web,returned
15748,1062,5,2025-01-19 18:37:04,web,complete
15749,1482,12,2025-06-12 12:21:55,web,cancelled
15750,1357,17,2025-12-28 12:37:33,phone,complete
15751,876,39,2025-10-20 03:51:25,phone,complete
15752,657,4,2025-03-16 05:28:51,mobile,complete
15753,1045,28,2025-08-12 12:34:30,phone,cancelled
15754,506,9,2025-08-01 23:10:33,mobile,returned
15755,846,1,2025-12-31 23:23:09,phone,complete
15756,941,31,2025-01-15 02:33:07,mobile,cancelled
15757,940,22,2025-02-16 01:46:56,store,complete
15758,198,29,2025-05-20 02:31:45,store,complete
15759,1289,37,2025-01-16 06:55:50,web,cancelled
15760,245,3,2025-10-12 05:40:54,store,complete
15761,539,2,2025-09-28 09:01:51,phone,complete
15762,524,5,2025-12-04 15:58:29,store,returned
15763,1317,21,2025-08-28 19:27:07,mobile,complete
15764,1162,33,2025-08-03 03:19:10,web,complete
15765,1006,38,2025-06-17 10:35:57,mobile,complete
15766,193,40,2025-10-24 22:58:52,store,complete
15767,1335,37,2025-02-10 17:36:24,phone,returned
15768,474,15,2025-11-02 09:42:38,web,complete
15769,36,38,2025-09-05 01:44:22,phone,complete
15770,777,31,2025-02-05 14:46:16,web,returned
15771,1278,18,2025-10-26 02:50:36,mobile,returned
15772,1342,31,2025-03-26 11:33:41,store,complete
15773,1097,30,2025-04-23 19:21:37,phone,returned
15774,557,8,2025-10-22 23:58:58,web,complete
15775,1448,37,2025-08-16 16:37:06,store,complete
15776,853,2,2025-12-22 01:55:42,phone,complete
15777,1228,20,2025-05-04 05:33:21,store,cancelled
15778,119,20,2025-03-19 01:36:14,phone,returned
15779,1047,37,2025-06-08 23:26:13,phone,complete
15780,722,9,2025-01-11 08:00:29,web,complete
15781,89,35,2025-07-30 09:12:56,web,cancelled
15782,467,7,2025-05-10 18:13:04,web,complete
15783,1083,16,2025-07-27 11:27:43,store,complete
15784,1372,39,2025-09-01 15:49:55,mobile,complete
15785,1492,36,2025-07-13 18:14:03,phone,complete
15786,604,29,2025-09-25 19:35:39,web,cancelled
15787,1111,6,2025-04-06 07:48:08,web,complete
15788,1230,26,2025-12-08 04:39:17,store,cancelled
15789,97,19,2025-10-29 22:57:30,store,complete
15790,641,25,2025-04-04 00:33:30,mobile,complete
15791,1450,40,2025-07-12 21:58:27,mobile,complete
15792,527,13,2025-11-24 05:07:57,phone,complete
15793,693,19,2025-07-24 04:21:25,web,returned
15794,243,10,2025-06-23 07:53:34,mobile,complete
15795,790,16,2025-10-01 15:35:13,store,complete
15796,837,32,2025-09-21 06:08:18,phone,complete
15797,828,20,2025-06-21 20:32:30,store,complete
15798,1109,6,2025-05-29 02:03:51,phone,returned
15799,225,9,2025-12-13 16:47:28,web,complete
15800,1236,1,2025-02-28 00:57:13,mobile,cancelled
15801,993,10,2025-08-01 22:05:33,phone,cancelled
15802,2,3,2025-12-20 02:26:11,web,complete
15803,690,10,2025-12-21 20:39:12,phone,complete
15804,1085,38,2025-07-25 08:33:49,mobile,complete
15805,88,19,2025-02-03 19:20:55,mobile,complete
15806,1172,13,2025-08-25 21:40:31,store,returned
15807,397,36,2025-01-16 10:17:04,phone,returned
15808,1260,19,2025-01-03 13:37:54,phone,complete
15809,1147,2,2025-01-15 23:23:59,store,complete
15810,1073,10,2025-06-24 01:27:06,mobile,complete
15811,280,13,2025-08-31 17:28:06,store,returned
15812,689,22,2025-02-03 00:41:59,web,complete
15813,1411,40,2025-07-19 12:13:57,web,complete
15814,1103,24,2025-01-02 04:02:57,phone,returned
15815,934,25,2025-11-08 01:15:41,mobile,cancelled
15816,615,4,2025-06-13 18:02:39,phone,cancelled
15817,1152,24,2025-01-10 15:32:15,mobile,cancelled
15818,775,21,2025-04-28 00:34:05,web,returned
15819,14,36,2025-07-08 13:13:33,store,cancelled
15820,1333,24,2025-01-02 13:48:48,phone,cancelled
15821,80,4,2025-08-12 02:56:24,store,returned
15822,1423,31,2025-05-26 06:34:53,store,cancelled
15823,142,17,2025-05-25 20:08:35,web,complete
15824,661,34,2025-03-05 10:45:31,phone,cancelled
15825,1267,13,2025-07-18 16:36:18,phone,complete
15826,376,16,2025-02-09 03:21:10,store,complete
15827,1047,15,2025-09-17 13:39:13,phone,complete
15828,703,16,2025-12-29 12:24:14,web,returned
15829,189,16,2025-01-29 06:01:03,web,complete
15830,182,21,2025-07-13 12:06:45,phone,cancelled
15831,228,21,2025-10-08 20:07:02,web,cancelled
15832,965,40,2025-07-05 14:21:18,phone,complete
15833,1402,20,2025-08-27 21:04:58,web,complete
15834,71,11,2025-09-21 15:20:12,store,complete
15835,782,13,2025-08-21 07:14:51,web,cancelled
15836,1241,40,2025-11-06 02:47:20,mobile,complete
15837,446,15,2025-04-21 14:59:40,store,complete
15838,582,33,2025-02-27 07:55:34,web,complete
15839,616,17,2025-01-05 12:21:27,phone,complete
15840,661,17,2025-10-08 01:28:17,mobile,returned
15841,1168,24,2025-09-06 13:44:39,phone,complete
15842,299,12,2025-12-11 03:26:30,phone,complete
15843,423,29,2025-03-24 05:14:07,mobile,returned
15844,159,23,2025-07-09 14:24:56,store,complete
15845,75,12,2025-01-28 16:10:19,mobile,complete
15846,54,27,2025-11-17 06:34:57,web,complete
15847,392,20,2025-06-06 02:18:09,web,complete
15848,15,22,2025-04-03 21:43:28,mobile,complete
15849,723,3,2025-11-26 07:55:44,phone,complete
15850,475,34,2025-08-06 01:53:40,mobile,complete
15851,1091,12,2025-04-29 10:40:49,store,returned
15852,1247,2,2025-10-22 09:05:03,web,returned
15853,299,4,2025-12-19 19:54:47,phone,complete
15854,618,2,2025-12-09 16:02:14,web,complete
15855,852,24,2025-01-30 06:43:23,phone,complete
15856,1013,24,2025-08-18 07:02:21,store,complete
15857,416,1,2025-11-21 02:11:21,web,returned
15858,468,10,2025-12-22 15:57:02,mobile,complete
15859,1221,26,2025-01-17 18:11:17,store,complete
15860,1357,31,2025-10-19 03:51:07,web,complete
15861,289,23,2025-10-07 04:13:05,mobile,complete
15862,887,5,2025-02-09 21:09:21,store,returned
15863,1404,13,2025-10-18 16:59:57,store,complete
15864,1375,32,2025-11-06 07:42:25,phone,complete
15865,944,18,2025-01-09 02:21:57,web,complete
15866,392,9,2025-03-07 03:52:35,store,cancelled
15867,1310,4,2025-06-27 16:09:16,phone,cancelled
15868,540,23,2025-10-19 13:53:28,store,cancelled
15869,1092,11,2025-04-28 15:16:07,web,complete
15870,1316,37,2025-07-30 09:16:37,web,complete
15871,1264,40,2025-08-22 03:30:07,mobile,cancelled
15872,953,16,2025-03-18 17:11:53,web,returned
15873,215,23,2025-02-26 04:55:02,web,cancelled
15874,752,17,2025-12-31 10:31:31,mobile,complete
15875,1297,13,2025-11-23 04:33:31,web,cancelled
15876,598,8,2025-08-17 12:20:48,store,complete
15877,433,24,2025-02-21 20:07:49,phone,cancelled
15878,1120,27,2025-02-03 12:59:13,mobile,returned
15879,758,9,2025-07-28 12:17:58,web,cancelled
15880,900,30,2025-05-02 11:34:54,phone,complete
15881,589,34,2025-10-14 11:19:48,store,complete
15882,1173,34,2025-05-22 13:59:22,phone,complete
15883,56,6,2025-06-02 16:34:42,store,complete
15884,1461,13,2025-02-21 09:53:11,mobile,complete
15885,483,26,2025-07-04 04:59:26,web,cancelled
15886,1196,5,2025-05-17 17:30:23,mobile,cancelled
15887,887,31,2025-10-26 15:08:46,web,complete
15888,377,3,2025-05-21 12:05:16,mobile,complete
15889,295,35,2025-12-17 13:46:23,phone,complete
15890,527,13,2025-03-19 04:37:54,store,cancelled
15891,1135,22,2025-06-08 02:53:29,store,complete
15892,801,8,2025-01-24 07:35:34,mobile,complete
15893,640,29,2025-09-20 04:15:39,mobile,cancelled
15894,773,26,2025-07-06 02:16:03,mobile,cancelled
15895,1270,26,2025-06-22 12:36:59,web,complete
15896,40,12,2025-06-15 22:04:17,phone,returned
15897,1023,37,2025-02-17 23:19:52,mobile,complete
15898,62,16,2025-06-05 10:05:53,phone,complete
15899,58,34,2025-03-02 08:43:47,phone,complete
15900,590,39,2025-09-15 16:35:28,mobile,complete
15901,1148,19,2025-03-02 03:45:40,web,complete
15902,93,28,2025-03-12 10:26:51,web,returned
15903,1426,1,2025-01-27 20:58:19,phone,complete
15904,515,35,2025-11-23 05:59:26,web,cancelled
15905,737,18,2025-12-07 01:54:46,phone,complete
15906,178,39,2025-01-31 12:53:56,phone,returned
15907,327,38,2025-09-18 15:27:18,mobile,complete
15908,1255,10,2025-09-25 00:27:19,mobile,returned
15909,560,30,2025-02-04 07:24:38,store,cancelled
15910,66,37,2025-09-24 21:24:53,web,complete
15911,1435,22,2025-07-26 10:01:17,mobile,cancelled
15912,1072,32,2025-12-19 03:42:26,phone,complete
15913,912,5,2025-12-05 03:39:09,web,returned
15914,47,10,2025-05-10 07:00:08,mobile,returned
15915,1061,4,2025-01-22 01:51:33,store,cancelled
15916,35,39,2025-08-19 11:38:20,web,returned
15917,1354,32,2025-09-14 11:32:03,mobile,complete
15918,1099,33,2025-07-21 06:34:29,web,complete
15919,694,13,2025-12-19 04:52:18,store,cancelled
15920,411,19,2025-07-07 06:52:54,mobile,complete
15921,619,1,2025-12-24 00:19:43,web,complete
15922,502,28,2025-12-31 15:00:51,web,complete
15923,208,1,2025-01-06 02:31:05,web,complete
15924,86,39,2025-04-04 19:46:43,web,complete
15925,953,38,2025-03-27 14:03:50,mobile,returned
15926,998,36,2025-04-01 18:32:57,phone,returned
15927,1409,39,2025-04-04 09:56:18,web,cancelled
15928,920,27,2025-09-15 01:40:14,web,complete
15929,1135,28,2025-10-04 12:06:03,mobile,returned
15930,795,13,2025-03-18 01:39:47,store,complete
15931,1105,31,2025-03-12 11:35:08,mobile,complete
15932,1037,26,2025-09-19 03:02:40,web,complete
15933,1090,32,2025-10-02 07:53:35,store,complete
15934,1233,6,2025-11-16 11:26:02,web,complete
15935,1443,36,2025-07-24 00:31:00,web,complete
15936,240,34,2025-01-26 08:16:33,phone,complete
15937,191,30,2025-05-20 00:18:21,phone,complete
15938,1127,27,2025-08-24 09:21:09,store,complete
15939,1008,28,2025-07-04 10:00:05,web,complete
15940,249,26,2025-07-23 19:53:22,web,complete
15941,906,3,2025-02-27 07:21:53,mobile,cancelled
15942,1440,4,2025-06-28 22:34:32,web,returned
15943,371,23,2025-08-21 18:17:43,phone,complete
15944,606,1,2025-02-16 08:45:56,web,complete
15945,644,9,2025-09-27 22:49:30,web,complete
15946,1320,31,2025-06-17 19:57:27,mobile,returned
15947,847,32,2025-05-16 11:15:25,phone,complete
15948,872,15,2025-11-29 16:41:17,web,complete
15949,181,30,2025-08-20 21:45:30,store,complete
15950,238,7,2025-10-16 13:12:26,mobile,returned
15951,423,27,2025-10-13 04:14:28,store,complete
15952,168,5,2025-12-28 20:12:05,web,complete
15953,1375,34,2025-08-04 19:46:05,store,complete
15954,988,34,2025-08-19 02:04:47,phone,complete
15955,947,12,2025-01-31 03:06:30,phone,returned
15956,616,22,2025-07-11 14:58:51,web,complete
15957,75,16,2025-08-18 15:00:19,phone,returned
15958,569,14,2025-12-21 08:13:11,store,cancelled
15959,1269,7,2025-12-01 00:28:10,store,returned
15960,1253,3,2025-03-02 21:40:19,phone,returned
15961,427,32,2025-11-22 21:45:17,store,complete
15962,1114,26,2025-02-01 10:56:43,mobile,complete
15963,1465,24,2025-08-21 21:04:45,store,cancelled
15964,881,32,2025-03-22 21:08:25,mobile,complete
15965,224,21,2025-12-28 14:26:19,phone,cancelled
15966,1253,9,2025-12-25 14:49:47,mobile,returned
15967,1253,21,2025-09-19 02:51:40,store,complete
15968,362,39,2025-09-12 00:40:15,phone,complete
15969,230,26,2025-01-14 17:15:01,store,complete
15970,1128,34,2025-07-20 20:07:00,mobile,complete
15971,1230,31,2025-01-02 20:50:55,store,complete
15972,860,32,2025-01-30 16:24:06,store,complete
15973,255,22,2025-01-17 06:43:07,mobile,returned
15974,94,26,2025-01-23 13:32:02,phone,complete
15975,775,38,2025-03-10 07:01:27,web,complete
15976,1218,22,2025-08-06 05:39:51,phone,cancelled
15977,635,31,2025-03-08 13:36:34,store,returned
15978,407,10,2025-04-04 10:46:18,phone,complete
15979,845,35,2025-03-13 22:14:45,store,cancelled
15980,958,34,2025-11-08 20:41:50,web,cancelled
15981,590,29,2025-12-09 08:38:00,store,complete
15982,1219,16,2025-12-08 01:01:48,phone,complete
15983,698,13,2025-03-30 20:19:13,mobile,complete
15984,285,31,2025-02-13 03:57:09,mobile,complete
15985,683,16,2025-07-22 21:17:44,web,complete
15986,1450,1,2025-01-15 17:39:32,phone,complete
15987,128,31,2025-12-14 21:53:36,store,cancelled
15988,167,33,2025-09-27 09:37:44,phone,complete
15989,281,28,2025-04-09 04:28:42,phone,complete
15990,1204,7,2025-03-06 21:30:48,store,cancelled
15991,465,34,2025-04-11 23:33:46,mobile,complete
15992,451,16,2025-09-28 05:32:17,store,complete
15993,106,8,2025-02-07 14:27:56,web,complete
15994,223,26,2025-05-23 06:41:39,store,cancelled
15995,23,36,2025-10-12 16:00:12,phone,cancelled
15996,1360,14,2025-12-09 07:42:48,store,complete
15997,95,38,2025-01-02 18:21:59,phone,cancelled
15998,1230,7,2025-12-30 06:47:07,store,complete
15999,780,32,2025-02-23 15:22:23,store,complete
16000,1097,2,2025-05-17 10:52:11,store,cancelled
16001,1122,39,2025-02-27 06:38:12,web,complete
16002,1368,2,2025-03-07 15:36:06,web,cancelled
16003,947,23,2025-05-18 11:24:29,store,returned
16004,311,3,2025-04-15 18:47:33,mobile,returned
16005,853,6,2025-03-26 06:47:20,store,complete
16006,732,25,2025-08-13 07:54:41,store,cancelled
16007,1436,22,2025-03-15 05:07:49,web,cancelled
16008,537,15,2025-09-03 11:42:24,mobile,complete
16009,1299,5,2025-03-01 18:54:13,store,complete
16010,929,40,2025-03-11 11:08:29,mobile,complete
16011,979,23,2025-08-23 02:05:23,mobile,cancelled
16012,1017,8,2025-08-23 08:10:36,web,complete
16013,1332,23,2025-12-04 17:45:21,phone,complete
16014,116,1,2025-03-28 23:39:09,store,cancelled
16015,289,13,2025-03-02 08:39:50,web,cancelled
16016,544,28,2025-04-10 21:49:45,phone,returned
16017,280,19,2025-10-18 02:17:15,web,cancelled
16018,1093,27,2025-10-28 00:30:06,web,returned
16019,625,30,2025-02-12 07:01:56,mobile,complete
16020,491,24,2025-01-07 05:38:03,web,returned
16021,1374,35,2025-09-26 20:59:14,phone,returned
16022,488,15,2025-05-07 20:07:51,store,cancelled
16023,267,4,2025-04-27 19:23:28,phone,returned
16024,1314,24,2025-05-04 06:47:59,mobile,cancelled
16025,871,8,2025-10-20 05:28:37,store,complete
16026,1038,31,2025-10-13 19:38:58,mobile,complete
16027,661,32,2025-11-10 19:03:50,web,complete
16028,369,36,2025-08-28 07:06:22,phone,cancelled
16029,1352,7,2025-07-23 02:57:49,web,complete
16030,140,28,2025-11-02 06:20:41,mobile,cancelled
16031,811,14,2025-09-25 21:12:51,store,complete
16032,887,22,2025-07-25 00:54:51,web,complete
16033,325,36,2025-03-08 15:59:53,mobile,returned
16034,351,25,2025-02-15 17:43:41,store,complete
16035,435,19,2025-04-01 10:16:14,mobile,cancelled
16036,1467,18,2025-05-22 07:56:59,store,returned
16037,400,5,2025-01-23 04:22:54,store,cancelled
16038,53,30,2025-04-18 14:31:53,phone,complete
16039,1437,39,2025-06-05 05:44:50,phone,returned
16040,1242,24,2025-11-26 00:28:27,phone,complete
16041,1204,36,2025-05-24 19:30:58,mobile,returned
16042,1500,18,2025-12-10 15:24:38,store,cancelled
16043,724,35,2025-06-03 04:46:11,phone,complete
16044,146,19,2025-06-21 22:06:16,phone,complete
16045,518,18,2025-07-24 01:03:14,store,complete
16046,812,23,2025-03-16 22:00:18,phone,complete
16047,482,25,2025-04-29 19:13:13,phone,complete
16048,1142,19,2025-03-08 00:22:30,web,cancelled
16049,1322,6,2025-12-22 11:52:50,web,complete
16050,1310,2,2025-12-17 19:54:41,store,complete
16051,693,4,2025-06-01 11:12:02,store,complete
16052,81,1,2025-07-07 02:53:34,phone,returned
16053,1349,30,2025-10-25 18:21:21,phone,complete
16054,1206,24,2025-05-03 09:30:24,mobile,cancelled
16055,665,6,2025-10-03 08:21:39,mobile,cancelled
16056,1106,16,2025-09-22 15:47:47,web,complete
16057,623,17,2025-09-11 04:24:57,phone,returned
16058,524,12,2025-11-22 22:17:43,mobile,complete
16059,114,38,2025-04-29 22:10:57,mobile,complete
16060,1010,34,2025-08-21 00:39:18,mobile,complete
16061,148,40,2025-09-29 17:46:24,mobile,cancelled
16062,197,40,2025-01-25 07:18:55,mobile,returned
16063,1126,12,2025-05-04 04:56:21,mobile,cancelled
16064,376,35,2025-07-06 04:53:16,store,complete
16065,995,12,2025-12-17 07:24:21,mobile,cancelled
16066,756,9,2025-04-03 03:56:57,store,returned
16067,554,6,2025-07-31 21:29:51,store,returned
16068,534,17,2025-07-24 17:01:43,mobile,complete
16069,643,21,2025-11-25 10:23:39,web,complete
16070,458,22,2025-03-11 20:28:37,web,returned
16071,189,14,2025-10-10 08:33:31,phone,cancelled
16072,361,38,2025-02-20 05:43:40,store,complete
16073,331,10,2025-01-24 23:30:47,mobile,cancelled
16074,5,9,2025-10-12 08:57:24,web,complete
16075,272,6,2025-09-29 23:46:33,mobile,cancelled
16076,342,24,2025-07-31 01:38:26,web,cancelled
16077,76,10,2025-12-27 18:21:55,web,returned
16078,839,32,2025-10-11 15:29:11,phone,returned
16079,1143,9,2025-06-09 13:22:46,mobile,complete
16080,223,11,2025-10-16 19:40:40,web,complete
16081,641,34,2025-07-06 13:02:30,mobile,complete
16082,981,2,2025-11-10 00:16:26,phone,complete
16083,610,26,2025-05-15 23:20:53,store,complete
16084,113,20,2025-07-09 06:30:53,store,complete
16085,581,24,2025-03-02 16:04:37,mobile,returned
16086,859,1,2025-09-12 07:17:55,web,complete
16087,183,35,2025-01-12 00:18:08,web,returned
16088,398,37,2025-03-16 17:46:21,web,complete
16089,197,30,2025-01-06 10:12:11,phone,complete
16090,95,36,2025-01-05 10:48:37,phone,complete
16091,971,4,2025-10-21 06:19:07,store,complete
16092,1046,39,2025-08-09 13:34:30,mobile,complete
16093,1092,34,2025-09-24 23:02:21,mobile,complete
16094,1186,2,2025-02-14 20:52:18,web,cancelled
16095,363,17,2025-08-07 06:22:53,store,complete
16096,1229,37,2025-03-22 12:08:10,phone,cancelled
16097,456,23,2025-08-22 06:43:23,store,cancelled
16098,1272,28,2025-03-31 08:48:27,store,complete
16099,1037,19,2025-05-05 17:05:18,web,complete
16100,99,9,2025-10-20 20:16:24,phone,returned
16101,1355,32,2025-10-26 21:43:50,web,returned
16102,1072,34,2025-12-12 06:00:11,store,complete
16103,1175,10,2025-04-09 05:20:39,phone,complete
16104,318,9,2025-03-15 23:06:30,web,complete
16105,42,15,2025-05-26 11:34:26,store,cancelled
16106,44,4,2025-07-05 15:36:03,phone,complete
16107,101,24,2025-04-08 09:37:17,mobile,complete
16108,1037,34,2025-12-28 16:06:14,mobile,cancelled
16109,393,20,2025-01-07 14:20:39,store,complete
16110,1218,12,2025-02-28 12:15:35,phone,complete
16111,505,14,2025-01-28 10:40:03,mobile,cancelled
16112,987,7,2025-12-08 22:56:52,web,cancelled
16113,904,9,2025-02-26 22:11:00,phone,complete
16114,235,8,2025-10-24 09:22:40,store,cancelled
16115,783,15,2025-10-21 05:10:09,phone,cancelled
16116,695,34,2025-12-29 14:48:52,store,complete
16117,1201,13,2025-02-03 14:10:33,store,returned
16118,603,11,2025-01-02 10:57:27,phone,complete
16119,1283,18,2025-09-25 11:30:36,mobile,complete
16120,739,29,2025-10-02 12:23:29,mobile,returned
16121,828,6,2025-12-08 14:13:15,web,complete
16122,1015,38,2025-02-05 06:36:36,mobile,cancelled
16123,581,14,2025-12-13 15:16:57,web,complete
16124,1476,22,2025-01-10 18:57:26,web,complete
16125,223,20,2025-09-14 16:24:00,mobile,cancelled
16126,680,2,2025-01-25 21:29:35,web,complete
16127,1077,11,2025-07-16 00:10:56,mobile,complete
16128,64,7,2025-11-08 13:40:17,mobile,complete
16129,3,8,2025-06-17 19:31:08,web,complete
16130,1150,38,2025-07-26 13:25:24,phone,complete
16131,1232,35,2025-03-11 00:50:31,phone,complete
16132,1417,37,2025-07-26 06:17:13,mobile,complete
16133,530,8,2025-04-08 10:42:51,phone,returned
16134,731,33,2025-11-15 23:04:06,mobile,complete
16135,266,23,2025-03-05 11:37:26,mobile,cancelled
16136,633,29,2025-07-21 12:54:14,mobile,cancelled
16137,1329,1,2025-03-21 09:58:08,store,complete
16138,1432,16,2025-10-18 08:43:28,phone,complete
16139,1374,20,2025-03-29 07:43:29,phone,complete
16140,496,23,2025-12-27 16:23:37,phone,complete
16141,456,23,2025-02-09 04:48:38,mobile,returned
16142,1335,31,2025-01-10 15:56:09,store,complete
16143,1228,18,2025-10-22 04:12:18,mobile,returned
16144,219,6,2025-06-07 14:12:29,web,complete
16145,797,21,2025-06-22 09:10:39,web,complete
16146,756,28,2025-04-13 02:50:26,store,complete
16147,598,23,2025-07-18 07:34:56,phone,returned
16148,914,19,2025-03-07 04:53:55,phone,cancelled
16149,16,9,2025-07-13 06:08:13,phone,complete
16150,1005,39,2025-07-08 01:34:15,web,returned
16151,1148,34,2025-06-03 00:12:00,store,cancelled
16152,370,8,2025-02-09 04:08:15,web,complete
16153,1038,30,2025-04-04 00:37:58,mobile,returned
16154,920,20,2025-07-20 08:28:26,web,complete
16155,1444,27,2025-07-03 14:10:12,mobile,complete
16156,61,35,2025-02-15 04:09:41,web,complete
16157,358,23,2025-07-15 13:10:36,phone,cancelled
16158,475,12,2025-06-26 00:42:11,web,cancelled
16159,1429,37,2025-03-28 05:57:30,mobile,returned
16160,68,28,2025-02-03 23:40:24,web,complete
16161,1001,37,2025-04-02 10:37:48,mobile,complete
16162,497,20,2025-01-06 05:57:08,store,complete
16163,1265,40,2025-07-17 15:43:52,phone,complete
16164,821,35,2025-01-13 05:25:25,web,complete
16165,933,33,2025-12-08 21:51:48,mobile,cancelled
16166,1109,28,2025-08-05 05:52:09,mobile,cancelled
16167,824,3,2025-07-08 11:32:55,mobile,returned
16168,606,13,2025-11-23 12:19:20,mobile,complete
16169,167,4,2025-11-29 02:18:25,store,complete
16170,622,1,2025-02-05 08:29:43,mobile,complete
16171,1398,21,2025-10-10 04:49:41,store,cancelled
16172,1017,38,2025-12-20 16:37:23,phone,complete
16173,221,15,2025-05-17 02:58:09,phone,complete
16174,672,17,2025-11-27 23:21:59,store,cancelled
16175,1310,37,2025-01-26 11:16:56,mobile,complete
16176,859,36,2025-01-08 02:05:15,store,complete
16177,257,23,2025-04-21 14:15:48,phone,complete
16178,557,25,2025-08-21 23:21:28,mobile,complete
16179,185,6,2025-03-25 17:52:40,web,complete
16180,403,6,2025-06-02 17:00:10,mobile,returned
16181,1190,16,2025-07-17 05:28:55,mobile,returned
16182,163,19,2025-04-08 18:33:28,mobile,cancelled
16183,1108,36,2025-11-01 02:27:55,mobile,returned
16184,732,4,2025-07-25 17:35:44,phone,returned
16185,789,34,2025-03-16 10:07:24,store,returned
16186,227,40,2025-06-23 17:51:30,phone,complete
16187,267,15,2025-11-28 19:13:46,mobile,complete
16188,762,17,2025-07-19 02:22:38,web,returned
16189,438,21,2025-10-29 23:05:26,store,complete
16190,1085,12,2025-03-31 08:40:19,phone,complete
16191,216,35,2025-10-25 04:16:41,web,complete
16192,618,11,2025-02-04 15:48:39,store,returned
16193,1360,14,2025-07-17 01:15:52,web,returned
16194,824,6,2025-05-07 11:54:14,store,returned
16195,280,35,2025-08-23 12:56:08,store,complete
16196,1016,40,2025-07-21 09:08:13,phone,complete
16197,1481,40,2025-01-08 11:50:01,store,returned
16198,410,31,2025-06-02 13:53:25,phone,complete
16199,1359,19,2025-05-06 05:04:12,mobile,complete
16200,99,18,2025-05-21 12:13:25,web,complete
16201,246,32,2025-11-24 05:56:21,store,complete
16202,1225,30,2025-07-11 21:20:11,web,complete
16203,1139,24,2025-01-26 14:11:55,phone,returned
16204,1320,9,2025-05-03 02:13:04,web,complete
16205,863,13,2025-12-05 13:32:38,web,cancelled
16206,1303,14,2025-07-08 11:40:32,phone,complete
16207,919,37,2025-05-17 03:43:59,phone,complete
16208,893,8,2025-02-05 09:48:12,mobile,complete
16209,65,20,2025-06-13 01:54:55,phone,returned
16210,932,12,2025-01-11 19:37:27,store,complete
16211,1275,4,2025-04-26 23:19:03,web,complete
16212,1436,8,2025-05-18 13:15:46,phone,returned
16213,1162,22,2025-02-25 22:46:26,phone,complete
16214,546,5,2025-09-07 15:08:42,mobile,returned
16215,59,37,2025-09-04 14:54:13,mobile,complete
16216,569,11,2025-07-25 23:58:43,mobile,cancelled
16217,14,4,2025-04-21 06:11:41,mobile,returned
16218,398,8,2025-06-22 20:02:38,mobile,cancelled
16219,962,12,2025-07-03 22:26:07,mobile,returned
16220,1326,20,2025-11-16 07:40:14,web,returned
16221,439,5,2025-12-23 06:32:33,store,complete
16222,756,34,2025-03-14 04:53:10,web,returned
16223,982,4,2025-10-18 18:30:09,mobile,cancelled
16224,615,33,2025-02-13 15:37:26,phone,complete
16225,719,35,2025-08-28 07:49:28,web,complete
16226,469,22,2025-10-27 10:28:13,mobile,cancelled
16227,116,14,2025-02-20 15:21:37,phone,cancelled
16228,605,37,2025-08-17 11:42:04,phone,cancelled
16229,266,27,2025-11-21 17:41:07,phone,returned
16230,956,40,2025-05-07 05:46:45,store,complete
16231,7,11,2025-06-02 18:54:49,store,returned
16232,1118,8,2025-02-23 04:55:33,mobile,complete
16233,478,34,2025-06-05 08:09:48,store,complete
16234,873,24,2025-02-01 13:40:24,mobile,cancelled
16235,394,10,2025-02-18 01:03:14,web,returned
16236,1265,13,2025-12-23 08:55:23,store,complete
16237,310,20,2025-02-06 10:44:24,web,complete
16238,1466,34,2025-09-27 04:41:30,phone,cancelled
16239,677,9,2025-04-09 20:41:33,mobile,complete
16240,483,9,2025-05-01 11:33:11,web,complete
16241,143,19,2025-10-27 17:22:00,store,returned
16242,930,35,2025-12-07 19:26:22,mobile,complete
16243,1258,40,2025-08-14 19:32:49,store,complete
16244,272,25,2025-05-03 09:15:05,store,returned
16245,1216,16,2025-07-09 12:58:48,phone,complete
16246,116,4,2025-11-09 19:49:43,phone,returned
16247,560,9,2025-03-07 23:11:40,web,cancelled
16248,70,1,2025-01-12 10:08:32,store,complete
16249,1239,19,2025-02-09 01:26:45,store,complete
16250,123,3,2025-09-18 12:48:11,phone,complete
16251,1465,31,2025-02-23 05:07:51,store,cancelled
16252,1422,15,2025-12-13 13:46:34,web,complete
16253,1421,26,2025-02-18 07:55:53,store,complete
16254,310,29,2025-03-19 01:07:45,web,returned
16255,1284,40,2025-09-28 23:11:37,web,cancelled
16256,1341,23,2025-02-24 09:18:47,store,complete
16257,1352,24,2025-06-09 06:09:43,phone,complete
16258,1344,30,2025-12-16 01:34:41,mobile,complete
16259,1469,24,2025-09-25 03:35:03,store,complete
16260,1462,10,2025-07-04 07:46:49,store,complete
16261,125,10,2025-05-14 17:00:19,phone,returned
16262,567,29,2025-08-17 19:05:51,mobile,complete
16263,859,20,2025-06-29 07:43:25,phone,complete
16264,1325,14,2025-10-25 15:24:57,mobile,complete
16265,1303,7,2025-04-02 05:54:21,phone,complete
16266,1451,9,2025-04-13 22:47:24,phone,complete
16267,1453,15,2025-05-05 11:07:51,phone,complete
16268,1430,13,2025-01-29 06:49:30,store,complete
16269,727,30,2025-10-11 06:09:00,phone,complete
16270,491,19,2025-06-13 19:04:52,web,complete
16271,22,29,2025-08-31 03:17:40,store,complete
16272,330,6,2025-10-19 08:42:38,web,cancelled
16273,1476,26,2025-03-01 06:45:12,store,complete
16274,693,21,2025-07-19 04:20:55,mobile,returned
16275,345,33,2025-07-17 11:50:28,store,cancelled
16276,1333,20,2025-03-06 00:31:46,mobile,complete
16277,775,23,2025-07-18 12:11:54,store,complete
16278,153,21,2025-03-24 14:52:05,store,returned
16279,269,3,2025-07-15 18:53:26,phone,complete
16280,486,9,2025-09-23 16:25:17,phone,complete
16281,194,26,2025-09-09 05:30:37,store,returned
16282,205,1,2025-01-05 10:55:59,store,cancelled
16283,1390,26,2025-04-08 11:54:29,web,complete
16284,185,34,2025-08-26 18:41:41,phone,cancelled
16285,340,7,2025-11-18 04:08:15,mobile,cancelled
16286,301,29,2025-03-08 11:26:43,web,cancelled
16287,1494,6,2025-01-27 08:34:08,phone,returned
16288,1162,39,2025-02-11 00:15:40,mobile,complete
16289,1251,35,2025-09-27 04:31:27,phone,returned
16290,945,2,2025-07-21 07:50:20,mobile,complete
16291,1289,18,2025-04-02 15:12:01,mobile,cancelled
16292,604,4,2025-04-11 01:59:42,phone,complete
16293,153,3,2025-12-14 23:31:12,phone,complete
16294,1423,23,2025-04-15 18:34:53,web,complete
16295,153,24,2025-04-16 04:51:22,store,returned
16296,1118,2,2025-03-25 11:59:14,mobile,complete
16297,1064,35,2025-12-25 15:28:08,web,cancelled
16298,233,21,2025-10-08 17:16:10,mobile,cancelled
16299,725,23,2025-12-03 15:21:24,phone,complete
16300,268,27,2025-01-11 20:56:54,phone,returned
16301,1333,18,2025-09-30 17:14:28,phone,complete
16302,279,7,2025-10-16 12:54:55,mobile,complete
16303,580,12,2025-02-15 14:04:32,store,complete
16304,61,34,2025-09-07 12:39:40,phone,complete
16305,418,15,2025-05-01 04:09:34,web,complete
16306,51,18,2025-08-02 14:24:55,web,complete
16307,125,9,2025-12-27 12:29:09,web,complete
16308,317,1,2025-03-31 02:52:56,web,complete
16309,1067,33,2025-06-27 10:47:55,web,cancelled
16310,200,37,2025-04-02 03:06:30,mobile,complete
16311,59,25,2025-10-23 03:01:27,phone,complete
16312,311,15,2025-03-12 14:51:09,mobile,complete
16313,1461,39,2025-12-04 21:39:19,phone,cancelled
16314,1174,8,2025-07-06 16:22:13,mobile,complete
16315,31,6,2025-06-18 01:36:26,phone,complete
16316,356,5,2025-11-13 22:44:40,phone,cancelled
16317,662,26,2025-09-05 00:02:12,store,complete
16318,1112,12,2025-02-13 01:22:31,web,cancelled
16319,265,10,2025-03-30 03:17:11,store,cancelled
16320,647,34,2025-11-16 03:55:02,mobile,cancelled
16321,878,15,2025-12-10 01:56:34,store,complete
16322,1013,16,2025-12-16 15:14:22,mobile,complete
16323,948,17,2025-02-01 10:04:43,store,returned
16324,277,14,2025-11-12 10:58:23,web,complete
16325,668,14,2025-11-27 06:25:42,store,complete
16326,1188,25,2025-05-10 03:13:02,mobile,complete
16327,1037,14,2025-08-17 18:13:42,mobile,complete
16328,234,11,2025-08-06 05:16:07,phone,returned
16329,347,33,2025-12-22 19:52:51,mobile,cancelled
16330,238,23,2025-12-04 22:17:11,mobile,cancelled
16331,974,8,2025-01-12 07:30:42,phone,returned
16332,807,28,2025-11-22 05:20:47,web,complete
16333,1191,18,2025-10-31 15:56:42,phone,complete
16334,946,16,2025-08-30 21:34:15,web,complete
16335,72,40,2025-05-22 13:56:24,mobile,returned
16336,1305,14,2025-08-17 23:09:53,mobile,returned
16337,361,37,2025-06-08 20:01:37,mobile,complete
16338,657,29,2025-09-20 22:42:20,mobile,returned
16339,1185,39,2025-12-11 07:50:39,mobile,complete
16340,1174,2,2025-05-31 12:03:47,store,complete
16341,1148,5,2025-11-15 16:12:33,mobile,complete
16342,20,38,2025-09-05 03:42:28,phone,returned
16343,826,37,2025-01-16 12:34:37,phone,cancelled
16344,883,39,2025-12-14 05:28:15,mobile,returned
16345,989,9,2025-01-01 21:32:13,mobile,cancelled
16346,817,27,2025-11-10 13:56:37,mobile,complete
16347,1306,33,2025-08-08 04:19:41,web,complete
16348,240,29,2025-03-06 07:48:08,store,complete
16349,255,12,2025-08-28 19:20:12,web,complete
16350,240,6,2025-04-15 13:18:09,store,complete
16351,587,7,2025-03-08 02:41:12,phone,cancelled
16352,554,15,2025-02-07 15:52:38,web,complete
16353,420,40,2025-08-05 04:39:33,web,complete
16354,1001,34,2025-03-19 13:52:57,store,returned
16355,507,27,2025-10-09 09:23:04,phone,cancelled
16356,1497,25,2025-05-15 14:37:36,store,complete
16357,293,5,2025-09-01 20:56:36,web,complete
16358,207,1,2025-04-21 12:35:02,web,complete
16359,530,30,2025-04-18 15:02:56,web,complete
16360,620,2,2025-09-12 15:15:48,store,returned
16361,322,24,2025-06-24 02:30:09,web,cancelled
16362,537,3,2025-10-31 21:10:25,phone,complete
16363,268,2,2025-08-13 15:48:47,store,cancelled
16364,974,35,2025-02-09 14:00:05,mobile,cancelled
16365,246,18,2025-03-14 23:02:47,mobile,returned
16366,661,10,2025-10-16 07:20:34,phone,complete
16367,1234,11,2025-08-03 06:50:18,store,returned
16368,1229,38,2025-10-03 22:57:31,web,complete
16369,134,37,2025-02-13 09:13:24,web,complete
16370,977,12,2025-11-30 00:51:42,phone,complete
16371,192,18,2025-01-18 16:14:03,store,returned
16372,1158,37,2025-05-11 06:53:16,web,returned
16373,1047,38,2025-07-08 15:35:32,mobile,complete
16374,1411,13,2025-03-24 15:21:23,web,returned
16375,1360,34,2025-04-21 02:09:02,store,complete
16376,31,29,2025-01-02 19:49:21,store,complete
16377,191,9,2025-10-12 01:28:36,phone,cancelled
16378,95,26,2025-11-18 11:17:11,store,complete
16379,689,21,2025-07-10 02:24:02,web,complete
16380,1280,16,2025-07-03 01:56:09,store,complete
16381,413,32,2025-08-09 06:00:41,mobile,returned
16382,312,40,2025-07-25 14:15:16,phone,complete
16383,781,23,2025-04-19 14:37:36,mobile,returned
16384,1303,10,2025-07-04 19:45:13,web,cancelled
16385,1145,37,2025-07-29 10:06:12,phone,returned
16386,745,12,2025-04-17 19:46:40,phone,complete
16387,805,38,2025-03-05 04:20:58,store,complete
16388,1248,38,2025-06-04 22:05:33,mobile,complete
16389,280,5,2025-03-13 06:27:46,phone,returned
16390,31,2,2025-07-24 14:50:22,mobile,complete
16391,1464,24,2025-04-01 20:31:41,mobile,returned
16392,1158,19,2025-08-27 12:29:37,mobile,complete
16393,541,40,2025-08-14 12:05:10,web,returned
16394,1060,16,2025-04-21 14:05:52,phone,complete
16395,712,20,2025-12-26 04:14:21,phone,complete
16396,1092,26,2025-07-17 09:42:00,web,complete
16397,358,38,2025-01-02 21:22:29,store,returned
16398,1320,31,2025-04-30 23:01:45,web,returned
16399,626,21,2025-12-09 17:31:17,phone,complete
16400,1101,16,2025-03-09 22:54:08,web,complete
16401,664,40,2025-12-23 11:25:09,mobile,returned
16402,427,19,2025-10-21 15:50:20,phone,returned
16403,305,32,2025-12-30 19:41:05,store,complete
16404,1058,5,2025-10-26 14:40:47,mobile,complete
16405,1061,28,2025-03-19 08:12:27,store,cancelled
16406,997,5,2025-10-06 08:23:18,store,complete
16407,989,39,2025-01-05 22:17:30,mobile,complete
16408,1421,37,2025-06-23 12:23:21,store,complete
16409,417,14,2025-03-24 16:29:02,phone,complete
16410,955,38,2025-04-27 13:30:11,mobile,complete
16411,1080,36,2025-09-07 22:10:05,phone,complete
16412,1153,21,2025-10-16 08:11:24,web,complete
16413,263,14,2025-11-17 09:19:23,phone,complete
16414,263,17,2025-09-13 09:28:12,web,returned
16415,1474,1,2025-10-17 11:49:38,mobile,returned
16416,507,29,2025-09-27 19:17:31,web,cancelled
16417,381,38,2025-07-24 20:16:35,mobile,complete
16418,1313,18,2025-01-07 17:39:34,web,complete
16419,1429,39,2025-02-20 08:02:39,store,complete
16420,90,40,2025-02-24 02:12:12,mobile,returned
16421,837,12,2025-04-18 05:28:48,store,returned
16422,1488,10,2025-11-30 11:41:02,web,complete
16423,101,35,2025-05-21 21:12:17,web,complete
16424,458,36,2025-01-09 04:29:37,phone,returned
16425,605,16,2025-05-17 17:26:07,phone,returned
16426,953,27,2025-12-21 12:01:38,mobile,complete
16427,1084,7,2025-03-17 21:07:02,phone,complete
16428,95,22,2025-05-22 08:28:40,web,returned
16429,180,13,2025-01-02 21:01:21,web,cancelled
16430,39,12,2025-07-08 03:04:59,phone,complete
16431,381,34,2025-10-30 00:56:04,phone,complete
16432,477,25,2025-12-04 09:00:11,phone,complete
16433,805,32,2025-03-03 22:05:50,phone,complete
16434,130,31,2025-10-12 08:21:10,web,complete
16435,1290,37,2025-05-15 03:28:57,store,cancelled
16436,1253,32,2025-09-03 05:37:12,mobile,complete
16437,687,28,2025-01-19 00:14:27,mobile,complete
16438,346,13,2025-05-19 06:57:38,mobile,complete
16439,248,1,2025-02-23 17:06:52,web,complete
16440,103,16,2025-12-04 05:23:28,store,returned
16441,355,22,2025-10-23 20:43:59,phone,cancelled
16442,595,15,2025-12-02 05:39:36,phone,complete
16443,1448,12,2025-03-21 23:13:35,phone,complete
16444,533,14,2025-12-25 04:29:25,web,complete
16445,1027,16,2025-12-14 04:27:51,web,cancelled
16446,1190,5,2025-10-09 18:56:15,mobile,complete
16447,724,6,2025-08-20 19:59:04,web,complete
16448,549,14,2025-11-07 03:27:41,phone,complete
16449,273,36,2025-12-24 02:10:41,web,returned
16450,1038,19,2025-06-11 02:27:58,mobile,complete
16451,1356,20,2025-11-11 05:12:21,phone,complete
16452,1171,37,2025-10-20 06:48:36,store,cancelled
16453,789,10,2025-07-25 08:27:52,web,complete
16454,16,20,2025-05-19 03:00:59,mobile,returned
16455,1071,1,2025-03-17 03:10:27,web,complete
16456,499,28,2025-04-11 09:14:55,phone,returned
16457,977,22,2025-05-03 23:44:54,mobile,complete
16458,948,6,2025-10-15 11:27:26,phone,returned
16459,846,11,2025-02-13 12:20:45,web,complete
16460,645,40,2025-05-20 17:48:37,mobile,complete
16461,268,22,2025-06-20 06:38:38,store,cancelled
16462,641,12,2025-01-18 08:19:20,web,complete
16463,650,20,2025-03-14 00:58:00,mobile,complete
16464,655,21,2025-11-29 00:26:19,mobile,returned
16465,69,6,2025-09-10 17:08:16,mobile,cancelled
16466,1056,9,2025-01-16 09:13:46,mobile,complete
16467,530,10,2025-07-16 06:39:18,web,complete
16468,1251,2,2025-05-14 10:19:52,store,complete
16469,350,23,2025-12-01 11:24:44,phone,complete
16470,280,20,2025-01-23 00:33:01,web,complete
16471,765,39,2025-11-29 06:25:21,phone,returned
16472,1237,23,2025-09-20 02:09:47,phone,returned
16473,1191,32,2025-11-17 13:47:04,store,complete
16474,929,16,2025-11-17 04:40:01,phone,complete
16475,113,10,2025-02-28 07:55:56,mobile,complete
16476,955,39,2025-06-29 02:19:19,store,returned
16477,783,33,2025-06-18 07:48:05,web,cancelled
16478,1367,28,2025-05-06 17:24:42,web,complete
16479,664,11,2025-04-22 04:21:50,mobile,complete
16480,1373,35,2025-07-01 15:01:45,web,complete
16481,1052,22,2025-09-22 18:49:48,web,cancelled
16482,552,9,2025-03-18 18:08:24,store,complete
16483,975,25,2025-02-27 12:12:14,phone,complete
16484,1032,10,2025-03-03 14:42:48,store,complete
16485,1035,11,2025-12-18 10:45:46,web,cancelled
16486,180,36,2025-12-07 05:43:41,phone,complete
16487,1126,31,2025-12-21 00:30:09,phone,complete
16488,859,10,2025-03-05 23:54:43,mobile,complete
16489,1248,7,2025-03-30 08:33:26,phone,complete
16490,605,21,2025-03-23 04:16:03,web,cancelled
16491,1394,33,2025-02-20 21:53:05,mobile,cancelled
16492,595,15,2025-04-27 08:34:44,phone,cancelled
16493,177,23,2025-03-10 02:28:14,store,complete
16494,1078,10,2025-06-28 15:18:34,store,cancelled
16495,751,5,2025-04-15 03:10:36,mobile,cancelled
16496,1387,13,2025-02-25 04:58:45,web,complete
16497,870,17,2025-08-23 17:08:16,web,complete
16498,759,9,2025-11-06 17:49:55,store,complete
16499,1298,26,2025-10-09 03:51:58,phone,complete
16500,1102,38,2025-09-24 12:13:18,phone,complete
16501,200,4,2025-12-22 15:16:22,store,complete
16502,626,40,2025-05-08 19:09:24,phone,complete
16503,930,4,2025-05-03 08:20:23,web,cancelled
16504,933,23,2025-11-11 01:25:34,web,complete
16505,595,18,2025-03-31 23:38:10,mobile,complete
16506,873,11,2025-08-24 22:47:00,store,complete
16507,912,29,2025-08-26 03:10:48,store,complete
16508,1278,14,2025-12-02 15:47:01,mobile,returned
16509,1057,17,2025-08-19 01:26:26,store,complete
16510,387,6,2025-03-17 02:22:35,phone,returned
16511,129,12,2025-02-08 20:50:37,store,complete
16512,704,31,2025-02-27 07:16:24,store,returned
16513,544,18,2025-10-04 00:32:13,store,complete
16514,1312,25,2025-10-09 04:06:06,store,complete
16515,559,3,2025-07-26 00:01:28,web,returned
16516,1478,5,2025-07-23 03:41:17,mobile,complete
16517,721,30,2025-02-13 22:12:41,store,cancelled
16518,1423,28,2025-01-26 18:10:00,mobile,complete
16519,1032,25,2025-05-03 00:33:41,phone,complete
16520,616,15,2025-11-11 11:57:14,mobile,complete
16521,1284,14,2025-04-21 00:28:47,web,complete
16522,626,21,2025-07-18 18:04:58,mobile,complete
16523,912,3,2025-02-04 12:08:25,store,complete
16524,1389,39,2025-06-13 12:20:58,mobile,cancelled
16525,1010,6,2025-03-28 07:32:47,mobile,complete
16526,1396,6,2025-03-09 21:57:49,web,returned
16527,575,23,2025-07-01 01:49:01,store,cancelled
16528,1414,11,2025-04-29 10:35:05,store,cancelled
16529,1290,16,2025-12-03 20:44:42,web,complete
16530,1330,8,2025-11-15 14:21:42,web,cancelled
16531,660,21,2025-07-20 21:36:41,web,cancelled
16532,1070,25,2025-12-13 06:17:49,mobile,cancelled
16533,174,25,2025-12-06 10:38:30,store,returned
16534,1046,10,2025-06-18 04:22:56,store,complete
16535,350,22,2025-01-16 12:00:35,phone,returned
16536,795,20,2025-05-20 10:11:37,web,complete
16537,1460,35,2025-08-08 19:03:57,web,complete
16538,1058,10,2025-11-09 22:22:26,phone,cancelled
16539,394,16,2025-04-07 14:42:40,web,returned
16540,1340,31,2025-07-12 03:23:32,web,complete
16541,1429,20,2025-10-16 13:04:37,phone,returned
16542,998,5,2025-03-25 09:49:35,store,complete
16543,923,26,2025-12-19 13:39:56,mobile,complete
16544,336,6,2025-04-09 10:56:03,phone,complete
16545,168,27,2025-01-25 20:44:07,web,complete
16546,23,22,2025-05-31 15:34:10,mobile,returned
16547,718,30,2025-05-16 01:37:44,web,complete
16548,735,9,2025-08-21 18:06:31,mobile,complete
16549,557,15,2025-02-16 23:10:53,mobile,complete
16550,55,36,2025-10-21 10:26:19,mobile,cancelled
16551,893,22,2025-11-18 11:01:08,store,returned
16552,1101,31,2025-11-09 10:22:21,store,complete
16553,975,32,2025-05-17 23:38:28,mobile,complete
16554,447,19,2025-10-01 02:53:59,mobile,complete
16555,1246,30,2025-04-20 10:49:12,web,cancelled
16556,232,27,2025-09-11 11:27:34,web,returned
16557,1438,3,2025-07-16 22:24:49,phone,cancelled
16558,1385,25,2025-10-26 19:28:24,phone,returned
16559,278,25,2025-12-31 08:27:58,store,complete
16560,459,8,2025-05-08 21:06:42,web,complete
16561,1433,39,2025-06-20 04:17:19,web,returned
16562,15,5,2025-08-11 05:31:59,mobile,returned
16563,1230,40,2025-01-28 09:19:09,web,complete
16564,1224,12,2025-10-13 10:24:38,mobile,returned
16565,95,33,2025-05-06 10:14:46,mobile,complete
16566,1258,32,2025-11-25 03:42:02,phone,cancelled
16567,449,13,2025-08-28 05:36:24,web,complete
16568,992,34,2025-02-18 06:30:02,web,cancelled
16569,620,16,2025-07-22 19:29:38,store,complete
16570,25,1,2025-02-18 04:39:30,web,cancelled
16571,335,2,2025-03-10 09:30:58,mobile,complete
16572,103,21,2025-08-18 14:49:15,phone,complete
16573,15,22,2025-01-10 22:03:42,web,complete
16574,1463,3,2025-06-10 20:12:41,web,complete
16575,1082,21,2025-04-11 21:25:24,web,returned
16576,1316,25,2025-01-11 11:24:43,phone,complete
16577,720,26,2025-03-19 16:26:46,web,complete
16578,1044,14,2025-07-15 14:10:25,store,cancelled
16579,1283,24,2025-03-25 12:35:08,web,returned
16580,459,3,2025-12-06 11:16:26,mobile,complete
16581,1101,9,2025-12-21 15:07:01,mobile,returned
16582,1223,3,2025-07-02 18:40:43,mobile,returned
16583,889,39,2025-05-03 16:14:41,phone,complete
16584,548,4,2025-04-12 08:59:20,web,complete
16585,547,20,2025-08-26 18:10:55,mobile,complete
16586,1350,24,2025-08-30 20:46:13,web,complete
16587,480,36,2025-09-25 22:27:21,store,returned
16588,1491,16,2025-05-08 16:00:37,phone,returned
16589,1208,17,2025-09-04 05:48:08,phone,complete
16590,754,31,2025-05-20 21:22:45,store,cancelled
16591,1027,36,2025-10-07 21:38:34,mobile,complete
16592,665,37,2025-08-05 00:56:02,store,complete
16593,1464,6,2025-07-28 02:00:00,mobile,complete
16594,364,18,2025-06-07 01:28:16,web,complete
16595,469,16,2025-04-08 10:29:50,web,returned
16596,89,30,2025-08-03 17:21:23,phone,cancelled
16597,689,8,2025-04-25 15:45:39,web,complete
16598,1250,15,2025-07-21 16:34:49,web,complete
16599,585,3,2025-04-07 07:29:49,mobile,complete
16600,950,17,2025-04-18 14:24:27,web,complete
16601,1102,24,2025-09-13 18:30:10,mobile,complete
16602,1273,7,2025-10-19 12:37:46,web,returned
16603,782,3,2025-05-23 03:34:01,mobile,complete
16604,361,9,2025-03-20 17:40:27,web,cancelled
16605,1157,16,2025-01-28 14:13:36,mobile,complete
16606,113,40,2025-07-17 11:13:14,mobile,complete
16607,1456,40,2025-01-18 22:06:26,store,complete
16608,790,14,2025-05-02 05:45:55,phone,returned
16609,1478,38,2025-04-17 10:05:40,phone,complete
16610,309,39,2025-06-03 21:33:13,phone,complete
16611,909,29,2025-04-20 21:30:25,mobile,complete
16612,812,11,2025-12-27 14:25:43,mobile,complete
16613,1120,10,2025-10-26 12:01:26,store,complete
16614,1154,26,2025-12-02 09:13:21,web,complete
16615,642,9,2025-06-17 21:01:42,phone,cancelled
16616,237,13,2025-10-15 03:58:23,store,complete
16617,306,20,2025-10-11 21:21:47,phone,cancelled
16618,1227,24,2025-01-25 23:58:37,store,complete
16619,1289,15,2025-01-15 06:57:01,mobile,complete
16620,577,1,2025-12-05 19:13:54,store,complete
16621,1115,18,2025-04-11 17:22:17,mobile,complete
16622,957,30,2025-11-25 08:31:54,mobile,complete
16623,899,3,2025-06-11 01:39:28,phone,complete
16624,932,26,2025-08-11 21:41:51,store,complete
16625,400,4,2025-09-24 19:30:29,phone,complete
16626,1104,8,2025-09-24 17:58:08,phone,complete
16627,499,37,2025-02-12 06:14:48,phone,cancelled
16628,1361,23,2025-01-15 08:47:20,web,complete
16629,1463,26,2025-07-09 23:53:30,phone,complete
16630,879,13,2025-06-04 03:50:29,phone,complete
16631,558,5,2025-04-28 06:36:29,mobile,complete
16632,1382,19,2025-05-06 11:45:04,phone,cancelled
16633,489,8,2025-09-21 22:34:58,mobile,complete
16634,833,25,2025-07-31 01:14:56,mobile,complete
16635,1004,2,2025-06-17 00:03:41,store,complete
16636,1404,39,2025-02-17 14:13:14,store,returned
16637,333,23,2025-02-08 21:12:57,web,cancelled
16638,190,33,2025-03-17 13:34:10,store,returned
16639,998,4,2025-05-29 16:12:13,phone,complete
16640,1179,33,2025-01-13 11:19:48,mobile,returned
16641,1302,38,2025-12-20 08:43:06,phone,cancelled
16642,1454,1,2025-12-20 03:36:38,web,returned
16643,574,8,2025-03-21 22:16:51,web,complete
16644,1486,40,2025-01-12 12:55:33,phone,complete
16645,763,5,2025-07-25 19:15:57,phone,cancelled
16646,493,10,2025-12-11 23:03:09,phone,cancelled
16647,1181,2,2025-11-10 02:35:03,store,complete
16648,207,39,2025-03-27 22:31:40,phone,complete
16649,1220,27,2025-10-17 08:22:03,web,complete
16650,1054,26,2025-05-17 16:52:28,web,complete
16651,863,39,2025-03-16 17:06:44,web,returned
16652,1240,18,2025-03-28 08:30:10,web,complete
16653,567,4,2025-01-11 01:03:00,web,complete
16654,316,4,2025-06-15 16:42:59,phone,cancelled
16655,1008,40,2025-12-10 18:24:51,phone,complete
16656,527,27,2025-06-18 12:32:34,phone,complete
16657,1088,25,2025-01-06 22:11:56,mobile,complete
16658,171,31,2025-12-07 01:06:51,store,complete
16659,431,2,2025-02-01 22:18:56,web,complete
16660,836,15,2025-11-19 20:03:32,web,complete
16661,299,38,2025-06-09 15:48:28,mobile,returned
16662,22,24,2025-02-11 03:57:53,mobile,complete
16663,885,21,2025-05-02 06:47:11,mobile,cancelled
16664,983,7,2025-05-18 11:53:00,web,complete
16665,1389,33,2025-02-19 13:43:12,phone,complete
16666,456,11,2025-04-21 22:10:22,store,complete
16667,1234,14,2025-10-18 16:31:59,phone,cancelled
16668,1213,18,2025-11-20 16:43:58,phone,complete
16669,749,29,2025-08-09 00:10:23,store,returned
16670,1325,26,2025-03-31 14:11:05,mobile,complete
16671,9,15,2025-04-18 22:35:55,phone,complete
16672,193,17,2025-09-07 19:27:02,store,complete
16673,846,15,2025-01-02 14:27:46,phone,cancelled
16674,522,20,2025-11-19 15:04:51,phone,cancelled
16675,121,4,2025-09-21 04:43:45,phone,cancelled
16676,264,35,2025-10-05 00:47:54,phone,complete
16677,477,4,2025-07-27 03:17:14,web,complete
16678,573,10,2025-07-20 07:34:51,mobile,returned
16679,122,40,2025-07-29 03:35:13,store,returned
16680,365,22,2025-04-21 11:29:00,mobile,complete
16681,621,31,2025-09-10 02:30:17,phone,complete
16682,1030,29,2025-07-09 03:38:12,mobile,complete
16683,398,11,2025-12-27 22:52:44,store,complete
16684,1241,21,2025-03-01 02:25:41,mobile,complete
16685,1046,20,2025-07-27 00:17:01,phone,complete
16686,381,27,2025-06-27 04:47:35,phone,complete
16687,674,3,2025-03-31 18:06:15,phone,returned
16688,537,32,2025-11-08 14:42:19,phone,returned
16689,1240,37,2025-09-03 13:28:56,store,returned
16690,572,34,2025-02-05 10:38:33,mobile,complete
16691,1153,10,2025-09-28 10:12:01,phone,returned
16692,983,32,2025-08-19 13:58:12,store,cancelled
16693,882,26,2025-11-11 02:20:16,phone,complete
16694,1008,8,2025-08-02 19:30:38,phone,cancelled
16695,1076,22,2025-03-13 11:41:44,store,returned
16696,1311,38,2025-07-27 21:27:13,mobile,complete
16697,503,24,2025-12-13 07:45:16,store,complete
16698,484,38,2025-06-23 19:01:33,mobile,complete
16699,591,19,2025-01-18 10:53:34,phone,complete
16700,1452,7,2025-10-15 04:40:28,mobile,complete
16701,237,14,2025-04-03 17:37:28,web,complete
16702,643,12,2025-10-20 04:30:27,phone,returned
16703,217,39,2025-04-16 11:06:07,web,cancelled
16704,378,9,2025-08-09 05:52:16,web,cancelled
16705,921,2,2025-01-31 04:22:37,store,returned
16706,1479,2,2025-03-12 04:41:52,mobile,complete
16707,1062,40,2025-04-28 21:44:03,mobile,complete
16708,1368,35,2025-12-13 14:47:05,web,cancelled
16709,441,31,2025-07-03 04:26:58,mobile,cancelled
16710,691,22,2025-10-13 10:17:24,mobile,complete
16711,752,24,2025-07-22 02:43:49,phone,complete
16712,1454,12,2025-04-13 16:47:22,phone,complete
16713,148,30,2025-01-23 04:09:23,web,complete
16714,230,13,2025-07-14 11:57:05,mobile,complete
16715,470,26,2025-02-10 07:28:47,mobile,complete
16716,1059,21,2025-05-09 03:54:51,mobile,returned
16717,337,18,2025-05-10 06:12:33,store,complete
16718,974,35,2025-09-05 18:33:23,phone,complete
16719,1080,11,2025-02-16 15:22:50,phone,complete
16720,90,37,2025-12-06 08:42:19,phone,complete
16721,539,30,2025-05-05 05:40:27,phone,returned
16722,483,10,2025-05-25 08:29:12,phone,complete
16723,61,24,2025-07-17 11:30:40,mobile,cancelled
16724,1127,8,2025-02-06 04:08:43,store,complete
16725,6,36,2025-01-31 03:51:51,web,returned
16726,174,12,2025-09-28 08:27:47,store,complete
16727,1180,22,2025-04-13 01:26:44,mobile,complete
16728,1054,20,2025-11-21 10:09:32,phone,complete
16729,706,7,2025-04-02 19:52:34,mobile,returned
16730,1141,22,2025-11-07 19:09:55,store,complete
16731,845,35,2025-05-30 03:02:06,phone,complete
16732,265,11,2025-04-26 16:23:40,web,complete
16733,1277,37,2025-04-28 00:48:05,web,complete
16734,493,15,2025-11-02 02:12:02,web,complete
16735,817,13,2025-03-14 11:45:23,web,complete
16736,403,20,2025-10-21 19:00:48,store,returned
16737,299,6,2025-02-14 03:08:56,web,complete
16738,1184,26,2025-05-17 14:41:31,mobile,returned
16739,201,23,2025-08-14 06:42:12,mobile,cancelled
16740,1463,4,2025-09-29 21:48:11,web,complete
16741,859,12,2025-03-17 11:52:17,web,complete
16742,786,6,2025-12-06 01:17:30,store,complete
16743,1425,4,2025-03-04 08:38:39,phone,returned
16744,1450,11,2025-11-19 20:31:28,mobile,cancelled
16745,529,3,2025-10-21 15:21:44,web,complete
16746,70,37,2025-07-17 10:02:00,mobile,complete
16747,876,12,2025-11-03 16:58:37,store,complete
16748,1355,13,2025-02-01 03:06:01,store,complete
16749,550,12,2025-10-11 02:08:31,web,complete
16750,274,38,2025-10-12 02:33:44,store,returned
16751,385,28,2025-06-03 14:47:58,store,complete
16752,606,14,2025-02-09 08:49:49,web,complete
16753,294,33,2025-10-12 13:05:18,store,returned
16754,594,22,2025-07-22 04:28:03,phone,returned
16755,693,22,2025-02-24 00:38:10,web,cancelled
16756,878,31,2025-06-12 12:30:09,phone,complete
16757,618,24,2025-01-23 03:36:02,phone,returned
16758,11,38,2025-11-20 22:29:45,store,cancelled
16759,479,19,2025-11-10 06:31:07,phone,complete
16760,442,18,2025-01-09 05:38:28,phone,cancelled
16761,917,11,2025-09-14 21:05:20,mobile,complete
16762,322,37,2025-10-19 00:40:03,phone,complete
16763,897,3,2025-11-11 11:38:13,web,complete
16764,641,24,2025-11-11 08:01:51,phone,returned
16765,884,10,2025-07-24 00:47:01,store,complete
16766,350,18,2025-06-20 11:33:29,web,returned
16767,873,29,2025-09-16 02:37:48,mobile,complete
16768,1298,36,2025-10-19 19:53:27,mobile,complete
16769,34,34,2025-12-21 05:51:32,web,returned
16770,1062,24,2025-09-03 15:56:11,mobile,complete
16771,194,11,2025-01-03 09:29:04,mobile,complete
16772,965,40,2025-05-25 22:07:52,web,complete
16773,214,25,2025-02-14 17:23:35,store,complete
16774,833,34,2025-12-05 15:08:51,phone,complete
16775,754,27,2025-04-17 01:16:05,store,complete
16776,249,1,2025-08-31 04:42:11,store,complete
16777,678,7,2025-10-06 20:12:57,mobile,cancelled
16778,677,38,2025-02-06 16:24:50,mobile,returned
16779,42,22,2025-04-11 22:05:23,mobile,returned
16780,1082,14,2025-03-28 02:11:56,store,complete
16781,683,22,2025-11-13 14:56:37,mobile,complete
16782,1265,5,2025-01-06 05:25:38,mobile,complete
16783,603,16,2025-09-05 17:09:36,web,returned
16784,364,13,2025-01-05 17:41:06,store,cancelled
16785,103,14,2025-04-28 04:22:50,store,complete
16786,507,4,2025-12-21 01:32:21,store,complete
16787,1390,11,2025-12-20 13:40:05,web,cancelled
16788,1227,5,2025-09-12 12:28:23,web,returned
16789,727,7,2025-08-11 17:28:14,web,cancelled
16790,242,2,2025-06-10 18:09:07,web,complete
16791,909,23,2025-09-13 03:37:50,phone,returned
16792,577,30,2025-09-08 09:45:15,phone,returned
16793,122,17,2025-01-08 18:18:52,phone,returned
16794,926,37,2025-06-01 08:32:07,mobile,cancelled
16795,28,17,2025-04-22 00:25:40,store,cancelled
16796,79,28,2025-08-12 18:23:00,web,complete
16797,1262,22,2025-06-21 13:08:08,store,cancelled
16798,709,7,2025-05-18 12:59:08,store,complete
16799,772,9,2025-08-25 15:48:53,mobile,complete
16800,1367,35,2025-12-14 21:33:45,phone,cancelled
16801,346,39,2025-02-26 16:10:19,web,complete
16802,503,10,2025-07-18 23:16:11,store,cancelled
16803,621,18,2025-08-02 01:23:34,mobile,complete
16804,1205,27,2025-04-21 06:18:09,store,cancelled
16805,585,12,2025-05-29 15:04:06,web,complete
16806,1044,12,2025-03-15 04:16:13,store,cancelled
16807,283,35,2025-12-10 08:44:23,web,complete
16808,212,13,2025-09-21 19:03:51,mobile,complete
16809,410,28,2025-01-12 22:56:29,store,returned
16810,1322,34,2025-10-28 07:42:49,store,complete
16811,117,26,2025-06-19 15:24:17,mobile,complete
16812,718,30,2025-05-05 10:17:17,web,cancelled
16813,1472,10,2025-01-17 20:12:20,store,complete
16814,461,31,2025-04-24 19:49:16,web,complete
16815,930,40,2025-07-09 11:25:45,store,complete
16816,1138,29,2025-06-05 20:24:33,mobile,complete
16817,525,21,2025-07-25 13:36:11,store,complete
16818,239,1,2025-02-14 09:31:23,store,complete
16819,1464,5,2025-12-06 22:24:06,store,complete
16820,1267,29,2025-11-14 23:40:42,phone,cancelled
16821,479,22,2025-01-13 03:04:33,store,cancelled
16822,1410,9,2025-12-03 15:03:00,mobile,returned
16823,301,26,2025-11-09 17:33:51,phone,complete
16824,608,12,2025-03-27 01:42:46,web,complete
16825,14,32,2025-08-10 11:53:21,mobile,complete
16826,293,36,2025-11-28 09:32:08,mobile,complete
16827,364,37,2025-02-14 09:04:58,mobile,complete
16828,835,28,2025-10-04 18:35:42,web,cancelled
16829,286,22,2025-01-28 03:22:05,store,complete
16830,1400,37,2025-04-10 00:49:44,mobile,complete
16831,897,36,2025-05-09 11:30:53,mobile,cancelled
16832,716,30,2025-08-11 09:55:36,store,complete
16833,1476,39,2025-06-29 16:34:21,phone,complete
16834,840,23,2025-04-07 02:39:36,web,returned
16835,1280,28,2025-02-22 01:55:01,mobile,complete
16836,1306,27,2025-12-02 10:15:40,web,cancelled
16837,777,16,2025-12-27 21:06:01,web,complete
16838,81,36,2025-05-01 02:50:15,mobile,complete
16839,1353,31,2025-10-08 02:29:38,phone,returned
16840,1078,39,2025-06-16 08:02:01,mobile,complete
16841,1026,29,2025-10-30 11:21:05,web,cancelled
16842,512,17,2025-10-30 20:20:01,web,complete
16843,821,32,2025-12-22 21:11:24,store,complete
16844,438,18,2025-12-28 18:39:59,phone,complete
16845,843,18,2025-06-11 16:06:57,mobile,complete
16846,261,37,2025-08-11 07:23:25,phone,complete
16847,342,8,2025-02-01 02:24:45,phone,complete
16848,890,10,2025-05-02 06:06:15,web,cancelled
16849,83,37,2025-04-25 13:17:04,phone,cancelled
16850,103,27,2025-04-19 05:47:09,store,complete
16851,431,9,2025-06-16 20:43:50,web,complete
16852,1250,30,2025-03-23 05:29:21,phone,complete
16853,1121,39,2025-02-19 14:15:09,web,cancelled
16854,1079,30,2025-02-25 12:31:20,store,returned
16855,1217,18,2025-07-12 15:38:48,mobile,complete
16856,1017,31,2025-08-29 00:07:25,store,complete
16857,1257,3,2025-05-26 23:05:42,store,cancelled
16858,795,29,2025-09-21 17:31:23,phone,complete
16859,1285,31,2025-09-22 07:29:03,mobile,complete
16860,1169,4,2025-11-18 00:05:42,mobile,returned
16861,1349,30,2025-06-25 05:11:01,mobile,cancelled
16862,443,39,2025-02-17 15:29:15,mobile,cancelled
16863,493,28,2025-07-23 18:18:39,web,complete
16864,1071,9,2025-02-05 12:20:20,mobile,complete
16865,1294,20,2025-02-05 08:58:07,web,complete
16866,674,22,2025-11-03 15:55:49,phone,cancelled
16867,1339,40,2025-08-07 21:03:51,store,complete
16868,447,21,2025-02-02 11:11:17,web,cancelled
16869,115,33,2025-05-22 00:27:29,web,complete
16870,683,10,2025-11-24 23:29:22,web,cancelled
16871,115,2,2025-08-23 12:46:11,mobile,cancelled
16872,1338,33,2025-10-08 17:45:41,store,cancelled
16873,478,27,2025-02-03 15:16:40,mobile,cancelled
16874,504,5,2025-01-24 10:17:14,mobile,complete
16875,202,7,2025-10-05 23:36:55,store,complete
16876,173,9,2025-10-20 06:59:00,store,complete
16877,834,32,2025-12-03 22:53:44,store,complete
16878,358,4,2025-12-03 18:00:21,mobile,returned
16879,81,2,2025-01-19 04:36:48,mobile,complete
16880,660,39,2025-03-04 21:28:41,phone,complete
16881,964,10,2025-11-20 11:23:08,mobile,returned
16882,115,9,2025-09-02 00:02:54,phone,complete
16883,798,10,2025-11-30 20:02:29,web,complete
16884,68,21,2025-04-10 06:03:27,mobile,complete
16885,1005,11,2025-10-11 22:02:11,mobile,complete
16886,471,31,2025-01-25 18:45:40,web,complete
16887,251,11,2025-02-19 00:14:47,web,cancelled
16888,67,37,2025-01-27 20:47:19,phone,cancelled
16889,861,32,2025-09-02 17:32:58,mobile,complete
16890,41,32,2025-08-31 00:10:26,mobile,complete
16891,437,26,2025-05-30 01:07:42,phone,complete
16892,108,18,2025-07-11 23:34:58,mobile,complete
16893,411,19,2025-08-31 05:26:44,store,complete
16894,60,20,2025-06-19 21:51:19,store,cancelled
16895,792,30,2025-11-09 04:23:09,store,complete
16896,1305,11,2025-03-11 13:15:39,web,returned
16897,1225,30,2025-03-17 14:17:38,mobile,complete
16898,1152,7,2025-04-08 00:54:39,web,complete
16899,1450,9,2025-05-22 00:12:51,web,complete
16900,1385,26,2025-06-13 07:05:43,web,complete
16901,808,19,2025-06-17 06:38:08,web,complete
16902,59,17,2025-09-06 17:28:34,mobile,complete
16903,998,23,2025-11-19 14:14:55,mobile,cancelled
16904,539,32,2025-12-31 06:20:29,store,complete
16905,138,3,2025-03-22 10:18:17,mobile,complete
16906,586,1,2025-08-01 20:49:21,store,complete
16907,1363,14,2025-03-20 06:39:47,web,complete
16908,936,16,2025-05-04 02:39:52,phone,complete
16909,838,1,2025-05-15 15:41:38,mobile,complete
16910,1135,39,2025-11-14 09:15:25,store,returned
16911,856,4,2025-10-15 16:41:28,phone,returned
16912,1054,25,2025-11-04 12:00:11,mobile,complete
16913,39,33,2025-11-19 18:59:41,mobile,complete
16914,1467,2,2025-08-11 09:11:27,store,returned
16915,557,35,2025-01-15 01:19:26,mobile,cancelled
16916,619,29,2025-09-08 13:28:34,mobile,returned
16917,456,9,2025-04-04 14:54:40,mobile,complete
16918,1169,25,2025-07-02 19:22:59,store,complete
16919,1226,7,2025-08-21 21:31:14,mobile,complete
16920,882,27,2025-01-04 19:50:22,phone,complete
16921,744,1,2025-08-26 03:15:22,web,cancelled
16922,301,20,2025-04-25 03:19:52,store,complete
16923,298,5,2025-10-31 15:20:06,web,cancelled
16924,426,3,2025-01-13 21:25:14,store,complete
16925,784,23,2025-05-15 18:21:18,phone,complete
16926,545,19,2025-12-15 11:02:53,mobile,returned
16927,276,26,2025-02-02 11:21:20,store,complete
16928,703,36,2025-02-12 13:31:43,store,cancelled
16929,11,4,2025-04-21 14:19:15,web,cancelled
16930,457,26,2025-07-25 18:10:03,web,complete
16931,350,15,2025-10-29 15:28:56,store,complete
16932,46,1,2025-02-03 05:06:29,web,complete
16933,1176,30,2025-11-05 04:58:20,phone,complete
16934,756,13,2025-09-23 04:34:09,mobile,returned
16935,984,15,2025-06-14 17:10:31,web,cancelled
16936,689,27,2025-06-18 19:24:29,store,complete
16937,1394,18,2025-07-21 01:50:01,mobile,returned
16938,967,38,2025-07-18 23:10:39,web,complete
16939,436,13,2025-02-15 03:31:43,mobile,returned
16940,710,19,2025-06-14 11:02:55,store,complete
16941,1190,15,2025-12-01 02:04:12,phone,complete
16942,1061,34,2025-07-09 06:02:51,mobile,returned
16943,878,26,2025-12-03 22:50:31,mobile,complete
16944,1324,21,2025-03-18 14:38:30,mobile,returned
16945,822,6,2025-03-26 16:02:17,web,complete
16946,45,4,2025-12-23 09:01:13,store,cancelled
16947,29,21,2025-11-12 08:56:04,web,complete
16948,276,17,2025-07-06 09:23:06,web,complete
16949,619,31,2025-02-02 07:34:07,web,cancelled
16950,720,7,2025-09-24 17:22:20,store,complete
16951,1,35,2025-08-28 18:33:12,web,complete
16952,1266,31,2025-04-14 15:04:46,store,cancelled
16953,1403,17,2025-10-22 12:11:24,mobile,complete
16954,1107,23,2025-12-09 03:17:53,store,complete
16955,1350,27,2025-10-11 00:21:34,web,complete
16956,833,2,2025-06-18 08:21:00,phone,complete
16957,33,1,2025-03-22 04:23:43,mobile,complete
16958,724,19,2025-03-17 08:54:24,mobile,returned
16959,277,9,2025-04-26 10:35:12,web,complete
16960,1078,6,2025-02-10 23:38:24,phone,complete
16961,612,15,2025-12-12 06:29:54,mobile,complete
16962,952,23,2025-04-12 19:58:40,web,cancelled
16963,146,40,2025-02-08 05:33:40,mobile,returned
16964,421,39,2025-01-02 04:46:46,web,complete
16965,324,32,2025-01-17 17:09:37,mobile,complete
16966,597,16,2025-02-26 02:15:36,store,cancelled
16967,998,31,2025-09-07 03:40:39,phone,returned
16968,783,21,2025-08-02 00:10:55,web,complete
16969,12,26,2025-07-01 14:42:50,web,complete
16970,565,25,2025-07-18 07:15:53,mobile,complete
16971,1462,20,2025-05-15 19:10:18,mobile,complete
16972,1171,3,2025-10-03 01:20:17,mobile,complete
16973,220,21,2025-12-04 10:23:32,web,complete
16974,767,21,2025-09-16 06:25:13,store,complete
16975,22,26,2025-12-27 01:04:44,store,cancelled
16976,50,2,2025-11-08 01:52:26,mobile,cancelled
16977,207,12,2025-01-06 12:39:30,store,complete
16978,169,23,2025-09-18 17:21:37,mobile,complete
16979,464,5,2025-11-15 22:16:08,phone,complete
16980,540,8,2025-04-12 05:24:15,web,returned
16981,304,22,2025-05-04 13:51:14,phone,cancelled
16982,774,34,2025-12-18 00:35:33,mobile,returned
16983,713,25,2025-12-03 18:10:47,web,returned
16984,738,17,2025-03-12 01:11:20,mobile,complete
16985,1036,13,2025-10-04 03:45:57,phone,complete
16986,489,39,2025-12-20 13:15:03,phone,complete
16987,964,18,2025-08-04 09:52:56,web,returned
16988,401,40,2025-12-09 14:41:46,phone,complete
16989,1215,21,2025-02-27 20:55:18,store,complete
16990,1193,8,2025-09-11 11:55:41,phone,complete
16991,1104,17,2025-09-23 13:28:13,phone,cancelled
16992,470,17,2025-10-11 16:16:11,store,complete
16993,823,16,2025-12-22 03:01:10,phone,cancelled
16994,1273,6,2025-02-12 11:06:39,mobile,complete
16995,665,4,2025-04-19 18:41:44,phone,complete
16996,1416,17,2025-06-21 23:09:44,mobile,complete
16997,1059,39,2025-12-15 12:58:05,web,complete
16998,242,29,2025-09-16 14:56:22,phone,returned
16999,1231,35,2025-04-11 01:48:21,web,cancelled
17000,784,38,2025-12-29 09:27:59,mobile,returned
17001,116,21,2025-10-25 21:23:41,store,complete
17002,166,3,2025-04-20 03:09:45,store,returned
17003,926,3,2025-09-29 15:13:21,web,complete
17004,500,35,2025-01-24 04:11:02,mobile,complete
17005,472,24,2025-09-20 05:58:52,phone,cancelled
17006,1266,9,2025-05-09 08:49:19,web,complete
17007,287,23,2025-10-07 19:32:32,web,returned
17008,1121,24,2025-11-10 05:41:51,phone,complete
17009,328,11,2025-03-06 11:04:17,web,complete
17010,975,31,2025-12-04 09:05:02,web,complete
17011,249,32,2025-04-26 23:47:53,phone,complete
17012,820,11,2025-07-05 00:38:58,phone,returned
17013,1009,18,2025-12-06 11:08:21,mobile,returned
17014,1310,39,2025-11-30 09:21:08,mobile,cancelled
17015,644,21,2025-08-20 22:59:16,store,returned
17016,216,31,2025-07-31 23:00:49,store,cancelled
17017,15,26,2025-02-16 16:37:23,phone,cancelled
17018,884,39,2025-10-15 20:34:49,mobile,cancelled
17019,1055,20,2025-08-06 02:13:42,mobile,complete
17020,1101,19,2025-10-08 01:09:37,mobile,complete
17021,1451,36,2025-05-02 08:45:43,store,cancelled
17022,379,33,2025-09-26 08:20:23,phone,complete
17023,192,15,2025-01-29 10:57:06,store,complete
17024,1126,16,2025-12-15 06:15:07,store,complete
17025,1188,17,2025-05-18 19:35:13,phone,cancelled
17026,782,29,2025-11-17 16:02:25,store,complete
17027,7,35,2025-08-21 21:12:14,phone,complete
17028,980,34,2025-04-06 06:33:14,phone,cancelled
17029,1266,12,2025-11-13 21:05:32,mobile,cancelled
17030,1390,1,2025-09-05 21:53:04,web,complete
17031,830,36,2025-04-20 10:52:56,mobile,cancelled
17032,469,5,2025-02-25 19:13:59,mobile,complete
17033,1173,28,2025-05-11 21:08:42,store,complete
17034,721,2,2025-10-17 13:30:51,phone,complete
17035,578,39,2025-02-12 06:14:13,phone,complete
17036,1141,39,2025-07-17 11:15:50,phone,complete
17037,695,2,2025-06-09 19:43:46,mobile,cancelled
17038,779,18,2025-03-28 02:33:03,store,cancelled
17039,124,8,2025-09-13 11:19:34,web,returned
17040,358,28,2025-02-08 23:41:41,web,complete
17041,1367,9,2025-04-04 08:33:26,web,complete
17042,16,33,2025-04-08 15:52:57,mobile,returned
17043,1340,2,2025-11-26 13:39:45,mobile,complete
17044,1054,6,2025-12-25 20:22:03,web,complete
17045,1232,9,2025-01-05 01:27:57,web,complete
17046,112,13,2025-02-03 17:54:22,web,complete
17047,89,3,2025-07-03 14:26:23,mobile,complete
17048,354,40,2025-11-19 19:32:21,mobile,complete
17049,358,28,2025-08-14 23:39:14,web,complete
17050,237,12,2025-08-01 05:00:22,phone,cancelled
17051,310,31,2025-06-21 17:28:48,phone,returned
17052,628,13,2025-10-16 05:14:04,web,complete
17053,1378,39,2025-01-03 12:32:14,phone,complete
17054,1473,39,2025-06-28 18:32:58,web,complete
17055,752,29,2025-07-17 09:48:21,store,cancelled
17056,468,39,2025-10-12 22:28:38,phone,complete
17057,900,39,2025-09-22 05:00:00,web,cancelled
17058,1171,30,2025-06-01 06:10:06,web,cancelled
17059,439,3,2025-01-13 01:11:02,mobile,complete
17060,817,23,2025-09-13 17:02:42,web,returned
17061,1460,9,2025-10-17 12:21:54,phone,complete
17062,438,13,2025-01-06 11:12:56,store,returned
17063,363,6,2025-05-02 10:28:42,web,returned
17064,1199,2,2025-03-03 01:26:42,mobile,cancelled
17065,978,22,2025-11-03 06:57:03,mobile,complete
17066,1175,22,2025-01-26 03:16:25,store,complete
17067,1356,40,2025-01-26 04:45:36,mobile,complete
17068,767,21,2025-07-24 12:04:48,web,complete
17069,903,31,2025-07-19 06:39:17,store,complete
17070,171,9,2025-08-07 04:22:47,store,complete
17071,867,25,2025-05-02 02:08:06,store,returned
17072,1021,23,2025-05-19 09:16:44,store,cancelled
17073,226,14,2025-02-19 13:21:21,phone,cancelled
17074,1202,12,2025-01-02 23:14:11,store,complete
17075,368,7,2025-08-11 13:19:16,mobile,complete
17076,719,38,2025-07-19 03:01:11,store,complete
17077,608,11,2025-06-12 06:28:55,web,complete
17078,1167,8,2025-10-03 13:21:52,store,returned
17079,1182,21,2025-08-11 06:15:55,phone,complete
17080,771,15,2025-06-05 10:37:29,mobile,complete
17081,253,5,2025-09-14 01:34:37,web,complete
17082,581,28,2025-11-22 01:43:59,phone,complete
17083,1107,22,2025-05-01 20:12:40,mobile,complete
17084,491,25,2025-11-04 14:36:42,phone,cancelled
17085,1499,32,2025-06-21 22:29:50,web,cancelled
17086,612,30,2025-01-04 11:52:13,mobile,complete
17087,1185,13,2025-12-31 01:51:52,web,complete
17088,293,17,2025-11-06 05:50:25,web,complete
17089,1203,19,2025-11-06 02:28:47,store,returned
17090,1398,20,2025-07-09 05:09:41,web,returned
17091,1309,33,2025-04-07 16:14:08,mobile,complete
17092,1435,4,2025-04-17 05:05:06,store,complete
17093,1416,8,2025-12-24 04:57:00,store,cancelled
17094,1439,32,2025-04-30 18:05:49,web,complete
17095,1093,23,2025-02-22 16:21:51,phone,complete
17096,1328,19,2025-01-10 09:08:05,store,complete
17097,754,3,2025-02-18 11:14:41,store,returned
17098,194,6,2025-02-03 11:04:57,mobile,complete
17099,509,23,2025-04-14 23:21:45,mobile,complete
17100,26,25,2025-04-07 18:50:29,phone,complete
17101,903,29,2025-09-26 23:17:03,phone,cancelled
17102,1127,37,2025-09-03 15:19:06,mobile,complete
17103,1437,35,2025-10-03 11:56:02,phone,complete
17104,753,4,2025-05-19 15:37:39,phone,complete
17105,296,13,2025-02-21 20:56:14,phone,complete
17106,174,5,2025-09-18 16:33:14,mobile,cancelled
17107,783,3,2025-06-20 03:42:09,phone,complete
17108,690,12,2025-03-09 20:37:49,phone,returned
17109,1445,2,2025-10-25 00:40:58,phone,complete
17110,1101,11,2025-02-19 14:20:39,store,cancelled
17111,1198,16,2025-01-27 11:57:28,phone,complete
17112,1464,14,2025-07-25 05:09:59,store,complete
17113,322,10,2025-07-10 07:24:47,store,complete
17114,385,30,2025-11-19 04:44:53,phone,returned
17115,1425,21,2025-04-15 23:38:23,mobile,cancelled
17116,282,23,2025-03-25 14:49:46,web,complete
17117,1184,3,2025-05-15 18:41:46,mobile,complete
17118,1398,26,2025-11-19 18:13:45,web,complete
17119,135,40,2025-02-19 12:39:35,mobile,cancelled
17120,1386,20,2025-09-04 21:08:22,phone,complete
17121,325,23,2025-11-14 16:58:17,web,complete
17122,546,2,2025-09-02 23:53:56,web,cancelled
17123,1377,12,2025-07-10 17:13:44,phone,complete
17124,917,5,2025-03-25 09:29:05,mobile,complete
17125,752,10,2025-09-05 18:37:40,mobile,returned
17126,328,1,2025-09-11 20:59:18,phone,complete
17127,50,6,2025-08-25 20:14:50,web,returned
17128,839,21,2025-11-13 23:58:40,web,complete
17129,1390,39,2025-02-25 03:48:50,mobile,cancelled
17130,1106,6,2025-02-10 02:12:05,mobile,returned
17131,1210,32,2025-12-07 09:39:24,store,cancelled
17132,933,23,2025-02-20 03:08:18,store,complete
17133,139,11,2025-11-19 00:20:49,mobile,complete
17134,1095,36,2025-10-20 15:30:49,phone,cancelled
17135,979,13,2025-09-22 04:10:43,mobile,returned
17136,870,11,2025-11-17 10:58:52,phone,cancelled
17137,1412,32,2025-04-27 01:46:32,phone,complete
17138,742,36,2025-04-12 16:27:42,web,cancelled
17139,541,29,2025-04-20 08:53:23,store,returned
17140,893,8,2025-09-14 02:31:02,phone,complete
17141,675,26,2025-05-20 09:16:55,phone,complete
17142,1337,10,2025-10-06 18:35:17,store,complete
17143,836,32,2025-03-19 03:55:20,store,complete
17144,606,23,2025-04-20 10:14:11,store,complete
17145,435,20,2025-06-13 12:13:11,web,complete
17146,93,23,2025-09-20 21:20:36,web,returned
17147,758,37,2025-04-16 21:14:04,phone,complete
17148,1124,22,2025-06-07 06:49:33,phone,cancelled
17149,280,32,2025-05-22 11:15:56,mobile,complete
17150,1176,26,2025-11-02 03:05:27,web,cancelled
17151,1165,6,2025-12-01 07:04:37,web,complete
17152,431,36,2025-07-16 19:04:11,web,complete
17153,371,21,2025-12-07 18:50:31,phone,returned
17154,381,19,2025-08-17 00:26:05,store,complete
17155,1272,25,2025-10-21 08:35:32,web,cancelled
17156,732,10,2025-07-09 03:14:56,store,cancelled
17157,632,24,2025-07-16 00:02:40,store,returned
17158,20,9,2025-11-18 11:11:04,phone,complete
17159,758,18,2025-01-19 09:40:51,store,complete
17160,1267,36,2025-02-17 23:57:14,web,cancelled
17161,1232,19,2025-07-01 20:25:39,phone,cancelled
17162,738,8,2025-12-20 12:01:29,store,complete
17163,118,7,2025-11-29 08:52:12,phone,complete
17164,882,4,2025-10-01 00:56:55,phone,complete
17165,338,28,2025-10-19 11:40:31,mobile,complete
17166,875,26,2025-03-11 06:06:07,web,complete
17167,1242,31,2025-06-17 01:27:25,store,returned
17168,280,27,2025-10-14 12:49:34,web,cancelled
17169,1202,3,2025-12-11 01:18:12,mobile,complete
17170,82,5,2025-08-24 02:36:39,mobile,complete
17171,167,14,2025-04-04 20:12:12,store,complete
17172,863,34,2025-03-15 15:54:51,web,complete
17173,1477,5,2025-06-11 12:13:39,mobile,complete
17174,308,24,2025-08-27 09:28:53,store,complete
17175,1182,12,2025-05-09 18:54:05,store,complete
17176,358,40,2025-12-14 17:22:38,store,complete
17177,333,22,2025-11-23 23:34:29,web,returned
17178,1297,24,2025-08-08 13:35:59,store,returned
17179,1258,14,2025-04-25 10:05:26,phone,complete
17180,328,10,2025-09-25 07:32:52,web,cancelled
17181,261,27,2025-05-21 09:03:01,store,returned
17182,347,8,2025-10-15 09:18:13,phone,complete
17183,1342,27,2025-06-28 11:34:46,store,returned
17184,291,15,2025-12-16 23:12:10,web,returned
17185,512,17,2025-09-12 09:19:58,store,complete
17186,1262,38,2025-05-31 00:09:18,web,complete
17187,1332,22,2025-09-30 10:00:08,mobile,returned
17188,351,11,2025-11-08 02:28:07,web,cancelled
17189,699,26,2025-05-08 03:59:13,web,complete
17190,1233,33,2025-11-11 18:47:03,mobile,complete
17191,764,7,2025-08-04 16:28:22,store,returned
17192,571,8,2025-01-04 11:20:42,mobile,complete
17193,62,19,2025-05-03 23:23:53,mobile,returned
17194,23,29,2025-09-14 17:24:34,store,complete
17195,282,21,2025-09-19 19:52:43,store,complete
17196,856,1,2025-07-29 13:51:05,web,cancelled
17197,37,23,2025-12-28 21:14:45,mobile,complete
17198,725,19,2025-12-11 09:20:34,mobile,returned
17199,452,8,2025-04-01 20:38:02,mobile,cancelled
17200,1169,39,2025-07-07 20:09:16,phone,cancelled
17201,571,15,2025-04-22 15:32:15,mobile,complete
17202,42,35,2025-02-01 11:22:09,phone,returned
17203,73,34,2025-07-06 16:56:48,web,returned
17204,1327,27,2025-06-24 11:02:34,phone,cancelled
17205,565,32,2025-11-07 20:44:43,phone,returned
17206,973,27,2025-05-29 20:18:37,phone,complete
17207,1398,2,2025-07-14 21:41:30,store,cancelled
17208,1427,25,2025-05-15 14:31:02,phone,cancelled
17209,1184,38,2025-05-20 12:09:43,mobile,cancelled
17210,727,17,2025-09-02 19:15:47,web,complete
17211,1122,8,2025-09-28 10:41:19,phone,cancelled
17212,604,11,2025-08-06 04:23:22,web,complete
17213,1466,7,2025-01-14 22:08:41,mobile,cancelled
17214,102,4,2025-08-02 03:58:42,phone,complete
17215,957,31,2025-05-22 11:36:55,store,complete
17216,1057,26,2025-11-08 23:22:48,phone,complete
17217,1300,29,2025-03-23 09:59:53,mobile,complete
17218,523,36,2025-08-03 16:39:10,store,complete
17219,1270,4,2025-11-16 21:22:14,phone,cancelled
17220,930,29,2025-12-27 14:07:44,store,complete
17221,1266,37,2025-01-10 04:22:52,store,cancelled
17222,462,6,2025-04-03 22:51:53,web,complete
17223,210,38,2025-09-13 00:13:02,mobile,complete
17224,1327,30,2025-03-12 15:33:49,web,cancelled
17225,1490,33,2025-11-19 15:05:17,phone,complete
17226,271,37,2025-06-07 07:44:43,phone,complete
17227,374,21,2025-06-08 20:00:27,mobile,returned
17228,1186,7,2025-09-30 21:40:52,phone,returned
17229,1087,29,2025-07-11 05:19:01,web,complete
17230,1104,19,2025-05-22 03:11:33,mobile,cancelled
17231,1487,19,2025-11-03 16:49:43,mobile,complete
17232,824,10,2025-07-26 23:35:35,phone,cancelled
17233,588,28,2025-07-04 01:44:09,store,cancelled
17234,1075,6,2025-02-23 20:17:27,mobile,complete
17235,762,12,2025-10-20 05:07:59,phone,complete
17236,758,28,2025-11-22 04:11:27,store,returned
17237,323,19,2025-04-01 19:57:29,store,returned
17238,447,1,2025-01-31 15:40:39,mobile,returned
17239,1180,15,2025-01-09 13:39:21,store,complete
17240,1387,38,2025-02-12 14:01:25,web,complete
17241,901,4,2025-09-05 13:08:10,web,returned
17242,1187,12,2025-05-12 06:31:43,phone,complete
17243,777,34,2025-01-15 08:19:42,mobile,complete
17244,971,13,2025-03-02 15:21:08,phone,returned
17245,1201,8,2025-05-21 07:15:27,web,complete
17246,1267,30,2025-01-28 02:35:23,web,returned
17247,217,16,2025-06-23 13:03:11,store,complete
17248,133,27,2025-01-08 03:14:58,phone,complete
17249,883,16,2025-10-24 07:13:06,phone,returned
17250,1113,11,2025-05-07 10:36:29,mobile,complete
17251,1040,34,2025-10-11 06:12:55,phone,complete
17252,558,26,2025-04-21 19:40:09,web,returned
17253,477,22,2025-10-06 22:23:37,web,returned
17254,1070,37,2025-03-06 11:45:19,store,complete
17255,1186,20,2025-09-20 01:23:04,store,complete
17256,588,3,2025-01-23 11:43:27,mobile,complete
17257,1317,8,2025-03-18 22:42:48,web,complete
17258,733,1,2025-05-19 17:13:47,mobile,complete
17259,311,22,2025-09-29 16:51:35,phone,cancelled
17260,686,31,2025-06-08 11:57:27,phone,complete
17261,396,28,2025-05-30 12:32:30,web,returned
17262,1124,9,2025-08-31 16:51:11,mobile,complete
17263,444,3,2025-10-03 09:19:10,phone,complete
17264,766,7,2025-09-02 13:00:12,store,complete
17265,1396,6,2025-04-10 12:06:08,phone,cancelled
17266,125,17,2025-06-14 08:54:00,store,returned
17267,178,4,2025-07-20 01:10:36,phone,complete
17268,404,1,2025-09-30 04:04:14,phone,cancelled
17269,622,5,2025-09-15 22:04:19,phone,complete
17270,1254,22,2025-11-28 18:59:09,web,returned
17271,1386,31,2025-08-23 02:44:15,phone,complete
17272,772,31,2025-10-29 23:34:07,web,returned
17273,880,14,2025-12-05 08:52:55,web,returned
17274,932,30,2025-09-14 00:42:38,web,complete
17275,930,26,2025-07-18 14:55:47,mobile,complete
17276,664,40,2025-05-09 13:48:08,web,complete
17277,923,11,2025-10-28 10:24:00,phone,complete
17278,1069,18,2025-09-23 16:35:29,phone,complete
17279,474,11,2025-09-03 20:45:40,store,returned
17280,289,5,2025-05-30 01:20:19,store,complete
17281,1245,25,2025-07-28 10:14:34,web,returned
17282,534,4,2025-08-30 02:43:43,phone,cancelled
17283,783,18,2025-01-20 08:17:45,store,complete
17284,1007,35,2025-07-22 00:14:25,phone,complete
17285,1437,34,2025-01-16 13:00:10,phone,cancelled
17286,1430,31,2025-02-05 21:16:26,web,returned
17287,1460,21,2025-04-22 23:16:16,store,complete
17288,1464,36,2025-08-23 12:11:30,mobile,complete
17289,676,25,2025-03-29 20:46:08,store,returned
17290,651,28,2025-04-08 18:33:15,store,returned
17291,724,31,2025-07-14 11:39:07,mobile,returned
17292,1202,17,2025-12-30 15:04:27,mobile,returned
17293,1181,27,2025-08-03 08:38:10,web,complete
17294,330,6,2025-05-04 07:40:39,mobile,cancelled
17295,1004,24,2025-02-13 02:19:09,phone,complete
17296,1148,12,2025-12-17 15:46:52,mobile,cancelled
17297,881,29,2025-08-08 07:53:45,phone,returned
17298,907,9,2025-01-10 01:53:21,mobile,complete
17299,490,3,2025-11-18 08:34:18,web,complete
17300,42,10,2025-08-27 01:39:52,store,complete
17301,173,4,2025-10-03 21:55:41,store,complete
17302,1399,7,2025-03-28 07:59:57,mobile,complete
17303,26,37,2025-03-04 18:20:47,store,complete
17304,1419,30,2025-06-03 17:30:49,phone,complete
17305,480,17,2025-06-12 07:41:11,web,returned
17306,772,10,2025-04-25 00:55:30,web,complete
17307,1136,40,2025-12-26 07:30:46,web,returned
17308,1407,31,2025-08-02 23:17:06,mobile,cancelled
17309,1450,12,2025-06-29 10:14:58,mobile,complete
17310,277,26,2025-05-17 20:50:55,mobile,complete
17311,855,21,2025-04-11 20:04:04,store,complete
17312,140,40,2025-05-16 07:26:13,store,complete
17313,1114,29,2025-12-22 08:35:27,store,cancelled
17314,167,25,2025-12-25 01:59:07,store,complete
17315,927,24,2025-01-15 18:41:54,store,returned
17316,1322,20,2025-06-26 02:55:17,store,returned
17317,305,13,2025-09-24 17:40:46,store,complete
17318,963,9,2025-10-27 23:51:36,mobile,complete
17319,1009,15,2025-10-29 14:03:25,store,complete
17320,1162,26,2025-09-01 08:39:09,phone,returned
17321,1212,11,2025-05-11 22:24:06,mobile,complete
17322,848,39,2025-10-23 08:06:44,web,complete
17323,642,14,2025-11-16 21:55:27,phone,complete
17324,691,1,2025-12-23 03:46:37,store,complete
17325,22,3,2025-05-11 17:50:41,phone,complete
17326,462,11,2025-04-09 21:42:56,mobile,complete
17327,880,2,2025-12-11 23:09:32,web,cancelled
17328,1163,4,2025-06-27 14:26:55,store,complete
17329,739,15,2025-07-12 00:34:40,store,cancelled
17330,629,21,2025-07-18 08:06:26,phone,cancelled
17331,1337,12,2025-06-11 20:52:04,phone,complete
17332,1349,24,2025-02-06 10:08:59,phone,returned
17333,1009,34,2025-03-11 15:37:33,store,returned
17334,1474,20,2025-10-05 11:41:39,store,cancelled
17335,687,22,2025-10-04 02:58:11,store,complete
17336,1457,12,2025-05-01 22:53:47,mobile,complete
17337,1363,10,2025-06-10 15:55:04,web,returned
17338,491,38,2025-10-31 07:45:15,phone,complete
17339,483,1,2025-02-09 02:45:51,store,complete
17340,1377,19,2025-01-20 05:28:59,mobile,returned
17341,612,10,2025-08-31 15:58:32,web,complete
17342,444,33,2025-03-19 00:24:07,mobile,returned
17343,799,13,2025-08-18 12:25:13,mobile,complete
17344,143,26,2025-02-01 02:35:28,store,cancelled
17345,1109,18,2025-07-23 03:57:56,mobile,complete
17346,267,3,2025-11-07 04:34:12,phone,complete
17347,1117,24,2025-01-08 20:14:34,mobile,complete
17348,1044,12,2025-02-05 23:40:10,mobile,complete
17349,718,40,2025-05-04 14:14:25,phone,complete
17350,1277,19,2025-11-23 21:49:09,mobile,cancelled
17351,618,17,2025-12-19 06:22:28,web,complete
17352,755,11,2025-11-10 05:04:52,web,complete
17353,1241,20,2025-08-21 06:25:38,web,complete
17354,506,10,2025-08-01 06:01:33,phone,complete
17355,1113,30,2025-05-07 14:20:17,store,complete
17356,874,21,2025-10-07 20:41:07,mobile,complete
17357,1280,40,2025-09-13 17:08:49,store,returned
17358,680,19,2025-09-04 14:49:26,phone,complete
17359,1002,4,2025-08-15 20:34:03,phone,complete
17360,1359,11,2025-10-01 12:35:13,store,complete
17361,1404,23,2025-01-18 03:22:10,phone,cancelled
17362,731,28,2025-01-28 22:24:10,web,cancelled
17363,16,17,2025-05-02 09:23:32,web,complete
17364,342,25,2025-02-22 03:41:38,mobile,complete
17365,449,5,2025-09-17 14:07:07,phone,complete
17366,436,29,2025-08-06 07:10:49,store,complete
17367,466,10,2025-11-26 03:55:27,phone,complete
17368,420,18,2025-05-01 07:28:31,store,complete
17369,359,31,2025-05-25 01:15:01,store,complete
17370,1363,32,2025-10-01 17:56:27,store,complete
17371,470,22,2025-08-24 02:41:58,phone,returned
17372,198,5,2025-03-09 03:33:31,mobile,complete
17373,1409,14,2025-06-04 05:06:11,web,returned
17374,609,7,2025-12-16 18:02:59,web,complete
17375,499,26,2025-11-04 08:36:08,mobile,complete
17376,426,11,2025-05-29 04:07:11,store,cancelled
17377,236,15,2025-07-30 11:45:30,mobile,complete
17378,392,30,2025-01-06 11:35:00,phone,cancelled
17379,471,7,2025-03-27 03:19:19,store,cancelled
17380,680,36,2025-06-16 12:04:39,mobile,complete
17381,1049,21,2025-12-26 16:34:04,web,complete
17382,1281,24,2025-05-04 10:57:15,web,complete
17383,625,6,2025-03-19 07:36:29,store,cancelled
17384,137,7,2025-03-26 18:10:20,mobile,cancelled
17385,603,8,2025-04-13 14:26:58,phone,cancelled
17386,1100,5,2025-09-28 20:54:26,web,cancelled
17387,427,40,2025-03-14 10:32:36,mobile,complete
17388,629,34,2025-09-23 15:50:43,mobile,complete
17389,784,32,2025-02-23 17:36:00,phone,returned
17390,822,19,2025-10-01 16:23:15,store,cancelled
17391,270,6,2025-09-07 11:16:37,store,complete
17392,526,3,2025-02-23 01:39:08,store,complete
17393,1130,28,2025-06-22 13:44:45,mobile,returned
17394,1237,3,2025-10-24 23:50:07,store,returned
17395,253,29,2025-12-12 16:03:05,phone,returned
17396,1462,5,2025-10-07 23:47:23,phone,complete
17397,147,28,2025-07-12 02:02:37,web,complete
17398,67,36,2025-10-04 03:34:56,mobile,complete
17399,1109,20,2025-02-08 00:50:43,mobile,complete
17400,986,38,2025-08-21 18:00:48,mobile,complete
17401,1346,30,2025-05-01 12:11:51,web,cancelled
17402,1376,9,2025-12-11 06:25:46,web,complete
17403,8,22,2025-09-16 11:11:45,phone,complete
17404,606,34,2025-12-01 20:39:46,store,complete
17405,814,34,2025-10-27 19:05:16,web,cancelled
17406,1302,19,2025-03-11 05:18:32,mobile,cancelled
17407,1282,20,2025-12-31 10:52:31,phone,complete
17408,637,28,2025-11-10 12:20:03,phone,complete
17409,273,3,2025-07-16 01:59:33,mobile,returned
17410,750,18,2025-06-27 20:15:54,store,complete
17411,1315,10,2025-03-07 06:57:27,store,returned
17412,944,21,2025-03-16 21:54:36,phone,complete
17413,71,25,2025-08-11 06:08:03,mobile,complete
17414,744,16,2025-09-14 19:43:20,mobile,complete
17415,1211,33,2025-05-25 09:17:14,store,cancelled
17416,1108,2,2025-03-21 21:02:51,store,cancelled
17417,519,9,2025-08-10 06:21:55,store,cancelled
17418,352,4,2025-02-13 03:26:42,store,complete
17419,633,38,2025-05-08 11:27:22,mobile,complete
17420,427,22,2025-03-04 08:08:41,mobile,complete
17421,845,15,2025-05-18 04:56:05,phone,complete
17422,525,20,2025-06-09 05:21:26,phone,cancelled
17423,1062,34,2025-05-22 18:15:08,web,cancelled
17424,1114,30,2025-10-16 18:39:32,mobile,complete
17425,622,19,2025-08-19 06:41:17,web,cancelled
17426,800,8,2025-01-08 10:19:40,phone,complete
17427,1062,35,2025-10-16 19:02:40,phone,complete
17428,201,15,2025-08-30 08:17:34,phone,complete
17429,112,35,2025-03-09 14:08:53,store,complete
17430,789,17,2025-11-12 07:30:36,phone,complete
17431,804,18,2025-04-10 21:29:29,phone,complete
17432,1278,5,2025-09-02 04:29:00,mobile,complete
17433,168,36,2025-08-28 11:50:31,web,complete
17434,264,19,2025-03-07 09:47:53,mobile,returned
17435,1194,38,2025-12-25 08:06:39,phone,returned
17436,8,40,2025-03-07 20:58:50,web,cancelled
17437,1453,37,2025-05-12 02:32:53,web,complete
17438,589,20,2025-01-23 23:28:48,web,complete
17439,217,9,2025-11-23 10:38:07,store,complete
17440,424,23,2025-06-29 10:29:50,mobile,returned
17441,781,29,2025-01-30 13:16:59,web,complete
17442,269,20,2025-01-26 00:54:36,web,complete
17443,214,21,2025-06-30 20:36:21,mobile,returned
17444,1307,23,2025-02-15 22:19:29,store,returned
17445,1238,7,2025-06-19 03:10:51,web,cancelled
17446,800,15,2025-12-22 06:27:41,web,complete
17447,291,7,2025-08-04 07:30:56,web,cancelled
17448,610,39,2025-02-02 06:03:43,store,complete
17449,90,30,2025-07-31 02:05:48,phone,returned
17450,1072,21,2025-11-23 12:09:34,web,returned
17451,956,37,2025-05-25 04:06:42,mobile,cancelled
17452,227,34,2025-10-21 18:35:48,store,complete
17453,861,12,2025-06-12 20:08:36,web,complete
17454,1406,33,2025-08-28 09:12:12,store,cancelled
17455,1281,12,2025-03-22 02:23:16,store,complete
17456,1451,12,2025-02-25 04:24:21,store,complete
17457,138,4,2025-12-27 16:28:40,store,returned
17458,207,14,2025-07-17 18:49:34,phone,complete
17459,192,11,2025-07-06 15:27:50,phone,returned
17460,955,12,2025-02-17 20:00:28,mobile,returned
17461,1232,36,2025-03-06 05:40:28,store,cancelled
17462,1228,17,2025-12-03 12:30:39,phone,complete
17463,1021,40,2025-06-26 04:39:30,phone,complete
17464,125,37,2025-02-13 06:54:25,phone,cancelled
17465,854,34,2025-07-17 05:37:53,mobile,complete
17466,1400,14,2025-12-04 02:07:23,store,returned
17467,1068,8,2025-12-26 16:05:02,store,complete
17468,1479,6,2025-01-06 11:43:41,mobile,complete
17469,2,30,2025-09-26 13:54:11,web,complete
17470,1340,19,2025-02-16 06:24:19,web,cancelled
17471,1188,28,2025-09-10 16:51:13,web,complete
17472,437,14,2025-12-30 05:30:29,web,complete
17473,1398,5,2025-06-06 18:28:01,mobile,complete
17474,1412,28,2025-12-02 15:31:04,phone,complete
17475,994,28,2025-02-18 12:06:26,mobile,complete
17476,1206,26,2025-08-03 23:09:46,mobile,cancelled
17477,893,16,2025-09-10 15:00:13,phone,complete
17478,205,21,2025-03-20 11:45:52,mobile,complete
17479,1289,14,2025-08-21 00:18:59,store,complete
17480,996,14,2025-12-16 11:07:02,store,complete
17481,1038,19,2025-12-29 18:39:33,mobile,complete
17482,712,15,2025-01-18 14:09:26,phone,returned
17483,373,22,2025-05-04 19:05:29,web,returned
17484,355,27,2025-10-20 20:34:27,phone,returned
17485,590,38,2025-10-05 20:54:37,mobile,complete
17486,620,13,2025-10-10 02:35:43,web,complete
17487,1006,36,2025-10-04 23:40:09,store,returned
17488,674,27,2025-05-07 21:31:17,mobile,returned
17489,9,38,2025-10-17 19:51:18,mobile,complete
17490,1128,8,2025-09-30 20:54:14,web,complete
17491,629,39,2025-02-26 10:27:17,mobile,returned
17492,82,6,2025-02-10 08:59:54,mobile,cancelled
17493,890,32,2025-01-15 18:28:26,web,complete
17494,716,7,2025-11-23 18:12:17,web,complete
17495,446,25,2025-01-04 12:28:44,mobile,complete
17496,1176,13,2025-11-28 16:10:13,mobile,returned
17497,1406,19,2025-06-03 09:36:37,mobile,returned
17498,270,18,2025-08-31 10:05:32,mobile,returned
17499,1417,21,2025-07-22 16:37:00,web,complete
17500,952,36,2025-10-27 15:02:54,phone,complete
17501,124,35,2025-09-21 00:25:00,store,complete
17502,816,38,2025-08-02 15:16:39,mobile,complete
17503,381,7,2025-03-26 06:32:33,store,complete
17504,1454,24,2025-02-20 23:22:54,phone,returned
17505,1226,5,2025-09-13 01:28:58,mobile,complete
17506,1278,9,2025-01-02 20:47:57,web,complete
17507,1213,15,2025-09-10 02:35:45,web,complete
17508,1374,21,2025-10-04 07:39:22,store,complete
17509,666,8,2025-07-24 19:29:07,store,complete
17510,861,34,2025-03-31 20:09:44,store,complete
17511,1158,35,2025-01-23 12:29:03,store,complete
17512,834,11,2025-01-04 12:11:41,store,returned
17513,279,12,2025-12-21 03:50:02,mobile,complete
17514,782,29,2025-05-16 19:47:22,web,cancelled
17515,1087,16,2025-01-10 05:33:07,store,complete
17516,460,1,2025-01-26 05:34:27,store,complete
17517,580,11,2025-10-25 12:41:31,web,complete
17518,277,10,2025-01-31 12:46:30,mobile,returned
17519,152,35,2025-12-01 14:38:38,mobile,cancelled
17520,662,15,2025-10-08 07:10:58,store,complete
17521,1209,33,2025-03-10 16:45:57,web,complete
17522,882,38,2025-07-28 14:05:16,web,cancelled
17523,209,5,2025-10-11 14:05:54,mobile,complete
17524,955,16,2025-01-01 21:48:07,mobile,complete
17525,1171,7,2025-07-24 19:10:57,web,complete
17526,366,16,2025-01-24 04:59:42,web,complete
17527,368,4,2025-04-13 00:47:03,phone,cancelled
17528,750,18,2025-05-01 12:41:47,web,complete
17529,1427,6,2025-11-01 00:21:55,web,complete
17530,932,8,2025-01-07 04:25:47,phone,complete
17531,56,34,2025-06-21 12:58:15,store,complete
17532,1303,4,2025-12-09 18:47:40,store,returned
17533,1224,31,2025-03-12 19:05:26,store,complete
17534,117,19,2025-01-08 00:01:59,mobile,cancelled
17535,1055,39,2025-04-13 12:24:43,mobile,complete
17536,463,4,2025-08-02 19:07:35,phone,complete
17537,948,31,2025-01-11 06:06:56,store,returned
17538,118,40,2025-10-09 20:53:29,web,complete
17539,856,17,2025-06-08 07:38:48,web,returned
17540,94,19,2025-11-06 04:06:29,store,returned
17541,1163,11,2025-06-08 03:35:05,phone,complete
17542,515,26,2025-08-21 17:03:00,mobile,returned
17543,198,36,2025-03-13 12:58:54,web,complete
17544,1284,13,2025-11-15 21:56:53,store,cancelled
17545,950,12,2025-02-13 19:27:02,mobile,complete
17546,617,35,2025-10-13 20:02:32,phone,returned
17547,686,38,2025-02-08 05:28:58,phone,complete
17548,772,40,2025-02-06 01:47:17,mobile,cancelled
17549,1351,37,2025-09-17 16:23:55,mobile,cancelled
17550,826,11,2025-05-26 21:21:33,web,complete
17551,1225,12,2025-02-14 05:11:21,store,returned
17552,1201,34,2025-01-12 10:44:28,phone,complete
17553,1395,4,2025-04-14 03:12:06,web,complete
17554,1231,36,2025-06-27 17:54:58,store,complete
17555,8,21,2025-10-04 00:25:33,phone,complete
17556,150,40,2025-11-04 13:58:48,web,complete
17557,965,6,2025-12-02 02:44:25,web,returned
17558,1332,7,2025-08-11 16:48:58,store,complete
17559,882,13,2025-04-03 15:41:28,store,complete
17560,715,40,2025-07-02 19:38:55,store,complete
17561,1396,22,2025-05-09 17:13:38,store,complete
17562,1039,6,2025-03-15 21:47:12,phone,returned
17563,955,1,2025-02-01 11:23:08,store,complete
17564,785,34,2025-08-27 14:37:52,phone,cancelled
17565,803,11,2025-01-24 20:59:46,mobile,complete
17566,421,32,2025-11-16 23:20:19,mobile,complete
17567,84,11,2025-09-14 14:41:41,phone,complete
17568,1412,12,2025-04-03 05:42:17,web,complete
17569,441,25,2025-02-10 16:44:50,web,complete
17570,610,31,2025-02-07 22:23:51,phone,complete
17571,34,15,2025-01-03 20:33:38,web,complete
17572,1278,35,2025-04-14 22:20:02,phone,complete
17573,264,38,2025-02-13 04:11:09,web,complete
17574,235,2,2025-08-31 17:55:42,phone,returned
17575,1184,38,2025-07-13 21:24:05,web,returned
17576,384,17,2025-05-28 05:46:44,store,complete
17577,77,35,2025-12-22 10:25:24,web,complete
17578,674,10,2025-01-15 23:03:16,mobile,cancelled
17579,1123,30,2025-02-03 03:09:32,mobile,complete
17580,1273,4,2025-04-03 16:52:43,store,complete
17581,669,25,2025-10-31 12:18:23,phone,complete
17582,1008,5,2025-09-21 03:20:23,mobile,complete
17583,709,5,2025-07-10 21:14:15,store,returned
17584,90,13,2025-12-07 15:17:55,mobile,cancelled
17585,1416,35,2025-09-16 11:36:37,mobile,complete
17586,1082,19,2025-12-09 23:31:12,mobile,complete
17587,900,3,2025-02-24 20:34:44,phone,returned
17588,44,8,2025-05-30 17:21:53,mobile,complete
17589,442,40,2025-04-18 22:32:29,mobile,complete
17590,731,36,2025-04-09 15:39:25,phone,returned
17591,277,12,2025-07-23 13:26:28,store,cancelled
17592,952,17,2025-06-14 02:27:28,web,returned
17593,457,23,2025-05-24 22:55:20,mobile,returned
17594,742,9,2025-01-24 04:33:40,mobile,cancelled
17595,557,21,2025-09-11 00:45:22,mobile,cancelled
17596,246,38,2025-10-25 09:25:17,store,complete
17597,809,19,2025-08-11 21:52:30,web,complete
17598,1052,9,2025-10-08 20:17:23,store,complete
17599,343,5,2025-04-07 16:54:47,mobile,complete
17600,929,19,2025-02-15 23:33:33,mobile,complete
17601,917,32,2025-05-22 06:39:23,store,returned
17602,415,29,2025-03-22 09:24:14,phone,complete
17603,1088,24,2025-10-19 06:32:26,store,complete
17604,100,9,2025-06-10 20:51:12,store,complete
17605,234,9,2025-02-01 20:17:39,mobile,cancelled
17606,1451,13,2025-05-11 06:03:57,phone,cancelled
17607,1097,2,2025-04-30 20:46:27,mobile,cancelled
17608,1463,34,2025-10-01 19:48:23,store,returned
17609,56,14,2025-07-09 19:00:38,phone,returned
17610,662,9,2025-05-27 21:58:02,phone,cancelled
17611,585,6,2025-05-21 09:30:07,phone,cancelled
17612,697,7,2025-04-13 02:43:12,phone,complete
17613,564,37,2025-05-29 09:22:49,store,complete
17614,615,21,2025-07-16 08:55:07,store,complete
17615,32,34,2025-11-20 17:15:13,phone,complete
17616,357,8,2025-04-22 16:22:47,store,cancelled
17617,1115,8,2025-03-08 13:04:56,web,complete
17618,809,40,2025-08-11 11:40:20,mobile,returned
17619,1359,39,2025-05-07 07:05:00,store,complete
17620,314,23,2025-10-25 09:29:10,web,complete
17621,637,11,2025-04-25 10:20:34,store,cancelled
17622,91,20,2025-02-01 19:11:25,phone,complete
17623,473,25,2025-03-30 22:58:17,web,complete
17624,586,18,2025-07-20 01:38:28,web,returned
17625,1411,33,2025-07-06 08:54:02,web,complete
17626,1392,32,2025-05-14 08:50:56,phone,returned
17627,901,20,2025-08-26 23:44:32,phone,returned
17628,954,17,2025-06-09 12:52:23,web,complete
17629,144,29,2025-11-14 14:54:05,web,cancelled
17630,75,29,2025-01-11 14:22:42,web,complete
17631,1145,21,2025-04-29 16:17:34,phone,complete
17632,1207,19,2025-05-13 22:44:20,store,complete
17633,1371,34,2025-01-22 12:04:13,store,complete
17634,782,29,2025-06-23 02:58:51,mobile,complete
17635,969,22,2025-06-28 04:33:21,web,complete
17636,323,38,2025-07-21 14:07:06,mobile,complete
17637,1013,40,2025-07-06 11:09:30,web,complete
17638,1224,31,2025-09-30 11:24:55,mobile,returned
17639,332,34,2025-07-10 03:14:35,phone,complete
17640,1173,37,2025-09-15 03:48:21,store,complete
17641,350,23,2025-10-26 05:47:23,web,returned
17642,1344,2,2025-02-04 10:30:21,mobile,cancelled
17643,1108,22,2025-12-11 02:44:11,web,complete
17644,1274,10,2025-07-24 04:38:29,store,complete
17645,135,30,2025-01-22 04:31:18,web,cancelled
17646,98,23,2025-11-20 02:24:02,web,complete
17647,1196,3,2025-10-28 15:27:45,phone,complete
17648,1005,23,2025-02-09 20:35:00,phone,complete
17649,840,32,2025-12-01 09:41:08,mobile,returned
17650,798,9,2025-08-01 21:56:25,mobile,returned
17651,287,33,2025-04-23 22:11:39,phone,complete
17652,1419,5,2025-11-23 02:10:00,store,cancelled
17653,387,2,2025-10-02 18:01:56,store,complete
17654,1028,25,2025-06-06 10:44:52,web,complete
17655,1482,8,2025-09-07 19:03:30,phone,complete
17656,1251,18,2025-12-01 12:53:52,mobile,cancelled
17657,1312,5,2025-08-10 04:35:05,store,cancelled
17658,357,7,2025-01-07 23:24:02,phone,complete
17659,1331,40,2025-09-07 06:25:58,web,complete
17660,307,26,2025-08-13 07:45:53,web,complete
17661,604,37,2025-07-09 03:57:10,mobile,returned
17662,707,13,2025-04-04 20:35:07,store,complete
17663,1110,14,2025-05-05 02:19:36,web,complete
17664,898,10,2025-01-16 08:50:55,store,complete
17665,358,36,2025-10-29 06:53:47,store,returned
17666,436,2,2025-10-14 18:41:19,web,complete
17667,1049,19,2025-09-27 12:49:10,mobile,complete
17668,360,26,2025-07-29 09:21:11,mobile,complete
17669,754,23,2025-06-18 09:56:32,mobile,complete
17670,932,34,2025-01-07 08:29:07,web,cancelled
17671,739,13,2025-04-20 14:28:41,phone,complete
17672,205,10,2025-05-18 03:54:46,mobile,complete
17673,929,28,2025-06-24 05:56:48,web,complete
17674,70,19,2025-02-19 00:03:31,mobile,complete
17675,505,15,2025-05-23 20:04:34,web,complete
17676,976,33,2025-05-25 06:35:40,web,cancelled
17677,67,16,2025-01-20 07:02:58,phone,returned
17678,162,18,2025-07-15 10:12:25,phone,complete
17679,1437,7,2025-09-04 14:05:38,mobile,complete
17680,743,22,2025-12-15 08:14:05,web,complete
17681,903,16,2025-09-20 17:21:48,store,complete
17682,1265,33,2025-03-12 19:40:31,store,returned
17683,749,18,2025-11-09 00:16:18,store,cancelled
17684,1053,21,2025-03-16 00:40:18,store,complete
17685,1139,15,2025-12-03 00:05:54,store,complete
17686,733,18,2025-02-09 06:40:15,mobile,complete
17687,1311,12,2025-07-22 07:03:54,mobile,complete
17688,76,30,2025-05-16 14:27:00,store,cancelled
17689,713,23,2025-06-13 11:34:03,web,complete
17690,1483,28,2025-03-30 20:03:46,phone,complete
17691,288,35,2025-10-31 03:42:35,store,cancelled
17692,905,26,2025-07-02 19:39:42,phone,cancelled
17693,317,17,2025-03-22 20:55:59,web,complete
17694,1339,23,2025-02-14 00:57:32,mobile,complete
17695,20,15,2025-08-16 23:32:59,store,complete
17696,1113,26,2025-10-27 21:22:43,store,complete
17697,1423,39,2025-04-15 06:03:22,store,complete
17698,862,25,2025-11-24 21:09:08,mobile,returned
17699,128,16,2025-03-13 00:53:33,store,returned
17700,462,23,2025-11-24 14:05:56,web,returned
17701,1057,2,2025-08-06 15:11:22,store,complete
17702,1165,36,2025-11-20 19:59:27,web,cancelled
17703,199,33,2025-08-13 04:36:15,web,complete
17704,1246,22,2025-04-16 21:11:59,mobile,complete
17705,1,31,2025-11-23 00:29:11,store,complete
17706,1324,22,2025-07-01 20:09:06,store,complete
17707,337,34,2025-04-08 23:45:56,web,returned
17708,516,21,2025-06-20 01:53:32,phone,returned
17709,726,21,2025-08-07 14:04:38,store,complete
17710,28,22,2025-12-08 11:51:00,mobile,complete
17711,1416,24,2025-02-05 20:08:16,web,complete
17712,965,20,2025-06-14 00:08:43,web,complete
17713,510,22,2025-05-14 19:56:51,mobile,complete
17714,183,10,2025-12-23 17:00:17,store,complete
17715,1391,6,2025-11-19 18:10:45,mobile,complete
17716,1376,6,2025-11-21 12:19:33,store,complete
17717,152,13,2025-10-23 17:41:47,web,complete
17718,681,16,2025-07-16 10:26:37,web,cancelled
17719,83,19,2025-01-14 06:42:02,store,complete
17720,5,18,2025-12-13 07:40:15,phone,returned
17721,167,7,2025-06-10 09:31:03,phone,complete
17722,1353,27,2025-07-14 09:29:30,mobile,cancelled
17723,865,13,2025-06-06 01:36:53,phone,returned
17724,630,15,2025-12-03 08:23:12,phone,complete
17725,154,4,2025-03-12 11:00:25,store,returned
17726,88,10,2025-05-31 11:49:05,store,returned
17727,988,36,2025-08-20 16:50:56,store,complete
17728,343,8,2025-08-25 16:52:33,store,complete
17729,1402,2,2025-06-27 12:53:11,store,complete
17730,92,10,2025-08-09 15:32:27,mobile,complete
17731,1203,40,2025-08-26 05:51:06,web,cancelled
17732,1403,29,2025-09-26 07:01:59,web,complete
17733,831,29,2025-01-17 05:26:56,mobile,cancelled
17734,29,38,2025-09-21 16:57:32,store,returned
17735,1369,8,2025-11-20 04:03:15,web,complete
17736,377,33,2025-03-22 07:37:34,store,complete
17737,1248,25,2025-10-27 14:21:41,phone,cancelled
17738,1424,28,2025-11-21 03:08:40,mobile,complete
17739,1077,27,2025-06-16 10:43:01,web,complete
17740,869,27,2025-04-19 14:32:12,web,returned
17741,1452,2,2025-09-24 06:40:12,mobile,cancelled
17742,1053,37,2025-04-15 02:28:47,mobile,cancelled
17743,1287,34,2025-09-21 05:50:29,phone,complete
17744,44,21,2025-01-13 03:07:39,phone,returned
17745,780,30,2025-10-17 00:01:04,mobile,cancelled
17746,880,12,2025-01-31 12:36:05,phone,complete
17747,415,33,2025-10-27 14:33:30,mobile,cancelled
17748,744,18,2025-08-08 23:42:28,store,complete
17749,944,8,2025-01-31 11:01:27,phone,complete
17750,577,8,2025-01-31 17:18:31,store,complete
17751,558,35,2025-05-08 07:00:23,store,cancelled
17752,369,37,2025-11-09 11:05:40,web,complete
17753,950,26,2025-12-24 10:19:20,web,complete
17754,525,21,2025-08-16 22:09:57,web,complete
17755,844,23,2025-05-19 06:38:16,mobile,complete
17756,1244,19,2025-10-27 21:56:02,web,complete
17757,756,30,2025-11-09 03:58:46,mobile,cancelled
17758,73,1,2025-04-10 12:02:25,web,complete
17759,1099,14,2025-05-03 01:55:10,web,returned
17760,372,22,2025-07-07 09:24:21,phone,complete
17761,1052,19,2025-01-11 21:07:40,mobile,returned
17762,311,27,2025-12-16 18:38:37,phone,cancelled
17763,80,9,2025-06-20 13:28:23,mobile,complete
17764,347,23,2025-03-27 10:13:25,phone,returned
17765,342,19,2025-01-29 12:33:42,mobile,returned
17766,930,33,2025-10-06 10:57:41,mobile,cancelled
17767,59,11,2025-12-12 15:52:26,store,returned
17768,830,5,2025-11-23 00:25:05,mobile,cancelled
17769,1152,18,2025-02-19 05:58:49,web,complete
17770,1492,2,2025-02-20 12:37:52,store,complete
17771,736,9,2025-03-12 04:25:41,mobile,complete
17772,104,13,2025-01-27 10:02:01,web,complete
17773,1176,15,2025-02-09 23:51:04,mobile,complete
17774,910,3,2025-11-30 12:57:04,phone,returned
17775,643,5,2025-09-10 05:31:35,store,complete
17776,454,13,2025-07-22 06:58:59,mobile,returned
17777,1118,12,2025-11-09 19:48:35,phone,cancelled
17778,1190,22,2025-07-27 06:22:27,web,complete
17779,151,23,2025-08-11 03:34:16,web,cancelled
17780,557,23,2025-09-05 13:46:14,mobile,returned
17781,1397,9,2025-12-26 05:15:37,phone,complete
17782,859,36,2025-11-12 04:59:05,web,complete
17783,922,14,2025-02-23 01:36:47,mobile,cancelled
17784,245,9,2025-08-31 10:26:29,store,returned
17785,798,6,2025-07-14 22:24:07,mobile,complete
17786,809,33,2025-09-16 20:39:10,phone,returned
17787,13,15,2025-11-27 07:18:00,store,complete
17788,1424,31,2025-03-30 21:28:06,web,cancelled
17789,1241,16,2025-05-28 05:59:02,mobile,complete
17790,1348,6,2025-11-10 08:58:01,phone,cancelled
17791,1496,34,2025-11-10 03:24:00,web,complete
17792,1499,28,2025-10-05 23:18:21,phone,complete
17793,1070,38,2025-06-15 22:02:42,store,returned
17794,79,29,2025-05-28 01:19:01,web,cancelled
17795,59,25,2025-04-25 15:36:24,phone,returned
17796,153,13,2025-03-30 10:11:31,phone,complete
17797,1222,31,2025-05-29 13:25:33,store,complete
17798,981,11,2025-08-03 18:49:50,store,complete
17799,1289,5,2025-08-12 02:22:16,phone,returned
17800,44,10,2025-12-05 01:17:20,phone,complete
17801,867,22,2025-02-06 18:11:34,store,complete
17802,622,11,2025-06-26 10:48:03,mobile,cancelled
17803,988,39,2025-06-25 06:09:09,store,complete
17804,214,33,2025-07-25 14:59:20,store,returned
17805,221,13,2025-08-20 05:18:31,web,cancelled
17806,982,27,2025-08-11 05:34:34,store,returned
17807,287,36,2025-04-12 16:54:44,mobile,complete
17808,1322,34,2025-03-25 01:34:14,mobile,returned
17809,93,26,2025-01-21 19:46:42,store,complete
17810,1141,14,2025-03-07 02:13:39,store,cancelled
17811,376,7,2025-09-06 14:08:20,mobile,cancelled
17812,3,8,2025-05-29 07:38:54,phone,complete
17813,1090,24,2025-03-14 05:05:22,phone,complete
17814,92,32,2025-04-08 08:14:53,mobile,complete
17815,1349,27,2025-10-04 17:32:22,phone,cancelled
17816,1486,34,2025-04-28 06:49:53,mobile,complete
17817,500,9,2025-01-27 09:45:45,store,complete
17818,1453,14,2025-09-16 11:15:05,phone,complete
17819,638,37,2025-03-06 17:10:01,mobile,cancelled
17820,969,23,2025-02-14 19:17:16,mobile,complete
17821,1357,40,2025-06-07 13:37:50,web,returned
17822,605,13,2025-07-17 20:37:11,web,complete
17823,844,11,2025-01-31 22:29:28,store,complete
17824,984,12,2025-06-22 00:37:54,store,complete
17825,1327,23,2025-07-14 11:29:31,web,cancelled
17826,1479,35,2025-12-24 17:26:46,store,returned
17827,403,23,2025-03-22 02:14:52,mobile,complete
17828,725,5,2025-05-17 05:22:40,web,cancelled
17829,387,34,2025-07-09 14:37:01,mobile,complete
17830,417,10,2025-03-18 03:24:31,mobile,complete
17831,974,39,2025-10-19 02:45:28,store,complete
17832,218,19,2025-09-04 11:49:36,store,returned
17833,478,11,2025-03-20 11:10:05,mobile,cancelled
17834,1047,7,2025-11-26 14:39:04,store,returned
17835,280,6,2025-10-13 08:03:45,store,complete
17836,680,6,2025-08-02 01:46:23,store,cancelled
17837,1058,35,2025-09-19 17:04:10,store,complete
17838,323,36,2025-01-03 14:28:11,phone,cancelled
17839,148,20,2025-04-21 04:32:03,web,returned
17840,181,39,2025-10-15 18:04:01,phone,cancelled
17841,1162,3,2025-08-28 07:14:07,store,returned
17842,1419,2,2025-08-02 06:29:15,mobile,returned
17843,396,26,2025-03-27 22:04:06,web,cancelled
17844,273,4,2025-05-27 09:03:26,phone,returned
17845,1353,6,2025-02-28 14:09:42,store,complete
17846,640,29,2025-03-19 06:42:52,store,complete
17847,450,7,2025-08-21 00:44:48,web,complete
17848,630,17,2025-06-15 14:47:24,phone,cancelled
17849,375,34,2025-10-04 08:16:20,store,complete
17850,523,28,2025-10-16 04:47:29,mobile,complete
17851,1179,35,2025-06-03 08:49:15,web,returned
17852,502,17,2025-11-06 13:12:35,store,cancelled
17853,1403,31,2025-01-09 23:31:17,web,returned
17854,179,35,2025-03-24 12:20:50,web,complete
17855,197,32,2025-02-10 12:13:05,mobile,cancelled
17856,182,17,2025-10-11 02:49:47,mobile,complete
17857,1176,2,2025-11-12 17:06:44,store,complete
17858,1090,19,2025-05-30 11:54:03,mobile,returned
17859,313,26,2025-03-12 19:54:51,phone,cancelled
17860,545,39,2025-06-29 07:44:45,mobile,returned
17861,1410,1,2025-09-13 01:35:09,web,returned
17862,1474,5,2025-03-03 10:19:33,web,complete
17863,1353,13,2025-05-03 02:55:59,store,complete
17864,503,28,2025-06-13 01:50:24,web,cancelled
17865,479,21,2025-04-17 20:51:11,store,returned
17866,1121,23,2025-10-05 00:32:27,mobile,complete
17867,1458,5,2025-08-26 13:48:24,phone,complete
17868,941,33,2025-10-13 14:38:51,web,complete
17869,558,18,2025-06-28 14:51:40,store,complete
17870,862,39,2025-01-08 22:40:13,phone,cancelled
17871,306,35,2025-02-16 00:21:00,mobile,cancelled
17872,1058,32,2025-01-20 05:30:05,web,cancelled
17873,870,10,2025-02-15 22:26:23,phone,returned
17874,118,6,2025-09-30 11:54:23,store,complete
17875,1225,39,2025-03-19 07:35:25,phone,complete
17876,1095,12,2025-11-12 14:13:28,store,returned
17877,713,4,2025-12-18 20:49:13,mobile,complete
17878,518,18,2025-02-05 17:41:27,store,cancelled
17879,571,25,2025-03-29 21:01:34,web,complete
17880,1418,23,2025-12-06 22:38:38,phone,complete
17881,179,5,2025-12-17 16:21:23,phone,returned
17882,517,28,2025-03-27 08:13:27,mobile,complete
17883,908,39,2025-09-17 18:52:37,store,complete
17884,946,1,2025-01-18 17:00:53,phone,returned
17885,1336,26,2025-05-16 19:00:09,web,complete
17886,1045,4,2025-05-20 06:20:13,store,returned
17887,483,10,2025-09-19 03:43:36,phone,complete
17888,1141,6,2025-07-20 06:52:13,store,complete
17889,1318,6,2025-05-11 09:27:33,store,returned
17890,1147,29,2025-10-18 08:37:24,store,cancelled
17891,1001,17,2025-07-27 11:37:35,phone,complete
17892,529,9,2025-12-16 00:36:55,web,complete
17893,550,27,2025-03-08 06:21:18,mobile,cancelled
17894,1315,9,2025-05-08 02:56:03,web,complete
17895,258,34,2025-03-11 15:25:34,phone,complete
17896,1335,14,2025-03-26 22:28:44,phone,cancelled
17897,830,17,2025-02-26 03:39:13,mobile,cancelled
17898,378,22,2025-07-19 20:17:07,mobile,complete
17899,783,19,2025-03-23 01:20:55,mobile,cancelled
17900,1060,14,2025-01-20 06:40:23,mobile,complete
17901,1166,4,2025-05-07 05:08:08,store,returned
17902,1036,22,2025-02-03 17:14:12,phone,complete
17903,1341,28,2025-09-03 21:54:11,web,cancelled
17904,178,35,2025-10-23 09:55:42,web,complete
17905,253,18,2025-12-05 03:57:17,phone,complete
17906,347,20,2025-09-02 07:16:12,phone,cancelled
17907,128,19,2025-11-03 12:41:30,phone,returned
17908,1131,10,2025-04-10 01:41:49,mobile,complete
17909,1196,40,2025-05-28 09:16:01,phone,complete
17910,492,5,2025-09-08 23:13:47,mobile,complete
17911,1157,20,2025-11-11 16:28:46,mobile,returned
17912,384,4,2025-10-19 18:38:48,mobile,complete
17913,565,25,2025-10-19 06:25:30,web,complete
17914,1184,3,2025-03-15 21:13:02,web,complete
17915,583,21,2025-08-05 23:00:51,store,complete
17916,929,35,2025-06-13 16:21:55,web,cancelled
17917,1431,34,2025-12-07 00:28:40,mobile,returned
17918,26,13,2025-09-17 04:37:30,web,complete
17919,1340,13,2025-03-17 06:02:08,web,complete
17920,1312,39,2025-10-12 01:45:24,mobile,complete
17921,1057,21,2025-04-15 03:05:32,web,cancelled
17922,160,13,2025-08-22 22:17:17,web,complete
17923,128,6,2025-02-20 08:50:39,store,complete
17924,164,18,2025-07-18 23:47:18,store,cancelled
17925,1401,18,2025-11-05 18:21:25,mobile,returned
17926,1113,35,2025-08-15 17:50:50,phone,returned
17927,336,34,2025-02-28 00:49:25,phone,cancelled
17928,1235,27,2025-01-22 02:53:20,mobile,complete
17929,380,14,2025-01-30 00:27:30,mobile,cancelled
17930,1491,9,2025-09-09 21:28:17,mobile,returned
17931,895,28,2025-12-20 06:40:11,web,complete
17932,1132,4,2025-09-02 18:21:39,phone,returned
17933,1367,15,2025-01-17 00:08:33,web,cancelled
17934,1261,26,2025-11-20 04:33:30,mobile,complete
17935,836,39,2025-12-17 22:11:06,phone,complete
17936,1372,9,2025-08-24 13:04:07,store,complete
17937,1407,35,2025-07-12 12:57:56,web,cancelled
17938,1146,14,2025-09-06 14:11:12,mobile,cancelled
17939,349,25,2025-06-17 09:30:12,store,cancelled
17940,250,31,2025-07-12 09:09:19,mobile,cancelled
17941,31,6,2025-06-18 22:36:03,mobile,complete
17942,454,20,2025-09-25 09:38:38,store,complete
17943,735,38,2025-07-24 15:36:50,mobile,complete
17944,594,27,2025-04-26 05:28:11,mobile,returned
17945,617,32,2025-08-29 06:13:32,store,cancelled
17946,874,12,2025-12-29 22:12:38,store,complete
17947,944,16,2025-06-29 05:24:25,web,complete
17948,265,11,2025-03-28 20:45:16,web,complete
17949,139,30,2025-07-14 07:17:18,store,cancelled
17950,1189,2,2025-07-04 03:06:52,store,returned
17951,1073,14,2025-04-06 09:18:29,web,cancelled
17952,686,1,2025-07-20 16:15:26,web,complete
17953,1217,9,2025-09-19 14:30:28,phone,complete
17954,883,10,2025-07-27 12:00:41,mobile,complete
17955,6,39,2025-01-30 23:07:20,web,complete
17956,1322,17,2025-12-08 05:10:03,mobile,complete
17957,221,32,2025-08-08 09:25:03,phone,cancelled
17958,876,2,2025-01-24 09:01:19,mobile,cancelled
17959,508,2,2025-02-26 17:59:51,mobile,complete
17960,1426,15,2025-02-15 13:18:36,phone,returned
17961,1491,8,2025-12-29 00:28:54,web,complete
17962,173,14,2025-08-02 06:38:36,mobile,returned
17963,358,5,2025-03-13 11:46:05,web,returned
17964,1120,13,2025-08-10 12:07:24,web,cancelled
17965,739,12,2025-04-16 23:10:05,store,complete
17966,472,6,2025-05-01 22:36:58,web,returned
17967,707,32,2025-06-10 17:37:14,phone,complete
17968,1230,19,2025-08-29 08:40:05,phone,cancelled
17969,1080,24,2025-06-23 18:16:10,phone,returned
17970,1039,13,2025-02-26 06:47:20,mobile,complete
17971,433,20,2025-03-07 17:00:39,web,complete
17972,606,21,2025-05-21 06:52:29,store,returned
17973,421,24,2025-11-12 00:46:55,web,complete
17974,1374,36,2025-01-20 10:54:31,phone,complete
17975,752,4,2025-09-02 04:11:46,mobile,complete
17976,629,28,2025-12-14 00:53:17,store,complete
17977,388,20,2025-04-23 13:58:07,web,complete
17978,356,35,2025-06-08 06:02:57,web,complete
17979,989,26,2025-10-15 07:20:20,mobile,returned
17980,587,37,2025-09-07 11:28:51,phone,returned
17981,882,27,2025-08-26 22:52:21,phone,complete
17982,929,2,2025-08-09 04:09:33,mobile,cancelled
17983,568,28,2025-05-17 15:51:40,web,returned
17984,171,22,2025-11-15 23:09:00,web,complete
17985,709,9,2025-06-18 10:31:16,mobile,complete
17986,64,13,2025-11-10 05:13:11,store,returned
17987,705,20,2025-02-28 15:35:26,mobile,cancelled
17988,1247,18,2025-01-19 15:24:49,web,complete
17989,1379,36,2025-01-14 18:00:03,mobile,returned
17990,834,8,2025-05-29 05:15:37,store,cancelled
17991,464,12,2025-07-24 12:26:47,store,returned
17992,1312,13,2025-03-10 19:51:40,mobile,returned
17993,239,21,2025-05-25 17:29:56,phone,returned
17994,846,27,2025-06-27 12:18:15,mobile,cancelled
17995,1433,5,2025-12-10 17:57:14,store,complete
17996,17,39,2025-11-01 01:12:16,phone,complete
17997,1479,40,2025-01-13 00:58:28,mobile,complete
17998,839,29,2025-06-28 13:34:10,phone,complete
17999,595,9,2025-03-25 14:39:54,web,complete
18000,1284,6,2025-09-18 06:39:33,web,complete
18001,967,37,2025-03-29 08:21:53,mobile,complete
18002,814,36,2025-05-19 10:09:37,phone,complete
18003,1190,20,2025-04-19 13:38:47,web,complete
18004,1157,18,2025-05-23 05:30:01,phone,complete
18005,490,34,2025-01-10 00:00:41,mobile,complete
18006,34,31,2025-06-13 20:10:58,store,cancelled
18007,178,20,2025-11-29 06:56:52,mobile,returned
18008,1137,26,2025-04-05 06:25:50,phone,complete
18009,1429,13,2025-07-13 18:18:37,phone,returned
18010,855,19,2025-01-30 04:58:42,mobile,complete
18011,448,28,2025-03-07 16:36:56,phone,complete
18012,166,16,2025-05-30 02:55:36,web,returned
18013,157,23,2025-05-01 10:35:57,mobile,complete
18014,457,26,2025-12-15 02:37:47,phone,complete
18015,953,7,2025-09-07 16:22:25,store,complete
18016,1419,5,2025-02-14 02:36:13,web,complete
18017,1149,11,2025-03-07 14:48:12,mobile,complete
18018,139,29,2025-03-07 01:21:40,mobile,complete
18019,1237,36,2025-10-24 19:16:56,web,cancelled
18020,58,16,2025-01-05 15:51:30,phone,returned
18021,599,13,2025-11-08 04:04:21,store,complete
18022,378,8,2025-04-07 07:52:27,store,complete
18023,543,35,2025-11-10 15:06:08,web,complete
18024,927,6,2025-04-19 21:20:59,phone,complete
18025,150,22,2025-03-13 23:54:26,store,returned
18026,952,37,2025-06-13 14:00:29,mobile,returned
18027,1431,8,2025-10-08 09:12:59,web,complete
18028,1002,14,2025-05-08 12:17:56,store,returned
18029,1404,27,2025-10-04 01:07:39,mobile,complete
18030,738,32,2025-12-02 05:35:15,store,cancelled
18031,1496,2,2025-08-08 06:44:16,store,cancelled
18032,271,27,2025-08-10 04:07:57,store,complete
18033,229,5,2025-01-04 14:16:33,store,cancelled
18034,1474,1,2025-09-08 12:43:47,store,complete
18035,120,12,2025-09-09 21:08:21,store,complete
18036,1117,35,2025-02-07 11:17:35,store,cancelled
18037,1010,1,2025-09-05 23:39:41,web,complete
18038,544,40,2025-09-07 08:32:52,phone,cancelled
18039,1109,35,2025-11-30 14:01:21,store,cancelled
18040,1219,27,2025-09-12 23:24:59,mobile,complete
18041,1245,15,2025-10-26 00:42:11,phone,complete
18042,417,1,2025-09-07 23:04:53,store,complete
18043,676,38,2025-03-12 10:45:46,store,returned
18044,1034,4,2025-04-18 01:04:04,phone,complete
18045,745,6,2025-04-11 12:55:16,store,complete
18046,178,7,2025-07-30 07:30:47,store,returned
18047,776,30,2025-05-11 00:29:11,store,complete
18048,270,2,2025-12-15 09:43:37,mobile,complete
18049,814,19,2025-03-19 16:34:25,mobile,cancelled
18050,1099,22,2025-06-29 14:37:20,store,complete
18051,405,33,2025-01-08 12:59:31,mobile,complete
18052,654,8,2025-06-27 13:30:13,phone,complete
18053,742,33,2025-07-14 19:09:53,phone,returned
18054,1376,20,2025-08-28 20:28:55,phone,cancelled
18055,1042,19,2025-04-20 14:25:52,phone,cancelled
18056,234,22,2025-05-01 02:11:21,mobile,complete
18057,956,3,2025-07-04 19:26:57,phone,complete
18058,104,8,2025-04-27 02:13:23,mobile,complete
18059,17,14,2025-10-14 19:09:52,web,returned
18060,489,24,2025-12-17 20:07:42,phone,cancelled
18061,59,18,2025-02-23 13:12:16,mobile,returned
18062,770,38,2025-09-21 16:28:42,store,complete
18063,131,37,2025-12-02 16:08:29,web,complete
18064,346,15,2025-02-24 06:48:26,web,returned
18065,549,16,2025-01-12 05:55:11,phone,cancelled
18066,1084,27,2025-11-28 09:28:22,phone,complete
18067,387,12,2025-01-11 02:07:57,store,complete
18068,487,36,2025-08-19 19:56:10,web,returned
18069,1347,40,2025-04-07 18:35:28,mobile,returned
18070,785,11,2025-08-03 14:35:48,store,complete
18071,1438,36,2025-07-06 04:08:49,store,complete
18072,1425,19,2025-10-02 21:00:22,store,complete
18073,1354,32,2025-10-04 06:45:26,mobile,cancelled
18074,1458,40,2025-02-23 14:01:58,phone,complete
18075,1188,28,2025-07-20 14:08:21,phone,complete
18076,501,36,2025-07-31 16:16:33,web,complete
18077,415,38,2025-07-23 18:21:57,mobile,returned
18078,1099,18,2025-04-13 06:30:56,mobile,cancelled
18079,470,15,2025-04-24 16:31:47,web,complete
18080,130,30,2025-11-27 10:01:05,store,returned
18081,1136,11,2025-10-17 22:06:41,mobile,complete
18082,792,40,2025-01-03 01:49:13,web,complete
18083,36,38,2025-01-14 22:58:21,phone,complete
18084,248,32,2025-08-06 16:30:53,store,cancelled
18085,655,7,2025-12-31 20:52:27,mobile,returned
18086,1013,35,2025-11-09 19:18:36,web,complete
18087,870,4,2025-02-01 04:50:21,web,cancelled
18088,880,17,2025-05-31 17:07:08,mobile,returned
18089,443,30,2025-12-10 21:33:34,web,cancelled
18090,984,17,2025-10-10 03:35:52,web,cancelled
18091,1031,5,2025-11-01 11:00:36,phone,complete
18092,1080,5,2025-03-27 19:20:45,phone,complete
18093,1312,21,2025-08-16 13:13:46,store,complete
18094,571,33,2025-11-09 16:56:37,phone,complete
18095,460,1,2025-03-01 20:06:05,web,returned
18096,1472,37,2025-06-13 06:11:31,store,cancelled
18097,564,20,2025-01-17 21:54:14,mobile,complete
18098,767,2,2025-02-26 21:29:48,store,returned
18099,642,39,2025-01-13 05:46:34,web,returned
18100,1039,10,2025-10-28 19:25:03,store,complete
18101,1117,34,2025-02-24 15:39:26,phone,complete
18102,782,2,2025-10-07 09:25:20,mobile,cancelled
18103,881,1,2025-11-05 18:46:43,web,complete
18104,94,25,2025-02-13 17:33:17,store,complete
18105,1014,6,2025-11-02 17:52:17,web,complete
18106,24,13,2025-03-07 11:49:40,store,complete
18107,583,10,2025-07-01 08:31:04,store,complete
18108,1476,40,2025-04-03 02:07:54,web,complete
18109,217,33,2025-01-28 14:17:08,store,complete
18110,1045,15,2025-10-01 15:04:20,mobile,complete
18111,1027,15,2025-10-25 12:03:23,phone,complete
18112,443,20,2025-07-04 14:44:27,phone,complete
18113,271,27,2025-05-16 22:40:13,store,complete
18114,442,30,2025-03-05 19:00:35,phone,cancelled
18115,1145,23,2025-10-28 22:06:01,store,complete
18116,664,3,2025-11-21 05:47:22,phone,returned
18117,1080,16,2025-09-04 10:21:21,web,returned
18118,509,38,2025-01-28 02:29:58,mobile,cancelled
18119,1441,8,2025-12-17 08:28:39,mobile,cancelled
18120,792,7,2025-09-22 16:05:27,phone,cancelled
18121,1084,31,2025-02-20 16:21:42,mobile,complete
18122,926,5,2025-07-21 17:38:23,web,cancelled
18123,1385,7,2025-04-06 12:52:45,phone,complete
18124,1164,24,2025-04-21 10:41:08,web,complete
18125,871,25,2025-03-30 20:54:33,mobile,complete
18126,1404,34,2025-07-25 01:57:08,store,cancelled
18127,263,32,2025-12-18 17:35:44,web,complete
18128,1056,17,2025-04-12 09:13:07,store,complete
18129,94,3,2025-07-04 15:01:30,web,complete
18130,1425,19,2025-06-05 00:39:40,mobile,complete
18131,1126,19,2025-11-09 16:45:11,mobile,complete
18132,1030,32,2025-08-30 05:15:22,mobile,complete
18133,325,22,2025-05-18 23:48:33,store,complete
18134,368,9,2025-12-06 06:35:59,mobile,returned
18135,75,38,2025-05-17 03:20:26,web,complete
18136,1352,29,2025-01-29 23:32:04,web,returned
18137,709,3,2025-06-09 05:04:06,phone,complete
18138,1013,21,2025-12-16 08:02:44,store,complete
18139,305,8,2025-12-11 02:26:05,store,complete
18140,979,21,2025-08-25 05:43:07,mobile,complete
18141,899,26,2025-11-27 02:32:59,web,complete
18142,633,37,2025-01-18 10:55:22,mobile,complete
18143,113,35,2025-05-06 10:06:28,web,complete
18144,1361,12,2025-01-31 05:32:18,phone,complete
18145,686,5,2025-11-03 07:41:29,mobile,complete
18146,274,13,2025-09-12 06:03:23,phone,complete
18147,446,13,2025-06-25 05:13:45,phone,complete
18148,564,29,2025-06-30 00:07:42,phone,returned
18149,500,17,2025-11-20 18:59:59,mobile,returned
18150,1109,40,2025-06-25 19:51:18,web,complete
18151,982,26,2025-04-12 15:39:47,store,cancelled
18152,1146,6,2025-07-14 07:46:46,phone,cancelled
18153,1499,25,2025-04-06 18:25:03,mobile,complete
18154,601,12,2025-08-03 03:38:28,phone,returned
18155,337,22,2025-05-25 18:02:46,web,complete
18156,164,40,2025-06-02 03:46:39,web,complete
18157,557,40,2025-11-21 18:21:40,mobile,complete
18158,298,31,2025-12-25 19:31:41,phone,returned
18159,1058,37,2025-02-10 15:07:30,store,cancelled
18160,510,7,2025-10-19 03:41:57,mobile,complete
18161,591,3,2025-08-03 01:14:20,mobile,returned
18162,173,3,2025-10-22 07:56:08,web,returned
18163,281,1,2025-06-26 05:04:58,web,complete
18164,114,1,2025-06-29 14:40:49,web,complete
18165,636,22,2025-03-19 14:30:49,store,complete
18166,828,16,2025-01-07 19:54:12,web,complete
18167,154,33,2025-09-01 00:30:55,web,complete
18168,618,8,2025-09-01 02:51:13,mobile,returned
18169,1205,35,2025-05-09 06:27:37,web,complete
18170,624,26,2025-07-01 09:51:59,store,returned
18171,792,2,2025-04-20 22:37:02,web,complete
18172,1383,21,2025-04-19 21:51:20,mobile,complete
18173,1500,29,2025-10-12 20:12:35,store,complete
18174,167,11,2025-02-25 04:35:28,mobile,returned
18175,1342,30,2025-02-17 07:19:14,web,cancelled
18176,1277,19,2025-10-07 14:54:44,store,cancelled
18177,589,20,2025-02-08 21:43:53,mobile,returned
18178,796,23,2025-08-01 19:19:14,web,complete
18179,83,2,2025-03-08 06:07:22,store,complete
18180,316,3,2025-03-10 05:50:56,mobile,returned
18181,625,3,2025-06-25 21:42:39,store,complete
18182,375,32,2025-02-17 21:58:49,store,returned
18183,488,9,2025-02-10 05:12:08,phone,complete
18184,179,40,2025-06-26 23:01:53,phone,complete
18185,225,32,2025-09-30 19:03:46,mobile,returned
18186,1357,24,2025-05-01 12:28:22,phone,complete
18187,177,13,2025-06-23 01:32:52,mobile,cancelled
18188,321,8,2025-02-27 04:15:58,store,complete
18189,451,39,2025-05-13 10:13:32,store,complete
18190,930,26,2025-04-23 06:34:08,phone,complete
18191,613,1,2025-05-10 19:52:41,phone,cancelled
18192,1011,24,2025-03-24 17:29:52,mobile,complete
18193,528,16,2025-02-15 00:36:27,web,complete
18194,477,20,2025-09-20 00:21:21,store,returned
18195,975,16,2025-07-25 01:42:09,store,cancelled
18196,1358,21,2025-05-12 02:12:15,store,complete
18197,395,3,2025-07-13 13:21:15,phone,complete
18198,1402,26,2025-08-19 00:41:12,phone,returned
18199,596,40,2025-04-25 13:21:04,phone,cancelled
18200,676,39,2025-03-14 05:47:53,web,complete
18201,1339,31,2025-03-24 14:40:53,mobile,complete
18202,778,10,2025-01-17 15:43:19,web,returned
18203,512,13,2025-10-04 18:24:41,web,cancelled
18204,1282,31,2025-10-26 17:39:30,phone,complete
18205,377,21,2025-09-18 01:37:30,mobile,complete
18206,1123,7,2025-05-25 13:54:23,phone,complete
18207,1228,33,2025-07-11 23:36:33,mobile,complete
18208,1068,28,2025-04-03 22:47:01,mobile,cancelled
18209,545,17,2025-12-19 18:36:27,phone,complete
18210,304,32,2025-05-07 02:53:09,mobile,complete
18211,1329,34,2025-12-05 16:39:39,store,complete
18212,388,15,2025-11-21 22:22:10,phone,complete
18213,1156,30,2025-06-08 09:16:24,mobile,complete
18214,1498,27,2025-08-22 17:12:13,phone,complete
18215,438,38,2025-04-14 08:37:12,mobile,cancelled
18216,1397,29,2025-03-23 02:24:49,store,complete
18217,394,9,2025-11-23 03:26:07,mobile,cancelled
18218,1148,15,2025-11-22 05:58:47,phone,cancelled
18219,310,30,2025-02-04 23:35:12,web,cancelled
18220,906,32,2025-09-13 22:05:41,mobile,complete
18221,417,1,2025-11-17 20:41:18,web,cancelled
18222,305,3,2025-11-26 00:30:44,mobile,complete
18223,777,27,2025-08-10 20:31:28,mobile,cancelled
18224,1227,12,2025-12-29 03:44:45,mobile,returned
18225,269,18,2025-05-05 01:57:28,web,complete
18226,1098,8,2025-01-14 02:47:54,mobile,cancelled
18227,1464,13,2025-01-25 23:13:17,web,complete
18228,1482,5,2025-01-29 00:59:09,mobile,complete
18229,445,39,2025-07-13 09:33:39,web,complete
18230,38,23,2025-05-03 13:12:40,mobile,cancelled
18231,573,1,2025-03-19 19:22:49,web,cancelled
18232,615,26,2025-11-12 20:43:38,web,complete
18233,168,24,2025-11-17 04:21:14,store,cancelled
18234,83,5,2025-08-06 03:30:09,store,complete
18235,647,40,2025-01-21 09:42:20,store,complete
18236,177,2,2025-01-11 07:21:25,store,complete
18237,999,40,2025-07-11 04:36:29,phone,complete
18238,632,40,2025-05-07 13:34:24,mobile,complete
18239,1028,24,2025-11-09 10:43:18,mobile,complete
18240,1250,32,2025-04-10 21:47:27,phone,complete
18241,720,6,2025-07-11 18:30:57,mobile,returned
18242,446,11,2025-09-29 07:25:10,phone,returned
18243,172,33,2025-06-27 18:02:00,phone,returned
18244,597,15,2025-01-06 05:37:30,store,cancelled
18245,561,10,2025-12-19 08:59:06,store,complete
18246,793,2,2025-01-13 20:05:07,mobile,complete
18247,211,11,2025-05-17 09:52:07,mobile,cancelled
18248,436,16,2025-08-29 06:55:31,store,complete
18249,1128,14,2025-11-09 04:01:14,web,returned
18250,738,17,2025-04-19 18:41:29,web,cancelled
18251,1396,33,2025-01-12 02:52:13,store,complete
18252,524,5,2025-04-18 06:38:38,phone,complete
18253,45,33,2025-06-22 02:25:57,mobile,complete
18254,891,32,2025-10-27 01:30:54,mobile,returned
18255,1109,35,2025-04-11 09:12:32,web,returned
18256,39,14,2025-08-22 09:03:21,web,complete
18257,1179,26,2025-05-16 06:50:48,mobile,complete
18258,1442,16,2025-12-25 23:38:50,web,complete
18259,1482,23,2025-10-10 17:49:04,phone,complete
18260,1421,37,2025-05-01 14:59:33,phone,cancelled
18261,749,1,2025-10-30 03:56:24,phone,complete
18262,933,2,2025-03-08 16:21:07,store,complete
18263,328,27,2025-04-01 14:45:28,phone,returned
18264,34,33,2025-11-14 10:43:37,mobile,returned
18265,1390,13,2025-01-10 12:38:55,store,complete
18266,1020,6,2025-03-04 11:24:43,web,complete
18267,1261,5,2025-06-30 19:09:53,phone,complete
18268,610,10,2025-09-08 02:19:55,store,returned
18269,705,33,2025-11-17 04:41:37,store,returned
18270,1040,35,2025-02-06 22:38:44,web,complete
18271,528,1,2025-04-14 12:15:16,web,complete
18272,179,16,2025-11-10 16:33:33,store,complete
18273,1230,16,2025-04-13 22:17:24,mobile,returned
18274,766,15,2025-11-18 05:33:59,web,returned
18275,1320,35,2025-06-25 03:05:26,mobile,cancelled
18276,359,6,2025-07-02 04:04:22,web,returned
18277,1238,7,2025-03-02 14:10:06,phone,returned
18278,1398,17,2025-03-31 05:24:23,mobile,cancelled
18279,1054,24,2025-12-15 04:26:48,mobile,cancelled
18280,1232,15,2025-05-18 13:20:33,phone,complete
18281,1181,40,2025-08-09 22:33:38,web,cancelled
18282,508,32,2025-07-11 10:12:34,phone,cancelled
18283,391,25,2025-07-31 06:56:23,web,complete
18284,1386,12,2025-02-22 08:56:24,web,returned
18285,1118,3,2025-08-08 21:14:23,web,complete
18286,1375,9,2025-04-27 17:24:18,mobile,complete
18287,126,2,2025-10-31 17:34:44,store,complete
18288,594,26,2025-03-17 15:21:54,phone,complete
18289,643,10,2025-10-14 01:48:36,store,cancelled
18290,393,40,2025-06-14 22:19:48,phone,complete
18291,1080,10,2025-06-30 19:01:51,store,cancelled
18292,952,28,2025-01-11 03:03:13,web,cancelled
18293,1102,40,2025-05-03 16:28:46,store,complete
18294,1363,29,2025-09-02 08:29:13,store,returned
18295,969,24,2025-04-21 02:31:32,web,cancelled
18296,642,3,2025-12-05 19:14:32,phone,complete
18297,1143,13,2025-02-13 03:22:12,store,returned
18298,804,17,2025-03-09 05:04:42,store,cancelled
18299,1103,33,2025-01-13 08:06:56,phone,cancelled
18300,822,33,2025-08-06 13:46:12,phone,complete
18301,816,36,2025-05-31 14:22:40,store,returned
18302,410,10,2025-01-17 07:25:15,web,returned
18303,350,19,2025-10-04 15:26:33,phone,complete
18304,638,31,2025-05-05 17:25:32,mobile,returned
18305,322,7,2025-11-20 00:49:55,web,complete
18306,1177,37,2025-05-17 08:14:30,phone,returned
18307,1386,38,2025-07-12 13:24:05,web,cancelled
18308,1457,13,2025-07-05 14:30:34,store,complete
18309,550,38,2025-05-24 14:29:08,phone,complete
18310,366,31,2025-01-30 11:40:03,web,complete
18311,1433,31,2025-09-19 22:25:55,mobile,cancelled
18312,863,26,2025-04-06 21:21:46,store,returned
18313,101,39,2025-08-29 13:33:40,phone,complete
18314,831,16,2025-01-26 03:03:33,web,complete
18315,361,35,2025-03-01 10:01:53,phone,returned
18316,838,13,2025-12-10 08:46:06,mobile,complete
18317,342,3,2025-03-05 22:10:48,web,complete
18318,815,3,2025-01-27 06:39:56,web,complete
18319,803,21,2025-12-04 06:06:05,web,complete
18320,654,40,2025-04-26 04:23:58,phone,complete
18321,512,3,2025-05-30 14:10:48,web,returned
18322,886,12,2025-09-27 01:05:04,phone,returned
18323,553,38,2025-07-06 01:33:08,store,returned
18324,159,32,2025-03-12 04:47:08,phone,cancelled
18325,66,39,2025-06-20 04:41:16,web,cancelled
18326,780,6,2025-04-24 23:56:45,store,cancelled
18327,1122,31,2025-06-25 12:45:45,mobile,complete
18328,456,29,2025-03-18 15:39:30,store,complete
18329,1028,39,2025-08-11 13:03:22,web,complete
18330,162,2,2025-05-08 19:04:44,mobile,complete
18331,464,33,2025-08-27 08:36:32,mobile,returned
18332,442,35,2025-07-22 09:53:55,web,cancelled
18333,55,13,2025-11-27 04:16:59,phone,cancelled
18334,1247,28,2025-04-11 21:40:58,mobile,returned
18335,1464,14,2025-07-01 01:20:14,mobile,returned
18336,1172,8,2025-10-05 21:21:24,web,cancelled
18337,720,10,2025-11-15 10:21:02,mobile,cancelled
18338,1025,34,2025-08-30 03:25:35,mobile,complete
18339,20,18,2025-08-23 06:19:02,store,cancelled
18340,589,1,2025-12-10 03:16:56,web,complete
18341,214,24,2025-11-23 03:45:58,mobile,complete
18342,539,28,2025-04-16 00:02:52,web,complete
18343,1192,28,2025-03-02 23:46:41,store,cancelled
18344,817,30,2025-05-25 21:59:11,web,complete
18345,1127,2,2025-04-22 06:15:19,store,returned
18346,203,3,2025-11-05 06:46:43,mobile,cancelled
18347,411,30,2025-06-29 14:32:33,phone,complete
18348,217,4,2025-12-01 10:47:59,web,complete
18349,699,13,2025-11-01 17:02:42,store,returned
18350,458,31,2025-02-12 22:59:54,store,complete
18351,617,9,2025-08-22 11:26:25,web,complete
18352,1232,40,2025-04-14 09:06:28,mobile,complete
18353,345,18,2025-04-20 22:45:35,phone,returned
18354,53,6,2025-08-07 03:26:24,web,complete
18355,732,16,2025-06-07 00:43:35,mobile,cancelled
18356,470,23,2025-11-30 21:00:09,mobile,complete
18357,1439,36,2025-02-15 18:56:23,store,complete
18358,417,12,2025-05-20 18:53:42,mobile,complete
18359,1457,25,2025-10-07 10:02:16,web,cancelled
18360,44,39,2025-08-01 17:47:00,web,cancelled
18361,1473,32,2025-09-09 11:20:52,mobile,cancelled
18362,280,14,2025-07-08 22:50:06,web,returned
18363,1287,36,2025-07-08 11:42:07,web,complete
18364,695,15,2025-05-13 01:34:09,store,returned
18365,596,35,2025-05-26 22:45:58,store,complete
18366,323,17,2025-02-21 22:00:24,phone,returned
18367,106,8,2025-04-25 04:46:32,phone,complete
18368,650,38,2025-11-15 17:57:59,mobile,complete
18369,109,30,2025-08-27 23:09:25,store,complete
18370,1371,17,2025-05-06 22:45:26,mobile,cancelled
18371,212,14,2025-09-14 22:13:42,mobile,complete
18372,160,4,2025-01-09 19:17:37,web,complete
18373,54,12,2025-09-08 18:53:26,phone,returned
18374,722,40,2025-04-22 05:20:06,mobile,complete
18375,462,23,2025-05-05 19:18:07,store,complete
18376,471,10,2025-11-19 08:23:05,store,complete
18377,1331,15,2025-01-22 18:46:17,store,returned
18378,1453,13,2025-07-29 17:18:54,web,complete
18379,606,15,2025-04-23 11:08:31,web,complete
18380,559,36,2025-06-01 08:30:47,phone,returned
18381,1060,25,2025-06-10 09:35:03,mobile,complete
18382,1047,22,2025-12-12 23:59:40,mobile,complete
18383,1145,6,2025-08-16 14:08:38,mobile,complete
18384,86,33,2025-07-17 16:18:12,phone,complete
18385,1107,26,2025-10-24 15:33:12,web,complete
18386,119,32,2025-01-20 04:45:04,store,returned
18387,1171,24,2025-01-13 13:39:59,mobile,cancelled
18388,477,13,2025-04-18 12:12:38,store,complete
18389,743,1,2025-05-13 09:42:35,phone,returned
18390,1309,39,2025-06-07 16:28:34,phone,complete
18391,897,18,2025-07-14 12:36:08,web,returned
18392,503,22,2025-10-22 10:29:21,phone,cancelled
18393,1121,10,2025-07-13 12:46:27,web,complete
18394,1409,2,2025-02-09 08:50:53,mobile,complete
18395,1233,25,2025-02-15 22:22:59,web,complete
18396,1161,37,2025-06-03 03:32:44,phone,complete
18397,702,8,2025-02-26 13:02:29,mobile,cancelled
18398,830,21,2025-08-10 12:36:32,web,complete
18399,989,37,2025-04-20 08:29:13,mobile,cancelled
18400,869,23,2025-07-22 12:49:13,web,complete
18401,1297,10,2025-05-16 01:21:32,store,complete
18402,1299,20,2025-07-26 00:09:27,mobile,complete
18403,997,24,2025-08-09 02:43:25,mobile,complete
18404,827,33,2025-12-16 12:22:31,mobile,cancelled
18405,1209,4,2025-05-20 15:17:50,web,complete
18406,309,16,2025-04-14 10:20:06,web,cancelled
18407,689,37,2025-03-23 08:14:31,phone,returned
18408,490,32,2025-07-05 20:50:07,web,complete
18409,446,2,2025-03-24 19:06:08,web,complete
18410,44,9,2025-09-12 00:34:15,store,returned
18411,583,3,2025-01-29 04:48:59,web,returned
18412,590,10,2025-09-05 09:22:14,phone,complete
18413,83,27,2025-02-25 10:31:12,web,complete
18414,192,12,2025-12-31 14:51:36,mobile,complete
18415,1100,30,2025-03-31 12:48:42,web,cancelled
18416,694,21,2025-04-08 15:08:09,web,complete
18417,784,23,2025-04-19 23:59:01,web,complete
18418,1001,4,2025-05-10 19:21:03,mobile,cancelled
18419,369,22,2025-12-05 21:22:26,web,returned
18420,267,18,2025-05-07 23:47:54,phone,complete
18421,1377,37,2025-04-16 05:29:24,phone,complete
18422,927,21,2025-11-10 13:23:17,store,complete
18423,1109,13,2025-07-25 04:33:17,mobile,complete
18424,16,25,2025-10-28 07:52:16,store,returned
18425,1168,34,2025-12-18 13:27:34,web,complete
18426,61,24,2025-09-26 23:44:21,store,complete
18427,1259,10,2025-11-04 18:22:39,mobile,returned
18428,210,35,2025-12-19 22:18:18,web,complete
18429,725,21,2025-03-07 19:19:39,mobile,cancelled
18430,90,28,2025-02-03 22:42:00,store,complete
18431,1232,32,2025-05-28 03:58:22,web,complete
18432,443,17,2025-01-07 23:54:09,phone,complete
18433,1254,39,2025-03-28 13:36:55,phone,complete
18434,1030,4,2025-12-24 01:03:44,phone,complete
18435,1020,33,2025-11-20 01:08:02,mobile,complete
18436,919,40,2025-07-07 13:42:22,store,cancelled
18437,1394,12,2025-02-08 17:16:12,web,complete
18438,25,15,2025-09-07 03:32:28,web,complete
18439,935,26,2025-07-05 00:39:20,mobile,complete
18440,934,20,2025-10-24 15:44:26,store,cancelled
18441,1091,9,2025-07-23 08:43:40,mobile,returned
18442,630,23,2025-04-26 06:56:12,web,complete
18443,919,11,2025-08-14 17:48:16,web,returned
18444,354,38,2025-07-12 17:30:36,web,complete
18445,1013,20,2025-01-24 07:30:29,phone,cancelled
18446,935,25,2025-07-25 18:04:53,web,complete
18447,1158,22,2025-01-27 23:58:02,mobile,complete
18448,719,37,2025-05-16 20:00:18,web,cancelled
18449,132,18,2025-06-13 18:40:22,mobile,complete
18450,1281,13,2025-12-02 07:50:43,phone,complete
18451,693,32,2025-11-08 08:29:40,phone,complete
18452,322,13,2025-05-26 00:30:04,mobile,complete
18453,647,16,2025-10-12 23:47:05,phone,complete
18454,707,19,2025-03-20 10:28:49,phone,returned
18455,494,27,2025-01-12 21:10:04,mobile,complete
18456,358,15,2025-09-19 13:03:41,phone,returned
18457,1497,22,2025-06-30 00:59:41,mobile,complete
18458,792,39,2025-12-30 10:40:36,store,cancelled
18459,464,13,2025-04-19 23:49:56,mobile,returned
18460,855,25,2025-09-21 12:24:16,phone,complete
18461,201,19,2025-05-21 21:00:19,web,complete
18462,794,16,2025-08-07 19:04:37,web,complete
18463,610,30,2025-07-27 08:44:15,mobile,cancelled
18464,299,9,2025-04-24 19:40:13,store,complete
18465,1394,19,2025-03-09 01:21:15,phone,complete
18466,647,3,2025-06-01 22:14:44,phone,complete
18467,265,29,2025-12-20 12:46:54,store,complete
18468,1392,7,2025-07-05 10:03:38,phone,complete
18469,1194,20,2025-01-08 02:03:10,mobile,complete
18470,100,9,2025-03-09 05:27:49,web,cancelled
18471,715,33,2025-11-21 10:56:48,phone,complete
18472,1045,30,2025-06-23 18:34:21,web,returned
18473,1130,25,2025-02-01 23:04:15,store,complete
18474,798,13,2025-03-05 18:19:56,store,returned
18475,164,26,2025-07-11 02:12:21,phone,complete
18476,1311,35,2025-03-29 16:02:43,phone,complete
18477,1128,32,2025-01-03 09:36:25,store,complete
18478,1466,39,2025-12-19 23:53:11,mobile,cancelled
18479,1224,16,2025-01-12 04:07:02,web,cancelled
18480,338,21,2025-10-14 07:20:52,phone,complete
18481,1327,32,2025-04-25 04:52:56,mobile,returned
18482,932,32,2025-08-03 10:20:38,web,cancelled
18483,438,10,2025-10-13 16:35:48,store,complete
18484,820,17,2025-03-06 07:47:49,web,complete
18485,710,5,2025-05-21 21:56:24,mobile,complete
18486,329,40,2025-08-05 20:08:05,store,cancelled
18487,1090,36,2025-10-14 22:54:10,web,returned
18488,809,6,2025-12-12 06:12:59,phone,complete
18489,1425,24,2025-05-31 07:36:14,web,returned
18490,342,27,2025-11-17 14:50:51,web,returned
18491,397,10,2025-08-05 16:21:33,phone,complete
18492,665,29,2025-11-01 11:26:03,mobile,complete
18493,114,30,2025-05-04 10:40:45,mobile,complete
18494,1272,20,2025-06-20 11:09:15,store,cancelled
18495,747,30,2025-07-24 04:51:40,phone,complete
18496,31,30,2025-05-21 09:53:02,store,complete
18497,297,14,2025-07-18 02:07:35,mobile,complete
18498,564,39,2025-08-16 11:52:22,store,complete
18499,185,21,2025-08-14 11:38:40,web,complete
18500,1056,36,2025-11-28 05:44:03,mobile,complete
18501,286,30,2025-01-19 18:06:59,phone,complete
18502,94,12,2025-05-19 03:09:17,store,complete
18503,1145,30,2025-09-23 17:28:17,mobile,complete
18504,1332,23,2025-07-10 19:51:39,store,complete
18505,96,23,2025-03-06 06:07:33,mobile,returned
18506,32,32,2025-11-22 19:33:14,mobile,complete
18507,567,8,2025-10-18 18:11:02,store,returned
18508,1181,27,2025-08-18 17:04:13,store,returned
18509,922,26,2025-05-03 07:35:59,web,returned
18510,1138,10,2025-01-22 11:35:31,web,complete
18511,620,8,2025-04-05 12:14:05,store,complete
18512,214,9,2025-07-17 16:20:50,phone,complete
18513,280,32,2025-04-01 07:58:46,store,complete
18514,1013,11,2025-09-24 13:37:23,store,complete
18515,560,12,2025-06-14 22:33:35,mobile,cancelled
18516,1272,37,2025-04-22 10:16:20,mobile,complete
18517,281,26,2025-05-11 14:47:13,mobile,complete
18518,836,2,2025-01-13 14:41:07,mobile,returned
18519,518,35,2025-01-30 00:52:10,store,complete
18520,250,24,2025-04-19 10:09:52,mobile,complete
18521,407,24,2025-09-22 05:51:16,phone,cancelled
18522,585,38,2025-03-11 09:40:50,phone,cancelled
18523,1238,16,2025-05-26 11:00:55,mobile,complete
18524,1135,18,2025-09-24 16:55:02,mobile,cancelled
18525,237,10,2025-06-14 11:42:06,web,returned
18526,550,15,2025-12-23 12:00:25,web,cancelled
18527,1370,20,2025-12-02 03:20:13,web,complete
18528,773,14,2025-11-02 10:16:42,phone,cancelled
18529,172,27,2025-07-27 11:23:53,store,complete
18530,464,8,2025-12-24 00:39:16,web,complete
18531,352,10,2025-02-15 15:15:17,mobile,complete
18532,127,10,2025-11-11 05:22:07,web,complete
18533,346,6,2025-10-22 05:25:22,phone,cancelled
18534,1070,21,2025-05-18 12:02:08,web,complete
18535,487,37,2025-06-04 17:00:15,mobile,complete
18536,408,24,2025-06-12 23:17:14,web,complete
18537,1348,5,2025-03-31 04:50:44,mobile,complete
18538,1481,23,2025-04-17 03:29:15,phone,complete
18539,748,31,2025-12-02 09:33:46,phone,cancelled
18540,1057,1,2025-08-06 11:10:46,phone,complete
18541,940,16,2025-02-17 18:04:12,store,returned
18542,598,28,2025-10-19 18:49:52,web,complete
18543,1158,16,2025-12-25 10:10:33,store,complete
18544,11,23,2025-06-10 14:35:33,store,cancelled
18545,340,40,2025-11-10 09:45:32,phone,complete
18546,816,25,2025-08-24 22:35:25,web,complete
18547,988,32,2025-09-03 16:03:36,phone,complete
18548,1357,10,2025-06-14 14:21:14,store,complete
18549,474,19,2025-08-21 11:26:26,web,cancelled
18550,862,13,2025-09-07 22:31:04,store,returned
18551,1076,40,2025-12-19 13:03:38,store,complete
18552,1295,12,2025-03-09 01:14:55,mobile,complete
18553,34,31,2025-08-08 01:44:00,store,complete
18554,1186,9,2025-04-05 21:06:34,store,complete
18555,1287,23,2025-08-09 22:20:13,store,complete
18556,749,18,2025-01-20 04:29:01,mobile,complete
18557,175,12,2025-07-01 23:36:53,store,returned
18558,1100,14,2025-08-17 14:16:00,store,complete
18559,1082,20,2025-10-06 07:31:23,mobile,returned
18560,736,16,2025-03-14 08:41:33,web,complete
18561,1187,21,2025-11-16 11:12:17,mobile,complete
18562,1040,13,2025-12-05 00:03:31,mobile,cancelled
18563,553,2,2025-06-07 11:30:54,web,complete
18564,1392,34,2025-12-11 08:58:17,store,complete
18565,636,16,2025-02-13 17:09:30,store,complete
18566,83,3,2025-04-16 03:22:51,mobile,complete
18567,987,35,2025-11-02 16:32:42,phone,complete
18568,1433,15,2025-06-06 04:06:38,store,cancelled
18569,1217,10,2025-10-28 01:22:37,store,complete
18570,798,16,2025-05-28 04:21:26,mobile,complete
18571,1239,23,2025-11-21 03:24:13,phone,complete
18572,1188,16,2025-06-19 06:37:24,store,complete
18573,436,22,2025-03-13 05:31:25,phone,complete
18574,174,8,2025-10-20 01:37:08,mobile,returned
18575,932,2,2025-02-25 03:14:50,store,complete
18576,313,20,2025-12-16 12:56:51,store,complete
18577,437,7,2025-09-20 06:08:09,store,complete
18578,601,33,2025-01-15 01:35:15,mobile,returned
18579,60,32,2025-02-17 15:59:19,mobile,complete
18580,294,27,2025-10-09 22:16:34,store,complete
18581,314,39,2025-05-22 04:04:03,phone,complete
18582,1371,30,2025-04-29 03:43:11,phone,complete
18583,1406,24,2025-03-24 05:54:00,mobile,complete
18584,403,40,2025-07-21 07:48:30,web,cancelled
18585,672,12,2025-01-01 10:27:00,phone,complete
18586,355,23,2025-01-12 03:29:36,mobile,complete
18587,676,2,2025-11-13 20:37:44,mobile,cancelled
18588,1457,36,2025-08-31 22:19:02,mobile,returned
18589,1307,27,2025-10-09 12:36:41,web,returned
18590,1106,21,2025-09-26 04:23:05,phone,complete
18591,897,25,2025-06-25 03:51:04,phone,complete
18592,1476,37,2025-03-22 05:54:22,store,cancelled
18593,854,13,2025-01-05 02:20:03,mobile,cancelled
18594,207,32,2025-08-24 14:04:55,store,complete
18595,1490,20,2025-06-18 17:40:00,phone,complete
18596,395,32,2025-05-19 07:13:20,web,complete
18597,423,26,2025-03-10 18:44:57,phone,complete
18598,469,29,2025-09-14 03:25:51,phone,complete
18599,1214,14,2025-05-14 16:50:39,mobile,cancelled
18600,358,24,2025-06-02 23:00:37,web,returned
18601,95,30,2025-01-02 09:33:59,phone,complete
18602,801,21,2025-10-23 22:20:42,store,complete
18603,202,38,2025-08-07 16:39:53,mobile,returned
18604,1495,9,2025-01-02 10:27:16,web,complete
18605,1109,38,2025-10-09 19:29:22,store,complete
18606,1027,4,2025-03-01 17:40:57,mobile,complete
18607,1282,17,2025-05-10 13:02:44,mobile,complete
18608,119,21,2025-04-30 03:03:49,mobile,complete
18609,1266,36,2025-10-22 20:07:14,store,complete
18610,466,9,2025-01-07 08:35:29,store,complete
18611,231,32,2025-12-16 05:35:04,phone,complete
18612,179,7,2025-12-17 19:27:56,mobile,complete
18613,1348,8,2025-05-17 06:10:31,web,returned
18614,601,20,2025-03-18 08:20:44,mobile,complete
18615,937,19,2025-12-05 03:13:09,store,complete
18616,403,19,2025-06-02 17:11:49,phone,returned
18617,1413,30,2025-10-09 04:43:47,phone,complete
18618,847,18,2025-03-18 08:28:57,web,returned
18619,1430,3,2025-11-30 01:41:16,web,cancelled
18620,365,34,2025-08-30 23:00:06,web,complete
18621,283,28,2025-10-12 07:07:45,store,cancelled
18622,1161,39,2025-08-16 02:31:31,phone,complete
18623,471,10,2025-09-08 16:48:40,web,cancelled
18624,1043,27,2025-11-05 07:30:45,web,cancelled
18625,588,29,2025-07-06 23:57:33,phone,returned
18626,635,23,2025-02-13 14:46:20,store,complete
18627,892,40,2025-04-08 11:26:15,mobile,cancelled
18628,1267,13,2025-10-18 14:42:39,mobile,complete
18629,765,37,2025-03-19 22:41:31,phone,cancelled
18630,1028,18,2025-09-21 15:32:21,phone,cancelled
18631,1008,6,2025-11-07 10:46:22,mobile,complete
18632,803,21,2025-01-16 12:13:17,phone,complete
18633,576,37,2025-08-22 11:16:48,phone,returned
18634,1167,26,2025-05-04 11:10:36,web,cancelled
18635,343,25,2025-01-26 20:29:27,web,complete
18636,52,37,2025-12-15 09:47:05,mobile,complete
18637,670,30,2025-11-25 09:41:39,web,complete
18638,617,11,2025-11-06 20:31:58,mobile,returned
18639,1413,38,2025-01-18 22:34:15,phone,complete
18640,630,25,2025-03-08 02:42:30,mobile,cancelled
18641,235,20,2025-10-27 17:59:27,store,complete
18642,1433,37,2025-10-24 13:24:34,phone,complete
18643,511,29,2025-04-19 13:54:56,store,complete
18644,323,21,2025-02-21 12:34:53,phone,cancelled
18645,354,34,2025-08-30 21:55:21,phone,cancelled
18646,571,13,2025-11-08 06:02:48,phone,complete
18647,573,33,2025-08-26 19:32:38,phone,returned
18648,941,2,2025-10-28 03:40:06,web,complete
18649,626,17,2025-07-20 06:35:48,mobile,complete
18650,260,9,2025-04-10 17:37:17,web,complete
18651,31,40,2025-10-10 08:52:41,web,cancelled
18652,377,38,2025-04-08 21:03:33,web,cancelled
18653,463,13,2025-03-19 11:35:56,mobile,returned
18654,1265,12,2025-03-02 17:18:03,store,complete
18655,1046,19,2025-08-11 06:34:38,store,returned
18656,1140,31,2025-11-09 04:50:51,mobile,complete
18657,1006,12,2025-06-04 06:11:08,store,complete
18658,179,39,2025-02-12 16:28:14,mobile,complete
18659,929,9,2025-09-10 10:30:07,store,returned
18660,293,28,2025-05-05 15:02:59,store,cancelled
18661,406,13,2025-09-06 13:46:35,web,complete
18662,1200,6,2025-08-02 19:28:02,mobile,complete
18663,147,38,2025-05-05 16:06:39,mobile,cancelled
18664,840,33,2025-02-06 18:52:06,store,returned
18665,1102,10,2025-12-12 15:37:56,mobile,complete
18666,47,1,2025-08-04 10:37:16,web,complete
18667,703,23,2025-05-05 03:15:56,store,returned
18668,625,15,2025-05-15 17:00:52,phone,complete
18669,1231,18,2025-04-26 03:56:45,store,cancelled
18670,73,13,2025-10-04 07:30:34,web,complete
18671,406,31,2025-03-20 22:40:43,store,complete
18672,66,38,2025-03-17 23:07:26,mobile,cancelled
18673,731,5,2025-06-16 07:46:16,store,complete
18674,1435,7,2025-12-02 22:07:10,mobile,complete
18675,480,32,2025-04-17 16:07:18,mobile,complete
18676,619,19,2025-10-03 15:51:51,web,returned
18677,1250,32,2025-11-26 10:20:40,mobile,complete
18678,982,26,2025-01-26 12:39:09,phone,returned
18679,1248,32,2025-06-01 13:54:26,mobile,complete
18680,1460,23,2025-07-04 18:05:56,mobile,complete
18681,1290,10,2025-09-05 19:19:07,store,cancelled
18682,1410,28,2025-09-04 20:12:28,mobile,complete
18683,697,20,2025-05-20 07:55:38,store,returned
18684,731,5,2025-03-25 20:26:20,mobile,complete
18685,1025,21,2025-04-23 07:33:45,store,cancelled
18686,1191,40,2025-05-06 13:02:31,store,cancelled
18687,28,4,2025-10-14 18:38:01,mobile,cancelled
18688,82,37,2025-02-12 00:34:46,phone,complete
18689,1412,38,2025-04-02 21:32:45,web,complete
18690,153,36,2025-06-14 16:54:12,store,complete
18691,620,11,2025-12-15 06:57:04,store,complete
18692,853,2,2025-09-27 11:51:28,phone,cancelled
18693,616,19,2025-07-29 20:45:32,phone,cancelled
18694,1157,39,2025-12-19 20:34:50,web,complete
18695,401,37,2025-09-13 19:04:38,web,complete
18696,1408,4,2025-12-08 11:08:54,phone,returned
18697,1240,36,2025-02-05 23:31:10,phone,complete
18698,145,17,2025-12-19 21:48:44,mobile,cancelled
18699,732,31,2025-10-02 06:27:27,mobile,cancelled
18700,681,37,2025-02-15 12:16:39,web,returned
18701,529,34,2025-09-25 12:49:01,phone,complete
18702,588,33,2025-02-10 12:35:44,web,returned
18703,633,37,2025-09-30 23:41:01,web,complete
18704,1185,5,2025-03-22 18:07:18,phone,returned
18705,197,24,2025-11-01 04:24:31,store,cancelled
18706,177,7,2025-10-31 13:14:07,mobile,complete
18707,895,4,2025-03-15 21:13:55,phone,complete
18708,749,26,2025-05-23 00:10:51,store,cancelled
18709,507,34,2025-10-10 23:18:40,store,cancelled
18710,245,37,2025-10-12 23:14:32,mobile,cancelled
18711,774,20,2025-03-28 11:28:14,mobile,cancelled
18712,34,31,2025-08-12 23:51:28,web,complete
18713,839,38,2025-07-23 08:12:35,store,complete
18714,1129,28,2025-01-11 22:26:58,web,returned
18715,956,7,2025-08-23 20:18:09,web,complete
18716,200,24,2025-05-02 14:43:03,store,returned
18717,1109,31,2025-04-08 04:26:35,web,complete
18718,228,28,2025-09-15 21:29:28,store,complete
18719,640,31,2025-08-29 12:32:14,mobile,complete
18720,1175,27,2025-12-30 04:16:07,phone,complete
18721,217,36,2025-02-17 07:39:13,mobile,complete
18722,680,39,2025-09-25 01:14:17,store,returned
18723,874,14,2025-10-03 05:41:58,phone,complete
18724,422,17,2025-08-16 09:32:27,store,cancelled
18725,797,20,2025-03-05 03:18:35,web,cancelled
18726,337,27,2025-09-01 23:17:02,web,returned
18727,429,33,2025-08-13 06:39:02,phone,complete
18728,836,10,2025-11-13 00:32:47,mobile,complete
18729,289,8,2025-02-14 18:44:57,mobile,complete
18730,506,16,2025-12-19 13:28:27,store,complete
18731,990,13,2025-02-21 22:10:08,phone,complete
18732,681,17,2025-02-04 06:06:14,mobile,cancelled
18733,180,38,2025-12-03 18:19:48,store,complete
18734,895,34,2025-05-25 20:15:56,web,complete
18735,1486,7,2025-01-13 07:43:27,web,complete
18736,197,6,2025-05-16 03:37:10,mobile,complete
18737,152,3,2025-03-11 16:43:38,web,cancelled
18738,1020,7,2025-08-23 14:06:21,phone,complete
18739,679,20,2025-09-30 08:18:56,web,complete
18740,650,15,2025-05-01 02:52:55,web,cancelled
18741,1396,38,2025-02-19 19:45:17,phone,cancelled
18742,734,20,2025-07-21 22:54:03,store,returned
18743,621,1,2025-06-08 08:17:07,store,complete
18744,946,30,2025-03-08 01:15:11,mobile,returned
18745,1424,23,2025-08-20 23:19:06,store,complete
18746,817,13,2025-07-02 03:16:43,web,complete
18747,970,36,2025-06-18 04:38:02,phone,complete
18748,3,3,2025-04-13 07:46:35,web,complete
18749,115,23,2025-05-03 20:05:54,store,complete
18750,1122,17,2025-09-19 05:19:04,store,complete
18751,231,26,2025-05-26 05:14:34,web,cancelled
18752,360,40,2025-06-19 00:49:39,mobile,complete
18753,630,29,2025-01-08 18:45:12,store,complete
18754,889,4,2025-12-01 02:59:35,mobile,complete
18755,670,19,2025-04-10 21:11:40,mobile,returned
18756,1057,13,2025-06-12 01:14:03,store,complete
18757,1182,18,2025-01-25 10:39:45,store,complete
18758,1436,37,2025-01-24 20:35:00,mobile,returned
18759,971,8,2025-07-30 14:55:29,store,complete
18760,1149,14,2025-11-23 11:51:30,phone,returned
18761,860,30,2025-10-25 22:49:53,store,cancelled
18762,1348,12,2025-08-10 20:52:13,web,returned
18763,411,27,2025-03-24 20:23:04,web,complete
18764,1391,9,2025-08-19 17:58:31,web,complete
18765,402,28,2025-06-04 00:45:21,web,returned
18766,816,2,2025-04-21 16:35:41,mobile,returned
18767,845,39,2025-09-12 05:03:20,phone,returned
18768,861,4,2025-08-10 01:50:49,mobile,complete
18769,755,3,2025-02-07 08:05:14,web,complete
18770,558,8,2025-09-16 00:41:43,web,complete
18771,134,5,2025-04-25 19:23:05,store,complete
18772,138,35,2025-10-03 04:45:05,mobile,complete
18773,403,8,2025-09-26 00:20:42,store,cancelled
18774,1293,35,2025-09-24 16:03:50,web,returned
18775,927,18,2025-11-29 07:30:59,mobile,complete
18776,1354,20,2025-05-10 04:48:45,web,cancelled
18777,161,2,2025-04-21 04:44:32,web,complete
18778,1115,40,2025-03-05 18:31:09,store,complete
18779,671,8,2025-02-09 12:42:45,phone,cancelled
18780,1240,37,2025-08-17 03:59:16,store,complete
18781,613,39,2025-07-06 05:52:57,store,complete
18782,413,9,2025-09-12 13:04:39,phone,complete
18783,586,24,2025-05-21 19:42:34,phone,complete
18784,996,40,2025-01-13 18:17:42,mobile,returned
18785,1479,20,2025-01-07 10:31:54,web,complete
18786,1180,4,2025-08-11 02:50:50,mobile,complete
18787,1231,37,2025-03-09 07:41:40,store,returned
18788,1231,1,2025-12-06 00:37:32,phone,returned
18789,293,37,2025-08-22 03:29:20,web,cancelled
18790,465,22,2025-09-19 14:41:54,web,complete
18791,19,20,2025-05-18 19:14:02,phone,cancelled
18792,544,20,2025-11-04 05:17:37,web,complete
18793,323,4,2025-03-22 12:59:18,store,complete
18794,127,15,2025-11-18 10:34:22,store,cancelled
18795,210,2,2025-07-06 21:39:26,store,complete
18796,1150,33,2025-09-11 04:16:30,mobile,complete
18797,171,26,2025-09-07 12:00:11,phone,returned
18798,478,4,2025-09-28 15:55:24,phone,complete
18799,1289,4,2025-09-14 07:57:57,web,complete
18800,273,37,2025-05-21 02:30:15,web,cancelled
18801,1331,3,2025-06-08 08:06:54,phone,complete
18802,746,1,2025-06-30 03:12:32,mobile,complete
18803,771,40,2025-08-17 05:40:47,web,cancelled
18804,500,20,2025-12-04 07:12:19,phone,complete
18805,182,23,2025-02-19 14:22:37,mobile,complete
18806,529,11,2025-11-26 12:26:27,phone,returned
18807,597,14,2025-12-31 13:30:30,store,returned
18808,610,12,2025-06-23 06:09:15,mobile,complete
18809,499,39,2025-11-02 17:53:01,web,returned
18810,975,24,2025-10-23 15:16:58,mobile,returned
18811,463,13,2025-03-09 21:00:39,mobile,cancelled
18812,64,19,2025-01-29 08:53:20,phone,cancelled
18813,475,24,2025-09-21 03:24:55,phone,returned
18814,948,6,2025-11-25 02:47:31,store,complete
18815,1016,31,2025-09-08 01:07:53,web,returned
18816,478,26,2025-04-08 20:32:45,phone,cancelled
18817,1232,1,2025-02-05 19:58:23,mobile,returned
18818,102,29,2025-09-12 21:57:46,store,complete
18819,807,23,2025-07-11 20:26:12,web,complete
18820,537,35,2025-11-18 21:13:37,phone,returned
18821,531,2,2025-07-15 15:13:58,phone,complete
18822,1115,31,2025-05-19 10:22:08,web,cancelled
18823,522,16,2025-04-19 11:20:41,web,complete
18824,106,9,2025-10-22 02:33:23,phone,complete
18825,1474,25,2025-01-08 02:49:49,mobile,complete
18826,1283,26,2025-06-04 03:48:55,mobile,complete
18827,280,3,2025-04-03 21:47:37,phone,cancelled
18828,589,38,2025-06-15 06:01:40,web,complete
18829,1452,18,2025-10-20 08:52:58,mobile,returned
18830,1124,36,2025-09-07 21:19:51,phone,cancelled
18831,1381,24,2025-06-09 05:58:21,store,returned
18832,1346,15,2025-03-21 12:37:55,web,complete
18833,584,35,2025-01-01 00:31:01,mobile,complete
18834,1091,8,2025-04-16 18:29:36,phone,cancelled
18835,664,31,2025-05-06 13:39:32,store,complete
18836,1376,7,2025-08-08 20:24:42,mobile,cancelled
18837,356,27,2025-05-14 07:19:51,phone,returned
18838,661,37,2025-06-20 01:17:50,phone,complete
18839,1158,38,2025-01-26 21:47:22,phone,complete
18840,1056,38,2025-08-12 20:26:48,mobile,returned
18841,166,14,2025-10-20 19:56:44,store,cancelled
18842,1327,37,2025-10-27 07:57:59,phone,complete
18843,1110,34,2025-11-24 19:51:28,phone,complete
18844,169,14,2025-11-25 19:48:40,store,returned
18845,803,39,2025-07-01 01:47:27,store,cancelled
18846,1423,17,2025-07-10 09:24:06,phone,cancelled
18847,65,16,2025-03-04 13:27:38,phone,complete
18848,208,33,2025-05-03 05:09:40,store,complete
18849,261,8,2025-07-01 16:22:35,phone,complete
18850,954,20,2025-12-28 00:44:47,web,complete
18851,150,3,2025-08-04 09:44:30,mobile,complete
18852,522,32,2025-05-02 12:14:32,store,complete
18853,1426,39,2025-05-06 02:48:36,mobile,complete
18854,990,33,2025-03-18 01:48:15,store,cancelled
18855,548,35,2025-05-21 00:27:11,mobile,complete
18856,681,9,2025-02-07 01:47:34,store,cancelled
18857,572,16,2025-05-07 22:22:58,phone,cancelled
18858,1109,36,2025-09-14 13:06:26,mobile,complete
18859,119,9,2025-02-18 21:42:19,web,complete
18860,1309,37,2025-08-18 03:49:41,phone,complete
18861,984,11,2025-01-29 00:54:52,store,complete
18862,329,11,2025-09-19 11:41:56,store,complete
18863,920,11,2025-10-26 18:47:20,web,cancelled
18864,603,20,2025-05-06 14:11:59,store,cancelled
18865,1206,13,2025-08-11 02:15:17,store,returned
18866,1293,26,2025-08-06 14:36:15,mobile,complete
18867,417,3,2025-08-06 18:59:02,web,returned
18868,1107,6,2025-04-12 07:22:07,web,returned
18869,1207,3,2025-07-02 16:10:59,store,complete
18870,1194,22,2025-04-07 21:48:51,store,cancelled
18871,347,34,2025-08-07 12:00:44,web,cancelled
18872,612,27,2025-11-01 16:36:29,phone,complete
18873,150,39,2025-08-05 05:59:42,web,complete
18874,1289,16,2025-10-24 05:27:11,mobile,cancelled
18875,1144,26,2025-03-20 04:15:30,mobile,returned
18876,1067,7,2025-05-08 04:42:29,phone,complete
18877,510,22,2025-12-18 02:37:16,web,cancelled
18878,523,37,2025-03-25 01:21:49,phone,cancelled
18879,181,23,2025-06-17 21:05:56,phone,complete
18880,1202,35,2025-02-04 04:33:46,store,complete
18881,1365,13,2025-08-01 11:19:42,phone,complete
18882,8,31,2025-03-28 22:28:14,store,returned
18883,1413,1,2025-06-27 07:53:28,web,cancelled
18884,482,18,2025-09-26 13:41:27,web,cancelled
18885,1077,14,2025-03-28 09:02:12,store,complete
18886,377,13,2025-03-25 09:50:11,store,cancelled
18887,406,33,2025-12-17 06:56:58,mobile,returned
18888,1393,15,2025-03-11 09:47:57,web,returned
18889,880,22,2025-06-25 05:52:24,mobile,complete
18890,910,26,2025-06-01 05:06:19,phone,returned
18891,1001,9,2025-12-22 21:32:55,store,complete
18892,1072,34,2025-04-17 18:44:58,mobile,complete
18893,28,37,2025-09-20 13:25:25,store,complete
18894,662,21,2025-05-16 03:50:54,store,complete
18895,333,39,2025-07-31 02:37:11,web,complete
18896,619,4,2025-06-09 13:36:32,web,complete
18897,151,19,2025-08-15 18:55:09,mobile,cancelled
18898,823,9,2025-01-27 09:57:08,store,returned
18899,1435,29,2025-09-04 10:55:44,web,complete
18900,231,24,2025-07-07 12:10:04,phone,complete
18901,575,27,2025-03-03 19:39:54,phone,complete
18902,31,11,2025-03-22 00:56:03,phone,returned
18903,790,6,2025-04-15 22:45:50,web,cancelled
18904,970,4,2025-08-09 05:21:14,mobile,complete
18905,72,39,2025-07-12 17:00:23,mobile,returned
18906,841,12,2025-11-09 18:02:37,phone,cancelled
18907,232,17,2025-12-25 10:17:56,mobile,complete
18908,1341,37,2025-03-30 16:16:23,phone,returned
18909,1281,23,2025-10-20 19:43:59,mobile,complete
18910,433,3,2025-04-04 17:23:22,mobile,cancelled
18911,123,17,2025-05-10 13:36:53,phone,complete
18912,1228,37,2025-12-08 11:45:55,web,complete
18913,379,35,2025-05-27 23:58:15,store,returned
18914,651,4,2025-01-18 14:25:41,store,returned
18915,797,9,2025-10-19 15:24:31,web,complete
18916,572,14,2025-10-11 00:32:44,mobile,complete
18917,15,9,2025-06-13 08:07:55,phone,returned
18918,665,17,2025-03-05 17:12:51,store,returned
18919,1351,28,2025-02-05 03:56:30,web,returned
18920,142,30,2025-07-17 10:09:05,phone,cancelled
18921,1332,39,2025-10-16 00:56:55,mobile,complete
18922,972,5,2025-01-13 13:50:10,store,complete
18923,1182,13,2025-08-14 16:48:57,web,complete
18924,930,37,2025-01-16 04:20:52,web,complete
18925,218,6,2025-05-27 23:22:24,phone,complete
18926,96,37,2025-04-25 16:47:13,web,cancelled
18927,1163,27,2025-06-14 04:22:58,store,returned
18928,1179,13,2025-08-31 13:58:12,mobile,returned
18929,1065,29,2025-09-08 00:19:46,mobile,returned
18930,260,13,2025-05-07 23:21:51,store,complete
18931,1238,13,2025-03-28 04:00:00,phone,complete
18932,481,21,2025-07-20 00:33:18,web,complete
18933,1186,32,2025-08-13 12:38:47,phone,complete
18934,83,19,2025-02-12 20:42:02,mobile,cancelled
18935,988,38,2025-02-11 19:35:07,phone,returned
18936,64,16,2025-08-31 03:21:55,mobile,complete
18937,735,19,2025-09-05 11:25:00,web,cancelled
18938,84,37,2025-07-16 15:03:12,phone,cancelled
18939,1167,9,2025-03-14 02:49:57,mobile,complete
18940,79,1,2025-02-19 16:37:09,mobile,cancelled
18941,556,32,2025-04-24 01:45:44,store,complete
18942,277,33,2025-10-03 03:46:54,mobile,complete
18943,185,15,2025-03-10 10:34:55,phone,complete
18944,270,2,2025-10-14 11:26:29,mobile,returned
18945,748,33,2025-03-11 22:26:52,mobile,complete
18946,1031,26,2025-03-24 03:21:17,mobile,cancelled
18947,142,11,2025-02-14 14:16:00,phone,complete
18948,1244,2,2025-06-21 19:39:56,web,complete
18949,145,2,2025-08-22 01:17:27,web,returned
18950,723,15,2025-10-12 08:50:00,web,complete
18951,907,19,2025-07-30 04:44:00,phone,cancelled
18952,336,27,2025-09-09 22:34:18,mobile,complete
18953,653,15,2025-02-14 09:17:27,mobile,returned
18954,429,9,2025-02-11 13:59:43,web,complete
18955,990,3,2025-05-01 05:51:46,store,complete
18956,970,4,2025-11-01 15:52:09,phone,complete
18957,1354,38,2025-04-01 18:51:59,web,complete
18958,1466,8,2025-09-19 14:52:21,mobile,returned
18959,539,39,2025-04-14 17:34:46,mobile,complete
18960,1121,18,2025-03-21 01:48:52,mobile,complete
18961,580,1,2025-07-19 17:54:05,mobile,returned
18962,1028,28,2025-10-26 16:54:30,phone,cancelled
18963,275,2,2025-06-14 05:47:27,mobile,complete
18964,514,18,2025-12-23 23:30:09,phone,complete
18965,139,23,2025-01-26 10:38:53,mobile,returned
18966,230,39,2025-08-23 00:59:59,mobile,returned
18967,895,25,2025-01-27 17:40:14,phone,complete
18968,1389,13,2025-04-14 16:42:44,mobile,cancelled
18969,1466,38,2025-05-27 11:29:08,store,complete
18970,384,29,2025-12-13 05:46:25,phone,complete
18971,488,21,2025-10-20 15:01:33,web,returned
18972,1241,3,2025-04-23 03:57:01,mobile,cancelled
18973,1045,9,2025-10-23 17:08:55,web,cancelled
18974,1164,29,2025-12-05 04:42:46,web,cancelled
18975,1350,10,2025-06-21 15:44:38,store,cancelled
18976,876,27,2025-05-07 12:33:50,web,complete
18977,130,32,2025-02-20 22:17:18,web,returned
18978,1124,21,2025-09-10 13:26:59,mobile,complete
18979,1265,22,2025-03-12 20:27:14,web,complete
18980,1325,20,2025-12-13 07:19:19,mobile,complete
18981,702,29,2025-09-28 03:20:23,mobile,complete
18982,1429,19,2025-03-22 11:49:16,mobile,complete
18983,844,37,2025-09-23 12:35:01,store,returned
18984,265,20,2025-10-07 20:22:18,phone,returned
18985,160,23,2025-08-26 00:47:07,phone,complete
18986,1339,15,2025-03-29 19:28:00,mobile,complete
18987,949,22,2025-08-14 15:46:11,phone,complete
18988,540,11,2025-09-28 01:54:26,store,complete
18989,468,30,2025-01-03 07:34:11,mobile,complete
18990,355,10,2025-04-17 00:56:39,phone,cancelled
18991,887,38,2025-10-05 07:28:25,store,returned
18992,249,38,2025-12-09 13:49:12,phone,complete
18993,935,34,2025-04-21 16:35:21,phone,complete
18994,318,37,2025-07-10 14:01:20,phone,complete
18995,902,26,2025-10-17 00:13:28,store,cancelled
18996,1085,33,2025-12-09 00:59:31,phone,complete
18997,19,32,2025-06-26 03:20:46,web,complete
18998,1175,3,2025-03-06 12:51:42,store,complete
18999,1375,35,2025-06-06 02:12:36,store,complete
19000,75,17,2025-09-05 18:14:14,web,complete
19001,577,19,2025-08-21 00:49:52,phone,returned
19002,1010,8,2025-03-17 00:45:45,web,returned
19003,724,15,2025-01-05 14:16:42,store,complete
19004,1008,36,2025-08-12 05:57:51,mobile,complete
19005,175,31,2025-10-26 02:20:10,mobile,complete
19006,99,3,2025-04-02 00:34:04,phone,cancelled
19007,39,37,2025-09-25 18:19:44,web,cancelled
19008,128,31,2025-04-28 17:13:55,phone,cancelled
19009,1421,9,2025-06-12 22:30:56,store,returned
19010,469,32,2025-01-13 21:30:47,store,returned
19011,949,20,2025-02-25 07:26:08,mobile,returned
19012,1189,10,2025-07-15 04:14:10,mobile,complete
19013,1450,22,2025-08-15 22:19:35,mobile,complete
19014,174,33,2025-09-22 01:20:14,phone,complete
19015,726,2,2025-05-10 00:53:04,store,returned
19016,148,5,2025-12-06 10:04:22,phone,complete
19017,1253,31,2025-08-28 05:24:30,store,returned
19018,207,1,2025-01-01 08:57:00,phone,complete
19019,781,13,2025-06-16 16:39:04,store,returned
19020,993,20,2025-09-01 20:49:13,store,complete
19021,587,40,2025-06-16 05:39:45,phone,complete
19022,1394,15,2025-08-22 22:13:30,phone,complete
19023,937,40,2025-08-18 05:27:45,store,complete
19024,1251,34,2025-03-06 16:47:05,phone,complete
19025,614,9,2025-07-07 11:02:01,store,complete
19026,122,20,2025-01-06 23:49:23,mobile,complete
19027,1301,28,2025-03-20 16:28:39,phone,complete
19028,446,17,2025-07-20 12:21:24,web,complete
19029,793,11,2025-09-13 12:41:52,store,complete
19030,378,21,2025-01-04 05:25:52,mobile,complete
19031,737,15,2025-08-08 00:30:07,phone,complete
19032,1271,19,2025-05-21 17:23:11,store,returned
19033,1452,26,2025-10-13 13:56:48,mobile,returned
19034,565,30,2025-03-28 23:37:36,mobile,returned
19035,352,19,2025-01-17 04:17:39,phone,complete
19036,181,16,2025-09-02 02:58:23,web,complete
19037,1175,29,2025-04-04 06:14:59,phone,complete
19038,713,9,2025-08-31 09:23:11,phone,cancelled
19039,830,38,2025-03-23 10:41:55,store,complete
19040,88,9,2025-02-06 22:19:33,store,returned
19041,530,20,2025-01-22 07:43:05,mobile,complete
19042,331,40,2025-10-09 20:13:33,phone,cancelled
19043,901,9,2025-09-01 01:45:10,store,complete
19044,1396,35,2025-09-06 16:53:43,phone,complete
19045,1163,18,2025-03-29 15:14:39,store,cancelled
19046,1169,29,2025-12-08 11:37:17,phone,complete
19047,1041,15,2025-04-06 09:57:03,web,complete
19048,359,20,2025-03-20 01:42:21,web,returned
19049,230,30,2025-05-09 20:47:44,store,complete
19050,434,25,2025-05-20 06:00:20,mobile,complete
19051,102,25,2025-09-07 00:28:13,web,complete
19052,127,36,2025-02-25 18:53:44,web,complete
19053,70,16,2025-11-02 16:06:16,mobile,cancelled
19054,738,14,2025-02-12 15:55:14,mobile,cancelled
19055,1348,40,2025-04-29 18:22:44,mobile,complete
19056,491,4,2025-10-05 20:55:08,web,returned
19057,1325,35,2025-12-13 15:35:09,store,complete
19058,1165,20,2025-11-23 07:06:06,web,complete
19059,1117,16,2025-02-26 21:45:14,web,complete
19060,788,38,2025-07-28 08:44:13,web,complete
19061,540,13,2025-05-31 02:26:15,mobile,complete
19062,41,19,2025-03-29 21:27:58,phone,cancelled
19063,558,30,2025-02-18 14:16:03,web,complete
19064,446,39,2025-05-12 09:08:22,web,complete
19065,114,37,2025-08-04 11:08:22,web,returned
19066,1024,29,2025-01-09 14:22:53,web,returned
19067,1084,25,2025-03-23 14:29:37,store,returned
19068,1327,32,2025-07-20 00:40:35,phone,cancelled
19069,1342,1,2025-02-20 11:21:38,web,returned
19070,1494,11,2025-03-31 18:25:28,mobile,cancelled
19071,746,23,2025-05-05 00:11:35,store,complete
19072,1371,33,2025-01-19 18:20:15,phone,complete
19073,889,35,2025-05-10 11:33:17,mobile,complete
19074,1161,26,2025-05-25 09:29:50,web,complete
19075,650,32,2025-07-10 00:40:00,store,returned
19076,786,40,2025-04-11 20:34:51,phone,complete
19077,1215,20,2025-10-17 21:25:43,mobile,complete
19078,497,15,2025-04-06 12:27:40,store,complete
19079,1021,13,2025-10-26 01:41:53,web,complete
19080,821,30,2025-09-06 18:18:21,store,complete
19081,227,25,2025-01-26 10:26:07,web,returned
19082,625,6,2025-01-02 07:52:23,mobile,complete
19083,1426,14,2025-10-22 19:32:57,web,complete
19084,877,30,2025-04-25 14:07:00,phone,complete
19085,556,5,2025-09-07 04:46:53,phone,complete
19086,1102,12,2025-11-23 09:25:51,web,returned
19087,1496,29,2025-04-18 13:34:12,phone,returned
19088,839,29,2025-04-07 02:40:24,web,complete
19089,1427,11,2025-10-19 17:05:44,mobile,returned
19090,294,20,2025-08-03 08:41:23,web,complete
19091,1037,12,2025-05-28 10:49:54,mobile,returned
19092,817,11,2025-02-04 17:57:34,mobile,complete
19093,1011,6,2025-11-10 02:12:24,phone,cancelled
19094,73,19,2025-09-29 05:11:33,mobile,complete
19095,292,30,2025-01-12 10:21:33,store,complete
19096,792,9,2025-02-22 18:31:58,store,complete
19097,546,19,2025-12-04 03:07:02,store,complete
19098,835,15,2025-08-15 13:14:43,store,cancelled
19099,174,15,2025-03-15 17:34:12,phone,complete
19100,1103,9,2025-12-01 18:36:08,mobile,complete
19101,549,35,2025-04-20 14:03:56,web,returned
19102,646,5,2025-11-17 13:40:23,web,returned
19103,1121,35,2025-01-30 01:31:52,store,returned
19104,1433,30,2025-01-02 22:18:09,web,complete
19105,474,5,2025-11-11 05:58:55,store,complete
19106,216,16,2025-07-21 20:35:29,store,complete
19107,514,5,2025-10-03 19:55:08,phone,complete
19108,157,28,2025-02-10 00:29:01,web,returned
19109,235,27,2025-02-14 07:39:35,store,complete
19110,337,29,2025-01-06 05:42:08,mobile,complete
19111,881,7,2025-10-17 15:47:19,mobile,complete
19112,773,40,2025-09-05 07:04:04,mobile,returned
19113,1382,19,2025-05-04 10:02:56,mobile,returned
19114,1190,29,2025-12-26 17:44:36,phone,cancelled
19115,833,12,2025-07-12 05:18:35,phone,complete
19116,1179,5,2025-06-11 13:34:19,store,complete
19117,712,34,2025-12-03 17:33:48,store,complete
19118,997,2,2025-05-12 07:00:54,mobile,complete
19119,282,24,2025-07-29 21:30:43,store,complete
19120,338,27,2025-07-16 01:33:29,store,cancelled
19121,368,12,2025-10-15 09:34:58,phone,complete
19122,1418,34,2025-09-24 02:35:06,web,returned
19123,621,38,2025-04-06 03:21:52,store,returned
19124,203,31,2025-12-13 19:03:34,web,complete
19125,1253,1,2025-07-14 01:31:03,web,complete
19126,1114,38,2025-11-27 20:10:08,phone,returned
19127,40,8,2025-12-26 17:39:00,web,returned
19128,1273,31,2025-08-21 08:16:46,web,complete
19129,509,13,2025-09-19 17:46:10,store,complete
19130,24,34,2025-12-05 02:48:55,web,returned
19131,648,27,2025-10-29 07:00:06,phone,complete
19132,1182,24,2025-03-23 20:56:46,store,complete
19133,574,36,2025-11-01 13:43:10,store,complete
19134,1288,20,2025-11-12 19:40:30,mobile,complete
19135,362,36,2025-01-14 12:21:56,store,complete
19136,297,16,2025-09-01 00:09:35,store,complete
19137,771,24,2025-05-15 21:59:29,web,complete
19138,1472,13,2025-11-13 23:14:38,mobile,complete
19139,1288,27,2025-07-04 11:00:20,store,complete
19140,574,38,2025-07-12 04:53:34,mobile,complete
19141,675,10,2025-06-05 08:27:26,store,cancelled
19142,227,27,2025-08-12 22:31:31,mobile,complete
19143,507,19,2025-10-27 14:19:12,web,returned
19144,258,27,2025-06-18 05:17:42,store,complete
19145,810,25,2025-01-12 16:03:40,phone,cancelled
19146,1247,21,2025-02-16 05:44:02,phone,returned
19147,1029,15,2025-06-23 23:18:17,web,complete
19148,940,29,2025-03-20 18:20:02,phone,complete
19149,643,29,2025-10-05 04:51:58,mobile,complete
19150,893,3,2025-05-08 11:20:05,web,cancelled
19151,745,36,2025-01-11 13:51:16,mobile,returned
19152,1444,26,2025-09-05 02:54:30,phone,complete
19153,1434,1,2025-02-16 03:42:37,phone,cancelled
19154,1346,23,2025-04-11 23:28:22,phone,returned
19155,1495,16,2025-03-02 11:32:54,web,returned
19156,1463,27,2025-07-23 04:42:46,mobile,complete
19157,338,40,2025-01-20 01:17:41,mobile,complete
19158,224,23,2025-06-26 06:16:27,store,returned
19159,549,38,2025-05-21 06:56:28,mobile,cancelled
19160,1421,31,2025-08-17 02:26:43,mobile,complete
19161,1220,14,2025-11-11 22:16:59,mobile,returned
19162,1028,8,2025-07-23 06:47:59,phone,returned
19163,683,10,2025-03-17 09:31:01,mobile,complete
19164,142,18,2025-10-14 05:54:53,phone,cancelled
19165,1496,8,2025-10-14 19:19:51,store,returned
19166,328,10,2025-03-21 15:55:12,phone,complete
19167,466,23,2025-06-13 21:12:06,mobile,complete
19168,1085,13,2025-05-17 16:19:45,store,complete
19169,312,22,2025-07-11 08:53:52,web,returned
19170,1188,8,2025-01-02 22:22:48,phone,cancelled
19171,1302,18,2025-05-09 15:27:26,mobile,complete
19172,1054,1,2025-06-13 13:52:55,store,complete
19173,886,14,2025-06-24 04:02:24,web,complete
19174,894,31,2025-09-09 18:36:06,store,returned
19175,260,12,2025-10-18 15:29:56,phone,complete
19176,393,13,2025-04-01 12:50:41,phone,complete
19177,70,20,2025-09-12 01:45:36,mobile,complete
19178,101,19,2025-05-27 16:50:21,web,complete
19179,116,20,2025-11-26 16:19:32,mobile,complete
19180,1410,27,2025-07-26 09:28:00,mobile,cancelled
19181,262,20,2025-08-27 06:04:14,mobile,returned
19182,532,35,2025-10-13 04:51:18,mobile,complete
19183,1100,13,2025-09-18 16:39:10,phone,complete
19184,293,13,2025-07-18 06:31:10,store,cancelled
19185,1102,36,2025-02-06 13:40:55,web,returned
19186,97,18,2025-02-22 14:16:53,store,cancelled
19187,1386,4,2025-02-04 23:03:49,mobile,complete
19188,793,31,2025-02-09 09:15:57,web,complete
19189,127,5,2025-10-03 16:51:35,mobile,complete
19190,1192,22,2025-07-27 06:46:08,web,returned
19191,1009,29,2025-01-09 06:16:16,mobile,cancelled
19192,1108,22,2025-10-25 15:31:35,store,complete
19193,486,8,2025-08-11 20:40:26,mobile,cancelled
19194,800,13,2025-07-27 04:25:34,web,returned
19195,449,27,2025-05-26 08:44:46,web,complete
19196,858,32,2025-11-10 06:19:51,store,returned
19197,323,1,2025-02-16 17:46:17,mobile,complete
19198,374,24,2025-04-07 14:50:19,store,complete
19199,1183,16,2025-09-16 15:02:59,web,returned
19200,663,17,2025-07-15 23:31:13,store,cancelled
19201,863,7,2025-11-13 09:12:09,store,cancelled
19202,25,37,2025-12-27 17:06:44,mobile,complete
19203,1032,16,2025-03-02 19:43:47,web,complete
19204,433,11,2025-11-12 08:20:54,phone,complete
19205,355,21,2025-11-12 22:46:00,mobile,complete
19206,441,23,2025-03-09 09:25:06,store,returned
19207,1299,36,2025-06-10 07:02:43,phone,returned
19208,601,20,2025-05-26 06:20:25,mobile,complete
19209,342,28,2025-08-27 22:26:31,store,cancelled
19210,1228,1,2025-04-15 16:13:28,phone,complete
19211,977,29,2025-10-11 00:01:18,phone,returned
19212,253,39,2025-02-12 20:24:18,store,cancelled
19213,377,24,2025-10-05 07:02:53,mobile,cancelled
19214,681,25,2025-02-05 20:01:33,web,cancelled
19215,808,17,2025-07-07 01:57:00,phone,returned
19216,458,2,2025-12-06 18:37:23,mobile,complete
19217,1136,24,2025-11-06 19:40:44,web,complete
19218,936,12,2025-10-29 01:31:40,mobile,cancelled
19219,1340,23,2025-12-16 07:59:42,web,complete
19220,40,21,2025-11-18 05:27:35,web,complete
19221,1008,24,2025-10-01 19:47:12,store,complete
19222,1440,4,2025-03-05 01:14:35,mobile,complete
19223,1144,21,2025-11-07 11:05:16,web,returned
19224,255,15,2025-12-28 06:52:59,web,complete
19225,1260,27,2025-08-01 06:34:25,store,cancelled
19226,819,29,2025-12-14 06:20:24,phone,returned
19227,1035,26,2025-05-18 13:31:02,web,complete
19228,873,24,2025-12-29 12:41:09,mobile,complete
19229,1480,37,2025-06-16 19:33:04,web,complete
19230,637,2,2025-04-06 04:57:36,mobile,complete
19231,375,11,2025-12-20 16:07:41,store,complete
19232,1266,14,2025-07-08 11:27:59,web,complete
19233,1378,20,2025-12-04 07:10:31,store,cancelled
19234,994,22,2025-06-09 10:39:16,mobile,complete
19235,381,40,2025-12-24 00:00:43,mobile,complete
19236,1305,29,2025-08-03 04:45:43,phone,complete
19237,1108,38,2025-11-01 08:48:29,web,complete
19238,238,35,2025-02-06 19:31:34,web,complete
19239,1354,4,2025-06-09 11:21:33,store,complete
19240,651,23,2025-10-23 20:25:28,web,complete
19241,56,34,2025-03-29 05:17:37,phone,complete
19242,632,12,2025-08-04 06:22:26,phone,complete
19243,377,13,2025-12-18 18:15:45,mobile,complete
19244,766,31,2025-02-06 20:39:22,phone,complete
19245,385,1,2025-11-06 05:03:30,mobile,complete
19246,257,5,2025-04-07 18:31:25,store,returned
19247,1473,3,2025-08-22 06:22:40,store,cancelled
19248,588,3,2025-01-17 16:35:14,store,complete
19249,103,30,2025-04-17 08:30:03,store,returned
19250,1052,13,2025-11-18 06:10:19,mobile,cancelled
19251,1068,23,2025-12-31 21:11:35,phone,complete
19252,546,17,2025-08-04 03:58:53,web,complete
19253,776,34,2025-03-21 06:24:14,phone,complete
19254,949,31,2025-08-24 22:38:18,mobile,cancelled
19255,899,23,2025-07-16 20:14:03,phone,returned
19256,275,13,2025-03-12 17:20:19,store,returned
19257,407,5,2025-10-07 15:55:23,phone,cancelled
19258,96,6,2025-07-05 06:22:36,web,complete
19259,80,29,2025-06-15 19:28:58,store,returned
19260,1175,40,2025-01-05 16:54:59,store,complete
19261,285,22,2025-12-27 21:41:45,store,complete
19262,738,40,2025-04-09 14:48:21,store,complete
19263,1305,7,2025-04-20 00:02:11,store,cancelled
19264,535,38,2025-08-14 16:22:37,phone,complete
19265,510,5,2025-01-16 05:40:44,phone,complete
19266,752,26,2025-07-26 20:56:36,phone,cancelled
19267,828,20,2025-03-18 13:54:09,phone,complete
19268,1300,32,2025-12-20 01:49:47,store,complete
19269,444,8,2025-08-04 15:18:45,phone,complete
19270,1425,29,2025-06-25 09:44:28,phone,cancelled
19271,553,7,2025-05-29 07:21:47,phone,returned
19272,1148,25,2025-09-08 11:34:06,mobile,complete
19273,823,40,2025-02-01 06:37:05,mobile,complete
19274,909,18,2025-11-03 23:02:08,phone,cancelled
19275,1229,23,2025-08-25 22:40:51,store,complete
19276,416,10,2025-07-16 02:54:40,mobile,returned
19277,1090,31,2025-12-05 14:52:28,store,returned
19278,613,32,2025-03-13 21:28:42,mobile,complete
19279,772,38,2025-07-13 06:27:27,web,complete
19280,785,9,2025-11-08 11:03:23,mobile,cancelled
19281,422,11,2025-08-25 02:45:51,web,complete
19282,647,9,2025-02-27 15:51:11,store,complete
19283,1090,29,2025-12-31 05:29:15,phone,complete
19284,1090,19,2025-12-25 23:31:33,phone,cancelled
19285,1423,34,2025-02-24 23:24:59,phone,complete
19286,967,28,2025-04-20 20:23:17,phone,returned
19287,1063,18,2025-06-24 03:25:23,web,complete
19288,60,21,2025-10-01 01:23:30,store,complete
19289,565,5,2025-08-11 20:12:28,web,returned
19290,292,37,2025-03-03 18:17:17,web,returned
19291,1100,31,2025-12-05 05:52:29,phone,complete
19292,517,31,2025-04-02 10:25:39,phone,returned
19293,909,25,2025-11-23 08:47:03,phone,complete
19294,10,40,2025-06-25 19:38:45,phone,complete
19295,955,10,2025-12-07 20:50:16,phone,complete
19296,17,24,2025-12-06 07:32:11,web,cancelled
19297,1263,13,2025-10-09 08:03:27,store,cancelled
19298,587,7,2025-10-08 05:43:26,store,complete
19299,630,7,2025-08-13 06:44:22,mobile,cancelled
19300,1343,13,2025-01-27 08:38:19,web,complete
19301,252,12,2025-10-26 14:46:24,mobile,complete
19302,940,36,2025-01-16 22:21:38,store,cancelled
19303,1196,1,2025-09-21 13:43:57,web,complete
19304,119,7,2025-10-24 16:06:46,store,returned
19305,670,36,2025-09-09 03:22:07,phone,complete
19306,577,13,2025-08-17 17:16:59,mobile,cancelled
19307,1034,28,2025-05-21 20:06:32,web,cancelled
19308,629,16,2025-01-01 23:55:24,store,complete
19309,29,25,2025-07-18 05:12:19,web,returned
19310,106,16,2025-03-16 06:04:17,web,returned
19311,1306,28,2025-12-31 10:36:19,store,complete
19312,1146,23,2025-03-02 13:10:22,web,returned
19313,919,37,2025-02-25 03:49:10,phone,complete
19314,124,7,2025-02-04 11:49:05,web,complete
19315,191,34,2025-09-03 10:25:49,store,returned
19316,194,31,2025-12-20 15:19:12,mobile,complete
19317,1046,11,2025-08-27 23:46:43,web,complete
19318,46,32,2025-01-22 20:39:12,web,complete
19319,558,38,2025-02-21 06:11:23,store,complete
19320,5,8,2025-05-31 10:32:57,store,complete
19321,491,4,2025-04-18 09:59:24,mobile,complete
19322,656,2,2025-10-02 20:12:46,phone,complete
19323,1217,19,2025-05-08 16:33:54,store,cancelled
19324,726,31,2025-07-10 01:49:08,web,complete
19325,625,4,2025-08-22 21:26:11,store,complete
19326,1326,13,2025-03-11 22:15:57,phone,returned
19327,1047,2,2025-06-28 03:17:14,mobile,complete
19328,416,34,2025-03-11 21:50:49,web,complete
19329,1306,27,2025-04-26 23:29:13,phone,returned
19330,275,25,2025-04-06 23:18:36,store,complete
19331,139,8,2025-09-03 12:58:49,store,complete
19332,143,35,2025-05-21 21:56:44,store,complete
19333,612,37,2025-08-12 19:45:23,store,complete
19334,431,17,2025-01-09 03:39:26,web,returned
19335,591,12,2025-12-26 12:57:48,mobile,complete
19336,1498,15,2025-05-09 01:34:12,store,complete
19337,1363,13,2025-02-13 00:39:48,phone,cancelled
19338,237,30,2025-05-18 04:22:20,web,complete
19339,1328,21,2025-03-22 05:06:59,store,complete
19340,703,28,2025-07-06 19:07:46,mobile,returned
19341,1179,23,2025-04-20 03:45:50,mobile,cancelled
19342,1158,26,2025-06-27 14:58:48,web,complete
19343,128,16,2025-05-28 16:45:58,web,complete
19344,1356,33,2025-01-22 05:02:55,phone,complete
19345,516,12,2025-11-15 11:04:08,phone,complete
19346,836,4,2025-08-03 08:33:05,web,cancelled
19347,143,6,2025-09-18 11:53:42,phone,complete
19348,816,10,2025-04-09 02:43:33,phone,complete
19349,1417,14,2025-05-09 00:46:04,web,cancelled
19350,1185,34,2025-11-06 09:40:58,phone,returned
19351,387,28,2025-06-13 07:09:26,phone,returned
19352,78,32,2025-01-29 16:05:03,mobile,cancelled
19353,329,10,2025-02-19 15:57:14,store,complete
19354,575,16,2025-09-30 13:10:27,mobile,complete
19355,774,7,2025-12-26 02:38:51,phone,returned
19356,36,2,2025-11-19 13:56:29,store,complete
19357,968,39,2025-06-27 16:05:45,mobile,cancelled
19358,1214,18,2025-02-05 18:01:31,phone,returned
19359,1482,2,2025-11-01 23:17:06,mobile,complete
19360,205,1,2025-04-03 07:16:09,store,complete
19361,391,38,2025-01-04 11:49:40,mobile,complete
19362,153,18,2025-06-02 05:32:09,store,cancelled
19363,154,3,2025-11-28 09:42:28,mobile,complete
19364,1218,38,2025-10-08 00:22:12,store,cancelled
19365,895,6,2025-11-01 20:13:02,phone,complete
19366,118,28,2025-07-19 09:14:19,store,complete
19367,666,27,2025-12-16 01:31:00,web,complete
19368,1330,10,2025-05-19 23:43:00,phone,cancelled
19369,306,22,2025-03-10 23:45:20,mobile,returned
19370,1011,17,2025-01-25 08:20:01,mobile,complete
19371,1141,2,2025-04-11 23:00:29,mobile,complete
19372,845,25,2025-03-01 02:41:10,phone,complete
19373,817,6,2025-06-18 03:33:35,mobile,complete
19374,754,33,2025-09-30 11:01:55,mobile,complete
19375,1467,36,2025-05-17 19:40:47,store,complete
19376,423,20,2025-04-25 03:31:38,phone,cancelled
19377,67,18,2025-06-18 08:31:40,mobile,cancelled
19378,405,19,2025-06-03 03:01:37,web,complete
19379,395,22,2025-03-09 18:08:11,mobile,returned
19380,1494,20,2025-11-20 19:27:09,store,complete
19381,190,29,2025-10-05 21:45:30,phone,complete
19382,654,22,2025-04-29 23:41:36,web,complete
19383,239,5,2025-08-13 21:51:27,mobile,returned
19384,121,26,2025-10-02 02:05:21,web,complete
19385,587,24,2025-04-14 14:21:26,web,complete
19386,438,34,2025-08-02 20:29:41,phone,cancelled
19387,121,31,2025-12-17 07:43:39,mobile,complete
19388,1475,28,2025-10-03 11:41:59,store,cancelled
19389,742,26,2025-08-08 06:13:34,mobile,returned
19390,1408,34,2025-06-08 20:37:15,store,complete
19391,1368,27,2025-02-16 21:00:43,phone,complete
19392,1467,21,2025-03-29 08:09:11,store,cancelled
19393,1022,23,2025-10-10 02:07:56,web,cancelled
19394,914,37,2025-10-27 01:19:18,phone,complete
19395,1092,29,2025-05-10 08:45:27,mobile,complete
19396,358,27,2025-05-04 11:21:57,phone,complete
19397,1115,32,2025-06-28 08:11:37,mobile,complete
19398,565,27,2025-08-02 16:39:21,mobile,returned
19399,1434,6,2025-07-10 10:40:17,phone,cancelled
19400,544,17,2025-04-06 08:37:53,mobile,complete
19401,1074,14,2025-03-06 08:53:15,phone,complete
19402,1392,8,2025-07-23 11:34:07,mobile,cancelled
19403,1491,34,2025-10-08 17:48:37,mobile,cancelled
19404,1397,9,2025-01-16 07:33:21,mobile,complete
19405,83,36,2025-07-06 09:52:41,web,cancelled
19406,1329,7,2025-02-04 20:20:49,web,complete
19407,679,7,2025-10-23 06:15:15,web,complete
19408,1370,2,2025-08-24 00:32:27,phone,cancelled
19409,722,6,2025-02-04 03:29:41,web,cancelled
19410,238,10,2025-09-17 06:51:40,store,complete
19411,1006,10,2025-12-10 23:51:29,phone,complete
19412,793,3,2025-04-01 15:30:04,store,cancelled
19413,292,19,2025-11-19 02:11:31,web,complete
19414,239,35,2025-10-22 23:32:42,phone,cancelled
19415,1315,5,2025-06-02 15:44:54,store,complete
19416,263,13,2025-09-05 20:59:21,web,complete
19417,1452,36,2025-05-22 01:02:04,store,complete
19418,1198,22,2025-11-17 04:17:00,store,returned
19419,1492,39,2025-08-11 14:48:42,mobile,complete
19420,145,35,2025-06-20 10:48:33,mobile,complete
19421,1463,40,2025-04-06 11:07:15,mobile,complete
19422,1392,32,2025-12-06 04:14:31,mobile,returned
19423,1287,5,2025-10-26 23:43:37,mobile,complete
19424,1482,8,2025-06-28 08:15:05,web,complete
19425,1211,16,2025-02-09 14:34:59,phone,complete
19426,1431,33,2025-04-07 15:39:47,mobile,returned
19427,581,35,2025-03-21 13:11:04,phone,complete
19428,402,18,2025-11-09 00:18:55,web,complete
19429,383,23,2025-09-09 08:45:45,web,complete
19430,759,18,2025-07-27 17:28:09,phone,complete
19431,438,31,2025-07-04 01:19:23,web,cancelled
19432,1314,12,2025-12-21 06:40:22,store,returned
19433,420,6,2025-11-23 07:47:51,phone,complete
19434,8,3,2025-10-17 08:26:03,web,cancelled
19435,474,20,2025-08-24 05:33:43,store,returned
19436,1148,20,2025-04-17 16:42:24,store,complete
19437,1177,7,2025-11-11 05:32:32,phone,complete
19438,79,2,2025-03-09 17:25:22,store,cancelled
19439,1223,7,2025-08-02 08:38:56,mobile,complete
19440,1355,8,2025-10-15 19:10:17,mobile,cancelled
19441,385,1,2025-03-25 06:28:56,store,complete
19442,587,38,2025-04-28 15:17:20,web,returned
19443,892,17,2025-01-09 01:03:28,store,complete
19444,585,28,2025-05-06 01:01:24,store,returned
19445,20,28,2025-01-02 15:23:27,web,returned
19446,984,30,2025-07-07 20:23:44,mobile,returned
19447,350,22,2025-07-08 10:48:09,web,complete
19448,478,13,2025-04-14 10:37:24,phone,complete
19449,675,34,2025-11-05 08:38:09,mobile,returned
19450,39,13,2025-11-22 00:52:37,phone,complete
19451,1027,3,2025-07-05 12:38:33,mobile,cancelled
19452,1006,4,2025-07-03 04:20:03,phone,complete
19453,923,17,2025-07-11 12:25:06,mobile,complete
19454,1404,18,2025-10-09 04:20:55,mobile,returned
19455,1189,5,2025-08-19 01:07:10,web,complete
19456,1397,37,2025-12-10 02:22:15,mobile,cancelled
19457,747,5,2025-08-30 06:24:56,mobile,cancelled
19458,189,29,2025-05-31 23:50:21,web,cancelled
19459,242,34,2025-09-15 03:19:33,mobile,complete
19460,1164,35,2025-01-17 20:36:58,phone,complete
19461,223,1,2025-06-08 09:10:28,phone,returned
19462,471,2,2025-11-29 04:57:25,store,complete
19463,1382,16,2025-10-11 17:34:17,phone,cancelled
19464,1173,13,2025-10-19 23:45:46,store,complete
19465,1478,3,2025-06-20 07:30:35,web,returned
19466,363,28,2025-05-22 14:20:34,web,complete
19467,762,12,2025-03-23 05:02:03,mobile,complete
19468,465,17,2025-08-31 08:45:19,store,complete
19469,1111,22,2025-12-20 14:09:18,phone,complete
19470,756,3,2025-09-27 21:28:46,mobile,complete
19471,745,33,2025-05-26 16:59:13,mobile,cancelled
19472,654,29,2025-06-23 19:18:58,web,complete
19473,738,8,2025-04-05 09:01:49,mobile,complete
19474,1136,38,2025-04-22 17:37:46,phone,complete
19475,646,21,2025-06-30 20:23:47,phone,complete
19476,581,18,2025-08-13 09:20:48,store,complete
19477,1371,1,2025-01-01 11:47:23,store,complete
19478,143,12,2025-01-04 03:54:31,phone,returned
19479,502,18,2025-07-21 00:19:46,phone,cancelled
19480,601,29,2025-06-24 10:31:23,phone,returned
19481,738,16,2025-10-18 11:59:16,phone,complete
19482,530,14,2025-07-14 09:02:05,phone,complete
19483,1189,29,2025-10-05 00:18:51,store,complete
19484,1438,28,2025-12-18 15:54:12,phone,complete
19485,211,12,2025-09-15 19:35:46,web,complete
19486,214,6,2025-12-11 13:07:48,phone,cancelled
19487,1095,1,2025-11-11 14:58:40,mobile,cancelled
19488,1045,40,2025-10-05 11:24:18,phone,cancelled
19489,812,24,2025-10-20 11:33:47,web,complete
19490,1434,15,2025-03-21 19:40:28,web,complete
19491,762,11,2025-12-19 18:35:21,phone,complete
19492,1078,19,2025-11-14 11:40:41,mobile,cancelled
19493,1086,40,2025-09-25 08:26:11,phone,returned
19494,280,40,2025-11-28 19:57:29,phone,cancelled
19495,1190,15,2025-01-14 03:35:57,phone,cancelled
19496,1358,32,2025-09-20 21:25:45,phone,complete
19497,1288,2,2025-03-20 03:40:30,store,returned
19498,481,8,2025-09-17 15:43:24,phone,complete
19499,1418,35,2025-10-03 10:38:16,web,complete
19500,1359,33,2025-02-08 18:44:09,mobile,cancelled
19501,770,23,2025-03-28 06:05:36,web,complete
19502,862,21,2025-02-15 13:55:01,store,complete
19503,102,30,2025-11-08 23:25:30,phone,cancelled
19504,121,10,2025-09-30 21:18:05,store,complete
19505,933,21,2025-10-19 15:56:02,store,complete
19506,613,19,2025-07-21 02:27:12,web,returned
19507,1061,5,2025-06-02 10:03:03,phone,complete
19508,1209,31,2025-09-11 12:27:17,mobile,complete
19509,21,29,2025-02-27 04:38:14,store,returned
19510,1441,19,2025-02-23 10:19:12,web,complete
19511,759,40,2025-07-11 22:15:16,web,returned
19512,987,1,2025-09-18 02:02:36,phone,cancelled
19513,202,24,2025-07-30 00:03:33,phone,complete
19514,1128,34,2025-07-15 14:07:18,mobile,complete
19515,487,29,2025-07-26 10:32:48,store,cancelled
19516,1257,8,2025-02-01 07:35:22,phone,complete
19517,1259,6,2025-02-24 14:40:11,mobile,cancelled
19518,71,22,2025-02-09 04:05:34,web,returned
19519,571,30,2025-04-08 20:38:57,phone,returned
19520,240,12,2025-07-30 21:59:32,store,cancelled
19521,217,30,2025-01-05 14:33:58,store,complete
19522,571,28,2025-01-27 19:47:50,store,complete
19523,423,37,2025-10-16 11:26:18,store,returned
19524,668,19,2025-05-08 07:46:28,store,complete
19525,41,37,2025-06-08 22:01:20,store,returned
19526,1452,9,2025-11-12 18:59:52,phone,returned
19527,47,7,2025-05-21 23:59:48,store,complete
19528,29,33,2025-10-14 09:03:27,store,returned
19529,848,8,2025-06-23 02:46:16,phone,complete
19530,604,24,2025-10-29 09:15:40,web,complete
19531,998,4,2025-08-26 23:06:37,store,complete
19532,34,26,2025-04-03 01:30:31,mobile,returned
19533,69,13,2025-10-16 01:19:16,web,complete
19534,752,3,2025-06-18 02:08:53,phone,returned
19535,1185,6,2025-09-08 12:56:54,store,returned
19536,577,30,2025-06-22 09:33:03,store,complete
19537,1097,28,2025-03-29 19:01:02,web,complete
19538,561,4,2025-06-16 00:05:14,phone,complete
19539,90,19,2025-04-19 06:17:11,mobile,returned
19540,1460,6,2025-10-01 23:47:45,store,complete
19541,474,34,2025-02-04 17:09:14,mobile,complete
19542,267,12,2025-01-29 10:18:03,mobile,returned
19543,505,27,2025-03-11 07:23:11,web,complete
19544,275,32,2025-06-02 12:23:41,web,returned
19545,235,30,2025-08-05 10:09:01,store,returned
19546,49,39,2025-08-10 11:40:35,web,complete
19547,1388,26,2025-10-21 16:15:20,phone,returned
19548,181,15,2025-01-25 21:40:55,mobile,cancelled
19549,64,40,2025-02-03 00:29:23,phone,complete
19550,1098,12,2025-04-28 16:55:20,mobile,cancelled
19551,1479,6,2025-09-27 05:10:56,mobile,cancelled
19552,23,21,2025-01-29 05:26:53,store,returned
19553,1209,34,2025-06-06 22:20:33,phone,returned
19554,856,38,2025-08-15 16:33:00,web,complete
19555,654,8,2025-01-07 18:37:14,mobile,returned
19556,1002,29,2025-04-04 11:44:53,phone,complete
19557,1295,6,2025-10-03 14:01:10,phone,complete
19558,566,23,2025-03-25 17:08:30,store,complete
19559,1067,23,2025-09-08 05:15:56,mobile,complete
19560,392,12,2025-10-28 09:20:01,mobile,complete
19561,1399,2,2025-10-08 11:14:54,mobile,returned
19562,1255,32,2025-12-07 07:28:15,store,complete
19563,710,27,2025-01-29 13:33:58,phone,cancelled
19564,312,26,2025-06-11 01:08:05,store,complete
19565,694,9,2025-02-13 01:51:38,store,complete
19566,744,40,2025-10-11 09:55:51,phone,complete
19567,1036,27,2025-07-05 03:28:14,mobile,complete
19568,719,32,2025-11-18 07:18:59,web,complete
19569,483,26,2025-01-27 23:49:58,web,complete
19570,753,6,2025-06-13 03:49:36,phone,cancelled
19571,1062,38,2025-12-14 20:38:18,web,complete
19572,1137,29,2025-03-09 13:59:53,mobile,complete
19573,356,24,2025-12-02 02:31:07,web,returned
19574,58,11,2025-11-27 18:20:32,store,complete
19575,683,22,2025-04-10 11:23:50,web,returned
19576,844,36,2025-10-16 10:00:47,phone,cancelled
19577,471,27,2025-07-25 13:21:52,store,cancelled
19578,657,16,2025-01-21 02:13:04,web,complete
19579,225,6,2025-05-27 19:56:20,mobile,complete
19580,239,9,2025-11-20 02:59:02,mobile,complete
19581,54,14,2025-09-22 22:24:13,phone,cancelled
19582,1302,32,2025-08-31 08:13:23,phone,returned
19583,307,39,2025-10-03 03:26:30,store,complete
19584,1397,40,2025-09-15 23:00:10,phone,cancelled
19585,640,7,2025-12-03 21:01:11,web,cancelled
19586,1180,28,2025-02-26 19:19:51,web,complete
19587,1095,19,2025-06-06 03:51:55,phone,returned
19588,421,26,2025-06-27 14:55:31,web,complete
19589,1354,29,2025-07-15 15:22:14,store,returned
19590,1300,18,2025-07-26 13:22:29,mobile,returned
19591,78,1,2025-06-29 10:19:33,store,cancelled
19592,246,13,2025-07-11 05:30:04,web,complete
19593,380,7,2025-01-31 19:57:45,store,cancelled
19594,744,3,2025-08-21 13:11:35,web,complete
19595,450,7,2025-06-07 05:32:06,store,cancelled
19596,294,38,2025-02-12 02:59:13,web,returned
19597,1434,16,2025-01-07 16:23:27,mobile,cancelled
19598,617,23,2025-08-05 00:54:36,mobile,cancelled
19599,774,2,2025-10-30 15:09:18,mobile,complete
19600,1035,38,2025-03-26 11:15:17,web,complete
19601,563,1,2025-12-07 15:46:55,web,returned
19602,651,30,2025-03-11 03:09:15,mobile,returned
19603,86,22,2025-03-26 10:00:18,store,cancelled
19604,45,30,2025-11-28 03:02:50,phone,cancelled
19605,1325,11,2025-12-08 06:24:29,mobile,cancelled
19606,521,7,2025-06-18 08:08:27,mobile,cancelled
19607,1215,36,2025-04-22 01:21:11,mobile,cancelled
19608,1184,34,2025-02-19 07:28:22,mobile,cancelled
19609,1356,18,2025-04-25 04:52:06,web,returned
19610,403,26,2025-02-09 23:17:56,web,returned
19611,1206,33,2025-11-29 14:48:12,mobile,complete
19612,927,37,2025-09-03 12:49:49,mobile,complete
19613,368,30,2025-01-09 03:49:21,phone,complete
19614,1114,3,2025-04-21 17:08:25,mobile,complete
19615,1318,27,2025-10-05 14:39:04,store,complete
19616,123,21,2025-04-06 21:48:00,mobile,returned
19617,1466,19,2025-12-14 07:14:56,store,complete
19618,672,23,2025-04-14 15:48:08,web,complete
19619,843,17,2025-08-19 09:27:10,phone,returned
19620,168,18,2025-03-21 22:37:18,mobile,returned
19621,1434,21,2025-12-14 14:01:42,store,complete
19622,368,26,2025-11-28 02:42:22,mobile,complete
19623,1188,21,2025-09-29 14:35:04,mobile,returned
19624,630,10,2025-02-05 21:49:01,store,complete
19625,1221,40,2025-02-03 22:09:47,mobile,returned
19626,1202,9,2025-07-25 13:40:51,store,returned
19627,954,23,2025-03-23 01:07:24,store,complete
19628,851,9,2025-03-26 11:18:55,store,complete
19629,1120,38,2025-10-03 18:45:52,store,cancelled
19630,1272,38,2025-07-12 11:31:29,web,complete
19631,646,1,2025-09-09 01:25:45,phone,cancelled
19632,715,11,2025-05-21 00:25:20,phone,complete
19633,535,33,2025-06-19 18:54:38,web,complete
19634,837,13,2025-06-19 03:46:52,store,complete
19635,543,38,2025-04-26 10:58:38,phone,complete
19636,415,16,2025-08-19 15:10:48,phone,complete
19637,521,6,2025-11-21 08:32:55,mobile,complete
19638,1048,14,2025-09-05 02:02:46,mobile,returned
19639,91,40,2025-06-10 13:34:26,mobile,cancelled
19640,329,20,2025-08-23 22:59:45,web,cancelled
19641,1318,28,2025-09-28 03:22:57,store,cancelled
19642,689,31,2025-01-12 03:39:14,mobile,returned
19643,1363,2,2025-03-18 17:08:09,mobile,returned
19644,1441,31,2025-11-23 23:33:45,phone,complete
19645,1338,33,2025-02-23 23:32:09,mobile,complete
19646,400,29,2025-02-08 19:53:56,phone,returned
19647,1471,11,2025-06-07 20:34:52,mobile,complete
19648,904,12,2025-12-19 21:10:49,web,complete
19649,1101,10,2025-11-19 01:29:58,web,returned
19650,521,22,2025-05-01 12:48:16,phone,complete
19651,678,36,2025-09-22 05:52:36,phone,returned
19652,1306,8,2025-01-05 18:01:00,mobile,complete
19653,1482,39,2025-06-14 23:10:38,web,complete
19654,127,36,2025-06-04 21:48:22,store,cancelled
19655,1461,30,2025-11-17 02:44:40,phone,returned
19656,417,27,2025-03-01 06:48:33,store,complete
19657,548,3,2025-05-13 22:13:23,phone,complete
19658,1339,14,2025-01-02 19:43:35,mobile,cancelled
19659,433,39,2025-03-20 10:58:52,phone,returned
19660,1059,34,2025-09-01 07:20:42,web,cancelled
19661,118,6,2025-04-29 19:57:00,web,cancelled
19662,1438,14,2025-02-21 00:07:56,mobile,complete
19663,590,38,2025-10-05 21:22:23,web,cancelled
19664,25,33,2025-09-09 01:01:19,store,cancelled
19665,1041,14,2025-04-16 19:59:51,web,complete
19666,1454,13,2025-09-28 19:34:10,phone,complete
19667,460,2,2025-02-20 15:57:05,web,complete
19668,108,35,2025-01-29 09:15:49,phone,complete
19669,11,39,2025-10-08 04:37:40,store,complete
19670,875,3,2025-04-01 09:49:58,phone,cancelled
19671,472,16,2025-07-25 03:12:44,mobile,complete
19672,1376,32,2025-09-09 17:26:56,store,cancelled
19673,699,1,2025-05-08 01:52:58,phone,complete
19674,655,22,2025-06-01 05:36:56,store,complete
19675,1132,5,2025-10-26 11:03:15,web,complete
19676,1,30,2025-09-29 10:50:12,web,cancelled
19677,1074,28,2025-01-13 22:58:49,store,complete
19678,7,25,2025-05-10 15:22:11,phone,complete
19679,1150,10,2025-04-05 23:41:50,mobile,returned
19680,860,17,2025-03-07 19:31:30,mobile,complete
19681,560,40,2025-02-01 08:30:51,mobile,complete
19682,143,38,2025-10-07 00:53:00,store,cancelled
19683,710,16,2025-05-09 08:09:44,mobile,complete
19684,1247,24,2025-08-28 20:11:42,phone,complete
19685,6,11,2025-01-19 06:03:58,mobile,complete
19686,788,26,2025-08-18 06:52:07,phone,complete
19687,274,29,2025-04-12 10:11:11,web,complete
19688,772,17,2025-01-01 21:56:47,store,complete
19689,860,20,2025-02-20 12:53:49,mobile,complete
19690,1249,10,2025-08-09 17:23:02,web,returned
19691,23,24,2025-02-19 03:03:14,mobile,complete
19692,13,37,2025-06-11 10:54:00,mobile,complete
19693,121,10,2025-09-15 13:55:12,store,complete
19694,802,11,2025-03-21 22:50:27,web,cancelled
19695,481,3,2025-12-01 20:58:05,store,cancelled
19696,750,34,2025-05-29 04:25:12,store,cancelled
19697,516,5,2025-07-08 09:54:47,mobile,complete
19698,1391,1,2025-01-04 15:03:11,web,complete
19699,182,33,2025-07-02 08:14:07,web,cancelled
19700,567,5,2025-05-31 23:22:20,phone,complete
19701,880,12,2025-01-01 14:05:55,web,complete
19702,626,7,2025-09-28 18:01:14,mobile,complete
19703,853,9,2025-07-10 20:30:07,web,returned
19704,1088,3,2025-10-11 22:06:59,mobile,complete
19705,1122,9,2025-02-01 06:13:38,mobile,complete
19706,106,31,2025-01-02 05:22:52,phone,complete
19707,391,34,2025-10-22 07:21:19,phone,complete
19708,772,26,2025-05-10 02:02:06,store,complete
19709,3,34,2025-02-19 21:46:18,web,returned
19710,1059,24,2025-05-03 20:10:01,phone,complete
19711,1109,4,2025-09-28 23:13:50,web,complete
19712,1206,20,2025-05-06 17:09:16,mobile,returned
19713,1250,39,2025-12-01 21:07:54,mobile,complete
19714,851,8,2025-08-25 11:58:33,web,complete
19715,1365,5,2025-01-04 15:55:21,store,complete
19716,60,25,2025-02-27 07:38:31,mobile,returned
19717,994,30,2025-11-16 16:32:32,phone,returned
19718,745,31,2025-12-05 06:16:06,web,cancelled
19719,1318,35,2025-03-12 07:54:53,phone,cancelled
19720,350,40,2025-03-29 13:10:31,store,complete
19721,123,29,2025-11-29 05:06:09,store,complete
19722,1420,11,2025-07-02 12:02:14,store,complete
19723,965,29,2025-02-10 16:09:05,store,cancelled
19724,296,28,2025-06-09 02:30:36,store,complete
19725,1349,37,2025-03-28 09:45:47,phone,cancelled
19726,900,24,2025-07-19 03:39:38,web,complete
19727,1476,25,2025-05-07 22:32:12,web,complete
19728,1350,26,2025-04-21 23:00:09,store,complete
19729,1244,16,2025-03-03 19:24:50,store,complete
19730,361,11,2025-05-21 20:38:46,store,returned
19731,260,35,2025-08-13 16:47:06,store,complete
19732,1031,1,2025-07-28 03:17:53,web,cancelled
19733,746,30,2025-12-18 07:15:08,store,returned
19734,881,34,2025-05-24 16:01:02,mobile,cancelled
19735,294,10,2025-07-08 16:03:24,store,complete
19736,1382,7,2025-04-09 20:51:51,phone,returned
19737,1450,19,2025-02-26 00:35:12,store,complete
19738,1043,3,2025-12-22 10:12:27,mobile,complete
19739,175,9,2025-05-30 19:27:52,phone,returned
19740,40,12,2025-08-21 21:08:12,store,returned
19741,1004,23,2025-07-17 07:17:37,mobile,cancelled
19742,1272,28,2025-12-22 08:18:12,store,cancelled
19743,86,10,2025-04-24 07:12:25,mobile,returned
19744,1103,27,2025-12-16 08:43:22,phone,complete
19745,125,32,2025-04-07 06:11:45,phone,complete
19746,609,19,2025-07-15 14:23:44,phone,complete
19747,471,39,2025-04-13 21:11:55,mobile,returned
19748,783,24,2025-01-27 16:17:55,web,cancelled
19749,1349,34,2025-11-13 10:34:05,mobile,complete
19750,53,20,2025-07-29 17:07:01,mobile,complete
19751,465,38,2025-10-27 20:59:23,web,complete
19752,753,4,2025-05-12 11:13:49,store,complete
19753,705,23,2025-09-19 18:32:00,web,complete
19754,431,18,2025-06-13 07:56:32,phone,cancelled
19755,367,4,2025-02-11 10:10:37,store,cancelled
19756,582,5,2025-10-28 13:23:46,web,complete
19757,1208,15,2025-03-09 01:04:24,phone,returned
19758,1481,35,2025-10-08 13:12:49,mobile,complete
19759,503,7,2025-02-17 10:33:28,store,cancelled
19760,391,18,2025-02-08 18:03:34,mobile,cancelled
19761,1099,13,2025-12-09 09:03:44,web,complete
19762,94,3,2025-06-05 03:01:56,web,returned
19763,1293,15,2025-07-25 17:38:45,store,complete
19764,175,39,2025-02-08 02:47:57,phone,cancelled
19765,794,38,2025-12-23 15:15:20,store,complete
19766,1239,36,2025-08-02 07:33:10,mobile,cancelled
19767,1180,28,2025-03-31 07:07:27,store,complete
19768,988,12,2025-06-14 04:29:57,web,complete
19769,35,11,2025-06-28 23:31:37,store,complete
19770,5,38,2025-07-18 03:55:11,phone,complete
19771,661,1,2025-11-25 15:42:50,mobile,complete
19772,1289,37,2025-04-02 01:45:11,phone,complete
19773,58,8,2025-03-13 13:06:23,web,complete
19774,151,8,2025-10-21 20:11:46,phone,complete
19775,380,8,2025-06-30 04:39:11,store,returned
19776,421,9,2025-08-22 13:59:04,store,complete
19777,712,20,2025-01-18 18:08:19,web,complete
19778,1366,18,2025-05-31 20:40:12,mobile,cancelled
19779,1213,13,2025-08-24 22:09:56,store,complete
19780,378,37,2025-09-23 11:44:20,web,complete
19781,1318,12,2025-11-27 17:20:54,store,cancelled
19782,955,3,2025-01-05 22:29:18,web,returned
19783,1270,21,2025-06-01 03:07:38,phone,returned
19784,910,23,2025-11-21 08:05:54,mobile,returned
19785,1492,23,2025-12-28 11:18:14,phone,complete
19786,872,27,2025-12-05 18:57:22,store,cancelled
19787,1195,5,2025-02-08 05:14:15,phone,complete
19788,797,7,2025-12-22 15:54:06,phone,complete
19789,1181,23,2025-05-27 05:47:37,store,cancelled
19790,1254,3,2025-05-31 08:45:07,web,complete
19791,296,38,2025-10-18 06:56:34,web,complete
19792,335,29,2025-08-19 04:58:41,web,returned
19793,604,13,2025-03-21 05:36:48,mobile,complete
19794,995,21,2025-11-20 15:47:59,mobile,complete
19795,1191,27,2025-10-02 05:05:15,web,cancelled
19796,174,19,2025-08-28 16:03:45,mobile,returned
19797,710,21,2025-10-15 22:49:34,phone,complete
19798,553,22,2025-02-18 05:42:52,web,complete
19799,930,3,2025-07-05 22:23:47,mobile,complete
19800,1428,26,2025-08-09 06:38:11,phone,returned
19801,1063,31,2025-04-11 18:10:12,phone,returned
19802,872,17,2025-11-13 00:07:36,mobile,complete
19803,322,11,2025-08-05 22:16:36,store,returned
19804,1246,23,2025-08-02 14:42:12,web,cancelled
19805,327,25,2025-10-20 11:42:45,mobile,complete
19806,331,36,2025-12-23 06:07:05,store,returned
19807,644,16,2025-06-02 18:40:20,mobile,returned
19808,223,37,2025-08-09 13:53:36,web,complete
19809,367,38,2025-04-01 01:52:45,store,complete
19810,1137,22,2025-05-29 02:21:23,phone,complete
19811,1174,22,2025-10-17 04:37:35,store,complete
19812,1214,34,2025-02-13 02:48:03,store,complete
19813,1195,18,2025-11-23 03:23:35,store,returned
19814,723,36,2025-06-30 10:43:01,mobile,complete
19815,1362,40,2025-02-15 12:35:17,phone,returned
19816,1371,33,2025-11-21 22:09:41,web,complete
19817,1309,13,2025-10-29 01:13:39,web,cancelled
19818,346,17,2025-06-26 00:29:37,web,complete
19819,1291,4,2025-06-26 12:32:49,mobile,cancelled
19820,544,15,2025-02-28 21:16:13,mobile,complete
19821,311,12,2025-07-13 08:49:44,web,cancelled
19822,392,17,2025-11-26 19:01:47,mobile,complete
19823,1201,32,2025-09-28 04:44:19,web,returned
19824,758,2,2025-06-27 13:55:55,mobile,cancelled
19825,1220,31,2025-08-17 00:43:41,web,cancelled
19826,137,11,2025-07-01 11:40:32,phone,cancelled
19827,9,36,2025-09-05 11:54:02,phone,complete
19828,957,9,2025-03-21 04:31:28,web,returned
19829,585,22,2025-08-28 22:59:44,store,complete
19830,1287,35,2025-03-28 09:02:10,phone,cancelled
19831,238,11,2025-11-19 23:40:18,web,complete
19832,159,40,2025-06-07 14:08:40,web,complete
19833,705,29,2025-03-31 01:47:35,store,complete
19834,118,38,2025-08-06 21:54:52,phone,returned
19835,971,2,2025-08-30 22:35:15,store,complete
19836,17,29,2025-01-16 00:36:08,phone,returned
19837,720,36,2025-07-22 04:09:17,store,returned
19838,1098,30,2025-11-07 02:22:16,store,complete
19839,523,5,2025-06-25 11:36:55,mobile,cancelled
19840,1263,15,2025-03-28 16:56:22,phone,complete
19841,845,15,2025-12-16 09:20:07,mobile,returned
19842,1412,9,2025-03-26 16:23:36,web,complete
19843,981,26,2025-05-12 00:55:45,store,complete
19844,1015,6,2025-05-06 02:18:15,web,complete
19845,758,15,2025-12-12 01:24:24,mobile,complete
19846,1485,27,2025-04-29 15:08:42,phone,complete
19847,595,15,2025-01-16 08:47:40,mobile,complete
19848,1402,19,2025-02-14 20:12:59,web,complete
19849,1246,36,2025-09-18 20:20:59,web,complete
19850,163,17,2025-03-10 05:36:51,phone,complete
19851,197,12,2025-04-08 22:42:24,mobile,cancelled
19852,992,11,2025-04-28 15:14:01,store,complete
19853,1204,17,2025-07-01 21:57:20,phone,complete
19854,1267,7,2025-03-19 06:15:57,store,cancelled
19855,762,40,2025-06-19 05:29:16,phone,returned
19856,724,17,2025-05-22 02:22:29,web,complete
19857,557,39,2025-04-17 00:54:11,web,cancelled
19858,567,24,2025-01-19 12:43:39,store,complete
19859,1333,26,2025-02-03 11:39:01,store,complete
19860,681,21,2025-02-09 12:35:33,store,complete
19861,240,5,2025-12-05 11:24:54,store,cancelled
19862,221,37,2025-04-09 18:30:10,store,complete
19863,597,32,2025-04-08 04:43:35,web,returned
19864,168,34,2025-05-26 04:07:34,mobile,cancelled
19865,1487,21,2025-03-15 18:32:48,mobile,complete
19866,598,6,2025-07-24 15:39:27,store,returned
19867,653,40,2025-08-06 12:05:19,web,cancelled
19868,398,28,2025-02-13 02:10:07,web,returned
19869,648,35,2025-06-26 22:14:49,mobile,complete
19870,1345,25,2025-03-27 08:13:57,web,complete
19871,497,11,2025-04-26 09:29:10,web,complete
19872,759,30,2025-03-30 18:36:33,store,returned
19873,1376,20,2025-02-09 10:25:47,mobile,cancelled
19874,1481,26,2025-01-08 14:58:09,phone,complete
19875,539,35,2025-02-23 04:37:20,phone,complete
19876,416,35,2025-04-03 16:06:44,phone,complete
19877,590,7,2025-11-13 23:24:46,phone,cancelled
19878,1207,5,2025-06-11 18:13:11,web,cancelled
19879,1394,4,2025-01-23 11:55:03,store,complete
19880,1368,30,2025-06-18 15:12:05,store,cancelled
19881,702,30,2025-09-14 14:19:05,phone,returned
19882,595,27,2025-03-11 21:05:40,web,cancelled
19883,337,26,2025-01-20 10:22:39,mobile,complete
19884,277,33,2025-03-13 04:21:53,store,complete
19885,91,10,2025-06-02 07:08:59,phone,returned
19886,994,33,2025-09-08 13:26:05,mobile,complete
19887,654,33,2025-02-15 03:24:24,mobile,cancelled
19888,1331,21,2025-12-11 05:32:39,web,returned
19889,898,6,2025-02-27 00:02:00,mobile,complete
19890,301,14,2025-02-19 03:20:46,store,complete
19891,39,15,2025-08-04 06:57:49,store,returned
19892,1472,37,2025-10-08 02:14:56,phone,complete
19893,974,5,2025-11-11 05:36:43,store,returned
19894,211,30,2025-11-18 02:38:11,phone,cancelled
19895,1020,18,2025-05-24 06:30:07,mobile,returned
19896,808,31,2025-10-07 21:28:14,web,cancelled
19897,279,37,2025-08-11 08:29:47,store,cancelled
19898,889,24,2025-03-19 19:29:48,web,cancelled
19899,465,2,2025-03-30 05:49:23,mobile,returned
19900,839,20,2025-10-24 00:25:38,mobile,complete
19901,1391,9,2025-06-04 05:08:10,mobile,complete
19902,633,21,2025-02-18 22:23:03,phone,complete
19903,375,16,2025-03-12 15:54:32,phone,complete
19904,1484,31,2025-07-05 22:52:07,store,returned
19905,1366,20,2025-06-24 06:49:37,phone,complete
19906,1220,6,2025-10-12 14:03:39,mobile,returned
19907,1075,13,2025-11-30 05:43:44,phone,complete
19908,474,26,2025-12-12 21:14:13,store,returned
19909,1018,40,2025-09-11 17:22:06,web,complete
19910,1117,19,2025-06-15 20:52:08,phone,returned
19911,108,11,2025-02-23 16:01:20,store,returned
19912,352,6,2025-08-18 15:17:00,web,complete
19913,172,24,2025-12-30 07:55:48,mobile,complete
19914,892,39,2025-01-22 20:09:41,phone,cancelled
19915,253,13,2025-11-09 03:15:21,phone,complete
19916,1063,31,2025-01-26 21:46:53,mobile,complete
19917,525,19,2025-02-13 06:21:54,store,cancelled
19918,62,32,2025-11-14 10:52:45,mobile,returned
19919,1239,23,2025-01-24 02:14:07,mobile,complete
19920,690,15,2025-12-15 02:56:32,store,cancelled
19921,862,15,2025-02-12 06:42:09,phone,complete
19922,642,25,2025-01-31 04:10:08,web,complete
19923,60,2,2025-06-06 06:57:52,phone,complete
19924,1459,35,2025-10-07 21:32:11,mobile,cancelled
19925,35,10,2025-05-01 02:43:10,web,complete
19926,118,7,2025-01-27 05:49:18,web,complete
19927,712,10,2025-06-16 16:45:10,web,returned
19928,198,15,2025-11-09 03:03:39,web,complete
19929,388,37,2025-01-07 15:53:10,store,cancelled
19930,1417,23,2025-01-19 17:03:33,store,cancelled
19931,1357,27,2025-06-09 10:53:13,phone,cancelled
19932,650,32,2025-02-12 19:59:32,store,complete
19933,96,18,2025-02-27 17:09:16,mobile,complete
19934,833,40,2025-08-12 22:37:18,store,returned
19935,1210,12,2025-11-03 17:04:47,phone,complete
19936,1496,19,2025-07-12 07:46:52,mobile,returned
19937,1172,30,2025-03-13 00:27:10,phone,complete
19938,1392,35,2025-11-10 13:19:23,phone,complete
19939,1195,5,2025-02-02 22:34:40,phone,cancelled
19940,1287,37,2025-01-23 12:58:02,web,complete
19941,764,30,2025-12-09 00:48:25,phone,returned
19942,870,10,2025-05-18 22:09:00,mobile,cancelled
19943,1250,40,2025-01-16 05:11:35,web,complete
19944,638,7,2025-07-22 08:51:35,phone,complete
19945,298,32,2025-09-10 00:14:28,web,complete
19946,158,6,2025-02-16 15:38:45,store,complete
19947,778,14,2025-11-10 07:35:47,mobile,complete
19948,377,30,2025-10-29 01:17:57,mobile,complete
19949,177,6,2025-02-22 22:35:33,mobile,returned
19950,225,12,2025-02-11 03:35:56,phone,complete
19951,767,17,2025-12-11 11:28:49,phone,complete
19952,1367,31,2025-03-24 17:36:43,web,cancelled
19953,1263,40,2025-05-14 21:46:27,mobile,complete
19954,309,31,2025-08-14 09:43:48,phone,complete
19955,1280,6,2025-01-15 04:09:19,mobile,cancelled
19956,288,19,2025-03-11 11:42:14,mobile,returned
19957,1353,29,2025-11-30 04:51:02,store,returned
19958,699,3,2025-04-04 16:18:18,mobile,cancelled
19959,1283,6,2025-04-16 16:34:53,mobile,complete
19960,1222,20,2025-10-25 19:31:36,mobile,complete
19961,1374,36,2025-12-20 00:56:33,mobile,complete
19962,947,30,2025-02-13 08:46:48,mobile,cancelled
19963,1118,1,2025-08-27 17:10:37,mobile,complete
19964,512,19,2025-01-27 11:39:42,web,returned
19965,799,39,2025-06-13 17:37:47,mobile,complete
19966,193,20,2025-01-19 19:01:06,store,complete
19967,350,22,2025-12-14 19:09:46,store,cancelled
19968,903,24,2025-11-09 11:00:02,mobile,complete
19969,1484,17,2025-11-14 09:26:25,web,complete
19970,1473,4,2025-05-28 17:53:52,phone,complete
19971,1113,33,2025-01-19 01:22:44,mobile,returned
19972,1048,13,2025-01-07 06:03:31,mobile,complete
19973,654,2,2025-05-30 02:51:59,web,complete
19974,681,26,2025-06-22 00:54:42,mobile,cancelled
19975,464,19,2025-07-01 22:18:03,phone,returned
19976,688,5,2025-05-02 22:55:51,store,cancelled
19977,869,14,2025-09-07 06:31:56,mobile,returned
19978,929,35,2025-11-11 04:23:09,store,complete
19979,970,3,2025-04-09 11:10:46,mobile,returned
19980,1174,30,2025-01-21 22:58:17,phone,cancelled
19981,512,13,2025-12-01 10:27:50,phone,complete
19982,280,4,2025-04-11 16:44:07,phone,cancelled
19983,1043,20,2025-03-25 14:23:13,phone,complete
19984,1217,23,2025-02-12 21:34:59,store,complete
19985,686,5,2025-05-11 18:23:21,store,complete
19986,511,2,2025-04-18 04:33:43,store,cancelled
19987,821,39,2025-09-19 19:16:38,phone,cancelled
19988,108,10,2025-01-09 19:55:21,web,complete
19989,278,14,2025-10-11 23:32:19,web,complete
19990,739,27,2025-04-19 04:28:37,store,complete
19991,748,35,2025-02-17 15:57:04,web,cancelled
19992,1132,9,2025-08-28 05:29:26,phone,complete
19993,1414,28,2025-12-30 12:48:19,mobile,complete
19994,573,2,2025-04-22 02:44:34,phone,returned
19995,723,29,2025-12-12 22:05:37,web,cancelled
19996,1091,15,2025-02-14 10:46:09,store,complete
19997,252,24,2025-08-25 12:44:09,web,cancelled
19998,936,17,2025-02-25 17:18:05,phone,complete
19999,733,32,2025-03-16 19:06:17,mobile,complete
20000,532,24,2025-01-05 19:25:54,phone,complete
