payment_id,order_id,method,amount,paid_ts
1,1,card,945.99,2025-09-14 17:42:55
2,2,\N,410.73,2025-12-29 19:12:37
3,3,card,365.48,2025-11-08 14:13:35
4,4,\N,313.19,2025-05-26 15:38:25
5,5,wallet,618.56,2025-01-02 06:58:04
6,6,card,1377.80,2025-05-21 08:39:08
7,7,card,263.69,2025-01-09 22:35:50
8,8,\N,407.71,2025-08-25 18:21:03
9,9,card,955.65,2025-01-09 23:02:24
10,10,cash,523.41,2025-08-22 04:50:56
11,11,gift_card,33.38,2025-05-16 06:21:21
12,12,card,1457.02,2025-07-26 04:52:14
13,13,card,332.15,2025-06-14 09:12:23
14,14,card,1135.24,2025-02-18 05:59:35
15,15,cash,571.84,2025-12-01 15:49:01
16,16,card,421.54,2025-09-09 09:59:10
17,17,\N,229.68,2025-04-27 08:22:35
18,18,cash,173.77,2025-01-07 08:52:15
19,19,card,934.68,2025-01-20 22:55:54
20,20,wallet,163.90,2025-03-06 11:23:23
21,21,\N,848.69,2025-04-21 15:51:49
22,22,cash,271.30,2025-02-06 04:47:24
23,23,\N,1450.36,2025-04-10 03:06:02
24,24,cash,302.54,2025-07-24 14:03:06
25,25,wallet,1097.14,2025-04-27 15:49:41
26,26,card,485.46,2025-06-19 04:25:16
27,27,\N,108.31,2025-11-26 21:50:54
28,28,\N,244.57,2025-02-01 22:00:46
29,29,card,606.83,2025-02-21 20:14:16
30,30,cash,669.09,2025-08-19 11:20:38
31,31,card,353.77,2025-06-12 08:31:32
32,32,gift_card,249.61,2025-09-25 02:46:08
33,33,cash,106.46,2025-05-22 11:32:37
34,34,\N,91.12,2025-11-01 09:48:39
35,35,card,33.76,2025-02-06 05:07:21
36,36,card,58.32,2025-10-04 06:33:15
37,37,wallet,1581.60,2025-06-26 17:09:52
38,38,wallet,211.10,2025-11-16 01:17:05
39,39,gift_card,581.70,2025-07-12 20:58:45
40,40,gift_card,380.13,2025-05-08 16:42:12
41,41,\N,908.09,2025-03-04 20:43:29
42,42,card,242.18,2025-07-14 09:01:14
43,43,\N,557.38,2025-01-25 16:13:17
44,44,card,1037.22,2025-01-12 14:26:16
45,45,cash,450.78,2025-03-19 08:47:06
46,46,card,588.36,2025-08-04 00:31:12
47,47,card,1010.16,2025-01-30 04:11:29
48,48,wallet,610.96,2025-03-31 22:30:01
49,49,card,742.18,2025-12-18 23:36:33
50,50,\N,313.68,2025-09-30 03:34:25
51,51,gift_card,941.57,2025-08-27 04:14:42
52,52,gift_card,216.26,2025-08-12 22:42:02
53,53,\N,979.17,2025-09-23 16:10:38
54,54,card,220.08,2025-04-17 09:47:33
55,55,card,263.99,2025-04-21 02:23:35
56,56,card,205.48,2025-03-04 07:58:46
57,57,wallet,243.31,2025-09-07 07:32:03
58,58,card,1124.82,2025-01-08 21:58:20
59,59,card,610.08,2025-09-18 03:53:35
60,60,card,272.44,2025-12-14 23:24:44
61,61,card,831.11,2025-06-21 10:01:19
62,62,\N,329.49,2025-02-06 08:05:40
63,63,gift_card,421.31,2025-02-08 20:57:22
64,64,cash,320.87,2025-10-14 10:27:54
65,65,card,523.07,2025-11-21 05:12:01
66,66,card,328.14,2025-10-05 04:35:17
67,67,wallet,489.30,2025-06-07 15:09:50
68,68,wallet,905.08,2025-11-07 06:46:15
69,69,card,477.85,2025-06-21 19:44:44
70,70,card,561.47,2025-11-09 18:53:22
71,71,card,208.64,2025-12-20 12:40:42
72,72,cash,126.90,2025-12-11 00:20:13
73,73,card,321.76,2025-02-17 17:57:20
74,74,card,226.21,2025-11-01 22:41:03
75,75,cash,1573.56,2025-04-15 00:14:35
76,76,\N,499.70,2025-10-09 23:28:49
77,77,gift_card,952.70,2025-03-25 02:22:11
78,78,gift_card,613.52,2025-07-19 05:22:17
79,79,gift_card,574.28,2025-12-22 22:21:04
80,80,\N,430.04,2025-03-26 05:04:25
81,81,card,1910.85,2025-02-07 00:19:58
82,82,cash,1131.91,2025-02-16 12:14:37
83,83,card,240.27,2025-03-25 17:40:12
84,84,card,929.13,2025-07-21 20:40:15
85,85,cash,411.94,2025-07-22 01:51:33
86,86,card,1640.67,2025-10-17 09:26:24
87,87,gift_card,547.40,2025-12-15 03:18:07
88,88,card,1036.03,2025-08-15 09:33:48
89,89,card,241.27,2025-11-01 07:20:09
90,90,card,700.59,2025-03-13 20:20:06
91,91,wallet,510.73,2025-03-09 13:57:06
92,92,wallet,598.72,2025-10-22 00:13:54
93,93,\N,1554.09,2025-05-14 21:11:57
94,94,card,505.71,2025-11-28 21:50:36
95,95,card,609.96,2025-05-11 01:36:38
96,96,cash,184.01,2025-06-21 03:55:05
97,97,card,1077.54,2025-11-07 04:35:57
98,98,\N,348.90,2025-05-14 21:28:12
99,99,card,34.09,2025-03-15 23:18:14
100,100,card,911.28,2025-01-19 13:41:39
101,101,\N,232.96,2025-03-21 14:29:58
102,102,card,675.81,2025-09-06 05:03:38
103,103,cash,192.38,2025-07-31 01:54:48
104,104,card,1110.95,2025-06-06 09:45:25
105,105,wallet,487.45,2025-08-10 03:31:20
106,106,card,86.85,2025-10-28 01:02:57
107,107,wallet,276.42,2025-11-07 01:48:18
108,108,wallet,279.27,2025-06-25 11:52:28
109,109,card,81.71,2025-10-31 01:00:16
110,110,gift_card,490.80,2025-07-16 11:09:56
111,111,wallet,661.59,2025-10-21 10:34:46
112,112,gift_card,1471.16,2025-09-04 05:32:59
113,113,card,179.62,2025-07-27 00:54:42
114,114,gift_card,285.46,2025-07-25 17:33:35
115,115,cash,366.21,2025-10-21 14:57:04
116,116,card,177.13,2025-02-03 10:32:22
117,117,wallet,1520.28,2025-10-10 16:37:33
118,118,card,532.30,2025-07-23 09:34:00
119,119,card,1276.12,2025-12-30 05:12:11
120,120,card,964.29,2025-11-02 21:04:11
121,121,cash,1009.62,2025-09-07 14:20:12
122,122,card,20.19,2025-10-07 09:40:42
123,123,card,814.05,2025-01-28 00:39:20
124,124,cash,369.22,2025-06-11 08:19:37
125,125,gift_card,446.43,2025-06-30 08:07:48
126,126,gift_card,1378.88,2025-08-02 08:38:15
127,127,gift_card,296.12,2025-09-13 06:22:13
128,128,\N,829.54,2025-03-20 22:26:07
129,129,\N,926.38,2025-10-05 21:48:30
130,130,\N,620.67,2025-11-05 02:00:23
131,131,card,741.92,2025-09-05 13:44:05
132,132,\N,102.62,2025-03-07 01:40:38
133,133,gift_card,1571.25,2025-07-14 03:12:54
134,134,card,318.71,2025-01-15 09:55:46
135,135,cash,719.65,2025-04-21 11:34:12
136,136,card,906.39,2025-11-11 18:31:39
137,137,card,671.64,2025-01-30 03:13:31
138,138,wallet,98.66,2025-08-05 13:27:28
139,139,card,49.06,2025-04-12 09:55:22
140,140,\N,259.45,2025-08-08 05:34:10
141,141,card,107.34,2025-06-15 02:52:21
142,142,cash,179.50,2025-01-24 01:44:02
143,143,card,294.76,2025-07-20 18:09:32
144,144,card,650.02,2025-01-21 22:46:36
145,145,wallet,203.78,2025-01-07 18:54:20
146,146,card,511.84,2025-08-24 17:48:08
147,147,wallet,651.74,2025-09-01 11:18:01
148,148,wallet,185.39,2025-11-01 16:33:32
149,149,cash,174.21,2025-11-01 05:13:34
150,150,card,1267.62,2025-03-26 00:46:32
151,151,card,521.58,2025-01-20 20:01:31
152,152,card,926.36,2025-06-22 14:46:15
153,153,gift_card,734.99,2025-07-16 20:57:56
154,154,cash,1343.45,2025-09-18 09:03:45
155,155,cash,425.72,2025-05-18 12:18:57
156,156,card,245.60,2025-07-18 17:32:43
157,157,\N,31.12,2025-10-23 05:00:19
158,158,wallet,652.07,2025-07-27 15:50:20
159,159,card,917.18,2025-03-25 07:34:08
160,160,\N,288.74,2025-10-19 10:58:51
161,161,card,462.97,2025-10-21 11:02:13
162,162,card,623.09,2025-03-13 18:13:10
163,163,gift_card,231.06,2025-02-12 23:32:43
164,164,wallet,81.54,2025-02-14 01:40:27
165,165,\N,31.15,2025-02-08 20:27:42
166,166,\N,478.60,2025-12-24 11:45:38
167,167,\N,947.07,2025-07-28 18:16:49
168,168,\N,745.25,2025-10-27 05:40:43
169,169,card,45.10,2025-10-24 15:18:54
170,170,card,380.05,2025-10-23 08:56:28
171,171,\N,213.31,2025-11-04 19:40:57
172,172,wallet,713.36,2025-06-17 00:54:14
173,173,card,120.95,2025-04-09 20:40:57
174,174,card,421.07,2025-10-25 05:35:44
175,175,card,399.36,2025-05-28 09:24:40
176,176,card,302.46,2025-05-09 13:54:04
177,177,card,615.51,2025-11-24 05:51:47
178,178,cash,398.28,2025-11-09 05:49:19
179,179,cash,441.80,2025-10-18 09:40:34
180,180,cash,984.99,2025-07-14 04:30:01
181,181,card,592.48,2025-08-01 18:04:59
182,182,card,419.00,2025-09-10 09:53:48
183,183,card,536.46,2025-01-02 10:54:10
184,184,gift_card,311.88,2025-12-17 16:57:18
185,185,cash,165.69,2025-01-01 15:25:45
186,186,cash,198.99,2025-03-20 13:45:31
187,187,cash,314.49,2025-09-22 22:16:44
188,188,card,1167.37,2025-02-03 19:03:12
189,189,\N,873.50,2025-02-15 18:37:32
190,190,card,800.43,2025-03-10 18:23:12
191,191,wallet,233.81,2025-11-16 18:40:55
192,192,\N,940.54,2025-09-03 12:44:09
193,193,card,905.86,2025-06-13 00:27:01
194,194,card,85.65,2025-01-21 16:57:01
195,195,wallet,307.51,2025-04-10 14:29:38
196,196,wallet,1300.24,2025-04-10 21:04:37
197,197,cash,17.05,2025-03-24 20:28:59
198,198,wallet,319.18,2025-01-16 03:43:24
199,199,card,328.23,2025-06-07 15:56:21
200,200,card,170.67,2025-06-24 09:42:58
201,201,wallet,485.80,2025-09-02 06:17:00
202,202,card,320.36,2025-05-08 15:07:30
203,203,card,248.71,2025-06-20 00:44:29
204,204,gift_card,337.65,2025-04-11 20:23:26
205,205,gift_card,437.55,2025-09-08 02:31:25
206,206,card,162.66,2025-12-08 02:52:37
207,207,card,232.40,2025-12-08 22:53:21
208,208,card,1688.89,2025-01-13 22:17:02
209,209,cash,298.04,2025-06-28 01:22:30
210,210,gift_card,341.72,2025-02-11 02:25:40
211,211,gift_card,682.82,2025-01-06 21:59:06
212,212,card,367.60,2025-02-04 08:32:10
213,213,cash,1628.91,2025-10-20 22:28:57
214,214,card,253.48,2025-01-01 10:48:41
215,215,gift_card,570.90,2025-10-09 19:11:58
216,216,wallet,303.63,2025-08-08 15:35:47
217,217,\N,233.95,2025-05-29 06:04:09
218,218,card,863.46,2025-07-19 14:10:20
219,219,card,1241.01,2025-04-18 17:54:55
220,220,cash,785.81,2025-10-06 19:14:07
221,221,gift_card,793.94,2025-08-26 08:47:49
222,222,cash,144.11,2025-01-26 23:48:28
223,223,cash,549.30,2025-10-20 12:39:02
224,224,gift_card,1568.61,2025-06-21 06:37:14
225,225,\N,479.51,2025-09-21 18:44:45
226,226,\N,329.92,2025-09-16 22:56:30
227,227,cash,1939.02,2025-12-02 09:37:43
228,228,card,157.42,2025-05-31 04:18:30
229,229,card,124.69,2025-10-23 08:04:28
230,230,wallet,227.61,2025-05-23 22:02:29
231,231,card,426.63,2025-03-24 22:50:48
232,232,wallet,157.42,2025-04-20 02:40:26
233,233,cash,300.52,2025-03-17 08:37:10
234,234,gift_card,269.40,2025-03-15 03:45:08
235,235,card,246.22,2025-11-13 00:00:01
236,236,\N,508.97,2025-03-14 08:44:18
237,237,card,41.11,2025-03-18 23:20:16
238,238,gift_card,728.08,2025-10-07 07:30:16
239,239,wallet,841.60,2025-05-22 04:56:35
240,240,gift_card,464.10,2025-01-15 23:43:21
241,241,gift_card,289.80,2025-10-30 16:17:30
242,242,card,862.12,2025-12-24 04:02:26
243,243,card,176.92,2025-11-29 02:49:24
244,244,cash,745.89,2025-05-06 20:20:55
245,245,gift_card,229.56,2025-05-04 16:20:37
246,246,gift_card,314.76,2025-01-07 13:45:04
247,247,\N,727.42,2025-03-20 09:29:32
248,248,wallet,77.54,2025-05-12 17:32:01
249,249,wallet,141.28,2025-02-14 19:23:47
250,250,cash,439.31,2025-08-16 15:22:14
251,251,card,410.09,2025-08-11 07:27:57
252,252,cash,255.07,2025-08-17 17:20:13
253,253,card,330.57,2025-10-07 06:25:48
254,254,\N,153.00,2025-11-27 02:21:17
255,255,cash,496.45,2025-08-26 16:24:46
256,256,\N,94.16,2025-08-19 10:51:08
257,257,card,97.65,2025-02-10 06:31:39
258,258,cash,101.48,2025-09-02 19:23:46
259,259,cash,946.93,2025-11-16 15:07:52
260,260,cash,133.33,2025-08-25 17:08:07
261,261,cash,1223.47,2025-02-02 21:37:16
262,262,cash,547.12,2025-11-04 09:32:57
263,263,\N,58.12,2025-04-13 08:47:37
264,264,wallet,275.24,2025-03-05 10:50:51
265,265,card,181.18,2025-11-05 01:26:59
266,266,\N,122.21,2025-01-09 13:11:35
267,267,card,581.27,2025-12-29 06:40:46
268,268,cash,680.14,2025-11-07 12:57:31
269,269,card,1110.30,2025-06-10 18:55:49
270,270,card,735.65,2025-04-20 10:07:34
271,271,wallet,417.97,2025-11-10 13:04:36
272,272,card,667.85,2025-09-27 16:56:45
273,273,cash,119.69,2025-02-13 21:47:50
274,274,card,983.24,2025-04-25 08:58:52
275,275,card,285.61,2025-09-30 15:27:42
276,276,cash,288.64,2025-06-25 16:13:45
277,277,gift_card,521.37,2025-01-11 19:36:00
278,278,gift_card,60.58,2025-03-08 22:31:57
279,279,card,451.36,2025-10-23 06:31:08
280,280,card,405.71,2025-05-25 12:20:46
281,281,cash,54.18,2025-04-29 16:51:56
282,282,card,173.82,2025-07-06 14:48:23
283,283,\N,418.14,2025-09-13 17:55:07
284,284,card,1730.99,2025-10-12 13:49:18
285,285,wallet,1091.67,2025-01-09 03:20:41
286,286,wallet,264.42,2025-12-06 01:35:11
287,287,cash,440.51,2025-12-30 06:31:29
288,288,gift_card,481.46,2025-12-12 11:11:14
289,289,\N,26.60,2025-03-10 18:36:06
290,290,wallet,1041.20,2025-10-11 22:55:03
291,291,card,1176.04,2025-11-29 13:59:00
292,292,wallet,191.96,2025-09-30 10:46:33
293,293,card,53.48,2025-08-19 09:35:24
294,294,card,178.14,2025-12-01 15:48:22
295,295,card,362.83,2025-01-02 12:23:31
296,296,card,683.33,2025-04-23 05:46:40
297,297,card,654.34,2025-06-05 11:05:19
298,298,card,650.31,2025-09-16 22:40:42
299,299,wallet,913.80,2025-09-21 23:19:46
300,300,gift_card,288.94,2025-07-26 04:31:46
301,301,card,305.62,2025-08-22 14:20:53
302,302,gift_card,271.84,2025-05-03 12:12:12
303,303,card,375.38,2025-07-06 13:59:19
304,304,\N,207.52,2025-02-09 12:13:09
305,305,card,222.40,2025-04-03 00:07:07
306,306,wallet,491.31,2025-03-08 09:55:54
307,307,gift_card,1038.35,2025-01-26 21:09:06
308,308,card,224.84,2025-11-20 14:52:35
309,309,gift_card,102.37,2025-07-27 12:14:56
310,310,\N,66.37,2025-07-04 06:20:52
311,311,gift_card,75.87,2025-03-13 11:27:48
312,312,card,92.16,2025-08-08 06:16:17
313,313,card,1292.74,2025-05-01 13:10:35
314,314,gift_card,230.33,2025-08-04 05:20:11
315,315,\N,554.70,2025-09-10 16:31:32
316,316,cash,1060.95,2025-11-16 23:47:00
317,317,cash,651.82,2025-12-19 08:54:07
318,318,\N,110.58,2025-10-10 00:02:25
319,319,gift_card,260.55,2025-04-06 11:18:53
320,320,\N,707.79,2025-11-20 16:39:59
321,321,card,77.53,2025-03-17 19:05:45
322,322,wallet,60.80,2025-02-18 19:10:41
323,323,gift_card,96.48,2025-05-08 07:44:38
324,324,card,207.01,2025-01-31 15:39:00
325,325,card,1021.38,2025-05-23 10:53:35
326,326,card,602.71,2025-07-03 03:35:29
327,327,card,665.43,2025-08-31 03:01:32
328,328,card,635.12,2025-07-09 00:13:01
329,329,wallet,283.51,2025-08-12 10:52:56
330,330,\N,1083.19,2025-07-28 20:01:43
331,331,card,503.73,2025-03-21 20:42:53
332,332,card,310.15,2025-11-17 18:09:21
333,333,gift_card,238.87,2025-12-01 22:37:40
334,334,gift_card,189.54,2025-08-08 10:31:31
335,335,card,1288.55,2025-10-19 12:41:30
336,336,gift_card,182.53,2025-06-17 15:44:02
337,337,card,117.73,2025-12-13 21:48:36
338,338,card,952.19,2025-02-23 00:57:43
339,339,card,508.71,2025-02-13 03:11:57
340,340,card,179.62,2025-02-26 00:21:17
341,341,gift_card,655.14,2025-04-16 11:33:09
342,342,wallet,413.89,2025-11-18 06:16:05
343,343,card,980.10,2025-11-09 19:22:17
344,344,card,103.05,2025-02-04 09:59:21
345,345,gift_card,1601.27,2025-11-20 18:17:06
346,346,\N,685.18,2025-05-20 13:08:43
347,347,\N,564.54,2025-03-20 06:35:11
348,348,wallet,287.61,2025-07-06 10:48:37
349,349,\N,1287.50,2025-02-02 01:07:14
350,350,gift_card,204.91,2025-08-24 20:32:11
351,351,cash,1416.45,2025-07-19 08:51:56
352,352,wallet,273.96,2025-02-03 20:46:08
353,353,card,450.82,2025-12-31 09:18:33
354,354,card,1152.30,2025-10-08 23:35:06
355,355,wallet,469.23,2025-03-26 23:23:08
356,356,wallet,1449.98,2025-06-09 04:53:50
357,357,card,1078.53,2025-11-28 00:09:23
358,358,\N,313.17,2025-12-08 06:34:31
359,359,cash,442.30,2025-09-14 07:05:42
360,360,\N,307.54,2025-07-14 08:33:53
361,361,card,705.93,2025-03-12 14:26:04
362,362,cash,2158.74,2025-03-20 17:30:07
363,363,\N,251.31,2025-09-23 13:17:44
364,364,\N,133.27,2025-03-28 19:29:08
365,365,card,422.95,2025-10-23 08:49:01
366,366,wallet,428.22,2025-10-28 22:58:05
367,367,card,277.42,2025-11-07 00:56:19
368,368,wallet,82.54,2025-12-07 08:28:16
369,369,card,432.38,2025-01-08 18:37:48
370,370,\N,1127.82,2025-01-29 06:10:34
371,371,cash,216.99,2025-08-22 06:52:31
372,372,cash,184.24,2025-03-31 18:51:59
373,373,card,975.56,2025-04-06 20:16:26
374,374,\N,111.85,2025-10-13 05:06:24
375,375,\N,201.21,2025-01-11 14:52:28
376,376,card,333.19,2025-05-04 13:08:32
377,377,card,724.18,2025-06-06 11:03:59
378,378,gift_card,428.10,2025-06-22 22:53:44
379,379,card,1108.28,2025-03-26 15:40:51
380,380,cash,97.38,2025-10-27 20:03:17
381,381,cash,285.81,2025-05-03 01:41:51
382,382,\N,605.93,2025-04-09 21:59:33
383,383,\N,408.21,2025-11-19 09:26:37
384,384,card,563.66,2025-04-01 09:00:05
385,385,card,1679.17,2025-11-05 15:58:58
386,386,\N,349.01,2025-03-19 00:22:44
387,387,card,35.52,2025-03-04 03:03:58
388,388,wallet,231.13,2025-11-14 12:58:17
389,389,gift_card,619.52,2025-01-24 03:21:38
390,390,\N,61.45,2025-01-10 02:57:23
391,391,card,699.45,2025-03-06 10:24:12
392,392,card,1103.17,2025-12-18 19:33:12
393,393,gift_card,48.06,2025-06-03 02:11:39
394,394,cash,866.53,2025-02-17 13:33:21
395,395,card,138.86,2025-01-30 05:49:03
396,396,card,65.63,2025-11-06 11:22:33
397,397,\N,135.68,2025-09-17 08:37:31
398,398,card,736.74,2025-12-17 10:56:41
399,399,gift_card,298.50,2025-09-05 16:08:58
400,400,cash,19.94,2025-09-30 00:20:45
401,401,card,292.61,2025-08-17 17:45:17
402,402,gift_card,529.27,2025-12-10 02:05:30
403,403,\N,87.74,2025-12-01 21:03:43
404,404,\N,271.42,2025-06-23 16:34:44
405,405,gift_card,295.57,2025-12-25 02:50:16
406,406,card,1261.61,2025-06-04 18:29:25
407,407,card,24.61,2025-06-13 01:54:27
408,408,card,104.64,2025-07-04 02:11:55
409,409,card,385.71,2025-03-21 20:31:01
410,410,wallet,1055.64,2025-06-01 02:45:34
411,411,\N,125.39,2025-11-11 03:07:49
412,412,card,35.50,2025-08-06 15:14:05
413,413,card,762.56,2025-11-06 05:04:29
414,414,wallet,41.77,2025-03-09 04:04:20
415,415,wallet,455.39,2025-07-14 12:51:06
416,416,cash,817.47,2025-10-14 05:55:11
417,417,\N,113.52,2025-12-15 01:04:59
418,418,card,417.84,2025-08-10 20:35:02
419,419,cash,992.15,2025-04-02 18:06:50
420,420,card,404.66,2025-03-13 02:40:22
421,421,card,122.82,2025-07-17 08:29:51
422,422,gift_card,987.13,2025-10-16 03:20:30
423,423,card,1422.54,2025-06-06 05:46:14
424,424,card,504.88,2025-02-05 03:38:02
425,425,card,440.73,2025-05-07 22:57:20
426,426,\N,332.18,2025-04-11 09:18:17
427,427,wallet,1040.02,2025-11-01 00:52:04
428,428,gift_card,1026.36,2025-05-28 10:47:21
429,429,gift_card,1563.92,2025-02-28 08:39:35
430,430,\N,284.25,2025-01-30 05:39:32
431,431,card,203.79,2025-08-31 17:26:39
432,432,gift_card,248.33,2025-05-10 18:09:44
433,433,cash,1105.78,2025-01-08 05:55:37
434,434,card,227.87,2025-08-01 08:46:58
435,435,wallet,94.06,2025-03-01 03:54:38
436,436,gift_card,186.44,2025-08-16 08:21:29
437,437,wallet,957.60,2025-04-10 15:54:37
438,438,wallet,281.44,2025-03-10 17:47:14
439,439,card,355.34,2025-05-05 12:36:36
440,440,gift_card,12.99,2025-03-19 18:08:33
441,441,gift_card,807.80,2025-02-27 01:10:12
442,442,wallet,440.54,2025-03-04 02:07:14
443,443,card,305.07,2025-09-10 01:52:40
444,444,card,911.80,2025-05-10 10:21:02
445,445,card,571.14,2025-01-21 03:16:19
446,446,card,18.35,2025-03-17 02:42:49
447,447,card,157.89,2025-08-02 13:58:25
448,448,card,211.06,2025-12-23 21:12:16
449,449,card,140.40,2025-07-31 12:30:26
450,450,wallet,343.84,2025-01-20 15:40:30
451,451,gift_card,310.29,2025-03-11 05:51:51
452,452,gift_card,372.83,2025-09-14 08:45:43
453,453,gift_card,1310.16,2025-01-22 14:06:21
454,454,wallet,291.50,2025-12-03 04:49:05
455,455,cash,196.00,2025-05-12 11:45:47
456,456,gift_card,194.56,2025-03-29 18:10:00
457,457,card,1117.47,2025-10-17 16:27:18
458,458,cash,623.00,2025-10-18 21:35:41
459,459,card,274.60,2025-12-11 13:16:57
460,460,\N,304.73,2025-02-25 14:51:12
461,461,card,232.96,2025-09-10 04:05:34
462,462,gift_card,642.85,2025-09-14 22:26:49
463,463,wallet,1161.91,2025-10-23 23:34:05
464,464,card,137.61,2025-03-31 11:44:43
465,465,gift_card,1284.69,2025-01-23 00:40:04
466,466,wallet,311.97,2025-08-14 13:36:21
467,467,gift_card,769.41,2025-09-01 14:47:22
468,468,gift_card,357.12,2025-03-05 16:12:14
469,469,\N,295.02,2025-04-23 06:44:06
470,470,wallet,1104.10,2025-07-03 20:34:12
471,471,card,790.92,2025-02-23 17:47:01
472,472,gift_card,298.78,2025-01-23 08:40:28
473,473,card,239.86,2025-08-31 21:43:25
474,474,wallet,249.08,2025-12-26 10:45:26
475,475,card,660.09,2025-09-06 17:08:05
476,476,wallet,723.32,2025-03-16 04:11:45
477,477,card,699.76,2025-06-15 22:23:08
478,478,card,189.67,2025-10-07 01:51:49
479,479,cash,306.92,2025-11-14 04:11:14
480,480,card,101.16,2025-07-24 05:54:59
481,481,wallet,820.15,2025-06-05 16:34:27
482,482,card,796.84,2025-11-09 06:06:58
483,483,\N,215.41,2025-05-17 18:19:03
484,484,card,107.34,2025-06-11 01:46:00
485,485,wallet,2650.38,2025-07-25 13:50:52
486,486,cash,417.27,2025-04-15 12:42:54
487,487,\N,1256.77,2025-03-21 12:05:11
488,488,wallet,1195.28,2025-04-08 11:32:12
489,489,cash,1025.77,2025-02-07 11:10:28
490,490,card,617.56,2025-10-21 01:48:04
491,491,gift_card,222.11,2025-03-03 20:00:16
492,492,wallet,775.49,2025-03-06 09:43:04
493,493,card,661.26,2025-07-30 02:09:20
494,494,\N,1243.45,2025-02-16 05:55:58
495,495,wallet,43.61,2025-08-14 15:13:47
496,496,wallet,543.89,2025-05-18 00:39:49
497,497,gift_card,456.84,2025-01-09 21:50:57
498,498,\N,209.50,2025-09-03 11:49:29
499,499,cash,255.50,2025-05-31 16:47:43
500,500,wallet,55.57,2025-12-17 08:54:09
501,501,card,642.46,2025-09-26 04:07:05
502,502,wallet,1662.21,2025-01-18 09:34:01
503,503,card,595.66,2025-07-28 20:30:38
504,504,card,584.19,2025-10-09 19:52:16
505,505,card,1327.33,2025-07-17 16:57:00
506,506,card,273.69,2025-07-28 18:35:29
507,507,gift_card,68.36,2025-10-03 08:50:09
508,508,gift_card,879.38,2025-01-02 03:25:42
509,509,\N,53.28,2025-08-18 17:32:55
510,510,card,590.33,2025-12-29 06:36:44
511,511,cash,400.65,2025-02-22 05:54:10
512,512,card,361.31,2025-08-28 17:20:33
513,513,wallet,1401.78,2025-06-18 16:09:32
514,514,card,329.58,2025-04-26 23:47:18
515,515,card,352.91,2025-06-05 02:49:37
516,516,card,82.25,2025-12-26 07:55:11
517,517,wallet,1190.09,2025-03-25 00:09:14
518,518,card,244.46,2025-12-31 10:36:52
519,519,gift_card,599.06,2025-09-03 00:38:29
520,520,gift_card,288.94,2025-04-13 06:36:42
521,521,card,85.67,2025-09-20 06:24:00
522,522,\N,363.92,2025-03-21 22:29:25
523,523,wallet,40.43,2025-03-13 13:33:04
524,524,\N,595.75,2025-02-14 05:28:43
525,525,wallet,547.56,2025-04-05 11:56:09
526,526,card,201.51,2025-10-19 10:02:28
527,527,cash,851.92,2025-11-13 04:00:14
528,528,gift_card,894.30,2025-12-08 01:12:57
529,529,cash,408.40,2025-07-04 09:57:11
530,530,card,115.30,2025-06-02 18:19:16
531,531,card,186.30,2025-12-15 08:27:38
532,532,wallet,205.88,2025-10-28 23:41:06
533,533,\N,220.11,2025-08-11 21:12:03
534,534,\N,708.94,2025-06-04 03:13:31
535,535,gift_card,861.53,2025-02-12 07:16:46
536,536,\N,306.21,2025-09-22 20:23:47
537,537,gift_card,149.66,2025-02-14 03:41:20
538,538,cash,574.94,2025-04-20 07:22:29
539,539,card,285.18,2025-09-12 20:48:41
540,540,card,429.16,2025-01-13 19:39:57
541,541,wallet,97.16,2025-03-18 17:38:48
542,542,\N,713.14,2025-11-29 03:28:36
543,543,card,457.78,2025-08-04 19:18:25
544,544,card,244.57,2025-11-26 19:19:40
545,545,cash,391.70,2025-04-22 04:15:41
546,546,card,308.77,2025-09-15 01:35:29
547,547,wallet,144.41,2025-10-15 05:59:45
548,548,gift_card,105.00,2025-04-20 15:50:26
549,549,card,314.68,2025-05-23 00:35:42
550,550,\N,334.75,2025-04-11 14:24:00
551,551,card,885.35,2025-01-02 08:08:24
552,552,\N,288.39,2025-08-03 11:20:33
553,553,\N,306.64,2025-03-16 20:08:23
554,554,card,104.46,2025-05-04 18:48:14
555,555,\N,277.83,2025-01-12 08:33:46
556,556,gift_card,21.82,2025-04-28 00:15:16
557,557,card,198.03,2025-08-02 20:23:20
558,558,wallet,45.07,2025-08-16 06:42:57
559,559,gift_card,311.25,2025-08-19 01:12:45
560,560,cash,294.40,2025-10-10 16:47:19
561,561,wallet,230.92,2025-05-04 15:49:46
562,562,cash,124.89,2025-05-19 22:27:21
563,563,card,328.30,2025-05-06 11:46:26
564,564,cash,187.33,2025-04-30 13:22:11
565,565,card,399.99,2025-04-18 19:08:26
566,566,card,267.21,2025-09-06 13:59:02
567,567,card,424.65,2025-02-05 05:00:50
568,568,\N,352.60,2025-08-18 06:30:13
569,569,gift_card,476.77,2025-03-25 16:22:43
570,570,gift_card,560.52,2025-01-25 00:42:48
571,571,cash,698.43,2025-05-01 01:08:41
572,572,gift_card,247.19,2025-04-23 11:56:12
573,573,\N,128.80,2025-01-11 07:05:23
574,574,card,289.84,2025-03-02 13:22:13
575,575,wallet,312.46,2025-09-03 16:43:45
576,576,cash,498.74,2025-05-23 18:51:59
577,577,wallet,893.59,2025-10-21 05:45:26
578,578,card,200.33,2025-03-05 13:52:28
579,579,cash,949.96,2025-11-10 17:49:39
580,580,cash,378.22,2025-07-27 08:36:25
581,581,card,611.25,2025-06-21 05:11:59
582,582,wallet,88.44,2025-12-13 20:05:22
583,583,cash,378.50,2025-07-25 17:21:35
584,584,card,776.32,2025-09-27 07:48:03
585,585,gift_card,1067.51,2025-12-10 01:14:27
586,586,wallet,185.50,2025-01-09 22:45:30
587,587,card,300.89,2025-08-07 09:35:03
588,588,gift_card,292.29,2025-01-31 02:47:32
589,589,wallet,47.60,2025-09-05 20:04:32
590,590,gift_card,61.87,2025-09-08 19:15:16
591,591,cash,854.60,2025-12-25 03:23:18
592,592,card,524.23,2025-02-13 20:30:03
593,593,card,100.55,2025-05-19 11:24:58
594,594,gift_card,196.00,2025-09-12 20:25:30
595,595,\N,602.76,2025-08-06 07:36:33
596,596,\N,496.64,2025-06-17 00:00:01
597,597,\N,1141.05,2025-04-27 11:20:51
598,598,\N,98.66,2025-12-24 21:26:28
599,599,cash,828.10,2025-12-12 01:02:07
600,600,card,463.62,2025-04-25 23:15:45
601,601,gift_card,189.49,2025-08-31 10:05:03
602,602,card,703.04,2025-01-09 07:02:31
603,603,card,49.48,2025-01-04 11:46:42
604,604,gift_card,354.16,2025-07-17 04:07:32
605,605,gift_card,976.92,2025-09-04 02:10:11
606,606,card,789.91,2025-07-29 06:09:26
607,607,wallet,506.82,2025-04-02 01:30:07
608,608,card,224.77,2025-09-07 23:55:33
609,609,gift_card,249.40,2025-09-04 00:17:01
610,610,card,1406.46,2025-05-16 11:05:34
611,611,\N,908.90,2025-07-04 05:52:23
612,612,gift_card,1040.56,2025-07-30 19:08:49
613,613,wallet,116.56,2025-08-10 08:22:44
614,614,card,482.07,2025-06-30 03:22:30
615,615,wallet,1037.66,2025-04-26 03:05:57
616,616,gift_card,648.24,2025-11-08 05:53:28
617,617,card,408.48,2025-05-16 18:19:44
618,618,gift_card,533.54,2025-08-11 00:00:26
619,619,gift_card,324.76,2025-01-08 17:30:12
620,620,cash,184.32,2025-04-29 12:16:36
621,621,card,827.23,2025-03-27 00:50:52
622,622,card,511.50,2025-11-28 22:18:27
623,623,\N,1422.94,2025-05-22 17:37:16
624,624,gift_card,600.62,2025-10-12 15:18:36
625,625,card,385.35,2025-09-17 00:27:52
626,626,card,391.62,2025-08-07 09:54:02
627,627,cash,65.43,2025-11-06 17:17:11
628,628,card,416.60,2025-11-10 01:58:24
629,629,card,196.83,2025-01-31 11:24:14
630,630,gift_card,734.32,2025-07-04 01:34:36
631,631,card,524.20,2025-04-10 22:42:18
632,632,card,239.56,2025-10-17 05:58:06
633,633,cash,624.60,2025-06-21 03:59:41
634,634,\N,37.94,2025-01-18 22:58:45
635,635,wallet,670.46,2025-05-28 00:51:38
636,636,cash,41.80,2025-04-07 14:57:47
637,637,wallet,371.98,2025-09-19 10:20:51
638,638,card,255.60,2025-03-30 19:25:40
639,639,gift_card,581.68,2025-09-21 21:19:33
640,640,wallet,55.31,2025-01-05 01:00:24
641,641,card,668.31,2025-12-11 12:45:45
642,642,gift_card,311.52,2025-08-23 19:43:32
643,643,card,681.89,2025-11-03 08:28:13
644,644,card,1169.32,2025-04-02 07:26:29
645,645,\N,1621.50,2025-08-08 14:16:12
646,646,cash,920.30,2025-05-25 05:22:03
647,647,wallet,106.20,2025-04-04 10:15:13
648,648,card,655.04,2025-03-17 23:32:52
649,649,wallet,159.26,2025-10-30 14:11:02
650,650,cash,186.45,2025-11-23 22:20:20
651,651,cash,84.76,2025-08-03 01:51:00
652,652,wallet,912.82,2025-10-25 07:08:00
653,653,card,439.27,2025-08-27 00:01:53
654,654,card,344.94,2025-08-03 17:34:35
655,655,card,935.18,2025-03-07 08:20:32
656,656,\N,364.11,2025-09-07 17:26:44
657,657,\N,123.32,2025-12-24 16:15:35
658,658,wallet,641.44,2025-10-29 14:42:12
659,659,card,43.32,2025-02-26 12:20:27
660,660,card,398.57,2025-12-18 07:45:01
661,661,wallet,227.10,2025-06-05 08:34:14
662,662,cash,281.93,2025-07-07 19:06:43
663,663,card,733.09,2025-07-05 17:36:28
664,664,card,184.32,2025-12-08 14:24:04
665,665,card,290.08,2025-02-08 19:12:50
666,666,card,171.96,2025-09-28 23:09:50
667,667,gift_card,371.13,2025-07-12 05:45:02
668,668,card,34.25,2025-01-11 13:20:44
669,669,\N,631.28,2025-04-04 22:58:59
670,670,cash,64.42,2025-04-19 22:11:55
671,671,wallet,294.06,2025-11-10 00:58:49
672,672,card,1576.97,2025-04-07 18:18:52
673,673,card,694.08,2025-04-07 14:53:44
674,674,cash,238.17,2025-09-08 12:27:34
675,675,cash,197.78,2025-08-30 06:59:28
676,676,gift_card,1058.08,2025-01-01 01:14:48
677,677,wallet,215.47,2025-05-08 06:49:13
678,678,card,651.00,2025-12-17 01:07:31
679,679,\N,15.10,2025-04-27 18:33:46
680,680,card,429.36,2025-09-09 05:02:46
681,681,\N,315.76,2025-11-27 04:32:30
682,682,card,503.64,2025-12-19 02:04:11
683,683,card,560.95,2025-09-22 02:39:08
684,684,wallet,1288.92,2025-07-05 04:50:27
685,685,card,402.66,2025-11-13 01:13:42
686,686,\N,202.33,2025-07-04 22:30:20
687,687,gift_card,737.28,2025-04-26 18:41:17
688,688,cash,681.78,2025-10-09 22:41:15
689,689,card,77.86,2025-09-03 04:11:19
690,690,card,1473.13,2025-08-22 00:28:15
691,691,gift_card,538.86,2025-10-15 13:20:11
692,692,gift_card,89.20,2025-08-12 00:54:44
693,693,gift_card,586.85,2025-07-27 19:36:25
694,694,\N,166.26,2025-03-15 00:18:41
695,695,wallet,336.49,2025-12-26 11:56:50
696,696,card,924.94,2025-12-16 19:53:03
697,697,\N,451.66,2025-08-04 04:01:34
698,698,cash,1528.20,2025-10-24 00:51:42
699,699,gift_card,451.78,2025-07-20 00:35:42
700,700,card,5.36,2025-03-15 17:15:03
701,701,card,813.94,2025-06-08 00:04:18
702,702,card,394.39,2025-02-10 16:06:47
703,703,card,763.90,2025-09-03 19:06:24
704,704,\N,1100.84,2025-01-12 20:51:56
705,705,card,105.00,2025-01-18 02:14:37
706,706,wallet,1316.43,2025-11-09 12:21:19
707,707,card,1199.66,2025-09-13 23:19:34
708,708,wallet,114.14,2025-01-07 00:18:36
709,709,wallet,296.15,2025-08-06 13:32:31
710,710,cash,94.77,2025-04-01 15:29:29
711,711,gift_card,430.28,2025-07-11 15:35:55
712,712,wallet,573.51,2025-09-15 17:10:53
713,713,gift_card,257.24,2025-06-15 21:05:13
714,714,card,89.15,2025-03-31 18:18:05
715,715,card,437.53,2025-04-18 09:00:09
716,716,\N,772.96,2025-10-30 09:37:29
717,717,gift_card,438.76,2025-02-19 01:36:37
718,718,card,1698.99,2025-01-04 04:29:34
719,719,cash,250.39,2025-08-16 12:38:38
720,720,wallet,195.92,2025-07-12 13:41:08
721,721,card,265.87,2025-06-22 14:55:02
722,722,card,861.62,2025-08-05 08:39:17
723,723,card,58.57,2025-06-04 11:23:21
724,724,card,94.25,2025-05-26 12:06:16
725,725,card,143.59,2025-07-20 22:25:40
726,726,card,168.82,2025-07-28 14:22:28
727,727,card,66.45,2025-04-26 21:56:54
728,728,card,799.25,2025-06-29 13:37:18
729,729,\N,392.83,2025-07-27 09:49:07
730,730,\N,192.20,2025-02-07 22:56:34
731,731,gift_card,47.01,2025-01-08 02:33:09
732,732,gift_card,685.95,2025-05-13 01:55:18
733,733,card,22.42,2025-06-17 23:49:11
734,734,card,205.33,2025-09-16 02:52:27
735,735,card,898.45,2025-06-26 12:28:25
736,736,card,317.27,2025-03-15 15:49:29
737,737,\N,1336.34,2025-03-18 03:45:46
738,738,wallet,374.46,2025-02-10 06:31:32
739,739,gift_card,1427.58,2025-04-13 13:39:44
740,740,gift_card,820.09,2025-07-19 05:41:23
741,741,card,763.98,2025-03-13 16:56:54
742,742,\N,254.39,2025-04-03 03:57:17
743,743,card,241.30,2025-04-20 12:05:40
744,744,\N,87.08,2025-08-27 18:40:44
745,745,cash,505.46,2025-09-08 14:04:51
746,746,card,259.25,2025-07-31 14:31:33
747,747,card,668.07,2025-04-07 17:05:07
748,748,card,321.07,2025-03-16 15:13:36
749,749,wallet,170.96,2025-12-07 05:45:27
750,750,gift_card,358.75,2025-07-19 08:08:27
751,751,wallet,109.51,2025-04-28 20:45:48
752,752,gift_card,332.94,2025-02-14 19:11:17
753,753,card,449.13,2025-03-29 16:35:33
754,754,card,373.40,2025-12-15 08:19:39
755,755,\N,262.48,2025-11-29 15:02:10
756,756,card,264.04,2025-01-20 21:56:05
757,757,gift_card,893.24,2025-08-14 06:23:44
758,758,card,806.34,2025-07-21 17:37:11
759,759,card,47.49,2025-07-13 00:30:53
760,760,card,17.05,2025-04-22 15:33:42
761,761,wallet,358.04,2025-05-28 05:47:49
762,762,wallet,216.86,2025-08-21 13:21:13
763,763,card,639.96,2025-04-22 13:48:08
764,764,cash,333.67,2025-06-09 07:58:50
765,765,cash,1719.96,2025-03-07 13:43:44
766,766,wallet,686.17,2025-11-06 15:03:32
767,767,gift_card,300.15,2025-07-24 16:49:29
768,768,\N,184.28,2025-04-16 11:32:41
769,769,gift_card,281.69,2025-06-23 17:35:30
770,770,cash,535.60,2025-09-25 12:09:47
771,771,card,438.16,2025-04-15 01:31:33
772,772,\N,113.86,2025-10-01 19:34:27
773,773,cash,1077.15,2025-05-13 06:21:18
774,774,card,206.62,2025-11-04 11:43:53
775,775,\N,23.58,2025-09-11 16:35:43
776,776,\N,744.08,2025-12-15 06:43:58
777,777,card,341.19,2025-09-09 09:41:54
778,778,gift_card,370.92,2025-07-07 14:02:35
779,779,\N,239.56,2025-05-23 03:41:46
780,780,wallet,2393.85,2025-07-01 07:29:39
781,781,card,801.84,2025-05-09 04:17:31
782,782,cash,184.01,2025-01-08 17:32:11
783,783,gift_card,627.31,2025-01-17 14:55:57
784,784,cash,626.49,2025-02-26 14:11:48
785,785,card,1111.25,2025-03-29 05:58:21
786,786,card,216.99,2025-09-02 07:31:09
787,787,card,538.57,2025-01-09 10:04:17
788,788,wallet,1199.13,2025-04-17 04:10:45
789,789,\N,253.18,2025-11-16 08:36:59
790,790,card,670.24,2025-02-12 18:24:30
791,791,wallet,336.69,2025-02-21 01:23:14
792,792,card,341.00,2025-01-17 08:40:28
793,793,gift_card,1240.72,2025-03-22 11:24:09
794,794,gift_card,1539.45,2025-09-14 15:41:35
795,795,wallet,583.77,2025-06-22 05:28:11
796,796,card,551.88,2025-01-27 14:18:48
797,797,card,238.36,2025-04-04 07:54:21
798,798,gift_card,798.24,2025-02-25 18:15:15
799,799,\N,422.66,2025-12-23 16:21:59
800,800,cash,124.86,2025-01-12 14:47:08
801,801,\N,424.11,2025-10-21 01:48:01
802,802,\N,589.79,2025-01-15 12:43:25
803,803,card,216.12,2025-10-27 22:21:06
804,804,wallet,92.17,2025-01-14 02:28:54
805,805,card,310.56,2025-11-07 09:34:02
806,806,gift_card,592.30,2025-01-30 19:56:56
807,807,\N,299.50,2025-10-24 01:21:51
808,808,card,149.03,2025-08-09 12:52:50
809,809,card,407.44,2025-09-04 01:12:13
810,810,card,832.08,2025-06-10 19:49:00
811,811,cash,418.92,2025-08-21 21:37:57
812,812,card,628.49,2025-04-23 05:26:40
813,813,cash,64.22,2025-11-02 13:58:29
814,814,cash,209.44,2025-07-20 17:26:39
815,815,card,585.00,2025-12-19 10:10:34
816,816,card,1200.57,2025-02-11 10:43:35
817,817,\N,612.02,2025-10-10 07:51:52
818,818,wallet,982.48,2025-03-11 23:40:06
819,819,\N,837.42,2025-08-03 22:20:15
820,820,card,463.54,2025-01-03 07:00:09
821,821,\N,607.47,2025-06-05 14:16:25
822,822,wallet,215.95,2025-10-06 14:17:41
823,823,card,858.37,2025-05-08 21:49:29
824,824,card,1271.48,2025-02-01 19:35:10
825,825,\N,206.34,2025-09-16 09:34:36
826,826,card,464.38,2025-10-09 10:55:41
827,827,wallet,303.50,2025-09-05 19:44:24
828,828,gift_card,837.17,2025-07-16 20:07:11
829,829,wallet,16.34,2025-12-21 00:31:57
830,830,gift_card,341.87,2025-10-23 19:30:21
831,831,\N,305.11,2025-03-27 17:57:43
832,832,cash,224.06,2025-07-26 02:14:06
833,833,cash,865.94,2025-02-26 15:02:39
834,834,gift_card,1190.01,2025-12-23 03:05:56
835,835,cash,210.89,2025-12-25 06:14:13
836,836,card,356.88,2025-03-04 06:47:20
837,837,cash,70.26,2025-09-02 00:00:52
838,838,card,874.88,2025-03-31 03:51:12
839,839,gift_card,138.73,2025-10-23 22:44:25
840,840,card,807.24,2025-05-22 03:26:00
841,841,card,1148.35,2025-10-17 16:09:01
842,842,wallet,215.80,2025-12-05 09:03:24
843,843,cash,226.33,2025-05-26 04:50:14
844,844,wallet,108.51,2025-10-11 01:42:37
845,845,card,935.70,2025-11-14 17:38:50
846,846,card,736.45,2025-07-13 00:16:13
847,847,card,522.83,2025-12-19 20:25:34
848,848,\N,142.87,2025-08-07 20:41:18
849,849,card,1848.42,2025-06-09 21:16:33
850,850,gift_card,312.32,2025-03-20 05:52:51
851,851,cash,1620.72,2025-06-01 15:39:23
852,852,wallet,450.40,2025-12-01 08:00:13
853,853,card,608.98,2025-08-26 14:32:19
854,854,wallet,500.85,2025-04-21 15:15:52
855,855,wallet,812.58,2025-10-15 16:59:48
856,856,card,210.50,2025-06-22 00:17:27
857,857,card,538.72,2025-04-02 19:14:28
858,858,card,550.66,2025-03-17 22:58:14
859,859,card,234.17,2025-03-15 04:25:41
860,860,card,514.80,2025-04-05 09:18:47
861,861,wallet,427.50,2025-04-14 02:26:59
862,862,card,650.82,2025-05-07 04:54:45
863,863,wallet,245.11,2025-01-20 20:41:04
864,864,card,363.57,2025-12-25 10:46:57
865,865,card,342.97,2025-03-11 03:16:03
866,866,card,346.70,2025-06-27 20:18:42
867,867,card,226.68,2025-03-12 20:00:35
868,868,\N,442.86,2025-12-24 04:10:21
869,869,\N,1217.66,2025-09-27 03:52:39
870,870,cash,81.71,2025-09-27 20:02:03
871,871,cash,185.88,2025-06-11 18:54:10
872,872,cash,128.41,2025-04-10 21:25:54
873,873,card,964.74,2025-09-25 23:41:15
874,874,card,777.39,2025-08-05 05:15:06
875,875,gift_card,298.36,2025-01-23 15:04:16
876,876,gift_card,391.06,2025-01-14 14:16:34
877,877,gift_card,1103.61,2025-09-19 23:57:11
878,878,cash,164.68,2025-09-17 19:16:25
879,879,\N,895.06,2025-11-05 02:30:47
880,880,card,587.33,2025-09-13 06:53:21
881,881,gift_card,526.32,2025-01-11 10:20:47
882,882,card,124.24,2025-11-07 23:39:10
883,883,card,638.90,2025-02-15 17:57:50
884,884,card,533.91,2025-04-26 04:21:34
885,885,cash,285.50,2025-04-19 18:16:11
886,886,\N,967.47,2025-01-31 12:48:02
887,887,gift_card,732.26,2025-04-24 20:54:00
888,888,\N,1320.49,2025-12-12 21:01:29
889,889,gift_card,400.02,2025-11-08 23:35:40
890,890,card,697.82,2025-11-10 23:08:44
891,891,cash,16.93,2025-12-18 22:32:23
892,892,cash,544.84,2025-03-06 04:37:00
893,893,card,285.74,2025-12-20 23:09:54
894,894,\N,131.79,2025-06-24 09:13:12
895,895,card,532.66,2025-03-22 19:22:43
896,896,gift_card,1441.95,2025-01-03 10:55:50
897,897,card,234.30,2025-09-10 13:58:32
898,898,card,631.70,2025-10-17 12:34:43
899,899,cash,716.58,2025-08-23 10:56:01
900,900,card,145.09,2025-06-01 20:53:36
901,901,wallet,384.04,2025-05-09 06:54:03
902,902,card,778.71,2025-06-10 06:15:41
903,903,card,434.98,2025-04-07 05:19:27
904,904,cash,517.86,2025-01-09 05:45:23
905,905,card,1037.51,2025-05-18 06:49:22
906,906,card,342.60,2025-08-06 04:21:46
907,907,card,48.00,2025-06-26 00:14:12
908,908,\N,173.00,2025-11-20 04:59:09
909,909,card,1208.20,2025-01-11 00:41:01
910,910,cash,153.31,2025-05-18 08:29:20
911,911,gift_card,665.40,2025-06-07 22:39:30
912,912,card,92.83,2025-08-01 09:15:55
913,913,gift_card,968.57,2025-02-05 20:05:24
914,914,cash,112.68,2025-06-02 11:32:42
915,915,wallet,96.41,2025-04-27 15:58:50
916,916,card,200.96,2025-10-08 11:37:37
917,917,gift_card,139.96,2025-04-10 11:57:30
918,918,card,467.29,2025-06-03 03:50:53
919,919,cash,134.23,2025-12-04 18:06:28
920,920,cash,353.49,2025-01-24 01:00:30
921,921,\N,198.78,2025-09-12 18:02:51
922,922,gift_card,1009.17,2025-09-27 08:08:27
923,923,\N,1416.57,2025-05-03 21:33:06
924,924,card,1867.80,2025-12-08 00:17:26
925,925,\N,406.47,2025-05-10 07:47:19
926,926,card,68.50,2025-10-01 01:50:41
927,927,card,686.40,2025-02-04 17:22:41
928,928,wallet,400.17,2025-06-25 13:44:47
929,929,\N,1165.14,2025-03-01 02:30:33
930,930,wallet,620.96,2025-01-28 02:00:42
931,931,card,598.90,2025-05-11 06:44:19
932,932,wallet,310.05,2025-06-11 03:32:15
933,933,\N,298.68,2025-11-16 18:32:29
934,934,gift_card,152.93,2025-02-05 03:33:49
935,935,card,743.49,2025-03-09 11:51:58
936,936,card,781.86,2025-01-19 18:15:54
937,937,gift_card,1264.13,2025-10-10 15:45:16
938,938,gift_card,235.09,2025-06-28 02:14:51
939,939,card,185.03,2025-08-11 01:33:28
940,940,\N,244.88,2025-03-25 12:07:03
941,941,card,293.73,2025-06-23 15:07:34
942,942,cash,438.97,2025-04-16 09:47:05
943,943,card,194.44,2025-11-12 09:21:45
944,944,card,45.69,2025-07-13 14:20:07
945,945,gift_card,395.31,2025-02-18 13:48:10
946,946,card,439.41,2025-05-11 03:06:57
947,947,card,789.05,2025-10-08 22:06:17
948,948,card,371.84,2025-01-03 16:53:54
949,949,wallet,294.13,2025-12-12 23:46:32
950,950,wallet,315.33,2025-04-30 07:27:06
951,951,gift_card,609.48,2025-03-19 00:01:06
952,952,cash,1125.10,2025-03-06 01:43:58
953,953,cash,325.14,2025-03-28 16:30:45
954,954,wallet,211.55,2025-05-11 02:19:06
955,955,wallet,320.53,2025-12-19 11:16:34
956,956,card,187.31,2025-05-21 16:52:24
957,957,card,148.35,2025-05-28 16:12:08
958,958,gift_card,229.23,2025-01-03 00:11:38
959,959,gift_card,1274.72,2025-12-25 20:53:07
960,960,gift_card,684.90,2025-10-19 18:46:40
961,961,card,190.44,2025-05-14 21:57:38
962,962,gift_card,674.69,2025-05-18 19:29:16
963,963,\N,175.78,2025-10-28 19:18:42
964,964,cash,866.59,2025-06-01 00:59:09
965,965,\N,433.39,2025-04-11 19:16:48
966,966,gift_card,413.37,2025-09-05 23:20:19
967,967,card,528.02,2025-01-05 12:19:46
968,968,gift_card,297.42,2025-05-30 10:42:15
969,969,\N,297.72,2025-08-12 13:18:28
970,970,wallet,829.04,2025-08-21 00:52:49
971,971,card,1309.30,2025-02-22 08:14:21
972,972,\N,509.36,2025-12-23 01:42:42
973,973,gift_card,252.63,2025-12-26 17:06:05
974,974,gift_card,352.76,2025-06-16 16:56:01
975,975,\N,1229.78,2025-11-25 16:29:53
976,976,\N,493.87,2025-11-23 04:40:40
977,977,card,226.27,2025-05-13 05:47:22
978,978,\N,309.45,2025-12-19 12:48:13
979,979,wallet,54.91,2025-06-01 18:25:03
980,980,gift_card,634.50,2025-05-31 17:50:34
981,981,gift_card,55.97,2025-09-10 15:39:27
982,982,\N,259.60,2025-03-22 03:02:06
983,983,card,1409.55,2025-05-01 00:06:17
984,984,wallet,734.33,2025-01-07 11:46:58
985,985,gift_card,1578.65,2025-02-28 16:44:15
986,986,card,131.39,2025-06-08 15:28:46
987,987,card,410.23,2025-10-25 23:25:16
988,988,wallet,768.21,2025-10-22 02:06:03
989,989,cash,275.55,2025-07-18 09:49:20
990,990,card,384.33,2025-06-23 12:50:31
991,991,card,1320.42,2025-06-03 20:18:19
992,992,\N,92.54,2025-02-25 07:18:24
993,993,gift_card,311.15,2025-11-14 23:30:25
994,994,card,833.53,2025-11-13 00:42:51
995,995,card,48.31,2025-12-24 05:58:27
996,996,card,456.25,2025-04-23 14:00:00
997,997,\N,34.59,2025-01-05 20:49:39
998,998,wallet,815.71,2025-02-19 08:29:35
999,999,card,191.49,2025-09-15 04:55:12
1000,1000,card,975.42,2025-11-12 03:17:22
1001,1001,card,234.93,2025-10-10 05:15:32
1002,1002,\N,500.60,2025-12-24 20:25:02
1003,1003,card,327.24,2025-08-20 08:23:13
1004,1004,card,46.52,2025-01-06 01:41:19
1005,1005,\N,504.15,2025-06-10 07:01:31
1006,1006,card,939.16,2025-08-10 15:54:11
1007,1007,card,494.05,2025-08-29 23:07:43
1008,1008,wallet,66.72,2025-08-31 21:25:17
1009,1009,card,1752.49,2025-06-13 03:40:30
1010,1010,gift_card,678.15,2025-06-02 22:30:31
1011,1011,card,125.26,2025-10-06 10:41:09
1012,1012,cash,1095.97,2025-09-21 19:13:44
1013,1013,card,207.14,2025-05-28 12:14:29
1014,1014,card,534.42,2025-11-11 21:44:01
1015,1015,card,768.91,2025-06-17 17:41:30
1016,1016,\N,314.84,2025-02-26 23:15:07
1017,1017,card,532.61,2025-07-04 18:56:32
1018,1018,card,110.87,2025-09-17 17:03:45
1019,1019,card,501.18,2025-01-24 12:28:07
1020,1020,cash,356.80,2025-09-08 08:10:49
1021,1021,gift_card,559.68,2025-11-14 23:07:22
1022,1022,card,124.06,2025-04-09 19:13:46
1023,1023,wallet,1186.39,2025-12-03 16:31:35
1024,1024,card,1271.20,2025-01-10 07:28:35
1025,1025,cash,202.06,2025-11-16 10:28:02
1026,1026,wallet,708.34,2025-02-15 14:22:58
1027,1027,\N,227.78,2025-07-25 05:20:13
1028,1028,card,1393.92,2025-04-02 23:08:26
1029,1029,card,1056.88,2025-01-16 23:13:18
1030,1030,\N,267.46,2025-08-11 04:48:19
1031,1031,card,1170.71,2025-09-29 00:35:46
1032,1032,\N,324.63,2025-12-08 13:18:09
1033,1033,card,640.58,2025-12-06 12:42:58
1034,1034,cash,315.49,2025-02-15 15:11:01
1035,1035,cash,667.12,2025-04-13 08:47:00
1036,1036,gift_card,1932.72,2025-04-18 07:55:58
1037,1037,card,245.46,2025-01-21 23:46:22
1038,1038,gift_card,436.88,2025-05-05 17:08:45
1039,1039,card,293.54,2025-09-17 12:56:06
1040,1040,cash,346.73,2025-06-07 15:50:11
1041,1041,card,311.83,2025-09-05 02:53:24
1042,1042,card,200.96,2025-02-08 14:45:46
1043,1043,card,118.37,2025-10-16 12:50:13
1044,1044,card,510.65,2025-06-07 21:07:44
1045,1045,wallet,176.82,2025-07-24 11:55:53
1046,1046,\N,300.39,2025-05-01 18:34:10
1047,1047,wallet,69.20,2025-06-01 15:36:15
1048,1048,wallet,788.56,2025-07-10 13:39:45
1049,1049,gift_card,191.40,2025-12-27 12:18:43
1050,1050,gift_card,452.46,2025-01-22 00:37:28
1051,1051,card,25.23,2025-01-15 03:39:04
1052,1052,card,179.12,2025-06-27 01:58:04
1053,1053,gift_card,1005.64,2025-04-02 10:54:21
1054,1054,gift_card,305.30,2025-10-30 16:44:42
1055,1055,card,567.06,2025-02-01 16:20:09
1056,1056,cash,459.03,2025-03-25 17:20:48
1057,1057,\N,190.26,2025-06-23 14:41:51
1058,1058,cash,294.36,2025-06-10 17:32:42
1059,1059,card,288.72,2025-01-09 14:46:43
1060,1060,cash,406.12,2025-10-09 04:25:08
1061,1061,card,1041.66,2025-09-29 01:09:37
1062,1062,card,947.27,2025-05-09 12:19:05
1063,1063,card,277.63,2025-07-15 22:20:29
1064,1064,cash,163.50,2025-10-03 05:23:01
1065,1065,gift_card,456.96,2025-02-07 06:44:45
1066,1066,card,215.43,2025-06-26 08:29:39
1067,1067,cash,553.36,2025-01-12 20:44:42
1068,1068,card,1197.54,2025-05-30 19:44:02
1069,1069,wallet,272.16,2025-12-29 01:53:15
1070,1070,cash,498.03,2025-11-22 14:56:07
1071,1071,card,59.07,2025-11-27 14:06:24
1072,1072,\N,1139.09,2025-07-10 15:29:11
1073,1073,card,407.36,2025-12-29 15:23:20
1074,1074,card,419.82,2025-06-24 11:51:34
1075,1075,wallet,513.07,2025-02-26 03:50:33
1076,1076,card,521.43,2025-09-21 09:56:26
1077,1077,cash,1317.55,2025-09-20 09:08:33
1078,1078,card,481.39,2025-09-24 07:30:54
1079,1079,cash,913.26,2025-07-12 05:24:10
1080,1080,card,869.36,2025-06-05 06:27:25
1081,1081,cash,1159.64,2025-07-16 02:40:17
1082,1082,gift_card,827.94,2025-03-14 18:43:29
1083,1083,card,366.98,2025-09-24 02:24:40
1084,1084,card,314.58,2025-04-11 21:32:31
1085,1085,\N,102.29,2025-07-25 09:22:05
1086,1086,card,282.54,2025-08-03 09:09:58
1087,1087,card,341.01,2025-03-04 04:08:35
1088,1088,card,280.56,2025-06-10 02:11:14
1089,1089,\N,16.73,2025-07-19 10:15:17
1090,1090,card,1620.91,2025-12-21 15:39:23
1091,1091,card,274.65,2025-02-27 08:05:45
1092,1092,cash,680.67,2025-06-14 16:06:41
1093,1093,card,777.77,2025-09-10 13:16:48
1094,1094,card,1168.16,2025-12-10 20:52:43
1095,1095,cash,667.91,2025-09-18 11:34:36
1096,1096,card,152.04,2025-01-31 17:43:57
1097,1097,wallet,282.09,2025-11-13 13:50:36
1098,1098,card,352.79,2025-06-11 14:57:10
1099,1099,gift_card,278.47,2025-01-27 04:15:34
1100,1100,card,101.50,2025-08-20 17:59:03
1101,1101,wallet,732.21,2025-07-10 19:31:15
1102,1102,\N,246.64,2025-07-20 09:24:39
1103,1103,card,990.92,2025-12-17 18:08:31
1104,1104,card,200.07,2025-06-06 10:31:06
1105,1105,card,339.57,2025-04-02 05:28:23
1106,1106,wallet,287.51,2025-06-14 22:18:09
1107,1107,card,343.65,2025-09-08 05:03:58
1108,1108,wallet,7.84,2025-01-05 16:12:34
1109,1109,\N,21.56,2025-05-19 19:30:24
1110,1110,card,420.40,2025-10-13 16:06:20
1111,1111,gift_card,70.62,2025-09-08 14:19:14
1112,1112,card,479.42,2025-05-16 02:05:58
1113,1113,card,166.87,2025-03-16 06:40:19
1114,1114,cash,193.05,2025-11-26 02:54:47
1115,1115,cash,567.21,2025-10-07 06:10:29
1116,1116,cash,1300.60,2025-10-15 12:31:25
1117,1117,card,117.18,2025-09-27 13:21:23
1118,1118,\N,610.53,2025-04-27 18:27:20
1119,1119,wallet,507.24,2025-03-29 01:37:56
1120,1120,gift_card,663.08,2025-08-22 07:44:32
1121,1121,card,1170.94,2025-04-20 17:48:58
1122,1122,\N,328.64,2025-01-09 09:29:01
1123,1123,\N,62.76,2025-01-12 00:09:45
1124,1124,\N,257.87,2025-01-11 19:29:58
1125,1125,wallet,541.39,2025-04-14 02:51:17
1126,1126,gift_card,726.57,2025-05-03 05:01:52
1127,1127,card,366.67,2025-03-13 01:57:35
1128,1128,gift_card,522.68,2025-12-07 04:39:04
1129,1129,cash,979.58,2025-05-21 02:07:53
1130,1130,card,582.07,2025-02-18 21:38:42
1131,1131,\N,24.99,2025-07-01 16:11:16
1132,1132,card,815.45,2025-08-11 18:16:03
1133,1133,card,281.23,2025-05-25 09:31:08
1134,1134,card,96.04,2025-12-26 20:06:46
1135,1135,cash,198.07,2025-12-28 20:52:26
1136,1136,card,169.34,2025-05-11 15:11:08
1137,1137,card,1430.58,2025-10-28 23:50:36
1138,1138,card,368.88,2025-03-17 03:47:45
1139,1139,wallet,228.88,2025-07-10 05:13:39
1140,1140,card,135.93,2025-05-21 07:08:19
1141,1141,card,195.81,2025-03-23 09:44:36
1142,1142,\N,1006.85,2025-07-20 21:29:59
1143,1143,\N,102.81,2025-04-06 06:47:44
1144,1144,\N,521.68,2025-06-23 00:13:20
1145,1145,wallet,937.02,2025-01-05 14:31:54
1146,1146,card,431.24,2025-09-10 07:08:09
1147,1147,card,831.09,2025-06-16 17:13:11
1148,1148,cash,1093.38,2025-04-12 06:46:31
1149,1149,gift_card,1156.82,2025-09-19 00:07:23
1150,1150,card,438.10,2025-09-11 16:23:29
1151,1151,card,107.56,2025-12-30 17:24:56
1152,1152,card,660.44,2025-03-11 07:53:39
1153,1153,gift_card,1569.87,2025-06-01 06:13:53
1154,1154,card,397.87,2025-11-12 01:19:35
1155,1155,card,690.96,2025-02-18 13:34:35
1156,1156,wallet,1335.79,2025-10-12 19:19:16
1157,1157,gift_card,637.99,2025-04-17 10:37:59
1158,1158,\N,88.54,2025-02-01 22:18:56
1159,1159,\N,345.59,2025-05-02 23:21:43
1160,1160,wallet,145.04,2025-02-12 21:49:22
1161,1161,card,747.41,2025-07-10 22:30:46
1162,1162,gift_card,291.30,2025-05-22 06:46:32
1163,1163,card,1343.06,2025-09-26 21:20:30
1164,1164,card,334.48,2025-09-28 10:31:53
1165,1165,card,243.69,2025-07-13 11:28:09
1166,1166,gift_card,982.41,2025-03-24 00:21:22
1167,1167,wallet,997.04,2025-09-11 17:53:33
1168,1168,card,136.00,2025-07-08 10:52:26
1169,1169,\N,764.47,2025-09-21 23:47:58
1170,1170,card,201.67,2025-01-14 21:00:39
1171,1171,wallet,177.29,2025-04-04 11:17:24
1172,1172,gift_card,218.43,2025-02-24 20:21:04
1173,1173,wallet,179.79,2025-08-25 04:52:57
1174,1174,cash,423.90,2025-12-31 13:42:35
1175,1175,card,1155.12,2025-05-05 11:56:21
1176,1176,card,127.94,2025-09-05 06:06:38
1177,1177,card,269.41,2025-12-13 07:38:27
1178,1178,\N,933.87,2025-08-09 08:12:18
1179,1179,card,194.72,2025-08-21 07:04:12
1180,1180,card,76.65,2025-04-09 05:34:11
1181,1181,\N,581.84,2025-06-29 09:11:59
1182,1182,card,1298.49,2025-08-03 04:51:17
1183,1183,card,69.52,2025-04-26 06:07:00
1184,1184,gift_card,82.63,2025-05-20 10:21:35
1185,1185,card,370.50,2025-09-05 14:01:21
1186,1186,cash,341.29,2025-07-06 10:25:29
1187,1187,card,196.45,2025-08-06 08:13:17
1188,1188,cash,327.08,2025-03-06 13:04:18
1189,1189,card,139.17,2025-09-14 00:47:36
1190,1190,card,924.77,2025-09-22 02:18:38
1191,1191,gift_card,805.97,2025-08-08 16:05:06
1192,1192,cash,16.34,2025-01-22 07:42:35
1193,1193,wallet,223.70,2025-01-19 18:00:51
1194,1194,card,803.41,2025-12-14 06:29:41
1195,1195,wallet,410.51,2025-08-14 00:08:14
1196,1196,gift_card,636.93,2025-10-29 08:17:16
1197,1197,\N,337.03,2025-04-24 01:10:38
1198,1198,\N,1437.13,2025-09-04 20:28:28
1199,1199,gift_card,310.45,2025-05-25 18:28:02
1200,1200,card,34.64,2025-03-14 09:20:44
1201,1201,gift_card,371.63,2025-09-16 16:18:53
1202,1202,card,277.79,2025-02-27 08:04:58
1203,1203,\N,302.73,2025-10-19 00:27:54
1204,1204,card,379.84,2025-05-10 09:27:58
1205,1205,wallet,399.89,2025-01-16 20:18:42
1206,1206,wallet,267.60,2025-05-06 05:03:15
1207,1207,card,552.58,2025-01-10 05:06:01
1208,1208,cash,1146.16,2025-09-07 01:41:53
1209,1209,\N,106.46,2025-04-28 15:15:21
1210,1210,card,229.81,2025-12-31 17:41:32
1211,1211,card,856.41,2025-06-23 22:12:14
1212,1212,card,506.19,2025-09-29 08:57:55
1213,1213,card,797.16,2025-10-22 13:22:10
1214,1214,card,1156.69,2025-07-13 18:12:38
1215,1215,card,1666.06,2025-11-06 04:45:27
1216,1216,card,196.21,2025-01-22 23:32:46
1217,1217,gift_card,686.47,2025-03-24 06:52:13
1218,1218,card,316.20,2025-12-05 09:01:28
1219,1219,card,1136.65,2025-09-07 04:16:58
1220,1220,cash,316.69,2025-04-22 23:50:09
1221,1221,card,62.49,2025-11-12 08:29:19
1222,1222,card,618.01,2025-11-06 12:03:44
1223,1223,gift_card,1006.74,2025-02-24 12:04:17
1224,1224,wallet,70.55,2025-08-21 03:31:58
1225,1225,card,142.52,2025-02-01 15:10:18
1226,1226,cash,628.34,2025-02-13 20:12:33
1227,1227,wallet,743.32,2025-08-23 18:36:59
1228,1228,card,1244.72,2025-09-28 22:06:34
1229,1229,card,35.88,2025-11-14 10:46:43
1230,1230,card,329.64,2025-10-26 02:01:22
1231,1231,cash,198.95,2025-11-06 14:33:42
1232,1232,wallet,245.16,2025-12-22 07:18:55
1233,1233,cash,577.92,2025-11-08 03:09:22
1234,1234,wallet,291.88,2025-08-06 13:34:51
1235,1235,card,590.36,2025-11-09 20:03:44
1236,1236,wallet,397.81,2025-04-12 20:52:38
1237,1237,cash,130.84,2025-03-04 12:52:40
1238,1238,wallet,665.65,2025-08-21 14:07:28
1239,1239,gift_card,936.15,2025-01-19 18:40:22
1240,1240,card,538.30,2025-12-31 22:06:17
1241,1241,gift_card,1331.58,2025-10-27 15:47:06
1242,1242,gift_card,617.23,2025-05-03 07:23:23
1243,1243,card,670.68,2025-06-19 17:54:36
1244,1244,card,133.33,2025-09-16 22:52:35
1245,1245,card,527.72,2025-02-02 02:14:23
1246,1246,\N,64.97,2025-04-28 17:38:48
1247,1247,cash,892.43,2025-08-17 08:04:03
1248,1248,gift_card,389.97,2025-09-16 16:42:43
1249,1249,card,459.16,2025-07-09 10:40:08
1250,1250,wallet,468.90,2025-10-16 10:38:40
1251,1251,card,306.63,2025-12-09 19:07:18
1252,1252,card,504.35,2025-02-27 17:44:56
1253,1253,gift_card,151.84,2025-09-01 16:59:21
1254,1254,cash,8.45,2025-10-12 04:56:04
1255,1255,card,516.07,2025-02-05 03:29:17
1256,1256,card,240.72,2025-07-10 11:04:35
1257,1257,cash,1296.18,2025-03-20 23:12:43
1258,1258,gift_card,919.89,2025-01-02 07:00:46
1259,1259,wallet,473.77,2025-02-06 11:16:33
1260,1260,gift_card,413.71,2025-03-03 12:46:21
1261,1261,card,455.70,2025-09-03 20:19:43
1262,1262,card,223.82,2025-01-19 10:12:16
1263,1263,gift_card,87.90,2025-02-28 23:22:52
1264,1264,cash,479.26,2025-05-08 09:36:19
1265,1265,cash,869.06,2025-11-23 02:43:43
1266,1266,gift_card,452.07,2025-11-24 21:18:45
1267,1267,cash,494.20,2025-05-30 00:36:39
1268,1268,card,304.65,2025-08-02 20:13:58
1269,1269,card,130.65,2025-07-15 11:42:32
1270,1270,wallet,869.16,2025-09-14 01:36:41
1271,1271,card,2009.40,2025-06-15 08:43:39
1272,1272,card,313.70,2025-09-24 14:18:16
1273,1273,cash,769.49,2025-12-22 21:54:24
1274,1274,wallet,85.66,2025-04-18 07:19:01
1275,1275,\N,186.72,2025-12-29 03:51:58
1276,1276,wallet,292.53,2025-04-20 19:05:06
1277,1277,gift_card,1347.97,2025-09-03 18:01:03
1278,1278,card,545.56,2025-06-08 06:02:05
1279,1279,card,279.70,2025-05-16 06:02:02
1280,1280,\N,915.33,2025-11-24 02:09:21
1281,1281,card,120.74,2025-05-05 03:40:32
1282,1282,gift_card,539.95,2025-12-05 14:55:26
1283,1283,gift_card,946.68,2025-03-30 21:44:40
1284,1284,gift_card,604.05,2025-11-15 01:04:25
1285,1285,card,242.99,2025-03-28 18:07:26
1286,1286,cash,648.01,2025-11-28 17:39:04
1287,1287,\N,900.99,2025-06-06 07:18:19
1288,1288,wallet,1357.07,2025-12-20 03:09:08
1289,1289,gift_card,1009.17,2025-11-06 08:24:20
1290,1290,card,148.05,2025-12-03 22:43:19
1291,1291,cash,45.10,2025-01-20 21:21:04
1292,1292,cash,256.78,2025-09-17 08:09:06
1293,1293,card,464.65,2025-02-27 09:36:53
1294,1294,gift_card,334.52,2025-03-08 01:29:02
1295,1295,wallet,193.92,2025-11-27 20:42:51
1296,1296,card,161.31,2025-07-20 05:40:46
1297,1297,\N,286.28,2025-03-30 20:17:34
1298,1298,card,427.92,2025-05-17 17:14:03
1299,1299,\N,1413.40,2025-03-19 09:12:35
1300,1300,card,514.88,2025-10-16 09:38:06
1301,1301,card,311.18,2025-11-23 11:02:25
1302,1302,card,183.46,2025-05-19 14:31:46
1303,1303,card,180.36,2025-01-19 11:43:43
1304,1304,card,813.80,2025-04-19 04:38:37
1305,1305,card,662.80,2025-08-20 13:09:48
1306,1306,card,92.10,2025-12-31 01:44:15
1307,1307,gift_card,480.32,2025-04-10 21:24:49
1308,1308,\N,453.54,2025-06-03 21:04:50
1309,1309,card,632.96,2025-07-20 17:21:01
1310,1310,card,565.59,2025-01-08 02:21:18
1311,1311,cash,613.94,2025-06-15 23:44:30
1312,1312,card,941.43,2025-08-25 20:15:47
1313,1313,card,204.64,2025-07-22 17:33:03
1314,1314,wallet,62.88,2025-04-16 18:24:32
1315,1315,\N,722.73,2025-08-25 18:25:25
1316,1316,cash,599.56,2025-09-06 05:37:50
1317,1317,wallet,211.60,2025-07-16 15:19:48
1318,1318,wallet,1113.36,2025-12-23 05:48:49
1319,1319,cash,557.97,2025-04-24 12:29:00
1320,1320,card,449.61,2025-11-16 01:48:05
1321,1321,cash,377.27,2025-03-03 17:52:11
1322,1322,wallet,335.67,2025-07-06 14:24:50
1323,1323,card,754.66,2025-09-30 18:08:39
1324,1324,cash,277.29,2025-12-26 03:09:24
1325,1325,card,638.36,2025-06-30 13:08:58
1326,1326,cash,294.89,2025-03-03 02:25:40
1327,1327,card,190.49,2025-05-02 04:35:04
1328,1328,card,1098.17,2025-05-11 07:28:45
1329,1329,cash,363.92,2025-09-30 11:52:17
1330,1330,card,303.81,2025-05-06 23:10:55
1331,1331,\N,608.16,2025-09-30 08:49:32
1332,1332,cash,137.44,2025-05-30 11:04:26
1333,1333,wallet,1002.59,2025-08-30 22:30:50
1334,1334,card,153.74,2025-12-06 13:01:24
1335,1335,card,362.58,2025-03-19 23:22:58
1336,1336,cash,350.36,2025-07-11 07:16:15
1337,1337,card,93.68,2025-11-12 12:39:24
1338,1338,wallet,984.81,2025-07-27 21:38:11
1339,1339,card,884.20,2025-11-10 05:12:30
1340,1340,card,344.28,2025-02-11 01:00:05
1341,1341,card,310.80,2025-11-19 04:02:41
1342,1342,\N,1454.46,2025-11-16 21:18:49
1343,1343,cash,198.95,2025-04-21 20:18:34
1344,1344,card,756.66,2025-10-26 14:43:31
1345,1345,card,606.86,2025-06-10 12:16:51
1346,1346,wallet,254.68,2025-03-27 03:39:14
1347,1347,card,437.19,2025-03-11 01:09:44
1348,1348,\N,544.06,2025-12-18 19:16:03
1349,1349,\N,785.84,2025-01-07 22:07:21
1350,1350,gift_card,455.44,2025-12-08 20:54:22
1351,1351,cash,939.15,2025-10-17 05:47:36
1352,1352,wallet,158.27,2025-11-02 04:52:06
1353,1353,wallet,209.78,2025-06-27 02:39:58
1354,1354,wallet,270.49,2025-02-08 18:30:24
1355,1355,cash,92.42,2025-10-22 10:30:36
1356,1356,gift_card,346.42,2025-04-04 18:16:02
1357,1357,\N,634.33,2025-08-18 22:24:50
1358,1358,cash,993.55,2025-10-01 12:20:29
1359,1359,card,764.76,2025-08-30 16:55:23
1360,1360,wallet,341.93,2025-06-03 11:37:52
1361,1361,gift_card,314.27,2025-09-29 14:20:24
1362,1362,card,292.72,2025-12-07 10:15:29
1363,1363,cash,7.58,2025-09-11 10:46:56
1364,1364,\N,1014.11,2025-06-22 12:58:57
1365,1365,card,1818.14,2025-09-14 11:15:09
1366,1366,wallet,1161.52,2025-05-16 06:14:48
1367,1367,card,387.81,2025-04-26 13:37:32
1368,1368,wallet,16.53,2025-03-10 08:58:55
1369,1369,cash,93.92,2025-09-11 04:38:25
1370,1370,cash,687.62,2025-02-05 03:03:39
1371,1371,gift_card,362.09,2025-09-28 16:26:35
1372,1372,card,327.57,2025-03-13 03:18:09
1373,1373,cash,67.44,2025-01-08 16:14:26
1374,1374,\N,239.77,2025-10-16 02:58:21
1375,1375,gift_card,374.58,2025-03-02 19:37:17
1376,1376,\N,1189.39,2025-08-01 10:08:53
1377,1377,card,301.46,2025-06-10 04:16:30
1378,1378,wallet,221.74,2025-05-18 06:29:21
1379,1379,card,312.16,2025-12-18 06:45:47
1380,1380,wallet,274.88,2025-04-27 15:57:07
1381,1381,card,271.30,2025-11-05 01:37:16
1382,1382,wallet,435.49,2025-04-09 02:03:23
1383,1383,cash,300.69,2025-10-07 21:55:32
1384,1384,wallet,1212.57,2025-10-18 08:02:45
1385,1385,gift_card,115.35,2025-04-05 10:51:59
1386,1386,cash,582.84,2025-05-29 22:45:06
1387,1387,card,101.75,2025-12-23 13:45:44
1388,1388,card,205.48,2025-06-08 18:45:26
1389,1389,cash,979.61,2025-04-02 23:10:39
1390,1390,cash,486.81,2025-10-24 16:44:49
1391,1391,card,1048.94,2025-08-10 02:15:19
1392,1392,cash,282.60,2025-05-15 05:58:16
1393,1393,wallet,365.53,2025-11-08 07:39:25
1394,1394,card,84.14,2025-05-22 14:39:15
1395,1395,card,648.72,2025-10-15 16:50:58
1396,1396,card,861.73,2025-08-03 16:27:56
1397,1397,cash,182.15,2025-11-18 22:36:38
1398,1398,card,275.34,2025-07-28 01:45:02
1399,1399,cash,591.57,2025-05-04 16:43:56
1400,1400,\N,317.78,2025-01-19 01:08:07
1401,1401,card,864.79,2025-07-23 03:00:05
1402,1402,card,385.10,2025-02-23 12:35:35
1403,1403,gift_card,321.75,2025-08-31 07:20:37
1404,1404,wallet,75.86,2025-03-24 01:01:26
1405,1405,gift_card,332.02,2025-01-15 22:25:28
1406,1406,gift_card,46.71,2025-06-05 21:43:37
1407,1407,cash,393.87,2025-04-17 03:10:36
1408,1408,\N,845.77,2025-07-27 02:54:17
1409,1409,card,705.89,2025-06-25 17:53:15
1410,1410,cash,89.02,2025-12-14 03:49:41
1411,1411,gift_card,307.69,2025-04-12 11:35:40
1412,1412,cash,316.20,2025-07-16 12:43:20
1413,1413,card,92.51,2025-12-16 03:03:41
1414,1414,gift_card,359.35,2025-03-02 04:25:55
1415,1415,card,574.26,2025-01-29 03:25:43
1416,1416,cash,72.43,2025-07-02 20:30:44
1417,1417,cash,144.63,2025-03-03 12:26:50
1418,1418,gift_card,1596.01,2025-10-24 01:18:10
1419,1419,card,129.60,2025-03-16 07:52:50
1420,1420,\N,466.35,2025-09-12 01:29:50
1421,1421,card,343.40,2025-05-18 07:58:50
1422,1422,card,199.81,2025-10-05 23:43:06
1423,1423,wallet,1236.76,2025-02-10 17:05:04
1424,1424,card,242.69,2025-03-13 10:59:10
1425,1425,card,771.46,2025-03-18 02:40:25
1426,1426,wallet,448.51,2025-03-10 19:16:38
1427,1427,card,1611.39,2025-07-27 00:22:55
1428,1428,\N,360.66,2025-04-15 04:41:57
1429,1429,card,216.26,2025-05-20 14:35:26
1430,1430,card,162.31,2025-01-13 05:00:28
1431,1431,card,239.77,2025-04-20 19:27:55
1432,1432,\N,577.08,2025-05-02 07:36:53
1433,1433,card,754.05,2025-11-11 09:02:33
1434,1434,card,486.46,2025-09-26 09:29:53
1435,1435,card,255.01,2025-03-03 02:18:15
1436,1436,card,112.86,2025-01-22 02:31:19
1437,1437,wallet,597.15,2025-04-22 16:47:47
1438,1438,card,528.38,2025-05-03 16:35:48
1439,1439,gift_card,1105.54,2025-05-02 02:15:26
1440,1440,card,340.26,2025-12-09 22:14:50
1441,1441,\N,1175.76,2025-01-12 12:50:02
1442,1442,\N,1635.76,2025-04-23 22:55:04
1443,1443,card,885.65,2025-04-09 11:07:40
1444,1444,cash,119.06,2025-08-27 05:55:51
1445,1445,gift_card,917.71,2025-04-10 21:31:13
1446,1446,card,344.07,2025-10-21 23:00:08
1447,1447,\N,189.27,2025-09-04 05:44:39
1448,1448,card,197.18,2025-11-21 23:14:05
1449,1449,card,610.72,2025-08-30 08:22:06
1450,1450,wallet,333.77,2025-06-23 14:09:37
1451,1451,\N,800.06,2025-04-22 21:14:31
1452,1452,\N,188.04,2025-02-01 14:37:17
1453,1453,card,75.74,2025-11-27 15:04:31
1454,1454,card,406.49,2025-05-03 13:45:25
1455,1455,gift_card,301.92,2025-05-24 13:59:12
1456,1456,card,103.79,2025-07-12 00:20:53
1457,1457,card,1429.90,2025-10-08 07:13:38
1458,1458,card,690.77,2025-11-29 12:19:59
1459,1459,card,734.78,2025-01-05 15:19:54
1460,1460,card,41.68,2025-04-15 21:01:48
1461,1461,card,119.42,2025-02-07 05:02:21
1462,1462,gift_card,1060.02,2025-01-13 03:09:29
1463,1463,gift_card,888.99,2025-07-11 04:08:52
1464,1464,card,590.71,2025-11-03 07:53:31
1465,1465,card,69.91,2025-09-03 01:52:30
1466,1466,card,558.32,2025-01-18 13:10:40
1467,1467,wallet,421.89,2025-05-30 09:08:18
1468,1468,card,696.95,2025-02-08 08:22:01
1469,1469,gift_card,748.44,2025-12-18 04:31:22
1470,1470,cash,439.86,2025-01-08 10:33:12
1471,1471,card,807.98,2025-06-07 19:16:47
1472,1472,\N,557.97,2025-05-09 03:53:04
1473,1473,card,629.47,2025-11-29 17:56:56
1474,1474,card,395.32,2025-04-20 21:13:45
1475,1475,card,965.99,2025-09-03 17:43:56
1476,1476,cash,971.80,2025-12-15 09:14:25
1477,1477,cash,64.26,2025-02-08 17:20:11
1478,1478,card,274.37,2025-12-14 06:31:34
1479,1479,cash,476.29,2025-06-13 07:50:25
1480,1480,wallet,704.08,2025-04-16 13:17:02
1481,1481,\N,221.47,2025-12-19 01:38:36
1482,1482,cash,804.41,2025-10-03 05:08:57
1483,1483,card,984.16,2025-10-30 02:38:23
1484,1484,wallet,494.94,2025-03-28 23:34:04
1485,1485,card,335.01,2025-07-05 00:59:03
1486,1486,cash,628.38,2025-02-07 22:39:29
1487,1487,card,286.50,2025-01-27 12:22:09
1488,1488,gift_card,376.68,2025-08-07 15:01:40
1489,1489,\N,39.28,2025-04-27 11:51:37
1490,1490,\N,124.86,2025-05-19 22:45:18
1491,1491,\N,227.87,2025-06-03 05:52:19
1492,1492,\N,270.15,2025-07-13 09:19:24
1493,1493,card,304.78,2025-02-08 23:25:41
1494,1494,wallet,716.40,2025-10-29 05:07:20
1495,1495,card,455.37,2025-07-18 12:49:53
1496,1496,cash,88.30,2025-02-05 20:58:12
1497,1497,\N,127.94,2025-02-07 22:51:30
1498,1498,card,655.52,2025-03-23 02:03:29
1499,1499,card,693.64,2025-05-13 14:58:57
1500,1500,\N,398.04,2025-06-07 18:47:48
1501,1501,card,591.54,2025-05-31 05:24:39
1502,1502,\N,386.38,2025-08-07 04:39:14
1503,1503,card,726.16,2025-01-17 08:08:41
1504,1504,card,684.34,2025-12-26 00:35:55
1505,1505,card,839.09,2025-04-09 22:50:59
1506,1506,card,177.83,2025-06-02 00:52:42
1507,1507,card,60.73,2025-12-21 10:24:03
1508,1508,wallet,603.02,2025-07-09 14:07:33
1509,1509,\N,1567.64,2025-05-21 18:17:46
1510,1510,wallet,117.67,2025-10-13 06:13:12
1511,1511,cash,1290.02,2025-11-16 22:30:45
1512,1512,wallet,1166.33,2025-06-07 15:49:37
1513,1513,card,238.35,2025-08-27 15:42:12
1514,1514,\N,139.48,2025-09-06 10:53:24
1515,1515,card,206.27,2025-03-29 10:54:16
1516,1516,card,774.54,2025-12-10 03:44:29
1517,1517,wallet,213.58,2025-12-27 05:57:11
1518,1518,card,129.47,2025-07-14 17:31:24
1519,1519,card,337.65,2025-04-09 05:56:28
1520,1520,wallet,1141.48,2025-01-10 12:55:35
1521,1521,gift_card,687.38,2025-02-26 11:22:08
1522,1522,wallet,173.79,2025-03-19 04:11:12
1523,1523,gift_card,535.46,2025-12-14 01:46:48
1524,1524,wallet,1108.16,2025-05-25 19:42:06
1525,1525,card,878.62,2025-01-04 01:32:32
1526,1526,wallet,165.48,2025-07-20 01:49:16
1527,1527,\N,757.00,2025-07-08 14:24:47
1528,1528,gift_card,341.30,2025-06-28 19:44:02
1529,1529,card,675.30,2025-01-02 06:19:54
1530,1530,card,339.46,2025-05-31 09:34:58
1531,1531,gift_card,1005.49,2025-08-17 08:39:46
1532,1532,card,89.12,2025-01-17 01:43:43
1533,1533,cash,452.04,2025-12-19 18:58:11
1534,1534,gift_card,269.87,2025-05-31 06:31:25
1535,1535,card,1042.61,2025-03-28 11:23:25
1536,1536,\N,28.35,2025-05-10 13:48:31
1537,1537,gift_card,288.82,2025-08-22 21:58:19
1538,1538,\N,1271.44,2025-01-13 10:50:17
1539,1539,card,1032.90,2025-05-10 18:19:27
1540,1540,wallet,315.32,2025-03-05 13:52:35
1541,1541,card,502.40,2025-10-15 06:56:03
1542,1542,\N,172.71,2025-01-02 14:12:29
1543,1543,\N,1309.54,2025-11-01 04:37:37
1544,1544,card,1038.27,2025-03-12 06:17:27
1545,1545,\N,360.44,2025-06-04 02:51:16
1546,1546,\N,114.09,2025-05-19 22:02:13
1547,1547,gift_card,170.61,2025-12-23 09:17:44
1548,1548,gift_card,502.21,2025-05-26 06:04:44
1549,1549,cash,207.28,2025-06-05 02:52:47
1550,1550,cash,1113.61,2025-08-19 09:23:45
1551,1551,wallet,1216.67,2025-09-05 02:49:21
1552,1552,\N,976.74,2025-07-15 06:08:26
1553,1553,\N,120.84,2025-07-20 07:13:27
1554,1554,gift_card,1238.39,2025-05-17 01:23:41
1555,1555,\N,330.71,2025-03-02 14:43:41
1556,1556,gift_card,319.95,2025-07-16 05:40:36
1557,1557,cash,405.72,2025-12-29 05:12:38
1558,1558,wallet,491.49,2025-10-26 16:31:56
1559,1559,wallet,84.93,2025-08-08 17:03:17
1560,1560,wallet,728.42,2025-03-01 16:37:04
1561,1561,card,307.85,2025-05-21 06:40:24
1562,1562,\N,1081.81,2025-08-28 08:46:00
1563,1563,\N,1137.55,2025-05-17 08:28:55
1564,1564,\N,176.68,2025-12-20 17:47:54
1565,1565,\N,222.10,2025-08-23 01:23:48
1566,1566,gift_card,579.78,2025-10-02 09:08:37
1567,1567,card,527.20,2025-09-16 04:50:43
1568,1568,\N,1790.74,2025-06-18 18:24:59
1569,1569,card,60.69,2025-09-27 16:54:33
1570,1570,wallet,252.48,2025-01-02 01:21:13
1571,1571,card,1397.32,2025-09-05 04:56:38
1572,1572,card,550.52,2025-09-04 15:00:07
1573,1573,cash,38.89,2025-01-23 10:19:42
1574,1574,gift_card,946.60,2025-01-13 13:23:59
1575,1575,card,762.58,2025-07-17 11:44:35
1576,1576,card,1005.77,2025-08-10 08:13:14
1577,1577,gift_card,682.82,2025-12-31 09:22:10
1578,1578,card,323.38,2025-07-02 05:51:26
1579,1579,card,288.52,2025-04-29 00:46:57
1580,1580,gift_card,615.45,2025-12-11 08:28:14
1581,1581,gift_card,1244.32,2025-12-01 01:19:24
1582,1582,cash,81.28,2025-01-03 15:06:57
1583,1583,\N,166.90,2025-09-04 02:34:40
1584,1584,card,239.55,2025-01-15 18:07:30
1585,1585,gift_card,933.74,2025-09-28 20:14:04
1586,1586,gift_card,175.18,2025-07-22 22:58:09
1587,1587,gift_card,689.54,2025-08-30 18:52:12
1588,1588,wallet,862.62,2025-04-19 06:23:54
1589,1589,wallet,310.37,2025-03-18 15:31:58
1590,1590,gift_card,880.35,2025-10-31 16:33:30
1591,1591,card,424.22,2025-01-08 14:16:05
1592,1592,gift_card,240.80,2025-06-28 17:42:16
1593,1593,wallet,1041.50,2025-12-26 05:03:37
1594,1594,gift_card,363.71,2025-06-01 14:27:25
1595,1595,gift_card,733.77,2025-12-07 12:57:24
1596,1596,card,273.45,2025-08-21 14:13:00
1597,1597,card,387.83,2025-09-27 13:20:11
1598,1598,wallet,556.58,2025-12-21 13:38:23
1599,1599,card,251.55,2025-12-12 11:32:03
1600,1600,cash,107.76,2025-04-22 03:47:56
1601,1601,card,1566.02,2025-11-28 13:26:28
1602,1602,card,1030.47,2025-03-06 12:55:33
1603,1603,\N,230.33,2025-01-29 01:09:22
1604,1604,card,117.20,2025-03-26 22:20:12
1605,1605,\N,1705.61,2025-12-29 19:18:43
1606,1606,card,495.98,2025-08-28 07:41:15
1607,1607,card,335.80,2025-02-21 06:47:55
1608,1608,gift_card,179.17,2025-06-03 17:15:44
1609,1609,gift_card,757.82,2025-04-02 20:30:07
1610,1610,\N,837.00,2025-04-04 16:07:02
1611,1611,card,189.00,2025-09-07 16:02:11
1612,1612,\N,893.39,2025-07-22 20:34:20
1613,1613,card,629.82,2025-09-01 15:41:32
1614,1614,card,1279.08,2025-04-09 01:43:12
1615,1615,gift_card,292.53,2025-05-03 09:42:23
1616,1616,card,707.96,2025-09-08 12:00:30
1617,1617,card,1138.64,2025-06-24 19:56:56
1618,1618,card,385.88,2025-11-08 05:33:01
1619,1619,\N,317.86,2025-08-04 13:15:35
1620,1620,card,579.09,2025-08-08 08:50:52
1621,1621,card,362.80,2025-04-03 15:00:35
1622,1622,gift_card,829.04,2025-01-14 17:14:15
1623,1623,cash,226.64,2025-10-14 12:02:07
1624,1624,card,313.45,2025-01-14 15:11:32
1625,1625,cash,551.61,2025-04-06 10:40:59
1626,1626,card,126.20,2025-01-31 15:10:09
1627,1627,\N,736.09,2025-02-28 09:12:11
1628,1628,wallet,1278.24,2025-01-18 14:19:44
1629,1629,card,805.02,2025-12-28 20:33:53
1630,1630,wallet,688.17,2025-01-04 19:56:47
1631,1631,wallet,332.80,2025-09-25 19:14:52
1632,1632,cash,212.60,2025-11-02 17:10:21
1633,1633,wallet,691.29,2025-03-21 01:07:47
1634,1634,card,658.29,2025-09-25 08:45:14
1635,1635,wallet,244.07,2025-06-10 15:55:44
1636,1636,card,1163.38,2025-03-28 17:40:13
1637,1637,card,2226.16,2025-06-17 16:56:28
1638,1638,cash,296.09,2025-04-30 10:49:57
1639,1639,wallet,956.01,2025-06-28 08:24:44
1640,1640,wallet,127.91,2025-07-04 17:31:05
1641,1641,wallet,327.41,2025-05-02 05:24:37
1642,1642,card,1233.87,2025-05-10 07:03:26
1643,1643,card,515.42,2025-11-30 11:24:38
1644,1644,card,414.84,2025-11-05 12:12:52
1645,1645,\N,314.92,2025-08-04 16:02:59
1646,1646,\N,794.18,2025-11-18 14:55:00
1647,1647,card,769.44,2025-11-02 00:17:06
1648,1648,card,797.43,2025-07-19 14:06:04
1649,1649,\N,1084.45,2025-12-03 07:16:02
1650,1650,cash,1074.95,2025-11-27 01:30:38
1651,1651,wallet,171.75,2025-02-12 09:57:14
1652,1652,card,310.37,2025-07-06 05:19:17
1653,1653,gift_card,268.64,2025-11-22 06:51:46
1654,1654,cash,59.34,2025-06-06 19:08:29
1655,1655,wallet,95.73,2025-04-01 02:50:07
1656,1656,cash,543.19,2025-03-14 08:18:50
1657,1657,card,334.60,2025-02-05 02:51:01
1658,1658,card,570.95,2025-03-30 17:13:40
1659,1659,wallet,821.34,2025-06-25 12:26:54
1660,1660,card,714.78,2025-02-16 09:01:10
1661,1661,wallet,343.01,2025-08-07 17:51:00
1662,1662,card,446.65,2025-07-26 20:33:16
1663,1663,cash,399.23,2025-04-16 18:59:05
1664,1664,card,181.44,2025-12-31 13:13:25
1665,1665,card,247.79,2025-01-26 09:36:41
1666,1666,wallet,381.13,2025-05-24 12:22:11
1667,1667,gift_card,2257.70,2025-09-20 02:46:28
1668,1668,card,873.50,2025-07-12 20:33:22
1669,1669,\N,52.50,2025-06-12 05:35:50
1670,1670,wallet,220.83,2025-11-04 02:24:44
1671,1671,card,418.72,2025-09-19 06:50:23
1672,1672,wallet,50.27,2025-08-14 23:49:25
1673,1673,wallet,1312.84,2025-12-31 19:56:28
1674,1674,wallet,309.37,2025-07-07 07:23:58
1675,1675,cash,1164.05,2025-06-17 20:36:03
1676,1676,cash,331.38,2025-07-08 15:23:58
1677,1677,wallet,812.81,2025-01-09 02:36:10
1678,1678,cash,341.90,2025-07-09 16:04:36
1679,1679,card,1632.82,2025-04-17 16:19:02
1680,1680,cash,625.10,2025-01-15 15:16:13
1681,1681,wallet,401.03,2025-07-10 20:36:20
1682,1682,cash,456.66,2025-06-27 03:23:42
1683,1683,card,544.94,2025-11-20 17:16:14
1684,1684,cash,723.06,2025-11-26 14:19:56
1685,1685,card,314.92,2025-02-24 04:25:01
1686,1686,card,975.28,2025-10-25 18:42:53
1687,1687,card,197.43,2025-09-22 15:49:46
1688,1688,cash,330.27,2025-12-21 13:08:55
1689,1689,\N,247.79,2025-07-24 06:51:05
1690,1690,wallet,301.25,2025-04-24 08:50:40
1691,1691,card,508.64,2025-10-06 15:07:43
1692,1692,wallet,648.32,2025-05-17 09:40:36
1693,1693,gift_card,397.19,2025-10-28 10:42:28
1694,1694,card,831.48,2025-01-11 09:07:30
1695,1695,card,151.70,2025-10-01 08:26:22
1696,1696,wallet,466.22,2025-07-25 03:50:37
1697,1697,card,186.32,2025-04-13 21:13:15
1698,1698,wallet,1756.75,2025-02-07 09:20:08
1699,1699,card,270.57,2025-11-07 00:34:46
1700,1700,wallet,304.82,2025-01-12 08:09:21
1701,1701,card,333.30,2025-06-19 05:28:24
1702,1702,card,68.99,2025-05-01 02:12:21
1703,1703,wallet,828.66,2025-12-02 16:47:50
1704,1704,gift_card,439.23,2025-02-22 07:36:08
1705,1705,wallet,1368.20,2025-04-16 10:22:02
1706,1706,wallet,23.38,2025-04-06 04:40:43
1707,1707,card,810.22,2025-06-10 19:37:04
1708,1708,card,1963.77,2025-11-02 06:14:59
1709,1709,wallet,1456.89,2025-04-15 12:40:27
1710,1710,wallet,289.63,2025-08-15 07:22:01
1711,1711,card,503.07,2025-09-12 07:12:41
1712,1712,gift_card,224.60,2025-09-17 21:57:51
1713,1713,gift_card,179.24,2025-11-27 10:37:12
1714,1714,\N,1235.00,2025-04-16 00:47:25
1715,1715,\N,246.14,2025-04-21 18:51:09
1716,1716,card,151.92,2025-07-14 06:57:17
1717,1717,card,1068.42,2025-08-30 01:36:13
1718,1718,card,550.20,2025-12-15 14:08:33
1719,1719,gift_card,169.48,2025-01-12 12:51:04
1720,1720,card,658.06,2025-03-17 15:39:18
1721,1721,wallet,932.17,2025-05-15 18:58:57
1722,1722,card,934.36,2025-03-07 04:39:40
1723,1723,wallet,199.91,2025-09-25 18:26:24
1724,1724,\N,263.44,2025-11-28 04:40:23
1725,1725,gift_card,294.89,2025-05-16 06:13:47
1726,1726,card,593.17,2025-07-21 21:32:32
1727,1727,card,832.02,2025-08-23 18:20:52
1728,1728,gift_card,322.62,2025-09-19 17:19:01
1729,1729,card,960.65,2025-09-15 14:02:13
1730,1730,card,16.02,2025-05-16 09:30:13
1731,1731,card,1401.14,2025-05-05 00:09:11
1732,1732,card,164.27,2025-10-31 09:30:52
1733,1733,gift_card,472.45,2025-04-18 21:19:03
1734,1734,cash,295.00,2025-09-17 15:30:02
1735,1735,card,111.24,2025-03-01 18:08:41
1736,1736,wallet,1223.75,2025-12-14 13:24:26
1737,1737,cash,394.28,2025-11-03 21:16:05
1738,1738,wallet,348.09,2025-01-04 22:23:17
1739,1739,cash,273.41,2025-12-03 01:39:40
1740,1740,card,640.20,2025-08-12 00:15:04
1741,1741,card,239.53,2025-03-03 06:09:43
1742,1742,card,220.85,2025-09-26 12:27:02
1743,1743,card,353.33,2025-04-13 20:30:57
1744,1744,wallet,1398.47,2025-05-28 19:47:04
1745,1745,gift_card,1042.27,2025-07-08 10:36:00
1746,1746,card,113.45,2025-07-02 19:19:58
1747,1747,cash,392.12,2025-11-28 17:13:12
1748,1748,wallet,977.71,2025-09-22 17:58:03
1749,1749,\N,869.91,2025-12-20 00:07:10
1750,1750,gift_card,943.76,2025-10-05 23:17:03
1751,1751,cash,316.91,2025-05-15 03:36:20
1752,1752,gift_card,672.01,2025-07-01 03:52:42
1753,1753,card,966.68,2025-12-13 13:28:14
1754,1754,\N,38.01,2025-01-14 18:18:33
1755,1755,card,134.75,2025-01-10 02:58:58
1756,1756,gift_card,1067.52,2025-02-28 00:10:33
1757,1757,wallet,523.66,2025-03-05 11:28:26
1758,1758,wallet,1682.30,2025-01-31 20:12:21
1759,1759,card,266.98,2025-11-18 00:53:47
1760,1760,card,263.00,2025-12-11 22:37:08
1761,1761,card,56.12,2025-10-10 17:44:33
1762,1762,wallet,161.57,2025-05-09 23:55:16
1763,1763,card,230.76,2025-03-09 15:45:39
1764,1764,card,188.78,2025-05-04 08:24:05
1765,1765,gift_card,991.35,2025-04-27 18:16:42
1766,1766,wallet,782.74,2025-11-12 02:28:46
1767,1767,gift_card,320.57,2025-02-27 17:57:38
1768,1768,wallet,445.28,2025-05-10 20:18:57
1769,1769,gift_card,834.14,2025-01-02 04:42:42
1770,1770,card,1005.92,2025-05-29 02:59:45
1771,1771,gift_card,157.28,2025-11-14 00:35:58
1772,1772,gift_card,187.22,2025-09-21 15:23:26
1773,1773,card,613.21,2025-05-02 01:19:46
1774,1774,card,1925.70,2025-02-12 13:32:36
1775,1775,card,1094.92,2025-03-15 03:30:05
1776,1776,\N,573.01,2025-01-23 21:41:29
1777,1777,card,310.45,2025-12-12 02:55:26
1778,1778,card,218.44,2025-07-11 08:04:23
1779,1779,cash,892.14,2025-01-10 13:41:24
1780,1780,\N,159.13,2025-04-23 05:45:08
1781,1781,\N,96.25,2025-02-10 15:46:12
1782,1782,card,225.33,2025-05-04 03:42:54
1783,1783,card,326.70,2025-08-05 03:27:59
1784,1784,card,108.35,2025-07-18 21:14:42
1785,1785,card,851.89,2025-04-21 21:59:14
1786,1786,\N,587.40,2025-07-11 01:35:22
1787,1787,cash,783.54,2025-09-01 21:21:05
1788,1788,gift_card,808.72,2025-06-01 23:34:08
1789,1789,card,1206.62,2025-01-07 11:28:50
1790,1790,\N,351.86,2025-10-20 16:19:10
1791,1791,cash,592.20,2025-12-10 03:42:16
1792,1792,card,427.38,2025-07-08 00:48:02
1793,1793,wallet,1080.62,2025-06-19 15:08:31
1794,1794,card,258.79,2025-10-24 03:34:37
1795,1795,cash,629.46,2025-03-02 06:04:23
1796,1796,card,600.64,2025-12-31 16:06:25
1797,1797,wallet,667.36,2025-08-10 09:45:19
1798,1798,card,186.25,2025-10-21 14:57:59
1799,1799,wallet,371.12,2025-11-29 11:13:08
1800,1800,gift_card,712.25,2025-09-14 22:56:40
1801,1801,gift_card,653.76,2025-05-04 11:48:44
1802,1802,wallet,87.87,2025-04-30 09:28:12
1803,1803,gift_card,379.19,2025-03-24 04:49:46
1804,1804,cash,180.72,2025-03-08 22:24:04
1805,1805,card,515.70,2025-02-05 17:51:23
1806,1806,\N,325.33,2025-03-28 12:40:35
1807,1807,\N,39.25,2025-08-05 11:32:47
1808,1808,card,324.91,2025-02-07 18:03:15
1809,1809,\N,687.84,2025-11-13 16:26:00
1810,1810,card,239.58,2025-04-01 07:00:07
1811,1811,card,1249.64,2025-05-31 20:30:23
1812,1812,wallet,135.93,2025-10-23 17:17:06
1813,1813,\N,71.83,2025-08-28 06:07:46
1814,1814,card,431.82,2025-01-20 11:23:08
1815,1815,gift_card,1210.09,2025-02-28 15:41:49
1816,1816,card,345.18,2025-07-19 04:54:57
1817,1817,wallet,457.19,2025-01-31 18:57:48
1818,1818,card,1007.75,2025-02-20 12:28:46
1819,1819,card,788.16,2025-04-28 13:15:25
1820,1820,\N,172.26,2025-05-13 04:45:01
1821,1821,\N,120.80,2025-12-14 12:53:41
1822,1822,gift_card,290.17,2025-12-27 01:28:09
1823,1823,\N,459.65,2025-03-05 07:31:56
1824,1824,cash,485.15,2025-07-17 01:16:34
1825,1825,wallet,86.12,2025-03-25 06:45:15
1826,1826,gift_card,168.19,2025-07-22 03:47:44
1827,1827,card,282.79,2025-02-09 05:32:30
1828,1828,gift_card,365.29,2025-10-09 01:56:25
1829,1829,\N,51.34,2025-02-26 18:34:26
1830,1830,\N,65.26,2025-09-14 20:13:59
1831,1831,card,581.90,2025-04-01 23:19:42
1832,1832,card,124.36,2025-12-23 01:50:59
1833,1833,card,266.98,2025-12-18 17:50:03
1834,1834,\N,708.22,2025-12-13 00:42:23
1835,1835,card,218.24,2025-07-23 19:07:18
1836,1836,gift_card,83.78,2025-11-20 10:00:25
1837,1837,card,207.73,2025-05-11 13:36:34
1838,1838,gift_card,322.83,2025-08-03 06:10:32
1839,1839,card,583.23,2025-10-28 23:16:53
1840,1840,card,160.03,2025-01-06 22:02:56
1841,1841,card,1836.42,2025-02-23 15:29:19
1842,1842,\N,202.63,2025-11-02 09:08:05
1843,1843,card,269.38,2025-02-19 18:28:16
1844,1844,cash,1042.52,2025-10-09 13:20:02
1845,1845,card,568.12,2025-12-08 16:02:30
1846,1846,card,1272.57,2025-05-24 17:38:36
1847,1847,card,1515.96,2025-06-29 07:30:45
1848,1848,gift_card,265.68,2025-11-17 17:27:24
1849,1849,\N,309.98,2025-02-16 10:23:24
1850,1850,\N,623.19,2025-06-29 17:50:34
1851,1851,card,385.06,2025-04-18 17:22:23
1852,1852,card,729.02,2025-07-08 08:02:44
1853,1853,cash,312.77,2025-05-23 03:59:18
1854,1854,card,476.62,2025-04-30 13:41:37
1855,1855,card,82.63,2025-07-19 10:59:49
1856,1856,gift_card,275.10,2025-03-17 18:50:16
1857,1857,gift_card,128.22,2025-07-21 22:03:40
1858,1858,cash,243.42,2025-02-25 20:47:06
1859,1859,gift_card,231.89,2025-11-04 20:38:08
1860,1860,card,523.28,2025-12-16 02:21:36
1861,1861,cash,811.16,2025-03-07 10:06:37
1862,1862,card,268.56,2025-07-08 20:03:27
1863,1863,\N,352.61,2025-05-22 10:17:59
1864,1864,card,274.30,2025-09-11 14:42:19
1865,1865,card,86.43,2025-12-26 18:03:15
1866,1866,\N,19.76,2025-08-10 16:56:27
1867,1867,card,95.79,2025-08-26 04:33:55
1868,1868,card,309.98,2025-01-05 03:41:46
1869,1869,wallet,125.70,2025-10-27 16:07:05
1870,1870,cash,587.44,2025-09-19 12:12:48
1871,1871,cash,187.74,2025-12-08 22:15:41
1872,1872,card,966.00,2025-07-10 07:41:08
1873,1873,wallet,517.32,2025-07-19 13:10:30
1874,1874,card,1308.46,2025-09-08 06:44:15
1875,1875,card,372.56,2025-04-13 21:18:58
1876,1876,\N,1167.98,2025-09-03 00:13:11
1877,1877,gift_card,362.45,2025-10-31 17:10:05
1878,1878,cash,310.15,2025-02-26 22:28:13
1879,1879,wallet,60.62,2025-02-09 14:46:27
1880,1880,cash,925.85,2025-02-03 03:55:04
1881,1881,card,304.06,2025-09-07 03:06:28
1882,1882,card,1295.76,2025-06-18 01:18:50
1883,1883,gift_card,105.07,2025-08-24 18:50:42
1884,1884,\N,763.90,2025-02-26 09:26:08
1885,1885,wallet,118.07,2025-06-26 05:34:10
1886,1886,gift_card,270.17,2025-01-10 11:50:04
1887,1887,gift_card,623.64,2025-09-19 15:30:02
1888,1888,gift_card,45.40,2025-12-16 07:41:28
1889,1889,gift_card,632.99,2025-06-04 14:38:10
1890,1890,card,1066.20,2025-04-24 22:06:00
1891,1891,\N,151.33,2025-03-30 00:05:22
1892,1892,cash,68.50,2025-11-13 15:44:50
1893,1893,\N,804.45,2025-12-12 05:11:35
1894,1894,card,65.08,2025-07-30 07:27:52
1895,1895,gift_card,335.54,2025-12-29 15:31:34
1896,1896,wallet,785.46,2025-02-27 17:40:46
1897,1897,card,166.40,2025-10-01 06:33:58
1898,1898,wallet,1369.84,2025-02-07 16:16:19
1899,1899,\N,200.00,2025-04-02 11:29:21
1900,1900,\N,217.15,2025-04-13 06:41:53
1901,1901,cash,1151.62,2025-05-01 22:17:22
1902,1902,card,1321.86,2025-07-09 17:27:59
1903,1903,card,434.46,2025-04-16 14:43:16
1904,1904,card,307.26,2025-04-10 16:46:20
1905,1905,card,1263.06,2025-04-21 00:12:01
1906,1906,card,326.66,2025-03-22 23:42:42
1907,1907,\N,1111.23,2025-09-23 05:22:23
1908,1908,card,1032.76,2025-08-01 11:05:29
1909,1909,cash,738.72,2025-06-29 04:36:48
1910,1910,gift_card,314.61,2025-10-27 04:30:42
1911,1911,wallet,145.60,2025-08-24 06:22:27
1912,1912,card,933.63,2025-04-29 22:18:48
1913,1913,card,253.95,2025-10-25 22:10:06
1914,1914,card,808.27,2025-05-30 03:08:43
1915,1915,card,505.09,2025-08-02 20:09:09
1916,1916,wallet,181.23,2025-02-09 21:42:02
1917,1917,cash,1064.79,2025-08-11 23:52:36
1918,1918,wallet,109.61,2025-11-06 10:56:55
1919,1919,wallet,335.47,2025-12-18 21:51:32
1920,1920,\N,1946.30,2025-03-10 18:59:29
1921,1921,gift_card,496.50,2025-10-26 22:00:18
1922,1922,card,268.84,2025-06-08 00:01:48
1923,1923,\N,611.65,2025-06-27 06:29:29
1924,1924,card,173.31,2025-10-24 08:15:48
1925,1925,wallet,836.40,2025-12-08 07:45:59
1926,1926,card,208.01,2025-08-18 04:31:13
1927,1927,card,571.89,2025-05-09 17:55:21
1928,1928,cash,941.18,2025-08-10 21:55:35
1929,1929,card,952.02,2025-04-20 11:39:57
1930,1930,card,177.82,2025-11-13 00:02:43
1931,1931,cash,713.48,2025-08-11 20:47:02
1932,1932,\N,120.30,2025-09-13 07:30:07
1933,1933,wallet,466.94,2025-10-29 12:41:31
1934,1934,card,320.79,2025-07-13 04:09:39
1935,1935,card,108.22,2025-03-21 19:51:02
1936,1936,card,384.59,2025-10-13 15:19:18
1937,1937,card,129.81,2025-04-14 07:37:41
1938,1938,gift_card,168.46,2025-07-15 11:02:12
1939,1939,\N,1356.26,2025-11-19 13:16:59
1940,1940,card,640.88,2025-02-24 21:15:10
1941,1941,gift_card,304.31,2025-07-12 01:09:07
1942,1942,gift_card,159.77,2025-04-06 12:52:27
1943,1943,\N,195.02,2025-02-05 21:27:24
1944,1944,card,204.24,2025-09-17 08:52:08
1945,1945,card,54.00,2025-02-10 18:06:07
1946,1946,card,757.83,2025-11-23 23:19:42
1947,1947,card,303.23,2025-05-07 11:00:43
1948,1948,card,288.87,2025-05-04 12:37:32
1949,1949,\N,336.83,2025-03-26 23:35:37
1950,1950,gift_card,798.63,2025-11-27 19:29:38
1951,1951,wallet,1594.86,2025-04-02 17:37:06
1952,1952,card,70.40,2025-03-15 11:36:32
1953,1953,wallet,1162.93,2025-04-20 04:39:54
1954,1954,gift_card,199.60,2025-03-19 21:02:18
1955,1955,gift_card,205.06,2025-09-20 03:55:14
1956,1956,\N,205.48,2025-03-29 09:24:19
1957,1957,card,363.11,2025-07-06 11:06:21
1958,1958,\N,690.75,2025-08-09 22:37:52
1959,1959,wallet,419.06,2025-07-11 12:03:44
1960,1960,cash,321.65,2025-06-01 10:36:16
1961,1961,card,16.08,2025-09-07 16:49:56
1962,1962,\N,664.71,2025-01-29 23:28:09
1963,1963,gift_card,297.87,2025-06-21 03:26:39
1964,1964,wallet,194.55,2025-11-14 05:57:29
1965,1965,cash,165.31,2025-05-30 11:35:01
1966,1966,card,99.96,2025-06-01 10:22:38
1967,1967,cash,317.83,2025-10-09 05:22:25
1968,1968,card,280.95,2025-05-26 20:19:57
1969,1969,card,812.48,2025-04-02 02:45:50
1970,1970,\N,132.76,2025-06-15 22:00:26
1971,1971,card,88.79,2025-09-09 16:06:50
1972,1972,cash,1107.85,2025-12-01 17:27:19
1973,1973,cash,1192.03,2025-01-08 21:12:03
1974,1974,card,1776.71,2025-11-03 23:27:30
1975,1975,card,1045.08,2025-02-09 09:13:14
1976,1976,gift_card,265.83,2025-09-05 12:25:00
1977,1977,\N,262.39,2025-01-02 06:20:58
1978,1978,cash,329.54,2025-05-04 18:37:22
1979,1979,\N,316.65,2025-06-19 12:05:52
1980,1980,card,106.21,2025-11-21 16:23:41
1981,1981,\N,140.78,2025-07-16 20:37:58
1982,1982,\N,566.87,2025-12-16 23:02:37
1983,1983,wallet,411.14,2025-04-25 08:18:00
1984,1984,card,232.81,2025-02-18 13:15:37
1985,1985,wallet,82.70,2025-02-11 02:55:57
1986,1986,\N,691.12,2025-08-26 18:01:04
1987,1987,\N,638.02,2025-09-10 17:38:24
1988,1988,\N,370.22,2025-11-26 14:38:37
1989,1989,card,1224.36,2025-09-03 07:28:10
1990,1990,\N,1900.18,2025-05-07 18:38:47
1991,1991,card,826.52,2025-09-16 01:57:08
1992,1992,gift_card,1145.81,2025-12-26 09:55:04
1993,1993,\N,635.00,2025-08-13 01:19:00
1994,1994,card,722.88,2025-08-05 04:30:14
1995,1995,card,259.70,2025-08-08 19:06:51
1996,1996,\N,213.76,2025-06-12 00:38:45
1997,1997,card,79.36,2025-12-02 19:31:12
1998,1998,wallet,1304.54,2025-12-12 03:16:47
1999,1999,card,561.43,2025-05-10 14:52:18
2000,2000,gift_card,166.22,2025-06-23 01:02:37
2001,2001,gift_card,331.84,2025-11-26 23:38:43
2002,2002,card,311.97,2025-06-05 11:17:22
2003,2003,card,661.95,2025-02-17 08:28:34
2004,2004,card,90.29,2025-12-28 21:10:43
2005,2005,gift_card,117.18,2025-12-15 05:08:54
2006,2006,gift_card,437.19,2025-06-17 04:53:16
2007,2007,gift_card,625.22,2025-05-03 03:22:08
2008,2008,card,405.67,2025-10-12 15:18:36
2009,2009,card,486.70,2025-05-31 06:11:53
2010,2010,card,560.40,2025-08-19 23:39:10
2011,2011,card,537.27,2025-06-30 07:14:39
2012,2012,cash,58.63,2025-10-02 03:18:37
2013,2013,card,189.28,2025-06-27 06:49:08
2014,2014,card,685.47,2025-07-12 20:10:20
2015,2015,\N,339.22,2025-09-14 09:02:39
2016,2016,cash,303.50,2025-07-27 11:58:18
2017,2017,wallet,83.37,2025-07-21 22:35:20
2018,2018,card,166.42,2025-07-09 08:21:43
2019,2019,cash,210.70,2025-05-14 02:24:19
2020,2020,\N,374.93,2025-02-12 19:41:32
2021,2021,wallet,147.44,2025-03-20 08:30:44
2022,2022,gift_card,518.12,2025-10-03 07:38:22
2023,2023,cash,108.78,2025-11-16 00:50:10
2024,2024,\N,477.89,2025-07-10 11:43:46
2025,2025,cash,892.09,2025-10-29 14:42:06
2026,2026,cash,74.07,2025-11-29 01:24:47
2027,2027,wallet,256.84,2025-03-14 06:32:22
2028,2028,\N,61.40,2025-03-24 00:18:06
2029,2029,card,1139.16,2025-07-17 15:03:26
2030,2030,\N,484.59,2025-11-24 05:56:46
2031,2031,\N,2086.99,2025-06-04 11:12:01
2032,2032,\N,289.48,2025-05-12 00:36:50
2033,2033,wallet,371.77,2025-12-02 03:05:24
2034,2034,card,127.50,2025-03-01 04:40:08
2035,2035,card,819.93,2025-10-15 19:56:50
2036,2036,gift_card,1202.33,2025-01-13 10:07:57
2037,2037,card,908.46,2025-10-23 00:54:26
2038,2038,\N,170.58,2025-01-08 17:06:58
2039,2039,gift_card,168.51,2025-02-05 18:40:15
2040,2040,card,65.78,2025-09-28 10:33:32
2041,2041,card,85.14,2025-11-02 22:11:20
2042,2042,cash,581.88,2025-05-11 19:32:59
2043,2043,gift_card,310.69,2025-12-15 19:26:57
2044,2044,cash,257.15,2025-10-03 21:37:57
2045,2045,gift_card,209.64,2025-01-10 23:40:26
2046,2046,card,108.20,2025-03-25 06:07:52
2047,2047,wallet,606.46,2025-01-30 12:36:18
2048,2048,\N,233.23,2025-05-24 15:34:16
2049,2049,\N,727.29,2025-11-09 20:07:10
2050,2050,cash,1185.18,2025-07-18 23:43:12
2051,2051,wallet,373.20,2025-10-16 11:51:29
2052,2052,\N,990.34,2025-07-31 01:55:30
2053,2053,\N,321.25,2025-10-07 11:50:11
2054,2054,\N,1246.29,2025-09-18 11:48:17
2055,2055,card,23.79,2025-03-30 10:20:20
2056,2056,card,335.13,2025-01-22 12:06:02
2057,2057,card,422.09,2025-04-17 07:58:34
2058,2058,gift_card,37.93,2025-09-14 13:01:42
2059,2059,card,1306.70,2025-11-12 07:21:26
2060,2060,gift_card,263.54,2025-05-29 05:52:53
2061,2061,cash,1025.67,2025-01-14 06:52:02
2062,2062,card,1402.23,2025-04-08 23:05:05
2063,2063,card,932.14,2025-12-14 02:34:00
2064,2064,\N,903.25,2025-08-08 01:48:34
2065,2065,\N,324.32,2025-12-17 20:59:53
2066,2066,card,39.61,2025-08-23 00:02:45
2067,2067,card,31.12,2025-02-28 04:17:15
2068,2068,card,891.28,2025-12-06 09:38:18
2069,2069,\N,21.87,2025-11-30 04:37:52
2070,2070,wallet,761.14,2025-06-11 23:26:11
2071,2071,cash,38.31,2025-11-24 13:24:21
2072,2072,card,271.11,2025-12-19 01:27:57
2073,2073,card,301.23,2025-06-24 18:34:16
2074,2074,wallet,707.84,2025-04-08 01:56:55
2075,2075,gift_card,612.84,2025-12-19 10:19:37
2076,2076,cash,956.14,2025-08-30 04:12:30
2077,2077,\N,332.30,2025-12-20 16:35:01
2078,2078,card,70.41,2025-07-13 06:26:17
2079,2079,cash,563.31,2025-05-29 01:15:08
2080,2080,card,1209.35,2025-02-03 16:39:28
2081,2081,card,1095.32,2025-03-30 00:45:52
2082,2082,cash,147.33,2025-06-23 18:59:39
2083,2083,card,130.37,2025-08-11 01:05:42
2084,2084,card,905.14,2025-04-23 09:33:13
2085,2085,cash,354.70,2025-08-27 02:08:57
2086,2086,card,230.37,2025-02-04 10:36:35
2087,2087,card,830.00,2025-07-07 04:19:32
2088,2088,card,501.74,2025-04-04 17:23:17
2089,2089,cash,211.88,2025-09-15 12:06:57
2090,2090,\N,141.80,2025-04-03 21:46:24
2091,2091,cash,1116.16,2025-04-12 16:00:20
2092,2092,cash,389.36,2025-11-24 13:51:02
2093,2093,card,124.70,2025-04-10 04:01:22
2094,2094,card,525.35,2025-10-06 12:49:08
2095,2095,\N,687.15,2025-05-04 23:59:24
2096,2096,card,972.85,2025-06-08 10:11:19
2097,2097,card,544.84,2025-11-17 05:41:28
2098,2098,\N,928.91,2025-08-31 01:36:38
2099,2099,card,586.00,2025-07-26 19:59:55
2100,2100,card,1855.25,2025-03-05 01:26:14
2101,2101,cash,1123.90,2025-02-19 04:19:21
2102,2102,card,548.36,2025-12-01 17:32:55
2103,2103,\N,238.62,2025-11-05 01:07:48
2104,2104,gift_card,296.64,2025-02-08 22:21:04
2105,2105,card,1340.44,2025-06-16 19:56:31
2106,2106,card,378.51,2025-04-23 19:21:00
2107,2107,cash,1022.77,2025-07-21 20:09:10
2108,2108,card,236.95,2025-04-29 08:03:42
2109,2109,card,454.74,2025-06-29 01:09:17
2110,2110,card,137.98,2025-12-17 03:48:42
2111,2111,gift_card,468.72,2025-06-18 06:07:59
2112,2112,gift_card,276.14,2025-05-20 03:37:52
2113,2113,gift_card,88.83,2025-03-08 17:53:47
2114,2114,\N,72.58,2025-10-02 21:52:13
2115,2115,\N,299.50,2025-02-08 01:17:01
2116,2116,card,209.44,2025-08-16 23:11:46
2117,2117,card,1137.00,2025-01-22 07:59:40
2118,2118,wallet,22.83,2025-05-06 14:03:38
2119,2119,cash,8.45,2025-06-22 20:42:02
2120,2120,wallet,647.46,2025-09-12 19:18:51
2121,2121,cash,376.31,2025-05-19 04:27:17
2122,2122,card,585.18,2025-02-02 10:55:29
2123,2123,gift_card,588.16,2025-10-24 00:47:05
2124,2124,\N,213.41,2025-01-01 01:52:57
2125,2125,gift_card,918.13,2025-06-28 18:11:04
2126,2126,card,44.38,2025-11-15 21:55:56
2127,2127,card,328.10,2025-08-26 09:02:01
2128,2128,gift_card,355.92,2025-09-16 18:34:37
2129,2129,cash,102.79,2025-04-20 23:47:35
2130,2130,gift_card,237.43,2025-12-21 19:32:36
2131,2131,gift_card,268.17,2025-08-09 19:14:36
2132,2132,\N,374.42,2025-03-13 11:49:30
2133,2133,wallet,601.26,2025-02-27 04:21:06
2134,2134,card,851.42,2025-12-24 01:42:01
2135,2135,card,323.19,2025-08-19 09:01:11
2136,2136,\N,461.12,2025-05-29 09:50:17
2137,2137,card,303.42,2025-04-16 12:32:06
2138,2138,wallet,732.44,2025-01-01 13:00:02
2139,2139,\N,57.29,2025-10-24 00:22:58
2140,2140,cash,174.05,2025-04-04 10:03:10
2141,2141,card,215.98,2025-04-15 00:04:36
2142,2142,card,192.17,2025-11-02 19:02:44
2143,2143,card,386.85,2025-09-10 00:04:44
2144,2144,\N,817.30,2025-06-04 06:30:26
2145,2145,wallet,143.86,2025-07-12 07:53:01
2146,2146,card,883.80,2025-04-17 16:18:40
2147,2147,\N,252.13,2025-03-05 22:56:18
2148,2148,card,590.46,2025-05-29 07:31:32
2149,2149,card,144.41,2025-01-03 19:26:29
2150,2150,wallet,431.00,2025-09-30 22:58:20
2151,2151,card,38.35,2025-07-27 14:39:56
2152,2152,wallet,298.26,2025-02-02 05:49:25
2153,2153,\N,573.50,2025-01-03 23:22:14
2154,2154,card,1062.60,2025-11-05 07:26:40
2155,2155,card,219.61,2025-05-15 13:20:41
2156,2156,\N,440.00,2025-01-07 23:54:48
2157,2157,gift_card,33.40,2025-06-13 12:48:56
2158,2158,card,725.69,2025-09-19 02:14:52
2159,2159,gift_card,183.63,2025-12-16 23:02:17
2160,2160,card,892.35,2025-09-14 21:12:08
2161,2161,cash,627.84,2025-10-26 09:51:23
2162,2162,gift_card,72.86,2025-06-26 21:46:16
2163,2163,\N,339.53,2025-06-29 12:14:47
2164,2164,\N,290.08,2025-01-16 22:22:53
2165,2165,card,376.30,2025-09-14 01:14:50
2166,2166,cash,110.24,2025-04-18 09:19:29
2167,2167,\N,1246.23,2025-09-15 13:29:23
2168,2168,wallet,104.42,2025-04-25 22:43:52
2169,2169,card,223.75,2025-01-27 11:22:00
2170,2170,card,1040.21,2025-01-11 00:53:30
2171,2171,card,127.25,2025-03-05 15:07:43
2172,2172,card,823.37,2025-10-03 07:38:51
2173,2173,wallet,400.26,2025-09-10 06:29:33
2174,2174,\N,134.91,2025-10-29 06:27:04
2175,2175,card,104.76,2025-09-17 15:08:00
2176,2176,\N,86.15,2025-09-01 13:06:28
2177,2177,gift_card,790.58,2025-07-23 11:19:34
2178,2178,gift_card,397.78,2025-09-16 03:49:26
2179,2179,wallet,898.58,2025-01-25 18:14:38
2180,2180,card,82.76,2025-11-01 05:14:19
2181,2181,card,182.64,2025-09-26 18:54:23
2182,2182,cash,617.13,2025-09-25 08:09:45
2183,2183,card,474.87,2025-02-01 23:00:11
2184,2184,wallet,340.83,2025-03-15 02:28:42
2185,2185,cash,602.92,2025-08-22 04:41:49
2186,2186,card,994.57,2025-04-11 18:31:40
2187,2187,wallet,251.12,2025-12-25 01:30:26
2188,2188,wallet,1025.66,2025-02-25 07:02:00
2189,2189,cash,88.12,2025-09-12 17:28:47
2190,2190,gift_card,887.36,2025-11-30 20:41:54
2191,2191,card,690.38,2025-09-04 23:04:57
2192,2192,card,249.19,2025-07-29 00:04:00
2193,2193,card,630.53,2025-05-19 03:36:15
2194,2194,gift_card,1100.23,2025-01-09 02:05:12
2195,2195,\N,140.28,2025-03-23 22:24:21
2196,2196,card,1036.48,2025-05-25 04:09:58
2197,2197,\N,340.71,2025-07-10 15:52:37
2198,2198,\N,530.20,2025-06-18 20:17:19
2199,2199,card,333.52,2025-03-15 09:27:09
2200,2200,wallet,29.90,2025-12-05 15:48:33
2201,2201,cash,1712.36,2025-08-12 16:22:01
2202,2202,\N,485.36,2025-07-19 23:40:25
2203,2203,wallet,772.73,2025-09-14 18:03:29
2204,2204,card,237.15,2025-10-23 04:18:14
2205,2205,cash,288.10,2025-12-05 06:07:23
2206,2206,card,316.01,2025-07-29 08:45:32
2207,2207,cash,701.36,2025-08-31 00:31:13
2208,2208,cash,428.86,2025-09-25 19:48:39
2209,2209,card,520.98,2025-01-07 10:17:21
2210,2210,card,493.27,2025-06-26 03:59:59
2211,2211,gift_card,223.88,2025-07-27 10:15:00
2212,2212,\N,448.12,2025-10-01 07:09:00
2213,2213,card,327.80,2025-05-02 15:40:57
2214,2214,gift_card,1287.62,2025-02-13 20:51:23
2215,2215,cash,84.80,2025-10-28 12:42:21
2216,2216,wallet,45.19,2025-04-09 15:22:54
2217,2217,cash,807.81,2025-12-14 01:32:52
2218,2218,card,200.17,2025-12-16 00:02:39
2219,2219,card,100.67,2025-01-26 18:32:06
2220,2220,gift_card,1656.52,2025-01-31 23:00:24
2221,2221,\N,296.07,2025-10-12 02:05:20
2222,2222,card,584.54,2025-10-16 05:42:37
2223,2223,\N,72.86,2025-05-28 01:34:31
2224,2224,cash,304.06,2025-11-12 07:23:41
2225,2225,wallet,1341.12,2025-03-25 02:39:27
2226,2226,gift_card,780.93,2025-12-18 08:56:18
2227,2227,wallet,479.23,2025-08-17 13:12:45
2228,2228,gift_card,443.19,2025-03-29 07:51:09
2229,2229,card,925.40,2025-03-20 11:32:48
2230,2230,card,311.83,2025-05-25 13:30:09
2231,2231,card,1074.65,2025-11-11 13:45:23
2232,2232,card,150.50,2025-11-30 18:04:18
2233,2233,card,281.39,2025-06-07 18:01:41
2234,2234,card,1175.51,2025-11-26 01:27:06
2235,2235,\N,346.31,2025-12-23 06:37:40
2236,2236,card,307.85,2025-08-22 10:13:30
2237,2237,card,781.58,2025-04-14 01:22:58
2238,2238,wallet,295.56,2025-05-21 07:45:24
2239,2239,card,326.66,2025-12-05 06:22:41
2240,2240,\N,322.09,2025-08-10 14:35:58
2241,2241,card,525.87,2025-05-21 08:22:15
2242,2242,card,58.61,2025-02-04 23:41:49
2243,2243,gift_card,392.04,2025-02-20 14:01:21
2244,2244,wallet,1633.69,2025-02-23 16:12:10
2245,2245,cash,124.01,2025-03-25 10:23:34
2246,2246,card,332.48,2025-09-03 11:36:03
2247,2247,card,494.20,2025-05-24 08:11:41
2248,2248,card,302.01,2025-04-27 19:44:09
2249,2249,card,718.38,2025-04-08 05:56:10
2250,2250,wallet,614.66,2025-07-17 14:25:01
2251,2251,card,563.28,2025-03-17 23:05:22
2252,2252,card,796.15,2025-08-21 03:42:40
2253,2253,cash,395.70,2025-08-02 23:31:28
2254,2254,card,169.15,2025-05-07 20:12:16
2255,2255,wallet,669.06,2025-10-30 16:03:58
2256,2256,gift_card,332.91,2025-05-03 18:45:16
2257,2257,cash,935.03,2025-11-11 09:18:54
2258,2258,\N,2125.18,2025-05-25 19:53:30
2259,2259,cash,586.15,2025-09-18 18:51:49
2260,2260,card,579.54,2025-09-29 20:12:32
2261,2261,\N,539.90,2025-08-31 21:30:20
2262,2262,gift_card,1093.63,2025-08-28 15:35:38
2263,2263,card,528.98,2025-04-22 21:03:28
2264,2264,wallet,208.56,2025-08-24 02:05:24
2265,2265,cash,236.46,2025-07-23 23:46:14
2266,2266,wallet,342.51,2025-10-26 15:19:35
2267,2267,\N,102.37,2025-02-19 23:11:55
2268,2268,card,469.86,2025-03-06 05:54:34
2269,2269,card,87.07,2025-11-09 10:31:32
2270,2270,card,676.10,2025-11-06 17:17:42
2271,2271,cash,1640.74,2025-03-08 00:34:47
2272,2272,card,106.68,2025-03-12 14:19:07
2273,2273,cash,490.32,2025-11-06 00:38:21
2274,2274,card,310.36,2025-12-17 23:16:12
2275,2275,gift_card,639.31,2025-09-12 16:20:44
2276,2276,card,180.65,2025-12-25 21:24:53
2277,2277,\N,214.68,2025-12-09 11:54:42
2278,2278,gift_card,360.25,2025-11-15 15:45:47
2279,2279,\N,353.84,2025-10-22 11:24:49
2280,2280,gift_card,365.59,2025-03-11 07:02:08
2281,2281,card,169.76,2025-02-28 11:11:34
2282,2282,wallet,2241.79,2025-05-13 09:11:56
2283,2283,card,542.50,2025-05-04 00:46:26
2284,2284,card,344.75,2025-11-12 06:59:44
2285,2285,card,412.34,2025-01-19 15:56:51
2286,2286,wallet,287.04,2025-03-31 09:12:09
2287,2287,cash,692.36,2025-07-10 23:23:39
2288,2288,gift_card,602.52,2025-06-26 03:51:47
2289,2289,card,128.44,2025-07-28 03:00:01
2290,2290,card,28.97,2025-10-16 13:18:04
2291,2291,card,498.36,2025-03-24 04:46:53
2292,2292,gift_card,314.74,2025-01-24 09:50:32
2293,2293,card,551.24,2025-07-20 19:07:50
2294,2294,card,1541.42,2025-03-04 13:28:00
2295,2295,card,565.20,2025-04-05 19:26:21
2296,2296,\N,1756.52,2025-03-21 10:15:02
2297,2297,card,333.04,2025-01-24 11:16:37
2298,2298,cash,314.52,2025-01-21 03:02:51
2299,2299,card,324.39,2025-12-22 15:15:04
2300,2300,gift_card,179.49,2025-12-12 13:57:11
2301,2301,card,590.96,2025-05-31 12:22:54
2302,2302,card,430.56,2025-08-13 16:16:43
2303,2303,cash,633.49,2025-12-04 04:32:04
2304,2304,card,1576.71,2025-11-25 02:13:36
2305,2305,gift_card,57.32,2025-10-22 22:13:11
2306,2306,card,808.94,2025-09-29 09:06:11
2307,2307,cash,482.79,2025-12-08 13:35:36
2308,2308,card,1108.38,2025-09-11 14:57:09
2309,2309,card,134.98,2025-04-15 20:07:42
2310,2310,\N,221.56,2025-12-04 19:43:08
2311,2311,card,405.82,2025-10-19 01:20:15
2312,2312,wallet,484.68,2025-12-07 23:44:06
2313,2313,gift_card,322.68,2025-10-21 04:49:50
2314,2314,cash,890.22,2025-01-18 20:08:58
2315,2315,card,1001.36,2025-08-03 11:37:08
2316,2316,cash,213.58,2025-08-19 17:27:28
2317,2317,card,431.69,2025-02-16 23:25:16
2318,2318,card,314.61,2025-02-25 19:21:02
2319,2319,cash,576.27,2025-12-29 19:31:47
2320,2320,\N,183.57,2025-03-18 11:05:28
2321,2321,wallet,511.62,2025-10-30 15:06:10
2322,2322,card,63.24,2025-07-11 06:09:58
2323,2323,wallet,1107.75,2025-11-01 05:10:35
2324,2324,card,268.17,2025-11-23 10:30:11
2325,2325,wallet,255.57,2025-07-27 10:53:20
2326,2326,gift_card,390.90,2025-03-02 02:35:30
2327,2327,card,613.28,2025-02-28 18:27:42
2328,2328,wallet,1061.94,2025-04-12 03:25:26
2329,2329,card,782.07,2025-08-31 21:36:38
2330,2330,\N,401.18,2025-08-02 22:14:44
2331,2331,card,658.00,2025-12-09 18:44:04
2332,2332,card,267.88,2025-10-19 04:34:03
2333,2333,card,519.78,2025-12-11 19:38:35
2334,2334,card,496.60,2025-12-27 05:45:01
2335,2335,card,325.51,2025-04-22 13:33:45
2336,2336,gift_card,153.05,2025-07-17 16:31:27
2337,2337,cash,350.01,2025-04-11 19:49:25
2338,2338,cash,1623.60,2025-12-22 00:01:58
2339,2339,gift_card,924.39,2025-03-14 05:43:53
2340,2340,card,946.17,2025-03-04 06:32:18
2341,2341,cash,2357.11,2025-02-03 04:26:54
2342,2342,card,583.46,2025-03-09 04:31:42
2343,2343,card,41.56,2025-11-06 17:47:12
2344,2344,cash,435.79,2025-04-06 09:18:11
2345,2345,wallet,208.01,2025-07-19 06:13:44
2346,2346,wallet,92.20,2025-12-07 01:00:31
2347,2347,cash,100.55,2025-11-30 07:11:59
2348,2348,wallet,615.42,2025-07-29 13:19:28
2349,2349,\N,423.78,2025-01-19 09:55:57
2350,2350,cash,607.13,2025-03-07 13:29:24
2351,2351,wallet,299.74,2025-07-31 01:32:23
2352,2352,gift_card,307.20,2025-10-09 04:44:17
2353,2353,wallet,549.01,2025-05-29 11:42:23
2354,2354,cash,186.64,2025-04-01 22:10:25
2355,2355,card,278.40,2025-01-03 08:07:52
2356,2356,wallet,197.73,2025-03-20 01:20:11
2357,2357,\N,880.79,2025-08-18 07:33:13
2358,2358,cash,577.27,2025-06-29 05:14:59
2359,2359,card,58.74,2025-02-28 09:37:51
2360,2360,cash,455.74,2025-02-28 02:11:22
2361,2361,card,341.87,2025-05-11 00:00:11
2362,2362,wallet,922.81,2025-07-14 20:39:26
2363,2363,cash,514.30,2025-10-06 16:00:09
2364,2364,card,277.84,2025-01-25 06:21:35
2365,2365,\N,537.44,2025-01-29 09:11:02
2366,2366,gift_card,202.44,2025-06-03 21:46:13
2367,2367,gift_card,421.09,2025-03-28 11:36:34
2368,2368,cash,121.82,2025-06-22 22:52:09
2369,2369,\N,1312.10,2025-01-26 19:23:33
2370,2370,cash,304.27,2025-10-27 07:12:12
2371,2371,card,413.86,2025-01-14 04:12:12
2372,2372,gift_card,580.10,2025-03-06 06:26:58
2373,2373,wallet,1567.64,2025-09-08 22:37:44
2374,2374,card,326.12,2025-12-06 22:39:27
2375,2375,card,1333.89,2025-03-02 14:23:49
2376,2376,card,456.62,2025-07-25 22:57:13
2377,2377,cash,397.30,2025-12-25 12:13:24
2378,2378,wallet,618.46,2025-02-24 23:36:16
2379,2379,\N,189.28,2025-11-30 06:40:55
2380,2380,card,512.06,2025-08-25 13:17:03
2381,2381,\N,789.22,2025-02-26 22:52:39
2382,2382,cash,325.28,2025-04-27 13:10:16
2383,2383,\N,329.40,2025-09-05 14:44:32
2384,2384,card,295.53,2025-11-08 22:48:06
2385,2385,gift_card,558.48,2025-11-20 20:24:21
2386,2386,cash,565.44,2025-01-24 10:11:36
2387,2387,card,359.06,2025-11-02 17:41:04
2388,2388,\N,39.60,2025-02-18 22:30:08
2389,2389,card,382.71,2025-08-27 04:02:44
2390,2390,card,527.09,2025-11-04 00:16:08
2391,2391,card,123.77,2025-03-28 08:36:56
2392,2392,card,939.63,2025-06-24 14:40:16
2393,2393,cash,975.82,2025-04-20 08:06:07
2394,2394,card,404.46,2025-02-07 05:33:23
2395,2395,gift_card,88.03,2025-03-16 16:47:02
2396,2396,wallet,338.48,2025-06-28 17:40:16
2397,2397,card,536.36,2025-08-29 06:45:00
2398,2398,cash,190.14,2025-04-12 14:07:38
2399,2399,card,618.70,2025-12-09 10:39:25
2400,2400,card,457.61,2025-03-29 19:46:35
2401,2401,cash,668.33,2025-07-17 05:14:10
2402,2402,\N,550.68,2025-03-23 04:27:53
2403,2403,cash,928.58,2025-03-08 21:37:52
2404,2404,card,145.60,2025-08-20 22:12:08
2405,2405,wallet,1131.01,2025-05-10 23:30:04
2406,2406,gift_card,91.63,2025-03-31 09:42:37
2407,2407,card,485.46,2025-02-09 05:21:32
2408,2408,cash,2068.31,2025-06-13 19:42:16
2409,2409,\N,588.51,2025-05-14 04:17:40
2410,2410,\N,1223.27,2025-04-27 05:55:56
2411,2411,card,101.50,2025-02-14 18:31:34
2412,2412,card,434.79,2025-09-01 09:32:39
2413,2413,card,335.34,2025-12-27 14:15:36
2414,2414,card,1704.04,2025-02-28 03:35:31
2415,2415,cash,708.78,2025-04-20 09:56:34
2416,2416,card,837.10,2025-02-13 02:29:35
2417,2417,wallet,78.19,2025-01-18 08:54:40
2418,2418,card,269.09,2025-06-18 19:22:46
2419,2419,\N,836.12,2025-01-17 00:55:19
2420,2420,card,597.36,2025-07-27 19:32:53
2421,2421,wallet,199.91,2025-05-27 18:29:18
2422,2422,card,1266.21,2025-12-01 09:37:55
2423,2423,cash,137.73,2025-02-01 09:23:36
2424,2424,card,800.44,2025-05-05 17:25:17
2425,2425,card,96.70,2025-10-28 06:28:26
2426,2426,card,457.14,2025-04-27 05:03:11
2427,2427,card,866.55,2025-03-05 18:38:49
2428,2428,cash,731.35,2025-11-05 04:00:45
2429,2429,gift_card,543.95,2025-07-17 16:17:39
2430,2430,card,301.99,2025-03-02 07:55:52
2431,2431,card,924.62,2025-01-05 02:50:33
2432,2432,cash,1021.49,2025-11-23 01:47:58
2433,2433,card,823.45,2025-01-19 06:06:11
2434,2434,gift_card,522.81,2025-01-11 04:22:49
2435,2435,card,832.53,2025-02-18 20:21:47
2436,2436,card,290.45,2025-04-25 19:32:20
2437,2437,\N,540.85,2025-11-17 13:54:20
2438,2438,gift_card,756.25,2025-12-15 12:49:42
2439,2439,card,750.13,2025-09-10 20:00:47
2440,2440,wallet,674.30,2025-05-21 02:27:26
2441,2441,cash,33.06,2025-01-04 19:04:07
2442,2442,gift_card,413.45,2025-01-30 13:22:15
2443,2443,card,699.93,2025-09-03 03:53:34
2444,2444,wallet,688.60,2025-07-11 23:25:05
2445,2445,card,837.43,2025-10-17 20:44:11
2446,2446,gift_card,294.26,2025-09-10 10:19:39
2447,2447,cash,633.39,2025-04-23 10:25:27
2448,2448,cash,933.22,2025-03-27 15:07:01
2449,2449,\N,1049.81,2025-08-10 18:54:55
2450,2450,gift_card,213.55,2025-12-14 18:33:03
2451,2451,card,248.30,2025-12-10 14:19:54
2452,2452,card,55.47,2025-06-22 10:17:58
2453,2453,card,300.82,2025-05-02 06:19:21
2454,2454,gift_card,82.70,2025-04-02 12:39:05
2455,2455,card,724.82,2025-02-05 10:10:38
2456,2456,gift_card,346.31,2025-03-16 04:34:45
2457,2457,wallet,338.62,2025-08-29 09:50:59
2458,2458,card,236.70,2025-04-17 20:59:57
2459,2459,card,627.65,2025-11-25 22:01:38
2460,2460,cash,101.83,2025-10-27 15:03:50
2461,2461,card,225.38,2025-03-30 12:33:21
2462,2462,cash,794.54,2025-04-19 15:07:28
2463,2463,card,326.25,2025-03-26 23:49:44
2464,2464,card,663.43,2025-04-14 01:36:01
2465,2465,card,269.04,2025-09-13 17:58:52
2466,2466,\N,828.25,2025-12-02 11:25:56
2467,2467,cash,88.85,2025-11-25 02:49:28
2468,2468,cash,781.62,2025-12-02 16:49:55
2469,2469,card,226.50,2025-01-05 11:40:03
2470,2470,\N,586.80,2025-08-11 19:20:48
2471,2471,gift_card,349.30,2025-08-20 23:08:46
2472,2472,card,899.07,2025-01-11 03:52:42
2473,2473,card,271.97,2025-03-20 02:32:58
2474,2474,cash,728.49,2025-01-31 04:47:04
2475,2475,card,742.68,2025-06-18 07:54:36
2476,2476,card,323.16,2025-01-12 03:58:03
2477,2477,card,92.76,2025-08-22 23:38:35
2478,2478,cash,495.36,2025-02-11 03:29:51
2479,2479,wallet,726.55,2025-06-08 07:45:21
2480,2480,card,477.16,2025-06-25 20:54:03
2481,2481,wallet,346.70,2025-03-28 20:47:18
2482,2482,card,309.64,2025-02-25 06:24:48
2483,2483,card,304.78,2025-10-16 22:11:00
2484,2484,wallet,801.51,2025-02-17 20:17:21
2485,2485,card,300.39,2025-12-16 05:11:11
2486,2486,\N,280.53,2025-04-19 16:40:22
2487,2487,cash,354.39,2025-06-29 15:19:37
2488,2488,\N,330.86,2025-04-16 06:06:36
2489,2489,cash,1421.79,2025-12-27 12:26:34
2490,2490,gift_card,286.70,2025-03-14 22:29:58
2491,2491,gift_card,135.42,2025-05-10 10:00:13
2492,2492,card,1014.11,2025-07-25 19:13:54
2493,2493,wallet,293.10,2025-08-27 05:44:03
2494,2494,card,179.83,2025-08-02 23:39:17
2495,2495,wallet,297.18,2025-11-29 08:57:41
2496,2496,cash,758.56,2025-11-03 04:45:52
2497,2497,card,110.94,2025-08-14 05:30:30
2498,2498,cash,279.86,2025-08-13 14:36:23
2499,2499,wallet,194.41,2025-11-02 19:51:02
2500,2500,card,267.88,2025-04-29 00:45:58
2501,2501,card,39.52,2025-10-20 06:46:37
2502,2502,card,1336.60,2025-08-29 17:26:17
2503,2503,cash,239.56,2025-01-27 22:56:50
2504,2504,cash,117.86,2025-06-05 02:35:58
2505,2505,cash,1729.50,2025-03-16 01:19:58
2506,2506,card,362.62,2025-10-27 16:43:50
2507,2507,cash,1051.84,2025-03-02 23:32:33
2508,2508,cash,333.02,2025-10-08 04:56:43
2509,2509,cash,246.61,2025-08-06 15:37:43
2510,2510,gift_card,305.76,2025-04-23 03:05:03
2511,2511,cash,604.59,2025-03-04 05:57:46
2512,2512,gift_card,239.59,2025-10-27 18:44:08
2513,2513,\N,1343.38,2025-10-27 05:07:35
2514,2514,cash,451.58,2025-10-02 13:04:02
2515,2515,card,252.70,2025-06-28 17:48:56
2516,2516,card,122.57,2025-11-04 10:06:44
2517,2517,card,1882.95,2025-08-14 18:04:33
2518,2518,\N,312.30,2025-03-05 04:40:25
2519,2519,gift_card,878.49,2025-04-18 19:39:30
2520,2520,\N,102.67,2025-05-26 12:43:34
2521,2521,cash,1368.16,2025-08-24 08:14:38
2522,2522,card,144.06,2025-03-30 20:32:16
2523,2523,card,1066.26,2025-06-04 22:58:22
2524,2524,\N,523.28,2025-07-13 10:42:26
2525,2525,gift_card,221.18,2025-06-03 12:46:46
2526,2526,gift_card,1198.89,2025-09-25 10:44:33
2527,2527,gift_card,664.05,2025-02-18 14:39:46
2528,2528,\N,1377.74,2025-08-15 13:13:20
2529,2529,\N,664.20,2025-01-14 13:34:09
2530,2530,card,286.38,2025-11-06 10:25:06
2531,2531,card,366.12,2025-07-03 14:47:26
2532,2532,wallet,403.00,2025-11-18 00:43:08
2533,2533,\N,185.10,2025-01-20 11:19:32
2534,2534,card,775.25,2025-12-26 23:23:32
2535,2535,card,288.74,2025-11-07 11:18:43
2536,2536,\N,383.85,2025-08-23 12:55:26
2537,2537,wallet,73.40,2025-12-02 10:21:48
2538,2538,\N,1426.05,2025-10-22 01:57:40
2539,2539,card,172.26,2025-11-16 12:11:21
2540,2540,\N,120.66,2025-12-23 03:48:04
2541,2541,gift_card,805.04,2025-09-21 14:01:42
2542,2542,cash,791.97,2025-11-30 23:12:50
2543,2543,card,354.94,2025-02-11 18:15:51
2544,2544,gift_card,1679.87,2025-02-07 06:35:13
2545,2545,cash,105.81,2025-05-16 08:45:24
2546,2546,card,439.34,2025-03-09 22:12:15
2547,2547,\N,463.03,2025-03-02 04:41:33
2548,2548,gift_card,718.72,2025-03-03 01:01:22
2549,2549,card,129.71,2025-02-28 16:57:47
2550,2550,card,395.19,2025-02-03 16:24:28
2551,2551,card,446.06,2025-01-31 23:23:33
2552,2552,gift_card,594.14,2025-11-28 10:33:02
2553,2553,card,1010.39,2025-10-14 06:50:32
2554,2554,\N,225.18,2025-03-08 05:03:42
2555,2555,card,531.66,2025-01-04 14:59:50
2556,2556,cash,670.20,2025-08-22 18:16:23
2557,2557,\N,712.35,2025-07-18 15:43:49
2558,2558,card,360.01,2025-09-26 22:43:56
2559,2559,\N,987.47,2025-09-27 19:52:58
2560,2560,card,638.68,2025-05-13 02:58:30
2561,2561,gift_card,89.81,2025-08-09 04:38:36
2562,2562,gift_card,813.63,2025-07-07 04:19:00
2563,2563,wallet,302.51,2025-06-30 18:04:48
2564,2564,\N,314.05,2025-07-21 01:49:33
2565,2565,cash,763.96,2025-09-10 18:16:14
2566,2566,\N,310.72,2025-07-28 12:31:45
2567,2567,\N,682.27,2025-07-30 02:45:41
2568,2568,\N,795.15,2025-11-29 22:31:33
2569,2569,card,227.37,2025-09-02 22:14:18
2570,2570,\N,218.53,2025-01-08 21:28:16
2571,2571,gift_card,399.63,2025-06-13 00:23:58
2572,2572,wallet,391.32,2025-07-24 13:03:01
2573,2573,\N,23.31,2025-12-30 23:06:40
2574,2574,gift_card,801.63,2025-09-11 07:36:11
2575,2575,cash,352.90,2025-04-22 22:05:26
2576,2576,card,101.71,2025-09-10 23:22:33
2577,2577,gift_card,172.12,2025-02-01 12:06:57
2578,2578,card,589.64,2025-01-14 20:11:50
2579,2579,card,165.31,2025-05-01 17:48:22
2580,2580,card,242.72,2025-06-16 09:30:16
2581,2581,card,491.71,2025-07-07 11:30:35
2582,2582,gift_card,278.49,2025-10-10 13:09:48
2583,2583,\N,388.98,2025-06-22 16:34:18
2584,2584,wallet,348.78,2025-06-13 12:36:32
2585,2585,card,951.75,2025-12-27 14:20:48
2586,2586,cash,247.20,2025-05-10 02:04:17
2587,2587,card,410.44,2025-10-09 18:21:38
2588,2588,card,420.15,2025-05-12 21:13:43
2589,2589,gift_card,889.56,2025-06-03 07:00:50
2590,2590,card,193.57,2025-11-09 20:04:08
2591,2591,wallet,960.45,2025-02-15 16:26:24
2592,2592,card,725.05,2025-06-16 22:41:57
2593,2593,cash,1291.22,2025-03-31 10:18:50
2594,2594,cash,1249.56,2025-03-05 02:37:08
2595,2595,\N,173.37,2025-11-04 07:47:43
2596,2596,card,578.97,2025-09-08 05:07:08
2597,2597,card,188.38,2025-10-20 21:17:59
2598,2598,cash,576.89,2025-04-10 23:05:25
2599,2599,card,305.75,2025-06-01 03:08:02
2600,2600,gift_card,145.13,2025-07-08 00:30:36
2601,2601,\N,302.73,2025-08-05 08:08:58
2602,2602,card,1161.45,2025-09-25 23:41:58
2603,2603,card,287.71,2025-05-20 23:02:11
2604,2604,card,196.47,2025-11-10 00:11:32
2605,2605,card,1278.91,2025-12-02 12:14:45
2606,2606,card,310.29,2025-09-23 00:05:32
2607,2607,cash,21.48,2025-01-21 22:10:20
2608,2608,cash,565.41,2025-12-31 12:17:27
2609,2609,card,104.27,2025-05-31 06:10:01
2610,2610,card,959.30,2025-11-13 18:53:59
2611,2611,\N,95.67,2025-10-31 09:50:01
2612,2612,\N,1955.04,2025-08-04 23:02:04
2613,2613,gift_card,323.33,2025-08-05 04:38:32
2614,2614,wallet,945.99,2025-08-03 19:38:19
2615,2615,card,1429.56,2025-02-15 08:36:24
2616,2616,card,106.17,2025-11-12 19:56:42
2617,2617,card,438.71,2025-10-23 06:06:35
2618,2618,cash,617.71,2025-03-04 07:49:14
2619,2619,cash,552.34,2025-06-17 23:42:12
2620,2620,gift_card,880.47,2025-05-26 11:06:55
2621,2621,cash,676.92,2025-12-20 11:36:20
2622,2622,\N,359.35,2025-09-24 11:19:22
2623,2623,\N,573.97,2025-01-09 09:45:42
2624,2624,wallet,409.28,2025-03-25 15:02:39
2625,2625,cash,437.51,2025-08-20 01:33:42
2626,2626,gift_card,400.02,2025-11-14 04:44:56
2627,2627,gift_card,584.65,2025-12-15 17:43:16
2628,2628,card,188.33,2025-03-02 18:34:18
2629,2629,card,573.40,2025-11-30 10:28:56
2630,2630,cash,314.29,2025-07-23 19:45:53
2631,2631,card,595.60,2025-01-30 14:03:45
2632,2632,\N,256.52,2025-11-15 23:35:05
2633,2633,card,279.39,2025-07-10 03:05:20
2634,2634,card,339.31,2025-02-15 12:47:34
2635,2635,cash,144.17,2025-05-03 12:34:44
2636,2636,card,615.08,2025-10-24 21:31:46
2637,2637,card,208.04,2025-02-16 15:05:03
2638,2638,card,285.12,2025-01-30 08:57:26
2639,2639,card,284.41,2025-07-30 20:42:01
2640,2640,gift_card,1003.06,2025-03-10 02:19:40
2641,2641,card,916.66,2025-05-11 20:29:46
2642,2642,card,937.71,2025-11-11 15:14:02
2643,2643,\N,199.15,2025-02-17 01:46:41
2644,2644,\N,630.88,2025-02-08 16:00:06
2645,2645,\N,117.28,2025-08-21 14:29:29
2646,2646,card,1243.59,2025-10-03 03:53:59
2647,2647,cash,306.45,2025-09-28 03:59:01
2648,2648,card,536.70,2025-08-29 10:46:45
2649,2649,card,150.76,2025-09-15 14:10:36
2650,2650,card,61.75,2025-08-25 20:27:12
2651,2651,gift_card,1029.97,2025-06-21 16:24:13
2652,2652,card,1904.85,2025-03-30 07:55:39
2653,2653,wallet,1089.46,2025-08-28 23:26:04
2654,2654,card,146.79,2025-08-29 21:03:12
2655,2655,card,1089.86,2025-09-10 02:23:10
2656,2656,\N,426.46,2025-08-31 06:00:59
2657,2657,gift_card,241.02,2025-09-10 03:08:56
2658,2658,cash,407.38,2025-04-13 19:16:14
2659,2659,card,1060.88,2025-11-11 21:42:34
2660,2660,card,346.31,2025-09-04 05:41:56
2661,2661,card,1474.11,2025-08-20 05:07:02
2662,2662,gift_card,88.33,2025-03-14 04:48:52
2663,2663,cash,959.28,2025-06-21 02:00:51
2664,2664,wallet,237.15,2025-09-17 08:55:57
2665,2665,\N,466.38,2025-05-07 12:21:57
2666,2666,card,124.73,2025-11-06 03:28:06
2667,2667,gift_card,334.54,2025-07-05 03:36:54
2668,2668,\N,33.73,2025-05-07 04:28:37
2669,2669,wallet,1315.99,2025-02-14 12:00:05
2670,2670,card,965.36,2025-09-24 22:53:11
2671,2671,cash,211.00,2025-10-09 14:55:40
2672,2672,wallet,612.34,2025-03-02 17:37:17
2673,2673,wallet,392.55,2025-12-06 02:16:23
2674,2674,gift_card,174.14,2025-07-18 08:55:32
2675,2675,\N,97.58,2025-12-05 02:40:04
2676,2676,wallet,815.51,2025-07-06 13:36:00
2677,2677,gift_card,521.55,2025-04-21 16:12:36
2678,2678,card,469.31,2025-01-30 11:09:15
2679,2679,card,100.34,2025-07-18 23:56:02
2680,2680,card,271.20,2025-08-07 22:29:24
2681,2681,\N,84.39,2025-06-11 16:02:14
2682,2682,cash,388.23,2025-12-31 20:18:35
2683,2683,wallet,1347.93,2025-03-30 07:31:37
2684,2684,wallet,252.08,2025-09-13 16:03:18
2685,2685,card,51.96,2025-08-17 05:02:46
2686,2686,gift_card,525.77,2025-03-23 07:33:49
2687,2687,wallet,61.10,2025-07-30 13:54:51
2688,2688,card,138.50,2025-01-30 23:11:04
2689,2689,\N,344.11,2025-04-11 06:58:04
2690,2690,card,664.05,2025-08-16 16:14:34
2691,2691,card,422.85,2025-01-25 02:14:23
2692,2692,\N,334.54,2025-08-29 12:27:45
2693,2693,card,341.01,2025-12-15 05:10:39
2694,2694,cash,179.80,2025-09-16 15:27:58
2695,2695,card,99.37,2025-02-22 02:35:57
2696,2696,card,233.58,2025-09-07 06:43:20
2697,2697,gift_card,94.00,2025-01-02 07:34:36
2698,2698,card,483.08,2025-08-26 20:23:22
2699,2699,card,877.83,2025-08-07 01:40:34
2700,2700,card,1421.24,2025-12-06 20:24:30
2701,2701,card,174.75,2025-10-16 10:35:50
2702,2702,card,1170.36,2025-07-12 08:43:28
2703,2703,wallet,583.63,2025-11-11 06:59:30
2704,2704,card,1933.94,2025-04-02 08:57:12
2705,2705,wallet,39.84,2025-10-10 00:06:55
2706,2706,wallet,229.31,2025-07-17 01:43:58
2707,2707,card,270.51,2025-03-01 12:58:28
2708,2708,card,926.63,2025-10-06 18:57:02
2709,2709,card,318.00,2025-01-16 17:20:16
2710,2710,wallet,315.72,2025-08-02 15:58:02
2711,2711,card,358.42,2025-09-21 00:19:29
2712,2712,wallet,646.67,2025-06-13 16:26:42
2713,2713,card,328.62,2025-06-01 02:07:25
2714,2714,card,110.62,2025-11-17 21:38:45
2715,2715,cash,420.85,2025-06-18 21:58:10
2716,2716,card,896.46,2025-11-06 02:16:23
2717,2717,gift_card,1086.57,2025-03-25 12:46:34
2718,2718,card,1032.04,2025-09-29 17:18:49
2719,2719,gift_card,269.13,2025-09-25 01:33:11
2720,2720,gift_card,314.10,2025-06-05 02:29:13
2721,2721,card,141.78,2025-02-12 00:06:23
2722,2722,\N,362.93,2025-04-15 22:12:21
2723,2723,cash,1283.55,2025-09-05 07:47:14
2724,2724,card,545.13,2025-09-23 12:59:59
2725,2725,wallet,157.51,2025-06-25 11:28:40
2726,2726,wallet,290.19,2025-06-03 07:56:01
2727,2727,card,643.64,2025-04-20 19:56:46
2728,2728,gift_card,1078.61,2025-10-15 15:49:49
2729,2729,gift_card,687.22,2025-01-28 07:58:19
2730,2730,gift_card,93.86,2025-12-30 09:49:40
2731,2731,card,1005.39,2025-04-22 10:23:52
2732,2732,gift_card,125.83,2025-04-26 00:48:44
2733,2733,wallet,399.16,2025-09-14 08:30:14
2734,2734,gift_card,692.23,2025-05-03 07:10:42
2735,2735,gift_card,673.52,2025-04-30 22:36:21
2736,2736,wallet,73.37,2025-09-13 13:40:54
2737,2737,card,365.41,2025-09-12 22:48:28
2738,2738,gift_card,184.62,2025-03-29 04:01:04
2739,2739,card,124.20,2025-03-26 09:46:05
2740,2740,gift_card,763.87,2025-03-08 20:04:31
2741,2741,card,420.61,2025-02-04 12:36:38
2742,2742,card,766.56,2025-02-11 23:43:59
2743,2743,gift_card,800.53,2025-08-28 07:24:51
2744,2744,wallet,424.86,2025-10-06 09:39:40
2745,2745,wallet,280.68,2025-08-12 22:15:09
2746,2746,card,1494.13,2025-06-15 04:39:06
2747,2747,cash,564.57,2025-02-08 23:24:24
2748,2748,card,1293.68,2025-08-26 22:10:13
2749,2749,card,262.66,2025-07-16 04:25:41
2750,2750,\N,624.19,2025-06-05 09:48:49
2751,2751,wallet,761.06,2025-12-07 02:12:06
2752,2752,cash,966.01,2025-09-04 21:10:55
2753,2753,cash,1022.92,2025-01-06 05:48:00
2754,2754,\N,578.60,2025-12-30 01:52:45
2755,2755,\N,1051.52,2025-04-21 23:10:10
2756,2756,cash,183.16,2025-12-17 07:38:14
2757,2757,wallet,1047.60,2025-06-01 12:55:17
2758,2758,cash,368.96,2025-06-23 18:03:33
2759,2759,card,427.95,2025-05-08 12:12:55
2760,2760,card,478.20,2025-04-29 19:56:13
2761,2761,cash,211.34,2025-09-01 15:35:12
2762,2762,card,504.95,2025-12-17 18:54:51
2763,2763,cash,930.08,2025-06-11 20:10:05
2764,2764,gift_card,349.78,2025-08-20 06:13:59
2765,2765,card,446.02,2025-11-17 07:40:39
2766,2766,gift_card,1618.74,2025-08-01 15:56:19
2767,2767,card,23.35,2025-12-28 20:54:23
2768,2768,cash,201.69,2025-04-23 22:41:28
2769,2769,\N,534.66,2025-04-05 17:33:31
2770,2770,\N,89.07,2025-02-18 11:32:14
2771,2771,card,852.21,2025-02-12 22:41:36
2772,2772,\N,571.72,2025-10-12 03:29:02
2773,2773,wallet,647.04,2025-11-28 06:38:49
2774,2774,gift_card,447.24,2025-10-25 17:19:18
2775,2775,card,133.12,2025-12-12 21:45:13
2776,2776,card,911.12,2025-12-24 07:49:44
2777,2777,gift_card,372.30,2025-01-16 06:24:49
2778,2778,gift_card,790.61,2025-09-14 01:11:40
2779,2779,card,1047.15,2025-02-20 00:26:30
2780,2780,card,171.12,2025-08-05 17:01:20
2781,2781,\N,379.37,2025-11-23 23:35:24
2782,2782,\N,623.60,2025-08-03 13:44:04
2783,2783,\N,372.65,2025-12-07 19:16:35
2784,2784,wallet,742.24,2025-07-12 09:50:06
2785,2785,\N,1002.17,2025-08-11 13:49:28
2786,2786,gift_card,323.42,2025-05-06 04:53:02
2787,2787,gift_card,266.17,2025-12-18 05:57:57
2788,2788,gift_card,788.74,2025-07-30 20:17:58
2789,2789,gift_card,465.38,2025-08-26 09:54:15
2790,2790,\N,345.40,2025-02-12 14:04:41
2791,2791,card,1074.26,2025-03-15 20:44:01
2792,2792,gift_card,280.79,2025-07-18 15:43:17
2793,2793,wallet,227.14,2025-09-17 12:25:37
2794,2794,cash,654.51,2025-11-26 01:03:43
2795,2795,gift_card,832.22,2025-09-08 16:31:31
2796,2796,wallet,150.29,2025-04-22 07:29:16
2797,2797,cash,892.78,2025-10-04 08:15:28
2798,2798,card,89.70,2025-04-23 19:57:29
2799,2799,card,688.56,2025-12-25 15:38:40
2800,2800,cash,838.79,2025-10-06 00:22:29
2801,2801,cash,434.35,2025-09-25 06:43:04
2802,2802,card,171.96,2025-01-27 06:42:44
2803,2803,card,148.26,2025-09-12 16:07:09
2804,2804,card,288.12,2025-11-25 20:18:03
2805,2805,card,37.94,2025-03-17 09:11:20
2806,2806,card,370.41,2025-06-06 11:57:26
2807,2807,card,335.29,2025-01-13 02:47:52
2808,2808,card,147.72,2025-12-26 17:00:30
2809,2809,wallet,848.29,2025-09-24 05:49:42
2810,2810,card,187.68,2025-10-29 13:47:07
2811,2811,cash,681.16,2025-01-16 18:40:59
2812,2812,cash,156.52,2025-11-20 17:42:22
2813,2813,gift_card,346.39,2025-04-10 08:16:22
2814,2814,card,574.86,2025-03-05 00:16:16
2815,2815,wallet,1767.41,2025-01-14 15:30:01
2816,2816,wallet,122.34,2025-10-29 16:37:31
2817,2817,card,972.65,2025-09-04 01:27:44
2818,2818,card,43.16,2025-06-21 11:04:52
2819,2819,card,627.99,2025-01-01 15:15:28
2820,2820,card,574.91,2025-09-27 09:23:51
2821,2821,wallet,719.29,2025-07-09 14:21:23
2822,2822,gift_card,631.17,2025-01-29 23:16:20
2823,2823,cash,288.72,2025-07-26 07:25:18
2824,2824,gift_card,578.50,2025-07-06 11:37:44
2825,2825,\N,277.72,2025-02-19 14:39:45
2826,2826,gift_card,42.25,2025-09-02 03:23:43
2827,2827,\N,157.11,2025-11-17 21:58:45
2828,2828,card,329.45,2025-07-22 10:55:42
2829,2829,gift_card,94.25,2025-07-11 10:06:45
2830,2830,card,162.52,2025-08-08 20:19:59
2831,2831,gift_card,790.88,2025-12-25 17:34:44
2832,2832,cash,602.62,2025-05-25 03:55:27
2833,2833,wallet,337.08,2025-04-08 02:01:05
2834,2834,wallet,456.54,2025-05-30 04:41:48
2835,2835,wallet,641.06,2025-10-17 10:44:39
2836,2836,wallet,1902.98,2025-10-05 12:43:57
2837,2837,gift_card,1514.94,2025-11-18 04:55:38
2838,2838,wallet,61.87,2025-12-25 07:45:00
2839,2839,card,253.46,2025-06-08 14:26:57
2840,2840,card,915.59,2025-04-13 07:12:06
2841,2841,cash,1338.47,2025-08-09 17:02:13
2842,2842,cash,203.02,2025-02-08 11:43:41
2843,2843,\N,1138.66,2025-11-10 10:50:05
2844,2844,card,249.92,2025-11-26 22:37:31
2845,2845,card,232.85,2025-02-16 09:22:50
2846,2846,gift_card,709.64,2025-09-26 22:45:50
2847,2847,\N,431.72,2025-07-30 01:09:17
2848,2848,card,329.17,2025-04-30 04:24:16
2849,2849,card,253.11,2025-06-25 18:36:00
2850,2850,wallet,632.54,2025-03-04 18:19:51
2851,2851,gift_card,89.62,2025-12-24 09:44:02
2852,2852,card,589.14,2025-05-22 05:13:28
2853,2853,card,456.57,2025-01-13 15:15:51
2854,2854,card,592.69,2025-08-03 11:51:13
2855,2855,card,417.38,2025-03-07 13:54:20
2856,2856,card,350.54,2025-03-15 08:56:25
2857,2857,wallet,406.95,2025-10-23 07:22:05
2858,2858,card,144.23,2025-11-24 02:54:07
2859,2859,cash,774.90,2025-05-06 03:40:37
2860,2860,cash,390.22,2025-09-30 08:27:48
2861,2861,gift_card,553.10,2025-06-05 21:51:05
2862,2862,wallet,199.34,2025-01-26 05:00:27
2863,2863,card,116.87,2025-01-29 01:15:32
2864,2864,gift_card,369.23,2025-04-04 02:59:44
2865,2865,card,1611.19,2025-09-12 18:00:46
2866,2866,gift_card,741.23,2025-03-03 01:52:44
2867,2867,card,1010.50,2025-11-08 09:40:16
2868,2868,\N,476.68,2025-03-27 14:25:00
2869,2869,gift_card,504.17,2025-02-24 17:42:58
2870,2870,card,174.70,2025-02-05 21:04:44
2871,2871,\N,140.82,2025-05-15 12:16:48
2872,2872,card,416.08,2025-08-30 14:36:43
2873,2873,card,294.07,2025-04-29 12:04:44
2874,2874,\N,364.46,2025-11-27 03:06:22
2875,2875,card,844.44,2025-07-29 16:45:29
2876,2876,wallet,1096.21,2025-03-15 22:46:39
2877,2877,card,425.52,2025-01-28 12:04:25
2878,2878,card,1104.83,2025-11-18 22:19:51
2879,2879,card,240.26,2025-03-20 04:12:53
2880,2880,gift_card,17.82,2025-04-03 12:13:59
2881,2881,cash,25.20,2025-09-03 03:47:29
2882,2882,\N,542.71,2025-07-10 08:56:02
2883,2883,card,878.92,2025-01-13 21:31:27
2884,2884,card,1237.57,2025-12-29 17:49:33
2885,2885,card,177.39,2025-11-16 09:48:02
2886,2886,\N,155.78,2025-07-25 18:50:39
2887,2887,card,1110.71,2025-11-07 18:36:02
2888,2888,wallet,177.08,2025-04-02 02:11:11
2889,2889,cash,343.84,2025-11-17 18:32:25
2890,2890,gift_card,217.12,2025-05-07 15:11:38
2891,2891,card,343.70,2025-03-04 04:03:00
2892,2892,card,1068.34,2025-03-16 10:22:47
2893,2893,cash,344.94,2025-03-30 07:25:14
2894,2894,card,316.91,2025-10-08 05:24:00
2895,2895,gift_card,1078.32,2025-04-06 14:32:32
2896,2896,card,55.51,2025-06-05 00:04:43
2897,2897,wallet,234.58,2025-02-26 02:21:31
2898,2898,card,129.60,2025-04-16 07:25:46
2899,2899,card,263.44,2025-09-11 12:11:31
2900,2900,card,193.92,2025-09-02 16:12:32
2901,2901,card,1024.37,2025-10-05 13:20:48
2902,2902,card,1485.56,2025-02-24 03:41:34
2903,2903,gift_card,194.41,2025-02-17 21:50:03
2904,2904,card,567.26,2025-03-11 02:51:46
2905,2905,\N,323.73,2025-05-08 08:33:26
2906,2906,gift_card,96.64,2025-02-08 12:50:32
2907,2907,\N,816.24,2025-04-14 03:27:08
2908,2908,card,296.58,2025-10-17 07:33:59
2909,2909,cash,1060.33,2025-02-22 06:18:39
2910,2910,card,1158.17,2025-09-07 02:14:02
2911,2911,gift_card,894.36,2025-12-30 13:20:27
2912,2912,wallet,7.84,2025-08-31 07:09:13
2913,2913,gift_card,1314.88,2025-05-21 19:31:02
2914,2914,gift_card,916.11,2025-09-14 17:51:21
2915,2915,wallet,967.32,2025-08-11 03:20:57
2916,2916,card,464.12,2025-11-24 07:12:22
2917,2917,cash,292.80,2025-05-21 11:55:35
2918,2918,wallet,1000.09,2025-09-20 05:41:29
2919,2919,\N,140.27,2025-06-08 07:46:18
2920,2920,cash,291.28,2025-12-22 00:55:59
2921,2921,cash,531.66,2025-11-12 08:26:53
2922,2922,card,46.48,2025-09-27 13:01:37
2923,2923,card,766.29,2025-08-23 10:59:32
2924,2924,wallet,274.37,2025-01-23 00:41:03
2925,2925,cash,523.36,2025-10-09 20:50:35
2926,2926,card,274.30,2025-09-27 21:03:37
2927,2927,cash,745.07,2025-01-24 22:29:45
2928,2928,gift_card,688.88,2025-12-01 17:53:59
2929,2929,card,333.26,2025-02-10 20:28:08
2930,2930,card,352.16,2025-06-21 14:23:40
2931,2931,card,572.17,2025-08-30 22:08:52
2932,2932,cash,122.10,2025-09-30 03:57:01
2933,2933,card,81.68,2025-05-23 01:07:24
2934,2934,card,460.13,2025-10-10 21:12:25
2935,2935,\N,318.88,2025-01-31 04:50:47
2936,2936,card,185.60,2025-05-31 00:14:22
2937,2937,cash,1068.66,2025-12-23 20:29:28
2938,2938,wallet,778.64,2025-01-14 19:27:04
2939,2939,cash,179.48,2025-03-30 23:05:52
2940,2940,card,32.97,2025-07-10 04:03:47
2941,2941,card,578.40,2025-09-17 08:50:09
2942,2942,gift_card,539.13,2025-02-26 03:12:43
2943,2943,\N,76.93,2025-04-14 09:23:00
2944,2944,wallet,373.99,2025-11-06 23:11:05
2945,2945,\N,538.36,2025-01-27 07:25:59
2946,2946,card,680.64,2025-06-13 17:15:45
2947,2947,cash,392.56,2025-09-13 19:13:07
2948,2948,\N,1263.60,2025-04-11 18:51:35
2949,2949,card,580.80,2025-05-10 13:23:59
2950,2950,\N,965.94,2025-07-07 02:19:56
2951,2951,gift_card,411.82,2025-01-17 02:45:55
2952,2952,card,321.96,2025-05-09 22:56:40
2953,2953,gift_card,291.24,2025-11-30 01:08:42
2954,2954,wallet,526.46,2025-01-20 14:47:40
2955,2955,wallet,263.96,2025-05-26 20:07:01
2956,2956,cash,297.35,2025-11-26 18:56:15
2957,2957,cash,194.47,2025-10-19 12:27:20
2958,2958,\N,265.68,2025-08-08 08:23:26
2959,2959,card,387.58,2025-03-13 11:35:50
2960,2960,card,983.56,2025-06-10 23:25:03
2961,2961,cash,375.07,2025-06-30 02:49:16
2962,2962,wallet,370.21,2025-09-27 08:03:22
2963,2963,cash,201.36,2025-04-18 09:44:58
2964,2964,gift_card,1345.97,2025-05-14 09:02:51
2965,2965,gift_card,82.63,2025-10-02 06:26:59
2966,2966,cash,619.57,2025-01-04 07:26:40
2967,2967,cash,153.05,2025-05-21 15:26:12
2968,2968,wallet,623.42,2025-08-29 13:45:12
2969,2969,card,386.45,2025-11-23 03:44:18
2970,2970,card,478.68,2025-12-31 19:49:21
2971,2971,\N,335.34,2025-04-21 05:16:51
2972,2972,card,2199.73,2025-09-11 13:01:31
2973,2973,card,527.18,2025-05-19 07:07:27
2974,2974,card,96.64,2025-06-07 19:57:28
2975,2975,cash,249.37,2025-07-04 04:09:16
2976,2976,wallet,162.35,2025-10-25 12:22:33
2977,2977,\N,162.52,2025-07-22 02:39:36
2978,2978,card,183.62,2025-04-09 11:30:06
2979,2979,card,287.51,2025-01-25 17:55:35
2980,2980,wallet,240.80,2025-06-18 06:11:45
2981,2981,\N,834.60,2025-09-19 19:06:09
2982,2982,gift_card,772.59,2025-09-28 11:39:46
2983,2983,card,800.66,2025-01-24 11:20:43
2984,2984,\N,245.62,2025-07-15 14:46:06
2985,2985,card,196.00,2025-09-06 18:05:33
2986,2986,gift_card,267.68,2025-05-06 10:07:52
2987,2987,\N,336.83,2025-04-17 05:18:24
2988,2988,gift_card,335.72,2025-02-09 08:08:02
2989,2989,card,1422.69,2025-02-25 17:38:46
2990,2990,card,509.88,2025-06-08 21:59:08
2991,2991,cash,886.56,2025-09-22 02:09:38
2992,2992,card,111.56,2025-08-24 08:54:03
2993,2993,card,735.20,2025-05-13 01:48:55
2994,2994,wallet,472.98,2025-09-21 19:42:24
2995,2995,card,143.48,2025-06-03 19:15:37
2996,2996,card,1962.04,2025-06-22 05:22:23
2997,2997,card,257.95,2025-01-19 22:13:41
2998,2998,card,849.07,2025-10-12 11:03:56
2999,2999,card,1218.69,2025-10-09 09:59:55
3000,3000,cash,1291.70,2025-07-31 08:14:28
3001,3001,gift_card,336.52,2025-09-24 00:21:14
3002,3002,wallet,197.34,2025-06-18 07:42:24
3003,3003,card,203.84,2025-08-16 08:57:07
3004,3004,card,301.06,2025-01-24 15:44:17
3005,3005,\N,1003.18,2025-07-17 15:21:19
3006,3006,gift_card,294.00,2025-06-05 21:12:05
3007,3007,gift_card,1446.84,2025-05-08 02:34:38
3008,3008,card,182.28,2025-01-26 18:25:05
3009,3009,cash,1144.05,2025-10-31 15:09:25
3010,3010,gift_card,280.70,2025-04-08 01:21:37
3011,3011,cash,236.75,2025-10-18 10:10:46
3012,3012,gift_card,565.28,2025-03-26 21:18:20
3013,3013,card,289.66,2025-05-12 01:40:57
3014,3014,cash,995.59,2025-02-18 08:15:10
3015,3015,card,346.42,2025-07-12 17:30:17
3016,3016,card,145.26,2025-07-03 12:19:27
3017,3017,cash,339.10,2025-05-30 12:58:43
3018,3018,cash,882.99,2025-03-17 06:01:40
3019,3019,gift_card,825.31,2025-03-01 06:52:59
3020,3020,card,179.17,2025-03-20 13:13:13
3021,3021,gift_card,184.45,2025-10-25 22:32:14
3022,3022,wallet,175.45,2025-04-21 14:44:51
3023,3023,\N,257.36,2025-10-21 07:27:55
3024,3024,wallet,328.20,2025-02-02 05:45:27
3025,3025,gift_card,112.89,2025-05-12 23:14:38
3026,3026,card,1780.77,2025-06-26 19:26:26
3027,3027,card,689.08,2025-07-02 03:49:35
3028,3028,card,1028.79,2025-11-09 14:52:55
3029,3029,wallet,125.04,2025-09-20 14:32:44
3030,3030,wallet,130.37,2025-11-23 03:46:43
3031,3031,wallet,124.70,2025-08-24 08:33:04
3032,3032,wallet,610.31,2025-09-25 07:23:48
3033,3033,\N,411.82,2025-11-11 13:06:09
3034,3034,card,536.12,2025-02-21 22:28:30
3035,3035,gift_card,213.78,2025-08-09 05:28:49
3036,3036,\N,282.05,2025-07-09 00:37:19
3037,3037,card,683.32,2025-08-22 22:41:16
3038,3038,wallet,557.72,2025-06-29 21:34:27
3039,3039,card,148.52,2025-07-09 18:57:43
3040,3040,card,391.85,2025-06-16 23:14:14
3041,3041,card,301.43,2025-11-15 15:36:14
3042,3042,card,767.06,2025-06-15 16:11:54
3043,3043,card,188.34,2025-12-25 21:16:41
3044,3044,\N,279.36,2025-10-11 11:01:10
3045,3045,\N,196.83,2025-10-09 14:58:24
3046,3046,\N,808.33,2025-05-31 18:41:24
3047,3047,card,841.86,2025-12-20 17:02:58
3048,3048,\N,716.13,2025-03-24 05:03:25
3049,3049,card,85.63,2025-04-26 06:12:50
3050,3050,cash,65.82,2025-07-08 11:04:16
3051,3051,cash,307.90,2025-07-28 16:35:15
3052,3052,card,1545.71,2025-03-02 19:29:48
3053,3053,cash,640.07,2025-02-15 02:40:02
3054,3054,cash,430.42,2025-07-22 07:16:43
3055,3055,card,79.42,2025-01-04 11:03:07
3056,3056,card,254.56,2025-03-16 07:25:49
3057,3057,wallet,459.02,2025-09-30 16:02:23
3058,3058,wallet,198.25,2025-12-23 01:13:21
3059,3059,\N,496.77,2025-10-27 02:32:48
3060,3060,wallet,714.26,2025-12-09 06:50:22
3061,3061,wallet,125.38,2025-03-31 00:31:38
3062,3062,\N,66.65,2025-08-10 19:11:42
3063,3063,card,396.42,2025-07-24 01:04:06
3064,3064,cash,238.22,2025-05-12 00:19:09
3065,3065,card,372.56,2025-02-15 04:53:53
3066,3066,gift_card,856.83,2025-06-20 12:10:42
3067,3067,cash,180.08,2025-04-08 15:24:58
3068,3068,card,1034.57,2025-09-11 04:57:18
3069,3069,cash,1298.77,2025-12-05 02:38:12
3070,3070,wallet,351.30,2025-12-26 21:43:53
3071,3071,wallet,613.01,2025-02-25 04:04:00
3072,3072,\N,150.79,2025-06-08 22:32:53
3073,3073,wallet,131.66,2025-05-11 23:55:05
3074,3074,wallet,684.66,2025-11-03 15:27:32
3075,3075,card,63.96,2025-07-04 23:40:01
3076,3076,\N,131.19,2025-06-03 05:48:02
3077,3077,cash,671.96,2025-06-08 10:34:44
3078,3078,card,310.66,2025-01-23 04:21:30
3079,3079,wallet,648.33,2025-08-28 09:40:18
3080,3080,card,169.41,2025-08-05 00:24:20
3081,3081,\N,1953.03,2025-11-25 14:13:54
3082,3082,\N,347.31,2025-12-27 05:09:39
3083,3083,cash,154.11,2025-02-13 04:26:29
3084,3084,gift_card,201.93,2025-03-20 08:09:52
3085,3085,card,207.14,2025-06-05 07:44:44
3086,3086,card,707.93,2025-07-06 17:50:29
3087,3087,card,26.53,2025-07-13 15:45:49
3088,3088,card,824.28,2025-03-16 10:57:06
3089,3089,wallet,703.67,2025-02-24 12:19:18
3090,3090,cash,12.60,2025-07-25 09:28:54
3091,3091,\N,304.64,2025-04-02 04:47:29
3092,3092,\N,208.18,2025-07-22 05:06:39
3093,3093,\N,1506.94,2025-07-24 04:33:25
3094,3094,card,209.90,2025-10-27 18:11:36
3095,3095,wallet,65.44,2025-06-21 14:44:08
3096,3096,gift_card,731.44,2025-08-29 02:53:43
3097,3097,wallet,500.45,2025-02-04 20:57:33
3098,3098,wallet,272.12,2025-09-14 10:01:44
3099,3099,\N,254.23,2025-10-31 06:59:18
3100,3100,card,89.93,2025-06-14 08:03:58
3101,3101,wallet,362.78,2025-06-27 23:23:40
3102,3102,\N,622.53,2025-05-14 08:34:06
3103,3103,card,199.89,2025-12-27 19:12:11
3104,3104,wallet,215.62,2025-01-16 05:20:57
3105,3105,card,637.42,2025-05-31 11:22:27
3106,3106,wallet,215.86,2025-03-11 21:02:02
3107,3107,wallet,177.50,2025-06-22 17:37:23
3108,3108,wallet,585.01,2025-12-10 06:24:48
3109,3109,\N,943.83,2025-03-29 02:24:01
3110,3110,wallet,365.08,2025-01-04 11:53:43
3111,3111,\N,245.16,2025-02-09 13:42:22
3112,3112,gift_card,1293.33,2025-01-31 10:27:42
3113,3113,gift_card,345.53,2025-07-26 21:48:53
3114,3114,card,409.66,2025-02-19 02:16:56
3115,3115,cash,903.99,2025-01-05 12:21:55
3116,3116,gift_card,416.80,2025-08-16 19:44:50
3117,3117,gift_card,442.70,2025-07-17 07:33:11
3118,3118,card,426.69,2025-06-21 08:09:30
3119,3119,wallet,721.79,2025-11-22 10:58:58
3120,3120,card,562.71,2025-04-22 20:40:21
3121,3121,card,579.59,2025-08-30 05:19:26
3122,3122,wallet,189.50,2025-10-27 18:39:32
3123,3123,cash,541.79,2025-06-04 07:10:22
3124,3124,wallet,340.92,2025-03-15 17:22:02
3125,3125,wallet,89.85,2025-05-18 16:49:21
3126,3126,cash,1627.82,2025-08-08 20:51:19
3127,3127,card,1191.39,2025-04-08 21:12:42
3128,3128,\N,475.76,2025-02-20 06:42:16
3129,3129,\N,533.79,2025-12-26 18:32:18
3130,3130,card,35.20,2025-02-17 16:25:01
3131,3131,\N,200.22,2025-12-28 18:40:33
3132,3132,cash,478.93,2025-09-07 00:41:18
3133,3133,card,269.07,2025-06-16 02:11:42
3134,3134,\N,231.96,2025-09-04 21:10:35
3135,3135,cash,34.09,2025-02-03 20:31:55
3136,3136,wallet,257.30,2025-08-02 23:53:48
3137,3137,\N,782.77,2025-08-26 18:15:09
3138,3138,cash,256.36,2025-12-18 18:30:24
3139,3139,card,776.78,2025-09-19 01:24:44
3140,3140,gift_card,853.97,2025-10-11 10:25:33
3141,3141,card,443.41,2025-01-25 00:34:07
3142,3142,\N,375.90,2025-03-17 11:17:04
3143,3143,gift_card,161.18,2025-02-07 11:16:44
3144,3144,gift_card,17.34,2025-09-13 10:39:39
3145,3145,\N,604.57,2025-09-04 12:53:06
3146,3146,gift_card,39.12,2025-10-25 19:53:50
3147,3147,wallet,145.26,2025-11-17 02:32:40
3148,3148,gift_card,740.73,2025-06-28 12:29:57
3149,3149,card,673.04,2025-12-08 12:23:13
3150,3150,card,957.33,2025-05-22 07:53:03
3151,3151,wallet,476.44,2025-11-10 12:51:33
3152,3152,gift_card,1297.52,2025-09-21 11:00:36
3153,3153,wallet,708.09,2025-10-24 02:22:24
3154,3154,gift_card,969.48,2025-05-26 09:52:55
3155,3155,card,752.29,2025-05-14 03:20:39
3156,3156,wallet,366.64,2025-09-20 19:29:35
3157,3157,\N,2064.11,2025-05-27 06:43:03
3158,3158,card,321.07,2025-04-28 19:56:23
3159,3159,card,199.15,2025-03-21 20:21:33
3160,3160,\N,459.68,2025-12-20 05:07:09
3161,3161,gift_card,347.08,2025-03-01 07:50:16
3162,3162,wallet,769.62,2025-11-21 19:15:34
3163,3163,card,113.19,2025-09-21 00:54:13
3164,3164,\N,307.77,2025-05-06 20:19:06
3165,3165,card,457.66,2025-07-28 19:18:34
3166,3166,wallet,325.54,2025-03-07 14:56:25
3167,3167,card,363.42,2025-02-05 11:29:05
3168,3168,card,1652.03,2025-06-24 18:07:31
3169,3169,card,176.10,2025-04-11 01:45:42
3170,3170,card,636.71,2025-09-13 09:18:17
3171,3171,wallet,478.25,2025-09-12 09:33:28
3172,3172,wallet,331.82,2025-05-12 21:15:37
3173,3173,card,321.69,2025-06-26 22:41:29
3174,3174,gift_card,24.95,2025-12-15 21:32:58
3175,3175,cash,765.04,2025-06-10 05:45:12
3176,3176,card,323.73,2025-06-30 05:11:38
3177,3177,gift_card,467.33,2025-08-24 02:49:12
3178,3178,card,155.70,2025-03-28 07:13:36
3179,3179,card,263.58,2025-10-14 00:53:46
3180,3180,card,296.74,2025-04-23 09:22:16
3181,3181,\N,288.06,2025-12-05 04:39:23
3182,3182,card,213.32,2025-01-03 18:05:11
3183,3183,cash,257.70,2025-06-13 00:47:34
3184,3184,\N,274.35,2025-05-07 08:13:34
3185,3185,wallet,781.41,2025-07-13 18:56:31
3186,3186,card,575.50,2025-02-10 03:36:38
3187,3187,\N,1086.91,2025-10-22 22:19:58
3188,3188,card,971.50,2025-08-27 07:19:22
3189,3189,card,764.19,2025-09-24 01:52:16
3190,3190,cash,719.05,2025-04-19 23:13:45
3191,3191,card,40.18,2025-10-15 13:09:29
3192,3192,wallet,935.76,2025-07-17 13:30:53
3193,3193,wallet,1008.86,2025-03-12 01:08:46
3194,3194,gift_card,658.84,2025-04-23 22:21:03
3195,3195,\N,512.17,2025-10-06 00:11:41
3196,3196,card,289.24,2025-03-28 07:35:33
3197,3197,card,126.54,2025-04-30 09:49:59
3198,3198,card,1152.95,2025-04-15 16:59:12
3199,3199,wallet,1589.58,2025-12-26 11:19:04
3200,3200,card,85.48,2025-09-09 07:19:26
3201,3201,wallet,1796.30,2025-06-28 11:35:42
3202,3202,cash,878.23,2025-11-18 19:37:26
3203,3203,card,1131.51,2025-04-21 11:24:06
3204,3204,card,204.43,2025-12-22 09:56:14
3205,3205,card,514.90,2025-07-06 11:31:38
3206,3206,card,249.56,2025-08-28 07:10:09
3207,3207,cash,113.11,2025-05-29 20:08:01
3208,3208,wallet,381.33,2025-11-14 05:36:09
3209,3209,wallet,465.38,2025-07-30 02:52:42
3210,3210,\N,511.42,2025-01-18 10:29:08
3211,3211,wallet,299.94,2025-07-19 20:54:22
3212,3212,cash,1611.85,2025-08-22 16:42:31
3213,3213,card,1091.04,2025-08-27 10:30:15
3214,3214,wallet,594.43,2025-05-07 13:40:06
3215,3215,wallet,833.74,2025-07-03 04:00:52
3216,3216,card,106.99,2025-09-30 05:40:56
3217,3217,card,21.39,2025-02-04 07:20:27
3218,3218,card,993.24,2025-05-08 12:55:12
3219,3219,card,474.22,2025-01-11 23:08:21
3220,3220,\N,615.71,2025-10-23 02:52:05
3221,3221,gift_card,356.53,2025-07-17 22:34:43
3222,3222,card,444.94,2025-12-06 17:37:01
3223,3223,card,528.28,2025-02-25 15:27:58
3224,3224,wallet,249.43,2025-01-03 22:23:15
3225,3225,\N,312.98,2025-08-20 05:26:08
3226,3226,card,768.38,2025-05-15 00:45:21
3227,3227,gift_card,1009.38,2025-01-24 17:09:46
3228,3228,cash,669.20,2025-01-17 09:03:13
3229,3229,cash,693.93,2025-08-31 11:55:39
3230,3230,card,590.63,2025-07-28 20:09:25
3231,3231,card,825.15,2025-09-06 12:29:44
3232,3232,card,1357.26,2025-07-08 06:52:13
3233,3233,cash,319.66,2025-10-02 07:27:25
3234,3234,wallet,417.76,2025-01-12 12:03:43
3235,3235,\N,198.85,2025-05-03 08:56:06
3236,3236,cash,215.94,2025-05-18 10:32:28
3237,3237,\N,308.32,2025-04-20 18:33:59
3238,3238,\N,291.87,2025-05-27 05:38:32
3239,3239,card,404.51,2025-01-19 05:15:31
3240,3240,wallet,778.95,2025-08-10 05:56:21
3241,3241,cash,856.88,2025-01-29 16:24:06
3242,3242,card,141.82,2025-02-14 18:25:39
3243,3243,cash,605.36,2025-06-18 17:58:39
3244,3244,card,169.51,2025-02-21 19:46:23
3245,3245,\N,301.07,2025-11-06 22:52:47
3246,3246,gift_card,244.48,2025-08-17 11:24:47
3247,3247,card,414.78,2025-06-09 10:03:58
3248,3248,gift_card,246.80,2025-09-21 23:28:51
3249,3249,gift_card,535.51,2025-06-07 07:42:36
3250,3250,card,919.26,2025-10-12 07:40:38
3251,3251,cash,605.04,2025-09-28 23:13:18
3252,3252,wallet,643.39,2025-10-04 05:32:28
3253,3253,gift_card,609.56,2025-08-28 05:02:40
3254,3254,card,175.01,2025-04-13 19:24:43
3255,3255,wallet,85.96,2025-04-03 09:23:34
3256,3256,gift_card,298.16,2025-10-27 09:24:04
3257,3257,card,184.51,2025-09-21 18:20:04
3258,3258,wallet,643.56,2025-12-20 10:07:00
3259,3259,wallet,455.27,2025-09-11 13:01:43
3260,3260,wallet,370.87,2025-07-09 07:31:36
3261,3261,card,408.80,2025-04-23 12:45:45
3262,3262,gift_card,622.58,2025-02-18 10:32:49
3263,3263,\N,363.34,2025-05-30 10:17:18
3264,3264,cash,804.79,2025-12-17 02:23:55
3265,3265,card,139.04,2025-03-08 18:46:50
3266,3266,card,1161.56,2025-03-25 08:49:06
3267,3267,cash,417.84,2025-05-16 16:00:15
3268,3268,card,317.78,2025-10-10 11:41:51
3269,3269,wallet,72.28,2025-04-04 15:46:16
3270,3270,\N,723.12,2025-12-29 20:20:35
3271,3271,cash,230.11,2025-09-22 17:02:46
3272,3272,cash,494.12,2025-05-06 13:54:52
3273,3273,card,1580.39,2025-11-04 18:47:27
3274,3274,wallet,808.99,2025-02-27 08:55:09
3275,3275,card,331.75,2025-02-27 20:07:23
3276,3276,wallet,579.38,2025-05-07 15:14:30
3277,3277,\N,421.42,2025-01-11 02:55:45
3278,3278,wallet,280.42,2025-09-06 17:31:16
3279,3279,gift_card,57.49,2025-03-06 15:00:39
3280,3280,card,318.18,2025-01-06 23:42:17
3281,3281,gift_card,216.85,2025-07-26 18:28:13
3282,3282,card,91.97,2025-12-16 01:54:21
3283,3283,card,122.37,2025-09-05 07:54:24
3284,3284,cash,374.98,2025-02-10 07:12:38
3285,3285,card,1203.16,2025-05-27 04:15:01
3286,3286,card,750.37,2025-07-21 06:55:37
3287,3287,cash,1653.89,2025-10-01 23:20:33
3288,3288,wallet,185.25,2025-01-29 03:19:23
3289,3289,cash,193.84,2025-02-08 12:01:14
3290,3290,card,309.35,2025-06-24 05:34:43
3291,3291,card,356.23,2025-05-25 03:17:05
3292,3292,gift_card,1719.79,2025-07-08 20:46:58
3293,3293,gift_card,1138.37,2025-04-30 02:29:22
3294,3294,\N,345.81,2025-07-18 20:42:03
3295,3295,\N,1094.89,2025-01-25 00:46:02
3296,3296,gift_card,764.88,2025-02-08 15:15:21
3297,3297,wallet,288.82,2025-08-27 07:39:25
3298,3298,wallet,559.14,2025-12-17 17:44:58
3299,3299,card,951.52,2025-09-17 22:36:35
3300,3300,\N,51.29,2025-10-30 12:36:33
3301,3301,cash,325.51,2025-10-11 15:31:35
3302,3302,card,1302.53,2025-09-30 11:01:19
3303,3303,gift_card,910.89,2025-12-22 09:20:43
3304,3304,card,110.02,2025-01-29 03:00:20
3305,3305,card,301.95,2025-04-27 17:56:02
3306,3306,wallet,252.08,2025-11-22 14:21:52
3307,3307,card,1150.38,2025-03-20 17:51:25
3308,3308,cash,90.64,2025-12-18 01:53:08
3309,3309,card,276.29,2025-08-15 15:13:27
3310,3310,card,223.93,2025-02-19 22:52:54
3311,3311,card,252.08,2025-05-04 21:16:23
3312,3312,wallet,1887.64,2025-07-05 04:24:29
3313,3313,card,699.45,2025-07-24 12:48:15
3314,3314,card,725.38,2025-04-05 04:16:58
3315,3315,cash,329.17,2025-03-15 04:34:11
3316,3316,gift_card,132.83,2025-09-14 18:48:23
3317,3317,card,817.96,2025-02-13 17:13:29
3318,3318,\N,758.02,2025-07-26 03:26:50
3319,3319,card,311.44,2025-02-04 08:00:42
3320,3320,card,429.62,2025-05-06 08:13:53
3321,3321,card,947.50,2025-11-13 18:02:49
3322,3322,cash,352.61,2025-05-18 19:56:15
3323,3323,wallet,59.28,2025-12-09 15:36:14
3324,3324,gift_card,132.76,2025-03-30 03:24:18
3325,3325,gift_card,89.24,2025-03-15 21:24:50
3326,3326,gift_card,320.84,2025-06-10 02:33:18
3327,3327,card,104.91,2025-03-08 07:18:34
3328,3328,wallet,803.98,2025-10-06 07:47:36
3329,3329,card,300.94,2025-08-29 00:05:34
3330,3330,wallet,159.13,2025-10-15 04:02:28
3331,3331,card,96.05,2025-05-22 04:37:35
3332,3332,cash,965.60,2025-06-16 05:57:46
3333,3333,card,855.98,2025-11-15 23:54:10
3334,3334,wallet,224.08,2025-02-15 19:13:50
3335,3335,card,1488.50,2025-12-20 01:54:59
3336,3336,cash,910.89,2025-04-18 07:44:38
3337,3337,card,149.26,2025-03-12 00:45:20
3338,3338,card,257.15,2025-05-25 05:51:46
3339,3339,\N,856.63,2025-06-01 17:52:21
3340,3340,card,875.62,2025-09-21 20:44:57
3341,3341,wallet,359.98,2025-04-08 12:59:50
3342,3342,card,1083.99,2025-02-27 06:55:15
3343,3343,card,282.79,2025-06-12 09:28:19
3344,3344,wallet,279.72,2025-02-12 09:20:13
3345,3345,cash,674.13,2025-02-12 08:33:30
3346,3346,wallet,123.45,2025-02-21 16:19:28
3347,3347,gift_card,517.45,2025-06-27 23:55:52
3348,3348,wallet,246.25,2025-06-05 11:36:29
3349,3349,card,533.80,2025-12-01 22:04:48
3350,3350,gift_card,723.34,2025-10-30 19:27:56
3351,3351,card,954.16,2025-02-10 02:15:56
3352,3352,wallet,145.89,2025-01-05 20:04:29
3353,3353,\N,263.91,2025-04-01 04:10:08
3354,3354,card,905.29,2025-09-25 18:28:31
3355,3355,card,167.51,2025-03-30 13:40:25
3356,3356,wallet,499.09,2025-03-28 06:16:20
3357,3357,card,811.81,2025-02-16 12:34:05
3358,3358,card,831.04,2025-12-11 16:09:13
3359,3359,card,958.26,2025-10-05 14:49:50
3360,3360,gift_card,81.71,2025-06-19 09:47:02
3361,3361,gift_card,253.46,2025-12-11 09:57:47
3362,3362,cash,649.28,2025-12-29 22:32:55
3363,3363,card,747.82,2025-04-24 17:39:02
3364,3364,gift_card,175.43,2025-04-16 17:08:03
3365,3365,cash,681.28,2025-12-18 08:05:47
3366,3366,card,499.71,2025-02-27 20:05:29
3367,3367,card,1265.94,2025-08-02 06:39:03
3368,3368,card,859.33,2025-03-23 07:28:37
3369,3369,cash,560.44,2025-06-02 09:59:16
3370,3370,\N,283.65,2025-11-23 07:34:08
3371,3371,wallet,553.94,2025-09-29 22:58:39
3372,3372,card,385.96,2025-02-03 07:13:37
3373,3373,gift_card,502.19,2025-12-04 20:51:13
3374,3374,gift_card,40.83,2025-07-26 17:33:04
3375,3375,card,367.62,2025-09-29 00:13:23
3376,3376,gift_card,740.04,2025-09-15 10:29:37
3377,3377,card,123.77,2025-11-01 05:01:34
3378,3378,gift_card,562.97,2025-04-21 20:38:36
3379,3379,card,642.68,2025-01-30 09:53:45
3380,3380,card,251.23,2025-03-16 07:44:36
3381,3381,wallet,302.03,2025-10-13 18:12:47
3382,3382,card,884.53,2025-04-12 09:31:30
3383,3383,card,408.32,2025-02-06 19:19:29
3384,3384,cash,443.38,2025-02-06 06:22:17
3385,3385,card,1006.64,2025-11-14 07:49:02
3386,3386,card,664.56,2025-06-30 05:31:54
3387,3387,card,43.74,2025-12-12 06:32:46
3388,3388,cash,314.79,2025-07-08 03:49:18
3389,3389,gift_card,572.79,2025-10-24 16:38:00
3390,3390,card,640.27,2025-05-16 06:12:30
3391,3391,card,29.62,2025-08-27 16:28:42
3392,3392,card,475.53,2025-01-30 13:33:05
3393,3393,wallet,936.90,2025-04-28 00:35:03
3394,3394,card,791.99,2025-09-09 09:42:56
3395,3395,card,302.11,2025-06-22 07:14:20
3396,3396,cash,975.42,2025-09-06 13:19:48
3397,3397,wallet,890.18,2025-05-26 13:22:43
3398,3398,card,654.48,2025-08-26 01:03:48
3399,3399,card,179.26,2025-07-19 00:03:53
3400,3400,\N,126.79,2025-08-17 14:03:42
3401,3401,card,266.40,2025-10-17 21:08:46
3402,3402,wallet,1369.53,2025-06-18 10:24:04
3403,3403,cash,385.26,2025-05-08 01:51:44
3404,3404,card,726.16,2025-06-16 05:58:15
3405,3405,card,887.67,2025-01-19 03:52:35
3406,3406,card,1357.86,2025-02-09 07:52:40
3407,3407,gift_card,249.56,2025-11-25 06:58:47
3408,3408,card,404.05,2025-06-05 04:01:29
3409,3409,wallet,730.74,2025-07-22 14:30:23
3410,3410,card,286.70,2025-03-06 22:41:46
3411,3411,cash,984.54,2025-01-13 19:52:15
3412,3412,card,819.59,2025-01-25 04:04:14
3413,3413,cash,198.97,2025-03-28 18:53:08
3414,3414,card,475.39,2025-03-06 16:19:11
3415,3415,gift_card,510.34,2025-02-18 07:21:58
3416,3416,\N,1950.30,2025-09-26 20:59:37
3417,3417,gift_card,194.47,2025-03-15 15:45:19
3418,3418,gift_card,310.36,2025-02-16 12:02:36
3419,3419,wallet,902.50,2025-04-26 10:29:37
3420,3420,card,138.42,2025-09-10 23:50:52
3421,3421,wallet,1422.48,2025-10-28 05:51:05
3422,3422,card,58.74,2025-08-19 10:20:56
3423,3423,card,1081.48,2025-10-28 21:38:44
3424,3424,cash,24.07,2025-05-27 08:00:59
3425,3425,cash,564.37,2025-05-09 15:02:22
3426,3426,card,243.96,2025-05-23 13:45:03
3427,3427,card,120.95,2025-11-11 11:02:48
3428,3428,card,579.82,2025-02-08 02:01:30
3429,3429,card,825.96,2025-04-28 14:20:20
3430,3430,\N,318.71,2025-09-24 04:28:23
3431,3431,card,133.21,2025-07-31 20:40:21
3432,3432,\N,794.95,2025-04-21 09:44:23
3433,3433,card,689.74,2025-03-05 06:12:16
3434,3434,gift_card,186.16,2025-06-15 10:06:55
3435,3435,card,168.90,2025-02-25 11:03:14
3436,3436,cash,344.86,2025-05-08 12:34:38
3437,3437,cash,938.87,2025-09-09 21:49:36
3438,3438,card,914.88,2025-04-15 10:18:32
3439,3439,gift_card,466.69,2025-04-18 12:35:14
3440,3440,\N,893.37,2025-09-24 16:06:31
3441,3441,cash,912.98,2025-03-05 08:12:06
3442,3442,card,322.96,2025-12-14 23:56:42
3443,3443,wallet,7.23,2025-04-06 04:30:37
3444,3444,cash,72.53,2025-06-17 06:06:03
3445,3445,cash,771.10,2025-07-31 12:55:29
3446,3446,\N,51.24,2025-08-27 20:16:38
3447,3447,card,279.60,2025-03-15 18:50:06
3448,3448,card,170.35,2025-09-30 18:33:21
3449,3449,card,922.25,2025-10-19 19:20:43
3450,3450,cash,769.13,2025-08-04 01:19:07
3451,3451,cash,430.82,2025-08-04 18:10:15
3452,3452,\N,826.43,2025-10-07 07:16:28
3453,3453,\N,793.56,2025-07-09 18:08:17
3454,3454,card,59.28,2025-07-23 22:25:51
3455,3455,card,305.11,2025-01-13 01:06:33
3456,3456,gift_card,542.51,2025-01-10 14:33:37
3457,3457,card,42.64,2025-05-08 16:30:44
3458,3458,wallet,469.65,2025-11-12 13:14:34
3459,3459,gift_card,150.18,2025-01-11 23:16:33
3460,3460,card,1247.03,2025-10-14 04:14:52
3461,3461,card,865.59,2025-11-30 15:45:11
3462,3462,gift_card,344.28,2025-10-18 23:13:51
3463,3463,card,363.34,2025-09-07 12:52:58
3464,3464,cash,242.67,2025-07-08 13:56:37
3465,3465,wallet,188.86,2025-01-09 14:18:36
3466,3466,card,576.97,2025-07-01 12:27:57
3467,3467,wallet,418.48,2025-08-10 12:46:05
3468,3468,card,1742.92,2025-07-06 15:57:45
3469,3469,wallet,486.07,2025-01-28 04:37:25
3470,3470,cash,346.44,2025-05-20 02:26:10
3471,3471,card,478.62,2025-06-26 13:35:42
3472,3472,card,229.28,2025-08-17 10:05:35
3473,3473,card,309.76,2025-10-28 09:07:07
3474,3474,gift_card,538.48,2025-09-08 16:25:34
3475,3475,\N,291.78,2025-08-10 10:21:25
3476,3476,cash,1476.31,2025-01-14 12:27:33
3477,3477,wallet,291.87,2025-01-05 08:09:27
3478,3478,card,1008.45,2025-04-12 19:20:14
3479,3479,card,461.25,2025-08-08 08:25:34
3480,3480,cash,339.42,2025-11-22 23:16:43
3481,3481,gift_card,333.53,2025-09-23 19:48:05
3482,3482,cash,260.24,2025-01-09 11:20:20
3483,3483,cash,153.34,2025-03-25 01:29:30
3484,3484,card,125.67,2025-10-20 15:14:04
3485,3485,card,663.28,2025-02-26 14:39:06
3486,3486,cash,323.49,2025-04-13 08:24:59
3487,3487,card,689.60,2025-03-26 10:22:51
3488,3488,cash,355.24,2025-09-23 03:13:12
3489,3489,card,483.45,2025-01-04 10:27:33
3490,3490,card,109.37,2025-11-29 01:55:37
3491,3491,\N,964.39,2025-01-20 15:12:07
3492,3492,card,399.92,2025-03-10 10:51:18
3493,3493,\N,745.62,2025-02-23 16:39:51
3494,3494,card,686.66,2025-03-25 07:26:35
3495,3495,gift_card,116.90,2025-06-18 12:24:26
3496,3496,card,69.49,2025-10-01 22:18:29
3497,3497,card,138.33,2025-02-13 16:00:29
3498,3498,card,785.75,2025-04-28 09:13:54
3499,3499,gift_card,413.54,2025-05-21 00:47:33
3500,3500,\N,743.59,2025-08-04 01:24:05
3501,3501,gift_card,358.79,2025-11-18 07:16:52
3502,3502,wallet,461.95,2025-11-01 17:23:39
3503,3503,card,1090.01,2025-10-27 00:52:26
3504,3504,card,689.41,2025-09-24 11:54:55
3505,3505,cash,215.86,2025-12-02 00:01:29
3506,3506,gift_card,285.34,2025-01-24 13:50:47
3507,3507,wallet,638.01,2025-01-18 08:20:07
3508,3508,card,1107.55,2025-10-04 14:41:22
3509,3509,gift_card,1243.33,2025-01-12 12:41:11
3510,3510,\N,138.02,2025-03-18 22:38:11
3511,3511,card,511.42,2025-11-04 14:21:22
3512,3512,gift_card,159.79,2025-05-10 21:50:28
3513,3513,cash,33.73,2025-12-06 08:54:28
3514,3514,gift_card,216.26,2025-08-20 17:47:00
3515,3515,card,211.12,2025-01-01 17:32:45
3516,3516,card,148.00,2025-01-22 12:36:52
3517,3517,card,332.10,2025-01-15 23:52:36
3518,3518,\N,838.45,2025-11-25 10:41:11
3519,3519,card,71.97,2025-07-25 01:48:56
3520,3520,card,565.36,2025-11-22 20:11:25
3521,3521,wallet,35.92,2025-11-29 15:14:08
3522,3522,wallet,573.54,2025-07-15 03:10:48
3523,3523,cash,250.83,2025-10-21 23:35:59
3524,3524,gift_card,879.11,2025-05-18 15:00:32
3525,3525,gift_card,1239.35,2025-06-26 05:21:18
3526,3526,card,230.82,2025-02-14 22:54:23
3527,3527,gift_card,845.34,2025-05-20 23:51:47
3528,3528,\N,471.15,2025-10-07 17:44:59
3529,3529,card,709.02,2025-12-16 00:28:14
3530,3530,wallet,311.53,2025-09-13 14:46:41
3531,3531,cash,99.98,2025-04-08 02:03:19
3532,3532,card,1080.52,2025-06-01 10:36:57
3533,3533,cash,362.27,2025-10-07 19:14:13
3534,3534,card,350.41,2025-02-24 04:30:47
3535,3535,card,329.44,2025-05-05 17:32:07
3536,3536,card,102.53,2025-12-31 07:11:57
3537,3537,cash,290.13,2025-09-21 20:23:43
3538,3538,wallet,103.90,2025-07-16 20:06:16
3539,3539,wallet,186.93,2025-05-15 15:36:38
3540,3540,cash,97.15,2025-02-18 03:21:08
3541,3541,\N,464.38,2025-04-28 11:41:18
3542,3542,wallet,202.04,2025-08-22 15:29:43
3543,3543,gift_card,2216.01,2025-09-12 00:28:41
3544,3544,card,349.63,2025-02-11 03:57:17
3545,3545,gift_card,744.38,2025-03-22 16:33:24
3546,3546,wallet,562.25,2025-10-21 19:10:04
3547,3547,cash,472.66,2025-07-17 12:21:31
3548,3548,wallet,845.13,2025-08-16 05:14:53
3549,3549,card,363.55,2025-06-24 16:15:26
3550,3550,cash,522.10,2025-06-13 00:46:57
3551,3551,\N,515.70,2025-03-28 20:08:45
3552,3552,cash,321.68,2025-11-06 04:54:00
3553,3553,card,288.74,2025-11-07 09:16:43
3554,3554,\N,363.12,2025-06-23 23:06:44
3555,3555,wallet,565.30,2025-06-01 20:42:07
3556,3556,card,1145.29,2025-04-03 22:58:16
3557,3557,\N,207.68,2025-12-01 20:44:34
3558,3558,gift_card,329.42,2025-12-02 07:38:44
3559,3559,card,688.93,2025-11-02 21:02:04
3560,3560,cash,220.80,2025-08-11 06:53:51
3561,3561,card,826.46,2025-04-29 19:28:13
3562,3562,card,906.25,2025-05-06 23:56:18
3563,3563,gift_card,687.24,2025-10-16 19:34:46
3564,3564,\N,268.59,2025-02-23 03:16:55
3565,3565,cash,507.47,2025-11-01 05:18:39
3566,3566,\N,710.61,2025-10-13 12:21:53
3567,3567,card,445.08,2025-04-12 03:16:50
3568,3568,\N,296.42,2025-06-29 02:28:16
3569,3569,\N,803.11,2025-10-10 18:54:16
3570,3570,card,954.47,2025-12-24 01:50:20
3571,3571,card,145.19,2025-12-07 17:10:15
3572,3572,gift_card,798.96,2025-01-12 00:33:32
3573,3573,card,374.98,2025-08-19 10:38:58
3574,3574,\N,590.27,2025-08-26 00:56:07
3575,3575,card,1230.17,2025-08-28 00:27:12
3576,3576,card,60.03,2025-05-19 10:20:48
3577,3577,card,976.11,2025-12-24 10:49:14
3578,3578,\N,211.60,2025-10-26 12:54:17
3579,3579,cash,120.95,2025-12-19 11:03:14
3580,3580,cash,556.38,2025-04-01 04:43:56
3581,3581,gift_card,224.76,2025-09-07 06:30:10
3582,3582,wallet,628.62,2025-09-05 02:31:41
3583,3583,wallet,298.25,2025-11-15 02:18:18
3584,3584,wallet,541.32,2025-01-30 08:23:58
3585,3585,card,279.72,2025-12-26 05:54:32
3586,3586,wallet,729.36,2025-05-26 07:44:56
3587,3587,cash,202.54,2025-02-08 10:33:55
3588,3588,card,114.89,2025-03-13 17:41:28
3589,3589,\N,873.98,2025-04-15 21:17:59
3590,3590,wallet,114.34,2025-06-05 03:44:07
3591,3591,cash,179.89,2025-05-05 11:53:32
3592,3592,wallet,872.45,2025-02-04 03:06:06
3593,3593,card,772.74,2025-05-22 09:24:55
3594,3594,card,490.21,2025-03-12 14:44:38
3595,3595,\N,334.24,2025-01-10 08:17:33
3596,3596,card,1283.18,2025-10-25 04:29:32
3597,3597,card,204.64,2025-02-06 05:49:58
3598,3598,card,1220.96,2025-05-11 21:31:07
3599,3599,card,722.84,2025-06-27 19:28:27
3600,3600,\N,373.59,2025-01-19 20:22:18
3601,3601,gift_card,318.09,2025-01-07 19:00:11
3602,3602,\N,1645.78,2025-10-04 17:10:32
3603,3603,card,1020.95,2025-04-28 23:03:29
3604,3604,card,28.07,2025-04-23 02:25:58
3605,3605,\N,1039.94,2025-07-08 01:23:25
3606,3606,card,955.75,2025-11-14 18:57:19
3607,3607,wallet,1251.14,2025-08-03 02:50:41
3608,3608,cash,1030.81,2025-08-14 11:32:08
3609,3609,card,330.24,2025-08-31 15:35:02
3610,3610,wallet,234.79,2025-02-24 15:08:15
3611,3611,wallet,305.55,2025-05-28 15:00:06
3612,3612,card,625.33,2025-01-24 06:20:59
3613,3613,card,109.28,2025-04-15 12:02:41
3614,3614,\N,67.09,2025-08-19 00:46:53
3615,3615,wallet,786.40,2025-12-19 18:26:11
3616,3616,card,719.92,2025-04-19 22:23:32
3617,3617,gift_card,235.90,2025-06-04 18:35:19
3618,3618,\N,831.29,2025-04-04 02:19:07
3619,3619,cash,314.28,2025-02-14 00:29:52
3620,3620,card,310.66,2025-05-02 16:36:04
3621,3621,cash,240.46,2025-02-19 17:10:46
3622,3622,card,1006.68,2025-03-12 19:41:09
3623,3623,gift_card,341.25,2025-09-17 18:32:17
3624,3624,wallet,681.85,2025-09-11 05:16:36
3625,3625,card,316.16,2025-05-29 10:17:32
3626,3626,\N,440.06,2025-05-14 08:24:18
3627,3627,\N,271.11,2025-12-07 08:28:51
3628,3628,card,530.27,2025-04-19 06:20:33
3629,3629,cash,253.11,2025-09-08 16:03:48
3630,3630,card,149.06,2025-05-21 14:38:44
3631,3631,\N,767.21,2025-01-10 23:46:42
3632,3632,cash,180.35,2025-08-07 19:38:13
3633,3633,card,137.63,2025-03-06 02:07:42
3634,3634,cash,1509.45,2025-01-22 23:03:56
3635,3635,cash,237.00,2025-05-14 18:08:41
3636,3636,card,289.62,2025-01-24 10:17:56
3637,3637,gift_card,10.78,2025-10-05 02:09:20
3638,3638,gift_card,256.01,2025-05-04 21:34:04
3639,3639,\N,1139.46,2025-07-29 16:46:35
3640,3640,gift_card,1010.19,2025-08-10 04:11:53
3641,3641,gift_card,168.94,2025-11-01 02:14:16
3642,3642,cash,899.84,2025-03-27 17:10:39
3643,3643,card,361.26,2025-04-07 18:00:17
3644,3644,wallet,1047.21,2025-08-29 12:23:52
3645,3645,card,256.07,2025-07-25 16:25:34
3646,3646,card,1346.58,2025-07-09 00:14:48
3647,3647,wallet,839.79,2025-04-29 14:21:41
3648,3648,\N,269.96,2025-12-29 07:06:27
3649,3649,card,82.74,2025-02-16 17:53:43
3650,3650,card,654.24,2025-05-18 23:06:53
3651,3651,card,155.74,2025-01-11 02:53:22
3652,3652,gift_card,654.82,2025-02-24 04:00:44
3653,3653,card,118.37,2025-09-19 08:56:37
3654,3654,cash,1262.82,2025-11-24 23:02:46
3655,3655,\N,435.81,2025-06-28 12:49:15
3656,3656,cash,324.02,2025-09-28 15:11:02
3657,3657,\N,802.27,2025-06-16 14:22:12
3658,3658,wallet,392.59,2025-10-04 02:25:50
3659,3659,card,128.22,2025-05-25 23:41:07
3660,3660,card,250.35,2025-09-19 21:30:50
3661,3661,card,948.77,2025-09-23 16:34:30
3662,3662,wallet,400.94,2025-05-07 08:32:05
3663,3663,card,295.63,2025-06-12 00:51:06
3664,3664,card,254.44,2025-10-09 19:50:47
3665,3665,card,206.27,2025-12-08 07:18:47
3666,3666,wallet,1048.81,2025-03-17 17:01:32
3667,3667,card,539.62,2025-06-19 23:41:00
3668,3668,\N,96.98,2025-12-24 08:08:33
3669,3669,card,1047.27,2025-10-01 12:54:02
3670,3670,card,399.24,2025-08-17 17:05:09
3671,3671,cash,249.28,2025-02-07 02:03:34
3672,3672,card,725.95,2025-12-15 06:42:55
3673,3673,gift_card,239.37,2025-12-10 00:16:31
3674,3674,\N,782.56,2025-07-13 00:13:03
3675,3675,gift_card,123.50,2025-12-01 00:48:19
3676,3676,card,945.06,2025-09-30 19:47:56
3677,3677,\N,281.31,2025-06-15 04:04:54
3678,3678,\N,1085.28,2025-09-13 12:03:57
3679,3679,cash,247.72,2025-02-07 18:59:14
3680,3680,gift_card,260.21,2025-07-05 22:32:39
3681,3681,\N,207.43,2025-12-30 03:22:27
3682,3682,card,278.40,2025-11-20 07:01:38
3683,3683,card,713.20,2025-04-09 17:11:55
3684,3684,\N,63.24,2025-03-13 04:13:13
3685,3685,gift_card,499.77,2025-07-18 05:23:55
3686,3686,wallet,407.26,2025-09-27 08:16:17
3687,3687,card,648.98,2025-10-23 21:36:55
3688,3688,card,179.62,2025-12-25 14:31:32
3689,3689,\N,97.38,2025-11-10 20:24:21
3690,3690,card,1785.84,2025-04-08 07:02:33
3691,3691,card,165.82,2025-04-02 15:49:01
3692,3692,card,161.83,2025-02-12 11:45:25
3693,3693,gift_card,633.28,2025-10-29 19:10:39
3694,3694,gift_card,696.84,2025-08-16 06:20:27
3695,3695,card,185.26,2025-09-03 01:21:40
3696,3696,\N,692.84,2025-06-11 11:11:33
3697,3697,card,127.72,2025-02-06 06:34:30
3698,3698,wallet,167.76,2025-07-16 06:33:45
3699,3699,wallet,607.31,2025-06-28 08:55:03
3700,3700,card,836.36,2025-05-06 08:04:57
3701,3701,wallet,144.09,2025-12-22 00:16:11
3702,3702,cash,352.40,2025-08-23 04:11:55
3703,3703,card,310.45,2025-05-16 16:03:42
3704,3704,gift_card,66.65,2025-06-24 10:27:05
3705,3705,card,188.70,2025-10-07 03:02:19
3706,3706,\N,96.41,2025-01-28 12:18:11
3707,3707,card,168.01,2025-01-19 10:55:27
3708,3708,wallet,510.20,2025-03-03 00:35:08
3709,3709,card,1885.87,2025-04-27 03:48:45
3710,3710,wallet,2231.03,2025-06-01 20:00:31
3711,3711,\N,762.37,2025-01-15 06:30:23
3712,3712,wallet,384.68,2025-10-30 02:53:31
3713,3713,card,849.52,2025-10-03 08:10:14
3714,3714,gift_card,780.63,2025-11-18 12:31:36
3715,3715,card,619.61,2025-09-14 01:19:59
3716,3716,gift_card,301.99,2025-09-16 11:26:50
3717,3717,card,195.59,2025-03-20 07:46:34
3718,3718,card,193.13,2025-05-23 11:03:46
3719,3719,gift_card,91.38,2025-01-27 21:44:26
3720,3720,card,813.77,2025-02-11 19:55:39
3721,3721,\N,883.72,2025-05-02 19:46:44
3722,3722,card,312.65,2025-08-04 00:59:29
3723,3723,card,972.71,2025-10-16 23:07:15
3724,3724,wallet,289.60,2025-09-26 08:58:19
3725,3725,gift_card,1518.92,2025-02-21 08:46:48
3726,3726,wallet,185.99,2025-12-09 21:23:59
3727,3727,gift_card,1139.01,2025-07-01 20:58:39
3728,3728,\N,223.75,2025-05-16 18:03:10
3729,3729,card,1766.08,2025-06-03 17:06:54
3730,3730,card,91.56,2025-09-10 17:24:43
3731,3731,cash,185.25,2025-05-12 15:04:57
3732,3732,wallet,327.43,2025-03-17 06:56:29
3733,3733,gift_card,149.53,2025-02-19 19:12:08
3734,3734,gift_card,853.82,2025-07-21 18:54:59
3735,3735,\N,496.09,2025-07-24 03:50:35
3736,3736,gift_card,1201.98,2025-05-05 22:43:42
3737,3737,card,1116.28,2025-10-01 05:31:53
3738,3738,card,956.03,2025-10-22 13:48:56
3739,3739,card,214.78,2025-07-10 01:04:12
3740,3740,card,344.71,2025-09-09 04:24:28
3741,3741,gift_card,700.18,2025-01-23 23:17:52
3742,3742,card,1579.71,2025-10-18 21:06:17
3743,3743,card,265.87,2025-08-23 05:33:26
3744,3744,cash,992.80,2025-08-11 19:41:14
3745,3745,wallet,752.80,2025-08-18 15:00:52
3746,3746,\N,462.89,2025-09-09 13:29:07
3747,3747,card,86.18,2025-01-18 00:46:57
3748,3748,cash,1114.51,2025-05-03 13:50:29
3749,3749,\N,124.73,2025-05-13 10:59:12
3750,3750,cash,47.58,2025-08-20 10:18:48
3751,3751,card,414.96,2025-09-21 06:01:03
3752,3752,card,1087.96,2025-08-11 07:30:22
3753,3753,gift_card,232.85,2025-10-23 21:01:11
3754,3754,card,199.81,2025-07-08 13:05:51
3755,3755,card,811.44,2025-06-13 10:24:14
3756,3756,card,915.15,2025-03-06 15:36:37
3757,3757,card,120.95,2025-11-06 21:51:37
3758,3758,gift_card,235.58,2025-09-24 06:03:46
3759,3759,cash,300.22,2025-04-09 08:51:15
3760,3760,gift_card,499.20,2025-11-16 15:23:59
3761,3761,gift_card,983.62,2025-05-18 21:38:21
3762,3762,card,301.73,2025-09-08 02:34:55
3763,3763,card,101.73,2025-03-31 04:25:19
3764,3764,cash,294.36,2025-06-09 16:57:41
3765,3765,cash,189.11,2025-09-05 08:06:53
3766,3766,cash,604.72,2025-10-05 17:13:53
3767,3767,card,11.43,2025-05-23 21:33:20
3768,3768,card,696.83,2025-11-20 12:21:41
3769,3769,\N,261.44,2025-04-21 00:19:15
3770,3770,card,101.15,2025-01-18 23:44:05
3771,3771,card,193.02,2025-04-27 05:21:21
3772,3772,wallet,400.08,2025-10-07 12:00:38
3773,3773,wallet,1081.95,2025-07-24 23:48:55
3774,3774,card,105.90,2025-10-23 17:01:39
3775,3775,wallet,459.44,2025-01-27 00:33:46
3776,3776,wallet,434.17,2025-07-05 20:52:14
3777,3777,wallet,316.37,2025-06-21 01:48:51
3778,3778,cash,277.32,2025-09-29 22:10:19
3779,3779,card,826.54,2025-11-07 18:40:38
3780,3780,card,1788.09,2025-02-20 22:49:29
3781,3781,wallet,60.34,2025-11-26 13:57:26
3782,3782,card,759.54,2025-11-30 20:55:46
3783,3783,card,427.50,2025-07-20 01:50:26
3784,3784,card,305.07,2025-03-12 21:37:22
3785,3785,gift_card,1673.95,2025-07-22 22:31:45
3786,3786,card,24.40,2025-12-07 04:30:57
3787,3787,gift_card,190.10,2025-09-02 07:41:51
3788,3788,\N,297.72,2025-03-07 11:24:05
3789,3789,card,284.88,2025-03-25 23:17:15
3790,3790,wallet,210.54,2025-04-10 17:01:35
3791,3791,card,85.48,2025-05-03 18:11:14
3792,3792,card,450.61,2025-12-20 21:19:19
3793,3793,card,640.26,2025-01-30 22:10:17
3794,3794,cash,335.12,2025-01-20 08:53:25
3795,3795,wallet,696.81,2025-10-10 09:48:43
3796,3796,card,90.88,2025-01-03 12:13:54
3797,3797,gift_card,1060.59,2025-09-03 19:53:41
3798,3798,card,267.89,2025-07-03 02:06:39
3799,3799,card,303.98,2025-02-13 10:40:07
3800,3800,wallet,57.38,2025-07-24 10:30:22
3801,3801,gift_card,765.48,2025-07-21 13:14:32
3802,3802,gift_card,1398.17,2025-03-05 09:28:53
3803,3803,card,588.31,2025-01-22 11:26:49
3804,3804,\N,991.72,2025-06-11 15:11:37
3805,3805,card,52.49,2025-01-20 03:53:44
3806,3806,cash,223.24,2025-04-09 08:37:53
3807,3807,card,455.87,2025-05-30 14:44:39
3808,3808,cash,289.73,2025-07-09 13:16:52
3809,3809,cash,815.94,2025-03-02 16:06:38
3810,3810,wallet,351.98,2025-09-02 11:06:28
3811,3811,wallet,1561.91,2025-05-28 20:37:22
3812,3812,card,352.49,2025-03-12 11:10:44
3813,3813,wallet,192.17,2025-03-25 02:57:21
3814,3814,cash,1762.69,2025-03-18 13:51:18
3815,3815,\N,270.60,2025-05-31 19:49:50
3816,3816,wallet,97.58,2025-10-12 04:56:31
3817,3817,wallet,467.73,2025-10-20 21:25:35
3818,3818,cash,482.30,2025-12-01 07:38:27
3819,3819,card,411.00,2025-01-31 07:01:31
3820,3820,\N,198.32,2025-12-04 05:36:12
3821,3821,card,371.80,2025-05-20 02:56:33
3822,3822,gift_card,501.05,2025-12-14 09:51:33
3823,3823,gift_card,7.23,2025-01-26 09:30:45
3824,3824,\N,797.03,2025-07-13 18:04:00
3825,3825,card,210.25,2025-04-04 22:37:35
3826,3826,\N,210.28,2025-07-13 05:30:28
3827,3827,card,179.91,2025-05-02 15:34:16
3828,3828,card,1139.73,2025-03-07 05:15:09
3829,3829,card,217.12,2025-11-20 21:58:47
3830,3830,cash,383.65,2025-06-06 06:23:39
3831,3831,gift_card,713.29,2025-04-08 07:09:00
3832,3832,card,115.65,2025-04-11 09:25:38
3833,3833,gift_card,346.78,2025-05-01 22:15:14
3834,3834,card,700.66,2025-10-04 23:01:29
3835,3835,gift_card,503.61,2025-03-30 07:17:14
3836,3836,wallet,1075.20,2025-08-23 23:03:08
3837,3837,card,176.14,2025-06-06 17:39:30
3838,3838,\N,483.21,2025-12-27 08:33:32
3839,3839,\N,570.24,2025-10-17 09:36:33
3840,3840,cash,355.79,2025-11-13 02:00:51
3841,3841,card,720.13,2025-03-20 15:23:43
3842,3842,card,283.92,2025-12-29 18:23:27
3843,3843,gift_card,1094.04,2025-02-22 04:25:43
3844,3844,\N,934.89,2025-02-07 08:41:27
3845,3845,card,593.40,2025-03-01 06:45:03
3846,3846,card,517.84,2025-04-06 16:13:04
3847,3847,wallet,821.50,2025-04-20 22:57:32
3848,3848,card,282.22,2025-06-27 22:02:27
3849,3849,card,916.25,2025-01-14 01:56:32
3850,3850,wallet,318.24,2025-04-26 10:16:49
3851,3851,\N,325.04,2025-07-03 10:12:28
3852,3852,wallet,57.95,2025-05-05 02:21:49
3853,3853,cash,371.49,2025-12-10 03:01:17
3854,3854,card,311.21,2025-06-11 06:23:02
3855,3855,card,125.38,2025-12-13 04:43:35
3856,3856,card,1198.19,2025-12-07 16:55:39
3857,3857,wallet,192.10,2025-11-08 18:48:30
3858,3858,\N,505.45,2025-02-10 16:35:00
3859,3859,card,664.45,2025-08-28 22:26:33
3860,3860,card,495.58,2025-02-05 10:20:33
3861,3861,card,176.68,2025-05-19 02:25:14
3862,3862,cash,382.21,2025-11-19 18:51:38
3863,3863,card,131.43,2025-01-22 10:44:10
3864,3864,card,371.02,2025-04-13 16:05:20
3865,3865,card,631.01,2025-03-25 21:34:47
3866,3866,gift_card,559.46,2025-07-16 21:27:33
3867,3867,card,376.52,2025-07-24 20:20:49
3868,3868,card,94.18,2025-07-31 03:20:38
3869,3869,gift_card,1333.97,2025-09-16 03:41:30
3870,3870,wallet,148.68,2025-11-30 21:59:47
3871,3871,\N,852.88,2025-10-04 18:29:35
3872,3872,\N,44.11,2025-12-08 14:47:39
3873,3873,gift_card,573.39,2025-02-12 14:20:59
3874,3874,gift_card,350.36,2025-05-14 16:43:07
3875,3875,cash,61.40,2025-03-21 13:12:55
3876,3876,card,310.66,2025-05-28 02:26:12
3877,3877,card,416.22,2025-11-29 03:34:30
3878,3878,card,349.70,2025-07-23 17:17:57
3879,3879,\N,970.76,2025-07-24 02:52:14
3880,3880,cash,123.02,2025-05-11 03:25:31
3881,3881,card,301.43,2025-06-26 23:55:16
3882,3882,\N,564.39,2025-06-22 07:17:00
3883,3883,card,1331.09,2025-05-01 18:37:30
3884,3884,gift_card,867.72,2025-10-04 09:42:51
3885,3885,card,1023.74,2025-05-12 22:09:36
3886,3886,card,200.10,2025-02-21 00:51:21
3887,3887,cash,921.45,2025-09-07 22:24:50
3888,3888,\N,148.78,2025-04-20 23:57:50
3889,3889,\N,565.59,2025-12-24 06:37:10
3890,3890,card,275.66,2025-03-02 13:17:53
3891,3891,\N,573.76,2025-11-18 20:33:40
3892,3892,card,241.34,2025-09-10 18:36:12
3893,3893,wallet,40.83,2025-09-06 11:07:06
3894,3894,card,538.41,2025-08-03 01:41:46
3895,3895,cash,628.18,2025-03-14 18:24:26
3896,3896,wallet,450.78,2025-02-21 05:28:28
3897,3897,card,206.27,2025-12-21 02:35:26
3898,3898,card,606.40,2025-04-03 13:47:57
3899,3899,card,292.25,2025-11-04 07:10:12
3900,3900,wallet,277.79,2025-06-08 08:52:53
3901,3901,card,584.79,2025-01-31 13:01:38
3902,3902,card,349.03,2025-05-09 21:25:43
3903,3903,gift_card,69.02,2025-05-21 19:13:30
3904,3904,wallet,294.36,2025-08-13 11:48:03
3905,3905,card,2136.56,2025-09-23 04:31:07
3906,3906,wallet,717.97,2025-10-04 16:58:18
3907,3907,card,1137.00,2025-12-10 10:23:21
3908,3908,card,932.61,2025-09-26 10:44:40
3909,3909,card,474.13,2025-06-03 23:37:50
3910,3910,card,245.46,2025-07-20 03:51:30
3911,3911,gift_card,102.32,2025-01-30 00:20:00
3912,3912,wallet,295.52,2025-11-05 04:10:20
3913,3913,card,396.57,2025-08-25 03:43:40
3914,3914,wallet,332.48,2025-02-26 16:22:57
3915,3915,card,240.24,2025-08-02 17:33:07
3916,3916,card,1052.95,2025-08-04 12:09:43
3917,3917,wallet,952.61,2025-05-06 08:57:46
3918,3918,card,778.63,2025-06-02 18:14:54
3919,3919,card,949.66,2025-10-15 20:03:37
3920,3920,card,91.63,2025-06-19 21:56:25
3921,3921,card,645.44,2025-09-03 12:27:19
3922,3922,gift_card,46.25,2025-10-05 16:02:03
3923,3923,card,992.17,2025-07-14 01:27:02
3924,3924,gift_card,870.64,2025-10-12 00:46:52
3925,3925,card,232.16,2025-05-13 01:05:39
3926,3926,card,385.71,2025-02-20 16:17:15
3927,3927,gift_card,232.96,2025-10-25 18:54:28
3928,3928,cash,199.43,2025-01-04 02:03:50
3929,3929,\N,748.08,2025-07-25 06:41:53
3930,3930,\N,634.85,2025-12-18 01:25:15
3931,3931,cash,222.10,2025-06-09 02:46:42
3932,3932,card,1187.35,2025-03-18 08:01:01
3933,3933,cash,52.95,2025-12-25 01:52:05
3934,3934,wallet,479.72,2025-02-19 21:30:25
3935,3935,card,1187.37,2025-06-03 05:02:27
3936,3936,card,414.66,2025-02-23 19:53:01
3937,3937,gift_card,1256.02,2025-10-26 03:37:15
3938,3938,card,213.66,2025-01-03 08:39:43
3939,3939,wallet,1357.99,2025-07-29 17:36:23
3940,3940,card,144.18,2025-06-05 23:22:17
3941,3941,wallet,167.92,2025-05-30 21:30:59
3942,3942,gift_card,196.00,2025-06-29 01:13:28
3943,3943,card,192.06,2025-09-22 06:06:07
3944,3944,gift_card,210.00,2025-03-25 11:15:05
3945,3945,cash,388.25,2025-09-18 06:29:32
3946,3946,cash,486.17,2025-08-01 05:37:54
3947,3947,cash,605.02,2025-09-08 14:06:58
3948,3948,card,673.70,2025-01-04 17:31:13
3949,3949,card,943.13,2025-09-08 23:19:19
3950,3950,cash,1291.41,2025-03-12 12:05:50
3951,3951,card,1370.75,2025-04-14 17:54:20
3952,3952,gift_card,321.92,2025-12-13 18:43:18
3953,3953,card,116.90,2025-06-08 21:18:10
3954,3954,card,1088.08,2025-06-14 08:48:46
3955,3955,card,385.31,2025-12-31 15:36:24
3956,3956,card,255.53,2025-07-11 04:12:01
3957,3957,cash,201.93,2025-06-22 21:33:11
3958,3958,gift_card,233.80,2025-08-03 23:28:19
3959,3959,wallet,373.39,2025-04-08 05:19:57
3960,3960,card,119.83,2025-04-20 01:57:40
3961,3961,cash,395.04,2025-01-25 15:49:15
3962,3962,cash,381.65,2025-09-22 13:19:23
3963,3963,\N,433.05,2025-08-10 19:38:56
3964,3964,\N,1079.68,2025-12-21 19:36:11
3965,3965,gift_card,582.12,2025-10-21 12:17:34
3966,3966,\N,488.89,2025-07-12 09:08:37
3967,3967,card,671.44,2025-05-29 07:50:33
3968,3968,cash,1737.11,2025-11-30 09:42:20
3969,3969,cash,292.14,2025-07-20 09:47:08
3970,3970,wallet,268.80,2025-04-04 13:01:20
3971,3971,card,45.60,2025-03-21 12:33:52
3972,3972,cash,26.26,2025-10-22 06:45:42
3973,3973,card,1005.49,2025-09-20 01:25:57
3974,3974,wallet,564.54,2025-02-05 11:21:14
3975,3975,gift_card,155.53,2025-07-26 22:17:39
3976,3976,card,1597.57,2025-02-06 07:46:06
3977,3977,card,291.82,2025-08-08 09:44:18
3978,3978,card,71.67,2025-02-17 10:24:45
3979,3979,card,101.11,2025-01-06 03:38:19
3980,3980,cash,527.77,2025-05-02 17:17:06
3981,3981,gift_card,186.15,2025-04-09 11:04:28
3982,3982,\N,372.30,2025-04-15 15:01:08
3983,3983,wallet,619.52,2025-04-12 16:47:13
3984,3984,\N,279.50,2025-04-14 13:16:48
3985,3985,wallet,451.45,2025-01-03 12:57:09
3986,3986,cash,1340.59,2025-05-15 00:51:46
3987,3987,gift_card,646.24,2025-08-30 04:05:55
3988,3988,card,874.20,2025-07-11 17:57:47
3989,3989,card,266.07,2025-12-12 18:25:11
3990,3990,wallet,712.66,2025-05-20 17:39:25
3991,3991,gift_card,1415.60,2025-04-23 09:44:08
3992,3992,wallet,191.27,2025-04-06 02:23:49
3993,3993,card,1086.27,2025-03-18 10:58:49
3994,3994,card,251.12,2025-03-01 08:03:37
3995,3995,card,1407.67,2025-10-23 16:54:11
3996,3996,\N,285.02,2025-02-08 05:28:29
3997,3997,card,273.95,2025-09-06 08:48:18
3998,3998,card,114.48,2025-06-09 01:41:05
3999,3999,cash,275.36,2025-04-22 05:17:13
4000,4000,card,86.12,2025-06-28 09:48:36
4001,4001,wallet,943.56,2025-04-16 03:06:52
4002,4002,card,215.71,2025-09-04 06:44:19
4003,4003,card,1366.19,2025-04-29 10:33:45
4004,4004,\N,393.76,2025-04-28 19:31:02
4005,4005,card,979.04,2025-10-12 06:24:17
4006,4006,gift_card,237.51,2025-11-11 04:37:45
4007,4007,\N,438.23,2025-12-31 00:59:32
4008,4008,gift_card,645.31,2025-02-25 23:00:14
4009,4009,card,233.31,2025-09-07 11:01:40
4010,4010,cash,631.64,2025-10-21 20:32:49
4011,4011,card,816.70,2025-10-13 10:06:57
4012,4012,card,209.57,2025-07-18 00:21:52
4013,4013,cash,310.14,2025-11-12 13:21:06
4014,4014,gift_card,94.98,2025-10-03 01:40:50
4015,4015,card,954.42,2025-10-05 09:32:01
4016,4016,gift_card,95.22,2025-03-27 03:37:10
4017,4017,wallet,432.12,2025-08-12 13:59:38
4018,4018,card,133.72,2025-04-21 17:34:48
4019,4019,cash,436.87,2025-12-18 06:26:56
4020,4020,card,96.25,2025-03-31 03:54:15
4021,4021,\N,185.46,2025-02-08 02:33:28
4022,4022,\N,265.63,2025-06-09 10:20:40
4023,4023,wallet,449.26,2025-09-08 15:57:54
4024,4024,wallet,456.49,2025-07-16 14:10:58
4025,4025,\N,732.99,2025-12-25 04:51:47
4026,4026,card,596.08,2025-07-06 23:57:35
4027,4027,\N,455.15,2025-12-22 13:13:00
4028,4028,card,529.39,2025-01-28 02:32:55
4029,4029,card,262.06,2025-04-26 15:51:34
4030,4030,cash,933.15,2025-09-10 23:03:50
4031,4031,wallet,279.57,2025-06-21 10:06:50
4032,4032,cash,353.27,2025-01-16 06:22:33
4033,4033,card,140.79,2025-12-24 22:06:44
4034,4034,card,977.21,2025-11-17 01:06:20
4035,4035,\N,215.92,2025-07-25 22:59:24
4036,4036,card,579.11,2025-09-19 10:23:13
4037,4037,card,585.31,2025-11-23 19:02:47
4038,4038,card,1218.70,2025-09-07 08:50:31
4039,4039,card,552.42,2025-05-27 00:57:55
4040,4040,card,1121.29,2025-09-02 05:44:43
4041,4041,cash,81.54,2025-04-25 08:58:15
4042,4042,gift_card,601.50,2025-12-29 03:29:19
4043,4043,card,1237.28,2025-08-10 21:38:30
4044,4044,wallet,308.50,2025-08-17 15:20:01
4045,4045,card,370.05,2025-11-08 09:14:19
4046,4046,\N,104.65,2025-10-31 06:02:42
4047,4047,gift_card,530.56,2025-05-13 21:12:13
4048,4048,card,1172.17,2025-04-12 06:38:43
4049,4049,\N,328.21,2025-05-18 03:08:01
4050,4050,gift_card,828.82,2025-09-06 09:43:27
4051,4051,card,702.94,2025-07-05 06:24:37
4052,4052,gift_card,1278.10,2025-07-19 13:10:18
4053,4053,card,741.97,2025-07-27 09:54:19
4054,4054,card,1094.23,2025-07-12 14:53:29
4055,4055,card,138.50,2025-06-05 13:25:20
4056,4056,gift_card,698.20,2025-08-26 10:56:10
4057,4057,cash,370.29,2025-02-28 03:25:29
4058,4058,card,425.51,2025-02-07 07:53:01
4059,4059,cash,707.26,2025-04-16 00:51:25
4060,4060,cash,924.38,2025-11-09 21:19:09
4061,4061,wallet,1384.59,2025-04-17 14:38:16
4062,4062,card,256.20,2025-05-26 23:17:37
4063,4063,\N,1680.30,2025-02-14 21:09:41
4064,4064,wallet,537.82,2025-01-15 02:41:59
4065,4065,card,1046.37,2025-04-20 17:22:14
4066,4066,wallet,538.50,2025-01-03 06:05:12
4067,4067,card,365.11,2025-07-27 07:33:34
4068,4068,wallet,676.58,2025-05-18 16:30:03
4069,4069,\N,249.64,2025-10-28 04:18:22
4070,4070,gift_card,542.92,2025-03-18 17:38:22
4071,4071,cash,425.64,2025-01-14 01:15:29
4072,4072,wallet,337.91,2025-10-19 03:50:58
4073,4073,gift_card,394.70,2025-01-05 16:11:56
4074,4074,\N,656.99,2025-12-27 09:09:19
4075,4075,gift_card,172.16,2025-10-05 12:12:18
4076,4076,card,196.00,2025-07-25 13:58:09
4077,4077,wallet,289.68,2025-12-07 13:57:13
4078,4078,\N,187.74,2025-08-03 12:59:26
4079,4079,card,185.53,2025-09-10 09:35:11
4080,4080,card,168.19,2025-08-19 03:30:48
4081,4081,card,926.21,2025-01-19 20:47:15
4082,4082,card,511.70,2025-09-18 08:52:41
4083,4083,card,314.09,2025-04-07 01:02:42
4084,4084,wallet,90.80,2025-07-27 23:21:58
4085,4085,wallet,123.92,2025-03-26 20:27:32
4086,4086,card,297.49,2025-11-13 21:29:01
4087,4087,card,1890.85,2025-10-28 09:50:39
4088,4088,gift_card,197.65,2025-08-05 06:53:57
4089,4089,card,274.78,2025-06-14 16:21:46
4090,4090,card,987.75,2025-12-21 11:03:55
4091,4091,\N,757.60,2025-11-01 18:53:12
4092,4092,card,677.80,2025-09-26 22:01:31
4093,4093,card,741.60,2025-05-29 09:50:53
4094,4094,card,331.25,2025-11-13 04:25:53
4095,4095,card,208.24,2025-10-25 12:16:35
4096,4096,cash,101.33,2025-04-29 11:49:01
4097,4097,\N,19.76,2025-10-21 20:58:45
4098,4098,card,44.22,2025-08-17 09:25:11
4099,4099,cash,192.76,2025-12-23 00:18:04
4100,4100,wallet,167.36,2025-01-10 18:00:07
4101,4101,card,576.06,2025-07-28 08:30:08
4102,4102,card,253.85,2025-11-28 02:53:30
4103,4103,card,401.96,2025-11-06 10:02:45
4104,4104,card,266.42,2025-06-04 00:41:57
4105,4105,card,307.97,2025-04-04 17:30:37
4106,4106,card,176.64,2025-03-18 00:55:18
4107,4107,gift_card,828.39,2025-05-17 08:54:55
4108,4108,gift_card,138.92,2025-03-27 22:38:15
4109,4109,card,96.67,2025-09-02 13:55:59
4110,4110,card,153.86,2025-02-09 07:34:45
4111,4111,card,184.91,2025-04-04 01:37:02
4112,4112,gift_card,948.78,2025-11-23 20:10:09
4113,4113,gift_card,135.71,2025-06-17 19:13:14
4114,4114,card,1100.11,2025-04-19 10:02:08
4115,4115,gift_card,425.25,2025-03-05 00:05:27
4116,4116,\N,387.43,2025-07-28 05:10:42
4117,4117,card,901.70,2025-09-08 07:59:52
4118,4118,card,585.46,2025-11-03 12:46:04
4119,4119,card,579.35,2025-04-28 00:27:33
4120,4120,cash,167.40,2025-06-18 00:23:53
4121,4121,\N,1033.33,2025-04-08 02:17:43
4122,4122,card,339.63,2025-10-20 15:27:02
4123,4123,card,588.99,2025-01-31 22:05:20
4124,4124,card,705.46,2025-09-18 13:30:32
4125,4125,card,278.47,2025-05-21 19:24:34
4126,4126,cash,172.61,2025-02-12 08:21:09
4127,4127,wallet,402.31,2025-05-19 17:01:55
4128,4128,card,669.58,2025-04-05 05:12:11
4129,4129,wallet,147.84,2025-08-06 08:39:33
4130,4130,cash,109.10,2025-02-26 17:56:00
4131,4131,gift_card,89.81,2025-03-23 17:55:33
4132,4132,card,166.22,2025-03-27 06:31:09
4133,4133,\N,264.00,2025-04-26 16:52:57
4134,4134,card,381.29,2025-03-02 06:23:20
4135,4135,\N,763.65,2025-12-10 23:09:14
4136,4136,cash,624.68,2025-05-19 19:59:25
4137,4137,card,906.92,2025-03-25 23:15:14
4138,4138,card,569.09,2025-07-05 22:39:49
4139,4139,gift_card,825.12,2025-10-19 14:51:52
4140,4140,cash,920.76,2025-09-26 22:46:01
4141,4141,wallet,447.27,2025-06-04 15:04:14
4142,4142,card,1031.37,2025-06-03 07:55:36
4143,4143,gift_card,218.72,2025-07-07 00:13:01
4144,4144,\N,276.24,2025-09-04 09:59:39
4145,4145,card,877.61,2025-05-14 23:51:16
4146,4146,wallet,980.52,2025-01-19 02:08:40
4147,4147,cash,134.10,2025-07-18 08:34:04
4148,4148,wallet,143.39,2025-07-14 06:50:06
4149,4149,card,1016.56,2025-02-25 19:29:49
4150,4150,card,693.56,2025-01-03 17:04:05
4151,4151,card,415.86,2025-06-02 17:05:29
4152,4152,card,243.12,2025-03-01 00:30:08
4153,4153,wallet,803.00,2025-12-04 11:33:31
4154,4154,card,196.05,2025-03-29 00:54:26
4155,4155,card,312.71,2025-04-19 15:40:36
4156,4156,wallet,348.57,2025-11-02 00:57:11
4157,4157,wallet,308.22,2025-02-22 07:27:58
4158,4158,wallet,223.17,2025-05-05 14:25:53
4159,4159,cash,569.84,2025-05-16 08:46:21
4160,4160,gift_card,161.45,2025-04-10 13:29:12
4161,4161,gift_card,1081.79,2025-01-26 14:38:40
4162,4162,\N,847.78,2025-12-12 08:30:04
4163,4163,card,832.46,2025-02-08 08:40:06
4164,4164,card,327.51,2025-08-29 13:46:21
4165,4165,wallet,1542.26,2025-11-10 14:40:06
4166,4166,cash,413.73,2025-02-10 20:59:18
4167,4167,card,284.24,2025-12-09 01:21:27
4168,4168,card,204.64,2025-02-20 18:52:02
4169,4169,wallet,754.72,2025-05-04 11:31:57
4170,4170,\N,675.53,2025-12-26 18:11:42
4171,4171,wallet,1115.64,2025-08-27 10:07:46
4172,4172,card,894.40,2025-08-29 11:26:28
4173,4173,\N,325.48,2025-05-27 22:32:44
4174,4174,\N,86.56,2025-08-16 12:23:18
4175,4175,gift_card,1568.70,2025-04-16 03:12:01
4176,4176,\N,1018.41,2025-01-28 09:54:56
4177,4177,gift_card,217.41,2025-03-04 03:56:41
4178,4178,card,356.56,2025-02-03 20:18:32
4179,4179,gift_card,449.04,2025-01-02 03:19:19
4180,4180,card,239.35,2025-09-08 20:03:57
4181,4181,card,639.80,2025-06-12 03:17:29
4182,4182,wallet,255.75,2025-05-03 16:32:31
4183,4183,card,680.66,2025-07-07 12:17:42
4184,4184,cash,528.62,2025-06-15 02:49:33
4185,4185,card,606.29,2025-07-04 15:37:34
4186,4186,card,478.52,2025-04-06 14:13:40
4187,4187,card,310.54,2025-07-04 10:04:38
4188,4188,card,922.10,2025-09-13 03:44:28
4189,4189,cash,723.35,2025-04-11 05:10:30
4190,4190,gift_card,128.76,2025-06-15 20:06:35
4191,4191,\N,898.11,2025-11-03 20:50:36
4192,4192,card,197.06,2025-10-07 23:30:56
4193,4193,card,177.63,2025-05-29 00:06:38
4194,4194,card,95.22,2025-03-17 05:10:17
4195,4195,gift_card,911.46,2025-02-19 05:39:55
4196,4196,\N,641.84,2025-02-05 00:29:27
4197,4197,card,273.05,2025-05-04 06:23:45
4198,4198,wallet,44.17,2025-07-21 12:56:56
4199,4199,wallet,296.09,2025-02-28 01:54:49
4200,4200,card,108.62,2025-02-04 04:34:43
4201,4201,card,116.57,2025-11-27 00:56:59
4202,4202,wallet,141.28,2025-07-18 10:00:55
4203,4203,gift_card,892.60,2025-05-30 18:09:04
4204,4204,card,312.73,2025-06-23 13:14:56
4205,4205,card,262.10,2025-01-13 22:27:15
4206,4206,cash,36.70,2025-05-07 23:53:10
4207,4207,wallet,708.08,2025-01-04 23:47:23
4208,4208,cash,656.24,2025-12-30 20:42:30
4209,4209,card,137.92,2025-09-07 02:21:41
4210,4210,card,238.30,2025-02-24 09:44:08
4211,4211,gift_card,190.49,2025-02-14 21:59:10
4212,4212,gift_card,821.16,2025-05-24 01:41:55
4213,4213,\N,34.83,2025-07-08 12:16:43
4214,4214,card,228.61,2025-05-04 09:15:00
4215,4215,\N,433.55,2025-02-11 21:25:10
4216,4216,gift_card,595.23,2025-10-08 20:28:37
4217,4217,card,909.62,2025-11-06 00:01:40
4218,4218,card,537.30,2025-12-16 17:35:35
4219,4219,card,254.75,2025-05-20 11:44:11
4220,4220,gift_card,570.02,2025-03-05 22:17:27
4221,4221,card,741.00,2025-08-03 22:41:05
4222,4222,wallet,248.66,2025-01-17 13:55:38
4223,4223,wallet,68.78,2025-10-12 12:52:13
4224,4224,card,426.24,2025-01-29 05:58:14
4225,4225,cash,268.30,2025-09-19 22:24:29
4226,4226,gift_card,252.31,2025-03-19 21:27:48
4227,4227,card,251.73,2025-03-04 01:47:53
4228,4228,cash,869.80,2025-07-23 20:16:05
4229,4229,gift_card,189.54,2025-02-16 18:16:12
4230,4230,\N,330.49,2025-08-09 14:25:52
4231,4231,card,1271.98,2025-07-03 16:02:03
4232,4232,card,1332.10,2025-06-06 04:59:08
4233,4233,\N,1058.17,2025-09-29 13:59:05
4234,4234,\N,1101.38,2025-04-04 02:43:31
4235,4235,cash,133.38,2025-07-17 00:14:58
4236,4236,gift_card,1700.50,2025-07-13 11:52:23
4237,4237,cash,142.59,2025-10-13 08:21:10
4238,4238,\N,934.71,2025-07-19 03:00:02
4239,4239,cash,693.29,2025-06-30 18:09:29
4240,4240,card,237.41,2025-05-22 01:41:57
4241,4241,cash,937.34,2025-06-29 00:59:25
4242,4242,\N,411.55,2025-05-25 09:30:20
4243,4243,card,277.00,2025-05-17 18:58:19
4244,4244,card,676.70,2025-07-23 10:24:41
4245,4245,card,179.33,2025-04-11 00:58:48
4246,4246,cash,783.79,2025-11-16 10:11:26
4247,4247,gift_card,382.78,2025-12-07 02:23:17
4248,4248,card,664.90,2025-03-23 15:53:57
4249,4249,wallet,55.22,2025-01-27 08:40:26
4250,4250,card,204.64,2025-10-17 05:38:05
4251,4251,card,525.69,2025-03-12 14:51:58
4252,4252,gift_card,879.88,2025-04-28 16:14:54
4253,4253,wallet,987.30,2025-05-03 01:31:52
4254,4254,\N,865.95,2025-11-21 00:30:59
4255,4255,\N,795.00,2025-05-05 13:57:07
4256,4256,card,672.95,2025-09-02 15:26:17
4257,4257,card,445.36,2025-05-29 06:43:59
4258,4258,card,142.38,2025-07-07 03:48:12
4259,4259,gift_card,355.60,2025-04-29 18:36:05
4260,4260,cash,61.39,2025-07-20 04:26:45
4261,4261,gift_card,764.64,2025-11-26 14:30:10
4262,4262,wallet,98.45,2025-09-21 13:08:30
4263,4263,card,965.74,2025-03-11 07:07:56
4264,4264,card,235.68,2025-05-07 13:41:37
4265,4265,card,187.06,2025-07-01 09:14:39
4266,4266,card,314.34,2025-08-03 11:58:16
4267,4267,card,706.13,2025-12-14 06:53:51
4268,4268,card,221.46,2025-11-22 20:52:57
4269,4269,card,238.32,2025-01-05 23:46:06
4270,4270,\N,441.99,2025-12-04 07:23:32
4271,4271,wallet,198.83,2025-12-10 18:56:25
4272,4272,card,135.94,2025-06-29 17:11:26
4273,4273,card,1274.02,2025-08-04 04:27:54
4274,4274,card,606.25,2025-12-30 00:29:59
4275,4275,wallet,387.44,2025-09-21 18:45:39
4276,4276,card,719.21,2025-03-16 02:26:48
4277,4277,card,125.26,2025-10-14 22:34:37
4278,4278,card,109.67,2025-11-01 08:17:04
4279,4279,\N,172.34,2025-07-17 11:47:50
4280,4280,wallet,167.44,2025-04-20 09:22:38
4281,4281,card,273.41,2025-11-05 12:00:55
4282,4282,card,109.95,2025-07-20 19:57:50
4283,4283,card,81.14,2025-08-23 10:18:40
4284,4284,cash,1476.94,2025-02-14 18:14:00
4285,4285,card,107.41,2025-02-21 22:03:57
4286,4286,card,42.62,2025-08-04 22:29:12
4287,4287,gift_card,963.81,2025-07-22 05:04:40
4288,4288,card,395.78,2025-02-17 02:29:54
4289,4289,card,634.78,2025-05-10 04:56:12
4290,4290,card,347.46,2025-09-18 09:33:02
4291,4291,gift_card,126.84,2025-05-27 17:30:48
4292,4292,wallet,1171.01,2025-07-19 15:34:35
4293,4293,card,348.78,2025-02-22 06:17:57
4294,4294,wallet,913.21,2025-03-20 02:25:19
4295,4295,\N,2062.93,2025-05-17 22:59:50
4296,4296,card,185.67,2025-10-27 19:29:13
4297,4297,card,189.29,2025-03-04 07:09:39
4298,4298,card,295.46,2025-11-19 16:33:37
4299,4299,card,491.79,2025-02-15 18:17:17
4300,4300,card,198.65,2025-05-22 19:51:04
4301,4301,cash,1052.91,2025-09-19 14:52:12
4302,4302,card,488.92,2025-01-04 04:29:30
4303,4303,card,453.03,2025-02-14 19:28:22
4304,4304,cash,997.72,2025-04-29 21:53:21
4305,4305,card,417.53,2025-09-29 23:31:44
4306,4306,card,70.57,2025-02-10 22:22:31
4307,4307,card,323.52,2025-01-17 04:23:32
4308,4308,card,104.98,2025-05-17 05:43:20
4309,4309,cash,331.06,2025-02-09 14:58:02
4310,4310,card,602.86,2025-06-04 02:29:17
4311,4311,wallet,1124.56,2025-09-11 21:00:20
4312,4312,gift_card,938.38,2025-11-12 04:45:32
4313,4313,card,381.66,2025-12-06 21:46:44
4314,4314,card,354.63,2025-09-23 01:12:45
4315,4315,card,1375.33,2025-03-18 16:26:28
4316,4316,card,270.13,2025-11-30 16:29:04
4317,4317,wallet,321.07,2025-08-03 08:35:24
4318,4318,\N,981.13,2025-08-08 14:30:29
4319,4319,\N,195.10,2025-05-28 16:25:39
4320,4320,card,50.08,2025-06-16 17:33:02
4321,4321,cash,413.19,2025-04-23 08:24:19
4322,4322,\N,344.92,2025-04-15 02:40:00
4323,4323,gift_card,525.71,2025-11-01 04:31:50
4324,4324,card,264.87,2025-05-23 02:00:12
4325,4325,\N,550.55,2025-04-04 02:18:07
4326,4326,card,1168.03,2025-03-22 16:38:54
4327,4327,card,426.34,2025-08-11 14:07:43
4328,4328,gift_card,1025.70,2025-11-10 06:18:41
4329,4329,card,514.81,2025-08-08 23:13:38
4330,4330,gift_card,510.40,2025-11-14 05:02:45
4331,4331,card,793.67,2025-08-17 03:43:01
4332,4332,card,1306.88,2025-12-20 04:48:04
4333,4333,card,66.12,2025-10-21 16:22:13
4334,4334,card,260.23,2025-03-17 06:54:52
4335,4335,cash,1548.14,2025-09-20 02:55:22
4336,4336,card,312.50,2025-08-31 15:39:30
4337,4337,\N,58.75,2025-04-23 04:35:03
4338,4338,card,993.02,2025-01-17 21:06:55
4339,4339,card,387.57,2025-04-21 16:49:23
4340,4340,card,327.76,2025-04-11 13:04:22
4341,4341,wallet,345.17,2025-09-13 19:48:03
4342,4342,cash,238.82,2025-01-28 19:28:41
4343,4343,card,428.64,2025-10-15 01:16:09
4344,4344,cash,1118.35,2025-11-03 18:36:55
4345,4345,gift_card,311.03,2025-03-20 23:31:17
4346,4346,card,473.43,2025-02-03 18:10:55
4347,4347,\N,1269.95,2025-09-17 10:30:12
4348,4348,gift_card,895.33,2025-04-19 20:40:55
4349,4349,card,479.63,2025-02-16 05:13:45
4350,4350,gift_card,58.05,2025-05-24 04:13:52
4351,4351,gift_card,780.66,2025-04-26 13:31:18
4352,4352,wallet,154.07,2025-05-29 16:22:39
4353,4353,wallet,114.14,2025-06-11 00:09:06
4354,4354,wallet,173.42,2025-11-15 00:13:16
4355,4355,cash,1108.63,2025-12-26 02:01:55
4356,4356,card,428.26,2025-12-15 17:41:33
4357,4357,card,181.77,2025-12-24 14:53:42
4358,4358,wallet,279.48,2025-11-12 00:11:28
4359,4359,wallet,998.90,2025-04-09 02:06:44
4360,4360,card,587.35,2025-04-08 01:05:40
4361,4361,wallet,1256.56,2025-08-16 05:37:04
4362,4362,wallet,947.31,2025-08-13 07:45:46
4363,4363,cash,640.10,2025-04-14 18:16:30
4364,4364,gift_card,522.89,2025-04-04 02:21:48
4365,4365,card,550.55,2025-07-19 20:20:49
4366,4366,wallet,1658.66,2025-10-28 02:32:14
4367,4367,card,285.99,2025-10-07 06:36:54
4368,4368,gift_card,243.03,2025-10-11 19:43:21
4369,4369,card,33.73,2025-08-11 16:40:49
4370,4370,card,449.85,2025-07-25 07:14:34
4371,4371,card,103.42,2025-09-18 13:47:39
4372,4372,card,1087.33,2025-02-19 13:07:48
4373,4373,gift_card,968.20,2025-06-21 09:45:17
4374,4374,card,294.71,2025-06-30 21:58:34
4375,4375,wallet,227.37,2025-06-04 15:13:01
4376,4376,cash,179.46,2025-11-05 18:16:30
4377,4377,\N,1238.57,2025-09-15 09:37:18
4378,4378,card,664.61,2025-01-09 05:14:29
4379,4379,\N,428.82,2025-06-29 18:38:49
4380,4380,\N,90.18,2025-10-23 11:47:13
4381,4381,card,657.02,2025-04-06 16:45:55
4382,4382,cash,501.67,2025-11-13 09:20:21
4383,4383,wallet,242.07,2025-03-22 00:43:16
4384,4384,wallet,342.64,2025-08-23 19:58:38
4385,4385,\N,1250.43,2025-04-19 14:24:30
4386,4386,wallet,1547.97,2025-05-09 10:19:24
4387,4387,gift_card,725.00,2025-12-08 14:20:03
4388,4388,cash,872.03,2025-03-15 09:07:14
4389,4389,card,584.77,2025-10-14 02:20:07
4390,4390,gift_card,1050.52,2025-02-03 20:16:49
4391,4391,cash,458.58,2025-01-18 17:20:28
4392,4392,gift_card,825.87,2025-06-17 09:34:56
4393,4393,card,376.89,2025-05-19 14:11:50
4394,4394,card,1092.41,2025-04-26 05:50:37
4395,4395,\N,171.75,2025-09-07 07:16:06
4396,4396,card,397.71,2025-06-30 05:15:35
4397,4397,card,339.68,2025-07-23 16:10:34
4398,4398,cash,913.60,2025-04-02 08:50:26
4399,4399,cash,1025.10,2025-10-03 23:28:22
4400,4400,card,336.73,2025-03-12 12:49:15
4401,4401,card,295.08,2025-07-23 18:54:34
4402,4402,\N,237.87,2025-09-01 17:57:14
4403,4403,card,397.19,2025-07-05 07:07:06
4404,4404,wallet,557.58,2025-11-23 19:38:42
4405,4405,\N,631.58,2025-11-29 09:19:08
4406,4406,card,548.81,2025-11-08 05:19:36
4407,4407,wallet,324.83,2025-05-30 22:37:15
4408,4408,card,1141.56,2025-01-06 16:06:32
4409,4409,wallet,376.98,2025-12-07 18:43:17
4410,4410,wallet,1029.77,2025-10-14 23:28:16
4411,4411,card,780.04,2025-11-02 08:10:00
4412,4412,\N,785.77,2025-12-10 21:57:20
4413,4413,cash,133.27,2025-12-31 07:29:33
4414,4414,\N,35.05,2025-06-08 04:56:20
4415,4415,card,117.67,2025-07-22 16:55:13
4416,4416,wallet,337.51,2025-07-08 17:50:49
4417,4417,gift_card,361.65,2025-12-23 12:11:13
4418,4418,wallet,430.10,2025-05-08 22:18:43
4419,4419,cash,473.41,2025-04-06 06:13:24
4420,4420,cash,262.59,2025-04-25 12:52:27
4421,4421,card,721.42,2025-11-02 05:17:58
4422,4422,cash,45.32,2025-03-20 11:26:11
4423,4423,gift_card,41.30,2025-05-12 19:45:58
4424,4424,card,4.81,2025-09-06 20:13:18
4425,4425,gift_card,280.91,2025-11-13 00:24:54
4426,4426,gift_card,1551.33,2025-02-03 18:02:49
4427,4427,cash,169.85,2025-07-22 14:52:21
4428,4428,gift_card,90.69,2025-12-26 03:45:59
4429,4429,wallet,276.52,2025-07-25 21:37:59
4430,4430,card,289.75,2025-05-16 05:11:37
4431,4431,cash,748.60,2025-05-19 07:31:30
4432,4432,card,584.10,2025-12-20 13:11:27
4433,4433,gift_card,617.03,2025-01-07 22:53:49
4434,4434,card,251.68,2025-04-09 23:41:38
4435,4435,wallet,642.96,2025-10-26 03:26:23
4436,4436,\N,1047.56,2025-06-22 15:50:10
4437,4437,gift_card,758.88,2025-07-01 12:45:52
4438,4438,wallet,535.97,2025-02-24 21:12:29
4439,4439,cash,452.13,2025-05-07 07:03:26
4440,4440,card,288.48,2025-09-11 02:59:42
4441,4441,gift_card,358.76,2025-03-07 13:41:30
4442,4442,card,126.03,2025-04-07 23:25:00
4443,4443,card,345.19,2025-02-13 00:25:51
4444,4444,cash,360.25,2025-07-25 01:57:07
4445,4445,gift_card,934.35,2025-03-18 23:59:27
4446,4446,wallet,277.61,2025-01-17 22:47:36
4447,4447,card,198.19,2025-06-22 22:42:15
4448,4448,card,1208.73,2025-08-02 21:13:22
4449,4449,\N,1219.48,2025-08-19 04:16:38
4450,4450,cash,389.37,2025-06-01 10:27:53
4451,4451,cash,1004.59,2025-09-09 17:31:46
4452,4452,gift_card,392.83,2025-04-06 13:07:17
4453,4453,cash,174.76,2025-12-26 00:12:57
4454,4454,gift_card,322.55,2025-11-16 13:03:26
4455,4455,\N,1407.59,2025-02-13 23:53:56
4456,4456,wallet,462.04,2025-11-25 06:55:19
4457,4457,gift_card,341.11,2025-10-07 07:29:31
4458,4458,wallet,883.47,2025-07-07 12:31:36
4459,4459,card,508.24,2025-01-31 04:43:25
4460,4460,card,659.01,2025-10-30 11:38:27
4461,4461,wallet,20.02,2025-03-03 17:26:28
4462,4462,card,1220.68,2025-12-03 02:03:08
4463,4463,cash,550.55,2025-04-08 17:18:48
4464,4464,card,118.45,2025-10-14 03:03:10
4465,4465,card,292.28,2025-10-28 05:32:44
4466,4466,\N,533.04,2025-06-02 12:51:37
4467,4467,gift_card,534.92,2025-08-31 09:50:47
4468,4468,cash,257.77,2025-11-27 23:41:58
4469,4469,card,329.63,2025-04-28 10:26:26
4470,4470,gift_card,268.18,2025-06-15 05:57:53
4471,4471,cash,1087.81,2025-03-06 10:36:07
4472,4472,\N,724.60,2025-07-09 11:55:28
4473,4473,\N,1201.17,2025-09-28 02:13:10
4474,4474,cash,216.51,2025-12-29 00:44:56
4475,4475,wallet,771.17,2025-03-02 07:20:36
4476,4476,card,64.03,2025-03-04 17:54:26
4477,4477,card,316.20,2025-04-07 05:42:47
4478,4478,\N,450.39,2025-06-17 22:26:40
4479,4479,card,119.39,2025-01-10 03:20:33
4480,4480,card,305.21,2025-05-26 07:38:49
4481,4481,card,565.14,2025-11-10 14:48:13
4482,4482,\N,272.60,2025-05-12 16:29:10
4483,4483,card,937.69,2025-08-24 14:29:33
4484,4484,card,153.89,2025-11-28 22:54:23
4485,4485,card,972.63,2025-01-03 15:10:02
4486,4486,card,831.45,2025-07-17 07:47:30
4487,4487,wallet,239.59,2025-06-18 05:36:04
4488,4488,card,1037.43,2025-01-09 08:42:07
4489,4489,card,184.14,2025-01-06 00:06:42
4490,4490,gift_card,1399.26,2025-03-18 04:50:53
4491,4491,card,656.25,2025-12-20 14:38:22
4492,4492,cash,470.65,2025-08-20 00:38:14
4493,4493,\N,154.11,2025-07-03 00:20:54
4494,4494,card,1290.15,2025-10-05 22:11:13
4495,4495,gift_card,270.65,2025-03-27 00:16:50
4496,4496,card,315.91,2025-02-27 01:57:48
4497,4497,cash,1740.58,2025-06-05 16:47:19
4498,4498,wallet,164.68,2025-10-06 08:51:09
4499,4499,card,332.72,2025-07-13 06:03:05
4500,4500,card,291.34,2025-12-24 03:46:09
4501,4501,card,327.43,2025-08-30 05:07:17
4502,4502,cash,80.00,2025-01-12 06:09:53
4503,4503,card,372.96,2025-12-08 09:57:59
4504,4504,card,12.34,2025-03-05 14:19:02
4505,4505,card,1069.76,2025-12-14 10:25:10
4506,4506,gift_card,184.47,2025-03-29 08:21:08
4507,4507,card,299.78,2025-03-29 03:58:08
4508,4508,gift_card,407.62,2025-06-01 20:01:55
4509,4509,cash,122.46,2025-07-19 13:19:00
4510,4510,cash,179.14,2025-07-01 11:07:11
4511,4511,gift_card,1377.06,2025-03-06 12:30:42
4512,4512,gift_card,142.94,2025-04-05 05:53:06
4513,4513,card,648.56,2025-03-06 07:05:39
4514,4514,card,398.53,2025-07-11 22:02:05
4515,4515,card,162.23,2025-11-20 21:00:37
4516,4516,gift_card,86.68,2025-01-21 15:44:54
4517,4517,gift_card,18.55,2025-10-11 19:58:53
4518,4518,gift_card,546.68,2025-10-14 19:19:25
4519,4519,wallet,601.58,2025-04-03 16:52:59
4520,4520,gift_card,106.29,2025-03-17 07:02:41
4521,4521,wallet,257.30,2025-04-11 06:19:33
4522,4522,gift_card,214.73,2025-04-13 07:50:54
4523,4523,card,224.07,2025-07-09 11:55:05
4524,4524,cash,1123.32,2025-08-15 15:32:44
4525,4525,gift_card,323.19,2025-02-14 20:12:44
4526,4526,wallet,228.11,2025-01-02 00:39:20
4527,4527,cash,1166.45,2025-12-13 23:13:39
4528,4528,card,156.76,2025-06-30 21:08:54
4529,4529,\N,1690.28,2025-03-22 00:18:03
4530,4530,cash,359.52,2025-10-17 14:36:39
4531,4531,card,283.69,2025-01-04 01:59:39
4532,4532,\N,333.73,2025-03-14 16:43:22
4533,4533,card,152.79,2025-03-20 08:10:02
4534,4534,wallet,662.44,2025-11-09 01:44:18
4535,4535,card,687.66,2025-07-15 02:39:12
4536,4536,card,539.13,2025-02-23 13:13:29
4537,4537,\N,164.84,2025-06-04 04:12:09
4538,4538,wallet,560.52,2025-02-26 23:31:16
4539,4539,card,317.44,2025-11-21 07:05:08
4540,4540,card,234.61,2025-12-12 19:45:05
4541,4541,card,140.37,2025-11-11 09:38:18
4542,4542,card,322.83,2025-07-04 02:13:26
4543,4543,card,385.01,2025-09-27 15:51:10
4544,4544,\N,484.10,2025-11-18 08:12:15
4545,4545,wallet,172.26,2025-12-18 07:41:38
4546,4546,gift_card,353.98,2025-12-08 15:17:43
4547,4547,wallet,170.67,2025-05-13 22:07:54
4548,4548,gift_card,176.91,2025-06-16 21:29:23
4549,4549,\N,654.51,2025-12-18 23:34:38
4550,4550,\N,237.42,2025-09-05 08:12:39
4551,4551,card,1965.04,2025-09-24 14:06:51
4552,4552,\N,382.44,2025-03-18 21:25:43
4553,4553,cash,109.34,2025-02-09 13:19:32
4554,4554,cash,247.62,2025-12-04 05:56:29
4555,4555,card,1391.02,2025-04-11 05:12:47
4556,4556,gift_card,792.92,2025-11-13 23:20:28
4557,4557,\N,337.20,2025-11-05 03:43:46
4558,4558,\N,469.40,2025-08-08 21:54:54
4559,4559,card,746.94,2025-02-12 19:07:19
4560,4560,card,136.23,2025-09-11 03:48:23
4561,4561,card,70.27,2025-03-18 17:51:03
4562,4562,\N,289.60,2025-03-04 03:06:49
4563,4563,card,1762.80,2025-11-15 05:46:32
4564,4564,\N,329.84,2025-04-10 21:33:56
4565,4565,card,1348.68,2025-08-13 07:53:37
4566,4566,card,264.01,2025-12-09 00:01:47
4567,4567,wallet,582.43,2025-03-26 22:30:35
4568,4568,\N,333.72,2025-04-01 01:32:13
4569,4569,\N,364.80,2025-10-01 20:03:14
4570,4570,cash,827.34,2025-07-19 18:19:40
4571,4571,card,725.79,2025-04-10 17:26:21
4572,4572,wallet,202.10,2025-04-21 14:18:41
4573,4573,card,88.00,2025-09-27 13:17:44
4574,4574,card,252.33,2025-04-19 01:20:51
4575,4575,card,107.40,2025-04-04 08:26:14
4576,4576,card,49.43,2025-02-14 05:35:33
4577,4577,gift_card,379.90,2025-12-28 15:50:25
4578,4578,wallet,1397.01,2025-09-09 05:26:09
4579,4579,cash,341.93,2025-12-20 08:45:57
4580,4580,card,647.76,2025-07-29 11:27:27
4581,4581,card,247.05,2025-09-25 05:33:59
4582,4582,gift_card,121.85,2025-04-06 16:49:34
4583,4583,cash,457.38,2025-12-19 20:59:15
4584,4584,gift_card,278.69,2025-07-18 19:23:43
4585,4585,\N,372.70,2025-08-28 14:24:36
4586,4586,cash,260.20,2025-03-19 00:48:15
4587,4587,wallet,64.07,2025-06-03 18:04:04
4588,4588,card,299.97,2025-06-05 15:21:43
4589,4589,card,186.25,2025-06-04 10:45:25
4590,4590,wallet,1022.71,2025-07-24 04:45:53
4591,4591,cash,988.33,2025-05-28 13:52:18
4592,4592,card,291.72,2025-12-07 16:12:38
4593,4593,card,640.25,2025-08-15 03:45:26
4594,4594,\N,854.10,2025-02-01 19:57:58
4595,4595,\N,1472.46,2025-01-10 22:17:45
4596,4596,\N,89.67,2025-09-25 14:08:16
4597,4597,\N,294.01,2025-06-18 15:39:17
4598,4598,wallet,748.52,2025-08-18 17:34:39
4599,4599,\N,99.24,2025-05-07 02:11:55
4600,4600,card,249.27,2025-07-22 16:49:16
4601,4601,card,534.61,2025-09-28 14:45:38
4602,4602,cash,823.43,2025-07-15 03:12:11
4603,4603,card,424.56,2025-03-13 23:15:47
4604,4604,card,699.92,2025-12-01 06:47:03
4605,4605,card,282.08,2025-09-20 18:06:11
4606,4606,cash,903.98,2025-12-23 04:50:26
4607,4607,card,129.47,2025-01-03 07:08:42
4608,4608,card,134.57,2025-08-07 09:12:51
4609,4609,card,1275.80,2025-12-02 06:36:42
4610,4610,gift_card,793.85,2025-09-07 13:05:41
4611,4611,wallet,559.76,2025-03-13 11:05:33
4612,4612,cash,418.29,2025-06-25 18:47:43
4613,4613,\N,145.26,2025-01-28 02:40:55
4614,4614,\N,380.19,2025-01-19 05:28:57
4615,4615,card,162.86,2025-04-21 01:08:44
4616,4616,\N,582.56,2025-08-09 04:44:16
4617,4617,card,388.25,2025-05-23 04:42:12
4618,4618,card,44.68,2025-06-12 19:33:18
4619,4619,wallet,249.15,2025-08-12 07:41:35
4620,4620,card,669.65,2025-06-30 10:55:59
4621,4621,card,177.78,2025-04-22 22:06:34
4622,4622,card,713.69,2025-10-06 16:47:52
4623,4623,card,98.00,2025-09-28 15:19:33
4624,4624,gift_card,771.06,2025-06-28 15:58:08
4625,4625,wallet,255.01,2025-11-09 11:03:26
4626,4626,gift_card,92.54,2025-01-09 04:58:13
4627,4627,card,912.13,2025-04-24 12:52:11
4628,4628,card,58.56,2025-03-21 12:40:02
4629,4629,gift_card,155.78,2025-12-30 02:26:17
4630,4630,gift_card,375.17,2025-09-13 08:39:27
4631,4631,wallet,289.28,2025-12-07 00:17:20
4632,4632,cash,432.86,2025-07-24 03:50:56
4633,4633,\N,624.10,2025-10-06 14:38:54
4634,4634,cash,939.29,2025-11-16 20:11:15
4635,4635,card,326.64,2025-12-15 23:33:14
4636,4636,card,187.14,2025-01-22 06:02:39
4637,4637,gift_card,255.01,2025-06-06 01:04:30
4638,4638,card,94.53,2025-11-07 16:22:00
4639,4639,cash,91.15,2025-12-27 05:26:14
4640,4640,cash,892.07,2025-10-29 23:51:00
4641,4641,card,269.13,2025-11-05 01:28:18
4642,4642,wallet,327.91,2025-01-26 18:32:42
4643,4643,card,291.29,2025-02-02 13:06:17
4644,4644,card,120.98,2025-02-01 02:58:16
4645,4645,card,519.14,2025-06-03 16:01:00
4646,4646,wallet,588.38,2025-09-02 09:15:56
4647,4647,cash,1021.23,2025-11-19 07:30:42
4648,4648,card,84.21,2025-02-07 22:14:47
4649,4649,card,409.92,2025-01-02 22:11:16
4650,4650,card,216.16,2025-06-06 17:38:20
4651,4651,card,133.34,2025-05-18 20:59:07
4652,4652,\N,266.40,2025-10-26 06:49:04
4653,4653,card,11.04,2025-06-07 15:23:48
4654,4654,\N,911.54,2025-02-21 16:05:09
4655,4655,card,519.22,2025-11-27 17:51:45
4656,4656,card,334.68,2025-11-29 11:02:40
4657,4657,\N,1531.45,2025-05-18 13:36:16
4658,4658,wallet,624.05,2025-01-03 08:13:19
4659,4659,card,292.99,2025-02-17 06:03:51
4660,4660,\N,983.86,2025-04-14 02:11:02
4661,4661,cash,613.94,2025-08-15 04:17:10
4662,4662,\N,435.43,2025-10-19 02:18:42
4663,4663,card,893.43,2025-10-27 20:09:34
4664,4664,card,514.04,2025-12-22 23:51:11
4665,4665,gift_card,93.02,2025-12-22 22:03:37
4666,4666,card,301.19,2025-12-05 00:03:25
4667,4667,wallet,337.28,2025-08-23 06:47:26
4668,4668,wallet,95.22,2025-09-29 10:09:59
4669,4669,card,992.85,2025-12-18 13:16:50
4670,4670,cash,91.92,2025-10-14 02:40:25
4671,4671,card,102.99,2025-09-16 07:54:28
4672,4672,card,271.25,2025-08-04 12:41:22
4673,4673,cash,175.45,2025-08-25 01:18:01
4674,4674,card,269.13,2025-01-25 22:58:10
4675,4675,card,1808.63,2025-10-12 11:51:51
4676,4676,\N,1044.23,2025-03-29 15:55:52
4677,4677,card,298.31,2025-02-24 01:12:46
4678,4678,cash,463.09,2025-07-02 11:42:38
4679,4679,wallet,62.78,2025-04-04 04:54:58
4680,4680,cash,1127.96,2025-12-25 11:57:27
4681,4681,card,27.72,2025-03-29 20:28:10
4682,4682,\N,625.65,2025-11-24 06:49:19
4683,4683,card,1392.33,2025-02-18 06:58:08
4684,4684,cash,1206.65,2025-05-03 10:12:52
4685,4685,\N,562.74,2025-08-23 23:48:35
4686,4686,wallet,295.35,2025-09-08 17:42:56
4687,4687,cash,36.26,2025-06-24 13:48:18
4688,4688,\N,139.41,2025-08-01 14:57:04
4689,4689,gift_card,570.14,2025-01-18 15:14:57
4690,4690,gift_card,638.73,2025-01-31 02:17:14
4691,4691,wallet,1125.42,2025-09-25 05:44:34
4692,4692,gift_card,865.48,2025-07-13 20:47:22
4693,4693,cash,783.04,2025-08-23 06:24:02
4694,4694,card,337.11,2025-03-04 00:46:48
4695,4695,cash,802.35,2025-05-30 14:16:28
4696,4696,cash,253.36,2025-07-22 18:48:54
4697,4697,card,190.32,2025-03-25 10:47:01
4698,4698,card,968.58,2025-01-03 18:05:43
4699,4699,\N,158.22,2025-12-09 22:40:36
4700,4700,card,293.16,2025-05-20 02:05:33
4701,4701,cash,443.26,2025-09-02 05:24:25
4702,4702,card,761.39,2025-01-19 23:08:19
4703,4703,card,200.24,2025-01-13 06:13:38
4704,4704,card,94.16,2025-07-17 13:55:32
4705,4705,wallet,1430.94,2025-11-14 03:59:52
4706,4706,card,243.56,2025-09-04 14:38:34
4707,4707,card,281.29,2025-03-04 03:27:54
4708,4708,card,594.50,2025-11-26 11:15:26
4709,4709,card,159.79,2025-07-21 00:26:31
4710,4710,\N,122.37,2025-10-11 05:08:14
4711,4711,card,324.91,2025-11-07 23:13:16
4712,4712,wallet,337.35,2025-10-15 02:25:55
4713,4713,\N,252.84,2025-11-09 04:42:14
4714,4714,card,365.75,2025-06-26 11:10:08
4715,4715,card,495.05,2025-08-27 18:58:29
4716,4716,gift_card,290.55,2025-04-28 13:46:09
4717,4717,\N,333.05,2025-03-07 16:29:43
4718,4718,card,216.79,2025-06-09 07:11:13
4719,4719,cash,30.54,2025-08-05 04:07:00
4720,4720,cash,847.37,2025-02-20 19:14:12
4721,4721,wallet,271.58,2025-05-25 01:43:06
4722,4722,card,37.94,2025-11-27 18:06:17
4723,4723,gift_card,420.30,2025-12-08 10:10:12
4724,4724,\N,303.58,2025-06-01 09:54:59
4725,4725,card,923.42,2025-10-24 16:35:31
4726,4726,card,118.35,2025-07-23 12:40:52
4727,4727,wallet,173.68,2025-10-30 05:47:44
4728,4728,gift_card,361.88,2025-04-24 19:53:55
4729,4729,card,246.30,2025-04-03 03:31:30
4730,4730,card,367.54,2025-12-06 12:56:37
4731,4731,card,424.11,2025-04-25 20:55:03
4732,4732,\N,105.27,2025-03-19 16:03:47
4733,4733,card,66.33,2025-11-16 19:12:39
4734,4734,card,540.93,2025-09-17 22:06:58
4735,4735,card,25.71,2025-02-11 12:57:05
4736,4736,cash,404.20,2025-07-06 06:13:55
4737,4737,wallet,1571.36,2025-08-22 09:26:25
4738,4738,card,23.31,2025-03-31 01:44:58
4739,4739,card,223.42,2025-10-28 19:59:45
4740,4740,card,572.93,2025-12-31 09:02:38
4741,4741,cash,157.83,2025-11-09 22:54:05
4742,4742,\N,82.38,2025-04-13 18:11:28
4743,4743,cash,188.28,2025-02-05 14:13:16
4744,4744,cash,91.63,2025-05-02 14:27:19
4745,4745,gift_card,171.90,2025-06-07 22:41:09
4746,4746,card,582.87,2025-02-03 12:22:32
4747,4747,\N,229.60,2025-07-03 20:51:57
4748,4748,card,1456.46,2025-08-23 09:03:46
4749,4749,cash,19.76,2025-07-20 13:53:59
4750,4750,card,660.74,2025-07-04 07:23:43
4751,4751,\N,632.40,2025-06-17 13:37:22
4752,4752,card,274.78,2025-07-31 02:26:57
4753,4753,\N,98.97,2025-05-25 11:25:28
4754,4754,cash,269.15,2025-12-17 09:58:31
4755,4755,card,337.53,2025-10-21 03:08:05
4756,4756,card,836.02,2025-01-19 21:22:07
4757,4757,cash,94.59,2025-10-01 21:08:43
4758,4758,card,601.41,2025-04-09 14:44:19
4759,4759,\N,429.05,2025-05-06 15:38:21
4760,4760,cash,976.29,2025-10-18 16:09:32
4761,4761,gift_card,513.23,2025-01-30 05:18:17
4762,4762,wallet,616.52,2025-10-25 16:36:54
4763,4763,card,1236.14,2025-02-08 14:22:20
4764,4764,card,142.58,2025-08-13 17:09:45
4765,4765,card,992.79,2025-01-06 00:25:41
4766,4766,card,241.65,2025-10-24 01:44:30
4767,4767,card,252.81,2025-06-16 11:04:20
4768,4768,card,54.87,2025-10-24 02:20:16
4769,4769,gift_card,297.83,2025-02-09 10:32:48
4770,4770,\N,117.22,2025-06-10 00:29:45
4771,4771,gift_card,926.22,2025-05-24 06:05:02
4772,4772,cash,1379.23,2025-09-19 17:53:57
4773,4773,card,321.72,2025-04-08 05:54:50
4774,4774,card,610.21,2025-05-19 01:40:05
4775,4775,card,282.32,2025-02-10 17:19:04
4776,4776,gift_card,533.13,2025-09-13 12:53:22
4777,4777,gift_card,88.77,2025-08-07 18:23:33
4778,4778,cash,156.00,2025-03-06 00:21:00
4779,4779,gift_card,416.65,2025-04-09 06:05:01
4780,4780,cash,591.55,2025-03-16 07:25:32
4781,4781,wallet,1726.92,2025-07-02 21:36:24
4782,4782,card,321.66,2025-10-30 05:36:50
4783,4783,cash,59.71,2025-03-02 09:51:06
4784,4784,cash,69.66,2025-02-23 16:46:17
4785,4785,card,184.32,2025-03-27 21:15:44
4786,4786,wallet,21.63,2025-11-20 06:06:09
4787,4787,gift_card,1408.02,2025-06-24 15:14:25
4788,4788,gift_card,789.00,2025-07-12 05:26:53
4789,4789,card,703.53,2025-11-07 15:51:19
4790,4790,\N,403.60,2025-07-16 18:08:30
4791,4791,cash,461.78,2025-04-08 09:09:40
4792,4792,card,141.80,2025-11-27 16:00:07
4793,4793,\N,91.86,2025-06-28 17:51:55
4794,4794,card,836.72,2025-02-17 06:59:14
4795,4795,card,297.72,2025-01-11 18:06:15
4796,4796,card,429.76,2025-05-20 01:13:02
4797,4797,card,142.55,2025-11-05 06:25:13
4798,4798,\N,991.05,2025-04-23 12:37:10
4799,4799,\N,203.47,2025-06-09 00:13:30
4800,4800,card,252.33,2025-05-13 12:47:05
4801,4801,\N,184.23,2025-02-11 10:49:29
4802,4802,card,335.73,2025-07-02 02:15:02
4803,4803,cash,387.82,2025-08-04 18:28:29
4804,4804,gift_card,709.62,2025-09-13 17:42:27
4805,4805,wallet,535.51,2025-01-26 11:00:26
4806,4806,gift_card,239.91,2025-03-03 15:39:48
4807,4807,gift_card,349.01,2025-10-06 14:34:35
4808,4808,card,400.96,2025-11-06 13:46:00
4809,4809,card,1737.04,2025-11-29 13:27:45
4810,4810,card,197.78,2025-10-28 23:36:59
4811,4811,card,819.73,2025-12-20 12:52:09
4812,4812,card,153.31,2025-09-08 09:52:39
4813,4813,cash,229.84,2025-04-23 11:04:29
4814,4814,\N,191.21,2025-07-15 23:41:34
4815,4815,card,1419.18,2025-04-22 02:27:59
4816,4816,\N,944.80,2025-12-10 19:29:48
4817,4817,gift_card,1133.18,2025-11-11 13:35:53
4818,4818,\N,274.37,2025-07-26 06:09:12
4819,4819,\N,203.06,2025-12-31 05:13:36
4820,4820,\N,336.42,2025-01-05 08:57:59
4821,4821,wallet,545.32,2025-01-25 21:52:04
4822,4822,card,233.63,2025-11-07 01:04:27
4823,4823,gift_card,746.82,2025-09-03 22:06:24
4824,4824,gift_card,373.69,2025-12-01 03:03:58
4825,4825,card,1187.23,2025-11-17 03:43:31
4826,4826,card,951.73,2025-08-04 15:22:30
4827,4827,gift_card,105.42,2025-02-09 06:05:55
4828,4828,\N,194.24,2025-01-29 14:46:45
4829,4829,gift_card,93.16,2025-08-13 17:07:01
4830,4830,card,980.11,2025-06-11 18:43:17
4831,4831,\N,496.43,2025-08-05 17:11:20
4832,4832,card,430.28,2025-01-02 23:03:28
4833,4833,\N,637.92,2025-11-03 04:13:01
4834,4834,\N,50.10,2025-09-11 16:48:49
4835,4835,card,91.09,2025-11-08 00:51:40
4836,4836,gift_card,401.68,2025-01-16 15:24:17
4837,4837,card,449.11,2025-12-22 20:16:04
4838,4838,wallet,1139.00,2025-11-03 14:13:14
4839,4839,\N,390.37,2025-12-31 18:06:54
4840,4840,wallet,731.52,2025-05-27 17:42:33
4841,4841,card,750.76,2025-05-29 18:09:33
4842,4842,\N,2075.52,2025-10-03 05:28:41
4843,4843,card,90.18,2025-11-17 00:39:00
4844,4844,card,95.79,2025-05-08 06:43:01
4845,4845,cash,1102.48,2025-07-15 09:52:46
4846,4846,cash,292.64,2025-12-05 01:42:16
4847,4847,wallet,458.28,2025-05-26 11:29:07
4848,4848,wallet,206.15,2025-06-20 16:20:54
4849,4849,card,81.21,2025-07-08 15:06:55
4850,4850,card,757.20,2025-03-12 06:28:21
4851,4851,cash,823.14,2025-01-16 06:31:32
4852,4852,cash,571.83,2025-10-28 10:25:19
4853,4853,wallet,293.10,2025-09-04 22:27:29
4854,4854,\N,333.76,2025-07-03 11:10:35
4855,4855,card,289.00,2025-10-12 12:17:16
4856,4856,card,447.46,2025-10-21 18:06:13
4857,4857,card,547.56,2025-02-10 12:47:48
4858,4858,card,210.25,2025-04-19 20:26:17
4859,4859,card,170.21,2025-01-02 09:11:49
4860,4860,gift_card,1071.13,2025-11-26 06:04:32
4861,4861,cash,2121.27,2025-01-31 21:09:16
4862,4862,card,185.51,2025-10-10 11:27:15
4863,4863,cash,196.16,2025-03-04 22:27:29
4864,4864,wallet,1503.43,2025-04-11 06:27:17
4865,4865,cash,255.02,2025-01-16 14:48:18
4866,4866,gift_card,594.99,2025-08-06 08:45:07
4867,4867,\N,308.09,2025-08-28 12:48:57
4868,4868,\N,1035.18,2025-09-27 03:27:42
4869,4869,\N,156.10,2025-05-20 18:55:50
4870,4870,\N,1012.76,2025-06-13 08:32:56
4871,4871,wallet,104.22,2025-11-14 03:40:50
4872,4872,wallet,100.12,2025-02-20 10:56:13
4873,4873,card,1578.24,2025-05-17 18:21:24
4874,4874,\N,285.27,2025-03-27 16:23:39
4875,4875,card,846.15,2025-09-24 04:44:45
4876,4876,card,1054.72,2025-05-29 23:39:12
4877,4877,\N,101.50,2025-06-04 04:39:29
4878,4878,card,151.37,2025-05-09 15:03:10
4879,4879,card,321.92,2025-05-23 18:38:06
4880,4880,card,164.16,2025-03-27 04:41:43
4881,4881,\N,67.85,2025-10-14 15:57:15
4882,4882,gift_card,45.69,2025-06-10 10:55:43
4883,4883,card,488.90,2025-10-28 20:56:23
4884,4884,\N,816.97,2025-10-06 02:37:15
4885,4885,card,1068.94,2025-03-16 05:47:44
4886,4886,card,1041.58,2025-11-24 10:09:02
4887,4887,card,503.93,2025-06-03 08:30:47
4888,4888,\N,441.91,2025-09-30 13:38:44
4889,4889,cash,701.04,2025-06-28 13:17:57
4890,4890,\N,379.21,2025-07-24 21:41:59
4891,4891,\N,1178.57,2025-05-02 00:00:11
4892,4892,wallet,1098.04,2025-09-01 04:24:56
4893,4893,cash,741.84,2025-03-21 23:13:30
4894,4894,wallet,134.32,2025-12-09 06:25:48
4895,4895,gift_card,505.59,2025-08-07 09:24:47
4896,4896,card,204.77,2025-11-29 01:46:52
4897,4897,\N,137.68,2025-01-15 14:13:01
4898,4898,gift_card,1172.27,2025-07-14 13:05:54
4899,4899,card,854.88,2025-02-17 23:17:59
4900,4900,card,475.65,2025-11-24 16:45:17
4901,4901,\N,238.33,2025-09-09 15:50:25
4902,4902,cash,555.72,2025-04-15 20:35:35
4903,4903,card,726.84,2025-03-19 18:23:07
4904,4904,cash,162.28,2025-08-21 04:03:46
4905,4905,cash,98.33,2025-09-30 19:53:02
4906,4906,card,172.71,2025-09-01 05:44:22
4907,4907,cash,419.97,2025-11-22 08:27:28
4908,4908,card,1383.69,2025-03-09 08:50:15
4909,4909,gift_card,408.38,2025-08-03 07:00:59
4910,4910,card,276.17,2025-10-09 12:17:00
4911,4911,card,1478.90,2025-07-03 08:15:17
4912,4912,wallet,22.18,2025-03-17 01:33:22
4913,4913,wallet,478.72,2025-03-20 07:47:24
4914,4914,cash,538.75,2025-08-13 13:58:32
4915,4915,card,785.31,2025-12-26 08:13:04
4916,4916,wallet,191.49,2025-03-01 01:53:25
4917,4917,gift_card,958.49,2025-10-10 15:38:31
4918,4918,card,2554.75,2025-02-02 22:18:05
4919,4919,card,1971.92,2025-09-26 04:04:24
4920,4920,card,266.65,2025-09-22 10:00:29
4921,4921,gift_card,917.19,2025-07-17 23:24:01
4922,4922,\N,116.90,2025-12-17 17:57:06
4923,4923,wallet,835.08,2025-08-06 15:18:15
4924,4924,card,339.99,2025-09-26 15:09:12
4925,4925,wallet,1026.51,2025-05-13 14:58:18
4926,4926,card,343.99,2025-04-11 08:32:08
4927,4927,\N,1217.80,2025-05-29 01:39:30
4928,4928,gift_card,670.57,2025-05-25 18:47:17
4929,4929,\N,163.90,2025-09-05 13:00:46
4930,4930,gift_card,223.88,2025-10-31 00:31:47
4931,4931,cash,264.38,2025-05-30 04:57:58
4932,4932,\N,449.11,2025-08-04 10:47:20
4933,4933,\N,372.56,2025-09-18 15:03:52
4934,4934,gift_card,129.92,2025-07-31 05:19:54
4935,4935,card,634.89,2025-06-08 07:00:26
4936,4936,gift_card,628.43,2025-12-19 14:49:07
4937,4937,card,474.71,2025-07-29 15:23:10
4938,4938,\N,144.41,2025-02-01 15:57:13
4939,4939,\N,525.54,2025-05-29 17:13:17
4940,4940,card,595.52,2025-12-15 20:24:57
4941,4941,\N,408.55,2025-03-11 16:28:30
4942,4942,card,176.91,2025-09-18 03:40:34
4943,4943,card,804.69,2025-10-07 06:53:47
4944,4944,wallet,867.90,2025-01-18 01:36:03
4945,4945,wallet,137.95,2025-03-25 17:22:01
4946,4946,gift_card,626.90,2025-11-23 09:04:33
4947,4947,card,783.47,2025-02-11 03:17:51
4948,4948,card,501.23,2025-02-21 14:31:48
4949,4949,card,484.17,2025-05-21 22:11:29
4950,4950,card,133.00,2025-12-09 01:01:42
4951,4951,card,916.89,2025-08-25 13:21:58
4952,4952,card,1057.13,2025-08-01 14:08:06
4953,4953,wallet,400.00,2025-01-28 04:22:20
4954,4954,\N,408.80,2025-07-10 11:58:54
4955,4955,cash,203.18,2025-09-25 20:37:43
4956,4956,\N,179.62,2025-09-30 05:10:08
4957,4957,gift_card,277.83,2025-03-23 20:34:08
4958,4958,cash,601.68,2025-06-10 17:36:09
4959,4959,\N,119.42,2025-09-16 04:41:37
4960,4960,card,750.65,2025-09-14 16:34:59
4961,4961,\N,193.13,2025-04-29 06:37:22
4962,4962,wallet,357.51,2025-08-24 06:33:58
4963,4963,card,991.20,2025-06-17 19:13:27
4964,4964,gift_card,1036.25,2025-07-09 07:10:56
4965,4965,gift_card,1217.92,2025-01-29 11:36:13
4966,4966,card,391.94,2025-02-13 08:47:31
4967,4967,\N,275.10,2025-11-20 23:58:02
4968,4968,gift_card,229.83,2025-04-08 19:41:59
4969,4969,card,249.52,2025-11-16 17:51:36
4970,4970,card,133.34,2025-04-04 20:26:23
4971,4971,card,881.76,2025-09-02 21:59:32
4972,4972,gift_card,78.82,2025-09-04 11:18:59
4973,4973,wallet,49.49,2025-03-31 01:19:46
4974,4974,cash,197.22,2025-03-05 06:24:54
4975,4975,gift_card,1095.04,2025-09-01 00:49:31
4976,4976,wallet,799.04,2025-10-27 05:15:36
4977,4977,card,172.00,2025-03-17 04:39:36
4978,4978,card,281.42,2025-03-24 14:21:29
4979,4979,wallet,1473.42,2025-04-10 10:59:48
4980,4980,card,2285.96,2025-10-09 06:24:56
4981,4981,\N,1524.69,2025-05-09 11:03:35
4982,4982,gift_card,1214.39,2025-02-13 22:01:13
4983,4983,card,296.26,2025-10-26 01:26:42
4984,4984,card,181.23,2025-03-01 10:21:40
4985,4985,card,1069.82,2025-05-01 00:53:41
4986,4986,card,1078.57,2025-11-25 05:40:25
4987,4987,card,1604.67,2025-09-22 06:37:48
4988,4988,cash,70.57,2025-02-20 08:56:53
4989,4989,card,840.13,2025-03-17 09:30:43
4990,4990,gift_card,512.28,2025-05-07 07:48:17
4991,4991,card,584.78,2025-02-08 14:13:24
4992,4992,wallet,366.92,2025-08-21 17:26:52
4993,4993,cash,239.32,2025-08-17 15:17:32
4994,4994,card,308.91,2025-07-07 06:29:59
4995,4995,\N,591.03,2025-03-17 03:47:48
4996,4996,cash,831.59,2025-04-08 12:22:23
4997,4997,cash,635.80,2025-06-07 22:28:43
4998,4998,card,599.58,2025-05-21 16:24:08
4999,4999,\N,450.43,2025-09-27 08:34:47
5000,5000,wallet,740.82,2025-03-25 23:24:14
5001,5001,cash,829.34,2025-02-01 08:35:04
5002,5002,wallet,333.24,2025-03-04 01:57:36
5003,5003,card,537.80,2025-12-29 14:56:58
5004,5004,gift_card,839.32,2025-08-25 15:03:45
5005,5005,card,165.48,2025-06-07 01:31:18
5006,5006,cash,1284.85,2025-09-02 03:05:06
5007,5007,card,699.26,2025-09-24 03:10:09
5008,5008,card,744.05,2025-12-28 11:18:55
5009,5009,gift_card,1644.36,2025-12-31 08:16:41
5010,5010,\N,411.94,2025-03-30 00:18:18
5011,5011,card,416.95,2025-06-22 07:57:18
5012,5012,cash,602.98,2025-07-08 01:22:09
5013,5013,card,744.26,2025-09-19 11:49:36
5014,5014,\N,658.41,2025-03-30 09:20:22
5015,5015,\N,274.06,2025-08-09 23:29:20
5016,5016,\N,144.88,2025-08-04 13:17:15
5017,5017,card,943.91,2025-01-02 07:54:43
5018,5018,card,716.77,2025-11-11 19:15:37
5019,5019,card,433.05,2025-09-16 16:24:24
5020,5020,card,752.95,2025-08-19 02:32:31
5021,5021,card,736.00,2025-11-06 16:06:20
5022,5022,cash,238.29,2025-08-27 20:59:47
5023,5023,\N,523.84,2025-10-22 20:46:13
5024,5024,wallet,525.58,2025-07-16 07:01:34
5025,5025,cash,1762.53,2025-02-05 18:20:52
5026,5026,card,214.75,2025-06-27 18:11:39
5027,5027,wallet,220.73,2025-03-01 02:27:42
5028,5028,\N,1014.05,2025-02-01 03:16:25
5029,5029,card,842.43,2025-10-19 21:07:34
5030,5030,card,361.06,2025-11-24 19:40:32
5031,5031,card,254.80,2025-08-03 16:36:35
5032,5032,card,422.72,2025-01-08 18:41:59
5033,5033,cash,967.03,2025-02-01 23:00:29
5034,5034,card,135.93,2025-07-24 14:28:51
5035,5035,card,246.74,2025-03-13 15:44:39
5036,5036,\N,128.30,2025-09-28 05:36:22
5037,5037,card,341.93,2025-07-27 04:02:18
5038,5038,wallet,1005.26,2025-03-03 08:25:30
5039,5039,cash,379.80,2025-03-20 18:30:48
5040,5040,\N,148.76,2025-12-10 14:59:40
5041,5041,card,721.19,2025-07-11 18:59:32
5042,5042,card,308.91,2025-06-05 19:44:46
5043,5043,card,273.27,2025-06-19 20:37:40
5044,5044,wallet,592.24,2025-02-22 02:50:07
5045,5045,gift_card,346.48,2025-02-17 04:59:09
5046,5046,cash,996.56,2025-06-13 00:07:14
5047,5047,card,1743.41,2025-07-11 01:27:07
5048,5048,\N,346.90,2025-02-26 12:59:31
5049,5049,gift_card,1945.33,2025-08-08 19:04:55
5050,5050,gift_card,573.87,2025-08-03 06:16:49
5051,5051,card,540.24,2025-07-26 18:17:00
5052,5052,gift_card,335.95,2025-01-30 04:44:31
5053,5053,card,988.07,2025-11-12 15:22:17
5054,5054,gift_card,173.01,2025-03-07 09:09:48
5055,5055,cash,198.18,2025-02-08 22:41:14
5056,5056,cash,915.18,2025-09-06 14:55:10
5057,5057,card,332.15,2025-11-09 14:30:03
5058,5058,card,123.77,2025-03-03 23:23:10
5059,5059,\N,345.32,2025-10-28 16:13:47
5060,5060,card,18.70,2025-04-24 02:40:45
5061,5061,card,114.85,2025-02-02 13:55:06
5062,5062,card,70.55,2025-01-31 18:58:20
5063,5063,card,783.03,2025-12-14 09:03:05
5064,5064,cash,766.95,2025-06-05 13:45:33
5065,5065,cash,483.20,2025-10-04 06:40:43
5066,5066,card,340.32,2025-03-13 05:32:07
5067,5067,gift_card,1666.99,2025-01-11 05:29:11
5068,5068,card,218.74,2025-11-12 09:02:17
5069,5069,card,459.80,2025-12-31 06:52:50
5070,5070,gift_card,1319.06,2025-10-16 16:46:06
5071,5071,wallet,1746.53,2025-07-21 21:12:05
5072,5072,cash,117.82,2025-11-01 23:46:44
5073,5073,gift_card,333.68,2025-06-17 20:38:22
5074,5074,wallet,187.72,2025-02-19 04:32:30
5075,5075,wallet,349.56,2025-03-06 22:34:41
5076,5076,card,702.49,2025-05-27 01:39:55
5077,5077,card,306.68,2025-04-21 16:52:09
5078,5078,card,622.88,2025-01-10 16:22:27
5079,5079,card,253.79,2025-10-25 23:37:11
5080,5080,card,327.46,2025-04-09 16:12:05
5081,5081,card,687.48,2025-09-24 05:52:24
5082,5082,gift_card,362.77,2025-05-10 00:57:53
5083,5083,wallet,146.59,2025-10-06 09:41:55
5084,5084,card,300.15,2025-07-06 07:32:12
5085,5085,card,667.14,2025-04-18 06:04:05
5086,5086,wallet,1589.09,2025-07-27 23:28:55
5087,5087,\N,111.78,2025-11-03 16:43:13
5088,5088,card,134.30,2025-04-12 10:48:15
5089,5089,card,55.31,2025-12-25 20:33:19
5090,5090,cash,345.83,2025-06-05 03:18:32
5091,5091,gift_card,119.06,2025-02-19 16:50:05
5092,5092,card,346.90,2025-07-20 09:39:46
5093,5093,\N,2003.20,2025-11-11 00:08:07
5094,5094,card,916.23,2025-06-17 01:08:13
5095,5095,wallet,106.98,2025-10-29 22:56:17
5096,5096,cash,323.92,2025-05-23 07:29:31
5097,5097,cash,1138.75,2025-12-16 14:02:28
5098,5098,card,411.53,2025-07-28 06:46:28
5099,5099,card,344.04,2025-05-25 14:32:28
5100,5100,gift_card,193.48,2025-10-01 21:59:59
5101,5101,\N,788.99,2025-10-25 12:26:24
5102,5102,card,524.60,2025-04-24 18:48:27
5103,5103,wallet,83.56,2025-07-28 15:16:05
5104,5104,wallet,579.79,2025-06-27 04:37:53
5105,5105,cash,35.94,2025-02-27 22:54:10
5106,5106,wallet,1139.03,2025-11-18 16:57:00
5107,5107,gift_card,935.45,2025-02-22 05:55:07
5108,5108,gift_card,131.32,2025-08-04 09:50:03
5109,5109,card,982.35,2025-12-20 05:54:37
5110,5110,card,1182.51,2025-08-20 13:49:42
5111,5111,cash,1096.06,2025-01-12 08:36:02
5112,5112,card,591.01,2025-07-18 07:27:16
5113,5113,card,605.83,2025-11-22 01:58:16
5114,5114,gift_card,182.26,2025-08-23 08:54:03
5115,5115,cash,662.49,2025-07-16 16:54:05
5116,5116,card,397.32,2025-06-06 23:10:48
5117,5117,card,1553.34,2025-02-04 15:37:27
5118,5118,gift_card,222.09,2025-12-01 09:14:52
5119,5119,card,556.82,2025-04-05 23:06:37
5120,5120,\N,450.90,2025-09-26 17:34:28
5121,5121,cash,60.03,2025-09-02 20:11:14
5122,5122,card,117.57,2025-10-06 12:49:57
5123,5123,card,301.95,2025-03-04 01:18:46
5124,5124,card,744.94,2025-05-08 01:06:44
5125,5125,card,702.58,2025-02-27 09:44:13
5126,5126,card,67.35,2025-02-22 01:35:04
5127,5127,card,777.40,2025-12-01 17:28:38
5128,5128,cash,411.91,2025-01-17 22:42:59
5129,5129,card,173.26,2025-06-05 07:14:40
5130,5130,card,1165.02,2025-01-31 07:58:37
5131,5131,\N,246.20,2025-03-02 02:24:07
5132,5132,card,689.87,2025-06-06 11:31:21
5133,5133,card,281.40,2025-11-11 10:27:42
5134,5134,\N,559.14,2025-12-03 00:45:21
5135,5135,cash,1451.64,2025-10-04 18:05:40
5136,5136,wallet,141.76,2025-03-28 13:51:33
5137,5137,wallet,1021.81,2025-07-11 02:52:02
5138,5138,\N,293.90,2025-11-22 18:52:49
5139,5139,card,854.79,2025-01-28 08:21:28
5140,5140,gift_card,351.85,2025-02-20 18:22:09
5141,5141,card,224.84,2025-11-25 09:52:39
5142,5142,gift_card,834.36,2025-11-29 22:42:40
5143,5143,wallet,156.00,2025-08-22 10:52:55
5144,5144,card,466.91,2025-01-11 11:34:26
5145,5145,gift_card,230.53,2025-09-09 21:44:59
5146,5146,wallet,278.91,2025-01-25 15:48:26
5147,5147,cash,1432.30,2025-01-29 06:14:24
5148,5148,cash,775.93,2025-10-10 08:10:06
5149,5149,wallet,514.08,2025-06-20 02:52:03
5150,5150,gift_card,981.66,2025-05-20 22:13:04
5151,5151,gift_card,193.92,2025-03-10 17:32:19
5152,5152,gift_card,263.23,2025-02-05 14:15:59
5153,5153,\N,714.96,2025-12-15 13:05:54
5154,5154,\N,116.93,2025-09-03 09:30:50
5155,5155,card,284.54,2025-08-03 08:05:32
5156,5156,card,289.54,2025-08-23 03:11:28
5157,5157,card,370.21,2025-07-31 22:23:53
5158,5158,gift_card,758.31,2025-03-06 08:21:36
5159,5159,\N,328.73,2025-12-22 03:27:49
5160,5160,card,275.05,2025-12-27 10:45:40
5161,5161,wallet,196.86,2025-10-24 12:41:30
5162,5162,card,1390.86,2025-01-08 08:43:57
5163,5163,card,321.67,2025-06-09 03:28:51
5164,5164,card,729.45,2025-02-19 14:14:06
5165,5165,wallet,61.35,2025-05-28 16:45:46
5166,5166,card,199.36,2025-08-25 03:33:18
5167,5167,\N,328.76,2025-06-29 06:07:31
5168,5168,cash,31.27,2025-08-14 11:18:42
5169,5169,gift_card,421.01,2025-02-02 10:20:23
5170,5170,cash,390.41,2025-12-02 07:10:21
5171,5171,wallet,427.93,2025-11-17 15:04:37
5172,5172,card,88.61,2025-12-22 13:08:31
5173,5173,card,591.26,2025-12-09 19:47:44
5174,5174,wallet,257.42,2025-09-11 21:19:36
5175,5175,card,537.53,2025-11-16 04:44:33
5176,5176,cash,255.13,2025-06-11 18:48:30
5177,5177,wallet,446.20,2025-12-18 12:16:13
5178,5178,cash,504.87,2025-07-01 00:37:13
5179,5179,gift_card,736.07,2025-07-29 20:46:02
5180,5180,card,657.11,2025-05-08 16:50:54
5181,5181,wallet,189.50,2025-04-28 19:41:46
5182,5182,card,69.58,2025-11-14 11:08:26
5183,5183,cash,176.26,2025-07-08 22:25:46
5184,5184,\N,360.25,2025-10-03 12:45:09
5185,5185,\N,781.37,2025-06-11 04:12:21
5186,5186,gift_card,95.67,2025-06-12 23:20:19
5187,5187,gift_card,668.87,2025-10-25 16:39:32
5188,5188,gift_card,324.09,2025-04-29 06:29:59
5189,5189,card,228.93,2025-12-20 10:19:25
5190,5190,cash,730.78,2025-10-26 02:18:28
5191,5191,cash,556.69,2025-04-13 17:51:23
5192,5192,cash,142.87,2025-05-23 18:49:41
5193,5193,\N,48.23,2025-12-14 10:30:39
5194,5194,card,549.92,2025-07-14 21:51:47
5195,5195,card,1218.49,2025-11-10 21:59:19
5196,5196,card,323.52,2025-10-07 10:54:11
5197,5197,wallet,200.24,2025-01-02 18:02:35
5198,5198,card,398.73,2025-06-19 02:23:20
5199,5199,\N,765.48,2025-01-27 16:58:32
5200,5200,gift_card,298.56,2025-04-24 06:39:12
5201,5201,card,38.45,2025-03-04 21:45:38
5202,5202,card,1421.45,2025-07-16 12:33:40
5203,5203,card,555.77,2025-04-25 14:37:24
5204,5204,\N,174.92,2025-04-22 10:07:25
5205,5205,cash,321.79,2025-06-13 00:53:02
5206,5206,wallet,167.12,2025-04-06 10:39:25
5207,5207,wallet,109.84,2025-11-29 06:39:38
5208,5208,cash,960.50,2025-06-30 06:29:46
5209,5209,\N,1319.71,2025-07-05 06:05:45
5210,5210,card,115.74,2025-03-16 19:59:21
5211,5211,card,312.58,2025-05-31 08:13:13
5212,5212,\N,633.59,2025-01-22 14:52:42
5213,5213,card,244.35,2025-10-14 08:12:34
5214,5214,cash,303.22,2025-08-16 03:17:50
5215,5215,wallet,140.28,2025-04-25 22:26:04
5216,5216,gift_card,550.26,2025-08-29 07:22:29
5217,5217,gift_card,1532.08,2025-06-08 22:27:58
5218,5218,card,1166.40,2025-10-31 13:15:00
5219,5219,\N,253.62,2025-10-02 21:32:09
5220,5220,\N,1208.21,2025-05-08 08:13:43
5221,5221,card,841.25,2025-07-16 00:37:07
5222,5222,card,41.63,2025-05-06 02:59:41
5223,5223,cash,185.61,2025-05-13 16:14:45
5224,5224,cash,812.50,2025-11-15 07:57:29
5225,5225,wallet,876.23,2025-03-20 08:25:49
5226,5226,cash,283.26,2025-01-21 02:07:06
5227,5227,wallet,696.52,2025-10-20 08:08:36
5228,5228,cash,212.70,2025-08-02 20:32:34
5229,5229,card,38.89,2025-06-04 15:09:03
5230,5230,wallet,327.76,2025-07-01 04:47:52
5231,5231,gift_card,641.59,2025-07-16 20:52:21
5232,5232,card,106.65,2025-11-21 19:57:46
5233,5233,wallet,756.49,2025-03-10 01:51:24
5234,5234,\N,1081.32,2025-10-12 13:42:52
5235,5235,\N,383.34,2025-06-17 07:47:29
5236,5236,card,257.50,2025-12-30 18:35:22
5237,5237,wallet,745.61,2025-08-17 18:46:25
5238,5238,cash,917.96,2025-10-14 12:31:42
5239,5239,card,1957.60,2025-11-15 14:08:57
5240,5240,card,1127.37,2025-11-29 14:21:26
5241,5241,wallet,959.51,2025-06-21 23:11:30
5242,5242,gift_card,471.17,2025-07-13 14:55:45
5243,5243,wallet,379.00,2025-05-25 20:46:45
5244,5244,card,109.82,2025-11-22 23:48:04
5245,5245,cash,512.67,2025-03-17 08:26:56
5246,5246,card,201.21,2025-05-23 15:25:53
5247,5247,card,22.83,2025-07-27 03:22:59
5248,5248,\N,101.50,2025-02-11 07:15:55
5249,5249,gift_card,402.14,2025-07-25 15:14:26
5250,5250,card,84.61,2025-09-12 20:38:38
5251,5251,gift_card,479.64,2025-11-04 11:12:29
5252,5252,card,719.96,2025-04-05 22:43:15
5253,5253,card,334.53,2025-07-30 15:52:53
5254,5254,card,489.32,2025-07-06 14:07:00
5255,5255,\N,956.06,2025-03-25 05:31:13
5256,5256,cash,668.25,2025-12-31 05:51:35
5257,5257,card,160.80,2025-03-31 14:28:07
5258,5258,cash,648.59,2025-07-02 23:46:01
5259,5259,card,330.64,2025-07-15 16:50:11
5260,5260,wallet,382.84,2025-03-29 13:30:24
5261,5261,cash,424.13,2025-08-28 18:50:25
5262,5262,card,906.92,2025-12-27 22:56:21
5263,5263,card,119.54,2025-02-08 06:59:01
5264,5264,wallet,558.29,2025-11-16 21:31:24
5265,5265,wallet,471.13,2025-11-08 09:34:47
5266,5266,card,102.27,2025-03-01 01:18:56
5267,5267,\N,227.96,2025-07-20 12:57:22
5268,5268,card,274.53,2025-08-30 17:54:20
5269,5269,card,83.48,2025-08-07 14:03:16
5270,5270,cash,343.65,2025-09-10 14:32:41
5271,5271,gift_card,731.46,2025-10-02 22:48:06
5272,5272,card,247.92,2025-04-29 16:13:17
5273,5273,gift_card,580.14,2025-01-06 07:19:50
5274,5274,cash,530.15,2025-07-07 12:12:32
5275,5275,cash,1658.88,2025-02-01 18:27:40
5276,5276,card,65.11,2025-10-06 02:16:48
5277,5277,wallet,1123.84,2025-04-01 14:49:29
5278,5278,card,361.85,2025-09-27 02:01:26
5279,5279,\N,1913.07,2025-12-13 23:04:20
5280,5280,card,770.63,2025-06-25 13:57:41
5281,5281,card,331.90,2025-12-07 19:09:28
5282,5282,card,1477.75,2025-03-05 12:41:07
5283,5283,card,509.61,2025-01-23 09:20:02
5284,5284,card,148.76,2025-04-29 21:10:09
5285,5285,card,1169.64,2025-12-27 12:23:44
5286,5286,wallet,417.83,2025-03-20 09:20:06
5287,5287,card,54.91,2025-03-24 00:54:44
5288,5288,cash,101.04,2025-03-25 17:08:46
5289,5289,wallet,1476.01,2025-10-18 10:03:50
5290,5290,\N,261.55,2025-12-23 05:36:43
5291,5291,card,579.69,2025-04-27 22:04:13
5292,5292,card,170.44,2025-08-27 13:49:25
5293,5293,card,1570.98,2025-12-08 07:46:35
5294,5294,wallet,1107.55,2025-12-29 01:25:36
5295,5295,cash,231.57,2025-10-26 19:06:59
5296,5296,card,229.56,2025-10-03 11:55:51
5297,5297,card,287.26,2025-05-25 22:00:42
5298,5298,gift_card,840.38,2025-12-16 21:30:53
5299,5299,cash,679.47,2025-07-05 21:00:54
5300,5300,cash,124.86,2025-07-20 21:13:10
5301,5301,card,497.85,2025-01-13 15:39:01
5302,5302,card,508.33,2025-03-15 13:43:22
5303,5303,card,1451.44,2025-09-04 15:57:41
5304,5304,card,1083.42,2025-02-07 00:27:33
5305,5305,\N,135.81,2025-06-17 08:17:08
5306,5306,\N,962.67,2025-01-16 04:24:21
5307,5307,card,145.01,2025-10-28 14:15:32
5308,5308,cash,619.42,2025-07-05 19:18:54
5309,5309,card,361.48,2025-01-25 15:36:53
5310,5310,card,309.14,2025-07-18 05:52:22
5311,5311,\N,320.93,2025-06-13 22:30:23
5312,5312,cash,111.43,2025-06-16 08:48:27
5313,5313,card,515.97,2025-09-06 02:46:55
5314,5314,\N,555.04,2025-05-09 16:47:51
5315,5315,cash,693.75,2025-02-11 21:44:40
5316,5316,card,847.63,2025-11-13 01:04:24
5317,5317,\N,85.66,2025-10-20 21:03:22
5318,5318,wallet,373.76,2025-04-07 09:40:38
5319,5319,card,188.86,2025-04-22 04:38:32
5320,5320,gift_card,401.34,2025-09-07 15:46:34
5321,5321,card,1342.29,2025-12-03 15:58:55
5322,5322,card,584.09,2025-01-10 20:38:48
5323,5323,card,223.17,2025-02-15 02:17:35
5324,5324,wallet,508.50,2025-07-07 05:08:07
5325,5325,card,169.56,2025-11-05 14:57:46
5326,5326,gift_card,248.93,2025-11-28 09:59:07
5327,5327,card,280.22,2025-12-09 01:55:50
5328,5328,\N,458.89,2025-08-13 20:57:47
5329,5329,wallet,814.23,2025-08-10 11:29:15
5330,5330,card,106.29,2025-03-23 18:09:48
5331,5331,card,252.63,2025-12-20 06:52:34
5332,5332,card,1099.96,2025-01-24 09:44:36
5333,5333,cash,39.71,2025-10-22 03:24:41
5334,5334,wallet,855.80,2025-03-30 20:39:47
5335,5335,card,1135.60,2025-11-23 04:00:24
5336,5336,\N,691.11,2025-04-03 03:33:16
5337,5337,wallet,140.57,2025-01-06 14:13:24
5338,5338,cash,304.78,2025-12-28 23:29:03
5339,5339,gift_card,269.11,2025-05-21 13:33:01
5340,5340,card,914.17,2025-09-03 15:51:42
5341,5341,card,349.41,2025-10-11 12:29:04
5342,5342,cash,71.74,2025-01-14 02:04:54
5343,5343,\N,344.93,2025-03-25 22:58:09
5344,5344,wallet,105.83,2025-03-12 21:25:04
5345,5345,gift_card,353.49,2025-05-19 14:45:24
5346,5346,card,643.78,2025-11-02 18:20:31
5347,5347,card,80.32,2025-05-23 06:21:39
5348,5348,card,558.62,2025-09-21 06:46:58
5349,5349,card,559.15,2025-09-15 19:41:24
5350,5350,cash,176.00,2025-10-04 13:05:41
5351,5351,card,816.64,2025-02-08 20:43:08
5352,5352,card,257.51,2025-03-07 10:33:21
5353,5353,cash,120.30,2025-01-23 14:54:41
5354,5354,\N,1029.24,2025-07-12 14:53:15
5355,5355,wallet,1397.28,2025-05-13 13:01:55
5356,5356,card,953.72,2025-08-09 09:36:04
5357,5357,wallet,535.13,2025-05-21 13:52:39
5358,5358,cash,314.29,2025-02-28 20:38:11
5359,5359,cash,275.78,2025-10-11 04:36:39
5360,5360,card,691.08,2025-12-09 18:34:05
5361,5361,gift_card,918.03,2025-02-21 20:43:26
5362,5362,\N,595.02,2025-12-24 00:14:01
5363,5363,card,301.19,2025-08-14 17:10:58
5364,5364,card,80.26,2025-03-05 18:44:56
5365,5365,card,256.80,2025-11-26 04:12:36
5366,5366,gift_card,352.85,2025-11-12 12:18:47
5367,5367,gift_card,401.82,2025-09-01 22:58:05
5368,5368,card,920.72,2025-01-27 10:46:38
5369,5369,cash,612.24,2025-10-15 07:26:22
5370,5370,\N,31.12,2025-04-10 20:39:15
5371,5371,wallet,477.67,2025-02-02 01:58:47
5372,5372,gift_card,973.68,2025-10-31 10:02:08
5373,5373,card,207.33,2025-11-27 01:45:45
5374,5374,cash,281.64,2025-01-24 16:14:11
5375,5375,\N,267.84,2025-08-20 15:40:20
5376,5376,card,660.88,2025-01-08 14:10:23
5377,5377,wallet,582.06,2025-02-14 06:51:28
5378,5378,gift_card,140.28,2025-12-05 09:26:25
5379,5379,card,231.55,2025-05-04 08:28:22
5380,5380,\N,335.26,2025-03-29 06:49:37
5381,5381,wallet,122.34,2025-01-15 17:37:20
5382,5382,cash,395.20,2025-08-14 04:30:39
5383,5383,card,251.12,2025-04-01 15:10:41
5384,5384,card,523.21,2025-05-11 17:49:14
5385,5385,card,263.16,2025-09-11 14:30:34
5386,5386,cash,213.98,2025-11-20 02:31:13
5387,5387,card,441.81,2025-09-13 03:55:19
5388,5388,cash,56.23,2025-07-24 00:04:48
5389,5389,card,825.23,2025-11-22 00:12:46
5390,5390,\N,596.13,2025-01-08 01:14:15
5391,5391,card,524.40,2025-09-24 06:24:08
5392,5392,cash,176.82,2025-05-14 16:48:12
5393,5393,card,351.86,2025-09-04 13:20:17
5394,5394,cash,36.31,2025-08-07 01:44:29
5395,5395,card,1096.40,2025-11-06 11:31:42
5396,5396,\N,318.04,2025-04-02 20:57:56
5397,5397,card,223.82,2025-05-31 02:54:18
5398,5398,wallet,720.03,2025-09-14 00:51:18
5399,5399,gift_card,399.36,2025-06-09 18:33:28
5400,5400,gift_card,1497.38,2025-11-07 06:58:27
5401,5401,wallet,197.78,2025-09-26 21:06:50
5402,5402,card,732.33,2025-10-18 08:06:46
5403,5403,cash,847.10,2025-07-10 19:14:44
5404,5404,card,638.43,2025-07-23 04:18:19
5405,5405,card,912.86,2025-01-28 15:46:55
5406,5406,card,305.58,2025-04-08 11:09:47
5407,5407,card,399.67,2025-07-06 05:14:40
5408,5408,cash,311.18,2025-01-25 21:46:03
5409,5409,card,932.20,2025-11-05 18:17:44
5410,5410,wallet,30.23,2025-08-06 21:15:49
5411,5411,card,868.12,2025-11-10 14:26:16
5412,5412,card,160.67,2025-05-30 14:01:41
5413,5413,wallet,560.41,2025-01-28 17:04:29
5414,5414,card,116.31,2025-10-21 13:43:09
5415,5415,card,1310.29,2025-05-18 14:35:00
5416,5416,\N,485.45,2025-09-21 15:41:36
5417,5417,cash,118.17,2025-10-10 10:15:39
5418,5418,card,594.33,2025-04-04 21:18:41
5419,5419,card,344.49,2025-01-10 20:41:56
5420,5420,gift_card,596.00,2025-07-13 01:08:57
5421,5421,gift_card,968.87,2025-06-12 22:11:21
5422,5422,card,1460.88,2025-12-14 20:10:57
5423,5423,gift_card,657.90,2025-07-19 11:50:24
5424,5424,card,403.63,2025-06-10 04:52:04
5425,5425,card,323.01,2025-12-28 20:15:06
5426,5426,wallet,82.52,2025-04-19 10:35:54
5427,5427,card,481.37,2025-07-18 17:39:52
5428,5428,card,589.69,2025-10-18 06:47:52
5429,5429,gift_card,109.10,2025-12-03 17:32:24
5430,5430,cash,299.72,2025-09-30 11:08:14
5431,5431,cash,1054.78,2025-10-06 22:57:44
5432,5432,wallet,722.62,2025-01-15 00:15:50
5433,5433,card,464.38,2025-07-25 18:31:01
5434,5434,card,333.72,2025-02-01 20:09:57
5435,5435,\N,967.38,2025-10-28 07:40:50
5436,5436,card,1255.01,2025-05-03 06:45:10
5437,5437,cash,517.80,2025-02-07 17:21:27
5438,5438,card,205.19,2025-12-25 07:58:15
5439,5439,card,161.83,2025-08-31 07:51:24
5440,5440,gift_card,658.80,2025-12-14 06:11:31
5441,5441,\N,684.91,2025-08-14 05:54:05
5442,5442,card,201.06,2025-05-21 00:32:25
5443,5443,card,10.52,2025-07-09 01:21:26
5444,5444,card,578.58,2025-02-27 08:31:39
5445,5445,\N,667.41,2025-04-05 11:41:02
5446,5446,card,74.20,2025-11-28 18:36:39
5447,5447,card,477.50,2025-10-05 12:46:51
5448,5448,card,300.22,2025-12-03 21:07:33
5449,5449,gift_card,1348.82,2025-03-28 14:17:29
5450,5450,gift_card,1178.38,2025-04-09 23:22:14
5451,5451,cash,241.33,2025-04-04 06:37:12
5452,5452,card,492.60,2025-01-25 22:34:05
5453,5453,\N,475.74,2025-09-04 09:01:00
5454,5454,card,322.99,2025-12-10 13:03:44
5455,5455,wallet,1280.83,2025-03-01 08:56:27
5456,5456,card,317.78,2025-12-07 03:34:17
5457,5457,card,309.24,2025-05-23 14:54:18
5458,5458,card,307.90,2025-05-26 03:56:12
5459,5459,cash,64.04,2025-01-05 19:31:26
5460,5460,cash,642.12,2025-11-13 15:59:11
5461,5461,card,155.87,2025-07-14 00:58:08
5462,5462,\N,688.43,2025-06-23 00:42:59
5463,5463,\N,232.81,2025-07-10 23:45:57
5464,5464,card,211.01,2025-04-24 17:30:50
5465,5465,card,297.15,2025-02-02 23:14:55
5466,5466,card,466.58,2025-09-29 16:36:44
5467,5467,card,172.34,2025-07-15 17:41:47
5468,5468,wallet,423.82,2025-03-11 17:21:04
5469,5469,card,1143.81,2025-10-16 07:54:04
5470,5470,card,1472.95,2025-07-10 21:55:33
5471,5471,card,894.43,2025-04-09 03:53:26
5472,5472,card,486.39,2025-02-25 02:01:23
5473,5473,card,676.53,2025-03-19 15:54:25
5474,5474,card,54.42,2025-08-17 17:39:38
5475,5475,card,510.88,2025-01-29 15:45:37
5476,5476,wallet,210.25,2025-09-09 07:25:57
5477,5477,card,685.71,2025-06-03 21:34:17
5478,5478,gift_card,319.62,2025-07-22 23:51:44
5479,5479,card,253.91,2025-07-18 21:50:57
5480,5480,card,297.87,2025-07-05 16:53:12
5481,5481,cash,239.19,2025-06-05 23:02:50
5482,5482,card,329.18,2025-02-08 01:58:35
5483,5483,card,26.84,2025-08-04 14:55:36
5484,5484,card,731.12,2025-05-25 13:59:38
5485,5485,card,454.36,2025-04-25 09:38:18
5486,5486,card,514.81,2025-06-14 21:43:15
5487,5487,card,680.68,2025-06-01 19:36:19
5488,5488,wallet,146.54,2025-01-05 01:06:15
5489,5489,cash,542.81,2025-02-28 16:57:26
5490,5490,card,175.39,2025-12-23 18:31:52
5491,5491,cash,1186.27,2025-03-04 11:50:28
5492,5492,card,298.20,2025-11-21 19:51:01
5493,5493,cash,555.84,2025-05-25 16:59:04
5494,5494,\N,348.39,2025-01-13 09:41:13
5495,5495,cash,1611.41,2025-07-21 04:12:18
5496,5496,card,1126.17,2025-11-15 13:19:29
5497,5497,card,62.81,2025-09-11 19:00:43
5498,5498,gift_card,1505.36,2025-03-28 01:04:14
5499,5499,card,858.77,2025-03-10 19:05:42
5500,5500,cash,140.71,2025-01-22 14:54:58
5501,5501,\N,311.61,2025-05-20 11:08:35
5502,5502,card,535.40,2025-09-18 23:16:25
5503,5503,cash,520.53,2025-08-01 21:41:50
5504,5504,gift_card,722.47,2025-11-04 07:30:14
5505,5505,card,493.31,2025-07-31 19:28:52
5506,5506,card,981.07,2025-04-01 20:03:07
5507,5507,card,303.76,2025-09-01 07:50:54
5508,5508,wallet,435.70,2025-04-06 08:15:36
5509,5509,cash,525.55,2025-12-24 19:06:56
5510,5510,gift_card,1010.85,2025-10-29 11:15:15
5511,5511,card,853.96,2025-08-12 03:17:36
5512,5512,wallet,1665.35,2025-09-03 20:10:24
5513,5513,card,649.36,2025-01-05 10:24:51
5514,5514,wallet,309.98,2025-07-27 00:33:12
5515,5515,\N,624.95,2025-10-10 19:04:08
5516,5516,gift_card,65.26,2025-06-14 05:29:21
5517,5517,\N,595.73,2025-10-31 01:15:34
5518,5518,\N,275.46,2025-09-15 20:33:41
5519,5519,cash,424.78,2025-07-15 22:47:39
5520,5520,card,1426.01,2025-09-08 13:05:47
5521,5521,wallet,354.85,2025-01-19 06:58:53
5522,5522,wallet,208.04,2025-05-29 08:08:55
5523,5523,\N,622.06,2025-04-23 13:15:57
5524,5524,card,61.46,2025-02-14 01:11:18
5525,5525,wallet,253.44,2025-04-13 16:04:38
5526,5526,card,232.81,2025-10-10 22:48:10
5527,5527,card,287.38,2025-07-27 07:03:46
5528,5528,cash,694.41,2025-10-12 11:49:11
5529,5529,gift_card,812.37,2025-06-15 13:00:09
5530,5530,card,1015.95,2025-09-03 02:07:28
5531,5531,card,142.36,2025-04-18 05:45:51
5532,5532,cash,97.21,2025-02-15 11:17:18
5533,5533,card,379.21,2025-01-25 13:02:04
5534,5534,wallet,678.01,2025-07-01 04:03:50
5535,5535,wallet,919.97,2025-11-18 14:10:38
5536,5536,gift_card,447.23,2025-09-02 06:17:27
5537,5537,gift_card,1003.59,2025-03-14 19:56:40
5538,5538,wallet,38.78,2025-08-26 01:12:31
5539,5539,card,510.39,2025-06-03 10:28:52
5540,5540,gift_card,332.69,2025-11-26 18:16:47
5541,5541,card,1091.14,2025-04-28 01:25:47
5542,5542,\N,525.13,2025-02-22 01:52:18
5543,5543,card,596.55,2025-10-26 18:34:08
5544,5544,\N,395.69,2025-02-08 04:19:40
5545,5545,\N,1062.30,2025-09-06 09:50:30
5546,5546,cash,110.46,2025-11-23 02:04:21
5547,5547,\N,138.06,2025-01-01 12:13:25
5548,5548,card,784.88,2025-07-10 05:36:58
5549,5549,cash,240.57,2025-07-26 05:45:27
5550,5550,\N,308.29,2025-10-02 15:36:35
5551,5551,cash,483.46,2025-02-14 20:49:14
5552,5552,card,265.40,2025-03-27 09:25:57
5553,5553,card,807.44,2025-02-08 08:03:01
5554,5554,wallet,956.48,2025-08-02 23:37:31
5555,5555,cash,1964.41,2025-05-30 07:28:10
5556,5556,gift_card,350.46,2025-01-17 19:03:34
5557,5557,cash,118.07,2025-11-03 07:17:28
5558,5558,\N,228.61,2025-10-23 00:33:00
5559,5559,card,660.62,2025-10-10 10:16:44
5560,5560,card,784.76,2025-03-21 00:24:55
5561,5561,\N,375.37,2025-02-12 04:34:46
5562,5562,cash,1066.10,2025-11-18 04:50:03
5563,5563,\N,651.78,2025-11-20 16:48:05
5564,5564,gift_card,1292.60,2025-12-31 23:17:09
5565,5565,card,295.20,2025-09-12 22:45:25
5566,5566,card,437.60,2025-05-25 18:01:22
5567,5567,card,1095.67,2025-08-18 06:51:13
5568,5568,card,1167.02,2025-02-10 03:41:49
5569,5569,\N,71.26,2025-03-27 22:44:24
5570,5570,card,162.86,2025-09-01 21:21:47
5571,5571,card,972.76,2025-09-26 22:33:41
5572,5572,gift_card,444.28,2025-07-30 01:59:28
5573,5573,gift_card,611.54,2025-02-18 04:14:15
5574,5574,\N,355.57,2025-09-03 02:56:57
5575,5575,card,123.81,2025-10-12 23:35:20
5576,5576,card,775.23,2025-02-05 09:45:18
5577,5577,card,142.94,2025-01-25 21:50:52
5578,5578,card,377.85,2025-09-21 00:46:56
5579,5579,\N,231.32,2025-08-15 15:05:06
5580,5580,cash,941.81,2025-10-25 11:31:50
5581,5581,card,185.69,2025-06-17 15:07:06
5582,5582,card,1268.27,2025-05-20 15:09:35
5583,5583,card,30.20,2025-04-13 14:31:54
5584,5584,\N,208.87,2025-04-03 11:39:16
5585,5585,cash,146.44,2025-10-30 12:42:13
5586,5586,card,138.42,2025-09-10 17:53:25
5587,5587,card,253.44,2025-05-07 15:48:52
5588,5588,wallet,1548.82,2025-04-16 17:27:53
5589,5589,wallet,119.39,2025-06-13 05:24:22
5590,5590,card,218.84,2025-02-06 11:38:45
5591,5591,cash,1138.40,2025-01-13 12:36:56
5592,5592,wallet,327.09,2025-08-13 23:07:42
5593,5593,card,162.66,2025-01-03 19:08:49
5594,5594,\N,464.20,2025-07-10 23:03:00
5595,5595,card,453.00,2025-03-27 21:50:02
5596,5596,wallet,1126.87,2025-07-07 01:01:28
5597,5597,wallet,176.69,2025-06-17 13:28:20
5598,5598,card,241.52,2025-02-25 14:50:17
5599,5599,card,958.42,2025-11-04 18:01:49
5600,5600,gift_card,435.94,2025-09-24 12:42:48
5601,5601,card,633.96,2025-09-27 07:02:33
5602,5602,\N,457.82,2025-06-08 08:00:28
5603,5603,gift_card,631.09,2025-05-18 15:37:59
5604,5604,card,864.55,2025-03-07 03:44:08
5605,5605,gift_card,1004.61,2025-05-22 09:39:10
5606,5606,card,198.39,2025-03-15 10:50:05
5607,5607,card,355.20,2025-02-05 10:25:49
5608,5608,wallet,274.57,2025-03-23 01:02:47
5609,5609,card,119.15,2025-08-14 01:56:27
5610,5610,card,461.63,2025-04-01 20:28:01
5611,5611,gift_card,587.31,2025-12-14 15:27:49
5612,5612,gift_card,419.34,2025-01-16 06:43:53
5613,5613,cash,1433.17,2025-09-27 10:08:09
5614,5614,cash,252.02,2025-02-22 16:58:39
5615,5615,gift_card,137.68,2025-12-25 20:10:35
5616,5616,card,111.85,2025-02-16 07:50:04
5617,5617,cash,140.85,2025-04-22 11:44:04
5618,5618,card,1489.70,2025-04-19 06:26:13
5619,5619,\N,866.12,2025-12-27 01:10:51
5620,5620,\N,259.79,2025-12-03 17:34:09
5621,5621,card,270.50,2025-09-13 21:35:15
5622,5622,card,243.31,2025-01-19 01:49:16
5623,5623,card,610.10,2025-09-04 22:40:06
5624,5624,cash,696.91,2025-03-25 03:58:25
5625,5625,card,552.76,2025-10-20 05:02:59
5626,5626,\N,59.98,2025-06-02 04:45:24
5627,5627,\N,310.86,2025-10-06 03:36:03
5628,5628,card,1572.16,2025-07-26 19:46:45
5629,5629,card,327.34,2025-11-10 00:46:38
5630,5630,card,317.62,2025-03-12 12:42:35
5631,5631,gift_card,338.62,2025-07-18 19:36:26
5632,5632,card,220.80,2025-10-23 04:38:51
5633,5633,card,253.52,2025-04-24 06:08:07
5634,5634,\N,348.11,2025-04-26 21:17:46
5635,5635,wallet,312.86,2025-03-09 09:51:32
5636,5636,\N,1231.47,2025-04-13 14:42:31
5637,5637,card,105.81,2025-02-07 20:22:20
5638,5638,cash,43.16,2025-03-02 21:36:50
5639,5639,card,295.19,2025-04-01 23:11:46
5640,5640,card,195.59,2025-10-01 14:29:57
5641,5641,\N,579.13,2025-04-19 14:50:24
5642,5642,\N,378.01,2025-09-01 21:27:26
5643,5643,wallet,1028.01,2025-02-03 04:47:12
5644,5644,\N,1529.77,2025-07-17 20:49:00
5645,5645,\N,119.77,2025-12-20 07:50:18
5646,5646,card,149.87,2025-11-15 04:48:04
5647,5647,card,242.37,2025-10-27 07:34:31
5648,5648,card,228.15,2025-04-24 11:50:23
5649,5649,card,112.86,2025-03-07 17:49:05
5650,5650,card,448.00,2025-07-21 18:40:57
5651,5651,wallet,521.52,2025-01-25 00:07:27
5652,5652,\N,757.72,2025-08-08 22:13:36
5653,5653,gift_card,965.77,2025-01-09 20:37:04
5654,5654,cash,851.16,2025-12-08 03:25:49
5655,5655,card,1112.61,2025-10-17 05:03:45
5656,5656,gift_card,73.91,2025-07-21 11:08:52
5657,5657,\N,661.06,2025-04-19 22:55:48
5658,5658,wallet,202.73,2025-05-08 10:07:29
5659,5659,card,974.56,2025-12-04 01:09:13
5660,5660,card,489.39,2025-12-06 09:46:48
5661,5661,card,488.18,2025-11-29 05:12:40
5662,5662,card,128.92,2025-10-11 13:17:28
5663,5663,card,576.50,2025-07-14 03:57:36
5664,5664,cash,1253.75,2025-01-26 16:06:09
5665,5665,wallet,485.91,2025-01-19 22:25:27
5666,5666,cash,201.85,2025-08-19 04:09:48
5667,5667,card,234.70,2025-04-24 02:23:29
5668,5668,\N,303.58,2025-05-17 10:48:26
5669,5669,gift_card,332.28,2025-07-21 15:00:07
5670,5670,card,456.86,2025-10-18 05:33:58
5671,5671,\N,809.26,2025-03-02 18:42:15
5672,5672,gift_card,1197.06,2025-03-26 00:54:53
5673,5673,\N,989.85,2025-08-30 01:37:53
5674,5674,card,343.74,2025-05-07 18:05:36
5675,5675,wallet,1580.61,2025-08-26 08:59:27
5676,5676,cash,103.84,2025-04-30 03:13:33
5677,5677,card,69.79,2025-04-01 15:40:26
5678,5678,wallet,487.44,2025-09-03 03:56:07
5679,5679,gift_card,215.63,2025-11-15 01:37:41
5680,5680,\N,41.26,2025-02-07 21:38:06
5681,5681,\N,575.22,2025-10-27 19:26:31
5682,5682,\N,325.37,2025-12-14 06:57:26
5683,5683,card,301.82,2025-07-07 02:16:51
5684,5684,wallet,275.60,2025-12-12 12:44:37
5685,5685,card,517.01,2025-05-21 11:18:41
5686,5686,cash,194.72,2025-01-28 16:01:08
5687,5687,card,847.40,2025-07-17 14:25:05
5688,5688,card,722.80,2025-04-02 14:01:59
5689,5689,\N,94.51,2025-10-29 21:01:37
5690,5690,\N,1143.49,2025-03-01 12:18:25
5691,5691,card,712.25,2025-01-04 10:55:03
5692,5692,card,676.54,2025-02-22 15:50:35
5693,5693,\N,1177.22,2025-01-10 19:59:01
5694,5694,card,897.99,2025-09-20 07:47:22
5695,5695,gift_card,1536.54,2025-04-11 14:39:25
5696,5696,cash,279.00,2025-08-24 18:42:26
5697,5697,card,367.98,2025-03-10 13:09:58
5698,5698,\N,55.97,2025-10-19 00:33:16
5699,5699,\N,632.40,2025-02-14 10:16:00
5700,5700,gift_card,706.25,2025-02-25 18:10:39
5701,5701,card,169.85,2025-12-20 21:52:14
5702,5702,card,1115.68,2025-05-14 02:07:35
5703,5703,\N,44.11,2025-07-09 20:40:10
5704,5704,wallet,222.01,2025-04-13 12:24:45
5705,5705,card,403.01,2025-12-10 02:23:09
5706,5706,wallet,441.54,2025-03-01 06:23:40
5707,5707,card,392.37,2025-04-09 05:08:16
5708,5708,card,340.71,2025-07-18 11:14:10
5709,5709,card,193.89,2025-02-08 03:10:35
5710,5710,card,401.63,2025-05-01 21:33:31
5711,5711,card,245.93,2025-03-09 11:30:40
5712,5712,cash,229.69,2025-06-09 17:01:19
5713,5713,card,357.51,2025-12-27 02:50:51
5714,5714,card,569.31,2025-08-12 22:31:49
5715,5715,cash,708.71,2025-04-27 15:08:19
5716,5716,cash,858.40,2025-01-22 05:26:47
5717,5717,\N,199.75,2025-03-21 07:21:24
5718,5718,card,530.82,2025-11-09 22:30:35
5719,5719,card,655.24,2025-06-30 11:44:05
5720,5720,card,421.52,2025-12-21 18:20:31
5721,5721,card,548.93,2025-01-18 14:57:54
5722,5722,card,679.62,2025-07-03 06:48:14
5723,5723,cash,248.78,2025-07-06 22:33:59
5724,5724,\N,391.46,2025-12-09 13:35:52
5725,5725,wallet,253.15,2025-01-27 18:18:20
5726,5726,\N,260.14,2025-05-11 09:34:59
5727,5727,gift_card,288.69,2025-04-11 11:50:40
5728,5728,cash,105.54,2025-01-23 17:03:10
5729,5729,\N,762.69,2025-06-21 09:31:31
5730,5730,card,627.47,2025-10-04 00:39:30
5731,5731,\N,416.11,2025-02-14 15:12:38
5732,5732,card,709.77,2025-10-16 18:36:51
5733,5733,wallet,455.44,2025-07-22 03:30:39
5734,5734,card,369.97,2025-08-14 08:29:23
5735,5735,card,1407.49,2025-11-06 18:56:27
5736,5736,card,971.22,2025-10-15 04:52:19
5737,5737,cash,174.70,2025-03-07 19:13:43
5738,5738,wallet,1334.07,2025-04-30 02:02:53
5739,5739,card,254.39,2025-09-17 06:26:02
5740,5740,gift_card,32.60,2025-05-27 23:32:29
5741,5741,cash,651.82,2025-09-02 16:44:48
5742,5742,gift_card,113.19,2025-09-18 03:42:56
5743,5743,card,885.99,2025-10-17 13:31:33
5744,5744,gift_card,576.63,2025-09-19 12:17:32
5745,5745,card,277.00,2025-01-14 05:53:15
5746,5746,wallet,554.95,2025-12-21 16:48:20
5747,5747,gift_card,20.55,2025-12-12 19:28:32
5748,5748,card,215.62,2025-02-20 17:32:09
5749,5749,card,184.32,2025-12-05 12:17:16
5750,5750,gift_card,483.84,2025-12-10 20:04:13
5751,5751,\N,514.35,2025-04-30 17:09:49
5752,5752,card,326.98,2025-02-13 17:41:03
5753,5753,card,697.51,2025-07-31 09:02:41
5754,5754,card,1908.21,2025-04-27 09:43:43
5755,5755,card,525.01,2025-11-26 07:17:30
5756,5756,card,503.66,2025-11-04 02:06:51
5757,5757,\N,748.72,2025-04-03 21:27:07
5758,5758,\N,509.42,2025-08-12 13:17:47
5759,5759,gift_card,491.50,2025-09-26 13:48:57
5760,5760,card,150.80,2025-02-10 14:51:35
5761,5761,\N,544.04,2025-08-07 13:13:38
5762,5762,card,54.27,2025-01-01 08:04:45
5763,5763,card,158.98,2025-03-07 05:53:07
5764,5764,wallet,1797.52,2025-11-03 20:59:24
5765,5765,cash,98.36,2025-01-11 07:57:40
5766,5766,cash,325.66,2025-02-02 07:15:39
5767,5767,card,159.77,2025-09-02 08:49:37
5768,5768,cash,427.02,2025-04-07 09:51:39
5769,5769,wallet,1489.04,2025-09-18 12:34:38
5770,5770,gift_card,196.77,2025-06-20 20:03:38
5771,5771,\N,278.70,2025-04-09 21:04:19
5772,5772,card,96.48,2025-10-13 02:51:42
5773,5773,gift_card,310.95,2025-08-02 19:25:15
5774,5774,card,964.29,2025-04-10 00:53:51
5775,5775,cash,245.02,2025-09-23 08:08:43
5776,5776,card,737.82,2025-07-05 23:06:28
5777,5777,cash,443.00,2025-07-24 04:55:48
5778,5778,card,321.07,2025-11-10 05:12:10
5779,5779,\N,1194.48,2025-12-05 11:47:54
5780,5780,card,162.40,2025-09-24 08:40:26
5781,5781,card,642.76,2025-05-23 17:45:20
5782,5782,card,768.17,2025-07-29 00:04:20
5783,5783,card,1110.95,2025-04-22 05:54:20
5784,5784,card,1707.80,2025-06-05 04:32:20
5785,5785,card,1695.08,2025-04-29 09:36:20
5786,5786,card,823.53,2025-08-18 07:06:49
5787,5787,wallet,1277.68,2025-04-21 23:04:47
5788,5788,card,590.52,2025-12-15 13:08:52
5789,5789,card,1030.09,2025-03-25 08:56:41
5790,5790,cash,167.21,2025-04-21 04:00:34
5791,5791,cash,385.85,2025-03-25 12:07:40
5792,5792,\N,628.62,2025-01-06 10:11:42
5793,5793,\N,460.64,2025-03-02 00:22:21
5794,5794,card,655.20,2025-07-08 13:11:51
5795,5795,card,1357.06,2025-03-08 22:49:32
5796,5796,cash,1159.18,2025-03-13 20:53:06
5797,5797,wallet,490.34,2025-08-09 09:47:27
5798,5798,card,374.23,2025-05-20 22:34:15
5799,5799,card,230.54,2025-04-25 09:52:47
5800,5800,card,821.04,2025-05-02 04:07:34
5801,5801,wallet,1007.78,2025-11-06 22:40:33
5802,5802,\N,96.76,2025-06-11 09:20:51
5803,5803,cash,604.88,2025-03-23 04:53:01
5804,5804,wallet,608.93,2025-07-09 13:47:42
5805,5805,wallet,203.15,2025-02-14 05:19:25
5806,5806,card,120.64,2025-11-12 07:02:38
5807,5807,card,291.73,2025-04-08 19:20:19
5808,5808,gift_card,530.43,2025-06-14 15:39:01
5809,5809,wallet,476.13,2025-04-25 11:08:49
5810,5810,cash,641.31,2025-11-30 12:23:14
5811,5811,\N,263.23,2025-11-03 13:55:58
5812,5812,wallet,1105.63,2025-07-07 01:31:36
5813,5813,card,222.09,2025-07-15 03:19:25
5814,5814,\N,72.86,2025-06-04 02:03:46
5815,5815,\N,26.79,2025-09-14 07:49:21
5816,5816,cash,595.60,2025-09-11 15:49:48
5817,5817,gift_card,421.66,2025-05-18 19:16:23
5818,5818,\N,216.40,2025-12-17 07:36:04
5819,5819,gift_card,596.52,2025-11-20 00:38:51
5820,5820,cash,282.73,2025-02-24 16:41:32
5821,5821,gift_card,298.96,2025-08-01 06:52:57
5822,5822,\N,205.70,2025-09-30 11:47:05
5823,5823,card,937.12,2025-05-12 22:50:45
5824,5824,card,325.16,2025-08-29 14:54:06
5825,5825,gift_card,273.12,2025-03-30 07:44:11
5826,5826,\N,34.79,2025-01-29 12:50:34
5827,5827,card,454.14,2025-01-15 10:43:26
5828,5828,cash,670.80,2025-10-17 11:34:29
5829,5829,card,196.47,2025-08-31 14:10:58
5830,5830,card,334.71,2025-12-02 19:14:17
5831,5831,card,603.63,2025-07-30 21:47:56
5832,5832,wallet,49.98,2025-06-13 19:23:54
5833,5833,cash,535.36,2025-04-05 09:40:57
5834,5834,cash,166.63,2025-11-27 11:15:28
5835,5835,card,116.58,2025-05-07 06:49:17
5836,5836,card,70.03,2025-04-07 01:30:36
5837,5837,gift_card,478.98,2025-11-30 19:07:31
5838,5838,card,384.20,2025-07-17 12:39:43
5839,5839,\N,238.08,2025-12-15 04:10:50
5840,5840,cash,85.65,2025-04-22 10:13:25
5841,5841,card,325.01,2025-11-17 17:53:53
5842,5842,wallet,213.65,2025-10-21 10:52:01
5843,5843,card,1838.32,2025-04-10 19:13:38
5844,5844,card,1145.65,2025-03-04 05:16:03
5845,5845,\N,1247.61,2025-08-10 01:41:17
5846,5846,gift_card,198.19,2025-05-16 03:07:49
5847,5847,card,1641.28,2025-09-22 05:35:10
5848,5848,gift_card,189.67,2025-11-11 02:04:43
5849,5849,card,616.86,2025-03-27 15:03:44
5850,5850,gift_card,107.51,2025-11-25 10:41:29
5851,5851,cash,1283.52,2025-04-13 15:09:27
5852,5852,card,903.17,2025-09-28 20:22:56
5853,5853,gift_card,24.99,2025-06-05 09:47:56
5854,5854,wallet,434.02,2025-08-26 09:57:35
5855,5855,\N,442.10,2025-06-07 05:47:58
5856,5856,wallet,1055.18,2025-04-02 01:52:06
5857,5857,card,231.98,2025-12-20 01:10:34
5858,5858,card,1826.76,2025-05-31 15:20:49
5859,5859,wallet,334.52,2025-05-16 16:10:50
5860,5860,\N,151.57,2025-08-17 13:34:26
5861,5861,cash,182.19,2025-04-07 20:25:56
5862,5862,wallet,1010.11,2025-09-13 17:53:05
5863,5863,\N,1381.00,2025-05-26 06:52:25
5864,5864,card,851.51,2025-10-21 12:25:51
5865,5865,card,620.85,2025-10-30 14:57:10
5866,5866,\N,693.92,2025-03-03 17:43:29
5867,5867,card,683.72,2025-09-27 17:56:37
5868,5868,card,930.15,2025-02-27 18:38:41
5869,5869,\N,703.86,2025-08-09 15:46:42
5870,5870,card,747.56,2025-10-20 09:47:55
5871,5871,card,339.40,2025-03-25 11:32:33
5872,5872,wallet,205.80,2025-03-01 15:25:29
5873,5873,card,39.60,2025-06-13 03:22:54
5874,5874,gift_card,281.64,2025-11-18 23:03:08
5875,5875,card,633.54,2025-10-20 14:39:46
5876,5876,wallet,1055.58,2025-07-25 07:13:12
5877,5877,\N,773.37,2025-04-29 12:35:56
5878,5878,card,662.88,2025-10-12 20:46:55
5879,5879,card,297.25,2025-12-23 14:27:44
5880,5880,gift_card,334.54,2025-11-17 16:15:45
5881,5881,card,277.77,2025-02-12 20:23:45
5882,5882,\N,328.33,2025-09-23 11:58:10
5883,5883,card,232.81,2025-10-25 07:48:17
5884,5884,cash,1652.58,2025-02-15 04:30:09
5885,5885,cash,111.03,2025-11-12 00:59:48
5886,5886,\N,641.84,2025-05-27 19:13:00
5887,5887,cash,181.20,2025-10-03 02:00:16
5888,5888,\N,1110.31,2025-04-04 08:03:47
5889,5889,card,123.81,2025-07-03 04:50:40
5890,5890,wallet,1195.01,2025-10-31 05:52:31
5891,5891,cash,64.07,2025-12-04 15:48:11
5892,5892,gift_card,673.57,2025-09-27 00:25:59
5893,5893,card,120.95,2025-08-17 19:48:39
5894,5894,wallet,158.76,2025-09-27 15:03:07
5895,5895,card,489.86,2025-05-02 10:57:21
5896,5896,card,377.24,2025-06-02 00:17:26
5897,5897,\N,1425.82,2025-09-11 05:43:44
5898,5898,wallet,623.13,2025-02-26 17:24:42
5899,5899,\N,580.41,2025-04-29 02:36:27
5900,5900,\N,905.22,2025-09-08 17:38:29
5901,5901,\N,889.76,2025-09-17 06:50:56
5902,5902,card,745.90,2025-10-20 17:23:35
5903,5903,card,905.96,2025-05-19 22:18:28
5904,5904,cash,252.86,2025-02-04 23:31:49
5905,5905,card,518.32,2025-05-11 17:33:54
5906,5906,card,951.43,2025-09-19 07:36:38
5907,5907,wallet,1092.13,2025-11-14 02:22:43
5908,5908,card,99.50,2025-07-02 20:54:20
5909,5909,wallet,200.55,2025-10-30 23:48:59
5910,5910,\N,1755.84,2025-11-27 20:30:48
5911,5911,gift_card,246.30,2025-08-17 19:17:59
5912,5912,card,515.48,2025-05-17 13:31:40
5913,5913,cash,1041.45,2025-10-25 19:31:09
5914,5914,card,1147.20,2025-01-21 17:33:25
5915,5915,card,337.29,2025-03-25 16:55:49
5916,5916,card,1127.94,2025-06-07 15:59:29
5917,5917,card,1161.79,2025-11-13 21:49:34
5918,5918,card,959.40,2025-09-07 16:07:28
5919,5919,cash,868.19,2025-12-27 23:00:12
5920,5920,card,1255.60,2025-06-11 17:07:49
5921,5921,gift_card,396.80,2025-10-15 18:39:07
5922,5922,wallet,274.94,2025-06-28 00:58:23
5923,5923,cash,425.27,2025-02-10 15:46:57
5924,5924,wallet,419.66,2025-09-01 10:49:58
5925,5925,card,224.06,2025-06-15 14:46:47
5926,5926,gift_card,1223.66,2025-10-15 22:50:53
5927,5927,card,367.13,2025-07-09 01:54:28
5928,5928,\N,514.83,2025-08-03 21:16:12
5929,5929,cash,174.70,2025-07-29 20:55:01
5930,5930,gift_card,697.71,2025-07-30 23:43:25
5931,5931,wallet,1096.81,2025-10-23 00:13:18
5932,5932,card,464.76,2025-01-06 19:25:34
5933,5933,\N,221.04,2025-07-28 18:30:32
5934,5934,gift_card,119.62,2025-05-21 11:52:55
5935,5935,cash,615.56,2025-11-11 15:25:49
5936,5936,gift_card,71.05,2025-09-29 23:58:06
5937,5937,wallet,333.72,2025-01-21 05:45:49
5938,5938,wallet,565.76,2025-10-26 17:21:27
5939,5939,cash,218.43,2025-12-15 04:53:30
5940,5940,wallet,786.17,2025-10-31 19:47:45
5941,5941,card,24.13,2025-06-18 06:27:32
5942,5942,cash,321.40,2025-06-16 14:54:23
5943,5943,cash,648.78,2025-12-28 13:09:57
5944,5944,gift_card,279.35,2025-04-12 13:45:13
5945,5945,card,297.12,2025-05-06 15:01:29
5946,5946,gift_card,361.87,2025-01-09 09:05:17
5947,5947,cash,297.80,2025-02-10 09:49:17
5948,5948,card,334.21,2025-05-13 19:29:37
5949,5949,wallet,909.41,2025-08-10 13:46:18
5950,5950,cash,483.92,2025-05-22 18:03:41
5951,5951,wallet,197.93,2025-10-13 05:37:04
5952,5952,card,288.18,2025-04-25 00:41:16
5953,5953,card,1378.37,2025-03-21 20:30:36
5954,5954,card,312.46,2025-08-01 04:56:20
5955,5955,\N,1020.75,2025-03-27 11:00:14
5956,5956,wallet,724.18,2025-09-23 16:14:30
5957,5957,card,435.44,2025-04-24 05:43:50
5958,5958,wallet,973.48,2025-06-05 04:51:47
5959,5959,\N,514.28,2025-07-03 23:02:05
5960,5960,card,685.06,2025-04-02 11:50:48
5961,5961,gift_card,886.01,2025-01-29 07:13:49
5962,5962,\N,210.25,2025-08-16 14:44:54
5963,5963,gift_card,723.41,2025-08-08 10:15:22
5964,5964,\N,847.47,2025-05-25 16:18:40
5965,5965,cash,530.74,2025-03-16 11:49:55
5966,5966,card,231.72,2025-10-30 20:16:42
5967,5967,\N,642.72,2025-04-14 06:26:49
5968,5968,card,90.18,2025-01-23 17:59:22
5969,5969,gift_card,1118.26,2025-11-18 22:15:38
5970,5970,\N,196.69,2025-06-05 01:56:37
5971,5971,wallet,166.50,2025-09-12 09:31:23
5972,5972,card,162.31,2025-04-22 08:23:59
5973,5973,gift_card,529.40,2025-02-12 04:15:47
5974,5974,gift_card,943.74,2025-02-07 02:38:21
5975,5975,card,625.41,2025-05-14 16:00:23
5976,5976,cash,1456.02,2025-09-01 23:33:49
5977,5977,card,299.66,2025-04-27 01:57:20
5978,5978,cash,298.60,2025-05-09 20:21:33
5979,5979,wallet,620.08,2025-09-29 01:13:00
5980,5980,card,361.65,2025-11-29 17:12:44
5981,5981,card,136.73,2025-10-21 22:25:16
5982,5982,cash,1224.28,2025-04-14 02:31:06
5983,5983,wallet,452.35,2025-10-15 17:36:13
5984,5984,card,1548.37,2025-02-23 00:50:01
5985,5985,wallet,153.61,2025-11-12 18:39:45
5986,5986,cash,137.91,2025-12-10 20:01:39
5987,5987,card,55.97,2025-03-05 02:41:14
5988,5988,card,663.01,2025-06-23 16:35:25
5989,5989,\N,410.82,2025-05-22 22:44:01
5990,5990,cash,674.32,2025-07-01 22:54:24
5991,5991,card,782.91,2025-02-23 11:01:37
5992,5992,gift_card,408.32,2025-03-25 08:34:45
5993,5993,gift_card,1999.52,2025-04-15 19:16:17
5994,5994,card,193.71,2025-04-12 03:27:10
5995,5995,card,457.82,2025-07-30 10:54:10
5996,5996,cash,777.24,2025-01-03 19:32:33
5997,5997,\N,260.88,2025-07-16 08:54:45
5998,5998,wallet,991.09,2025-04-16 23:29:53
5999,5999,card,1311.81,2025-08-09 23:03:31
6000,6000,wallet,601.61,2025-09-11 18:32:45
6001,6001,gift_card,276.17,2025-10-07 08:31:37
6002,6002,cash,294.76,2025-08-14 13:22:56
6003,6003,card,266.17,2025-02-15 11:40:38
6004,6004,\N,269.15,2025-02-28 13:17:41
6005,6005,gift_card,251.63,2025-10-16 16:07:15
6006,6006,cash,9.40,2025-09-08 05:11:08
6007,6007,card,313.93,2025-02-28 12:49:08
6008,6008,card,1659.02,2025-08-08 16:31:00
6009,6009,card,206.72,2025-08-16 01:17:53
6010,6010,card,277.29,2025-09-08 19:30:32
6011,6011,wallet,568.61,2025-03-19 01:34:33
6012,6012,wallet,480.21,2025-07-31 21:05:45
6013,6013,card,276.46,2025-08-26 05:31:06
6014,6014,gift_card,1738.92,2025-10-24 15:28:07
6015,6015,wallet,366.64,2025-08-19 04:26:57
6016,6016,cash,266.72,2025-04-01 16:17:46
6017,6017,cash,410.25,2025-02-12 05:00:25
6018,6018,wallet,239.27,2025-07-06 10:01:28
6019,6019,card,280.41,2025-04-27 12:37:06
6020,6020,card,482.22,2025-06-25 12:33:33
6021,6021,card,721.18,2025-05-04 17:53:38
6022,6022,cash,254.60,2025-08-15 18:10:29
6023,6023,card,405.87,2025-12-28 07:03:29
6024,6024,\N,163.30,2025-11-28 08:05:00
6025,6025,card,244.54,2025-01-04 16:14:45
6026,6026,card,65.63,2025-05-06 14:11:02
6027,6027,card,123.78,2025-10-10 18:27:24
6028,6028,cash,213.21,2025-02-04 20:35:31
6029,6029,wallet,1013.49,2025-10-31 07:37:35
6030,6030,card,227.87,2025-10-01 01:21:57
6031,6031,card,828.47,2025-02-26 16:52:10
6032,6032,\N,1506.21,2025-02-16 16:06:59
6033,6033,card,915.89,2025-04-04 19:48:40
6034,6034,card,70.55,2025-10-29 03:36:53
6035,6035,card,585.00,2025-04-19 12:22:28
6036,6036,card,47.49,2025-12-20 06:26:18
6037,6037,card,716.99,2025-01-02 11:41:21
6038,6038,\N,178.04,2025-03-10 20:59:43
6039,6039,cash,292.50,2025-09-19 08:42:19
6040,6040,gift_card,996.00,2025-07-04 22:12:56
6041,6041,card,150.29,2025-10-15 23:11:21
6042,6042,cash,485.02,2025-07-29 02:11:18
6043,6043,card,1186.14,2025-05-13 18:15:38
6044,6044,gift_card,734.22,2025-09-19 14:28:56
6045,6045,card,208.42,2025-10-20 14:49:14
6046,6046,\N,363.40,2025-06-12 18:04:07
6047,6047,cash,219.61,2025-11-09 19:59:59
6048,6048,wallet,329.33,2025-06-06 05:25:55
6049,6049,card,296.44,2025-01-18 17:36:58
6050,6050,cash,268.90,2025-01-05 18:24:50
6051,6051,wallet,200.84,2025-02-17 02:11:51
6052,6052,card,334.37,2025-07-28 14:45:49
6053,6053,\N,670.48,2025-07-03 11:44:06
6054,6054,card,68.18,2025-06-27 07:29:17
6055,6055,card,431.43,2025-01-02 12:28:18
6056,6056,card,851.06,2025-05-24 05:45:16
6057,6057,card,585.13,2025-12-21 02:27:14
6058,6058,\N,297.59,2025-05-16 19:27:32
6059,6059,wallet,744.34,2025-06-06 15:54:02
6060,6060,cash,318.23,2025-11-13 13:04:28
6061,6061,card,190.57,2025-05-17 02:29:34
6062,6062,card,168.90,2025-10-12 16:00:17
6063,6063,card,630.19,2025-04-07 02:48:02
6064,6064,wallet,345.59,2025-10-09 20:02:17
6065,6065,card,242.22,2025-11-12 01:09:15
6066,6066,card,638.38,2025-10-17 19:46:42
6067,6067,wallet,1276.98,2025-05-15 13:57:17
6068,6068,card,1308.56,2025-07-25 07:23:27
6069,6069,cash,97.32,2025-10-14 04:57:00
6070,6070,wallet,124.06,2025-05-20 04:06:46
6071,6071,card,726.21,2025-01-21 08:30:53
6072,6072,card,236.18,2025-12-31 15:11:38
6073,6073,card,678.03,2025-04-05 20:50:48
6074,6074,gift_card,381.61,2025-08-30 12:11:07
6075,6075,card,943.07,2025-06-21 11:27:51
6076,6076,card,216.26,2025-12-03 10:21:04
6077,6077,\N,280.44,2025-08-21 16:09:17
6078,6078,\N,212.52,2025-08-30 08:12:03
6079,6079,card,333.24,2025-06-27 21:38:53
6080,6080,card,835.29,2025-04-27 16:57:25
6081,6081,\N,153.78,2025-07-31 07:13:42
6082,6082,card,1238.58,2025-07-05 21:11:17
6083,6083,gift_card,214.11,2025-08-11 18:10:44
6084,6084,card,370.20,2025-01-04 12:23:03
6085,6085,card,262.57,2025-05-23 09:08:21
6086,6086,wallet,1016.73,2025-10-11 08:14:58
6087,6087,cash,616.97,2025-06-20 08:29:19
6088,6088,gift_card,361.75,2025-07-21 22:39:07
6089,6089,card,907.01,2025-11-21 00:45:03
6090,6090,card,642.30,2025-04-22 17:16:48
6091,6091,card,147.15,2025-06-14 16:58:57
6092,6092,gift_card,1292.99,2025-02-27 04:13:22
6093,6093,wallet,1079.02,2025-08-08 04:26:20
6094,6094,gift_card,251.12,2025-04-09 07:44:22
6095,6095,\N,138.88,2025-04-10 20:05:12
6096,6096,card,357.12,2025-05-19 22:19:14
6097,6097,cash,549.69,2025-11-08 20:48:49
6098,6098,wallet,300.01,2025-07-16 10:09:52
6099,6099,card,523.73,2025-10-26 20:17:11
6100,6100,\N,24.68,2025-03-15 07:42:20
6101,6101,wallet,493.00,2025-02-19 23:46:24
6102,6102,card,201.21,2025-06-19 13:55:28
6103,6103,\N,345.73,2025-09-12 02:09:58
6104,6104,card,592.48,2025-11-26 13:20:01
6105,6105,gift_card,241.07,2025-10-21 13:56:18
6106,6106,card,835.88,2025-11-05 19:18:42
6107,6107,gift_card,253.41,2025-03-20 16:42:04
6108,6108,cash,1075.60,2025-11-09 07:30:52
6109,6109,card,247.30,2025-04-25 17:16:12
6110,6110,card,867.21,2025-04-10 21:55:14
6111,6111,wallet,903.97,2025-08-26 14:12:40
6112,6112,cash,71.32,2025-12-22 10:29:21
6113,6113,\N,508.76,2025-12-26 19:59:03
6114,6114,wallet,241.02,2025-02-09 03:38:23
6115,6115,gift_card,134.23,2025-02-06 16:45:01
6116,6116,cash,558.70,2025-12-13 17:15:05
6117,6117,card,70.03,2025-11-04 14:56:00
6118,6118,card,646.57,2025-12-31 09:52:34
6119,6119,card,356.75,2025-02-19 16:43:02
6120,6120,card,258.74,2025-09-30 21:43:00
6121,6121,card,748.63,2025-06-24 11:17:48
6122,6122,\N,49.90,2025-11-13 12:04:55
6123,6123,cash,222.11,2025-02-04 18:02:31
6124,6124,card,1253.53,2025-05-19 18:05:58
6125,6125,cash,698.58,2025-12-02 08:32:01
6126,6126,cash,37.94,2025-02-17 05:57:08
6127,6127,card,627.86,2025-03-01 14:21:57
6128,6128,cash,1843.55,2025-05-02 02:12:29
6129,6129,card,25.98,2025-03-02 19:25:31
6130,6130,wallet,499.38,2025-04-03 03:44:50
6131,6131,card,434.18,2025-01-31 04:51:57
6132,6132,card,215.58,2025-04-18 19:34:28
6133,6133,card,211.86,2025-11-08 16:10:43
6134,6134,cash,790.32,2025-09-15 12:18:23
6135,6135,\N,500.13,2025-11-27 01:42:50
6136,6136,gift_card,1083.82,2025-07-27 02:17:10
6137,6137,gift_card,481.99,2025-10-09 03:43:14
6138,6138,card,191.71,2025-04-24 23:21:20
6139,6139,\N,1467.92,2025-02-05 10:37:18
6140,6140,\N,1988.61,2025-10-02 02:28:03
6141,6141,card,455.20,2025-01-26 09:03:21
6142,6142,\N,92.02,2025-03-10 03:10:55
6143,6143,card,421.08,2025-10-26 05:16:22
6144,6144,card,813.92,2025-04-12 05:21:52
6145,6145,card,198.57,2025-08-13 16:13:18
6146,6146,card,343.01,2025-11-13 19:01:06
6147,6147,cash,866.66,2025-01-08 18:45:53
6148,6148,gift_card,1200.52,2025-08-26 21:45:00
6149,6149,cash,419.91,2025-09-30 10:51:17
6150,6150,card,451.66,2025-11-17 15:18:16
6151,6151,\N,449.72,2025-10-18 21:35:38
6152,6152,gift_card,701.03,2025-11-04 05:40:11
6153,6153,gift_card,124.36,2025-12-10 16:17:33
6154,6154,wallet,272.56,2025-12-20 17:27:06
6155,6155,card,944.76,2025-09-28 22:25:06
6156,6156,gift_card,1723.37,2025-02-17 05:26:05
6157,6157,card,324.53,2025-12-20 04:32:50
6158,6158,card,484.56,2025-10-28 11:41:39
6159,6159,gift_card,177.03,2025-09-16 13:28:11
6160,6160,card,513.66,2025-07-21 00:53:28
6161,6161,card,277.72,2025-11-13 10:20:17
6162,6162,card,1621.95,2025-02-09 08:22:56
6163,6163,card,37.53,2025-11-25 11:02:39
6164,6164,wallet,1362.71,2025-05-15 17:31:39
6165,6165,card,578.77,2025-12-03 04:49:16
6166,6166,card,651.40,2025-08-24 01:24:45
6167,6167,wallet,1183.46,2025-10-10 07:17:35
6168,6168,card,994.41,2025-04-06 12:05:11
6169,6169,card,919.41,2025-03-26 00:41:44
6170,6170,cash,312.46,2025-09-05 17:53:25
6171,6171,wallet,296.24,2025-08-07 14:54:05
6172,6172,gift_card,357.79,2025-04-26 19:17:21
6173,6173,card,252.66,2025-06-27 23:44:03
6174,6174,\N,62.56,2025-07-22 13:42:48
6175,6175,gift_card,274.53,2025-09-18 04:13:09
6176,6176,card,711.15,2025-11-13 17:25:00
6177,6177,\N,301.95,2025-11-24 07:29:05
6178,6178,card,873.20,2025-07-28 07:01:32
6179,6179,card,335.16,2025-10-04 06:10:40
6180,6180,card,170.81,2025-04-06 18:19:45
6181,6181,cash,359.04,2025-01-23 23:11:23
6182,6182,gift_card,867.97,2025-06-06 22:45:05
6183,6183,cash,202.32,2025-02-16 08:27:08
6184,6184,card,534.23,2025-09-11 18:50:19
6185,6185,card,815.43,2025-02-13 13:30:45
6186,6186,cash,536.62,2025-02-02 00:52:46
6187,6187,wallet,68.26,2025-06-06 10:57:14
6188,6188,card,459.56,2025-05-06 10:45:08
6189,6189,card,840.51,2025-07-16 05:58:36
6190,6190,\N,243.42,2025-11-01 14:13:14
6191,6191,card,544.92,2025-07-30 13:23:40
6192,6192,cash,681.26,2025-03-12 17:14:46
6193,6193,wallet,870.61,2025-09-17 15:01:16
6194,6194,wallet,862.96,2025-11-16 12:49:30
6195,6195,card,73.95,2025-08-30 03:10:08
6196,6196,card,587.17,2025-12-21 14:49:51
6197,6197,card,226.48,2025-08-19 15:17:29
6198,6198,\N,48.80,2025-05-04 20:51:55
6199,6199,wallet,94.25,2025-02-14 11:15:39
6200,6200,card,1059.15,2025-09-26 23:47:58
6201,6201,card,617.86,2025-09-03 14:01:36
6202,6202,\N,718.84,2025-09-18 18:08:42
6203,6203,cash,308.33,2025-06-08 05:02:46
6204,6204,wallet,343.37,2025-12-16 07:57:46
6205,6205,card,404.38,2025-02-26 11:47:25
6206,6206,card,627.85,2025-11-17 16:27:00
6207,6207,wallet,568.83,2025-12-12 11:58:18
6208,6208,\N,577.02,2025-11-24 03:54:16
6209,6209,cash,125.02,2025-06-27 14:41:05
6210,6210,card,214.68,2025-11-12 04:44:56
6211,6211,card,379.82,2025-12-20 09:25:25
6212,6212,card,621.66,2025-04-08 23:20:25
6213,6213,card,353.96,2025-05-21 10:00:07
6214,6214,card,204.74,2025-12-19 08:23:12
6215,6215,card,732.28,2025-08-27 17:41:38
6216,6216,\N,520.31,2025-09-24 04:12:17
6217,6217,card,326.75,2025-01-27 16:18:02
6218,6218,card,780.72,2025-09-10 02:43:18
6219,6219,cash,446.45,2025-06-20 04:53:29
6220,6220,card,309.26,2025-11-24 10:41:13
6221,6221,cash,328.39,2025-07-07 02:50:01
6222,6222,gift_card,174.75,2025-08-06 22:00:33
6223,6223,wallet,184.47,2025-09-26 19:44:37
6224,6224,wallet,684.59,2025-12-22 13:08:02
6225,6225,card,876.92,2025-02-25 09:40:41
6226,6226,card,1095.79,2025-12-31 23:33:34
6227,6227,\N,209.64,2025-12-25 17:39:26
6228,6228,card,207.52,2025-12-03 21:30:16
6229,6229,card,174.39,2025-02-04 01:45:46
6230,6230,wallet,1089.16,2025-12-10 21:14:51
6231,6231,cash,417.59,2025-11-06 03:48:39
6232,6232,cash,121.46,2025-01-06 22:35:51
6233,6233,card,848.08,2025-07-12 08:38:18
6234,6234,cash,310.95,2025-10-22 12:18:02
6235,6235,card,944.93,2025-10-21 20:15:06
6236,6236,gift_card,630.83,2025-04-06 10:22:05
6237,6237,card,345.00,2025-05-23 22:53:10
6238,6238,card,274.77,2025-03-10 11:44:08
6239,6239,card,364.38,2025-02-21 03:39:45
6240,6240,cash,56.64,2025-06-26 17:06:18
6241,6241,gift_card,314.90,2025-08-30 22:38:08
6242,6242,card,633.80,2025-11-15 10:48:22
6243,6243,card,717.48,2025-12-01 17:59:56
6244,6244,card,1293.23,2025-06-20 09:37:05
6245,6245,card,451.78,2025-09-17 00:13:56
6246,6246,\N,549.54,2025-09-03 12:34:57
6247,6247,wallet,86.64,2025-10-28 12:08:18
6248,6248,gift_card,789.00,2025-10-10 05:01:11
6249,6249,card,107.50,2025-04-04 05:29:12
6250,6250,card,1196.33,2025-05-14 23:59:25
6251,6251,card,198.95,2025-05-28 13:26:59
6252,6252,card,268.21,2025-06-11 12:05:35
6253,6253,wallet,638.57,2025-08-06 04:32:39
6254,6254,cash,1656.19,2025-04-08 18:28:01
6255,6255,card,318.92,2025-09-27 17:20:12
6256,6256,gift_card,157.46,2025-07-27 19:13:40
6257,6257,wallet,160.21,2025-02-12 20:02:31
6258,6258,\N,579.67,2025-11-01 00:58:31
6259,6259,gift_card,295.08,2025-10-15 19:08:39
6260,6260,wallet,711.24,2025-10-26 11:12:58
6261,6261,cash,1103.87,2025-11-26 12:03:23
6262,6262,card,269.99,2025-01-11 13:48:21
6263,6263,cash,515.50,2025-01-04 09:51:26
6264,6264,gift_card,872.51,2025-03-14 09:34:43
6265,6265,card,494.46,2025-07-06 13:54:55
6266,6266,wallet,703.45,2025-02-04 06:08:55
6267,6267,card,430.44,2025-08-20 06:06:33
6268,6268,gift_card,253.79,2025-08-22 18:27:33
6269,6269,gift_card,19.56,2025-12-21 21:52:15
6270,6270,card,573.16,2025-09-16 17:59:49
6271,6271,gift_card,250.68,2025-04-22 22:19:19
6272,6272,card,285.44,2025-09-19 01:18:49
6273,6273,gift_card,91.87,2025-12-12 15:15:17
6274,6274,\N,267.42,2025-04-29 23:21:17
6275,6275,cash,242.62,2025-07-23 08:10:36
6276,6276,gift_card,212.43,2025-09-25 13:45:09
6277,6277,cash,251.39,2025-02-21 21:29:05
6278,6278,card,21.48,2025-04-17 08:36:19
6279,6279,wallet,156.41,2025-01-27 17:16:34
6280,6280,\N,577.43,2025-11-05 07:43:13
6281,6281,card,329.61,2025-09-14 01:15:30
6282,6282,card,271.11,2025-03-19 10:55:42
6283,6283,wallet,413.35,2025-08-10 06:43:56
6284,6284,gift_card,1297.48,2025-05-18 07:32:29
6285,6285,card,854.53,2025-08-17 23:03:00
6286,6286,wallet,288.85,2025-01-18 08:58:27
6287,6287,card,243.79,2025-04-29 09:22:38
6288,6288,card,929.54,2025-03-26 00:26:39
6289,6289,card,1017.37,2025-12-27 05:44:59
6290,6290,gift_card,1452.69,2025-08-10 06:39:46
6291,6291,\N,511.66,2025-11-07 08:38:17
6292,6292,wallet,1009.42,2025-12-07 04:42:27
6293,6293,wallet,710.98,2025-09-04 20:35:04
6294,6294,wallet,165.76,2025-11-25 18:40:55
6295,6295,card,335.14,2025-06-16 04:40:17
6296,6296,card,241.43,2025-03-26 17:18:49
6297,6297,cash,388.82,2025-04-28 05:24:03
6298,6298,gift_card,363.74,2025-03-01 09:07:29
6299,6299,gift_card,108.51,2025-06-20 06:50:11
6300,6300,card,206.03,2025-11-17 03:19:03
6301,6301,\N,67.66,2025-07-27 04:51:55
6302,6302,gift_card,109.95,2025-10-28 08:24:12
6303,6303,card,383.53,2025-08-16 18:43:27
6304,6304,gift_card,521.94,2025-02-22 20:06:39
6305,6305,gift_card,179.21,2025-12-19 12:16:34
6306,6306,card,544.70,2025-09-16 01:08:56
6307,6307,card,340.48,2025-03-14 14:30:45
6308,6308,cash,683.76,2025-03-16 07:22:23
6309,6309,card,308.33,2025-11-11 14:13:31
6310,6310,card,8.45,2025-11-01 00:01:03
6311,6311,card,578.96,2025-08-01 16:44:51
6312,6312,\N,309.31,2025-03-30 22:17:05
6313,6313,card,523.22,2025-09-01 19:50:52
6314,6314,cash,179.79,2025-07-09 07:21:11
6315,6315,card,643.03,2025-02-04 20:11:35
6316,6316,wallet,157.28,2025-05-21 22:09:16
6317,6317,gift_card,1629.29,2025-03-12 21:28:17
6318,6318,\N,934.59,2025-04-22 14:17:04
6319,6319,card,1075.42,2025-07-19 22:23:37
6320,6320,\N,151.79,2025-11-01 11:36:19
6321,6321,cash,810.67,2025-01-22 01:00:15
6322,6322,gift_card,159.45,2025-04-01 02:26:50
6323,6323,card,995.06,2025-07-03 12:39:36
6324,6324,card,897.10,2025-04-30 16:45:51
6325,6325,card,382.36,2025-02-08 03:51:19
6326,6326,cash,1302.74,2025-09-04 15:06:49
6327,6327,card,38.78,2025-12-26 20:04:02
6328,6328,card,441.16,2025-11-10 10:07:49
6329,6329,gift_card,316.02,2025-11-14 12:51:00
6330,6330,card,231.58,2025-03-04 19:22:42
6331,6331,wallet,337.35,2025-09-28 07:38:41
6332,6332,wallet,24.61,2025-09-18 21:19:28
6333,6333,wallet,234.58,2025-02-16 09:10:49
6334,6334,card,331.31,2025-07-01 17:35:20
6335,6335,\N,482.02,2025-01-11 17:33:45
6336,6336,card,344.94,2025-12-17 04:59:07
6337,6337,card,606.46,2025-12-07 07:36:18
6338,6338,card,161.82,2025-12-29 01:17:22
6339,6339,cash,1377.58,2025-04-25 17:46:50
6340,6340,card,234.86,2025-02-09 18:18:05
6341,6341,card,654.17,2025-05-25 12:42:46
6342,6342,card,1056.30,2025-07-15 19:38:57
6343,6343,gift_card,536.34,2025-02-21 18:20:17
6344,6344,cash,419.01,2025-10-03 06:41:41
6345,6345,card,190.83,2025-01-03 18:24:01
6346,6346,card,314.29,2025-11-15 21:13:14
6347,6347,gift_card,183.77,2025-06-21 08:04:48
6348,6348,\N,733.42,2025-12-20 18:50:24
6349,6349,card,718.92,2025-03-08 01:14:45
6350,6350,cash,233.97,2025-08-29 17:24:42
6351,6351,cash,128.20,2025-05-11 05:54:48
6352,6352,\N,553.11,2025-07-15 23:14:53
6353,6353,cash,271.16,2025-10-02 11:29:14
6354,6354,card,1205.33,2025-10-11 19:53:11
6355,6355,cash,611.65,2025-06-06 14:24:02
6356,6356,cash,102.05,2025-06-10 12:36:31
6357,6357,\N,119.39,2025-08-11 05:48:37
6358,6358,cash,322.74,2025-09-23 07:35:14
6359,6359,card,183.62,2025-04-23 15:00:35
6360,6360,card,1141.86,2025-07-06 17:54:28
6361,6361,card,629.73,2025-03-06 01:42:58
6362,6362,wallet,404.66,2025-04-15 09:06:51
6363,6363,wallet,48.31,2025-01-06 18:11:42
6364,6364,card,624.82,2025-06-27 04:12:37
6365,6365,cash,249.73,2025-06-29 03:26:08
6366,6366,card,1085.90,2025-02-25 05:27:42
6367,6367,gift_card,200.04,2025-03-27 04:06:45
6368,6368,card,129.96,2025-01-11 16:15:48
6369,6369,\N,497.30,2025-05-04 03:56:56
6370,6370,wallet,650.48,2025-10-10 16:28:21
6371,6371,cash,862.83,2025-12-31 18:54:55
6372,6372,card,276.80,2025-06-23 13:23:18
6373,6373,card,339.68,2025-11-06 03:42:28
6374,6374,gift_card,218.40,2025-05-28 15:52:20
6375,6375,card,205.94,2025-05-07 09:53:57
6376,6376,wallet,1168.05,2025-08-20 05:30:15
6377,6377,\N,377.07,2025-02-17 01:22:32
6378,6378,wallet,107.34,2025-12-18 22:26:16
6379,6379,cash,610.57,2025-12-11 14:20:32
6380,6380,gift_card,160.77,2025-03-16 00:44:55
6381,6381,wallet,64.46,2025-12-17 02:41:55
6382,6382,card,926.74,2025-08-23 21:01:06
6383,6383,cash,158.67,2025-08-03 17:00:11
6384,6384,card,545.93,2025-04-30 11:20:24
6385,6385,card,27.42,2025-01-16 03:42:56
6386,6386,card,1295.44,2025-02-26 11:18:00
6387,6387,gift_card,625.42,2025-07-05 06:12:55
6388,6388,wallet,978.61,2025-01-17 22:42:31
6389,6389,wallet,116.93,2025-04-04 23:33:58
6390,6390,\N,316.01,2025-04-08 02:16:06
6391,6391,\N,469.86,2025-02-08 06:23:29
6392,6392,cash,1091.35,2025-09-13 05:56:06
6393,6393,card,2027.09,2025-05-13 21:17:56
6394,6394,\N,121.26,2025-08-09 14:11:39
6395,6395,cash,450.16,2025-01-27 04:18:56
6396,6396,wallet,20.68,2025-11-07 13:01:14
6397,6397,card,722.99,2025-10-04 05:28:17
6398,6398,gift_card,526.24,2025-04-28 08:01:03
6399,6399,gift_card,304.80,2025-09-22 18:42:18
6400,6400,gift_card,426.01,2025-09-22 05:25:01
6401,6401,gift_card,529.37,2025-04-02 16:39:10
6402,6402,wallet,550.78,2025-12-31 09:30:04
6403,6403,card,1394.81,2025-07-14 15:59:02
6404,6404,card,2046.22,2025-02-20 11:40:20
6405,6405,wallet,537.84,2025-01-08 05:56:13
6406,6406,wallet,218.43,2025-05-19 14:09:15
6407,6407,card,291.72,2025-01-29 21:55:35
6408,6408,\N,494.39,2025-10-09 20:37:58
6409,6409,wallet,229.81,2025-09-28 01:07:06
6410,6410,wallet,415.04,2025-06-12 15:07:50
6411,6411,cash,204.64,2025-07-29 15:04:03
6412,6412,gift_card,136.02,2025-11-23 06:23:18
6413,6413,cash,258.17,2025-12-29 22:28:23
6414,6414,card,98.46,2025-07-14 05:56:32
6415,6415,cash,1464.38,2025-08-22 01:46:05
6416,6416,card,804.91,2025-12-21 14:22:20
6417,6417,card,226.04,2025-09-30 23:40:02
6418,6418,card,503.82,2025-05-29 17:54:33
6419,6419,cash,122.58,2025-09-13 15:32:05
6420,6420,cash,533.20,2025-11-24 02:13:17
6421,6421,wallet,1424.48,2025-04-28 11:32:40
6422,6422,gift_card,196.66,2025-10-31 05:52:46
6423,6423,\N,982.00,2025-09-20 17:34:48
6424,6424,card,272.84,2025-03-22 18:31:54
6425,6425,wallet,1231.88,2025-01-20 14:20:12
6426,6426,card,165.69,2025-08-30 03:11:19
6427,6427,card,861.58,2025-10-27 04:14:08
6428,6428,\N,393.68,2025-08-23 13:34:31
6429,6429,wallet,638.26,2025-08-08 00:18:03
6430,6430,card,114.49,2025-04-18 11:47:32
6431,6431,gift_card,766.52,2025-10-11 10:29:48
6432,6432,card,530.02,2025-06-16 19:29:58
6433,6433,card,885.71,2025-12-02 04:30:41
6434,6434,card,263.03,2025-03-11 09:49:45
6435,6435,card,298.78,2025-08-15 13:10:39
6436,6436,card,662.17,2025-07-06 18:10:27
6437,6437,card,406.09,2025-02-09 19:49:48
6438,6438,card,2049.23,2025-10-07 10:22:52
6439,6439,\N,1216.02,2025-05-04 13:02:04
6440,6440,card,245.60,2025-10-30 14:32:55
6441,6441,card,251.73,2025-01-06 05:33:51
6442,6442,\N,683.15,2025-10-29 02:40:16
6443,6443,card,587.22,2025-01-03 04:51:21
6444,6444,card,136.23,2025-03-04 12:16:34
6445,6445,card,468.85,2025-01-15 10:22:07
6446,6446,card,200.55,2025-05-15 04:00:24
6447,6447,card,716.96,2025-04-08 23:01:34
6448,6448,card,156.15,2025-07-07 19:55:15
6449,6449,wallet,542.55,2025-03-06 07:50:29
6450,6450,cash,741.98,2025-03-11 10:43:29
6451,6451,\N,746.62,2025-01-13 09:48:41
6452,6452,cash,176.52,2025-12-17 16:04:00
6453,6453,wallet,318.71,2025-11-26 22:00:43
6454,6454,card,350.90,2025-05-04 13:08:35
6455,6455,card,1796.76,2025-01-20 07:54:56
6456,6456,card,54.91,2025-04-29 20:55:47
6457,6457,card,285.03,2025-07-27 23:22:52
6458,6458,\N,224.84,2025-07-02 02:28:32
6459,6459,wallet,1017.84,2025-11-30 08:02:34
6460,6460,\N,317.27,2025-01-22 05:19:53
6461,6461,gift_card,1436.18,2025-02-26 22:22:00
6462,6462,card,854.34,2025-05-16 03:57:27
6463,6463,\N,292.89,2025-06-17 22:31:56
6464,6464,wallet,304.84,2025-08-20 19:40:54
6465,6465,wallet,97.47,2025-11-13 15:28:16
6466,6466,wallet,602.14,2025-10-10 02:07:10
6467,6467,card,619.96,2025-06-01 06:53:19
6468,6468,card,604.97,2025-07-11 02:13:08
6469,6469,cash,1000.23,2025-11-05 16:18:09
6470,6470,card,278.70,2025-06-13 19:40:27
6471,6471,\N,276.48,2025-11-08 20:35:01
6472,6472,gift_card,1078.95,2025-03-08 07:48:38
6473,6473,cash,406.36,2025-11-05 17:23:06
6474,6474,\N,1040.51,2025-05-26 04:57:49
6475,6475,\N,201.79,2025-07-04 13:20:25
6476,6476,card,51.88,2025-04-04 17:29:17
6477,6477,card,269.44,2025-12-28 03:40:19
6478,6478,card,674.61,2025-12-23 07:51:38
6479,6479,card,1218.66,2025-11-02 23:11:08
6480,6480,card,253.68,2025-03-07 05:46:11
6481,6481,card,246.44,2025-05-08 19:35:48
6482,6482,gift_card,132.22,2025-10-06 10:25:49
6483,6483,cash,73.40,2025-02-23 08:51:24
6484,6484,\N,972.75,2025-09-20 12:51:46
6485,6485,cash,218.28,2025-05-16 01:05:23
6486,6486,card,392.32,2025-01-27 05:32:06
6487,6487,card,1676.42,2025-01-30 19:50:31
6488,6488,card,839.90,2025-07-13 08:31:51
6489,6489,card,326.12,2025-03-23 02:15:37
6490,6490,cash,385.02,2025-11-13 01:46:13
6491,6491,card,546.24,2025-04-01 02:09:08
6492,6492,cash,190.49,2025-10-05 14:00:05
6493,6493,card,134.95,2025-06-17 11:57:41
6494,6494,cash,574.01,2025-06-19 15:04:41
6495,6495,card,665.86,2025-06-09 10:00:42
6496,6496,card,333.38,2025-07-30 15:24:20
6497,6497,wallet,390.21,2025-12-30 15:45:13
6498,6498,gift_card,467.26,2025-06-07 01:36:51
6499,6499,card,187.24,2025-10-05 10:09:21
6500,6500,cash,265.91,2025-03-27 06:25:52
6501,6501,card,114.44,2025-12-01 06:10:25
6502,6502,\N,191.93,2025-04-20 05:58:51
6503,6503,card,438.14,2025-08-31 00:40:44
6504,6504,wallet,601.95,2025-08-11 00:30:49
6505,6505,cash,1147.50,2025-11-04 00:29:25
6506,6506,\N,618.46,2025-08-23 03:14:08
6507,6507,card,417.96,2025-12-14 15:59:01
6508,6508,card,206.18,2025-05-01 01:40:28
6509,6509,card,578.54,2025-09-29 18:55:27
6510,6510,card,218.75,2025-09-14 18:21:18
6511,6511,gift_card,724.57,2025-08-26 00:07:33
6512,6512,wallet,164.18,2025-10-06 08:57:30
6513,6513,cash,262.00,2025-12-22 03:42:55
6514,6514,\N,521.86,2025-08-29 07:05:07
6515,6515,card,209.49,2025-06-19 22:45:35
6516,6516,gift_card,916.32,2025-12-04 12:57:02
6517,6517,card,849.56,2025-01-24 08:48:25
6518,6518,wallet,411.26,2025-01-05 08:26:57
6519,6519,gift_card,1312.42,2025-04-08 04:05:33
6520,6520,cash,228.82,2025-01-02 15:24:29
6521,6521,card,1630.65,2025-04-30 23:23:40
6522,6522,gift_card,2943.99,2025-10-09 06:12:39
6523,6523,cash,369.91,2025-03-21 19:52:10
6524,6524,card,849.00,2025-08-19 05:42:03
6525,6525,gift_card,487.83,2025-04-01 03:06:39
6526,6526,gift_card,957.85,2025-11-20 19:54:31
6527,6527,card,256.41,2025-05-05 05:47:05
6528,6528,card,614.56,2025-03-20 05:06:39
6529,6529,\N,690.51,2025-12-07 05:02:55
6530,6530,gift_card,220.85,2025-08-24 16:26:49
6531,6531,cash,261.58,2025-11-25 14:44:32
6532,6532,card,1172.63,2025-02-02 16:34:13
6533,6533,card,218.86,2025-01-28 12:36:38
6534,6534,wallet,94.82,2025-12-14 14:31:19
6535,6535,card,890.24,2025-12-09 23:46:23
6536,6536,\N,224.85,2025-05-09 07:54:41
6537,6537,\N,420.26,2025-08-21 19:27:09
6538,6538,cash,888.42,2025-05-29 14:18:37
6539,6539,card,339.34,2025-04-19 09:54:45
6540,6540,card,173.93,2025-11-01 17:19:40
6541,6541,card,153.74,2025-10-13 13:57:06
6542,6542,card,262.74,2025-12-08 06:17:24
6543,6543,\N,193.02,2025-11-02 21:14:21
6544,6544,gift_card,183.25,2025-03-23 19:56:31
6545,6545,cash,584.17,2025-11-27 19:16:29
6546,6546,card,549.59,2025-12-25 03:59:09
6547,6547,card,295.64,2025-09-13 13:04:25
6548,6548,card,659.52,2025-08-05 14:57:51
6549,6549,cash,930.21,2025-06-03 10:58:08
6550,6550,\N,127.10,2025-05-15 06:15:05
6551,6551,\N,123.29,2025-12-28 11:14:32
6552,6552,gift_card,245.16,2025-06-24 21:48:00
6553,6553,\N,929.01,2025-01-29 15:53:45
6554,6554,\N,930.38,2025-05-13 21:54:42
6555,6555,\N,244.57,2025-06-17 16:53:28
6556,6556,card,342.87,2025-08-07 22:26:05
6557,6557,card,935.15,2025-10-27 14:12:57
6558,6558,card,721.73,2025-06-18 06:51:52
6559,6559,gift_card,132.19,2025-08-21 21:29:56
6560,6560,gift_card,231.07,2025-09-14 17:26:44
6561,6561,\N,1528.43,2025-12-28 18:53:11
6562,6562,\N,283.63,2025-07-27 04:45:25
6563,6563,\N,574.85,2025-08-29 07:56:22
6564,6564,gift_card,218.72,2025-01-09 01:37:37
6565,6565,card,637.10,2025-06-24 20:06:57
6566,6566,cash,477.40,2025-10-19 20:41:31
6567,6567,wallet,796.83,2025-01-22 23:01:58
6568,6568,\N,52.10,2025-01-28 04:25:10
6569,6569,cash,356.60,2025-04-16 23:15:33
6570,6570,card,767.26,2025-12-10 14:05:46
6571,6571,card,1550.00,2025-03-09 20:35:05
6572,6572,cash,174.41,2025-03-22 10:16:30
6573,6573,card,267.88,2025-08-23 06:23:41
6574,6574,card,1048.33,2025-10-22 23:26:30
6575,6575,cash,265.32,2025-06-26 02:38:49
6576,6576,gift_card,532.54,2025-08-23 13:28:20
6577,6577,cash,138.86,2025-08-04 20:09:45
6578,6578,wallet,211.58,2025-12-31 23:16:24
6579,6579,gift_card,114.04,2025-04-05 19:04:48
6580,6580,card,878.35,2025-06-17 17:45:01
6581,6581,card,1450.90,2025-08-29 09:22:08
6582,6582,gift_card,582.64,2025-02-09 20:30:21
6583,6583,\N,1621.55,2025-11-29 04:50:10
6584,6584,gift_card,44.15,2025-01-04 12:07:35
6585,6585,wallet,594.36,2025-01-01 06:50:02
6586,6586,cash,2305.00,2025-04-28 06:10:12
6587,6587,wallet,328.33,2025-06-29 05:38:26
6588,6588,card,616.03,2025-04-05 11:47:47
6589,6589,\N,930.13,2025-04-02 22:12:08
6590,6590,card,255.75,2025-04-13 11:40:28
6591,6591,card,289.54,2025-05-30 19:48:41
6592,6592,wallet,60.46,2025-01-27 00:42:18
6593,6593,wallet,876.30,2025-05-28 05:08:27
6594,6594,card,140.50,2025-04-30 19:29:46
6595,6595,cash,480.18,2025-11-24 08:50:36
6596,6596,card,258.12,2025-12-06 23:31:50
6597,6597,cash,269.74,2025-07-09 08:59:06
6598,6598,cash,686.74,2025-11-09 07:10:28
6599,6599,card,324.52,2025-06-18 17:39:22
6600,6600,wallet,226.38,2025-12-10 10:12:05
6601,6601,wallet,252.48,2025-09-25 16:25:13
6602,6602,card,129.68,2025-09-11 10:51:33
6603,6603,gift_card,191.06,2025-08-28 00:10:33
6604,6604,cash,122.29,2025-07-20 22:27:23
6605,6605,cash,632.51,2025-09-04 04:02:35
6606,6606,card,165.76,2025-09-11 13:31:10
6607,6607,card,286.25,2025-09-27 02:08:51
6608,6608,card,429.70,2025-12-09 23:03:20
6609,6609,gift_card,201.29,2025-04-24 23:40:21
6610,6610,\N,279.26,2025-05-23 04:42:01
6611,6611,card,480.54,2025-12-31 02:10:12
6612,6612,card,270.63,2025-09-04 07:59:52
6613,6613,\N,175.95,2025-08-20 14:26:37
6614,6614,card,164.55,2025-10-11 11:02:42
6615,6615,cash,899.99,2025-04-03 11:06:36
6616,6616,card,231.74,2025-01-27 01:53:19
6617,6617,\N,390.92,2025-09-23 06:09:39
6618,6618,cash,247.14,2025-02-13 16:27:33
6619,6619,cash,290.53,2025-08-11 03:57:59
6620,6620,card,1242.99,2025-06-05 01:34:33
6621,6621,card,19.15,2025-12-30 17:23:21
6622,6622,card,229.32,2025-09-23 10:30:33
6623,6623,cash,1308.71,2025-03-05 03:05:36
6624,6624,gift_card,364.70,2025-09-28 10:18:12
6625,6625,card,939.07,2025-08-08 13:06:01
6626,6626,wallet,50.10,2025-05-05 00:17:35
6627,6627,\N,397.56,2025-06-22 16:30:44
6628,6628,wallet,649.31,2025-08-02 13:47:57
6629,6629,card,205.97,2025-04-09 17:26:56
6630,6630,gift_card,156.65,2025-03-29 17:17:29
6631,6631,cash,513.74,2025-10-14 13:11:48
6632,6632,cash,629.89,2025-03-19 06:56:11
6633,6633,\N,268.43,2025-06-15 11:57:44
6634,6634,wallet,718.73,2025-09-12 23:51:31
6635,6635,cash,402.33,2025-02-20 15:32:15
6636,6636,\N,275.55,2025-09-18 04:43:23
6637,6637,cash,393.14,2025-07-30 09:09:57
6638,6638,card,188.63,2025-01-23 01:25:07
6639,6639,\N,232.07,2025-07-05 08:24:28
6640,6640,card,226.23,2025-05-30 01:07:19
6641,6641,gift_card,290.25,2025-01-17 22:59:39
6642,6642,wallet,279.60,2025-09-30 11:51:30
6643,6643,cash,1997.81,2025-03-29 10:33:06
6644,6644,gift_card,331.92,2025-06-24 16:35:30
6645,6645,card,815.22,2025-05-22 03:41:35
6646,6646,\N,188.33,2025-05-09 17:04:31
6647,6647,card,663.70,2025-08-10 17:19:16
6648,6648,card,95.22,2025-10-14 14:10:55
6649,6649,card,313.63,2025-10-24 07:14:15
6650,6650,card,139.40,2025-08-26 22:05:06
6651,6651,card,351.36,2025-06-27 01:30:52
6652,6652,\N,1076.78,2025-12-13 11:08:01
6653,6653,card,278.02,2025-11-17 11:10:58
6654,6654,card,271.76,2025-07-31 23:26:03
6655,6655,card,172.81,2025-10-26 14:42:32
6656,6656,gift_card,103.69,2025-08-04 12:11:57
6657,6657,gift_card,458.62,2025-10-04 10:54:30
6658,6658,cash,545.06,2025-02-03 10:20:27
6659,6659,card,947.97,2025-05-13 17:20:19
6660,6660,cash,111.46,2025-07-31 02:24:30
6661,6661,wallet,18.26,2025-02-12 08:34:35
6662,6662,card,24.40,2025-01-17 14:29:15
6663,6663,card,181.80,2025-03-26 07:12:36
6664,6664,card,297.69,2025-01-29 07:45:46
6665,6665,\N,494.74,2025-06-19 15:24:32
6666,6666,wallet,317.93,2025-05-25 21:40:32
6667,6667,card,793.48,2025-11-17 07:49:45
6668,6668,card,273.05,2025-11-18 16:40:35
6669,6669,card,200.96,2025-07-27 22:27:37
6670,6670,card,145.12,2025-12-05 13:24:49
6671,6671,cash,75.85,2025-12-11 00:02:49
6672,6672,\N,686.00,2025-04-04 18:44:22
6673,6673,\N,573.51,2025-08-07 09:40:31
6674,6674,\N,284.37,2025-02-20 07:48:03
6675,6675,wallet,201.12,2025-08-28 13:13:29
6676,6676,gift_card,397.04,2025-12-11 16:04:54
6677,6677,gift_card,235.40,2025-11-09 17:19:00
6678,6678,\N,826.38,2025-01-30 02:43:55
6679,6679,card,407.94,2025-04-10 13:49:54
6680,6680,\N,548.61,2025-05-10 16:25:19
6681,6681,card,532.22,2025-06-03 13:18:57
6682,6682,gift_card,209.90,2025-12-16 12:35:15
6683,6683,\N,242.31,2025-08-19 09:09:03
6684,6684,card,847.88,2025-05-03 11:46:35
6685,6685,card,679.00,2025-11-18 11:05:19
6686,6686,wallet,529.40,2025-01-05 17:52:37
6687,6687,\N,377.80,2025-05-25 10:10:03
6688,6688,card,201.06,2025-02-18 02:00:36
6689,6689,\N,451.05,2025-05-12 20:24:08
6690,6690,gift_card,378.38,2025-09-06 15:56:56
6691,6691,\N,921.60,2025-06-25 00:46:03
6692,6692,cash,266.70,2025-08-20 18:44:38
6693,6693,cash,177.21,2025-03-18 05:37:21
6694,6694,\N,493.56,2025-10-28 03:33:06
6695,6695,card,131.26,2025-01-14 19:48:15
6696,6696,gift_card,1218.13,2025-08-22 20:39:06
6697,6697,wallet,255.37,2025-10-23 00:57:28
6698,6698,wallet,998.71,2025-10-27 06:51:27
6699,6699,card,429.14,2025-08-12 19:34:06
6700,6700,\N,1069.95,2025-12-28 20:27:23
6701,6701,\N,1042.67,2025-04-06 11:41:43
6702,6702,card,1487.77,2025-11-24 12:15:35
6703,6703,card,257.78,2025-09-02 22:53:22
6704,6704,gift_card,554.92,2025-08-06 03:44:25
6705,6705,gift_card,254.80,2025-04-26 12:03:03
6706,6706,cash,316.90,2025-04-17 10:18:16
6707,6707,wallet,566.34,2025-01-15 09:20:59
6708,6708,card,279.70,2025-09-28 20:07:21
6709,6709,cash,523.38,2025-05-12 13:45:29
6710,6710,card,984.57,2025-09-16 16:31:47
6711,6711,card,288.82,2025-01-09 14:58:23
6712,6712,gift_card,1058.17,2025-01-08 09:48:49
6713,6713,cash,694.37,2025-07-31 10:47:20
6714,6714,card,409.48,2025-10-25 06:56:04
6715,6715,wallet,263.22,2025-09-23 01:05:13
6716,6716,cash,289.89,2025-04-04 17:45:36
6717,6717,gift_card,1104.24,2025-10-14 12:35:15
6718,6718,card,727.11,2025-05-15 17:49:45
6719,6719,wallet,453.42,2025-07-24 19:14:12
6720,6720,card,344.86,2025-07-17 07:53:19
6721,6721,card,638.36,2025-03-04 14:36:34
6722,6722,card,530.56,2025-08-17 05:19:32
6723,6723,\N,151.78,2025-11-07 19:53:52
6724,6724,gift_card,378.25,2025-06-25 02:09:26
6725,6725,wallet,663.79,2025-10-17 13:29:26
6726,6726,card,345.60,2025-01-09 21:54:05
6727,6727,wallet,504.57,2025-11-21 11:38:27
6728,6728,card,515.90,2025-07-16 06:06:35
6729,6729,\N,340.63,2025-05-13 19:05:52
6730,6730,wallet,414.45,2025-12-18 23:48:17
6731,6731,wallet,347.73,2025-10-04 14:13:52
6732,6732,wallet,747.41,2025-10-13 17:15:34
6733,6733,\N,511.92,2025-06-23 09:06:57
6734,6734,card,320.87,2025-04-19 09:50:19
6735,6735,\N,106.42,2025-08-27 07:58:03
6736,6736,card,193.54,2025-12-13 04:48:15
6737,6737,card,221.28,2025-01-08 09:27:32
6738,6738,wallet,140.50,2025-11-18 15:06:59
6739,6739,wallet,1480.24,2025-01-30 22:52:06
6740,6740,gift_card,482.40,2025-08-01 20:50:05
6741,6741,card,137.95,2025-08-23 14:43:53
6742,6742,gift_card,641.42,2025-01-29 03:17:09
6743,6743,card,926.38,2025-07-21 23:16:48
6744,6744,gift_card,1270.17,2025-04-21 10:47:57
6745,6745,card,754.74,2025-11-17 02:02:24
6746,6746,card,744.95,2025-01-13 06:22:39
6747,6747,\N,225.76,2025-11-10 16:13:28
6748,6748,card,980.87,2025-06-26 05:31:19
6749,6749,gift_card,1155.67,2025-06-15 02:45:24
6750,6750,gift_card,259.05,2025-06-28 08:31:00
6751,6751,gift_card,24.68,2025-10-28 03:15:11
6752,6752,wallet,345.32,2025-02-24 10:52:05
6753,6753,wallet,1123.96,2025-02-20 20:48:00
6754,6754,gift_card,465.74,2025-01-15 22:20:19
6755,6755,cash,672.25,2025-10-23 02:12:57
6756,6756,wallet,473.29,2025-03-21 21:04:39
6757,6757,card,239.53,2025-07-22 17:21:23
6758,6758,\N,813.68,2025-08-17 05:31:06
6759,6759,wallet,179.85,2025-05-30 21:36:53
6760,6760,cash,133.27,2025-12-08 09:53:48
6761,6761,card,304.49,2025-10-07 13:42:45
6762,6762,gift_card,336.19,2025-07-21 03:39:26
6763,6763,wallet,107.83,2025-08-18 14:44:54
6764,6764,gift_card,758.13,2025-09-28 08:54:34
6765,6765,card,1015.47,2025-11-29 15:51:50
6766,6766,card,819.14,2025-12-10 18:50:25
6767,6767,wallet,58.39,2025-07-16 08:46:11
6768,6768,card,424.67,2025-12-09 17:25:15
6769,6769,\N,276.65,2025-04-15 17:09:47
6770,6770,card,112.13,2025-04-05 06:53:02
6771,6771,card,427.78,2025-09-19 09:40:56
6772,6772,card,283.29,2025-04-07 04:22:00
6773,6773,cash,305.21,2025-04-01 17:56:36
6774,6774,gift_card,676.96,2025-03-12 06:59:45
6775,6775,cash,328.30,2025-07-11 08:48:42
6776,6776,gift_card,882.72,2025-03-17 15:24:51
6777,6777,cash,1435.34,2025-09-02 15:04:09
6778,6778,card,475.76,2025-02-16 09:02:56
6779,6779,wallet,836.64,2025-07-04 00:30:44
6780,6780,wallet,518.35,2025-03-30 21:24:09
6781,6781,\N,287.56,2025-01-13 04:53:54
6782,6782,gift_card,762.69,2025-09-09 03:55:44
6783,6783,card,936.50,2025-09-27 11:27:27
6784,6784,gift_card,750.50,2025-06-30 05:37:08
6785,6785,\N,527.00,2025-08-01 21:27:12
6786,6786,\N,950.09,2025-02-14 22:20:56
6787,6787,gift_card,376.80,2025-11-23 17:25:13
6788,6788,card,177.03,2025-05-31 10:33:53
6789,6789,card,1574.23,2025-03-04 20:06:41
6790,6790,card,589.13,2025-02-28 07:25:04
6791,6791,cash,216.27,2025-10-19 12:01:18
6792,6792,wallet,39.40,2025-11-02 12:52:35
6793,6793,card,318.59,2025-11-14 16:42:33
6794,6794,cash,748.72,2025-12-24 13:46:34
6795,6795,card,1206.30,2025-12-20 05:37:23
6796,6796,cash,669.76,2025-07-25 20:30:12
6797,6797,cash,560.20,2025-04-26 08:33:45
6798,6798,gift_card,333.34,2025-07-05 21:34:18
6799,6799,gift_card,676.70,2025-08-06 21:01:34
6800,6800,wallet,324.39,2025-05-16 18:09:55
6801,6801,card,977.31,2025-02-09 19:49:04
6802,6802,card,394.94,2025-08-14 16:03:32
6803,6803,\N,16.53,2025-03-06 17:41:38
6804,6804,card,343.80,2025-08-05 13:00:58
6805,6805,card,1348.58,2025-08-11 19:24:09
6806,6806,\N,969.90,2025-12-26 01:17:28
6807,6807,card,686.58,2025-04-09 16:51:30
6808,6808,card,291.34,2025-09-17 04:46:34
6809,6809,card,136.05,2025-07-07 14:39:20
6810,6810,card,100.18,2025-04-10 19:00:08
6811,6811,wallet,589.84,2025-01-14 12:26:08
6812,6812,wallet,584.34,2025-09-15 02:35:10
6813,6813,wallet,1071.95,2025-05-19 08:23:44
6814,6814,card,1297.66,2025-10-19 14:33:07
6815,6815,card,264.70,2025-05-31 00:19:50
6816,6816,card,122.16,2025-09-24 16:14:31
6817,6817,card,298.37,2025-01-26 01:47:15
6818,6818,wallet,318.95,2025-12-29 07:05:35
6819,6819,card,1464.51,2025-02-02 00:42:44
6820,6820,card,699.26,2025-10-27 03:24:54
6821,6821,card,144.63,2025-03-28 20:05:10
6822,6822,\N,318.24,2025-02-02 09:24:36
6823,6823,card,609.76,2025-04-28 22:43:55
6824,6824,card,317.70,2025-03-03 16:00:47
6825,6825,wallet,1294.30,2025-08-06 20:08:45
6826,6826,\N,819.54,2025-12-17 07:15:50
6827,6827,wallet,505.73,2025-08-13 00:10:31
6828,6828,card,380.29,2025-08-21 12:43:50
6829,6829,card,408.46,2025-01-26 03:51:08
6830,6830,card,250.59,2025-12-06 01:00:23
6831,6831,cash,210.75,2025-05-02 12:18:18
6832,6832,wallet,162.07,2025-06-18 13:52:00
6833,6833,\N,151.48,2025-04-22 19:53:14
6834,6834,\N,1525.68,2025-07-31 12:57:06
6835,6835,card,799.13,2025-11-24 13:43:07
6836,6836,cash,2016.43,2025-05-29 04:03:35
6837,6837,card,269.31,2025-03-01 03:19:57
6838,6838,gift_card,281.83,2025-12-02 20:41:43
6839,6839,card,1717.80,2025-03-19 11:33:06
6840,6840,cash,315.07,2025-02-06 11:38:45
6841,6841,card,248.36,2025-07-28 04:40:53
6842,6842,cash,544.49,2025-06-08 14:26:51
6843,6843,cash,500.84,2025-05-20 00:12:46
6844,6844,wallet,228.31,2025-07-04 22:53:33
6845,6845,wallet,119.69,2025-05-25 18:16:05
6846,6846,card,85.96,2025-01-07 12:27:19
6847,6847,card,1702.16,2025-02-19 14:51:53
6848,6848,card,698.02,2025-06-11 17:07:52
6849,6849,wallet,790.56,2025-09-23 13:58:19
6850,6850,cash,1174.45,2025-12-23 10:24:10
6851,6851,card,1227.02,2025-11-28 13:30:43
6852,6852,card,1253.79,2025-07-11 19:28:19
6853,6853,gift_card,188.28,2025-03-24 01:45:31
6854,6854,cash,225.68,2025-06-03 20:43:31
6855,6855,gift_card,692.60,2025-03-03 20:09:40
6856,6856,cash,319.13,2025-06-15 01:41:27
6857,6857,cash,593.91,2025-05-11 10:36:06
6858,6858,\N,890.51,2025-04-21 12:40:13
6859,6859,cash,603.53,2025-06-11 12:15:27
6860,6860,gift_card,347.61,2025-11-21 00:55:24
6861,6861,card,297.49,2025-09-20 17:03:29
6862,6862,gift_card,207.68,2025-08-02 20:22:24
6863,6863,card,192.51,2025-10-08 18:54:09
6864,6864,\N,304.24,2025-07-05 14:06:21
6865,6865,card,134.45,2025-12-28 14:25:11
6866,6866,\N,174.84,2025-09-21 11:46:50
6867,6867,card,355.60,2025-03-02 10:49:31
6868,6868,wallet,699.26,2025-02-23 20:11:29
6869,6869,card,1004.26,2025-12-31 20:00:58
6870,6870,\N,1566.18,2025-11-19 16:12:56
6871,6871,card,376.08,2025-10-23 20:58:21
6872,6872,gift_card,364.72,2025-01-10 02:41:28
6873,6873,gift_card,556.39,2025-09-17 02:40:07
6874,6874,wallet,961.50,2025-06-25 02:48:06
6875,6875,\N,606.40,2025-11-21 14:17:19
6876,6876,card,531.63,2025-07-03 08:23:43
6877,6877,gift_card,205.33,2025-12-30 21:50:24
6878,6878,cash,119.52,2025-12-15 00:28:31
6879,6879,gift_card,126.61,2025-08-09 04:33:39
6880,6880,gift_card,85.57,2025-12-26 15:06:37
6881,6881,card,1339.50,2025-06-29 19:22:52
6882,6882,\N,401.62,2025-12-27 09:28:17
6883,6883,gift_card,1119.81,2025-08-24 07:32:28
6884,6884,card,367.72,2025-06-04 09:28:32
6885,6885,wallet,183.28,2025-03-09 06:10:48
6886,6886,card,66.01,2025-11-05 18:13:43
6887,6887,\N,850.00,2025-04-02 11:42:35
6888,6888,card,144.17,2025-08-22 09:33:09
6889,6889,cash,227.37,2025-08-20 22:40:30
6890,6890,card,778.79,2025-11-21 10:41:56
6891,6891,card,640.07,2025-03-17 03:38:40
6892,6892,card,617.64,2025-06-15 02:18:03
6893,6893,card,249.31,2025-10-01 15:50:27
6894,6894,wallet,899.82,2025-08-12 12:44:56
6895,6895,\N,98.19,2025-04-20 11:17:34
6896,6896,wallet,292.08,2025-05-01 13:06:21
6897,6897,card,1155.06,2025-04-23 05:04:36
6898,6898,card,315.03,2025-12-20 16:37:50
6899,6899,card,831.38,2025-08-03 18:42:24
6900,6900,card,81.70,2025-07-01 23:40:40
6901,6901,gift_card,468.85,2025-05-12 18:40:46
6902,6902,card,832.13,2025-11-13 22:24:39
6903,6903,wallet,248.55,2025-08-19 13:52:11
6904,6904,card,790.24,2025-07-03 22:22:49
6905,6905,cash,779.28,2025-06-23 15:19:25
6906,6906,wallet,1943.72,2025-05-28 16:16:09
6907,6907,card,273.91,2025-04-02 01:24:23
6908,6908,\N,778.91,2025-10-30 00:47:20
6909,6909,\N,463.11,2025-05-23 03:34:15
6910,6910,wallet,134.62,2025-05-27 10:32:16
6911,6911,card,16.52,2025-11-30 00:40:24
6912,6912,gift_card,265.55,2025-12-20 11:23:54
6913,6913,card,877.98,2025-09-09 19:08:05
6914,6914,card,72.28,2025-08-29 20:04:57
6915,6915,card,28.07,2025-08-09 16:45:01
6916,6916,wallet,451.02,2025-10-27 22:35:26
6917,6917,cash,107.50,2025-01-14 00:43:30
6918,6918,gift_card,773.85,2025-09-09 09:21:48
6919,6919,card,306.93,2025-12-08 13:16:40
6920,6920,card,828.72,2025-11-30 00:40:07
6921,6921,gift_card,307.97,2025-11-12 09:14:10
6922,6922,card,282.42,2025-12-26 13:01:33
6923,6923,card,599.77,2025-01-14 06:33:11
6924,6924,card,354.19,2025-05-12 05:00:50
6925,6925,gift_card,75.74,2025-09-13 23:45:06
6926,6926,\N,125.44,2025-09-02 15:17:55
6927,6927,wallet,756.36,2025-01-11 22:08:51
6928,6928,\N,795.76,2025-10-23 22:49:37
6929,6929,card,544.13,2025-04-16 17:33:46
6930,6930,gift_card,443.13,2025-05-20 03:33:24
6931,6931,cash,1778.92,2025-05-15 01:36:27
6932,6932,card,416.68,2025-04-30 13:48:08
6933,6933,card,376.12,2025-04-04 04:33:18
6934,6934,card,657.81,2025-11-02 05:10:01
6935,6935,cash,705.19,2025-09-24 18:53:07
6936,6936,\N,1274.77,2025-01-28 16:52:36
6937,6937,\N,2089.51,2025-05-16 12:27:33
6938,6938,card,107.97,2025-04-10 05:40:31
6939,6939,card,600.00,2025-06-04 22:36:58
6940,6940,gift_card,81.71,2025-04-09 23:14:48
6941,6941,card,41.68,2025-03-29 11:09:04
6942,6942,\N,130.35,2025-12-31 09:43:18
6943,6943,card,513.36,2025-12-01 19:01:28
6944,6944,card,781.80,2025-03-02 14:16:36
6945,6945,card,121.90,2025-11-17 08:16:55
6946,6946,\N,588.90,2025-10-31 08:10:00
6947,6947,card,331.08,2025-03-21 22:14:03
6948,6948,cash,325.46,2025-05-09 22:12:17
6949,6949,card,1463.52,2025-05-25 00:07:46
6950,6950,cash,169.51,2025-09-08 23:29:00
6951,6951,wallet,1208.16,2025-10-18 12:27:42
6952,6952,gift_card,301.73,2025-03-14 20:36:29
6953,6953,card,1337.03,2025-08-25 14:02:27
6954,6954,cash,249.56,2025-05-24 13:14:11
6955,6955,cash,185.69,2025-05-18 15:35:57
6956,6956,cash,167.44,2025-04-19 23:50:08
6957,6957,gift_card,187.22,2025-08-27 08:40:58
6958,6958,gift_card,245.85,2025-06-30 07:12:10
6959,6959,wallet,538.54,2025-11-08 16:31:27
6960,6960,card,266.76,2025-05-17 08:52:37
6961,6961,cash,1117.42,2025-08-18 19:45:49
6962,6962,card,124.72,2025-12-17 18:56:46
6963,6963,card,1155.07,2025-01-21 20:52:37
6964,6964,cash,334.54,2025-11-15 21:04:10
6965,6965,wallet,776.60,2025-09-14 10:34:43
6966,6966,card,661.89,2025-05-03 08:32:02
6967,6967,cash,491.14,2025-10-13 23:16:41
6968,6968,card,672.18,2025-01-02 00:31:21
6969,6969,cash,441.51,2025-12-13 10:51:43
6970,6970,card,289.60,2025-06-16 22:48:44
6971,6971,card,338.90,2025-05-01 15:09:33
6972,6972,card,454.79,2025-05-14 10:53:25
6973,6973,card,576.49,2025-12-23 02:15:10
6974,6974,cash,268.17,2025-11-28 14:03:27
6975,6975,\N,710.83,2025-07-22 12:53:31
6976,6976,\N,338.93,2025-08-28 00:08:53
6977,6977,card,498.98,2025-09-25 08:29:43
6978,6978,cash,157.82,2025-02-20 14:50:55
6979,6979,gift_card,1153.60,2025-12-15 23:28:32
6980,6980,card,261.42,2025-09-06 22:11:58
6981,6981,card,172.36,2025-11-27 02:35:31
6982,6982,\N,176.91,2025-03-31 11:10:38
6983,6983,\N,697.43,2025-10-21 18:05:28
6984,6984,card,197.85,2025-02-04 19:38:11
6985,6985,wallet,300.62,2025-10-19 13:36:18
6986,6986,gift_card,982.62,2025-06-30 05:58:10
6987,6987,cash,111.93,2025-11-21 04:36:37
6988,6988,gift_card,417.17,2025-08-15 10:48:02
6989,6989,wallet,685.97,2025-07-10 19:11:02
6990,6990,card,211.50,2025-05-07 01:38:39
6991,6991,card,12.21,2025-01-19 07:11:14
6992,6992,\N,1089.46,2025-12-07 05:05:21
6993,6993,card,323.04,2025-10-13 21:33:03
6994,6994,cash,37.51,2025-01-01 01:58:21
6995,6995,gift_card,990.18,2025-07-16 15:42:55
6996,6996,card,545.00,2025-02-26 18:58:41
6997,6997,gift_card,335.86,2025-03-20 21:45:35
6998,6998,card,213.32,2025-03-13 00:06:33
6999,6999,card,335.79,2025-11-11 19:50:02
7000,7000,gift_card,542.50,2025-02-16 21:20:01
7001,7001,card,214.19,2025-06-10 00:52:26
7002,7002,card,54.87,2025-12-11 06:30:28
7003,7003,wallet,113.14,2025-08-08 13:25:42
7004,7004,card,215.10,2025-10-20 08:00:37
7005,7005,\N,119.62,2025-08-31 06:59:17
7006,7006,cash,836.70,2025-09-12 07:08:44
7007,7007,cash,1598.70,2025-01-12 23:56:55
7008,7008,card,205.46,2025-12-01 14:25:10
7009,7009,wallet,199.60,2025-08-20 12:59:02
7010,7010,\N,713.75,2025-07-04 11:23:31
7011,7011,card,628.43,2025-04-23 23:53:03
7012,7012,gift_card,749.11,2025-01-21 18:27:22
7013,7013,card,526.69,2025-01-20 21:39:33
7014,7014,gift_card,1859.52,2025-04-27 01:32:32
7015,7015,card,56.93,2025-01-23 19:06:44
7016,7016,card,1388.66,2025-02-12 02:25:27
7017,7017,gift_card,924.21,2025-07-26 16:18:15
7018,7018,wallet,1172.30,2025-10-27 07:53:23
7019,7019,card,553.44,2025-12-12 22:23:05
7020,7020,card,1229.93,2025-10-01 13:08:32
7021,7021,gift_card,245.46,2025-11-19 13:47:51
7022,7022,cash,319.13,2025-02-05 18:54:17
7023,7023,\N,531.86,2025-10-14 01:30:07
7024,7024,gift_card,306.23,2025-06-14 11:52:15
7025,7025,card,132.66,2025-09-30 12:10:26
7026,7026,wallet,353.60,2025-09-28 06:18:26
7027,7027,card,817.26,2025-11-27 22:32:46
7028,7028,card,1168.75,2025-10-01 19:13:21
7029,7029,card,218.37,2025-07-28 17:15:44
7030,7030,gift_card,22.65,2025-11-09 06:13:21
7031,7031,wallet,85.82,2025-05-18 16:02:07
7032,7032,cash,1198.24,2025-01-16 22:37:49
7033,7033,card,341.19,2025-09-28 18:27:38
7034,7034,card,453.15,2025-03-17 16:05:11
7035,7035,\N,659.80,2025-07-27 22:40:01
7036,7036,\N,311.34,2025-10-16 12:05:29
7037,7037,gift_card,668.77,2025-11-03 20:18:30
7038,7038,\N,257.84,2025-03-30 01:54:15
7039,7039,\N,903.75,2025-10-31 23:50:38
7040,7040,card,374.71,2025-08-26 03:54:16
7041,7041,card,1773.85,2025-11-30 08:06:47
7042,7042,card,312.23,2025-04-21 06:16:24
7043,7043,cash,832.50,2025-12-02 10:44:16
7044,7044,card,124.85,2025-10-30 04:31:36
7045,7045,cash,412.98,2025-11-25 19:20:53
7046,7046,\N,384.32,2025-01-13 07:00:12
7047,7047,card,351.70,2025-12-04 06:28:09
7048,7048,\N,275.08,2025-04-27 13:43:03
7049,7049,card,459.80,2025-07-07 06:48:09
7050,7050,wallet,4.81,2025-11-26 16:17:25
7051,7051,cash,720.23,2025-08-14 17:33:18
7052,7052,cash,1092.59,2025-09-19 02:47:46
7053,7053,wallet,762.32,2025-10-08 23:52:29
7054,7054,cash,1053.57,2025-02-05 11:30:29
7055,7055,\N,168.90,2025-05-08 21:48:07
7056,7056,card,332.04,2025-05-06 11:08:10
7057,7057,card,711.24,2025-11-08 22:15:30
7058,7058,wallet,119.88,2025-06-24 12:56:10
7059,7059,wallet,255.26,2025-07-18 14:40:04
7060,7060,wallet,335.78,2025-04-15 14:05:45
7061,7061,\N,1175.80,2025-03-24 16:57:12
7062,7062,card,281.41,2025-09-03 08:24:28
7063,7063,\N,166.51,2025-07-21 15:25:48
7064,7064,card,300.79,2025-06-03 01:11:33
7065,7065,gift_card,99.37,2025-06-06 13:21:07
7066,7066,card,287.34,2025-08-10 00:14:24
7067,7067,card,700.01,2025-03-16 04:57:15
7068,7068,card,971.42,2025-07-11 23:12:09
7069,7069,gift_card,410.56,2025-01-02 07:07:31
7070,7070,\N,294.21,2025-01-29 16:43:45
7071,7071,\N,280.40,2025-09-14 22:40:56
7072,7072,\N,632.36,2025-06-24 00:53:56
7073,7073,gift_card,496.40,2025-10-24 14:31:47
7074,7074,wallet,427.55,2025-06-19 06:05:52
7075,7075,wallet,173.00,2025-07-07 05:28:03
7076,7076,card,842.44,2025-07-21 19:17:18
7077,7077,card,1010.38,2025-04-20 15:00:27
7078,7078,card,1165.38,2025-01-10 13:27:59
7079,7079,wallet,467.22,2025-12-29 11:06:15
7080,7080,wallet,789.13,2025-03-15 12:32:53
7081,7081,card,489.27,2025-06-24 18:41:45
7082,7082,gift_card,52.34,2025-07-05 23:03:24
7083,7083,cash,884.35,2025-08-23 11:13:46
7084,7084,cash,184.32,2025-03-07 04:23:02
7085,7085,\N,340.68,2025-01-17 22:50:49
7086,7086,cash,430.09,2025-07-04 00:16:48
7087,7087,\N,138.88,2025-04-28 17:34:32
7088,7088,gift_card,964.86,2025-08-26 18:01:42
7089,7089,gift_card,151.17,2025-08-15 08:59:12
7090,7090,wallet,681.80,2025-11-04 14:35:20
7091,7091,cash,889.29,2025-08-27 10:20:34
7092,7092,card,446.96,2025-09-12 02:13:49
7093,7093,wallet,362.42,2025-05-05 22:03:10
7094,7094,card,582.02,2025-07-06 18:36:30
7095,7095,gift_card,669.04,2025-04-17 13:18:03
7096,7096,card,838.95,2025-10-25 11:00:27
7097,7097,card,352.57,2025-01-10 01:49:09
7098,7098,card,103.24,2025-03-10 19:53:27
7099,7099,card,159.77,2025-02-15 18:31:51
7100,7100,gift_card,317.12,2025-08-08 06:45:49
7101,7101,cash,365.88,2025-04-04 02:41:45
7102,7102,card,1118.08,2025-11-06 21:44:08
7103,7103,wallet,892.19,2025-05-01 00:37:10
7104,7104,card,681.36,2025-10-12 18:34:20
7105,7105,wallet,136.45,2025-06-01 17:16:04
7106,7106,\N,311.18,2025-02-22 05:36:35
7107,7107,wallet,942.19,2025-09-18 04:30:24
7108,7108,wallet,436.02,2025-11-02 11:06:57
7109,7109,card,118.38,2025-06-05 09:05:07
7110,7110,card,306.96,2025-10-29 11:46:33
7111,7111,card,557.42,2025-06-15 01:12:38
7112,7112,\N,728.20,2025-11-10 06:51:09
7113,7113,\N,335.79,2025-04-18 13:23:53
7114,7114,gift_card,354.18,2025-09-06 02:07:38
7115,7115,card,55.04,2025-11-26 15:46:02
7116,7116,card,86.04,2025-08-23 07:14:03
7117,7117,cash,194.41,2025-12-02 21:42:21
7118,7118,\N,597.59,2025-01-28 16:34:20
7119,7119,wallet,556.43,2025-07-09 20:31:29
7120,7120,wallet,447.03,2025-09-18 02:48:26
7121,7121,cash,868.74,2025-09-03 06:42:28
7122,7122,gift_card,153.28,2025-01-13 01:44:25
7123,7123,wallet,498.28,2025-12-17 05:57:54
7124,7124,cash,744.02,2025-01-28 19:58:26
7125,7125,card,304.45,2025-05-10 04:37:57
7126,7126,cash,60.65,2025-07-07 12:43:59
7127,7127,gift_card,712.14,2025-05-07 14:25:53
7128,7128,card,207.33,2025-11-13 11:51:30
7129,7129,card,231.55,2025-06-11 20:20:57
7130,7130,wallet,530.96,2025-01-08 10:12:54
7131,7131,\N,673.04,2025-09-29 07:47:34
7132,7132,wallet,335.53,2025-08-06 09:27:47
7133,7133,gift_card,558.65,2025-04-21 23:06:01
7134,7134,card,531.28,2025-01-18 19:31:08
7135,7135,card,254.15,2025-06-16 21:13:25
7136,7136,card,236.26,2025-04-11 06:47:25
7137,7137,cash,137.54,2025-09-07 20:24:43
7138,7138,cash,335.21,2025-01-07 11:49:45
7139,7139,card,1129.16,2025-05-30 20:20:50
7140,7140,gift_card,1106.31,2025-10-30 08:10:36
7141,7141,card,724.98,2025-06-17 09:05:59
7142,7142,card,941.90,2025-01-13 09:40:09
7143,7143,card,339.88,2025-12-21 03:32:18
7144,7144,\N,523.46,2025-06-17 10:50:44
7145,7145,cash,191.56,2025-06-27 16:03:03
7146,7146,wallet,266.32,2025-04-11 19:56:48
7147,7147,wallet,288.74,2025-06-28 04:28:43
7148,7148,wallet,407.54,2025-09-07 12:19:53
7149,7149,\N,193.68,2025-02-19 22:00:16
7150,7150,wallet,821.77,2025-11-27 16:08:59
7151,7151,wallet,407.69,2025-01-22 03:39:24
7152,7152,gift_card,191.39,2025-06-16 19:28:35
7153,7153,wallet,274.88,2025-09-02 06:24:08
7154,7154,gift_card,168.51,2025-11-11 04:58:59
7155,7155,\N,670.26,2025-03-29 01:48:35
7156,7156,card,1923.35,2025-11-28 08:47:56
7157,7157,\N,197.73,2025-04-11 08:38:46
7158,7158,card,587.93,2025-06-19 00:23:22
7159,7159,gift_card,700.93,2025-05-09 07:31:24
7160,7160,\N,95.14,2025-08-25 03:57:39
7161,7161,card,203.72,2025-08-29 14:46:15
7162,7162,card,290.19,2025-10-22 20:34:36
7163,7163,card,5.31,2025-05-24 12:15:35
7164,7164,cash,288.80,2025-06-23 09:11:48
7165,7165,card,253.46,2025-11-18 22:18:44
7166,7166,gift_card,63.09,2025-06-15 23:13:01
7167,7167,card,234.58,2025-11-08 14:05:18
7168,7168,card,671.98,2025-03-17 07:41:40
7169,7169,card,1198.95,2025-08-28 15:01:57
7170,7170,card,580.40,2025-04-26 02:55:43
7171,7171,\N,366.90,2025-07-20 06:04:12
7172,7172,card,860.92,2025-05-23 00:33:15
7173,7173,wallet,271.69,2025-11-26 18:28:38
7174,7174,cash,746.79,2025-04-11 19:15:52
7175,7175,wallet,368.52,2025-06-11 17:56:47
7176,7176,\N,114.09,2025-03-23 15:37:19
7177,7177,\N,824.33,2025-10-10 11:41:14
7178,7178,cash,1266.22,2025-11-08 10:21:47
7179,7179,card,206.43,2025-10-31 12:19:38
7180,7180,cash,344.28,2025-07-23 10:59:13
7181,7181,\N,1589.28,2025-02-02 19:40:12
7182,7182,card,625.82,2025-06-28 10:27:07
7183,7183,card,912.68,2025-08-26 05:03:49
7184,7184,card,214.64,2025-03-10 21:51:35
7185,7185,wallet,182.11,2025-11-01 06:17:17
7186,7186,cash,509.37,2025-12-02 15:48:10
7187,7187,card,54.27,2025-08-06 08:21:23
7188,7188,\N,482.86,2025-12-25 17:31:06
7189,7189,\N,103.42,2025-05-02 06:02:25
7190,7190,card,1258.83,2025-03-24 06:50:34
7191,7191,wallet,474.41,2025-09-11 02:55:11
7192,7192,card,257.84,2025-04-27 13:00:24
7193,7193,card,388.71,2025-03-10 23:55:34
7194,7194,wallet,444.58,2025-05-02 08:20:47
7195,7195,gift_card,302.90,2025-04-21 15:34:41
7196,7196,\N,702.07,2025-01-04 09:14:56
7197,7197,cash,158.27,2025-02-03 20:37:08
7198,7198,gift_card,628.45,2025-06-03 05:58:45
7199,7199,card,279.35,2025-02-17 20:51:56
7200,7200,card,1500.93,2025-09-16 08:43:33
7201,7201,\N,872.18,2025-12-28 00:34:23
7202,7202,card,255.26,2025-12-26 07:30:38
7203,7203,card,102.55,2025-08-25 13:35:05
7204,7204,gift_card,379.20,2025-04-23 10:16:46
7205,7205,cash,943.26,2025-03-19 07:11:31
7206,7206,card,70.03,2025-01-27 12:03:56
7207,7207,card,610.96,2025-10-19 00:46:36
7208,7208,card,531.72,2025-07-09 09:45:25
7209,7209,cash,425.53,2025-02-05 03:14:43
7210,7210,cash,96.70,2025-12-24 18:08:27
7211,7211,card,1203.70,2025-03-01 21:57:20
7212,7212,card,706.89,2025-11-25 10:36:04
7213,7213,wallet,886.20,2025-08-23 22:51:55
7214,7214,card,147.72,2025-07-09 21:17:17
7215,7215,cash,341.58,2025-08-17 04:57:20
7216,7216,gift_card,821.88,2025-09-16 13:40:19
7217,7217,wallet,41.58,2025-01-23 04:36:01
7218,7218,wallet,85.15,2025-06-17 12:58:51
7219,7219,card,449.68,2025-11-21 04:32:09
7220,7220,\N,1033.97,2025-07-20 14:59:55
7221,7221,\N,371.63,2025-09-05 19:25:41
7222,7222,gift_card,1180.13,2025-01-21 05:13:02
7223,7223,gift_card,594.94,2025-07-26 23:58:22
7224,7224,wallet,211.77,2025-06-19 13:51:34
7225,7225,card,38.35,2025-01-15 06:27:20
7226,7226,card,1319.92,2025-06-02 02:58:15
7227,7227,card,368.84,2025-04-13 22:38:46
7228,7228,gift_card,507.75,2025-05-09 05:22:22
7229,7229,\N,671.60,2025-06-07 09:33:02
7230,7230,card,578.21,2025-03-17 18:24:15
7231,7231,card,370.77,2025-03-15 18:34:38
7232,7232,card,652.46,2025-02-21 07:33:18
7233,7233,card,583.44,2025-08-10 11:19:42
7234,7234,card,600.70,2025-10-07 07:04:21
7235,7235,card,173.56,2025-07-23 17:12:36
7236,7236,cash,254.09,2025-07-18 11:46:39
7237,7237,\N,667.44,2025-10-02 06:12:40
7238,7238,cash,577.07,2025-11-06 07:24:27
7239,7239,card,1022.12,2025-08-11 18:56:41
7240,7240,card,546.42,2025-08-07 01:43:44
7241,7241,wallet,54.87,2025-04-28 04:37:08
7242,7242,gift_card,9.74,2025-05-06 03:12:08
7243,7243,gift_card,467.60,2025-08-26 11:13:38
7244,7244,card,42.13,2025-09-17 02:26:10
7245,7245,card,1018.20,2025-06-12 00:08:32
7246,7246,\N,800.36,2025-11-06 00:17:15
7247,7247,card,46.35,2025-02-16 09:05:19
7248,7248,cash,490.73,2025-04-17 15:10:23
7249,7249,card,17.82,2025-10-23 07:49:33
7250,7250,cash,1127.55,2025-05-16 00:40:08
7251,7251,\N,528.98,2025-03-02 09:39:56
7252,7252,card,699.28,2025-04-05 21:38:28
7253,7253,cash,111.43,2025-08-18 13:03:25
7254,7254,card,100.45,2025-11-24 16:21:20
7255,7255,\N,1066.95,2025-12-26 22:56:26
7256,7256,wallet,460.23,2025-07-17 14:48:02
7257,7257,\N,282.79,2025-03-13 21:36:18
7258,7258,\N,272.31,2025-08-07 01:20:45
7259,7259,card,919.81,2025-10-28 10:52:01
7260,7260,card,898.77,2025-01-19 19:42:08
7261,7261,card,128.68,2025-11-09 15:12:45
7262,7262,card,172.81,2025-07-14 02:07:31
7263,7263,card,109.34,2025-11-28 23:03:07
7264,7264,cash,300.55,2025-07-22 03:24:34
7265,7265,wallet,338.13,2025-01-19 00:23:08
7266,7266,card,173.42,2025-06-08 18:26:38
7267,7267,card,1300.10,2025-10-07 06:57:34
7268,7268,card,1346.86,2025-09-14 19:21:22
7269,7269,card,7.93,2025-03-25 13:34:58
7270,7270,card,709.14,2025-07-30 11:07:09
7271,7271,card,299.66,2025-12-25 19:45:46
7272,7272,cash,1736.47,2025-06-22 15:37:59
7273,7273,gift_card,184.52,2025-03-25 03:00:33
7274,7274,card,333.31,2025-07-01 17:53:31
7275,7275,gift_card,467.68,2025-04-17 19:27:01
7276,7276,\N,342.50,2025-02-10 15:15:11
7277,7277,card,987.95,2025-12-15 10:42:46
7278,7278,card,312.13,2025-02-14 14:28:30
7279,7279,card,635.82,2025-01-20 18:48:12
7280,7280,card,127.26,2025-10-23 09:08:58
7281,7281,gift_card,194.73,2025-06-19 11:13:28
7282,7282,card,1147.58,2025-01-07 15:26:25
7283,7283,\N,642.68,2025-12-18 18:36:01
7284,7284,wallet,1272.45,2025-01-02 11:54:01
7285,7285,card,154.07,2025-08-09 19:16:00
7286,7286,gift_card,488.25,2025-05-19 02:13:14
7287,7287,cash,1378.92,2025-08-13 11:56:21
7288,7288,\N,257.94,2025-01-29 04:06:15
7289,7289,card,301.95,2025-02-05 04:58:09
7290,7290,cash,585.33,2025-07-30 06:21:04
7291,7291,card,303.49,2025-10-23 17:36:03
7292,7292,card,1197.30,2025-11-11 09:42:55
7293,7293,cash,1152.75,2025-10-02 12:52:18
7294,7294,card,447.68,2025-06-21 05:27:48
7295,7295,cash,187.49,2025-06-25 04:28:55
7296,7296,wallet,76.93,2025-05-14 20:32:05
7297,7297,card,141.28,2025-05-25 18:51:51
7298,7298,wallet,1106.74,2025-09-17 02:19:20
7299,7299,\N,1057.83,2025-03-23 15:10:47
7300,7300,\N,880.31,2025-09-19 22:57:31
7301,7301,card,435.39,2025-09-13 08:28:38
7302,7302,card,1573.47,2025-05-29 19:20:32
7303,7303,wallet,1477.76,2025-10-07 02:17:20
7304,7304,cash,168.32,2025-05-24 13:29:35
7305,7305,\N,930.27,2025-11-05 04:27:31
7306,7306,gift_card,385.31,2025-02-16 09:53:21
7307,7307,wallet,416.37,2025-10-12 18:02:58
7308,7308,cash,964.19,2025-07-11 20:39:14
7309,7309,wallet,264.63,2025-10-20 08:48:11
7310,7310,gift_card,199.47,2025-03-04 20:08:47
7311,7311,wallet,308.33,2025-10-02 12:16:08
7312,7312,cash,1221.82,2025-02-17 22:57:40
7313,7313,card,82.10,2025-12-22 04:34:31
7314,7314,gift_card,399.56,2025-02-27 09:28:04
7315,7315,card,419.50,2025-09-01 04:29:26
7316,7316,\N,182.03,2025-07-11 19:29:41
7317,7317,cash,942.06,2025-03-14 00:18:58
7318,7318,\N,9.74,2025-12-19 06:08:15
7319,7319,gift_card,310.51,2025-01-15 00:42:13
7320,7320,\N,441.56,2025-02-20 12:05:44
7321,7321,card,1297.39,2025-03-17 17:33:39
7322,7322,card,1190.07,2025-04-16 16:58:21
7323,7323,card,424.30,2025-02-20 16:59:52
7324,7324,wallet,293.94,2025-01-15 03:13:07
7325,7325,wallet,282.43,2025-08-13 21:54:27
7326,7326,wallet,271.25,2025-01-25 05:04:08
7327,7327,\N,918.60,2025-12-08 01:33:11
7328,7328,card,450.58,2025-04-15 05:52:21
7329,7329,gift_card,608.84,2025-12-31 06:54:00
7330,7330,gift_card,680.29,2025-06-19 14:15:41
7331,7331,\N,657.00,2025-03-07 19:31:06
7332,7332,cash,248.43,2025-11-05 03:56:50
7333,7333,gift_card,398.50,2025-04-30 21:27:21
7334,7334,gift_card,710.16,2025-06-07 07:06:35
7335,7335,card,1161.45,2025-08-24 06:04:58
7336,7336,card,45.69,2025-10-07 03:27:30
7337,7337,cash,285.92,2025-03-30 03:27:59
7338,7338,card,518.72,2025-07-04 01:37:04
7339,7339,wallet,545.78,2025-10-12 02:21:03
7340,7340,card,362.63,2025-01-23 12:52:55
7341,7341,card,259.53,2025-04-14 08:54:10
7342,7342,card,425.51,2025-02-10 19:11:35
7343,7343,gift_card,1164.30,2025-03-10 15:18:42
7344,7344,card,484.63,2025-11-15 02:14:19
7345,7345,gift_card,171.14,2025-08-02 16:27:51
7346,7346,card,195.33,2025-01-10 17:40:36
7347,7347,wallet,546.87,2025-09-29 12:31:40
7348,7348,\N,1526.35,2025-11-05 00:35:23
7349,7349,cash,527.16,2025-05-13 08:06:59
7350,7350,gift_card,664.56,2025-02-14 15:32:29
7351,7351,card,793.51,2025-05-18 18:09:09
7352,7352,card,203.57,2025-01-07 08:09:14
7353,7353,cash,705.07,2025-03-08 16:46:42
7354,7354,wallet,315.10,2025-12-28 06:36:45
7355,7355,card,129.00,2025-10-11 12:09:51
7356,7356,cash,1285.37,2025-05-26 06:22:53
7357,7357,card,1193.69,2025-08-04 09:38:59
7358,7358,gift_card,1278.17,2025-08-05 02:21:51
7359,7359,cash,855.65,2025-04-14 18:45:55
7360,7360,card,92.54,2025-09-19 14:44:10
7361,7361,cash,611.13,2025-05-24 07:13:28
7362,7362,wallet,89.28,2025-01-21 19:41:36
7363,7363,card,339.72,2025-03-12 23:48:37
7364,7364,\N,289.58,2025-11-24 03:03:38
7365,7365,gift_card,535.27,2025-12-25 12:02:27
7366,7366,card,1156.13,2025-09-18 16:59:24
7367,7367,\N,148.46,2025-12-08 21:53:02
7368,7368,wallet,889.46,2025-11-26 17:47:44
7369,7369,cash,421.73,2025-06-30 10:41:39
7370,7370,cash,346.62,2025-07-09 00:31:27
7371,7371,gift_card,23.03,2025-09-07 03:17:27
7372,7372,gift_card,1342.07,2025-05-13 01:28:25
7373,7373,card,960.94,2025-09-23 03:01:34
7374,7374,card,324.31,2025-05-03 21:02:42
7375,7375,card,780.00,2025-06-01 09:12:01
7376,7376,wallet,956.62,2025-10-26 11:03:52
7377,7377,card,125.63,2025-10-29 16:44:39
7378,7378,card,265.87,2025-08-07 20:15:48
7379,7379,card,94.18,2025-01-02 07:40:41
7380,7380,card,785.08,2025-05-02 13:06:52
7381,7381,card,393.58,2025-11-11 20:15:50
7382,7382,cash,22.88,2025-10-17 04:40:11
7383,7383,card,576.83,2025-03-08 04:32:38
7384,7384,gift_card,430.29,2025-06-12 21:28:07
7385,7385,cash,208.24,2025-02-25 18:11:32
7386,7386,cash,509.05,2025-07-17 22:13:03
7387,7387,card,730.59,2025-12-12 15:02:19
7388,7388,card,236.69,2025-10-11 17:28:16
7389,7389,\N,257.42,2025-08-06 21:27:22
7390,7390,card,1554.64,2025-11-10 19:44:47
7391,7391,card,450.66,2025-11-03 10:21:50
7392,7392,card,992.74,2025-06-06 21:29:35
7393,7393,card,257.84,2025-06-29 01:42:58
7394,7394,card,79.49,2025-08-09 08:26:35
7395,7395,gift_card,536.40,2025-06-20 17:26:18
7396,7396,card,252.08,2025-07-11 07:22:26
7397,7397,card,323.67,2025-04-26 07:30:27
7398,7398,gift_card,181.85,2025-04-04 20:00:01
7399,7399,cash,400.65,2025-11-03 05:47:22
7400,7400,card,258.70,2025-11-14 12:38:17
7401,7401,wallet,712.40,2025-01-22 17:43:23
7402,7402,card,298.87,2025-05-10 08:23:02
7403,7403,card,193.87,2025-10-02 19:03:25
7404,7404,wallet,879.40,2025-08-21 12:50:30
7405,7405,\N,849.22,2025-07-14 15:09:03
7406,7406,wallet,2233.31,2025-04-21 13:42:55
7407,7407,\N,485.55,2025-10-07 04:01:53
7408,7408,\N,225.10,2025-06-27 03:19:20
7409,7409,card,51.89,2025-11-03 12:56:37
7410,7410,\N,88.94,2025-07-14 01:38:36
7411,7411,card,643.46,2025-10-11 02:14:28
7412,7412,gift_card,243.12,2025-10-02 02:06:50
7413,7413,card,97.20,2025-08-12 15:00:17
7414,7414,cash,815.62,2025-05-20 18:40:34
7415,7415,card,1158.54,2025-02-21 09:07:57
7416,7416,card,346.93,2025-08-01 05:47:01
7417,7417,gift_card,94.53,2025-09-13 16:55:00
7418,7418,card,846.30,2025-02-26 21:29:10
7419,7419,\N,728.55,2025-01-21 18:45:06
7420,7420,card,1359.55,2025-08-16 05:23:50
7421,7421,\N,578.48,2025-04-04 04:18:05
7422,7422,wallet,282.76,2025-03-08 04:28:16
7423,7423,card,179.79,2025-09-24 06:31:30
7424,7424,gift_card,408.28,2025-02-19 22:42:06
7425,7425,cash,375.93,2025-03-01 13:21:38
7426,7426,card,306.58,2025-12-11 11:27:48
7427,7427,card,747.88,2025-09-16 22:19:06
7428,7428,card,258.65,2025-04-28 00:58:19
7429,7429,card,348.78,2025-02-27 22:54:16
7430,7430,cash,772.41,2025-12-18 06:43:28
7431,7431,wallet,520.90,2025-04-02 14:55:27
7432,7432,gift_card,621.41,2025-05-13 14:48:11
7433,7433,\N,1116.92,2025-01-01 05:14:02
7434,7434,\N,957.14,2025-07-15 03:15:36
7435,7435,\N,635.67,2025-10-01 01:07:36
7436,7436,card,642.28,2025-07-08 23:14:19
7437,7437,cash,26.60,2025-10-24 19:16:56
7438,7438,cash,172.14,2025-11-06 12:17:45
7439,7439,card,195.59,2025-10-12 20:30:46
7440,7440,wallet,780.53,2025-01-12 20:30:08
7441,7441,cash,1489.61,2025-10-28 03:17:44
7442,7442,gift_card,125.71,2025-04-12 11:26:53
7443,7443,cash,55.47,2025-12-12 09:01:57
7444,7444,card,422.09,2025-10-14 18:19:52
7445,7445,cash,25.77,2025-01-02 14:46:15
7446,7446,gift_card,497.42,2025-04-24 20:11:32
7447,7447,gift_card,22.00,2025-10-13 16:10:07
7448,7448,gift_card,883.74,2025-07-02 18:02:14
7449,7449,card,1634.33,2025-07-31 03:26:59
7450,7450,card,720.93,2025-11-23 03:16:13
7451,7451,card,704.22,2025-10-04 21:38:10
7452,7452,card,211.88,2025-07-05 07:56:28
7453,7453,card,296.10,2025-01-01 22:24:08
7454,7454,wallet,628.24,2025-02-22 13:41:23
7455,7455,wallet,82.14,2025-04-10 04:40:54
7456,7456,card,165.47,2025-02-09 06:57:13
7457,7457,card,749.53,2025-07-13 11:38:56
7458,7458,cash,824.81,2025-12-10 03:58:02
7459,7459,card,1209.09,2025-06-10 04:07:44
7460,7460,\N,575.61,2025-03-17 18:16:07
7461,7461,gift_card,319.78,2025-06-14 05:45:02
7462,7462,card,378.19,2025-09-30 19:22:06
7463,7463,\N,1156.01,2025-08-08 17:16:55
7464,7464,card,131.33,2025-08-09 11:53:15
7465,7465,cash,1149.24,2025-08-01 13:35:29
7466,7466,card,1072.48,2025-08-09 09:02:04
7467,7467,cash,101.04,2025-02-19 11:09:01
7468,7468,gift_card,310.94,2025-08-16 21:27:27
7469,7469,cash,394.44,2025-10-09 20:21:43
7470,7470,card,142.72,2025-10-29 21:33:46
7471,7471,gift_card,302.77,2025-03-02 19:46:38
7472,7472,card,435.59,2025-05-30 17:33:15
7473,7473,cash,388.25,2025-07-11 18:03:39
7474,7474,cash,1528.27,2025-02-03 21:39:15
7475,7475,wallet,255.04,2025-07-10 12:27:11
7476,7476,cash,689.36,2025-06-29 05:13:45
7477,7477,gift_card,1084.08,2025-08-20 17:17:30
7478,7478,card,821.78,2025-03-06 14:32:47
7479,7479,gift_card,829.92,2025-01-27 00:22:26
7480,7480,\N,655.75,2025-06-30 05:20:23
7481,7481,wallet,659.90,2025-03-18 09:39:21
7482,7482,card,632.97,2025-07-13 06:33:45
7483,7483,wallet,187.53,2025-04-10 01:40:17
7484,7484,gift_card,104.46,2025-12-18 01:38:53
7485,7485,card,305.46,2025-11-16 03:09:55
7486,7486,card,1248.55,2025-12-17 11:40:24
7487,7487,card,64.80,2025-08-01 21:19:10
7488,7488,wallet,1215.64,2025-09-13 15:24:20
7489,7489,\N,310.66,2025-02-10 07:40:32
7490,7490,\N,570.54,2025-05-18 11:06:16
7491,7491,card,366.16,2025-12-15 01:54:40
7492,7492,gift_card,544.32,2025-08-07 12:30:28
7493,7493,card,240.57,2025-08-23 07:56:07
7494,7494,gift_card,160.53,2025-08-28 21:22:00
7495,7495,gift_card,868.71,2025-02-12 08:43:52
7496,7496,\N,818.81,2025-10-04 07:26:29
7497,7497,cash,1297.54,2025-02-17 09:06:05
7498,7498,gift_card,201.90,2025-10-14 01:10:01
7499,7499,gift_card,430.77,2025-12-09 11:59:37
7500,7500,card,225.68,2025-01-09 16:44:43
7501,7501,card,935.01,2025-09-10 02:47:31
7502,7502,\N,1523.96,2025-04-28 12:15:15
7503,7503,card,966.81,2025-08-12 00:58:20
7504,7504,card,1261.87,2025-02-05 02:54:11
7505,7505,cash,301.72,2025-12-04 10:48:32
7506,7506,cash,1250.14,2025-05-13 22:39:24
7507,7507,\N,327.08,2025-02-04 15:08:56
7508,7508,\N,1381.85,2025-05-26 04:10:09
7509,7509,card,312.27,2025-11-02 02:35:37
7510,7510,card,678.80,2025-11-04 09:54:37
7511,7511,wallet,127.52,2025-11-24 10:13:53
7512,7512,card,280.15,2025-12-23 03:51:07
7513,7513,gift_card,9.52,2025-02-20 08:30:07
7514,7514,card,318.33,2025-12-04 18:44:59
7515,7515,card,797.02,2025-05-25 20:46:01
7516,7516,card,887.30,2025-11-22 20:04:15
7517,7517,card,942.96,2025-10-02 13:48:29
7518,7518,cash,108.73,2025-11-13 16:39:49
7519,7519,\N,190.83,2025-07-17 14:10:46
7520,7520,wallet,403.07,2025-08-17 00:35:35
7521,7521,\N,301.24,2025-01-21 18:28:31
7522,7522,card,1346.87,2025-01-11 02:01:47
7523,7523,gift_card,677.17,2025-03-29 20:45:22
7524,7524,gift_card,515.90,2025-04-30 20:18:31
7525,7525,card,258.17,2025-11-13 06:26:18
7526,7526,card,219.40,2025-12-13 23:43:43
7527,7527,cash,248.28,2025-08-16 23:49:59
7528,7528,wallet,351.70,2025-03-17 16:43:59
7529,7529,wallet,1588.85,2025-10-11 01:02:12
7530,7530,card,293.48,2025-07-15 19:04:03
7531,7531,gift_card,139.51,2025-04-17 11:41:46
7532,7532,card,333.72,2025-02-16 14:09:09
7533,7533,card,148.05,2025-11-09 17:02:41
7534,7534,\N,764.27,2025-11-23 10:47:56
7535,7535,wallet,910.10,2025-11-07 17:06:32
7536,7536,cash,159.56,2025-08-28 22:03:22
7537,7537,cash,1029.84,2025-04-13 21:00:43
7538,7538,card,285.45,2025-10-01 13:46:34
7539,7539,cash,914.44,2025-04-20 06:01:52
7540,7540,\N,273.02,2025-11-03 02:09:04
7541,7541,card,67.56,2025-03-22 15:59:46
7542,7542,gift_card,364.11,2025-04-26 00:16:34
7543,7543,card,524.04,2025-06-13 03:57:57
7544,7544,card,602.85,2025-04-20 08:30:33
7545,7545,cash,308.10,2025-12-15 12:20:02
7546,7546,card,603.82,2025-05-05 04:43:23
7547,7547,card,909.75,2025-12-17 21:06:11
7548,7548,card,330.84,2025-02-12 06:05:32
7549,7549,wallet,1105.09,2025-12-11 15:41:27
7550,7550,cash,61.51,2025-04-28 20:49:19
7551,7551,card,16.33,2025-05-15 19:22:12
7552,7552,card,922.42,2025-03-11 11:54:33
7553,7553,card,1898.80,2025-05-13 10:36:07
7554,7554,card,448.54,2025-06-20 00:05:09
7555,7555,cash,751.97,2025-04-03 21:39:21
7556,7556,card,580.24,2025-07-30 17:39:47
7557,7557,cash,121.95,2025-04-06 14:00:22
7558,7558,card,492.50,2025-10-08 00:46:25
7559,7559,gift_card,914.34,2025-01-16 16:44:24
7560,7560,card,199.19,2025-12-14 20:24:55
7561,7561,\N,586.14,2025-05-15 16:42:19
7562,7562,gift_card,787.85,2025-11-07 04:20:49
7563,7563,wallet,507.04,2025-07-26 18:01:42
7564,7564,card,229.27,2025-07-08 13:39:46
7565,7565,card,339.88,2025-11-25 08:24:16
7566,7566,card,867.29,2025-09-07 00:27:07
7567,7567,wallet,55.90,2025-01-28 11:58:38
7568,7568,gift_card,2075.72,2025-12-21 21:31:55
7569,7569,gift_card,258.65,2025-03-10 06:16:02
7570,7570,wallet,285.74,2025-11-13 00:30:20
7571,7571,card,435.12,2025-11-21 01:24:31
7572,7572,card,549.76,2025-01-31 10:58:52
7573,7573,card,230.53,2025-05-30 04:09:22
7574,7574,gift_card,953.34,2025-09-08 19:03:57
7575,7575,\N,218.71,2025-11-05 15:35:41
7576,7576,\N,835.45,2025-03-08 17:26:51
7577,7577,\N,442.26,2025-05-29 01:30:02
7578,7578,card,477.80,2025-06-20 20:50:31
7579,7579,wallet,177.41,2025-06-09 17:17:04
7580,7580,card,1169.85,2025-05-09 21:06:37
7581,7581,wallet,701.68,2025-01-03 14:45:56
7582,7582,card,303.20,2025-01-23 16:12:07
7583,7583,wallet,983.80,2025-05-27 03:58:45
7584,7584,gift_card,186.67,2025-09-13 12:37:00
7585,7585,gift_card,523.28,2025-09-28 12:11:48
7586,7586,gift_card,869.67,2025-11-06 18:23:37
7587,7587,gift_card,276.17,2025-06-02 14:55:17
7588,7588,card,94.98,2025-03-11 14:20:59
7589,7589,cash,101.71,2025-09-09 14:47:54
7590,7590,card,407.64,2025-10-03 10:34:10
7591,7591,cash,324.18,2025-08-28 20:22:33
7592,7592,card,123.81,2025-10-21 06:15:57
7593,7593,\N,142.53,2025-02-16 00:43:16
7594,7594,card,45.60,2025-08-20 07:30:56
7595,7595,gift_card,518.29,2025-05-08 03:26:27
7596,7596,cash,442.64,2025-05-02 16:15:49
7597,7597,\N,409.87,2025-11-12 07:23:21
7598,7598,\N,1503.73,2025-06-13 21:24:18
7599,7599,card,1968.34,2025-03-30 10:44:19
7600,7600,cash,583.79,2025-08-21 04:13:55
7601,7601,\N,1486.72,2025-09-23 19:07:36
7602,7602,\N,128.22,2025-08-02 07:43:37
7603,7603,gift_card,296.73,2025-07-14 06:33:18
7604,7604,card,114.10,2025-08-15 08:47:25
7605,7605,cash,179.80,2025-11-13 09:18:33
7606,7606,card,436.69,2025-06-29 09:28:16
7607,7607,gift_card,211.12,2025-09-19 23:25:32
7608,7608,\N,1249.06,2025-03-02 23:20:34
7609,7609,wallet,217.41,2025-08-01 12:54:11
7610,7610,cash,280.79,2025-05-13 06:35:37
7611,7611,wallet,40.16,2025-03-24 14:32:46
7612,7612,\N,152.83,2025-06-26 01:00:44
7613,7613,card,398.18,2025-05-11 02:03:20
7614,7614,\N,1714.66,2025-09-05 21:56:01
7615,7615,\N,240.27,2025-04-15 20:33:19
7616,7616,\N,373.90,2025-11-20 03:31:30
7617,7617,card,485.08,2025-03-06 12:22:37
7618,7618,\N,1147.76,2025-12-12 11:46:36
7619,7619,\N,170.86,2025-11-12 13:06:15
7620,7620,\N,592.70,2025-03-31 02:21:19
7621,7621,gift_card,541.59,2025-05-01 11:57:37
7622,7622,wallet,219.30,2025-02-03 20:34:15
7623,7623,cash,318.28,2025-02-24 05:38:48
7624,7624,wallet,1223.59,2025-09-16 12:20:58
7625,7625,card,1459.52,2025-09-24 15:03:58
7626,7626,card,779.97,2025-05-05 14:56:20
7627,7627,cash,344.52,2025-03-19 00:07:01
7628,7628,gift_card,346.78,2025-07-24 01:30:51
7629,7629,card,1436.78,2025-04-15 20:48:11
7630,7630,card,101.50,2025-02-07 22:13:23
7631,7631,wallet,524.81,2025-01-14 21:35:21
7632,7632,gift_card,649.42,2025-05-29 09:55:16
7633,7633,gift_card,749.79,2025-03-17 02:54:50
7634,7634,card,107.09,2025-11-20 04:38:55
7635,7635,card,1160.35,2025-01-18 01:35:13
7636,7636,card,442.07,2025-04-01 14:44:33
7637,7637,card,114.77,2025-10-17 15:34:01
7638,7638,wallet,388.60,2025-11-03 19:37:00
7639,7639,wallet,457.08,2025-11-18 01:18:57
7640,7640,card,568.27,2025-07-26 06:49:30
7641,7641,wallet,58.05,2025-08-21 23:25:08
7642,7642,cash,1166.45,2025-07-14 23:50:35
7643,7643,gift_card,260.88,2025-08-04 07:34:34
7644,7644,gift_card,337.08,2025-08-13 06:28:01
7645,7645,cash,177.60,2025-12-13 23:59:17
7646,7646,card,316.90,2025-09-15 10:36:43
7647,7647,\N,1164.43,2025-01-15 07:57:46
7648,7648,card,356.46,2025-09-30 22:22:06
7649,7649,cash,30.92,2025-05-14 01:58:16
7650,7650,card,56.12,2025-10-16 17:44:56
7651,7651,wallet,650.29,2025-09-07 10:00:03
7652,7652,card,2010.54,2025-09-17 20:12:44
7653,7653,\N,310.89,2025-05-31 05:20:19
7654,7654,card,1020.57,2025-02-11 09:46:51
7655,7655,cash,328.74,2025-10-12 06:51:37
7656,7656,gift_card,883.70,2025-06-17 11:37:11
7657,7657,card,300.40,2025-08-06 22:42:53
7658,7658,card,923.97,2025-09-28 10:11:04
7659,7659,card,601.78,2025-02-22 13:03:42
7660,7660,wallet,125.26,2025-08-08 20:46:03
7661,7661,\N,374.19,2025-02-03 01:34:46
7662,7662,card,634.64,2025-11-20 07:10:10
7663,7663,card,299.97,2025-10-14 13:39:24
7664,7664,card,644.90,2025-12-10 08:01:24
7665,7665,card,260.94,2025-06-07 15:30:35
7666,7666,card,790.72,2025-06-02 00:09:56
7667,7667,card,985.88,2025-04-15 02:30:08
7668,7668,wallet,557.59,2025-01-16 23:18:38
7669,7669,\N,480.90,2025-04-30 23:15:09
7670,7670,card,241.43,2025-10-06 02:50:54
7671,7671,card,728.03,2025-08-05 04:37:14
7672,7672,wallet,866.24,2025-05-22 03:50:59
7673,7673,wallet,382.85,2025-06-18 19:20:18
7674,7674,cash,570.35,2025-12-21 18:30:32
7675,7675,gift_card,185.61,2025-11-12 18:59:46
7676,7676,card,482.39,2025-01-09 17:52:24
7677,7677,\N,87.08,2025-03-19 02:54:30
7678,7678,card,991.00,2025-08-25 03:28:49
7679,7679,card,325.23,2025-03-31 22:52:38
7680,7680,wallet,14.74,2025-01-25 10:38:17
7681,7681,wallet,720.81,2025-01-04 11:09:10
7682,7682,card,267.66,2025-01-09 19:32:58
7683,7683,gift_card,645.00,2025-09-09 02:20:29
7684,7684,card,507.51,2025-04-30 03:56:41
7685,7685,card,1074.38,2025-03-30 11:48:37
7686,7686,card,916.51,2025-10-09 07:21:57
7687,7687,card,302.16,2025-05-08 05:43:28
7688,7688,wallet,485.93,2025-04-15 16:12:38
7689,7689,cash,327.09,2025-06-08 01:13:14
7690,7690,cash,250.06,2025-05-11 01:25:17
7691,7691,card,1811.60,2025-10-22 01:16:34
7692,7692,wallet,1093.79,2025-12-20 06:59:09
7693,7693,card,860.43,2025-02-01 08:22:30
7694,7694,\N,282.08,2025-11-05 08:53:45
7695,7695,gift_card,1084.50,2025-01-30 21:21:50
7696,7696,card,1145.91,2025-10-08 00:18:49
7697,7697,card,68.50,2025-11-01 15:25:12
7698,7698,wallet,948.23,2025-10-13 07:16:30
7699,7699,cash,291.42,2025-06-10 05:04:04
7700,7700,wallet,2173.43,2025-11-29 08:53:38
7701,7701,cash,285.39,2025-07-19 13:26:46
7702,7702,\N,917.24,2025-08-18 08:40:34
7703,7703,cash,320.57,2025-03-19 18:16:30
7704,7704,cash,295.81,2025-06-21 03:31:03
7705,7705,gift_card,663.07,2025-05-18 11:33:39
7706,7706,gift_card,574.26,2025-06-01 01:05:10
7707,7707,card,300.98,2025-03-06 04:42:19
7708,7708,gift_card,584.27,2025-02-08 11:52:19
7709,7709,gift_card,1134.47,2025-12-31 01:02:57
7710,7710,gift_card,900.43,2025-03-07 18:58:06
7711,7711,card,615.19,2025-10-23 20:02:21
7712,7712,card,1014.96,2025-07-02 00:12:41
7713,7713,card,501.87,2025-06-06 07:52:10
7714,7714,\N,176.79,2025-05-08 08:26:56
7715,7715,card,534.44,2025-12-20 06:37:58
7716,7716,gift_card,374.56,2025-10-31 10:51:47
7717,7717,cash,333.07,2025-09-27 13:42:02
7718,7718,wallet,346.29,2025-05-02 06:35:40
7719,7719,cash,53.68,2025-09-07 11:34:32
7720,7720,gift_card,129.06,2025-11-20 05:37:10
7721,7721,gift_card,287.42,2025-06-18 06:43:18
7722,7722,wallet,648.80,2025-11-01 19:45:38
7723,7723,wallet,1012.12,2025-07-10 09:12:00
7724,7724,\N,1137.15,2025-02-08 22:06:41
7725,7725,\N,1466.69,2025-04-25 14:32:13
7726,7726,gift_card,1555.55,2025-01-20 13:07:18
7727,7727,card,295.96,2025-05-06 05:48:00
7728,7728,card,174.65,2025-10-13 11:20:36
7729,7729,gift_card,514.03,2025-10-29 02:28:50
7730,7730,card,55.96,2025-12-18 00:05:12
7731,7731,card,56.72,2025-06-02 21:34:17
7732,7732,wallet,345.99,2025-06-01 14:29:14
7733,7733,card,1111.23,2025-03-02 06:24:47
7734,7734,wallet,84.78,2025-08-04 04:25:02
7735,7735,card,129.52,2025-04-21 11:45:03
7736,7736,gift_card,241.25,2025-03-28 11:15:01
7737,7737,wallet,57.42,2025-07-30 05:40:14
7738,7738,card,150.50,2025-11-18 17:28:25
7739,7739,cash,126.92,2025-01-23 19:06:36
7740,7740,\N,349.04,2025-06-06 23:46:22
7741,7741,card,153.89,2025-06-19 03:30:51
7742,7742,gift_card,390.52,2025-09-28 08:14:02
7743,7743,\N,324.46,2025-02-12 01:47:56
7744,7744,wallet,291.57,2025-05-10 17:58:27
7745,7745,card,393.15,2025-06-22 00:09:22
7746,7746,gift_card,395.94,2025-12-17 02:02:59
7747,7747,card,656.00,2025-11-07 06:57:25
7748,7748,cash,174.84,2025-04-09 17:49:44
7749,7749,cash,297.15,2025-01-14 12:12:33
7750,7750,\N,367.91,2025-01-24 20:37:18
7751,7751,gift_card,495.21,2025-12-27 05:30:59
7752,7752,\N,1392.63,2025-06-21 23:42:30
7753,7753,card,189.05,2025-02-28 23:56:07
7754,7754,\N,312.46,2025-08-17 05:07:35
7755,7755,wallet,117.01,2025-07-31 16:00:47
7756,7756,\N,122.58,2025-12-17 12:27:06
7757,7757,card,585.06,2025-10-14 01:02:08
7758,7758,card,353.82,2025-05-18 06:57:31
7759,7759,\N,351.16,2025-06-29 15:36:55
7760,7760,\N,1625.28,2025-09-22 18:14:47
7761,7761,card,351.15,2025-08-30 18:45:57
7762,7762,gift_card,773.09,2025-08-16 22:58:55
7763,7763,wallet,601.32,2025-06-14 07:17:17
7764,7764,card,204.16,2025-01-13 21:34:47
7765,7765,card,391.05,2025-02-21 11:08:27
7766,7766,card,79.74,2025-11-06 01:26:12
7767,7767,cash,966.36,2025-01-07 08:58:11
7768,7768,wallet,745.80,2025-08-16 01:29:41
7769,7769,gift_card,2609.93,2025-07-12 05:57:48
7770,7770,card,704.98,2025-03-30 22:17:23
7771,7771,\N,530.93,2025-05-28 03:30:07
7772,7772,card,142.45,2025-01-18 13:24:45
7773,7773,wallet,424.11,2025-04-26 17:06:09
7774,7774,card,1113.41,2025-12-19 07:19:29
7775,7775,cash,112.24,2025-07-30 07:27:33
7776,7776,wallet,271.25,2025-01-16 09:41:18
7777,7777,gift_card,27.46,2025-08-28 15:43:11
7778,7778,wallet,157.83,2025-09-11 17:46:45
7779,7779,wallet,317.63,2025-10-03 09:36:12
7780,7780,card,244.48,2025-04-05 07:50:25
7781,7781,card,1216.37,2025-08-12 16:19:40
7782,7782,cash,1420.62,2025-01-22 07:51:28
7783,7783,card,593.56,2025-01-29 09:40:51
7784,7784,wallet,98.97,2025-11-29 02:42:20
7785,7785,card,1460.57,2025-10-04 01:26:03
7786,7786,card,546.27,2025-05-12 17:54:36
7787,7787,card,261.64,2025-02-23 05:06:45
7788,7788,cash,303.35,2025-08-22 22:43:06
7789,7789,cash,562.45,2025-09-05 06:05:34
7790,7790,card,100.68,2025-12-30 05:10:57
7791,7791,gift_card,305.57,2025-07-04 14:06:30
7792,7792,\N,132.34,2025-03-12 08:25:04
7793,7793,wallet,548.19,2025-10-24 18:10:26
7794,7794,card,138.92,2025-08-29 19:23:31
7795,7795,card,811.19,2025-08-30 16:59:53
7796,7796,gift_card,1681.65,2025-08-29 00:07:24
7797,7797,gift_card,60.05,2025-06-24 00:32:30
7798,7798,card,668.51,2025-01-03 11:54:33
7799,7799,card,301.46,2025-07-01 23:44:49
7800,7800,\N,244.68,2025-01-06 17:32:48
7801,7801,gift_card,375.12,2025-09-04 02:57:05
7802,7802,cash,416.20,2025-08-25 17:23:09
7803,7803,gift_card,810.28,2025-08-30 06:06:03
7804,7804,cash,395.52,2025-05-07 12:19:15
7805,7805,wallet,141.69,2025-11-09 20:47:22
7806,7806,cash,254.39,2025-06-11 01:08:20
7807,7807,cash,907.36,2025-08-21 23:13:21
7808,7808,\N,1301.39,2025-06-06 17:14:09
7809,7809,cash,1468.91,2025-09-06 14:18:38
7810,7810,wallet,176.64,2025-08-23 15:45:09
7811,7811,card,656.30,2025-08-14 21:38:26
7812,7812,\N,655.29,2025-08-24 17:49:52
7813,7813,card,585.71,2025-06-08 12:15:18
7814,7814,gift_card,289.83,2025-04-17 12:04:34
7815,7815,gift_card,301.14,2025-08-24 09:46:49
7816,7816,gift_card,1468.31,2025-06-11 03:32:54
7817,7817,gift_card,119.15,2025-10-29 01:31:09
7818,7818,card,261.64,2025-10-29 02:22:22
7819,7819,\N,650.38,2025-09-07 18:32:51
7820,7820,gift_card,297.52,2025-12-06 09:02:11
7821,7821,card,1359.69,2025-08-11 18:49:35
7822,7822,card,63.51,2025-05-14 05:42:07
7823,7823,cash,1320.02,2025-03-10 16:49:43
7824,7824,card,1007.48,2025-01-11 01:17:03
7825,7825,card,204.32,2025-07-15 04:53:30
7826,7826,cash,400.62,2025-04-18 05:11:29
7827,7827,card,69.04,2025-04-09 03:16:27
7828,7828,card,101.38,2025-08-10 09:41:56
7829,7829,wallet,460.60,2025-05-05 12:59:22
7830,7830,gift_card,254.15,2025-12-08 13:15:39
7831,7831,card,1535.96,2025-07-25 11:14:42
7832,7832,card,308.77,2025-10-25 12:38:45
7833,7833,wallet,634.67,2025-07-09 14:52:55
7834,7834,card,184.32,2025-06-30 07:57:26
7835,7835,card,904.58,2025-03-05 09:13:49
7836,7836,cash,965.29,2025-03-06 03:59:38
7837,7837,gift_card,374.40,2025-04-20 21:23:36
7838,7838,card,614.52,2025-04-18 05:55:00
7839,7839,card,189.28,2025-05-12 08:04:45
7840,7840,card,513.43,2025-05-02 06:26:59
7841,7841,\N,181.45,2025-10-19 13:55:05
7842,7842,card,976.84,2025-01-07 02:55:00
7843,7843,cash,308.96,2025-12-29 11:59:27
7844,7844,cash,475.64,2025-07-06 17:52:39
7845,7845,wallet,266.38,2025-03-02 14:19:58
7846,7846,\N,131.15,2025-06-23 07:33:27
7847,7847,card,112.76,2025-03-11 13:12:33
7848,7848,card,278.78,2025-12-02 04:03:20
7849,7849,gift_card,186.05,2025-12-06 01:48:40
7850,7850,card,1040.22,2025-01-31 03:07:04
7851,7851,\N,1029.42,2025-11-12 08:46:54
7852,7852,\N,1047.57,2025-02-20 15:02:16
7853,7853,card,335.86,2025-05-20 12:09:57
7854,7854,wallet,225.44,2025-06-13 18:11:11
7855,7855,card,299.53,2025-10-09 04:31:25
7856,7856,\N,388.97,2025-03-26 17:57:47
7857,7857,cash,1171.55,2025-01-30 16:09:01
7858,7858,wallet,509.54,2025-10-04 00:14:27
7859,7859,cash,164.28,2025-10-17 03:45:04
7860,7860,card,93.05,2025-06-22 09:38:16
7861,7861,\N,185.47,2025-03-20 19:49:45
7862,7862,wallet,503.20,2025-10-23 13:21:23
7863,7863,card,434.39,2025-12-19 20:22:17
7864,7864,wallet,164.05,2025-09-19 14:47:37
7865,7865,\N,744.58,2025-07-19 14:59:43
7866,7866,card,99.96,2025-09-06 02:49:43
7867,7867,card,196.62,2025-11-18 19:43:55
7868,7868,card,1865.03,2025-09-25 14:58:14
7869,7869,\N,18.95,2025-04-01 06:34:05
7870,7870,wallet,504.72,2025-03-01 07:54:45
7871,7871,card,462.37,2025-08-25 03:08:59
7872,7872,card,440.15,2025-06-08 12:03:14
7873,7873,card,790.92,2025-11-26 21:15:01
7874,7874,card,646.85,2025-08-17 23:30:54
7875,7875,\N,842.89,2025-12-03 03:52:06
7876,7876,gift_card,142.13,2025-07-25 07:53:30
7877,7877,card,664.85,2025-10-12 14:10:39
7878,7878,cash,1188.32,2025-07-02 07:27:09
7879,7879,card,1100.31,2025-11-16 16:53:24
7880,7880,card,288.88,2025-09-10 00:51:33
7881,7881,\N,1352.73,2025-06-28 21:56:22
7882,7882,card,786.50,2025-11-05 20:05:05
7883,7883,card,999.07,2025-01-27 03:08:59
7884,7884,cash,1041.98,2025-02-10 04:48:59
7885,7885,gift_card,985.61,2025-08-08 03:32:13
7886,7886,\N,1325.78,2025-10-11 03:48:19
7887,7887,card,168.84,2025-12-10 15:19:27
7888,7888,card,870.77,2025-03-01 10:50:19
7889,7889,wallet,596.42,2025-05-24 19:30:58
7890,7890,card,346.35,2025-10-22 03:38:09
7891,7891,card,261.17,2025-09-29 19:47:49
7892,7892,card,147.15,2025-10-19 22:05:57
7893,7893,cash,292.64,2025-04-06 12:59:07
7894,7894,\N,970.75,2025-06-07 02:59:02
7895,7895,card,139.86,2025-10-10 22:07:07
7896,7896,card,688.40,2025-03-21 07:55:17
7897,7897,\N,246.61,2025-08-01 01:16:43
7898,7898,gift_card,372.17,2025-08-28 04:54:38
7899,7899,gift_card,499.64,2025-06-11 16:25:04
7900,7900,card,144.87,2025-12-20 03:30:42
7901,7901,card,303.88,2025-06-12 12:35:47
7902,7902,cash,102.59,2025-09-27 16:35:42
7903,7903,cash,573.78,2025-08-16 17:07:17
7904,7904,card,141.88,2025-08-11 03:33:55
7905,7905,card,692.70,2025-01-26 17:31:22
7906,7906,cash,297.12,2025-08-05 10:54:10
7907,7907,card,326.61,2025-11-17 12:19:13
7908,7908,card,285.16,2025-10-04 19:22:39
7909,7909,card,323.38,2025-07-24 15:15:53
7910,7910,\N,1129.89,2025-08-18 08:59:28
7911,7911,\N,243.79,2025-07-01 23:27:35
7912,7912,gift_card,689.05,2025-10-31 17:20:16
7913,7913,card,701.41,2025-12-28 10:51:16
7914,7914,gift_card,286.96,2025-03-02 12:14:56
7915,7915,card,169.91,2025-12-28 13:16:11
7916,7916,cash,1377.53,2025-03-08 14:42:30
7917,7917,gift_card,118.50,2025-04-16 09:55:32
7918,7918,card,675.78,2025-09-30 01:33:19
7919,7919,gift_card,233.60,2025-05-16 08:04:34
7920,7920,card,463.53,2025-08-21 02:29:22
7921,7921,gift_card,882.51,2025-07-04 09:48:52
7922,7922,card,452.14,2025-05-26 06:35:11
7923,7923,wallet,808.44,2025-07-13 06:00:47
7924,7924,\N,66.38,2025-01-17 06:59:48
7925,7925,card,99.41,2025-08-30 00:08:10
7926,7926,gift_card,324.72,2025-03-19 19:26:31
7927,7927,\N,179.24,2025-05-14 06:53:14
7928,7928,card,1571.57,2025-03-30 13:05:24
7929,7929,gift_card,800.36,2025-05-17 21:07:34
7930,7930,\N,1046.72,2025-02-11 07:04:06
7931,7931,card,725.86,2025-04-17 06:45:56
7932,7932,card,434.08,2025-03-15 18:23:40
7933,7933,cash,812.90,2025-09-19 23:52:52
7934,7934,card,203.42,2025-05-04 12:27:22
7935,7935,card,865.94,2025-11-30 06:57:11
7936,7936,card,1029.95,2025-06-14 17:51:30
7937,7937,card,603.65,2025-11-04 14:27:08
7938,7938,gift_card,662.64,2025-01-09 22:33:44
7939,7939,\N,329.42,2025-03-27 18:06:18
7940,7940,cash,422.18,2025-10-22 15:18:32
7941,7941,card,85.48,2025-07-27 17:33:55
7942,7942,cash,111.03,2025-03-05 00:58:29
7943,7943,cash,1881.04,2025-12-27 05:40:23
7944,7944,card,480.33,2025-05-07 08:48:40
7945,7945,cash,194.50,2025-05-04 06:09:06
7946,7946,wallet,336.00,2025-11-29 15:39:03
7947,7947,card,602.49,2025-06-26 12:32:50
7948,7948,card,819.52,2025-11-07 11:53:34
7949,7949,card,198.02,2025-05-07 23:07:35
7950,7950,gift_card,321.07,2025-06-13 14:14:06
7951,7951,\N,349.74,2025-10-06 17:36:42
7952,7952,\N,272.56,2025-02-02 11:34:30
7953,7953,card,271.03,2025-07-21 15:28:00
7954,7954,card,841.35,2025-08-01 04:19:49
7955,7955,gift_card,697.63,2025-01-09 18:45:10
7956,7956,card,366.62,2025-06-08 16:13:16
7957,7957,wallet,85.15,2025-08-07 23:31:59
7958,7958,card,445.01,2025-10-08 18:08:05
7959,7959,card,934.56,2025-04-23 20:18:06
7960,7960,card,229.41,2025-12-11 09:50:14
7961,7961,card,1008.01,2025-12-07 13:59:23
7962,7962,cash,302.11,2025-08-21 21:57:12
7963,7963,wallet,757.59,2025-07-01 11:31:33
7964,7964,\N,89.81,2025-09-24 15:52:34
7965,7965,card,321.43,2025-12-02 19:43:12
7966,7966,\N,460.23,2025-02-02 12:43:10
7967,7967,wallet,22.00,2025-11-04 21:18:57
7968,7968,card,608.48,2025-03-11 15:35:36
7969,7969,\N,197.89,2025-10-21 22:58:45
7970,7970,card,1284.88,2025-10-01 02:16:57
7971,7971,wallet,12.47,2025-06-25 22:35:18
7972,7972,\N,324.19,2025-10-15 21:37:22
7973,7973,wallet,167.80,2025-08-19 06:25:01
7974,7974,\N,148.14,2025-10-08 12:16:55
7975,7975,\N,706.19,2025-05-27 13:42:25
7976,7976,card,600.30,2025-08-25 13:08:15
7977,7977,card,48.46,2025-02-09 17:08:06
7978,7978,gift_card,631.24,2025-12-05 00:15:23
7979,7979,\N,607.50,2025-07-20 23:08:47
7980,7980,wallet,594.34,2025-06-18 13:41:52
7981,7981,gift_card,520.24,2025-08-31 08:21:25
7982,7982,cash,35.52,2025-07-17 16:33:03
7983,7983,card,454.52,2025-02-04 16:38:08
7984,7984,\N,655.46,2025-05-16 16:19:50
7985,7985,\N,914.87,2025-06-15 08:56:50
7986,7986,\N,257.50,2025-01-31 14:55:18
7987,7987,\N,284.22,2025-12-07 15:31:47
7988,7988,wallet,103.42,2025-12-07 07:47:41
7989,7989,cash,389.24,2025-08-27 01:41:14
7990,7990,\N,193.55,2025-03-02 16:29:55
7991,7991,\N,838.51,2025-11-23 12:52:28
7992,7992,\N,656.73,2025-10-22 04:59:27
7993,7993,card,483.65,2025-07-12 09:47:43
7994,7994,gift_card,24.68,2025-03-22 12:57:55
7995,7995,card,552.28,2025-12-23 16:03:07
7996,7996,card,618.20,2025-04-23 05:36:21
7997,7997,card,1039.08,2025-03-29 05:12:53
7998,7998,card,213.62,2025-05-29 19:00:36
7999,7999,cash,402.82,2025-02-22 11:19:06
8000,8000,gift_card,165.54,2025-07-27 09:21:21
8001,8001,card,242.37,2025-05-23 04:34:07
8002,8002,cash,1468.95,2025-12-22 07:57:22
8003,8003,card,1401.68,2025-12-01 03:02:34
8004,8004,card,268.20,2025-03-29 02:05:11
8005,8005,wallet,367.21,2025-07-31 04:03:31
8006,8006,wallet,639.77,2025-10-27 07:23:26
8007,8007,wallet,440.80,2025-09-13 07:53:12
8008,8008,gift_card,722.14,2025-09-13 15:09:45
8009,8009,\N,1301.78,2025-05-11 14:21:00
8010,8010,cash,511.06,2025-07-07 16:28:02
8011,8011,gift_card,1818.75,2025-06-01 22:46:08
8012,8012,card,1165.15,2025-01-16 11:16:46
8013,8013,wallet,1098.64,2025-02-07 02:28:01
8014,8014,cash,765.97,2025-02-26 19:33:08
8015,8015,gift_card,73.19,2025-10-26 08:50:14
8016,8016,card,958.77,2025-11-09 17:05:08
8017,8017,wallet,339.36,2025-03-26 10:21:32
8018,8018,wallet,61.92,2025-08-15 00:15:23
8019,8019,wallet,121.22,2025-05-20 04:28:57
8020,8020,cash,181.08,2025-02-10 17:04:06
8021,8021,\N,270.57,2025-11-09 05:03:42
8022,8022,gift_card,205.10,2025-08-17 04:47:59
8023,8023,card,327.48,2025-10-10 01:38:28
8024,8024,gift_card,837.96,2025-11-06 18:41:12
8025,8025,card,403.84,2025-05-22 10:15:45
8026,8026,card,746.54,2025-01-20 06:24:02
8027,8027,card,767.90,2025-04-25 05:34:37
8028,8028,card,265.05,2025-06-28 19:46:02
8029,8029,card,1251.92,2025-10-29 02:13:47
8030,8030,card,559.14,2025-09-19 18:48:53
8031,8031,wallet,541.60,2025-11-10 10:11:25
8032,8032,card,218.68,2025-10-26 01:58:31
8033,8033,\N,90.93,2025-04-23 19:14:33
8034,8034,card,1128.94,2025-09-22 21:58:11
8035,8035,\N,379.22,2025-12-31 16:20:51
8036,8036,wallet,2021.55,2025-05-19 16:44:59
8037,8037,cash,917.28,2025-11-23 12:20:10
8038,8038,card,641.67,2025-04-27 03:01:11
8039,8039,card,44.10,2025-10-23 06:30:13
8040,8040,card,866.43,2025-01-11 18:36:00
8041,8041,gift_card,39.24,2025-05-22 03:37:20
8042,8042,wallet,856.84,2025-11-09 18:44:51
8043,8043,card,225.43,2025-07-18 12:47:09
8044,8044,card,237.76,2025-06-07 19:24:09
8045,8045,cash,744.90,2025-04-29 10:48:26
8046,8046,card,564.50,2025-06-24 16:44:42
8047,8047,card,1511.67,2025-05-24 06:59:07
8048,8048,wallet,679.26,2025-05-16 19:00:51
8049,8049,gift_card,808.12,2025-01-02 11:31:03
8050,8050,gift_card,470.02,2025-08-18 03:17:30
8051,8051,wallet,65.51,2025-02-28 18:23:02
8052,8052,gift_card,1443.33,2025-12-26 02:34:54
8053,8053,card,628.37,2025-03-13 18:13:04
8054,8054,card,206.40,2025-02-14 17:27:41
8055,8055,cash,912.06,2025-08-23 08:48:29
8056,8056,card,1760.10,2025-10-27 06:55:18
8057,8057,wallet,1015.84,2025-04-04 17:07:20
8058,8058,cash,50.69,2025-04-06 01:22:08
8059,8059,cash,266.88,2025-06-10 18:49:11
8060,8060,gift_card,213.21,2025-02-18 06:11:58
8061,8061,card,1542.71,2025-11-05 09:12:04
8062,8062,\N,1768.01,2025-07-23 00:47:23
8063,8063,\N,848.70,2025-05-18 19:46:42
8064,8064,wallet,509.60,2025-08-01 06:23:20
8065,8065,gift_card,637.14,2025-06-18 05:25:13
8066,8066,card,674.64,2025-05-19 18:21:59
8067,8067,\N,58.45,2025-08-24 08:23:02
8068,8068,\N,784.43,2025-04-09 04:34:43
8069,8069,gift_card,451.09,2025-10-01 23:07:33
8070,8070,card,175.41,2025-08-05 21:21:45
8071,8071,card,988.53,2025-02-19 23:14:52
8072,8072,card,302.75,2025-04-13 14:18:20
8073,8073,wallet,21.72,2025-04-12 02:50:13
8074,8074,wallet,685.39,2025-03-01 17:21:40
8075,8075,\N,147.01,2025-02-05 12:56:15
8076,8076,\N,107.45,2025-02-23 12:01:18
8077,8077,card,388.06,2025-11-15 07:57:16
8078,8078,card,150.71,2025-12-02 22:12:42
8079,8079,cash,122.78,2025-01-24 22:15:20
8080,8080,card,655.40,2025-10-17 22:56:30
8081,8081,card,216.55,2025-02-09 04:14:36
8082,8082,card,179.12,2025-07-14 03:18:25
8083,8083,cash,814.10,2025-05-12 09:33:45
8084,8084,card,326.47,2025-01-28 09:48:29
8085,8085,gift_card,705.62,2025-02-04 06:25:23
8086,8086,card,651.04,2025-03-15 07:28:54
8087,8087,card,845.06,2025-02-22 05:02:45
8088,8088,gift_card,320.99,2025-05-23 23:34:34
8089,8089,card,356.68,2025-08-14 23:04:16
8090,8090,card,84.93,2025-08-11 02:08:31
8091,8091,card,374.30,2025-12-06 06:52:25
8092,8092,gift_card,330.04,2025-01-20 19:47:55
8093,8093,card,107.93,2025-08-26 02:22:10
8094,8094,cash,288.82,2025-09-25 10:51:29
8095,8095,card,170.81,2025-07-10 21:48:21
8096,8096,cash,1289.93,2025-09-22 06:21:58
8097,8097,card,576.04,2025-12-05 17:03:31
8098,8098,wallet,198.82,2025-04-02 16:34:57
8099,8099,card,580.87,2025-01-14 15:03:13
8100,8100,card,111.85,2025-06-03 13:28:31
8101,8101,cash,205.55,2025-09-24 19:24:30
8102,8102,card,144.84,2025-05-31 02:22:04
8103,8103,card,1289.89,2025-11-26 14:50:23
8104,8104,\N,191.30,2025-10-18 02:31:28
8105,8105,card,589.67,2025-04-22 20:31:18
8106,8106,gift_card,746.65,2025-10-24 01:06:16
8107,8107,gift_card,562.53,2025-09-09 18:10:29
8108,8108,cash,95.06,2025-05-31 00:50:13
8109,8109,card,425.37,2025-05-02 16:50:42
8110,8110,\N,1070.30,2025-03-21 19:02:51
8111,8111,cash,322.93,2025-07-07 20:42:25
8112,8112,cash,324.00,2025-08-07 08:50:32
8113,8113,cash,1078.76,2025-03-10 06:06:39
8114,8114,wallet,352.61,2025-04-16 03:58:35
8115,8115,card,404.63,2025-01-16 17:51:05
8116,8116,card,1432.38,2025-08-16 09:42:50
8117,8117,card,345.32,2025-08-22 10:09:45
8118,8118,wallet,1069.20,2025-06-09 06:46:35
8119,8119,wallet,1927.06,2025-04-06 23:27:59
8120,8120,card,307.56,2025-06-10 19:54:46
8121,8121,gift_card,55.27,2025-05-13 16:59:50
8122,8122,cash,283.82,2025-10-04 08:43:58
8123,8123,card,19.56,2025-12-17 04:07:35
8124,8124,card,1607.92,2025-03-01 19:07:31
8125,8125,card,724.48,2025-01-27 11:28:35
8126,8126,wallet,693.27,2025-07-26 06:55:18
8127,8127,card,404.63,2025-11-08 21:24:32
8128,8128,gift_card,380.59,2025-03-28 16:07:59
8129,8129,card,211.65,2025-06-20 05:02:50
8130,8130,card,29.90,2025-02-07 20:10:17
8131,8131,card,306.00,2025-07-03 15:45:40
8132,8132,card,355.33,2025-09-28 16:30:32
8133,8133,\N,814.35,2025-05-27 19:52:23
8134,8134,gift_card,325.70,2025-11-07 04:19:14
8135,8135,card,1465.96,2025-12-06 15:45:08
8136,8136,card,172.26,2025-11-21 18:43:54
8137,8137,\N,106.89,2025-11-23 03:28:21
8138,8138,card,678.80,2025-12-19 00:25:43
8139,8139,wallet,892.74,2025-12-30 12:45:21
8140,8140,cash,571.58,2025-01-09 18:24:51
8141,8141,wallet,138.98,2025-03-21 20:23:57
8142,8142,card,440.17,2025-06-20 21:54:46
8143,8143,card,1792.88,2025-12-08 13:03:23
8144,8144,card,301.39,2025-08-31 15:45:11
8145,8145,wallet,524.29,2025-06-12 06:23:33
8146,8146,card,637.97,2025-12-01 01:59:38
8147,8147,card,960.52,2025-08-31 09:37:25
8148,8148,card,574.86,2025-12-23 00:32:48
8149,8149,card,436.01,2025-12-12 13:00:18
8150,8150,wallet,940.76,2025-12-11 17:49:43
8151,8151,gift_card,1136.59,2025-08-23 09:26:54
8152,8152,wallet,111.23,2025-01-16 08:03:37
8153,8153,card,210.76,2025-12-20 04:08:49
8154,8154,wallet,705.54,2025-11-01 12:37:19
8155,8155,card,780.78,2025-04-20 00:46:09
8156,8156,card,633.95,2025-05-19 21:59:33
8157,8157,card,149.23,2025-12-12 16:50:15
8158,8158,\N,96.20,2025-01-06 13:19:23
8159,8159,card,1222.13,2025-10-27 17:46:06
8160,8160,card,207.38,2025-09-18 09:59:13
8161,8161,card,309.02,2025-03-02 07:01:23
8162,8162,\N,725.86,2025-07-18 22:18:27
8163,8163,cash,277.83,2025-05-03 23:34:32
8164,8164,card,426.42,2025-10-31 15:24:27
8165,8165,card,393.09,2025-12-27 23:56:52
8166,8166,gift_card,389.29,2025-12-20 18:00:40
8167,8167,card,1661.76,2025-02-06 13:24:31
8168,8168,card,192.40,2025-07-21 21:09:49
8169,8169,cash,903.91,2025-05-04 10:54:54
8170,8170,\N,1472.79,2025-07-29 13:38:07
8171,8171,gift_card,886.01,2025-04-23 18:19:36
8172,8172,gift_card,310.62,2025-08-05 07:26:03
8173,8173,cash,2106.10,2025-01-18 22:18:22
8174,8174,wallet,629.14,2025-11-18 02:02:58
8175,8175,\N,631.78,2025-01-24 08:27:01
8176,8176,cash,629.94,2025-07-06 03:32:25
8177,8177,cash,721.09,2025-09-11 02:07:53
8178,8178,card,481.14,2025-10-09 10:29:47
8179,8179,gift_card,643.11,2025-02-14 21:17:17
8180,8180,wallet,198.76,2025-06-10 13:18:41
8181,8181,card,1577.38,2025-07-04 17:29:52
8182,8182,card,413.08,2025-12-12 04:13:54
8183,8183,gift_card,563.53,2025-06-18 05:05:44
8184,8184,card,840.47,2025-02-02 11:48:15
8185,8185,gift_card,80.26,2025-10-08 09:08:58
8186,8186,card,123.70,2025-07-24 20:46:26
8187,8187,\N,992.52,2025-01-18 09:16:35
8188,8188,\N,331.74,2025-04-28 08:13:30
8189,8189,\N,167.71,2025-07-29 15:30:53
8190,8190,card,1028.68,2025-12-13 09:56:45
8191,8191,cash,95.31,2025-08-31 16:58:22
8192,8192,card,930.31,2025-09-19 14:22:12
8193,8193,card,63.88,2025-12-06 22:05:59
8194,8194,wallet,567.53,2025-03-28 22:43:17
8195,8195,card,704.09,2025-08-01 05:39:20
8196,8196,wallet,1304.47,2025-02-21 13:32:13
8197,8197,cash,1349.09,2025-05-29 16:30:06
8198,8198,cash,241.94,2025-11-03 12:31:09
8199,8199,gift_card,179.19,2025-06-29 02:24:16
8200,8200,cash,412.07,2025-07-28 12:14:00
8201,8201,card,747.97,2025-12-04 10:51:31
8202,8202,card,536.08,2025-10-26 12:13:48
8203,8203,card,39.74,2025-10-23 23:06:56
8204,8204,card,892.48,2025-05-12 01:29:21
8205,8205,cash,211.94,2025-01-02 09:34:48
8206,8206,wallet,226.20,2025-09-03 07:35:54
8207,8207,\N,263.08,2025-12-03 10:30:31
8208,8208,\N,921.04,2025-11-25 03:58:35
8209,8209,wallet,168.38,2025-08-11 16:32:59
8210,8210,wallet,767.16,2025-06-16 14:06:01
8211,8211,\N,18.35,2025-02-15 22:42:54
8212,8212,gift_card,237.41,2025-12-26 13:32:27
8213,8213,card,1212.23,2025-10-09 02:21:15
8214,8214,card,367.82,2025-09-06 20:53:13
8215,8215,\N,785.52,2025-10-09 13:05:16
8216,8216,gift_card,328.26,2025-12-25 07:44:10
8217,8217,wallet,1182.81,2025-05-19 20:44:08
8218,8218,wallet,114.40,2025-02-25 12:51:47
8219,8219,cash,641.23,2025-04-13 04:01:26
8220,8220,\N,285.46,2025-06-28 13:45:08
8221,8221,\N,930.54,2025-09-30 19:13:15
8222,8222,wallet,226.48,2025-08-01 16:18:54
8223,8223,card,329.40,2025-02-24 11:22:34
8224,8224,card,489.08,2025-07-22 22:59:15
8225,8225,card,491.24,2025-07-17 21:25:35
8226,8226,card,345.54,2025-06-08 23:29:33
8227,8227,\N,181.12,2025-10-30 23:40:13
8228,8228,\N,591.92,2025-08-28 17:23:13
8229,8229,card,199.88,2025-06-29 14:44:16
8230,8230,gift_card,246.55,2025-07-10 06:24:29
8231,8231,gift_card,327.79,2025-05-31 19:15:33
8232,8232,cash,63.86,2025-09-25 14:05:52
8233,8233,wallet,383.04,2025-04-19 01:30:49
8234,8234,card,1092.80,2025-12-10 10:52:03
8235,8235,gift_card,370.41,2025-09-12 18:28:13
8236,8236,card,568.46,2025-12-31 18:47:57
8237,8237,cash,416.82,2025-03-25 11:43:13
8238,8238,card,213.82,2025-08-04 22:28:17
8239,8239,gift_card,604.58,2025-06-06 08:14:34
8240,8240,\N,1458.61,2025-06-16 12:57:11
8241,8241,cash,108.62,2025-02-17 23:57:29
8242,8242,card,1289.80,2025-01-09 11:21:24
8243,8243,card,301.33,2025-05-23 18:44:04
8244,8244,wallet,643.71,2025-08-05 06:34:23
8245,8245,card,1569.17,2025-02-26 09:51:14
8246,8246,gift_card,816.12,2025-08-23 17:02:00
8247,8247,\N,682.10,2025-06-09 21:59:34
8248,8248,wallet,217.74,2025-07-08 00:49:13
8249,8249,\N,299.50,2025-07-08 06:58:40
8250,8250,card,884.99,2025-12-09 17:02:17
8251,8251,wallet,536.51,2025-06-01 16:40:45
8252,8252,wallet,628.59,2025-12-14 16:27:35
8253,8253,card,120.45,2025-01-21 18:33:16
8254,8254,wallet,900.89,2025-02-09 22:57:02
8255,8255,card,1043.39,2025-07-09 11:15:47
8256,8256,card,285.29,2025-07-02 17:27:58
8257,8257,cash,335.26,2025-08-22 03:00:08
8258,8258,card,673.66,2025-04-29 02:24:25
8259,8259,card,84.56,2025-08-23 16:46:50
8260,8260,card,210.70,2025-06-03 17:50:59
8261,8261,card,1189.07,2025-03-12 21:43:06
8262,8262,wallet,109.28,2025-09-21 13:14:46
8263,8263,cash,370.04,2025-02-09 09:13:24
8264,8264,\N,306.92,2025-07-09 17:19:11
8265,8265,cash,60.73,2025-02-11 11:20:16
8266,8266,wallet,558.58,2025-09-15 12:42:18
8267,8267,card,150.23,2025-04-27 19:54:42
8268,8268,card,236.74,2025-09-14 13:03:49
8269,8269,card,644.62,2025-06-23 19:34:04
8270,8270,card,293.31,2025-10-06 10:30:16
8271,8271,card,1565.13,2025-11-02 19:18:36
8272,8272,\N,579.43,2025-03-06 05:44:35
8273,8273,card,239.10,2025-12-26 05:38:57
8274,8274,card,889.74,2025-07-13 09:15:21
8275,8275,\N,216.26,2025-07-09 01:02:00
8276,8276,\N,1037.19,2025-05-26 03:23:01
8277,8277,card,1260.08,2025-05-27 21:20:22
8278,8278,card,1097.57,2025-12-23 07:42:32
8279,8279,card,247.62,2025-10-03 05:16:17
8280,8280,\N,49.90,2025-09-29 06:40:46
8281,8281,wallet,818.80,2025-07-02 12:32:19
8282,8282,cash,1149.29,2025-09-02 23:35:31
8283,8283,cash,538.26,2025-12-04 02:52:50
8284,8284,cash,482.60,2025-09-05 01:20:46
8285,8285,\N,127.52,2025-09-07 08:05:31
8286,8286,gift_card,560.10,2025-10-26 11:59:19
8287,8287,wallet,1934.39,2025-12-20 11:21:34
8288,8288,card,320.77,2025-01-28 08:07:50
8289,8289,\N,1128.82,2025-10-24 00:51:33
8290,8290,cash,30.85,2025-03-05 04:34:41
8291,8291,\N,107.27,2025-07-30 00:43:18
8292,8292,wallet,325.37,2025-12-22 15:09:06
8293,8293,card,909.36,2025-12-27 15:37:53
8294,8294,card,318.17,2025-06-28 05:12:51
8295,8295,card,205.73,2025-10-29 23:33:39
8296,8296,wallet,521.60,2025-04-19 18:20:01
8297,8297,gift_card,394.30,2025-07-15 22:20:05
8298,8298,card,914.27,2025-06-13 04:42:18
8299,8299,cash,1003.80,2025-09-14 12:31:25
8300,8300,gift_card,230.00,2025-11-19 14:14:35
8301,8301,\N,128.30,2025-01-31 02:48:03
8302,8302,wallet,482.88,2025-09-11 01:44:27
8303,8303,gift_card,132.19,2025-07-30 06:33:22
8304,8304,card,283.23,2025-12-13 04:11:18
8305,8305,card,344.61,2025-03-23 03:23:08
8306,8306,wallet,1176.33,2025-10-07 02:26:34
8307,8307,gift_card,386.50,2025-07-28 18:39:00
8308,8308,\N,180.52,2025-11-02 04:47:36
8309,8309,card,572.69,2025-04-27 06:07:28
8310,8310,cash,641.98,2025-08-22 11:18:47
8311,8311,\N,295.45,2025-09-08 13:12:31
8312,8312,card,201.15,2025-12-07 03:23:31
8313,8313,card,162.81,2025-12-30 18:36:18
8314,8314,\N,1071.81,2025-05-29 12:50:23
8315,8315,card,37.53,2025-12-02 19:45:49
8316,8316,card,145.74,2025-02-05 00:46:55
8317,8317,card,232.96,2025-01-11 11:37:03
8318,8318,\N,210.00,2025-09-04 10:30:57
8319,8319,\N,147.79,2025-01-27 12:54:51
8320,8320,card,233.42,2025-03-20 08:38:30
8321,8321,card,2930.06,2025-09-10 20:04:22
8322,8322,cash,1252.11,2025-01-16 13:56:05
8323,8323,card,448.69,2025-06-20 22:30:20
8324,8324,card,512.90,2025-03-07 10:07:40
8325,8325,card,342.32,2025-12-09 23:06:33
8326,8326,\N,1790.70,2025-07-28 07:32:38
8327,8327,card,233.82,2025-02-24 02:21:55
8328,8328,\N,1055.02,2025-07-18 21:36:58
8329,8329,card,46.59,2025-11-30 18:34:09
8330,8330,cash,366.50,2025-02-04 03:24:17
8331,8331,card,210.04,2025-08-05 02:30:26
8332,8332,card,300.62,2025-09-03 11:21:57
8333,8333,card,110.59,2025-04-03 13:01:45
8334,8334,card,361.44,2025-01-08 16:15:52
8335,8335,card,708.56,2025-11-03 07:20:26
8336,8336,wallet,206.01,2025-05-20 05:59:30
8337,8337,cash,156.52,2025-02-13 19:55:47
8338,8338,\N,1361.61,2025-08-25 02:35:46
8339,8339,cash,377.37,2025-04-13 04:25:50
8340,8340,card,295.75,2025-10-08 05:25:06
8341,8341,\N,703.42,2025-06-05 16:58:38
8342,8342,card,359.45,2025-04-17 19:59:08
8343,8343,card,661.22,2025-06-12 10:11:57
8344,8344,wallet,201.25,2025-07-11 11:27:20
8345,8345,card,1311.58,2025-12-06 19:41:54
8346,8346,card,62.24,2025-06-28 12:52:22
8347,8347,card,1062.99,2025-07-16 02:30:59
8348,8348,card,376.83,2025-10-27 03:12:43
8349,8349,card,972.57,2025-03-01 15:56:29
8350,8350,cash,520.15,2025-01-05 00:06:25
8351,8351,card,520.46,2025-07-16 10:42:00
8352,8352,card,477.72,2025-01-20 13:26:13
8353,8353,gift_card,290.76,2025-01-03 00:13:17
8354,8354,cash,161.18,2025-03-05 01:38:45
8355,8355,card,393.80,2025-06-09 00:21:29
8356,8356,card,713.76,2025-06-26 02:00:38
8357,8357,card,326.47,2025-06-19 22:34:00
8358,8358,gift_card,457.75,2025-09-08 21:48:19
8359,8359,\N,228.73,2025-08-18 21:29:37
8360,8360,\N,39.25,2025-12-04 20:45:27
8361,8361,card,294.89,2025-10-28 05:03:22
8362,8362,\N,312.31,2025-10-27 08:07:01
8363,8363,cash,26.53,2025-12-06 04:56:32
8364,8364,card,769.96,2025-09-12 00:46:11
8365,8365,\N,175.86,2025-01-11 03:25:22
8366,8366,card,344.64,2025-08-15 20:12:24
8367,8367,card,201.36,2025-09-02 06:48:03
8368,8368,gift_card,306.49,2025-06-17 17:14:53
8369,8369,card,1779.72,2025-02-13 14:26:58
8370,8370,\N,217.95,2025-06-23 19:42:24
8371,8371,card,452.52,2025-07-29 23:57:41
8372,8372,cash,155.88,2025-09-23 22:43:11
8373,8373,wallet,960.44,2025-01-24 03:36:05
8374,8374,gift_card,1294.83,2025-06-25 11:08:25
8375,8375,wallet,1297.39,2025-09-08 10:38:05
8376,8376,card,676.00,2025-11-11 03:14:32
8377,8377,wallet,1086.51,2025-01-27 04:40:03
8378,8378,wallet,622.57,2025-08-30 10:56:42
8379,8379,\N,1343.67,2025-02-10 04:00:54
8380,8380,wallet,1091.82,2025-04-03 01:57:58
8381,8381,\N,29.31,2025-10-24 08:05:31
8382,8382,gift_card,891.60,2025-08-09 15:27:23
8383,8383,wallet,757.76,2025-09-11 03:33:12
8384,8384,\N,267.08,2025-01-02 21:42:00
8385,8385,card,980.48,2025-06-21 02:25:50
8386,8386,card,255.64,2025-03-03 14:59:37
8387,8387,card,183.62,2025-11-03 22:19:17
8388,8388,card,319.03,2025-03-28 03:17:49
8389,8389,card,305.76,2025-11-27 10:12:14
8390,8390,card,199.34,2025-03-08 01:23:26
8391,8391,card,934.34,2025-06-14 07:46:24
8392,8392,\N,100.76,2025-12-30 23:42:50
8393,8393,cash,557.76,2025-05-16 00:11:18
8394,8394,card,485.94,2025-03-13 16:20:18
8395,8395,card,1382.81,2025-11-15 18:00:49
8396,8396,card,973.73,2025-06-05 14:00:30
8397,8397,card,244.76,2025-09-12 03:46:49
8398,8398,\N,626.73,2025-01-28 16:04:15
8399,8399,gift_card,568.55,2025-06-30 04:02:10
8400,8400,gift_card,1176.39,2025-05-01 16:02:17
8401,8401,card,1667.24,2025-08-25 14:35:55
8402,8402,gift_card,428.96,2025-03-06 05:26:17
8403,8403,card,114.32,2025-12-05 15:33:44
8404,8404,card,154.09,2025-08-13 08:12:53
8405,8405,card,1107.42,2025-11-24 15:19:11
8406,8406,cash,586.19,2025-08-19 05:13:48
8407,8407,cash,420.73,2025-06-18 01:47:24
8408,8408,card,272.31,2025-11-04 20:26:44
8409,8409,wallet,1157.26,2025-08-18 18:31:12
8410,8410,card,257.75,2025-08-18 13:22:54
8411,8411,card,911.43,2025-04-05 03:45:40
8412,8412,wallet,661.30,2025-04-16 14:19:37
8413,8413,cash,420.97,2025-06-03 16:07:45
8414,8414,\N,305.05,2025-03-19 17:16:20
8415,8415,card,201.34,2025-03-25 13:24:26
8416,8416,wallet,992.79,2025-03-30 17:45:25
8417,8417,cash,410.57,2025-04-17 20:09:21
8418,8418,card,450.20,2025-07-06 12:35:58
8419,8419,cash,414.82,2025-07-04 15:37:58
8420,8420,card,423.98,2025-11-01 00:28:27
8421,8421,cash,1115.44,2025-05-28 08:40:56
8422,8422,cash,845.37,2025-08-17 11:59:03
8423,8423,card,138.02,2025-07-14 05:39:46
8424,8424,gift_card,583.94,2025-06-06 09:24:03
8425,8425,card,293.01,2025-09-19 15:03:22
8426,8426,card,300.30,2025-09-14 05:13:04
8427,8427,wallet,38.30,2025-05-21 02:58:15
8428,8428,cash,876.99,2025-08-03 05:11:22
8429,8429,card,266.06,2025-11-27 16:59:28
8430,8430,wallet,430.24,2025-02-22 10:41:06
8431,8431,wallet,274.79,2025-11-22 21:10:00
8432,8432,card,615.05,2025-01-28 17:01:55
8433,8433,card,638.40,2025-11-22 13:04:03
8434,8434,wallet,59.74,2025-08-01 08:35:19
8435,8435,\N,172.08,2025-08-11 12:48:51
8436,8436,cash,413.72,2025-03-14 04:01:37
8437,8437,cash,947.10,2025-06-15 07:45:23
8438,8438,card,162.56,2025-10-20 12:33:04
8439,8439,gift_card,104.76,2025-07-17 01:41:32
8440,8440,cash,335.21,2025-06-03 19:58:15
8441,8441,cash,58.84,2025-03-23 23:34:45
8442,8442,\N,168.18,2025-07-22 10:02:03
8443,8443,cash,400.88,2025-04-12 09:58:14
8444,8444,card,510.96,2025-11-06 10:27:51
8445,8445,cash,287.56,2025-01-01 19:26:45
8446,8446,card,94.00,2025-10-19 02:50:08
8447,8447,card,805.50,2025-09-06 06:55:13
8448,8448,wallet,654.88,2025-05-19 20:46:34
8449,8449,card,321.68,2025-09-30 22:52:24
8450,8450,wallet,148.44,2025-12-18 09:02:48
8451,8451,\N,299.72,2025-06-29 18:24:57
8452,8452,cash,939.39,2025-10-20 06:39:55
8453,8453,gift_card,390.86,2025-04-08 03:13:26
8454,8454,wallet,46.96,2025-01-14 00:54:23
8455,8455,cash,584.75,2025-11-18 03:59:59
8456,8456,card,500.15,2025-05-07 21:05:14
8457,8457,gift_card,1120.32,2025-11-19 22:34:41
8458,8458,card,856.20,2025-08-16 06:46:04
8459,8459,card,758.72,2025-12-14 14:26:51
8460,8460,card,355.59,2025-08-27 10:38:33
8461,8461,\N,999.44,2025-11-10 19:22:32
8462,8462,wallet,804.02,2025-05-18 19:39:39
8463,8463,card,350.40,2025-09-29 11:14:43
8464,8464,gift_card,99.52,2025-08-25 23:54:39
8465,8465,wallet,460.35,2025-06-07 19:40:39
8466,8466,gift_card,139.20,2025-04-03 01:21:47
8467,8467,card,129.92,2025-07-04 14:16:07
8468,8468,cash,388.30,2025-05-14 04:33:54
8469,8469,cash,362.58,2025-05-04 17:18:30
8470,8470,\N,318.60,2025-09-06 13:17:54
8471,8471,card,323.67,2025-10-03 22:25:20
8472,8472,\N,348.67,2025-01-22 17:32:08
8473,8473,card,640.37,2025-08-23 03:10:54
8474,8474,cash,476.81,2025-06-09 04:03:41
8475,8475,card,166.58,2025-01-08 23:39:17
8476,8476,wallet,1050.14,2025-05-01 05:13:56
8477,8477,cash,181.48,2025-01-17 18:31:59
8478,8478,card,125.78,2025-04-24 10:15:22
8479,8479,card,367.06,2025-09-28 22:42:31
8480,8480,cash,1034.80,2025-11-03 04:35:38
8481,8481,cash,1341.27,2025-12-06 22:35:54
8482,8482,gift_card,1594.89,2025-02-16 21:35:21
8483,8483,wallet,31.15,2025-12-26 18:44:16
8484,8484,cash,103.19,2025-02-19 14:22:58
8485,8485,wallet,198.94,2025-06-03 19:10:53
8486,8486,card,156.98,2025-09-27 15:56:29
8487,8487,cash,315.66,2025-03-11 21:54:36
8488,8488,card,141.55,2025-07-15 04:55:43
8489,8489,card,1264.99,2025-12-25 11:23:13
8490,8490,card,1237.35,2025-02-22 20:44:45
8491,8491,\N,1371.63,2025-08-22 14:37:06
8492,8492,card,1069.35,2025-10-11 01:56:11
8493,8493,cash,117.07,2025-05-17 08:16:47
8494,8494,card,125.38,2025-11-24 13:37:26
8495,8495,cash,802.80,2025-01-16 05:49:29
8496,8496,card,565.76,2025-10-01 12:06:25
8497,8497,cash,108.28,2025-08-31 22:57:47
8498,8498,cash,816.13,2025-10-01 14:21:54
8499,8499,cash,449.36,2025-04-04 04:48:43
8500,8500,\N,391.20,2025-03-25 03:19:15
8501,8501,cash,764.37,2025-07-20 06:10:09
8502,8502,card,294.40,2025-10-07 03:28:01
8503,8503,card,931.90,2025-12-11 06:07:46
8504,8504,card,339.82,2025-02-16 11:01:47
8505,8505,\N,609.45,2025-01-04 13:22:17
8506,8506,gift_card,163.59,2025-06-02 06:27:08
8507,8507,cash,908.36,2025-02-20 18:16:22
8508,8508,\N,353.81,2025-10-04 18:28:49
8509,8509,\N,1427.16,2025-01-06 22:40:06
8510,8510,gift_card,651.30,2025-12-21 15:37:44
8511,8511,gift_card,215.40,2025-04-17 00:07:05
8512,8512,card,426.88,2025-10-12 17:38:18
8513,8513,card,753.94,2025-02-06 13:35:47
8514,8514,card,458.03,2025-07-09 06:56:33
8515,8515,card,309.33,2025-12-14 14:08:12
8516,8516,\N,40.82,2025-08-02 16:39:55
8517,8517,cash,15.27,2025-03-29 02:40:38
8518,8518,card,535.17,2025-05-20 20:08:55
8519,8519,\N,99.50,2025-11-06 09:14:49
8520,8520,wallet,408.55,2025-02-26 14:23:04
8521,8521,wallet,84.80,2025-09-20 14:21:06
8522,8522,gift_card,1012.90,2025-02-18 20:59:33
8523,8523,gift_card,764.77,2025-01-26 03:04:35
8524,8524,\N,256.68,2025-10-01 05:30:21
8525,8525,\N,487.68,2025-11-09 01:35:07
8526,8526,card,844.06,2025-01-31 12:15:40
8527,8527,card,1425.07,2025-06-01 13:39:21
8528,8528,cash,467.51,2025-01-16 22:53:27
8529,8529,card,643.31,2025-08-03 10:25:50
8530,8530,wallet,525.75,2025-11-10 01:22:14
8531,8531,\N,675.48,2025-09-24 02:45:55
8532,8532,wallet,1209.65,2025-02-21 13:24:23
8533,8533,card,919.13,2025-12-04 18:34:58
8534,8534,cash,366.83,2025-07-06 21:25:51
8535,8535,cash,136.02,2025-04-25 10:43:11
8536,8536,gift_card,1199.19,2025-03-24 11:20:29
8537,8537,cash,258.26,2025-04-01 23:24:46
8538,8538,cash,291.48,2025-02-15 08:04:51
8539,8539,card,281.38,2025-07-26 05:35:09
8540,8540,\N,1951.38,2025-12-11 07:33:52
8541,8541,card,311.07,2025-02-23 01:20:34
8542,8542,wallet,675.94,2025-12-13 15:55:04
8543,8543,gift_card,132.00,2025-10-18 23:23:21
8544,8544,card,318.33,2025-03-10 23:11:55
8545,8545,card,208.98,2025-02-14 10:01:10
8546,8546,wallet,198.86,2025-07-07 14:01:27
8547,8547,card,123.84,2025-04-12 18:36:51
8548,8548,card,830.53,2025-05-14 16:24:24
8549,8549,gift_card,244.92,2025-11-06 22:21:54
8550,8550,card,271.48,2025-04-25 08:47:25
8551,8551,wallet,1472.82,2025-11-20 03:26:02
8552,8552,\N,109.37,2025-03-09 11:19:40
8553,8553,wallet,971.44,2025-11-26 18:46:24
8554,8554,cash,578.79,2025-10-10 10:16:20
8555,8555,gift_card,234.14,2025-11-30 11:39:33
8556,8556,card,1000.98,2025-11-24 01:48:50
8557,8557,gift_card,220.80,2025-05-19 21:50:49
8558,8558,card,37.18,2025-02-07 01:33:26
8559,8559,wallet,180.70,2025-08-25 21:03:21
8560,8560,card,1117.14,2025-03-01 15:33:30
8561,8561,cash,373.59,2025-05-10 00:26:56
8562,8562,card,487.38,2025-08-27 12:37:23
8563,8563,cash,1057.35,2025-01-29 00:17:34
8564,8564,wallet,219.61,2025-07-03 17:12:53
8565,8565,\N,970.67,2025-07-26 20:00:12
8566,8566,gift_card,309.35,2025-10-06 09:44:03
8567,8567,card,590.24,2025-08-02 21:42:27
8568,8568,cash,879.52,2025-05-14 05:53:09
8569,8569,card,624.09,2025-08-05 03:21:08
8570,8570,card,625.95,2025-09-09 23:29:34
8571,8571,card,299.69,2025-02-28 07:54:04
8572,8572,card,258.23,2025-02-08 12:15:21
8573,8573,gift_card,157.83,2025-09-15 09:00:14
8574,8574,card,40.85,2025-06-07 00:51:32
8575,8575,\N,669.20,2025-01-10 12:45:34
8576,8576,card,193.42,2025-12-04 03:28:00
8577,8577,card,649.28,2025-05-23 14:11:34
8578,8578,card,1063.70,2025-03-21 16:28:48
8579,8579,cash,631.25,2025-08-05 00:04:16
8580,8580,gift_card,76.70,2025-05-25 23:01:15
8581,8581,wallet,1001.01,2025-05-03 22:01:58
8582,8582,card,876.58,2025-02-27 07:02:13
8583,8583,cash,868.50,2025-08-21 12:23:17
8584,8584,card,88.00,2025-11-07 04:40:03
8585,8585,card,1206.14,2025-09-23 17:05:36
8586,8586,wallet,1475.72,2025-01-10 11:45:37
8587,8587,wallet,588.56,2025-11-04 02:56:32
8588,8588,card,324.84,2025-10-19 03:30:44
8589,8589,card,415.75,2025-06-14 23:11:42
8590,8590,card,123.84,2025-06-20 03:53:45
8591,8591,card,299.71,2025-07-09 23:58:35
8592,8592,cash,653.97,2025-03-03 05:43:51
8593,8593,card,1571.05,2025-01-06 11:00:31
8594,8594,card,223.88,2025-07-31 21:48:51
8595,8595,wallet,1437.14,2025-02-01 04:22:41
8596,8596,card,289.54,2025-06-20 06:31:14
8597,8597,\N,1007.03,2025-11-21 09:13:18
8598,8598,card,39.40,2025-03-23 08:42:36
8599,8599,\N,331.08,2025-05-22 23:06:45
8600,8600,card,33.03,2025-09-30 12:37:41
8601,8601,card,319.81,2025-04-11 20:35:17
8602,8602,card,114.32,2025-07-29 12:38:53
8603,8603,\N,449.35,2025-01-25 23:34:33
8604,8604,card,673.89,2025-02-12 18:48:06
8605,8605,card,440.57,2025-01-10 22:11:56
8606,8606,card,780.00,2025-09-04 14:17:59
8607,8607,card,345.85,2025-01-06 19:40:13
8608,8608,\N,604.26,2025-10-13 08:42:25
8609,8609,\N,255.34,2025-03-03 18:45:17
8610,8610,\N,1242.50,2025-06-06 13:45:23
8611,8611,card,434.45,2025-09-14 13:19:55
8612,8612,gift_card,274.20,2025-03-26 08:53:53
8613,8613,gift_card,271.19,2025-09-23 20:22:46
8614,8614,card,658.70,2025-04-30 18:42:40
8615,8615,card,206.18,2025-04-04 07:10:54
8616,8616,card,254.35,2025-09-15 14:27:20
8617,8617,card,200.44,2025-01-07 23:22:04
8618,8618,card,120.78,2025-05-10 22:07:35
8619,8619,gift_card,113.66,2025-03-07 06:48:22
8620,8620,card,340.63,2025-06-10 15:53:06
8621,8621,gift_card,957.87,2025-05-06 03:11:46
8622,8622,card,486.94,2025-10-16 17:36:49
8623,8623,card,187.06,2025-03-28 21:46:17
8624,8624,gift_card,137.73,2025-01-09 14:38:24
8625,8625,card,1177.41,2025-12-26 23:14:21
8626,8626,cash,324.63,2025-12-14 16:55:06
8627,8627,wallet,492.88,2025-05-15 03:01:58
8628,8628,card,730.86,2025-09-23 09:18:29
8629,8629,gift_card,961.14,2025-03-23 00:52:08
8630,8630,card,207.38,2025-03-29 18:59:53
8631,8631,wallet,606.66,2025-06-20 07:57:18
8632,8632,card,395.78,2025-06-28 01:13:19
8633,8633,gift_card,584.78,2025-05-22 17:42:25
8634,8634,gift_card,353.64,2025-06-23 00:29:58
8635,8635,gift_card,129.47,2025-07-29 20:44:54
8636,8636,card,271.57,2025-04-18 15:44:44
8637,8637,wallet,961.42,2025-06-25 17:17:21
8638,8638,gift_card,16.16,2025-09-27 16:07:29
8639,8639,card,336.36,2025-02-13 12:23:51
8640,8640,card,41.63,2025-05-21 20:16:30
8641,8641,wallet,284.58,2025-10-24 12:02:46
8642,8642,\N,109.14,2025-12-30 04:27:48
8643,8643,card,926.52,2025-08-06 20:37:35
8644,8644,\N,468.73,2025-08-31 21:33:49
8645,8645,card,850.74,2025-08-12 05:34:08
8646,8646,card,1246.36,2025-10-22 22:26:25
8647,8647,wallet,928.25,2025-02-25 22:30:34
8648,8648,wallet,384.48,2025-01-04 15:17:31
8649,8649,card,1697.25,2025-05-13 20:22:58
8650,8650,cash,534.63,2025-05-11 09:04:52
8651,8651,wallet,165.38,2025-10-25 13:41:19
8652,8652,wallet,28.66,2025-01-17 01:53:41
8653,8653,\N,922.07,2025-10-30 14:33:16
8654,8654,\N,235.05,2025-04-26 16:21:42
8655,8655,card,187.43,2025-08-08 10:51:21
8656,8656,card,570.12,2025-02-20 00:45:06
8657,8657,wallet,897.82,2025-01-10 07:54:46
8658,8658,card,1061.84,2025-06-13 07:05:44
8659,8659,gift_card,39.24,2025-10-24 03:42:14
8660,8660,cash,1050.97,2025-02-26 04:18:00
8661,8661,cash,585.56,2025-03-27 19:58:00
8662,8662,card,198.65,2025-10-10 20:38:56
8663,8663,card,1899.59,2025-06-21 07:13:43
8664,8664,card,278.22,2025-04-04 14:29:26
8665,8665,gift_card,71.67,2025-02-18 08:29:45
8666,8666,card,581.56,2025-10-26 18:23:42
8667,8667,gift_card,71.12,2025-07-29 16:48:57
8668,8668,\N,798.86,2025-12-20 17:04:58
8669,8669,gift_card,298.04,2025-07-05 21:52:22
8670,8670,wallet,1038.00,2025-01-05 06:46:41
8671,8671,cash,436.10,2025-01-01 16:28:14
8672,8672,gift_card,1413.53,2025-04-20 13:31:48
8673,8673,card,135.58,2025-07-06 02:30:30
8674,8674,gift_card,1714.29,2025-06-17 01:14:55
8675,8675,wallet,1188.42,2025-08-24 06:04:36
8676,8676,cash,186.19,2025-10-04 20:52:35
8677,8677,card,306.76,2025-07-31 13:28:37
8678,8678,wallet,639.02,2025-02-24 00:07:01
8679,8679,card,606.83,2025-08-10 14:04:22
8680,8680,card,64.15,2025-03-05 21:42:40
8681,8681,card,401.36,2025-06-09 18:37:13
8682,8682,card,757.86,2025-08-26 19:10:10
8683,8683,gift_card,524.74,2025-08-14 10:24:41
8684,8684,wallet,558.54,2025-04-19 04:45:23
8685,8685,card,600.27,2025-08-11 17:14:38
8686,8686,card,373.46,2025-09-19 20:31:32
8687,8687,cash,1020.76,2025-11-20 02:48:09
8688,8688,\N,466.53,2025-03-15 01:19:20
8689,8689,card,132.34,2025-04-01 00:50:04
8690,8690,cash,806.36,2025-02-25 09:56:20
8691,8691,card,482.80,2025-11-08 13:54:51
8692,8692,cash,944.08,2025-12-21 11:41:09
8693,8693,cash,867.56,2025-01-02 11:33:36
8694,8694,\N,690.91,2025-04-24 12:09:04
8695,8695,wallet,251.46,2025-12-14 23:06:54
8696,8696,card,404.11,2025-07-03 18:58:23
8697,8697,\N,594.05,2025-05-04 13:28:25
8698,8698,card,335.55,2025-06-02 12:51:07
8699,8699,card,374.16,2025-06-04 01:32:59
8700,8700,card,84.78,2025-04-12 12:38:29
8701,8701,card,392.43,2025-01-09 09:35:04
8702,8702,cash,106.04,2025-12-29 14:42:29
8703,8703,wallet,1203.56,2025-03-16 11:49:46
8704,8704,card,80.71,2025-11-02 00:46:38
8705,8705,card,1077.67,2025-05-25 22:34:03
8706,8706,cash,845.64,2025-10-03 12:52:33
8707,8707,gift_card,1217.01,2025-02-07 06:56:37
8708,8708,\N,342.63,2025-10-24 19:52:48
8709,8709,wallet,1546.32,2025-06-10 12:01:58
8710,8710,card,721.58,2025-04-03 20:16:24
8711,8711,card,1334.84,2025-07-30 14:21:59
8712,8712,card,130.88,2025-04-28 20:50:17
8713,8713,wallet,571.40,2025-01-22 01:31:24
8714,8714,\N,8.45,2025-12-19 13:57:54
8715,8715,cash,71.74,2025-10-23 14:03:56
8716,8716,\N,1024.67,2025-03-31 00:11:47
8717,8717,wallet,413.53,2025-01-17 17:34:27
8718,8718,card,872.09,2025-11-10 13:54:08
8719,8719,card,160.21,2025-10-26 09:45:36
8720,8720,card,425.96,2025-05-08 10:23:52
8721,8721,card,911.34,2025-05-07 12:32:35
8722,8722,card,872.25,2025-08-28 10:30:36
8723,8723,wallet,724.71,2025-08-20 07:17:08
8724,8724,gift_card,131.98,2025-06-29 06:27:54
8725,8725,cash,300.22,2025-11-26 08:05:17
8726,8726,card,695.44,2025-04-12 10:41:20
8727,8727,card,662.12,2025-08-21 00:43:05
8728,8728,card,135.88,2025-10-31 06:06:00
8729,8729,card,260.49,2025-06-26 19:48:34
8730,8730,gift_card,894.03,2025-02-28 13:17:43
8731,8731,card,447.23,2025-08-25 19:39:29
8732,8732,wallet,859.47,2025-06-05 09:07:45
8733,8733,card,1573.24,2025-04-03 21:50:24
8734,8734,wallet,273.41,2025-11-09 07:35:59
8735,8735,wallet,54.27,2025-04-16 10:46:48
8736,8736,\N,252.57,2025-12-07 09:47:40
8737,8737,card,86.93,2025-06-17 22:33:18
8738,8738,cash,295.96,2025-05-28 19:27:11
8739,8739,gift_card,881.05,2025-03-08 00:32:29
8740,8740,card,385.94,2025-09-12 07:51:57
8741,8741,\N,692.44,2025-07-05 21:35:54
8742,8742,card,1104.79,2025-06-13 16:28:44
8743,8743,gift_card,671.60,2025-12-24 13:35:47
8744,8744,\N,1179.87,2025-04-05 10:55:56
8745,8745,cash,141.58,2025-03-10 16:35:33
8746,8746,card,57.16,2025-10-28 20:01:57
8747,8747,card,120.45,2025-09-12 08:52:42
8748,8748,cash,113.28,2025-01-31 20:57:38
8749,8749,card,270.10,2025-11-03 06:19:06
8750,8750,card,502.09,2025-01-11 02:43:03
8751,8751,gift_card,662.62,2025-09-18 09:51:14
8752,8752,card,190.57,2025-08-09 09:09:00
8753,8753,wallet,251.82,2025-05-09 17:54:07
8754,8754,card,412.06,2025-12-26 20:11:41
8755,8755,card,258.55,2025-04-14 00:26:40
8756,8756,gift_card,1695.17,2025-04-08 18:30:14
8757,8757,wallet,109.14,2025-07-29 22:50:23
8758,8758,card,301.02,2025-04-07 18:15:03
8759,8759,\N,181.18,2025-09-27 07:33:36
8760,8760,card,788.40,2025-07-23 00:39:32
8761,8761,card,679.58,2025-06-03 15:23:59
8762,8762,\N,810.52,2025-12-12 15:38:27
8763,8763,wallet,347.35,2025-11-25 07:22:27
8764,8764,gift_card,285.49,2025-02-14 03:40:57
8765,8765,\N,147.41,2025-07-06 22:40:20
8766,8766,gift_card,46.48,2025-07-19 07:40:51
8767,8767,card,483.37,2025-01-27 06:59:41
8768,8768,\N,392.82,2025-03-30 03:11:28
8769,8769,gift_card,201.50,2025-09-15 17:21:20
8770,8770,cash,95.96,2025-08-23 12:16:20
8771,8771,card,1591.45,2025-05-07 12:18:31
8772,8772,card,539.76,2025-04-15 00:47:58
8773,8773,card,327.30,2025-09-23 09:32:26
8774,8774,wallet,336.89,2025-08-28 00:57:52
8775,8775,gift_card,572.86,2025-03-25 09:19:47
8776,8776,wallet,115.03,2025-11-05 22:33:58
8777,8777,\N,502.32,2025-02-07 18:04:43
8778,8778,card,62.59,2025-11-10 20:01:55
8779,8779,card,1152.57,2025-09-29 23:37:12
8780,8780,card,881.11,2025-04-25 07:23:13
8781,8781,cash,555.44,2025-01-12 18:28:29
8782,8782,gift_card,281.06,2025-06-10 10:35:21
8783,8783,wallet,374.64,2025-01-06 15:46:48
8784,8784,card,328.73,2025-02-01 23:52:19
8785,8785,card,276.53,2025-01-14 06:18:15
8786,8786,cash,469.41,2025-12-03 04:06:12
8787,8787,card,399.20,2025-06-11 15:55:54
8788,8788,card,1024.78,2025-04-27 02:54:49
8789,8789,gift_card,514.18,2025-04-25 15:14:53
8790,8790,wallet,291.50,2025-11-07 18:27:25
8791,8791,card,150.39,2025-03-26 14:49:11
8792,8792,gift_card,136.35,2025-12-24 22:10:28
8793,8793,card,1407.06,2025-01-06 04:49:41
8794,8794,card,303.50,2025-09-26 02:11:35
8795,8795,gift_card,781.77,2025-05-26 07:20:16
8796,8796,cash,195.98,2025-12-15 10:42:18
8797,8797,card,554.47,2025-05-02 14:30:49
8798,8798,card,537.23,2025-07-17 13:42:43
8799,8799,wallet,1209.20,2025-07-12 07:34:13
8800,8800,wallet,882.56,2025-06-12 21:44:08
8801,8801,card,469.37,2025-09-19 04:36:04
8802,8802,card,262.57,2025-01-16 20:36:57
8803,8803,card,183.94,2025-06-04 17:35:51
8804,8804,card,958.80,2025-02-06 02:03:21
8805,8805,\N,281.38,2025-08-01 00:29:34
8806,8806,wallet,195.65,2025-12-25 17:52:03
8807,8807,card,953.51,2025-12-04 20:09:08
8808,8808,gift_card,631.81,2025-01-14 00:02:52
8809,8809,wallet,277.72,2025-06-05 00:53:27
8810,8810,gift_card,594.54,2025-04-09 16:37:29
8811,8811,card,94.25,2025-05-08 06:09:21
8812,8812,\N,587.75,2025-12-24 03:09:14
8813,8813,\N,310.51,2025-06-21 12:12:27
8814,8814,card,148.01,2025-10-02 18:26:24
8815,8815,wallet,741.58,2025-09-09 00:36:07
8816,8816,cash,302.24,2025-04-12 16:41:46
8817,8817,card,361.05,2025-12-18 22:33:51
8818,8818,wallet,101.83,2025-04-18 00:25:19
8819,8819,cash,289.66,2025-01-05 21:29:26
8820,8820,cash,413.76,2025-12-12 12:23:42
8821,8821,\N,948.36,2025-07-09 18:04:41
8822,8822,\N,323.61,2025-06-13 08:22:49
8823,8823,gift_card,358.98,2025-07-26 22:14:59
8824,8824,card,53.74,2025-02-17 19:07:30
8825,8825,card,1928.10,2025-12-10 10:39:52
8826,8826,wallet,185.25,2025-08-10 03:15:33
8827,8827,card,519.29,2025-10-14 00:20:05
8828,8828,card,22.86,2025-12-23 05:42:05
8829,8829,cash,41.58,2025-09-10 18:11:34
8830,8830,cash,1128.73,2025-11-12 23:42:28
8831,8831,cash,334.53,2025-05-25 08:34:10
8832,8832,cash,349.22,2025-08-06 19:46:06
8833,8833,cash,965.56,2025-04-30 10:18:11
8834,8834,cash,685.64,2025-03-22 12:05:55
8835,8835,\N,356.21,2025-06-22 12:48:40
8836,8836,card,22.48,2025-05-31 16:24:09
8837,8837,card,251.57,2025-12-24 04:23:28
8838,8838,card,250.79,2025-05-24 18:10:03
8839,8839,cash,513.49,2025-11-03 09:31:32
8840,8840,card,282.08,2025-10-14 01:05:11
8841,8841,wallet,907.16,2025-05-18 00:28:22
8842,8842,cash,480.25,2025-03-23 00:02:57
8843,8843,gift_card,137.48,2025-05-31 10:04:01
8844,8844,card,1052.97,2025-07-12 16:42:20
8845,8845,cash,846.12,2025-07-08 21:03:27
8846,8846,\N,526.23,2025-12-25 06:55:17
8847,8847,\N,774.02,2025-09-29 01:18:36
8848,8848,\N,990.85,2025-01-11 08:25:50
8849,8849,cash,107.41,2025-05-09 08:05:57
8850,8850,cash,141.79,2025-04-10 12:29:35
8851,8851,wallet,296.15,2025-07-02 08:03:17
8852,8852,cash,311.23,2025-11-10 06:38:55
8853,8853,wallet,597.20,2025-05-03 21:03:06
8854,8854,card,184.14,2025-07-16 15:25:15
8855,8855,wallet,579.88,2025-02-15 03:06:42
8856,8856,card,1370.10,2025-03-17 17:34:25
8857,8857,cash,299.53,2025-02-13 23:25:45
8858,8858,card,934.98,2025-07-18 03:29:06
8859,8859,card,61.16,2025-01-04 17:01:58
8860,8860,gift_card,19.35,2025-08-13 23:18:44
8861,8861,wallet,119.73,2025-08-20 19:56:27
8862,8862,wallet,339.68,2025-07-24 12:05:14
8863,8863,card,860.02,2025-01-21 18:41:53
8864,8864,card,133.21,2025-11-10 00:21:06
8865,8865,card,226.48,2025-05-04 00:18:20
8866,8866,wallet,656.46,2025-11-24 08:55:26
8867,8867,card,566.44,2025-05-30 11:57:41
8868,8868,card,131.91,2025-08-22 01:04:11
8869,8869,cash,343.01,2025-08-31 07:08:38
8870,8870,card,140.95,2025-01-17 01:03:48
8871,8871,card,689.38,2025-02-16 01:23:13
8872,8872,gift_card,860.23,2025-06-18 07:05:00
8873,8873,card,231.47,2025-12-09 23:14:38
8874,8874,cash,792.58,2025-11-01 19:21:10
8875,8875,cash,948.22,2025-01-01 21:07:25
8876,8876,card,352.40,2025-06-03 12:37:23
8877,8877,wallet,1267.05,2025-12-21 14:34:43
8878,8878,card,884.12,2025-08-07 18:43:46
8879,8879,wallet,776.66,2025-08-18 04:43:49
8880,8880,gift_card,230.60,2025-03-10 16:54:43
8881,8881,card,609.08,2025-09-05 14:54:37
8882,8882,card,351.70,2025-09-15 06:31:49
8883,8883,card,535.06,2025-09-16 22:43:30
8884,8884,\N,341.01,2025-04-28 06:12:02
8885,8885,cash,651.00,2025-02-23 15:56:50
8886,8886,card,1103.25,2025-11-23 20:52:03
8887,8887,wallet,183.26,2025-02-01 21:02:26
8888,8888,\N,128.68,2025-07-18 20:00:53
8889,8889,card,880.51,2025-03-26 00:53:59
8890,8890,card,196.81,2025-12-08 00:39:16
8891,8891,gift_card,917.61,2025-07-20 00:32:22
8892,8892,card,740.25,2025-06-28 04:28:13
8893,8893,gift_card,450.52,2025-11-14 04:36:54
8894,8894,wallet,68.17,2025-09-02 16:34:35
8895,8895,gift_card,266.00,2025-08-25 21:14:06
8896,8896,cash,1595.61,2025-11-21 15:56:05
8897,8897,wallet,1326.56,2025-06-05 23:14:35
8898,8898,card,1028.24,2025-02-28 18:16:47
8899,8899,card,458.04,2025-06-28 05:03:49
8900,8900,card,197.64,2025-03-09 14:57:07
8901,8901,\N,412.05,2025-01-03 12:59:59
8902,8902,\N,247.41,2025-08-12 23:29:24
8903,8903,wallet,622.26,2025-03-05 15:18:20
8904,8904,gift_card,52.48,2025-02-28 12:46:36
8905,8905,card,1040.88,2025-09-28 14:17:25
8906,8906,cash,1048.93,2025-09-15 10:23:27
8907,8907,card,396.78,2025-11-29 11:43:15
8908,8908,card,313.70,2025-07-09 15:39:08
8909,8909,card,384.08,2025-08-30 20:18:26
8910,8910,card,676.57,2025-02-19 01:11:22
8911,8911,card,342.60,2025-09-26 12:57:17
8912,8912,card,310.14,2025-07-11 00:32:41
8913,8913,card,490.74,2025-04-07 15:18:41
8914,8914,cash,1459.55,2025-09-20 04:17:48
8915,8915,card,1356.94,2025-11-04 15:27:11
8916,8916,cash,195.73,2025-11-16 14:06:13
8917,8917,cash,1467.08,2025-01-06 18:09:09
8918,8918,card,64.58,2025-04-25 01:41:24
8919,8919,gift_card,1320.84,2025-08-26 12:44:45
8920,8920,\N,570.09,2025-11-09 08:08:44
8921,8921,card,332.18,2025-11-21 17:56:27
8922,8922,card,498.63,2025-11-07 01:08:59
8923,8923,card,566.53,2025-05-01 06:12:37
8924,8924,\N,576.54,2025-04-18 14:18:18
8925,8925,cash,1403.84,2025-09-28 22:31:51
8926,8926,card,1051.09,2025-05-29 04:32:33
8927,8927,card,555.71,2025-01-30 06:06:31
8928,8928,card,611.10,2025-04-09 12:45:55
8929,8929,card,312.65,2025-10-10 22:58:47
8930,8930,wallet,396.11,2025-07-23 14:12:18
8931,8931,card,746.59,2025-10-08 15:08:48
8932,8932,card,235.44,2025-06-02 14:21:05
8933,8933,wallet,95.06,2025-11-09 03:41:49
8934,8934,cash,386.22,2025-08-02 09:53:34
8935,8935,card,94.89,2025-08-04 09:30:07
8936,8936,cash,105.04,2025-07-10 16:23:51
8937,8937,card,48.68,2025-10-31 12:50:00
8938,8938,card,1642.07,2025-07-14 10:54:01
8939,8939,card,732.40,2025-05-08 21:35:25
8940,8940,cash,436.06,2025-05-08 16:34:17
8941,8941,gift_card,549.28,2025-05-31 00:03:38
8942,8942,card,857.43,2025-04-16 04:37:06
8943,8943,cash,494.70,2025-08-12 03:53:13
8944,8944,card,399.82,2025-04-02 18:26:15
8945,8945,\N,428.51,2025-01-15 07:39:59
8946,8946,card,503.76,2025-02-09 05:33:20
8947,8947,card,1405.03,2025-07-24 20:50:29
8948,8948,gift_card,299.74,2025-11-26 05:30:23
8949,8949,cash,190.38,2025-01-23 14:12:12
8950,8950,\N,361.44,2025-03-22 12:00:23
8951,8951,card,295.77,2025-03-05 05:37:58
8952,8952,\N,268.97,2025-03-24 09:59:12
8953,8953,wallet,561.86,2025-03-03 05:21:54
8954,8954,card,438.04,2025-08-21 02:45:52
8955,8955,card,184.32,2025-07-15 19:31:58
8956,8956,card,645.33,2025-07-22 10:16:14
8957,8957,gift_card,551.68,2025-02-22 14:57:01
8958,8958,card,105.49,2025-08-14 15:23:47
8959,8959,card,185.88,2025-07-03 22:52:25
8960,8960,card,1674.22,2025-05-08 19:38:16
8961,8961,cash,471.88,2025-04-28 12:28:26
8962,8962,gift_card,249.52,2025-08-17 17:50:03
8963,8963,card,1423.09,2025-11-26 08:08:20
8964,8964,\N,600.42,2025-09-21 20:48:09
8965,8965,card,432.77,2025-04-29 05:40:10
8966,8966,card,277.72,2025-12-06 09:59:03
8967,8967,wallet,988.88,2025-05-14 18:34:30
8968,8968,card,1492.58,2025-06-15 02:08:39
8969,8969,card,2236.68,2025-04-20 20:50:56
8970,8970,cash,247.72,2025-10-06 23:19:19
8971,8971,\N,560.21,2025-08-09 23:39:58
8972,8972,card,874.41,2025-03-10 17:01:05
8973,8973,card,103.84,2025-10-27 21:26:54
8974,8974,gift_card,282.22,2025-03-03 00:00:15
8975,8975,gift_card,573.54,2025-09-22 07:29:55
8976,8976,wallet,734.42,2025-07-11 16:49:30
8977,8977,card,264.35,2025-05-15 13:07:50
8978,8978,card,83.31,2025-04-20 18:26:58
8979,8979,cash,392.65,2025-01-07 00:17:39
8980,8980,\N,1011.63,2025-04-04 04:24:12
8981,8981,wallet,613.13,2025-08-31 13:22:17
8982,8982,\N,313.56,2025-10-26 21:31:50
8983,8983,card,384.77,2025-04-27 02:54:45
8984,8984,\N,19.85,2025-03-09 13:52:55
8985,8985,gift_card,224.60,2025-07-25 17:29:34
8986,8986,wallet,880.24,2025-02-08 10:26:15
8987,8987,card,452.75,2025-05-15 08:47:30
8988,8988,\N,11.56,2025-11-30 23:24:31
8989,8989,gift_card,1894.37,2025-07-24 04:39:28
8990,8990,\N,341.77,2025-11-18 19:14:31
8991,8991,\N,764.88,2025-09-13 03:25:29
8992,8992,gift_card,160.98,2025-08-05 15:03:24
8993,8993,card,74.39,2025-08-19 08:02:44
8994,8994,card,637.05,2025-08-05 04:50:14
8995,8995,card,475.81,2025-09-07 01:03:57
8996,8996,card,732.71,2025-05-16 08:03:09
8997,8997,card,130.10,2025-05-18 13:32:38
8998,8998,cash,1447.97,2025-07-19 03:48:44
8999,8999,cash,696.97,2025-05-17 12:17:58
9000,9000,wallet,270.50,2025-10-02 19:46:11
9001,9001,wallet,338.32,2025-12-15 07:21:33
9002,9002,card,957.18,2025-01-20 02:03:05
9003,9003,\N,120.95,2025-11-23 18:13:11
9004,9004,\N,313.82,2025-11-23 21:36:16
9005,9005,\N,604.06,2025-12-11 04:17:05
9006,9006,card,62.49,2025-07-16 09:29:01
9007,9007,card,315.21,2025-09-17 00:38:11
9008,9008,card,448.87,2025-07-29 06:14:12
9009,9009,gift_card,1081.53,2025-06-10 10:31:17
9010,9010,cash,382.18,2025-11-19 17:54:28
9011,9011,wallet,233.78,2025-10-02 16:55:43
9012,9012,gift_card,312.96,2025-03-10 16:36:56
9013,9013,card,128.94,2025-08-29 19:03:00
9014,9014,card,11.69,2025-03-18 16:21:13
9015,9015,card,506.29,2025-08-10 20:13:53
9016,9016,card,555.80,2025-02-25 12:53:10
9017,9017,\N,642.17,2025-09-30 10:49:42
9018,9018,\N,276.26,2025-04-10 19:08:27
9019,9019,card,487.58,2025-07-09 17:28:23
9020,9020,card,1077.25,2025-05-30 22:44:09
9021,9021,wallet,1924.51,2025-12-06 06:20:06
9022,9022,card,589.88,2025-01-11 03:52:51
9023,9023,card,400.63,2025-03-17 10:00:12
9024,9024,gift_card,1532.64,2025-02-24 19:06:08
9025,9025,card,961.22,2025-07-24 18:10:40
9026,9026,cash,1107.26,2025-11-24 03:09:51
9027,9027,card,260.00,2025-08-08 01:44:07
9028,9028,wallet,419.68,2025-08-31 18:00:20
9029,9029,card,257.94,2025-10-23 21:31:49
9030,9030,wallet,1347.97,2025-01-10 04:29:08
9031,9031,\N,314.44,2025-04-20 21:57:23
9032,9032,\N,435.27,2025-12-30 17:03:38
9033,9033,wallet,191.06,2025-06-16 00:01:50
9034,9034,wallet,286.19,2025-02-10 05:39:54
9035,9035,card,177.21,2025-05-28 17:47:52
9036,9036,card,536.96,2025-10-09 03:25:19
9037,9037,gift_card,37.59,2025-08-11 22:20:14
9038,9038,card,350.09,2025-07-27 06:09:48
9039,9039,cash,698.92,2025-11-26 00:06:43
9040,9040,gift_card,213.25,2025-03-30 04:18:51
9041,9041,gift_card,575.34,2025-05-28 08:02:42
9042,9042,wallet,1053.42,2025-01-21 12:19:49
9043,9043,card,329.95,2025-02-06 04:07:11
9044,9044,cash,629.21,2025-02-03 15:05:33
9045,9045,\N,231.96,2025-07-25 06:56:25
9046,9046,\N,177.37,2025-07-11 05:45:42
9047,9047,cash,130.31,2025-08-02 12:54:14
9048,9048,card,701.85,2025-10-12 15:00:44
9049,9049,wallet,672.66,2025-08-06 17:49:52
9050,9050,card,258.68,2025-10-10 15:07:39
9051,9051,card,275.60,2025-01-26 12:34:59
9052,9052,cash,991.26,2025-01-22 08:42:22
9053,9053,wallet,830.41,2025-11-26 17:48:40
9054,9054,card,595.25,2025-01-16 16:19:33
9055,9055,card,204.71,2025-03-24 10:51:40
9056,9056,card,292.22,2025-11-11 11:33:36
9057,9057,card,592.36,2025-01-24 08:42:59
9058,9058,cash,201.90,2025-03-04 19:01:01
9059,9059,card,686.02,2025-01-09 15:18:57
9060,9060,wallet,616.08,2025-07-11 13:43:30
9061,9061,gift_card,372.61,2025-09-15 22:26:48
9062,9062,wallet,281.28,2025-04-08 00:07:57
9063,9063,card,914.13,2025-06-13 00:01:07
9064,9064,card,329.33,2025-02-14 01:36:13
9065,9065,gift_card,79.74,2025-01-13 20:19:55
9066,9066,\N,162.05,2025-12-20 02:45:25
9067,9067,wallet,288.09,2025-02-05 22:38:40
9068,9068,wallet,641.07,2025-07-14 10:32:47
9069,9069,\N,1165.60,2025-01-15 08:35:41
9070,9070,card,365.71,2025-05-02 11:32:54
9071,9071,card,196.49,2025-07-23 15:11:29
9072,9072,card,219.87,2025-01-04 18:20:55
9073,9073,card,1498.79,2025-04-13 00:26:22
9074,9074,wallet,1395.30,2025-02-22 19:43:50
9075,9075,card,1930.39,2025-10-18 06:46:21
9076,9076,\N,591.92,2025-08-15 16:48:17
9077,9077,card,30.75,2025-07-25 21:49:18
9078,9078,card,450.04,2025-03-01 10:15:38
9079,9079,\N,357.51,2025-08-27 22:24:54
9080,9080,card,1409.52,2025-11-07 14:23:05
9081,9081,gift_card,179.21,2025-08-27 10:58:53
9082,9082,card,204.71,2025-10-07 06:23:38
9083,9083,card,763.09,2025-06-28 21:26:17
9084,9084,cash,363.12,2025-03-09 07:17:40
9085,9085,wallet,126.54,2025-03-25 06:08:11
9086,9086,gift_card,757.60,2025-05-04 18:10:46
9087,9087,wallet,430.53,2025-06-25 14:46:55
9088,9088,cash,52.77,2025-03-04 19:05:20
9089,9089,gift_card,1113.24,2025-11-12 11:45:30
9090,9090,wallet,698.02,2025-06-23 09:41:04
9091,9091,card,155.70,2025-07-24 12:05:00
9092,9092,card,330.94,2025-03-12 02:16:24
9093,9093,wallet,697.94,2025-07-09 01:45:35
9094,9094,cash,1056.48,2025-09-06 03:06:14
9095,9095,gift_card,200.94,2025-07-09 03:41:54
9096,9096,\N,37.10,2025-10-26 07:37:07
9097,9097,card,100.76,2025-09-06 07:44:11
9098,9098,wallet,41.82,2025-11-11 04:29:08
9099,9099,card,448.88,2025-10-01 06:08:24
9100,9100,card,108.04,2025-10-16 22:21:44
9101,9101,cash,124.72,2025-12-12 06:46:24
9102,9102,cash,386.38,2025-06-22 12:08:22
9103,9103,card,300.32,2025-03-12 12:28:04
9104,9104,gift_card,554.11,2025-04-24 18:41:39
9105,9105,card,459.40,2025-12-02 20:08:11
9106,9106,gift_card,1497.15,2025-12-20 12:50:55
9107,9107,wallet,354.62,2025-04-25 01:10:05
9108,9108,cash,165.42,2025-09-11 21:55:04
9109,9109,cash,217.06,2025-05-22 16:35:07
9110,9110,\N,986.43,2025-06-19 09:50:26
9111,9111,wallet,679.89,2025-03-14 19:07:31
9112,9112,card,920.93,2025-12-26 08:07:28
9113,9113,\N,475.24,2025-10-22 06:20:35
9114,9114,wallet,196.21,2025-08-15 05:36:05
9115,9115,\N,1217.99,2025-03-31 01:01:23
9116,9116,card,153.74,2025-11-15 02:24:46
9117,9117,\N,288.10,2025-07-21 11:16:34
9118,9118,card,185.11,2025-03-09 11:32:28
9119,9119,card,782.98,2025-08-15 08:20:20
9120,9120,card,421.74,2025-12-10 23:21:59
9121,9121,card,765.27,2025-09-10 11:21:11
9122,9122,cash,643.70,2025-10-19 07:45:44
9123,9123,card,540.15,2025-04-25 10:12:01
9124,9124,\N,1181.41,2025-10-20 08:05:57
9125,9125,card,316.18,2025-08-01 19:37:48
9126,9126,wallet,637.18,2025-12-14 08:01:25
9127,9127,wallet,509.23,2025-02-20 14:04:59
9128,9128,wallet,414.40,2025-09-29 18:36:32
9129,9129,gift_card,499.14,2025-10-05 06:16:02
9130,9130,card,363.06,2025-09-22 16:28:00
9131,9131,gift_card,1793.65,2025-12-10 12:02:29
9132,9132,card,543.94,2025-08-26 23:03:58
9133,9133,wallet,1182.79,2025-01-31 12:37:40
9134,9134,card,271.73,2025-10-20 22:17:36
9135,9135,gift_card,781.38,2025-03-06 03:01:53
9136,9136,cash,1072.53,2025-01-26 12:55:14
9137,9137,cash,834.05,2025-10-11 21:52:14
9138,9138,card,1097.07,2025-12-11 07:47:49
9139,9139,card,1074.62,2025-08-09 05:38:27
9140,9140,card,366.62,2025-01-13 14:07:34
9141,9141,card,490.17,2025-09-20 04:02:15
9142,9142,card,243.74,2025-12-26 10:13:43
9143,9143,wallet,550.57,2025-04-19 03:53:53
9144,9144,\N,231.86,2025-06-16 13:56:03
9145,9145,card,147.51,2025-05-20 06:03:16
9146,9146,cash,357.84,2025-09-12 08:23:43
9147,9147,cash,557.04,2025-03-08 00:24:00
9148,9148,cash,341.05,2025-08-25 14:19:36
9149,9149,cash,602.87,2025-07-18 05:38:41
9150,9150,card,94.06,2025-02-21 07:33:08
9151,9151,cash,1410.28,2025-06-05 21:48:16
9152,9152,gift_card,331.42,2025-09-04 06:12:50
9153,9153,cash,856.72,2025-09-27 16:23:21
9154,9154,card,89.03,2025-12-14 09:17:40
9155,9155,gift_card,193.29,2025-08-05 10:07:08
9156,9156,gift_card,237.43,2025-08-30 16:13:26
9157,9157,card,662.16,2025-12-22 10:25:45
9158,9158,wallet,214.75,2025-08-27 13:03:58
9159,9159,\N,391.76,2025-11-20 18:42:05
9160,9160,wallet,848.72,2025-01-15 20:13:49
9161,9161,wallet,163.96,2025-03-24 22:48:35
9162,9162,gift_card,342.67,2025-11-10 20:00:07
9163,9163,gift_card,1251.37,2025-08-05 08:55:01
9164,9164,card,438.76,2025-12-07 23:59:44
9165,9165,\N,607.25,2025-09-04 01:35:01
9166,9166,card,458.07,2025-04-13 13:22:10
9167,9167,cash,64.01,2025-09-23 04:18:14
9168,9168,card,946.45,2025-01-29 11:51:57
9169,9169,gift_card,1067.43,2025-01-25 18:55:48
9170,9170,card,941.52,2025-07-23 06:17:53
9171,9171,card,744.10,2025-10-30 12:24:29
9172,9172,card,391.86,2025-08-17 10:03:27
9173,9173,card,272.64,2025-06-28 03:18:44
9174,9174,card,324.77,2025-02-13 15:52:14
9175,9175,card,95.22,2025-12-28 16:48:27
9176,9176,card,279.59,2025-04-27 01:25:58
9177,9177,card,1116.43,2025-03-02 17:02:51
9178,9178,card,137.68,2025-11-23 08:51:34
9179,9179,\N,747.24,2025-08-11 22:39:49
9180,9180,card,273.83,2025-06-07 16:46:05
9181,9181,card,473.10,2025-01-24 20:48:11
9182,9182,card,203.72,2025-03-31 23:52:13
9183,9183,wallet,409.88,2025-01-06 13:31:45
9184,9184,wallet,194.72,2025-10-14 17:18:49
9185,9185,card,827.30,2025-09-24 18:18:26
9186,9186,cash,168.51,2025-08-15 12:20:11
9187,9187,wallet,158.09,2025-11-20 01:03:48
9188,9188,card,155.78,2025-03-14 14:41:18
9189,9189,card,315.86,2025-04-21 16:07:27
9190,9190,\N,325.50,2025-05-28 19:54:37
9191,9191,cash,1256.59,2025-06-21 04:29:20
9192,9192,wallet,261.86,2025-12-30 04:37:52
9193,9193,\N,333.00,2025-09-04 23:42:47
9194,9194,\N,374.73,2025-12-29 03:19:19
9195,9195,card,485.75,2025-11-07 16:45:32
9196,9196,card,170.23,2025-07-08 05:36:46
9197,9197,card,219.96,2025-03-09 04:39:53
9198,9198,card,316.19,2025-05-16 04:22:46
9199,9199,\N,334.52,2025-06-07 00:03:12
9200,9200,wallet,119.16,2025-03-28 15:11:00
9201,9201,card,571.86,2025-03-01 11:47:26
9202,9202,card,743.93,2025-01-28 16:07:45
9203,9203,cash,91.66,2025-02-27 22:00:21
9204,9204,card,637.08,2025-04-25 15:53:56
9205,9205,card,581.22,2025-01-28 22:09:35
9206,9206,card,186.15,2025-11-20 06:57:53
9207,9207,\N,886.29,2025-05-05 11:15:29
9208,9208,wallet,221.98,2025-03-19 06:59:14
9209,9209,cash,1138.63,2025-06-18 13:34:58
9210,9210,card,360.27,2025-10-04 22:25:09
9211,9211,gift_card,1500.57,2025-03-11 12:31:59
9212,9212,card,907.40,2025-07-16 17:30:44
9213,9213,card,1100.61,2025-07-01 12:00:44
9214,9214,\N,248.32,2025-02-01 17:59:42
9215,9215,card,211.05,2025-01-29 16:33:26
9216,9216,gift_card,382.74,2025-12-02 17:01:31
9217,9217,card,763.75,2025-02-05 08:50:14
9218,9218,wallet,898.01,2025-03-31 00:11:40
9219,9219,\N,2567.73,2025-10-30 17:52:08
9220,9220,wallet,284.41,2025-12-13 10:42:48
9221,9221,wallet,85.14,2025-12-25 08:50:54
9222,9222,card,1160.39,2025-02-14 06:41:55
9223,9223,\N,194.44,2025-07-23 16:06:58
9224,9224,card,240.67,2025-10-10 04:53:10
9225,9225,\N,280.79,2025-06-05 17:52:30
9226,9226,gift_card,691.82,2025-12-08 09:32:20
9227,9227,card,921.82,2025-02-03 09:16:09
9228,9228,wallet,183.49,2025-06-08 00:02:23
9229,9229,wallet,127.30,2025-06-19 09:03:54
9230,9230,cash,256.92,2025-06-23 21:42:58
9231,9231,card,511.28,2025-07-20 03:24:01
9232,9232,cash,1275.08,2025-02-09 02:18:48
9233,9233,card,217.56,2025-08-28 06:16:49
9234,9234,wallet,442.13,2025-03-01 01:35:02
9235,9235,card,932.12,2025-06-18 13:26:42
9236,9236,card,425.12,2025-06-08 04:12:39
9237,9237,gift_card,48.88,2025-06-29 22:32:03
9238,9238,\N,656.08,2025-04-04 10:15:24
9239,9239,gift_card,787.71,2025-04-06 10:06:30
9240,9240,cash,350.55,2025-02-27 05:53:11
9241,9241,\N,101.02,2025-04-03 10:09:45
9242,9242,cash,265.87,2025-04-18 20:17:59
9243,9243,card,343.47,2025-02-08 14:24:36
9244,9244,cash,349.09,2025-11-08 14:02:03
9245,9245,gift_card,298.04,2025-12-06 05:09:00
9246,9246,card,522.96,2025-03-06 10:44:51
9247,9247,card,559.37,2025-05-09 01:34:52
9248,9248,wallet,183.49,2025-04-16 01:24:30
9249,9249,wallet,170.67,2025-05-12 22:53:25
9250,9250,card,105.81,2025-05-12 19:37:31
9251,9251,gift_card,208.58,2025-08-22 08:56:44
9252,9252,card,689.27,2025-03-03 02:55:51
9253,9253,card,320.60,2025-11-18 14:27:31
9254,9254,cash,1251.51,2025-10-31 23:41:38
9255,9255,card,162.79,2025-03-27 10:14:28
9256,9256,gift_card,326.69,2025-01-27 15:37:23
9257,9257,card,647.06,2025-02-11 00:45:01
9258,9258,wallet,285.46,2025-07-02 11:02:55
9259,9259,card,576.90,2025-11-09 01:28:58
9260,9260,card,1432.08,2025-11-27 23:53:32
9261,9261,cash,276.29,2025-05-25 02:14:45
9262,9262,gift_card,70.27,2025-05-07 16:44:48
9263,9263,cash,264.00,2025-09-29 12:11:41
9264,9264,card,351.21,2025-06-08 16:45:47
9265,9265,card,797.77,2025-11-26 23:03:49
9266,9266,card,98.39,2025-12-21 20:24:59
9267,9267,card,64.83,2025-07-16 07:03:59
9268,9268,cash,1460.83,2025-02-18 21:19:18
9269,9269,card,1307.90,2025-08-04 04:45:41
9270,9270,card,710.73,2025-08-23 13:11:29
9271,9271,card,257.30,2025-06-14 07:07:28
9272,9272,\N,165.12,2025-06-24 16:50:16
9273,9273,card,433.98,2025-09-24 09:35:59
9274,9274,card,869.14,2025-10-14 09:24:02
9275,9275,wallet,110.59,2025-08-03 08:52:07
9276,9276,card,533.47,2025-10-12 15:09:31
9277,9277,cash,278.19,2025-01-05 22:24:35
9278,9278,wallet,105.71,2025-04-01 19:39:06
9279,9279,card,141.28,2025-10-12 12:57:31
9280,9280,card,380.75,2025-12-29 03:27:04
9281,9281,cash,1219.76,2025-04-07 18:31:22
9282,9282,cash,858.85,2025-02-01 12:00:45
9283,9283,cash,263.70,2025-11-18 13:03:58
9284,9284,card,254.56,2025-05-03 12:42:10
9285,9285,card,592.85,2025-01-09 10:38:24
9286,9286,card,396.38,2025-12-04 20:17:15
9287,9287,gift_card,99.96,2025-01-19 21:33:05
9288,9288,card,126.02,2025-10-11 21:54:37
9289,9289,card,172.08,2025-05-23 11:33:43
9290,9290,card,738.75,2025-01-22 11:59:18
9291,9291,gift_card,291.23,2025-11-24 15:32:39
9292,9292,card,113.19,2025-12-07 18:09:34
9293,9293,gift_card,298.16,2025-05-26 18:25:06
9294,9294,card,1408.48,2025-08-22 00:08:10
9295,9295,card,168.90,2025-05-15 13:50:21
9296,9296,cash,451.82,2025-05-17 06:00:03
9297,9297,\N,125.88,2025-01-14 11:30:05
9298,9298,card,359.58,2025-05-16 01:12:05
9299,9299,wallet,516.06,2025-08-19 05:19:17
9300,9300,card,2219.42,2025-11-03 02:48:56
9301,9301,card,115.27,2025-03-16 19:25:57
9302,9302,\N,323.01,2025-01-22 23:13:51
9303,9303,wallet,570.90,2025-10-29 16:22:56
9304,9304,cash,282.14,2025-10-09 16:03:32
9305,9305,cash,1252.40,2025-05-19 18:07:52
9306,9306,\N,1796.15,2025-01-19 23:17:18
9307,9307,card,351.94,2025-07-11 11:50:44
9308,9308,wallet,86.43,2025-05-03 04:44:30
9309,9309,\N,272.09,2025-02-12 01:44:53
9310,9310,card,311.56,2025-02-22 19:00:44
9311,9311,card,513.54,2025-01-15 22:32:01
9312,9312,card,288.09,2025-08-14 01:26:17
9313,9313,gift_card,463.92,2025-10-10 05:35:48
9314,9314,card,532.02,2025-12-22 04:27:08
9315,9315,cash,207.22,2025-11-11 09:38:22
9316,9316,card,188.54,2025-02-02 04:28:24
9317,9317,cash,296.73,2025-01-29 19:04:41
9318,9318,card,1181.62,2025-02-09 12:13:03
9319,9319,card,225.75,2025-12-17 15:34:52
9320,9320,card,229.78,2025-11-27 20:52:07
9321,9321,card,218.86,2025-06-22 11:07:16
9322,9322,card,639.78,2025-10-30 04:38:40
9323,9323,gift_card,292.59,2025-09-05 15:46:18
9324,9324,card,227.28,2025-06-29 07:14:23
9325,9325,\N,313.10,2025-12-21 11:16:33
9326,9326,card,826.62,2025-01-10 00:20:04
9327,9327,card,1662.01,2025-06-19 20:05:05
9328,9328,card,633.81,2025-04-24 22:55:14
9329,9329,cash,194.30,2025-12-10 11:55:08
9330,9330,wallet,221.47,2025-02-16 20:39:46
9331,9331,gift_card,394.82,2025-12-13 04:36:52
9332,9332,gift_card,271.33,2025-12-09 09:00:35
9333,9333,\N,1823.77,2025-10-20 10:18:46
9334,9334,wallet,193.13,2025-07-24 17:29:12
9335,9335,cash,897.45,2025-09-09 04:08:53
9336,9336,\N,649.04,2025-12-08 14:43:37
9337,9337,wallet,121.38,2025-10-04 08:35:09
9338,9338,wallet,228.28,2025-01-30 06:38:45
9339,9339,card,203.29,2025-09-09 13:13:58
9340,9340,card,750.81,2025-10-12 08:29:31
9341,9341,gift_card,1622.86,2025-10-26 15:09:11
9342,9342,\N,937.56,2025-12-20 10:41:28
9343,9343,\N,278.40,2025-08-19 10:24:25
9344,9344,gift_card,665.83,2025-03-21 21:43:25
9345,9345,card,67.60,2025-02-23 05:27:43
9346,9346,gift_card,49.78,2025-05-26 06:11:22
9347,9347,card,119.42,2025-07-06 00:19:03
9348,9348,card,308.22,2025-08-23 16:55:27
9349,9349,card,1129.35,2025-07-21 21:57:35
9350,9350,gift_card,562.62,2025-02-02 02:21:03
9351,9351,card,1104.78,2025-05-27 16:08:59
9352,9352,card,309.18,2025-11-14 04:47:56
9353,9353,card,308.57,2025-09-23 14:52:16
9354,9354,cash,339.41,2025-11-03 13:00:15
9355,9355,wallet,91.09,2025-06-14 21:31:15
9356,9356,\N,272.77,2025-05-22 22:21:43
9357,9357,\N,277.00,2025-02-10 08:46:47
9358,9358,\N,321.05,2025-09-06 11:50:16
9359,9359,\N,115.50,2025-09-15 14:38:57
9360,9360,card,1951.75,2025-06-08 00:25:14
9361,9361,card,366.59,2025-03-10 18:31:18
9362,9362,card,606.46,2025-07-02 09:20:33
9363,9363,gift_card,677.29,2025-09-28 17:16:12
9364,9364,\N,360.31,2025-05-23 16:52:54
9365,9365,wallet,452.54,2025-07-16 02:43:32
9366,9366,card,1137.40,2025-04-21 21:49:34
9367,9367,card,915.68,2025-02-06 07:33:39
9368,9368,card,193.55,2025-09-03 01:07:04
9369,9369,cash,1741.38,2025-11-29 23:44:56
9370,9370,card,871.95,2025-02-12 00:12:08
9371,9371,card,350.80,2025-02-25 19:04:03
9372,9372,cash,1319.91,2025-10-22 08:58:29
9373,9373,card,569.86,2025-04-06 08:43:24
9374,9374,card,1534.56,2025-10-16 13:09:31
9375,9375,card,20.31,2025-07-11 09:07:27
9376,9376,cash,641.12,2025-07-09 10:49:41
9377,9377,\N,454.59,2025-11-09 18:02:03
9378,9378,card,610.34,2025-06-26 14:59:01
9379,9379,gift_card,472.07,2025-02-04 03:38:04
9380,9380,card,207.73,2025-12-05 11:47:27
9381,9381,gift_card,722.12,2025-03-08 19:46:39
9382,9382,\N,256.13,2025-02-20 13:59:34
9383,9383,card,223.42,2025-11-24 13:17:46
9384,9384,cash,1109.04,2025-01-16 04:09:03
9385,9385,cash,353.12,2025-05-17 03:05:33
9386,9386,card,815.28,2025-01-02 16:44:56
9387,9387,gift_card,679.42,2025-04-02 22:35:33
9388,9388,wallet,116.19,2025-04-09 04:52:39
9389,9389,card,335.86,2025-01-21 21:59:06
9390,9390,gift_card,472.35,2025-09-03 11:16:02
9391,9391,gift_card,333.87,2025-07-25 19:01:05
9392,9392,card,1041.76,2025-09-05 02:11:59
9393,9393,gift_card,731.39,2025-04-28 14:36:45
9394,9394,card,44.11,2025-08-17 14:35:41
9395,9395,card,1019.01,2025-01-09 15:39:38
9396,9396,card,362.10,2025-07-25 22:30:43
9397,9397,gift_card,545.25,2025-06-20 10:45:19
9398,9398,cash,215.52,2025-05-08 11:57:14
9399,9399,card,314.85,2025-09-12 06:45:50
9400,9400,card,406.54,2025-02-11 02:13:46
9401,9401,card,102.05,2025-12-18 09:50:56
9402,9402,wallet,162.49,2025-05-22 21:10:00
9403,9403,wallet,106.52,2025-06-02 14:24:45
9404,9404,card,45.60,2025-02-19 22:41:51
9405,9405,gift_card,82.70,2025-08-26 09:43:39
9406,9406,cash,618.28,2025-10-28 09:14:28
9407,9407,card,320.10,2025-09-01 07:35:43
9408,9408,gift_card,742.96,2025-09-17 19:58:08
9409,9409,gift_card,145.82,2025-03-12 09:07:19
9410,9410,cash,688.56,2025-06-09 10:27:31
9411,9411,wallet,389.96,2025-12-11 00:54:35
9412,9412,card,766.24,2025-01-28 01:00:09
9413,9413,card,1146.01,2025-04-09 19:16:55
9414,9414,card,183.84,2025-12-20 01:53:33
9415,9415,card,203.98,2025-04-16 05:40:59
9416,9416,gift_card,1200.32,2025-04-04 04:43:42
9417,9417,cash,802.26,2025-09-12 17:58:15
9418,9418,cash,360.27,2025-03-16 00:47:12
9419,9419,card,114.36,2025-09-29 22:33:15
9420,9420,cash,887.36,2025-11-22 21:37:14
9421,9421,card,1497.61,2025-10-25 05:27:45
9422,9422,card,179.26,2025-03-15 12:04:18
9423,9423,wallet,293.94,2025-05-30 09:48:32
9424,9424,cash,316.03,2025-06-21 14:58:37
9425,9425,card,516.96,2025-05-20 04:46:30
9426,9426,cash,242.73,2025-12-16 15:16:21
9427,9427,card,305.89,2025-08-11 22:47:23
9428,9428,\N,870.70,2025-07-07 04:36:08
9429,9429,gift_card,158.67,2025-10-15 02:31:30
9430,9430,gift_card,174.42,2025-12-12 08:05:50
9431,9431,wallet,392.64,2025-11-10 09:38:24
9432,9432,card,197.65,2025-06-08 19:21:04
9433,9433,card,166.40,2025-05-20 05:44:38
9434,9434,cash,153.78,2025-03-24 07:41:35
9435,9435,card,102.65,2025-05-22 06:59:33
9436,9436,card,638.31,2025-12-30 08:56:29
9437,9437,card,141.82,2025-07-15 03:07:30
9438,9438,card,590.73,2025-06-14 05:27:10
9439,9439,card,803.51,2025-09-01 04:49:00
9440,9440,cash,68.74,2025-04-09 15:08:41
9441,9441,cash,588.27,2025-02-03 14:52:58
9442,9442,card,223.38,2025-04-16 20:16:09
9443,9443,gift_card,379.72,2025-02-06 22:47:22
9444,9444,gift_card,496.38,2025-03-25 14:02:49
9445,9445,wallet,1323.02,2025-11-07 20:25:00
9446,9446,card,726.29,2025-11-22 10:06:19
9447,9447,\N,194.28,2025-11-25 17:13:50
9448,9448,card,288.85,2025-01-30 00:01:40
9449,9449,cash,150.79,2025-12-09 19:51:04
9450,9450,card,196.21,2025-11-05 17:37:36
9451,9451,wallet,1428.69,2025-06-16 17:01:08
9452,9452,wallet,348.87,2025-05-09 16:54:33
9453,9453,wallet,142.13,2025-08-22 03:49:16
9454,9454,gift_card,134.40,2025-08-27 21:36:46
9455,9455,wallet,303.31,2025-01-01 03:08:45
9456,9456,card,1006.25,2025-06-07 09:23:33
9457,9457,wallet,740.64,2025-10-13 16:58:15
9458,9458,cash,808.04,2025-10-25 02:38:44
9459,9459,cash,1204.34,2025-11-04 19:51:47
9460,9460,card,1031.01,2025-09-10 06:59:14
9461,9461,cash,64.97,2025-07-31 12:35:48
9462,9462,wallet,45.99,2025-04-24 17:14:50
9463,9463,card,1152.77,2025-12-09 03:35:33
9464,9464,card,281.28,2025-10-11 06:35:03
9465,9465,gift_card,329.41,2025-02-12 22:04:35
9466,9466,card,306.37,2025-10-31 03:32:28
9467,9467,gift_card,289.68,2025-10-04 11:55:11
9468,9468,cash,11.30,2025-05-16 23:01:03
9469,9469,\N,99.09,2025-03-24 09:04:38
9470,9470,card,88.89,2025-07-10 15:10:19
9471,9471,gift_card,398.61,2025-01-26 00:48:20
9472,9472,\N,675.29,2025-05-21 09:19:45
9473,9473,gift_card,422.74,2025-02-02 10:27:54
9474,9474,card,575.36,2025-07-29 09:13:38
9475,9475,card,22.98,2025-03-10 01:04:59
9476,9476,wallet,515.92,2025-12-06 20:17:09
9477,9477,gift_card,437.20,2025-09-28 16:44:07
9478,9478,gift_card,483.48,2025-07-15 01:35:55
9479,9479,\N,217.80,2025-02-18 00:18:34
9480,9480,\N,524.86,2025-02-01 09:49:10
9481,9481,cash,963.42,2025-11-23 17:28:36
9482,9482,card,750.45,2025-01-05 05:53:47
9483,9483,card,650.58,2025-06-02 12:56:10
9484,9484,gift_card,847.32,2025-09-27 12:51:13
9485,9485,gift_card,311.63,2025-07-17 14:02:41
9486,9486,wallet,456.99,2025-12-13 12:59:22
9487,9487,gift_card,1398.69,2025-04-06 10:38:17
9488,9488,card,1056.32,2025-09-08 05:44:15
9489,9489,cash,442.68,2025-02-21 23:55:23
9490,9490,cash,269.09,2025-02-08 14:57:57
9491,9491,gift_card,439.22,2025-02-14 01:10:41
9492,9492,card,89.12,2025-03-08 21:46:04
9493,9493,card,730.91,2025-07-05 17:31:16
9494,9494,wallet,566.82,2025-10-07 06:59:15
9495,9495,gift_card,446.34,2025-03-25 13:30:42
9496,9496,gift_card,163.74,2025-05-22 08:39:29
9497,9497,card,1164.84,2025-01-31 23:56:38
9498,9498,gift_card,447.34,2025-11-05 16:23:46
9499,9499,card,1416.80,2025-05-23 19:12:18
9500,9500,gift_card,301.42,2025-08-03 17:48:47
9501,9501,gift_card,783.44,2025-07-19 13:12:37
9502,9502,card,779.96,2025-06-22 15:24:39
9503,9503,\N,628.52,2025-11-22 03:56:50
9504,9504,wallet,332.80,2025-01-24 18:59:05
9505,9505,cash,46.53,2025-04-29 20:37:12
9506,9506,card,1167.91,2025-10-28 18:29:41
9507,9507,wallet,611.16,2025-06-30 01:02:16
9508,9508,card,566.23,2025-06-16 13:16:39
9509,9509,card,659.27,2025-12-19 23:55:30
9510,9510,card,939.92,2025-08-11 09:24:39
9511,9511,gift_card,1561.37,2025-11-16 10:00:26
9512,9512,card,288.96,2025-08-14 18:31:17
9513,9513,card,583.72,2025-04-07 01:00:20
9514,9514,wallet,1039.97,2025-07-12 22:11:06
9515,9515,gift_card,122.38,2025-10-17 07:39:49
9516,9516,cash,488.28,2025-08-08 19:33:48
9517,9517,gift_card,273.69,2025-01-28 02:14:18
9518,9518,cash,641.74,2025-08-30 22:54:37
9519,9519,\N,421.11,2025-09-08 05:59:52
9520,9520,card,1256.24,2025-12-10 04:35:13
9521,9521,card,578.49,2025-11-29 00:02:28
9522,9522,wallet,451.72,2025-05-04 02:27:23
9523,9523,wallet,228.78,2025-06-17 14:55:45
9524,9524,\N,248.31,2025-01-24 00:37:39
9525,9525,gift_card,292.14,2025-05-28 10:42:28
9526,9526,card,466.37,2025-12-27 04:19:06
9527,9527,wallet,144.37,2025-12-13 12:54:33
9528,9528,\N,350.23,2025-07-15 04:49:19
9529,9529,wallet,58.57,2025-05-04 00:06:11
9530,9530,card,823.63,2025-09-14 02:52:36
9531,9531,card,366.16,2025-05-31 09:12:42
9532,9532,card,281.40,2025-11-30 18:55:30
9533,9533,card,449.66,2025-11-15 19:52:20
9534,9534,card,482.22,2025-02-03 15:17:49
9535,9535,card,521.00,2025-12-30 22:37:32
9536,9536,cash,33.83,2025-10-20 03:17:33
9537,9537,card,467.62,2025-04-30 14:03:36
9538,9538,card,282.83,2025-05-29 01:56:36
9539,9539,card,452.04,2025-09-20 01:18:22
9540,9540,gift_card,987.58,2025-03-29 23:00:04
9541,9541,card,240.56,2025-10-25 18:48:24
9542,9542,cash,255.55,2025-11-12 19:57:50
9543,9543,card,579.11,2025-01-29 05:19:02
9544,9544,gift_card,541.94,2025-07-11 07:03:25
9545,9545,wallet,384.98,2025-07-13 12:29:55
9546,9546,card,402.90,2025-09-08 15:50:04
9547,9547,card,1054.14,2025-03-06 01:16:53
9548,9548,cash,479.46,2025-12-13 04:05:44
9549,9549,gift_card,1486.08,2025-08-12 06:19:33
9550,9550,\N,314.02,2025-05-13 14:26:57
9551,9551,gift_card,584.62,2025-03-28 04:17:16
9552,9552,card,433.70,2025-08-31 16:55:32
9553,9553,card,602.30,2025-09-02 10:27:49
9554,9554,card,130.62,2025-04-16 06:04:40
9555,9555,card,410.44,2025-12-27 08:42:38
9556,9556,cash,475.76,2025-03-20 23:10:58
9557,9557,cash,218.60,2025-01-11 13:31:38
9558,9558,card,1240.99,2025-01-23 02:09:25
9559,9559,cash,495.73,2025-04-17 20:54:00
9560,9560,gift_card,118.74,2025-12-05 17:37:21
9561,9561,cash,220.43,2025-11-22 00:51:33
9562,9562,card,1115.90,2025-11-30 09:56:29
9563,9563,card,876.77,2025-07-31 13:20:39
9564,9564,card,203.84,2025-08-16 11:12:28
9565,9565,wallet,612.74,2025-08-02 13:00:22
9566,9566,gift_card,718.64,2025-05-18 18:44:43
9567,9567,card,18.48,2025-03-17 00:35:27
9568,9568,cash,97.20,2025-08-15 12:53:44
9569,9569,wallet,513.63,2025-02-09 10:16:22
9570,9570,card,1155.74,2025-10-26 17:28:20
9571,9571,wallet,264.95,2025-07-30 00:48:30
9572,9572,card,202.32,2025-05-11 14:14:37
9573,9573,card,642.49,2025-10-03 19:19:38
9574,9574,card,247.18,2025-01-26 02:56:37
9575,9575,card,223.93,2025-02-05 15:08:41
9576,9576,wallet,127.94,2025-11-05 10:59:54
9577,9577,card,602.55,2025-01-25 15:39:35
9578,9578,wallet,1100.37,2025-09-29 05:25:40
9579,9579,gift_card,657.93,2025-04-11 23:55:43
9580,9580,cash,1045.87,2025-06-08 16:19:01
9581,9581,card,42.12,2025-01-23 13:11:50
9582,9582,card,1079.84,2025-01-30 02:19:08
9583,9583,cash,589.55,2025-07-14 09:33:43
9584,9584,cash,448.17,2025-12-20 09:59:31
9585,9585,wallet,852.95,2025-10-20 05:34:52
9586,9586,card,131.15,2025-05-19 19:26:50
9587,9587,wallet,886.59,2025-10-12 16:17:00
9588,9588,wallet,572.55,2025-08-20 17:45:01
9589,9589,card,668.51,2025-12-02 08:18:42
9590,9590,gift_card,114.79,2025-04-18 20:47:01
9591,9591,gift_card,120.45,2025-11-30 20:22:54
9592,9592,card,180.44,2025-12-07 19:20:00
9593,9593,wallet,30.85,2025-09-13 13:57:52
9594,9594,cash,205.36,2025-06-21 08:28:08
9595,9595,card,353.09,2025-12-03 13:22:22
9596,9596,card,298.36,2025-01-14 11:16:47
9597,9597,card,327.18,2025-12-17 15:42:09
9598,9598,card,764.74,2025-11-30 07:40:58
9599,9599,cash,1164.36,2025-07-27 00:07:10
9600,9600,card,1386.54,2025-04-16 18:48:57
9601,9601,wallet,745.26,2025-08-09 23:30:36
9602,9602,cash,507.88,2025-09-22 10:28:26
9603,9603,\N,435.89,2025-04-11 18:54:40
9604,9604,card,246.15,2025-05-15 02:56:09
9605,9605,wallet,683.16,2025-04-13 03:49:08
9606,9606,card,207.14,2025-08-01 23:01:25
9607,9607,\N,1221.47,2025-12-28 22:30:01
9608,9608,card,260.15,2025-04-01 05:34:27
9609,9609,gift_card,338.99,2025-12-13 23:26:19
9610,9610,wallet,231.96,2025-06-06 13:25:38
9611,9611,wallet,1234.92,2025-10-31 03:40:20
9612,9612,\N,326.49,2025-11-11 00:16:21
9613,9613,\N,838.13,2025-03-29 00:57:16
9614,9614,wallet,20.91,2025-01-13 18:17:43
9615,9615,card,645.13,2025-11-16 11:05:35
9616,9616,gift_card,812.18,2025-06-13 10:32:30
9617,9617,wallet,386.33,2025-08-10 21:39:38
9618,9618,card,1145.86,2025-01-21 17:41:44
9619,9619,card,1316.77,2025-07-17 06:51:36
9620,9620,\N,1161.90,2025-07-29 12:21:49
9621,9621,cash,1719.75,2025-02-28 00:37:46
9622,9622,card,284.62,2025-06-16 18:12:56
9623,9623,cash,578.14,2025-05-18 21:27:18
9624,9624,card,1644.71,2025-04-30 16:11:07
9625,9625,gift_card,49.06,2025-03-23 11:07:44
9626,9626,gift_card,312.90,2025-03-09 19:12:57
9627,9627,card,170.58,2025-02-13 09:07:54
9628,9628,cash,316.14,2025-10-08 12:30:55
9629,9629,card,1187.58,2025-04-17 06:16:19
9630,9630,wallet,434.71,2025-04-22 18:47:06
9631,9631,card,39.67,2025-03-24 05:37:41
9632,9632,card,862.83,2025-02-13 01:49:58
9633,9633,card,340.48,2025-09-07 15:44:15
9634,9634,wallet,303.18,2025-12-19 19:34:05
9635,9635,\N,210.75,2025-06-12 16:03:54
9636,9636,card,1172.88,2025-04-09 03:41:07
9637,9637,cash,271.32,2025-06-19 03:31:24
9638,9638,\N,293.34,2025-10-08 17:04:47
9639,9639,gift_card,524.25,2025-10-21 17:18:09
9640,9640,\N,297.79,2025-10-02 01:30:18
9641,9641,cash,1507.66,2025-05-13 14:30:15
9642,9642,card,526.07,2025-09-17 19:18:53
9643,9643,card,1158.38,2025-11-09 14:07:08
9644,9644,card,174.49,2025-04-14 17:58:19
9645,9645,\N,561.34,2025-02-26 22:33:26
9646,9646,gift_card,414.12,2025-06-02 14:24:32
9647,9647,gift_card,613.93,2025-04-28 17:00:33
9648,9648,card,318.18,2025-07-25 22:05:45
9649,9649,card,1093.18,2025-09-18 01:41:49
9650,9650,card,524.84,2025-08-11 21:03:00
9651,9651,wallet,280.18,2025-04-11 06:47:50
9652,9652,card,641.37,2025-11-09 04:46:18
9653,9653,cash,595.43,2025-04-25 13:52:13
9654,9654,card,457.15,2025-12-17 18:01:51
9655,9655,card,1811.35,2025-12-17 04:37:18
9656,9656,gift_card,1211.94,2025-02-24 02:41:48
9657,9657,card,621.02,2025-05-05 05:55:15
9658,9658,card,265.24,2025-11-14 10:00:21
9659,9659,\N,347.02,2025-12-30 21:24:39
9660,9660,card,326.91,2025-10-18 05:11:07
9661,9661,\N,766.54,2025-06-25 10:20:54
9662,9662,card,342.40,2025-03-19 01:03:19
9663,9663,\N,436.46,2025-06-17 05:40:39
9664,9664,card,154.89,2025-04-16 04:27:15
9665,9665,card,331.91,2025-12-15 18:23:55
9666,9666,card,297.33,2025-09-27 05:11:39
9667,9667,cash,85.96,2025-05-19 06:45:52
9668,9668,gift_card,707.51,2025-08-20 16:01:44
9669,9669,\N,916.34,2025-05-12 16:34:50
9670,9670,gift_card,832.89,2025-06-25 23:16:01
9671,9671,card,842.09,2025-08-04 05:47:52
9672,9672,cash,1017.90,2025-10-31 02:36:19
9673,9673,\N,98.39,2025-06-13 06:33:51
9674,9674,cash,25.23,2025-06-26 08:48:55
9675,9675,card,1273.96,2025-12-30 02:18:58
9676,9676,card,313.58,2025-09-08 23:58:36
9677,9677,card,228.96,2025-11-15 00:23:56
9678,9678,card,288.66,2025-02-09 12:55:23
9679,9679,card,481.81,2025-02-16 02:21:36
9680,9680,gift_card,343.46,2025-03-11 03:55:09
9681,9681,card,603.15,2025-07-14 22:30:16
9682,9682,\N,330.22,2025-08-24 00:26:55
9683,9683,cash,287.32,2025-11-30 20:24:29
9684,9684,card,245.11,2025-12-02 14:24:20
9685,9685,card,119.73,2025-01-16 09:51:40
9686,9686,card,335.14,2025-09-24 12:37:38
9687,9687,\N,706.34,2025-10-17 17:45:21
9688,9688,wallet,1645.61,2025-12-29 22:38:48
9689,9689,cash,223.64,2025-06-25 23:17:30
9690,9690,cash,547.32,2025-07-16 06:25:41
9691,9691,wallet,714.83,2025-09-06 14:37:34
9692,9692,card,330.22,2025-08-30 12:55:28
9693,9693,card,110.09,2025-05-29 17:50:10
9694,9694,wallet,330.12,2025-05-19 16:45:03
9695,9695,cash,407.25,2025-04-09 21:50:29
9696,9696,gift_card,969.06,2025-05-16 21:47:45
9697,9697,gift_card,282.05,2025-10-03 21:58:13
9698,9698,\N,406.84,2025-05-22 10:22:40
9699,9699,cash,206.29,2025-09-28 22:17:30
9700,9700,card,1349.39,2025-05-27 18:45:08
9701,9701,card,358.16,2025-03-04 17:29:35
9702,9702,card,45.10,2025-05-05 00:29:31
9703,9703,card,385.31,2025-02-13 23:39:01
9704,9704,card,526.94,2025-02-24 08:14:24
9705,9705,card,938.42,2025-04-20 04:21:49
9706,9706,card,1045.14,2025-07-17 22:30:59
9707,9707,wallet,107.45,2025-07-24 13:22:36
9708,9708,card,1159.38,2025-11-10 09:03:11
9709,9709,\N,1017.20,2025-04-10 03:08:22
9710,9710,wallet,967.42,2025-09-06 16:14:21
9711,9711,card,85.28,2025-09-25 01:04:08
9712,9712,wallet,458.92,2025-06-04 00:12:41
9713,9713,gift_card,84.14,2025-02-18 08:32:05
9714,9714,gift_card,487.41,2025-11-17 20:40:06
9715,9715,cash,661.94,2025-11-30 11:58:30
9716,9716,card,84.76,2025-10-21 12:03:34
9717,9717,card,189.00,2025-09-03 10:16:35
9718,9718,card,367.83,2025-04-22 22:33:22
9719,9719,cash,499.00,2025-05-29 22:48:13
9720,9720,card,883.88,2025-07-08 18:06:22
9721,9721,card,166.58,2025-11-02 14:34:43
9722,9722,\N,1579.97,2025-06-18 03:08:28
9723,9723,\N,216.32,2025-03-02 08:01:22
9724,9724,wallet,275.29,2025-04-24 06:17:12
9725,9725,card,319.12,2025-05-25 22:38:07
9726,9726,wallet,1699.76,2025-12-13 16:10:16
9727,9727,card,362.50,2025-02-10 14:32:19
9728,9728,card,228.35,2025-04-23 20:43:55
9729,9729,card,755.89,2025-06-10 09:26:02
9730,9730,wallet,664.20,2025-04-27 01:27:29
9731,9731,card,875.81,2025-07-21 04:46:35
9732,9732,card,1839.96,2025-05-27 15:14:01
9733,9733,gift_card,140.28,2025-07-13 02:24:43
9734,9734,cash,497.74,2025-04-01 20:34:29
9735,9735,card,657.51,2025-02-16 04:55:29
9736,9736,gift_card,760.48,2025-08-05 22:17:31
9737,9737,\N,1346.39,2025-05-10 23:11:15
9738,9738,card,1067.30,2025-11-06 23:00:49
9739,9739,card,230.29,2025-05-24 17:55:22
9740,9740,wallet,655.50,2025-08-31 11:50:53
9741,9741,card,79.08,2025-02-07 19:01:49
9742,9742,\N,527.51,2025-06-18 10:09:39
9743,9743,card,4.87,2025-03-09 02:31:46
9744,9744,card,627.19,2025-08-02 12:10:15
9745,9745,wallet,1245.15,2025-01-17 20:34:07
9746,9746,card,264.44,2025-08-23 11:51:34
9747,9747,cash,927.63,2025-05-03 03:40:34
9748,9748,cash,844.81,2025-12-04 22:45:30
9749,9749,\N,135.57,2025-08-21 13:34:45
9750,9750,cash,158.68,2025-04-12 22:46:59
9751,9751,\N,145.73,2025-06-25 02:56:23
9752,9752,wallet,494.36,2025-10-22 18:00:48
9753,9753,\N,109.31,2025-02-21 18:39:15
9754,9754,gift_card,462.03,2025-12-13 10:54:53
9755,9755,card,801.54,2025-09-25 05:02:55
9756,9756,wallet,97.58,2025-12-10 12:10:19
9757,9757,card,287.51,2025-10-20 10:05:31
9758,9758,wallet,201.93,2025-04-25 18:49:54
9759,9759,gift_card,184.60,2025-02-01 08:51:51
9760,9760,\N,258.79,2025-03-10 23:39:31
9761,9761,card,350.70,2025-11-15 01:51:42
9762,9762,wallet,97.17,2025-10-23 01:01:52
9763,9763,card,369.11,2025-01-20 17:03:22
9764,9764,cash,38.01,2025-02-06 04:21:46
9765,9765,\N,284.61,2025-11-05 15:58:53
9766,9766,card,606.40,2025-03-09 06:52:50
9767,9767,gift_card,138.92,2025-06-13 03:42:50
9768,9768,wallet,339.62,2025-04-18 06:09:31
9769,9769,\N,145.72,2025-08-14 08:31:08
9770,9770,\N,979.95,2025-06-03 09:48:46
9771,9771,cash,183.25,2025-06-02 00:12:05
9772,9772,cash,811.95,2025-02-28 21:15:37
9773,9773,wallet,442.61,2025-08-12 19:10:52
9774,9774,card,1393.79,2025-08-10 19:26:32
9775,9775,gift_card,161.31,2025-02-03 09:17:01
9776,9776,wallet,328.23,2025-02-09 02:24:57
9777,9777,cash,773.55,2025-03-18 05:21:59
9778,9778,card,258.91,2025-11-11 22:17:43
9779,9779,cash,156.42,2025-12-03 03:06:52
9780,9780,card,198.11,2025-12-09 13:10:59
9781,9781,card,192.31,2025-06-02 09:15:31
9782,9782,cash,178.64,2025-03-27 21:33:00
9783,9783,wallet,894.40,2025-11-30 14:11:16
9784,9784,card,1153.19,2025-02-07 23:06:25
9785,9785,card,630.16,2025-06-18 05:39:17
9786,9786,card,893.10,2025-01-09 13:39:28
9787,9787,cash,344.52,2025-01-31 23:47:06
9788,9788,gift_card,508.46,2025-11-18 17:32:10
9789,9789,gift_card,316.16,2025-10-06 16:15:43
9790,9790,gift_card,411.87,2025-08-12 21:33:07
9791,9791,card,209.28,2025-11-15 14:01:56
9792,9792,card,48.98,2025-06-25 14:14:13
9793,9793,card,616.86,2025-08-10 17:00:53
9794,9794,cash,118.07,2025-03-31 19:37:16
9795,9795,cash,427.62,2025-07-19 16:55:56
9796,9796,wallet,249.52,2025-10-14 05:50:19
9797,9797,card,367.98,2025-12-17 18:58:48
9798,9798,card,105.42,2025-04-02 22:46:25
9799,9799,gift_card,525.18,2025-10-08 12:19:55
9800,9800,gift_card,580.87,2025-02-13 02:10:53
9801,9801,gift_card,272.44,2025-11-30 17:31:38
9802,9802,gift_card,760.20,2025-11-09 12:50:48
9803,9803,card,2102.94,2025-08-05 20:34:14
9804,9804,card,147.48,2025-03-19 21:41:27
9805,9805,card,592.84,2025-12-31 09:38:40
9806,9806,wallet,839.08,2025-04-22 14:35:15
9807,9807,gift_card,1011.62,2025-05-25 00:46:05
9808,9808,\N,1387.34,2025-01-29 18:33:33
9809,9809,card,627.70,2025-10-22 03:02:51
9810,9810,card,101.33,2025-03-25 10:15:20
9811,9811,card,1964.44,2025-01-21 21:32:06
9812,9812,gift_card,622.13,2025-12-09 08:47:01
9813,9813,\N,800.42,2025-02-12 15:59:51
9814,9814,gift_card,243.13,2025-12-02 16:13:30
9815,9815,card,145.60,2025-01-03 01:41:41
9816,9816,card,811.67,2025-06-12 08:41:36
9817,9817,cash,527.36,2025-06-12 12:34:42
9818,9818,\N,300.89,2025-05-02 23:42:39
9819,9819,card,306.01,2025-08-06 01:40:40
9820,9820,wallet,251.10,2025-07-21 04:03:10
9821,9821,\N,1213.62,2025-06-17 01:08:39
9822,9822,cash,481.13,2025-12-01 21:00:29
9823,9823,card,649.92,2025-01-08 20:52:54
9824,9824,card,364.27,2025-02-24 20:20:01
9825,9825,cash,244.31,2025-03-26 23:43:31
9826,9826,cash,360.33,2025-07-27 03:22:42
9827,9827,card,455.71,2025-08-08 17:31:09
9828,9828,\N,252.35,2025-05-02 20:42:56
9829,9829,card,20.46,2025-11-18 13:35:54
9830,9830,cash,462.39,2025-11-21 10:09:48
9831,9831,card,374.82,2025-04-30 17:57:57
9832,9832,\N,607.57,2025-06-10 06:14:12
9833,9833,card,649.35,2025-05-01 14:17:19
9834,9834,cash,961.72,2025-07-25 19:50:17
9835,9835,card,303.50,2025-12-15 22:18:35
9836,9836,cash,175.48,2025-01-04 07:25:00
9837,9837,cash,197.33,2025-01-12 16:51:56
9838,9838,\N,43.15,2025-08-19 03:17:12
9839,9839,gift_card,1657.36,2025-05-18 14:05:09
9840,9840,card,205.58,2025-01-25 02:23:12
9841,9841,wallet,537.38,2025-09-15 08:50:14
9842,9842,card,139.59,2025-02-08 14:07:25
9843,9843,cash,310.56,2025-07-03 20:58:16
9844,9844,cash,653.91,2025-01-10 02:35:25
9845,9845,card,19.35,2025-06-10 12:06:01
9846,9846,wallet,57.25,2025-08-18 05:19:52
9847,9847,card,347.18,2025-08-17 08:03:29
9848,9848,gift_card,2518.30,2025-09-10 20:42:15
9849,9849,card,439.07,2025-02-24 04:48:17
9850,9850,card,24.68,2025-11-23 16:36:58
9851,9851,gift_card,2007.23,2025-10-05 16:57:45
9852,9852,cash,136.73,2025-08-09 05:30:32
9853,9853,card,1037.90,2025-03-13 09:49:01
9854,9854,wallet,1889.46,2025-12-24 15:14:07
9855,9855,cash,169.01,2025-07-22 16:24:15
9856,9856,cash,625.11,2025-04-24 08:32:04
9857,9857,card,269.24,2025-09-11 21:16:18
9858,9858,card,341.75,2025-07-07 22:07:24
9859,9859,card,128.05,2025-10-12 15:41:38
9860,9860,card,791.03,2025-05-25 20:03:13
9861,9861,card,926.18,2025-01-28 16:37:59
9862,9862,cash,338.98,2025-08-07 06:30:11
9863,9863,card,279.34,2025-09-14 19:21:14
9864,9864,card,307.20,2025-09-23 00:33:21
9865,9865,card,371.55,2025-10-05 18:49:15
9866,9866,card,209.54,2025-03-08 10:52:57
9867,9867,wallet,1555.60,2025-02-22 05:24:16
9868,9868,card,1273.47,2025-07-20 02:25:35
9869,9869,wallet,398.52,2025-01-02 15:06:17
9870,9870,card,374.03,2025-09-20 17:33:35
9871,9871,gift_card,1064.41,2025-07-28 23:07:21
9872,9872,card,387.81,2025-07-22 08:07:41
9873,9873,\N,281.42,2025-08-27 08:56:36
9874,9874,card,668.90,2025-03-08 10:42:16
9875,9875,cash,188.63,2025-09-01 05:13:33
9876,9876,cash,796.88,2025-01-31 13:49:28
9877,9877,card,967.54,2025-01-13 09:06:48
9878,9878,gift_card,234.79,2025-02-15 15:30:58
9879,9879,card,182.02,2025-08-03 07:45:43
9880,9880,\N,368.63,2025-06-05 03:00:08
9881,9881,card,773.64,2025-09-04 15:31:57
9882,9882,card,332.04,2025-10-22 16:54:21
9883,9883,card,101.83,2025-11-19 00:03:16
9884,9884,\N,996.52,2025-10-20 13:22:25
9885,9885,\N,243.61,2025-04-22 01:54:54
9886,9886,gift_card,1566.92,2025-05-19 09:13:06
9887,9887,card,191.33,2025-11-11 09:09:43
9888,9888,gift_card,1062.18,2025-06-21 11:53:11
9889,9889,card,590.82,2025-02-16 19:21:52
9890,9890,card,53.34,2025-04-25 10:37:22
9891,9891,card,203.20,2025-10-21 00:30:23
9892,9892,\N,112.64,2025-11-23 04:18:25
9893,9893,card,819.70,2025-05-13 14:43:42
9894,9894,gift_card,330.38,2025-07-16 06:13:27
9895,9895,cash,173.18,2025-09-20 07:25:57
9896,9896,card,597.73,2025-07-08 18:37:46
9897,9897,cash,395.65,2025-11-27 03:42:35
9898,9898,gift_card,362.50,2025-11-26 06:02:18
9899,9899,card,724.50,2025-08-15 09:18:59
9900,9900,\N,242.05,2025-12-26 18:19:22
9901,9901,gift_card,29.87,2025-12-27 01:57:17
9902,9902,card,1933.27,2025-08-24 22:16:54
9903,9903,gift_card,1016.70,2025-09-11 18:56:15
9904,9904,wallet,241.73,2025-08-04 23:50:15
9905,9905,gift_card,217.41,2025-10-09 07:11:00
9906,9906,cash,816.24,2025-12-13 00:41:22
9907,9907,gift_card,139.59,2025-03-13 06:41:33
9908,9908,card,755.79,2025-04-09 11:03:33
9909,9909,cash,368.40,2025-06-05 18:04:32
9910,9910,wallet,137.19,2025-05-10 12:31:21
9911,9911,\N,542.08,2025-09-04 07:59:13
9912,9912,gift_card,692.39,2025-09-03 21:25:36
9913,9913,card,646.56,2025-05-13 08:20:05
9914,9914,wallet,100.45,2025-07-05 08:02:07
9915,9915,cash,798.01,2025-09-01 16:49:44
9916,9916,wallet,1047.16,2025-03-13 08:08:44
9917,9917,card,785.52,2025-07-01 15:09:58
9918,9918,gift_card,999.03,2025-03-19 13:21:41
9919,9919,card,1494.09,2025-06-27 20:12:38
9920,9920,card,189.91,2025-09-16 07:51:21
9921,9921,card,1111.94,2025-02-26 14:13:48
9922,9922,wallet,1944.79,2025-08-26 00:02:08
9923,9923,\N,487.19,2025-12-28 19:12:24
9924,9924,cash,279.72,2025-05-08 13:41:40
9925,9925,card,1191.56,2025-08-08 05:27:11
9926,9926,wallet,1113.14,2025-03-17 16:05:09
9927,9927,card,823.30,2025-03-16 14:27:31
9928,9928,cash,190.01,2025-09-02 02:27:10
9929,9929,card,623.40,2025-11-03 22:24:23
9930,9930,wallet,329.00,2025-10-30 12:59:03
9931,9931,cash,1624.58,2025-07-31 20:50:04
9932,9932,card,749.06,2025-05-15 22:53:55
9933,9933,cash,246.48,2025-01-10 05:25:14
9934,9934,cash,598.33,2025-01-29 00:41:45
9935,9935,cash,563.21,2025-04-11 12:43:56
9936,9936,card,278.43,2025-07-29 16:58:19
9937,9937,wallet,532.03,2025-03-20 05:04:21
9938,9938,cash,762.53,2025-10-07 22:10:20
9939,9939,\N,202.18,2025-12-19 07:48:29
9940,9940,\N,25.30,2025-01-14 02:22:43
9941,9941,cash,339.63,2025-04-13 05:03:24
9942,9942,card,1585.30,2025-05-14 15:08:47
9943,9943,wallet,516.65,2025-10-06 17:43:52
9944,9944,card,382.88,2025-04-08 01:37:43
9945,9945,cash,298.56,2025-12-29 17:33:28
9946,9946,wallet,62.26,2025-05-28 07:49:23
9947,9947,cash,829.15,2025-08-11 09:23:03
9948,9948,\N,287.86,2025-05-08 17:26:27
9949,9949,card,190.04,2025-12-03 04:21:21
9950,9950,wallet,277.55,2025-12-23 18:11:08
9951,9951,gift_card,438.72,2025-09-10 02:16:50
9952,9952,card,29.87,2025-09-05 16:50:42
9953,9953,card,1353.89,2025-05-27 13:33:35
9954,9954,cash,1380.74,2025-02-23 11:21:17
9955,9955,gift_card,377.50,2025-01-10 07:24:41
9956,9956,cash,418.65,2025-11-23 14:34:27
9957,9957,gift_card,1084.73,2025-09-19 08:50:21
9958,9958,card,118.50,2025-03-27 04:05:14
9959,9959,card,531.42,2025-01-10 18:14:51
9960,9960,gift_card,681.49,2025-08-24 12:48:46
9961,9961,card,300.84,2025-10-29 15:33:28
9962,9962,card,801.09,2025-02-20 20:25:47
9963,9963,card,587.27,2025-07-06 22:21:42
9964,9964,card,395.73,2025-10-15 04:46:19
9965,9965,\N,763.46,2025-01-17 14:06:23
9966,9966,gift_card,620.04,2025-08-11 15:20:17
9967,9967,gift_card,603.38,2025-05-11 20:19:45
9968,9968,cash,213.76,2025-04-02 04:45:49
9969,9969,wallet,809.03,2025-07-13 14:58:01
9970,9970,\N,627.27,2025-03-17 09:17:04
9971,9971,card,301.75,2025-10-15 06:26:13
9972,9972,gift_card,476.16,2025-12-04 03:23:50
9973,9973,cash,288.81,2025-06-23 15:41:31
9974,9974,card,304.74,2025-10-08 17:19:58
9975,9975,\N,1064.10,2025-08-05 06:28:20
9976,9976,card,565.18,2025-07-16 20:37:37
9977,9977,\N,72.61,2025-02-01 16:15:28
9978,9978,card,547.61,2025-09-07 17:14:14
9979,9979,cash,1495.16,2025-12-27 08:44:57
9980,9980,card,217.72,2025-03-21 11:48:31
9981,9981,wallet,680.13,2025-11-11 05:06:47
9982,9982,gift_card,1033.48,2025-09-05 09:32:16
9983,9983,\N,167.86,2025-06-16 05:32:58
9984,9984,card,122.37,2025-05-31 20:26:43
9985,9985,gift_card,1614.39,2025-08-29 18:19:06
9986,9986,card,304.48,2025-07-22 14:29:08
9987,9987,card,595.10,2025-03-03 20:02:47
9988,9988,\N,1452.88,2025-02-04 12:55:17
9989,9989,cash,156.41,2025-02-28 00:23:48
9990,9990,card,1126.61,2025-02-03 15:45:57
9991,9991,card,112.68,2025-06-14 05:04:31
9992,9992,card,320.10,2025-05-23 03:57:03
9993,9993,cash,1078.32,2025-02-04 18:47:54
9994,9994,card,35.92,2025-08-16 17:36:13
9995,9995,wallet,723.31,2025-12-16 05:12:16
9996,9996,card,681.53,2025-10-08 00:55:53
9997,9997,card,1182.03,2025-01-28 15:38:34
9998,9998,\N,297.17,2025-07-18 00:58:45
9999,9999,cash,299.42,2025-11-14 15:14:18
10000,10000,gift_card,53.68,2025-10-08 15:12:58
10001,10001,cash,301.59,2025-12-17 20:22:04
10002,10002,card,725.73,2025-12-21 22:11:57
10003,10003,card,1149.03,2025-03-11 02:47:36
10004,10004,card,64.42,2025-11-23 21:37:56
10005,10005,gift_card,428.27,2025-12-19 07:41:38
10006,10006,wallet,780.14,2025-03-14 02:39:02
10007,10007,gift_card,1660.11,2025-04-21 11:16:31
10008,10008,card,411.69,2025-10-23 03:00:09
10009,10009,card,279.50,2025-03-25 22:07:40
10010,10010,card,1799.21,2025-11-23 20:26:59
10011,10011,cash,181.67,2025-06-02 09:28:12
10012,10012,card,198.78,2025-01-19 16:29:36
10013,10013,card,668.29,2025-09-17 05:09:46
10014,10014,card,427.90,2025-11-07 14:21:34
10015,10015,cash,183.46,2025-02-03 16:45:52
10016,10016,card,173.79,2025-06-29 09:53:46
10017,10017,card,471.48,2025-01-28 10:59:17
10018,10018,card,952.76,2025-08-29 00:31:04
10019,10019,gift_card,274.77,2025-06-24 23:19:03
10020,10020,cash,1840.34,2025-07-16 04:07:08
10021,10021,gift_card,252.31,2025-09-27 01:58:34
10022,10022,card,65.68,2025-07-27 08:19:47
10023,10023,cash,464.49,2025-04-01 13:48:17
10024,10024,cash,98.25,2025-10-05 15:18:26
10025,10025,card,978.40,2025-11-23 01:07:59
10026,10026,card,687.40,2025-09-30 22:35:25
10027,10027,cash,704.06,2025-03-25 08:48:43
10028,10028,wallet,372.26,2025-08-29 23:35:04
10029,10029,gift_card,1116.40,2025-08-19 22:50:37
10030,10030,cash,870.12,2025-02-01 06:35:13
10031,10031,card,268.84,2025-12-15 07:19:18
10032,10032,card,130.84,2025-09-22 17:11:46
10033,10033,\N,45.07,2025-06-19 22:39:30
10034,10034,\N,102.65,2025-02-08 16:22:58
10035,10035,card,670.26,2025-09-07 06:27:50
10036,10036,wallet,218.40,2025-04-22 12:29:23
10037,10037,wallet,722.06,2025-09-28 03:17:01
10038,10038,gift_card,145.87,2025-02-27 18:13:41
10039,10039,gift_card,288.60,2025-12-29 00:50:46
10040,10040,card,330.84,2025-03-10 19:59:47
10041,10041,gift_card,311.88,2025-10-23 16:56:21
10042,10042,gift_card,277.63,2025-12-22 04:49:31
10043,10043,cash,229.84,2025-07-28 21:10:19
10044,10044,card,632.26,2025-07-11 01:01:46
10045,10045,wallet,260.96,2025-05-28 16:54:17
10046,10046,gift_card,163.98,2025-07-07 13:03:07
10047,10047,gift_card,535.88,2025-11-08 12:10:25
10048,10048,card,1184.01,2025-03-19 22:46:33
10049,10049,card,285.61,2025-09-30 05:37:08
10050,10050,gift_card,307.45,2025-01-25 07:58:37
10051,10051,wallet,504.36,2025-09-08 07:55:53
10052,10052,\N,253.62,2025-06-30 08:41:08
10053,10053,wallet,1457.98,2025-11-27 11:29:50
10054,10054,\N,1103.08,2025-11-07 00:52:08
10055,10055,card,360.84,2025-06-21 05:38:04
10056,10056,card,162.83,2025-09-09 04:52:18
10057,10057,wallet,225.01,2025-11-25 02:34:05
10058,10058,cash,155.70,2025-03-13 15:35:20
10059,10059,card,490.25,2025-09-06 08:49:30
10060,10060,card,406.35,2025-11-16 15:31:26
10061,10061,cash,438.42,2025-02-21 12:42:46
10062,10062,card,685.76,2025-04-07 06:48:55
10063,10063,card,186.15,2025-01-12 07:42:04
10064,10064,card,1251.54,2025-04-14 07:14:38
10065,10065,gift_card,852.99,2025-07-27 13:55:05
10066,10066,gift_card,108.51,2025-12-21 20:43:27
10067,10067,card,266.06,2025-05-24 13:05:55
10068,10068,wallet,1590.60,2025-12-09 14:59:05
10069,10069,card,996.54,2025-02-20 17:02:09
10070,10070,card,995.07,2025-10-24 07:13:14
10071,10071,gift_card,128.78,2025-04-16 10:30:11
10072,10072,card,153.00,2025-01-06 14:49:06
10073,10073,\N,806.36,2025-11-17 04:36:03
10074,10074,wallet,171.98,2025-03-08 12:45:13
10075,10075,card,253.68,2025-02-16 14:49:42
10076,10076,\N,947.28,2025-01-23 10:01:12
10077,10077,card,83.21,2025-08-11 22:45:47
10078,10078,\N,979.67,2025-07-02 23:36:57
10079,10079,gift_card,670.92,2025-07-24 20:45:28
10080,10080,card,840.42,2025-05-22 11:52:08
10081,10081,card,119.66,2025-08-13 10:21:35
10082,10082,wallet,967.79,2025-07-06 22:19:44
10083,10083,card,322.40,2025-08-23 16:40:20
10084,10084,card,340.35,2025-07-20 15:13:26
10085,10085,card,36.68,2025-08-02 00:16:47
10086,10086,card,275.48,2025-08-11 02:21:03
10087,10087,gift_card,563.25,2025-08-31 12:52:53
10088,10088,card,292.61,2025-12-01 11:08:42
10089,10089,card,644.40,2025-12-16 01:14:44
10090,10090,\N,302.77,2025-03-17 13:41:54
10091,10091,cash,96.70,2025-08-12 09:09:15
10092,10092,card,870.92,2025-08-31 05:52:51
10093,10093,gift_card,238.10,2025-04-18 21:47:11
10094,10094,card,577.96,2025-06-29 19:23:22
10095,10095,card,95.01,2025-12-09 07:29:03
10096,10096,gift_card,213.78,2025-03-28 17:18:09
10097,10097,cash,861.35,2025-12-21 00:32:01
10098,10098,\N,253.15,2025-11-02 11:11:49
10099,10099,cash,776.01,2025-11-29 06:22:04
10100,10100,cash,560.30,2025-01-01 18:31:56
10101,10101,\N,889.57,2025-03-21 23:50:03
10102,10102,card,326.52,2025-02-05 09:44:56
10103,10103,card,228.48,2025-05-10 23:25:00
10104,10104,card,482.14,2025-03-09 13:47:11
10105,10105,cash,1364.91,2025-01-29 09:00:34
10106,10106,gift_card,455.34,2025-02-04 00:21:09
10107,10107,card,546.98,2025-03-24 01:43:06
10108,10108,gift_card,470.18,2025-02-07 01:47:07
10109,10109,\N,836.24,2025-09-12 20:40:11
10110,10110,card,190.30,2025-11-10 22:40:21
10111,10111,cash,1044.71,2025-02-24 21:38:19
10112,10112,wallet,172.81,2025-04-06 05:50:14
10113,10113,cash,183.31,2025-05-29 13:13:12
10114,10114,card,887.00,2025-02-12 17:08:20
10115,10115,card,241.77,2025-12-25 15:45:39
10116,10116,\N,662.53,2025-12-13 06:15:26
10117,10117,wallet,1029.03,2025-06-24 11:14:49
10118,10118,card,254.39,2025-06-26 10:31:03
10119,10119,wallet,1068.78,2025-08-10 11:19:07
10120,10120,card,356.88,2025-05-19 02:47:49
10121,10121,gift_card,640.64,2025-08-08 16:47:31
10122,10122,gift_card,425.18,2025-09-29 08:55:44
10123,10123,card,953.61,2025-11-03 20:54:56
10124,10124,gift_card,1091.88,2025-06-07 05:19:16
10125,10125,wallet,647.80,2025-09-15 12:03:29
10126,10126,gift_card,89.81,2025-01-24 00:20:32
10127,10127,card,294.10,2025-08-04 04:57:18
10128,10128,cash,473.87,2025-05-27 06:15:19
10129,10129,card,628.90,2025-08-01 01:18:53
10130,10130,cash,550.10,2025-08-31 23:07:24
10131,10131,card,92.16,2025-09-08 16:34:16
10132,10132,card,171.45,2025-12-31 16:10:37
10133,10133,card,638.36,2025-07-21 21:53:13
10134,10134,wallet,177.05,2025-06-25 05:28:51
10135,10135,card,231.34,2025-02-21 21:41:42
10136,10136,wallet,1480.72,2025-11-07 21:59:57
10137,10137,\N,587.19,2025-11-07 05:39:21
10138,10138,gift_card,679.10,2025-09-13 04:36:12
10139,10139,card,541.79,2025-07-15 17:33:04
10140,10140,\N,227.86,2025-05-24 02:06:51
10141,10141,card,362.58,2025-08-23 12:34:59
10142,10142,card,956.65,2025-10-31 08:54:09
10143,10143,card,405.43,2025-05-25 12:14:03
10144,10144,gift_card,290.50,2025-05-07 05:13:31
10145,10145,cash,391.88,2025-04-30 02:27:20
10146,10146,card,229.22,2025-06-23 14:44:41
10147,10147,gift_card,165.83,2025-11-07 07:46:12
10148,10148,gift_card,5.31,2025-01-04 11:41:59
10149,10149,card,1019.00,2025-09-26 12:46:55
10150,10150,card,254.15,2025-06-07 05:47:22
10151,10151,card,263.00,2025-01-25 19:08:22
10152,10152,cash,810.58,2025-01-13 23:43:47
10153,10153,card,466.05,2025-06-08 19:22:38
10154,10154,wallet,390.33,2025-11-26 08:11:44
10155,10155,card,618.12,2025-03-18 18:06:18
10156,10156,card,132.38,2025-06-05 17:00:35
10157,10157,card,86.58,2025-02-08 13:04:18
10158,10158,\N,477.95,2025-09-21 09:23:11
10159,10159,\N,26.48,2025-09-15 22:11:53
10160,10160,card,193.40,2025-07-28 08:07:16
10161,10161,card,614.61,2025-07-26 11:47:17
10162,10162,\N,1534.56,2025-09-30 02:10:27
10163,10163,wallet,56.72,2025-06-08 13:17:30
10164,10164,\N,483.22,2025-11-15 17:51:42
10165,10165,cash,52.50,2025-06-03 07:04:15
10166,10166,\N,198.57,2025-06-19 05:54:00
10167,10167,cash,301.68,2025-09-01 09:26:55
10168,10168,gift_card,368.44,2025-12-08 13:53:27
10169,10169,card,115.69,2025-07-31 01:24:41
10170,10170,card,773.15,2025-10-28 10:49:20
10171,10171,cash,189.81,2025-05-13 18:16:25
10172,10172,card,67.53,2025-09-16 09:30:58
10173,10173,\N,337.08,2025-06-09 01:16:33
10174,10174,card,88.89,2025-12-02 19:45:39
10175,10175,\N,612.68,2025-11-24 15:42:46
10176,10176,card,944.62,2025-11-03 22:50:01
10177,10177,card,410.02,2025-09-08 05:46:16
10178,10178,gift_card,537.76,2025-08-29 21:55:09
10179,10179,card,508.48,2025-01-31 01:13:19
10180,10180,gift_card,258.41,2025-03-11 12:55:44
10181,10181,cash,20.24,2025-04-17 22:27:14
10182,10182,wallet,7.66,2025-02-10 20:26:35
10183,10183,gift_card,487.04,2025-11-27 02:02:21
10184,10184,wallet,314.29,2025-06-02 15:47:13
10185,10185,card,1234.91,2025-10-21 22:09:35
10186,10186,card,543.25,2025-09-25 04:42:44
10187,10187,card,560.43,2025-10-25 02:30:45
10188,10188,gift_card,670.28,2025-10-19 05:14:40
10189,10189,gift_card,131.85,2025-03-15 18:19:47
10190,10190,card,104.15,2025-11-22 23:34:48
10191,10191,cash,427.70,2025-09-08 07:09:34
10192,10192,wallet,804.00,2025-11-29 01:29:22
10193,10193,cash,423.51,2025-06-10 10:43:53
10194,10194,cash,1021.05,2025-05-23 19:08:21
10195,10195,card,168.72,2025-11-28 12:51:09
10196,10196,gift_card,63.24,2025-05-06 18:20:14
10197,10197,card,356.15,2025-08-28 18:57:59
10198,10198,cash,950.60,2025-03-29 03:08:12
10199,10199,wallet,327.94,2025-04-02 05:53:52
10200,10200,wallet,147.84,2025-06-26 08:46:53
10201,10201,card,909.32,2025-12-13 08:54:25
10202,10202,wallet,259.60,2025-04-29 00:30:49
10203,10203,card,296.26,2025-05-23 20:52:32
10204,10204,wallet,120.45,2025-11-11 13:44:14
10205,10205,wallet,446.96,2025-11-15 11:14:05
10206,10206,card,1191.60,2025-02-11 04:42:08
10207,10207,cash,191.40,2025-05-14 18:28:11
10208,10208,gift_card,245.11,2025-04-30 19:57:52
10209,10209,card,506.21,2025-10-01 00:09:03
10210,10210,gift_card,149.69,2025-01-27 17:27:30
10211,10211,card,84.61,2025-10-31 21:55:46
10212,10212,wallet,1156.36,2025-11-09 09:33:08
10213,10213,gift_card,626.26,2025-04-03 04:43:56
10214,10214,card,79.65,2025-09-15 00:45:00
10215,10215,wallet,283.65,2025-12-02 16:37:44
10216,10216,wallet,394.20,2025-12-05 06:39:26
10217,10217,card,834.20,2025-02-12 15:36:39
10218,10218,card,1216.23,2025-06-07 08:36:03
10219,10219,wallet,300.30,2025-06-03 07:42:33
10220,10220,\N,515.63,2025-09-19 03:19:46
10221,10221,card,219.23,2025-01-24 15:59:21
10222,10222,wallet,882.31,2025-07-19 11:07:07
10223,10223,gift_card,387.81,2025-04-10 05:23:14
10224,10224,gift_card,207.57,2025-08-25 16:23:00
10225,10225,cash,208.09,2025-02-21 05:59:58
10226,10226,card,115.69,2025-04-22 07:07:30
10227,10227,card,766.57,2025-10-11 22:47:08
10228,10228,card,1134.10,2025-11-27 18:41:20
10229,10229,gift_card,285.45,2025-07-14 20:36:16
10230,10230,card,94.27,2025-11-19 19:50:43
10231,10231,gift_card,878.11,2025-02-24 22:29:25
10232,10232,card,519.90,2025-09-27 13:22:22
10233,10233,card,612.48,2025-01-23 20:17:08
10234,10234,cash,193.89,2025-05-01 03:30:09
10235,10235,gift_card,1129.15,2025-01-02 00:30:43
10236,10236,\N,250.83,2025-09-22 19:12:30
10237,10237,card,340.63,2025-05-04 06:33:02
10238,10238,gift_card,148.00,2025-03-04 07:52:51
10239,10239,wallet,546.64,2025-11-14 13:28:20
10240,10240,wallet,873.09,2025-08-14 05:49:55
10241,10241,cash,247.08,2025-03-31 16:26:43
10242,10242,gift_card,1740.98,2025-03-25 01:04:21
10243,10243,card,378.60,2025-03-13 06:28:32
10244,10244,card,220.36,2025-12-20 18:55:46
10245,10245,cash,193.77,2025-03-28 16:58:09
10246,10246,gift_card,338.81,2025-12-15 14:20:56
10247,10247,card,346.04,2025-09-24 15:36:19
10248,10248,gift_card,227.18,2025-05-14 03:23:02
10249,10249,cash,710.98,2025-10-06 07:59:17
10250,10250,gift_card,776.10,2025-01-30 23:55:03
10251,10251,wallet,1979.20,2025-12-14 11:27:15
10252,10252,wallet,914.10,2025-03-10 04:21:47
10253,10253,card,804.68,2025-11-23 01:45:52
10254,10254,gift_card,305.62,2025-11-06 00:20:28
10255,10255,\N,108.50,2025-11-22 02:06:00
10256,10256,card,79.08,2025-01-25 18:40:33
10257,10257,wallet,145.64,2025-06-22 23:24:40
10258,10258,card,387.81,2025-08-28 12:17:50
10259,10259,card,331.94,2025-07-27 09:50:27
10260,10260,card,155.43,2025-08-30 07:18:05
10261,10261,wallet,703.40,2025-07-26 16:08:46
10262,10262,gift_card,1704.07,2025-09-16 12:05:47
10263,10263,wallet,490.22,2025-12-23 22:30:10
10264,10264,card,109.93,2025-09-09 18:41:35
10265,10265,wallet,276.87,2025-08-19 15:03:06
10266,10266,wallet,454.94,2025-04-12 02:01:47
10267,10267,card,42.62,2025-04-30 10:34:38
10268,10268,gift_card,255.60,2025-04-06 15:57:13
10269,10269,wallet,297.78,2025-05-01 04:36:42
10270,10270,wallet,308.22,2025-07-04 20:28:35
10271,10271,card,191.16,2025-08-16 12:51:09
10272,10272,wallet,313.63,2025-03-30 16:19:13
10273,10273,\N,689.12,2025-09-13 12:11:10
10274,10274,card,217.01,2025-09-06 18:05:39
10275,10275,\N,993.37,2025-08-15 06:16:59
10276,10276,wallet,718.70,2025-12-21 16:55:39
10277,10277,gift_card,199.43,2025-05-29 09:06:58
10278,10278,card,284.29,2025-08-29 18:52:41
10279,10279,card,287.95,2025-12-02 00:05:59
10280,10280,card,504.98,2025-08-01 16:04:16
10281,10281,gift_card,643.77,2025-05-07 19:49:30
10282,10282,card,353.59,2025-05-30 12:33:22
10283,10283,cash,694.03,2025-09-26 20:10:12
10284,10284,card,836.90,2025-12-28 18:27:25
10285,10285,cash,185.56,2025-12-14 13:57:11
10286,10286,wallet,461.34,2025-01-17 13:51:48
10287,10287,card,316.58,2025-01-28 11:35:00
10288,10288,card,546.82,2025-09-20 18:23:16
10289,10289,cash,964.87,2025-08-24 22:51:40
10290,10290,card,277.72,2025-09-27 00:56:37
10291,10291,gift_card,342.02,2025-04-22 09:57:41
10292,10292,\N,497.95,2025-07-16 14:31:09
10293,10293,\N,244.57,2025-09-08 01:54:24
10294,10294,wallet,721.90,2025-04-30 23:34:01
10295,10295,card,65.95,2025-03-17 23:31:28
10296,10296,card,548.72,2025-08-11 23:46:36
10297,10297,cash,1037.00,2025-09-02 00:52:40
10298,10298,card,68.28,2025-04-24 07:33:08
10299,10299,gift_card,481.97,2025-07-12 01:44:15
10300,10300,wallet,232.17,2025-11-09 10:10:30
10301,10301,cash,43.32,2025-05-01 17:28:58
10302,10302,cash,840.05,2025-06-06 21:55:26
10303,10303,cash,1056.12,2025-12-23 07:42:30
10304,10304,card,115.22,2025-08-25 15:47:08
10305,10305,card,720.57,2025-04-03 12:55:20
10306,10306,gift_card,482.14,2025-02-01 05:04:01
10307,10307,\N,502.60,2025-01-29 22:35:24
10308,10308,card,97.47,2025-11-28 02:48:22
10309,10309,cash,1585.03,2025-02-10 07:33:51
10310,10310,gift_card,23.12,2025-01-08 11:37:31
10311,10311,cash,1165.38,2025-07-06 20:16:13
10312,10312,wallet,468.64,2025-11-24 20:52:54
10313,10313,card,804.37,2025-05-02 20:25:06
10314,10314,card,121.90,2025-03-05 00:40:35
10315,10315,card,1273.96,2025-02-21 14:32:27
10316,10316,card,793.62,2025-02-21 23:48:38
10317,10317,card,646.22,2025-11-10 02:04:29
10318,10318,card,228.69,2025-01-14 14:53:35
10319,10319,card,537.80,2025-02-27 09:59:58
10320,10320,card,528.00,2025-07-17 07:03:50
10321,10321,gift_card,78.76,2025-04-07 18:55:59
10322,10322,wallet,193.87,2025-12-22 13:05:07
10323,10323,cash,192.24,2025-09-18 14:19:57
10324,10324,wallet,1214.24,2025-07-28 02:44:57
10325,10325,card,502.19,2025-07-15 17:09:15
10326,10326,wallet,269.92,2025-01-30 23:26:27
10327,10327,wallet,905.75,2025-10-22 17:11:45
10328,10328,wallet,651.32,2025-11-24 14:48:34
10329,10329,card,215.47,2025-04-01 09:36:06
10330,10330,gift_card,502.18,2025-08-16 22:15:21
10331,10331,gift_card,236.74,2025-07-13 17:23:03
10332,10332,card,463.53,2025-05-05 23:54:05
10333,10333,card,972.98,2025-07-30 01:12:52
10334,10334,card,735.95,2025-04-22 07:45:46
10335,10335,\N,1634.18,2025-08-11 05:55:04
10336,10336,card,271.11,2025-07-05 13:44:22
10337,10337,card,252.06,2025-07-20 05:50:50
10338,10338,cash,329.89,2025-02-06 09:45:23
10339,10339,cash,518.86,2025-04-25 00:11:02
10340,10340,card,1409.40,2025-02-03 08:12:12
10341,10341,card,122.57,2025-10-19 17:10:54
10342,10342,card,1538.04,2025-05-14 23:13:12
10343,10343,card,286.48,2025-10-31 17:54:56
10344,10344,card,276.56,2025-05-30 03:39:21
10345,10345,card,100.54,2025-03-30 15:52:02
10346,10346,cash,1609.81,2025-11-04 13:26:34
10347,10347,\N,256.85,2025-05-09 14:45:26
10348,10348,gift_card,309.14,2025-04-01 16:58:33
10349,10349,card,1063.13,2025-12-23 17:12:02
10350,10350,wallet,439.99,2025-09-05 00:03:26
10351,10351,card,364.12,2025-11-08 17:20:55
10352,10352,cash,1658.24,2025-03-28 23:26:10
10353,10353,card,249.61,2025-12-10 08:36:00
10354,10354,wallet,520.11,2025-04-21 08:37:31
10355,10355,cash,1097.94,2025-03-06 23:37:47
10356,10356,card,119.36,2025-08-06 14:40:08
10357,10357,card,88.80,2025-01-12 12:45:29
10358,10358,gift_card,133.44,2025-12-21 13:39:01
10359,10359,wallet,599.31,2025-07-06 12:10:26
10360,10360,\N,30.22,2025-09-16 01:10:34
10361,10361,gift_card,830.93,2025-04-09 04:06:05
10362,10362,card,990.63,2025-06-28 21:36:47
10363,10363,card,355.29,2025-11-13 10:10:00
10364,10364,\N,728.66,2025-02-02 03:26:29
10365,10365,gift_card,967.82,2025-11-04 08:29:47
10366,10366,wallet,902.82,2025-04-11 14:37:01
10367,10367,wallet,1440.71,2025-12-26 12:57:11
10368,10368,gift_card,565.32,2025-07-05 01:17:30
10369,10369,cash,404.08,2025-04-30 02:04:25
10370,10370,wallet,656.22,2025-09-06 22:49:25
10371,10371,\N,188.43,2025-11-22 18:49:34
10372,10372,card,60.45,2025-02-25 12:56:54
10373,10373,wallet,1128.30,2025-11-22 20:27:21
10374,10374,gift_card,718.68,2025-04-07 03:41:47
10375,10375,card,465.74,2025-10-25 23:05:12
10376,10376,cash,170.58,2025-10-30 10:58:30
10377,10377,\N,247.37,2025-02-05 06:34:22
10378,10378,gift_card,200.84,2025-02-15 06:00:10
10379,10379,card,57.29,2025-07-19 06:52:07
10380,10380,card,196.84,2025-07-20 09:41:55
10381,10381,gift_card,237.43,2025-06-19 22:19:24
10382,10382,card,194.23,2025-04-04 12:32:43
10383,10383,card,577.56,2025-03-20 13:58:01
10384,10384,cash,330.71,2025-08-30 10:20:06
10385,10385,card,30.92,2025-10-06 02:25:41
10386,10386,cash,1193.67,2025-04-11 00:57:29
10387,10387,card,555.51,2025-01-13 02:09:35
10388,10388,wallet,859.93,2025-04-09 15:56:36
10389,10389,card,285.70,2025-09-15 00:15:20
10390,10390,\N,658.42,2025-11-14 00:16:05
10391,10391,cash,214.67,2025-10-25 14:20:54
10392,10392,\N,1066.11,2025-04-26 08:46:30
10393,10393,card,198.02,2025-10-20 08:04:03
10394,10394,card,114.77,2025-04-29 18:13:21
10395,10395,cash,640.41,2025-12-11 06:01:50
10396,10396,\N,752.21,2025-12-22 13:02:36
10397,10397,wallet,496.76,2025-10-03 11:49:38
10398,10398,card,122.23,2025-05-06 22:47:57
10399,10399,wallet,459.58,2025-01-17 22:58:32
10400,10400,card,47.22,2025-05-01 23:36:48
10401,10401,card,277.22,2025-11-09 16:04:58
10402,10402,card,393.01,2025-02-13 10:59:25
10403,10403,gift_card,17.14,2025-04-08 01:24:59
10404,10404,card,562.12,2025-04-10 17:38:13
10405,10405,cash,100.34,2025-10-22 20:08:16
10406,10406,\N,1384.34,2025-01-26 17:37:09
10407,10407,card,37.40,2025-10-19 00:13:56
10408,10408,gift_card,479.10,2025-07-03 02:11:57
10409,10409,card,210.00,2025-09-24 08:57:18
10410,10410,gift_card,747.35,2025-06-04 07:55:25
10411,10411,cash,130.18,2025-10-11 15:29:54
10412,10412,cash,501.09,2025-04-27 14:55:09
10413,10413,\N,983.79,2025-04-09 00:23:02
10414,10414,\N,705.58,2025-08-24 23:48:23
10415,10415,card,1036.69,2025-06-06 07:38:22
10416,10416,card,569.69,2025-05-24 13:36:07
10417,10417,\N,901.16,2025-10-14 15:22:47
10418,10418,gift_card,578.14,2025-12-29 23:13:43
10419,10419,card,1355.64,2025-01-29 16:49:41
10420,10420,cash,246.19,2025-05-28 03:53:05
10421,10421,card,657.29,2025-03-12 07:12:26
10422,10422,wallet,446.71,2025-06-27 12:50:24
10423,10423,wallet,322.83,2025-11-14 22:50:42
10424,10424,\N,298.03,2025-04-11 21:24:37
10425,10425,cash,406.98,2025-09-03 07:12:13
10426,10426,gift_card,153.76,2025-10-02 11:52:12
10427,10427,gift_card,400.51,2025-02-11 06:38:31
10428,10428,cash,397.23,2025-06-14 17:06:01
10429,10429,card,177.03,2025-05-19 21:39:06
10430,10430,card,538.37,2025-09-23 07:15:57
10431,10431,card,380.60,2025-02-19 18:50:32
10432,10432,card,1368.83,2025-08-25 02:59:36
10433,10433,\N,347.35,2025-11-05 15:55:28
10434,10434,wallet,1059.67,2025-05-12 01:42:13
10435,10435,card,501.29,2025-07-30 15:56:56
10436,10436,gift_card,593.31,2025-04-06 11:26:59
10437,10437,cash,618.83,2025-02-17 04:26:41
10438,10438,card,788.65,2025-06-03 05:57:24
10439,10439,card,1737.45,2025-02-05 09:28:29
10440,10440,gift_card,796.52,2025-06-26 22:41:50
10441,10441,cash,142.01,2025-11-18 06:30:44
10442,10442,\N,839.46,2025-11-21 10:32:09
10443,10443,card,1017.71,2025-02-03 07:59:18
10444,10444,wallet,1313.94,2025-07-14 21:03:53
10445,10445,card,118.13,2025-10-22 01:59:51
10446,10446,\N,296.73,2025-08-01 13:33:54
10447,10447,card,149.43,2025-12-17 05:42:36
10448,10448,cash,649.70,2025-05-21 15:00:13
10449,10449,wallet,699.92,2025-03-26 14:24:27
10450,10450,gift_card,56.87,2025-06-03 19:41:15
10451,10451,gift_card,544.98,2025-12-11 06:41:03
10452,10452,wallet,4.81,2025-02-16 09:11:23
10453,10453,gift_card,875.17,2025-11-15 05:55:45
10454,10454,card,934.20,2025-03-04 03:03:18
10455,10455,wallet,366.82,2025-01-10 01:51:44
10456,10456,cash,635.84,2025-03-04 13:10:29
10457,10457,gift_card,479.64,2025-10-24 14:50:32
10458,10458,\N,1076.72,2025-04-05 16:43:05
10459,10459,gift_card,825.62,2025-03-22 05:14:44
10460,10460,cash,302.31,2025-05-31 14:26:12
10461,10461,card,138.88,2025-09-20 19:32:30
10462,10462,gift_card,1647.12,2025-03-18 21:35:28
10463,10463,card,987.80,2025-03-11 10:32:49
10464,10464,card,197.61,2025-05-22 15:38:07
10465,10465,cash,97.47,2025-08-26 07:45:37
10466,10466,card,41.13,2025-01-24 18:48:55
10467,10467,cash,43.32,2025-10-23 22:36:25
10468,10468,cash,347.12,2025-08-26 04:11:38
10469,10469,cash,51.88,2025-11-14 17:36:31
10470,10470,gift_card,223.93,2025-02-27 22:19:57
10471,10471,card,506.22,2025-09-30 18:07:54
10472,10472,cash,529.97,2025-07-25 12:31:13
10473,10473,card,209.78,2025-09-19 13:54:05
10474,10474,wallet,1004.80,2025-03-27 22:13:45
10475,10475,card,163.57,2025-03-21 01:57:55
10476,10476,cash,268.72,2025-07-19 06:31:31
10477,10477,cash,663.60,2025-12-28 17:05:26
10478,10478,\N,115.72,2025-01-26 17:27:53
10479,10479,cash,151.37,2025-12-02 20:39:29
10480,10480,\N,294.96,2025-03-05 13:16:19
10481,10481,card,385.09,2025-02-08 02:38:46
10482,10482,card,682.43,2025-07-17 14:37:08
10483,10483,\N,387.47,2025-05-28 22:25:25
10484,10484,card,998.17,2025-09-06 13:07:21
10485,10485,\N,321.74,2025-04-14 00:12:43
10486,10486,card,759.96,2025-11-19 04:24:32
10487,10487,cash,176.14,2025-04-17 03:02:21
10488,10488,card,294.12,2025-01-13 16:12:12
10489,10489,card,60.40,2025-10-18 05:41:40
10490,10490,gift_card,476.99,2025-05-17 22:53:55
10491,10491,card,1212.99,2025-05-26 15:46:21
10492,10492,gift_card,55.31,2025-12-07 06:59:16
10493,10493,card,1048.59,2025-03-21 00:23:44
10494,10494,\N,292.86,2025-04-05 03:11:40
10495,10495,card,184.32,2025-10-04 05:41:59
10496,10496,card,334.52,2025-05-07 06:57:34
10497,10497,\N,58.56,2025-04-09 01:15:54
10498,10498,card,365.54,2025-05-26 08:40:30
10499,10499,gift_card,110.94,2025-12-30 10:03:54
10500,10500,\N,533.96,2025-04-06 07:27:28
10501,10501,cash,906.99,2025-02-06 21:41:05
10502,10502,gift_card,273.80,2025-08-22 17:37:39
10503,10503,cash,356.15,2025-11-13 01:42:52
10504,10504,cash,18.95,2025-11-08 20:51:20
10505,10505,card,264.43,2025-04-05 17:19:34
10506,10506,wallet,115.84,2025-04-21 23:41:11
10507,10507,card,341.11,2025-10-09 04:04:11
10508,10508,card,101.15,2025-03-16 11:38:07
10509,10509,card,96.10,2025-10-01 08:01:12
10510,10510,gift_card,877.03,2025-02-07 12:03:21
10511,10511,\N,217.14,2025-10-03 15:39:22
10512,10512,card,107.83,2025-11-17 20:18:41
10513,10513,card,669.76,2025-09-29 16:48:01
10514,10514,wallet,106.52,2025-12-23 01:15:22
10515,10515,\N,606.18,2025-10-18 12:55:35
10516,10516,wallet,131.50,2025-10-08 00:19:02
10517,10517,card,189.54,2025-08-26 18:44:31
10518,10518,gift_card,1139.93,2025-09-14 12:48:46
10519,10519,gift_card,475.27,2025-12-03 05:50:43
10520,10520,wallet,385.71,2025-08-17 17:04:30
10521,10521,card,168.13,2025-11-29 10:51:15
10522,10522,cash,968.88,2025-12-08 14:20:45
10523,10523,card,291.87,2025-11-17 07:40:23
10524,10524,\N,622.06,2025-05-08 01:20:18
10525,10525,cash,549.46,2025-06-30 02:31:41
10526,10526,wallet,477.78,2025-09-21 00:21:16
10527,10527,card,565.29,2025-04-24 11:58:20
10528,10528,wallet,166.87,2025-10-22 01:31:37
10529,10529,cash,120.78,2025-05-23 19:26:09
10530,10530,card,155.36,2025-01-09 01:14:59
10531,10531,gift_card,298.08,2025-01-28 18:52:44
10532,10532,cash,225.98,2025-01-06 04:41:19
10533,10533,card,1361.18,2025-11-01 03:37:31
10534,10534,card,131.05,2025-04-06 13:10:20
10535,10535,cash,301.02,2025-07-10 11:06:20
10536,10536,cash,188.54,2025-01-28 17:44:16
10537,10537,wallet,1036.74,2025-12-14 19:39:20
10538,10538,card,257.31,2025-09-25 20:45:05
10539,10539,card,322.20,2025-09-13 08:37:15
10540,10540,card,1330.96,2025-12-06 03:47:15
10541,10541,cash,183.53,2025-11-08 01:04:07
10542,10542,cash,198.49,2025-03-15 23:43:47
10543,10543,gift_card,159.79,2025-05-30 07:30:26
10544,10544,cash,710.98,2025-05-11 15:00:34
10545,10545,cash,27.15,2025-08-02 02:43:05
10546,10546,card,597.46,2025-05-16 11:14:24
10547,10547,card,678.25,2025-09-28 08:34:47
10548,10548,gift_card,218.72,2025-02-28 21:30:08
10549,10549,gift_card,311.97,2025-05-14 21:01:45
10550,10550,wallet,196.35,2025-12-19 17:16:30
10551,10551,cash,387.20,2025-10-02 11:48:46
10552,10552,cash,1517.98,2025-06-04 03:12:07
10553,10553,card,508.99,2025-11-17 11:11:08
10554,10554,card,211.60,2025-08-18 17:57:46
10555,10555,card,254.50,2025-09-29 01:28:35
10556,10556,card,137.19,2025-09-14 17:49:50
10557,10557,card,658.88,2025-04-26 00:17:16
10558,10558,wallet,292.99,2025-05-13 12:24:08
10559,10559,wallet,1242.56,2025-04-02 01:04:10
10560,10560,card,109.10,2025-10-03 21:27:15
10561,10561,cash,386.88,2025-09-11 01:37:34
10562,10562,card,392.42,2025-10-15 18:47:10
10563,10563,gift_card,421.94,2025-04-29 14:59:08
10564,10564,\N,448.97,2025-07-17 06:48:04
10565,10565,gift_card,677.84,2025-01-03 19:23:28
10566,10566,wallet,748.07,2025-01-17 20:39:26
10567,10567,\N,191.56,2025-04-10 22:12:15
10568,10568,gift_card,49.90,2025-05-19 13:36:23
10569,10569,\N,267.20,2025-04-25 02:59:26
10570,10570,wallet,393.80,2025-09-14 01:31:34
10571,10571,cash,1887.28,2025-02-22 09:28:59
10572,10572,cash,707.44,2025-04-22 05:48:56
10573,10573,wallet,437.29,2025-05-28 11:58:08
10574,10574,card,147.48,2025-09-17 14:56:30
10575,10575,card,1604.94,2025-05-27 13:33:27
10576,10576,cash,544.71,2025-10-27 12:47:50
10577,10577,cash,892.54,2025-12-01 04:32:12
10578,10578,card,532.00,2025-06-02 22:59:54
10579,10579,card,1166.62,2025-08-11 19:45:53
10580,10580,cash,183.19,2025-06-19 22:50:57
10581,10581,card,46.72,2025-10-24 23:46:44
10582,10582,gift_card,1615.65,2025-11-21 22:35:32
10583,10583,card,552.53,2025-10-13 15:21:12
10584,10584,gift_card,178.00,2025-11-29 21:49:01
10585,10585,card,43.32,2025-03-06 05:26:44
10586,10586,\N,297.76,2025-09-30 21:51:45
10587,10587,card,796.47,2025-10-11 16:37:25
10588,10588,\N,1223.82,2025-01-25 06:20:10
10589,10589,card,599.95,2025-04-27 18:37:49
10590,10590,card,340.91,2025-04-24 14:15:13
10591,10591,gift_card,114.00,2025-05-19 09:00:52
10592,10592,card,342.08,2025-05-30 06:50:36
10593,10593,cash,68.62,2025-06-22 07:26:36
10594,10594,\N,344.76,2025-11-16 18:42:05
10595,10595,card,692.42,2025-06-03 23:44:44
10596,10596,wallet,646.78,2025-09-30 19:44:24
10597,10597,gift_card,505.68,2025-09-07 14:20:53
10598,10598,cash,93.08,2025-11-17 01:41:29
10599,10599,card,816.48,2025-04-03 17:37:56
10600,10600,card,388.58,2025-10-03 12:52:49
10601,10601,wallet,323.67,2025-07-19 08:21:58
10602,10602,card,663.82,2025-07-11 23:09:54
10603,10603,gift_card,916.24,2025-04-22 18:12:35
10604,10604,card,1240.19,2025-09-05 03:53:11
10605,10605,cash,496.79,2025-02-13 15:15:57
10606,10606,\N,523.32,2025-02-03 09:46:39
10607,10607,card,642.43,2025-01-08 15:01:40
10608,10608,wallet,904.08,2025-04-08 02:22:07
10609,10609,card,444.62,2025-09-03 05:35:09
10610,10610,card,175.39,2025-08-19 23:10:21
10611,10611,wallet,179.73,2025-07-16 07:54:45
10612,10612,card,296.74,2025-09-08 10:27:15
10613,10613,wallet,302.74,2025-04-22 18:27:42
10614,10614,\N,104.64,2025-08-23 04:04:17
10615,10615,card,285.69,2025-11-14 06:07:33
10616,10616,card,61.08,2025-05-22 23:38:45
10617,10617,card,171.33,2025-09-21 09:06:58
10618,10618,cash,1050.64,2025-09-16 20:34:42
10619,10619,card,590.73,2025-10-03 21:32:52
10620,10620,wallet,1401.80,2025-02-21 04:52:30
10621,10621,\N,354.51,2025-12-21 11:02:12
10622,10622,cash,422.86,2025-12-11 18:04:52
10623,10623,gift_card,18.26,2025-01-17 03:16:27
10624,10624,card,1029.03,2025-04-20 23:46:58
10625,10625,cash,214.24,2025-06-14 08:31:43
10626,10626,wallet,144.09,2025-12-25 04:30:58
10627,10627,wallet,983.10,2025-10-02 20:35:13
10628,10628,card,569.82,2025-11-12 05:47:44
10629,10629,cash,33.72,2025-03-14 04:03:29
10630,10630,wallet,577.03,2025-06-21 02:00:44
10631,10631,gift_card,145.03,2025-05-08 08:10:02
10632,10632,gift_card,22.11,2025-10-17 16:03:32
10633,10633,card,326.18,2025-05-01 23:53:18
10634,10634,card,1021.54,2025-01-23 01:43:36
10635,10635,cash,582.30,2025-09-17 07:33:18
10636,10636,card,371.85,2025-02-06 23:47:14
10637,10637,card,173.15,2025-10-17 14:43:12
10638,10638,card,439.03,2025-11-14 04:57:42
10639,10639,card,223.70,2025-08-24 12:37:44
10640,10640,card,129.44,2025-06-21 10:41:16
10641,10641,wallet,272.66,2025-03-28 09:06:59
10642,10642,wallet,312.42,2025-10-24 13:38:44
10643,10643,cash,291.92,2025-02-16 04:15:53
10644,10644,card,71.02,2025-07-23 07:45:50
10645,10645,card,1036.28,2025-03-24 10:06:45
10646,10646,wallet,763.19,2025-05-23 19:31:57
10647,10647,gift_card,489.79,2025-07-22 00:22:04
10648,10648,wallet,727.79,2025-01-17 01:59:38
10649,10649,wallet,323.73,2025-04-29 10:49:55
10650,10650,\N,239.66,2025-08-22 22:43:01
10651,10651,gift_card,1381.37,2025-11-27 11:04:42
10652,10652,card,383.70,2025-07-29 03:51:55
10653,10653,card,1912.66,2025-11-05 21:25:03
10654,10654,cash,1201.48,2025-05-28 15:44:28
10655,10655,card,106.09,2025-06-29 21:11:08
10656,10656,card,593.01,2025-04-18 20:14:33
10657,10657,\N,193.40,2025-04-22 16:12:00
10658,10658,gift_card,164.66,2025-09-19 03:54:45
10659,10659,wallet,144.21,2025-11-08 11:45:27
10660,10660,cash,754.34,2025-12-06 08:47:37
10661,10661,card,713.20,2025-07-25 08:39:43
10662,10662,wallet,1142.94,2025-02-04 19:09:18
10663,10663,gift_card,686.72,2025-03-21 11:38:28
10664,10664,card,188.86,2025-09-16 09:44:18
10665,10665,\N,213.32,2025-05-20 22:29:29
10666,10666,cash,178.49,2025-06-04 07:30:38
10667,10667,wallet,451.98,2025-12-19 21:34:15
10668,10668,gift_card,1511.97,2025-12-28 19:45:38
10669,10669,wallet,670.81,2025-03-26 08:05:51
10670,10670,cash,736.49,2025-06-20 15:28:13
10671,10671,card,306.28,2025-03-21 16:15:15
10672,10672,card,466.34,2025-06-22 15:10:42
10673,10673,\N,105.07,2025-04-28 11:45:57
10674,10674,card,34.10,2025-11-06 11:14:58
10675,10675,\N,827.62,2025-10-27 20:13:00
10676,10676,gift_card,571.82,2025-08-10 01:35:50
10677,10677,gift_card,799.93,2025-10-30 06:45:27
10678,10678,wallet,1237.92,2025-07-15 17:50:57
10679,10679,card,124.16,2025-09-13 06:48:14
10680,10680,card,604.47,2025-07-11 18:55:42
10681,10681,gift_card,1153.13,2025-03-11 09:22:02
10682,10682,card,177.22,2025-02-18 21:31:15
10683,10683,\N,1231.74,2025-08-17 06:12:41
10684,10684,card,708.05,2025-08-12 10:44:20
10685,10685,card,467.62,2025-10-16 04:31:33
10686,10686,wallet,89.85,2025-12-08 11:21:54
10687,10687,gift_card,1047.30,2025-11-27 13:33:04
10688,10688,card,167.26,2025-01-10 12:45:55
10689,10689,card,66.88,2025-05-28 10:17:02
10690,10690,cash,807.45,2025-08-08 10:48:13
10691,10691,gift_card,481.92,2025-05-18 02:37:26
10692,10692,gift_card,458.65,2025-12-30 13:53:36
10693,10693,wallet,46.53,2025-07-08 23:32:16
10694,10694,card,142.87,2025-09-15 20:12:29
10695,10695,card,2430.19,2025-03-11 17:05:46
10696,10696,\N,410.03,2025-11-19 21:36:47
10697,10697,\N,639.64,2025-09-17 18:19:10
10698,10698,wallet,1218.97,2025-06-18 08:54:10
10699,10699,\N,117.57,2025-03-28 10:12:38
10700,10700,card,693.35,2025-06-16 12:00:21
10701,10701,gift_card,422.40,2025-09-18 20:12:38
10702,10702,\N,175.86,2025-04-19 06:57:08
10703,10703,cash,983.07,2025-05-04 05:17:06
10704,10704,wallet,1716.00,2025-07-19 12:31:18
10705,10705,card,81.71,2025-07-14 03:45:01
10706,10706,card,215.92,2025-07-13 17:18:13
10707,10707,\N,336.42,2025-02-02 20:20:55
10708,10708,card,842.08,2025-09-15 21:51:33
10709,10709,cash,350.81,2025-10-22 08:28:14
10710,10710,gift_card,193.53,2025-05-24 01:00:20
10711,10711,cash,372.83,2025-04-20 14:36:19
10712,10712,card,832.28,2025-07-27 09:11:02
10713,10713,gift_card,1160.77,2025-10-01 09:01:42
10714,10714,card,269.67,2025-09-22 22:22:18
10715,10715,\N,900.62,2025-05-22 04:10:47
10716,10716,card,147.36,2025-01-26 03:09:43
10717,10717,cash,123.29,2025-09-30 15:04:42
10718,10718,wallet,121.87,2025-05-06 03:42:56
10719,10719,gift_card,798.53,2025-04-16 14:25:24
10720,10720,\N,717.20,2025-08-04 20:02:12
10721,10721,gift_card,633.59,2025-06-17 00:24:44
10722,10722,\N,1810.46,2025-08-09 22:06:22
10723,10723,cash,435.90,2025-06-16 11:02:53
10724,10724,card,973.53,2025-12-02 18:02:46
10725,10725,card,651.69,2025-09-28 11:01:25
10726,10726,card,768.97,2025-10-19 03:33:41
10727,10727,card,204.64,2025-01-21 05:52:26
10728,10728,card,39.37,2025-07-23 20:10:12
10729,10729,card,268.83,2025-02-01 17:57:12
10730,10730,card,72.76,2025-06-13 22:32:01
10731,10731,cash,588.41,2025-07-07 05:52:44
10732,10732,cash,433.60,2025-10-18 10:40:12
10733,10733,card,595.15,2025-12-06 21:56:01
10734,10734,card,1341.09,2025-03-08 11:29:20
10735,10735,wallet,4.49,2025-12-13 00:33:18
10736,10736,card,401.65,2025-01-14 07:00:51
10737,10737,card,403.05,2025-05-06 19:11:48
10738,10738,card,108.31,2025-07-16 04:38:30
10739,10739,cash,147.72,2025-11-20 18:40:21
10740,10740,card,341.29,2025-04-28 22:49:05
10741,10741,cash,715.42,2025-12-07 02:31:49
10742,10742,card,295.33,2025-11-27 18:16:50
10743,10743,cash,1320.66,2025-10-15 10:56:26
10744,10744,\N,218.22,2025-09-29 08:22:28
10745,10745,card,506.97,2025-02-17 01:01:11
10746,10746,card,485.74,2025-08-09 13:12:23
10747,10747,card,486.71,2025-05-27 22:45:22
10748,10748,cash,124.98,2025-11-16 04:44:20
10749,10749,card,215.92,2025-06-28 16:16:35
10750,10750,card,279.38,2025-09-08 07:08:31
10751,10751,\N,246.54,2025-10-10 21:12:59
10752,10752,gift_card,283.63,2025-05-06 08:37:30
10753,10753,wallet,98.87,2025-06-20 08:49:44
10754,10754,\N,287.48,2025-09-07 13:59:22
10755,10755,\N,366.57,2025-01-01 07:16:14
10756,10756,card,307.78,2025-05-31 01:54:58
10757,10757,card,109.32,2025-12-10 03:03:57
10758,10758,card,1065.71,2025-11-03 13:35:13
10759,10759,card,63.21,2025-09-02 23:58:24
10760,10760,card,28.78,2025-05-03 00:13:36
10761,10761,gift_card,528.02,2025-11-12 05:40:49
10762,10762,cash,754.86,2025-01-04 00:20:17
10763,10763,wallet,621.90,2025-06-01 23:48:11
10764,10764,gift_card,529.46,2025-08-31 14:32:59
10765,10765,card,462.87,2025-08-25 01:54:00
10766,10766,card,142.50,2025-05-15 04:10:57
10767,10767,wallet,574.77,2025-07-21 10:54:55
10768,10768,card,282.45,2025-04-01 15:24:17
10769,10769,gift_card,756.39,2025-06-15 10:46:48
10770,10770,card,530.24,2025-08-20 16:16:39
10771,10771,gift_card,767.70,2025-11-09 15:51:25
10772,10772,gift_card,294.12,2025-12-24 20:12:41
10773,10773,wallet,703.72,2025-07-07 10:31:10
10774,10774,cash,330.64,2025-12-28 07:53:00
10775,10775,\N,613.86,2025-08-09 22:29:52
10776,10776,card,570.10,2025-09-30 21:09:36
10777,10777,card,326.80,2025-11-03 18:00:07
10778,10778,gift_card,751.45,2025-07-06 16:03:03
10779,10779,card,771.72,2025-04-29 05:22:10
10780,10780,cash,303.71,2025-10-14 13:52:55
10781,10781,card,317.34,2025-03-23 03:19:56
10782,10782,wallet,173.79,2025-04-27 04:10:45
10783,10783,\N,284.92,2025-10-13 04:22:23
10784,10784,cash,163.33,2025-09-02 19:44:16
10785,10785,card,80.26,2025-01-09 07:05:13
10786,10786,\N,64.44,2025-02-06 15:40:13
10787,10787,gift_card,63.30,2025-09-18 11:24:10
10788,10788,cash,169.01,2025-04-24 14:00:42
10789,10789,\N,212.67,2025-09-02 02:30:45
10790,10790,card,188.06,2025-05-17 22:34:43
10791,10791,\N,565.81,2025-03-05 18:00:29
10792,10792,card,216.26,2025-09-01 23:46:35
10793,10793,wallet,512.20,2025-04-16 00:37:18
10794,10794,\N,1265.12,2025-06-15 18:31:38
10795,10795,card,1106.97,2025-04-24 05:04:13
10796,10796,gift_card,542.21,2025-10-02 08:33:19
10797,10797,cash,956.40,2025-05-28 07:06:06
10798,10798,card,90.22,2025-06-01 05:16:07
10799,10799,card,399.25,2025-02-27 19:56:44
10800,10800,wallet,203.26,2025-07-18 21:07:42
10801,10801,\N,772.64,2025-05-14 12:44:56
10802,10802,card,411.60,2025-04-10 14:55:13
10803,10803,\N,119.73,2025-12-05 01:42:34
10804,10804,wallet,301.99,2025-11-16 12:20:03
10805,10805,gift_card,523.17,2025-10-11 17:27:48
10806,10806,cash,463.37,2025-07-19 07:48:03
10807,10807,card,682.10,2025-10-11 00:59:52
10808,10808,gift_card,298.56,2025-01-22 21:12:49
10809,10809,card,278.71,2025-02-17 08:42:41
10810,10810,wallet,337.41,2025-12-31 03:03:27
10811,10811,gift_card,203.78,2025-12-30 17:06:02
10812,10812,cash,855.24,2025-08-18 23:42:59
10813,10813,gift_card,1535.63,2025-03-14 06:31:11
10814,10814,card,319.43,2025-06-21 00:24:29
10815,10815,card,1105.92,2025-09-29 22:41:38
10816,10816,card,220.08,2025-04-14 16:36:37
10817,10817,card,254.43,2025-12-13 22:40:25
10818,10818,\N,810.29,2025-07-07 21:05:37
10819,10819,gift_card,272.25,2025-03-24 08:14:57
10820,10820,card,276.65,2025-10-03 02:12:23
10821,10821,card,991.90,2025-04-22 05:43:07
10822,10822,gift_card,912.25,2025-08-24 10:50:30
10823,10823,wallet,584.42,2025-04-11 02:47:37
10824,10824,card,1064.59,2025-10-31 07:03:14
10825,10825,\N,1832.06,2025-10-10 11:24:18
10826,10826,\N,386.23,2025-01-02 08:31:53
10827,10827,\N,146.74,2025-05-29 07:47:03
10828,10828,gift_card,432.21,2025-11-17 05:20:19
10829,10829,wallet,1341.87,2025-02-12 01:18:22
10830,10830,card,641.07,2025-10-19 02:50:10
10831,10831,gift_card,805.49,2025-08-10 16:34:16
10832,10832,\N,435.57,2025-10-16 02:40:08
10833,10833,card,284.70,2025-11-29 13:20:13
10834,10834,card,361.45,2025-01-18 08:57:04
10835,10835,wallet,544.16,2025-05-25 23:23:14
10836,10836,card,301.49,2025-11-15 21:58:05
10837,10837,gift_card,1009.65,2025-11-27 04:35:20
10838,10838,card,166.53,2025-05-18 23:06:57
10839,10839,card,944.51,2025-12-02 16:00:11
10840,10840,card,95.23,2025-06-24 00:57:13
10841,10841,cash,463.19,2025-02-27 20:50:03
10842,10842,card,736.70,2025-12-07 19:42:58
10843,10843,gift_card,114.14,2025-02-26 23:40:20
10844,10844,cash,35.20,2025-10-12 08:08:18
10845,10845,wallet,717.65,2025-07-07 22:03:30
10846,10846,cash,803.64,2025-07-15 09:10:46
10847,10847,wallet,893.25,2025-03-22 13:40:25
10848,10848,gift_card,839.68,2025-10-01 19:24:51
10849,10849,card,267.83,2025-12-02 16:03:20
10850,10850,cash,569.47,2025-03-19 21:09:22
10851,10851,\N,451.20,2025-11-24 09:07:43
10852,10852,card,126.84,2025-01-02 23:01:37
10853,10853,card,390.35,2025-05-10 19:14:34
10854,10854,card,575.48,2025-03-18 17:49:50
10855,10855,card,780.55,2025-10-15 15:41:58
10856,10856,cash,832.25,2025-09-25 23:02:43
10857,10857,gift_card,775.35,2025-12-04 03:19:50
10858,10858,card,1406.45,2025-12-12 18:27:41
10859,10859,card,136.81,2025-10-04 00:19:46
10860,10860,\N,687.25,2025-05-27 20:30:30
10861,10861,card,242.73,2025-01-07 18:27:48
10862,10862,wallet,429.66,2025-06-29 05:05:13
10863,10863,card,980.94,2025-05-12 20:49:46
10864,10864,\N,1163.44,2025-05-23 15:18:54
10865,10865,card,135.68,2025-02-20 21:08:32
10866,10866,\N,172.08,2025-04-16 14:43:32
10867,10867,gift_card,766.75,2025-07-25 09:52:23
10868,10868,card,374.93,2025-07-23 07:36:42
10869,10869,\N,1800.88,2025-11-18 20:45:06
10870,10870,wallet,60.73,2025-10-26 16:14:10
10871,10871,\N,137.58,2025-05-27 13:56:09
10872,10872,card,615.66,2025-11-24 00:48:51
10873,10873,wallet,245.30,2025-03-04 21:16:42
10874,10874,card,37.53,2025-01-03 09:57:41
10875,10875,\N,197.66,2025-06-07 21:14:19
10876,10876,gift_card,156.72,2025-03-28 13:28:43
10877,10877,card,358.92,2025-03-06 23:04:39
10878,10878,cash,790.71,2025-12-01 07:39:52
10879,10879,card,589.80,2025-05-18 19:29:25
10880,10880,gift_card,195.83,2025-04-25 17:48:50
10881,10881,wallet,499.22,2025-08-26 03:53:35
10882,10882,wallet,300.85,2025-09-07 20:26:40
10883,10883,wallet,474.16,2025-01-19 07:41:35
10884,10884,card,7.23,2025-10-15 13:23:08
10885,10885,card,310.26,2025-07-04 15:03:11
10886,10886,wallet,199.58,2025-12-08 22:36:04
10887,10887,card,234.58,2025-08-30 14:33:22
10888,10888,gift_card,74.26,2025-02-28 14:41:15
10889,10889,card,252.93,2025-11-03 12:05:03
10890,10890,card,709.76,2025-06-07 09:01:33
10891,10891,card,241.43,2025-05-09 22:51:47
10892,10892,card,266.42,2025-11-13 17:36:13
10893,10893,card,301.60,2025-04-03 06:52:01
10894,10894,card,615.08,2025-08-09 18:52:49
10895,10895,card,1355.85,2025-09-05 03:17:10
10896,10896,card,469.06,2025-01-02 15:35:18
10897,10897,card,351.29,2025-07-23 17:18:20
10898,10898,\N,416.58,2025-04-13 11:22:03
10899,10899,wallet,375.70,2025-09-27 22:32:25
10900,10900,\N,49.50,2025-05-20 04:25:30
10901,10901,card,129.49,2025-03-12 14:41:30
10902,10902,card,290.99,2025-03-23 05:32:05
10903,10903,\N,420.75,2025-08-28 19:05:31
10904,10904,\N,344.71,2025-07-03 10:15:25
10905,10905,gift_card,187.27,2025-12-28 00:29:16
10906,10906,cash,619.04,2025-04-20 08:24:26
10907,10907,card,694.77,2025-02-08 21:07:31
10908,10908,card,25.61,2025-06-02 15:50:39
10909,10909,gift_card,619.00,2025-10-11 06:21:21
10910,10910,cash,788.94,2025-02-14 16:41:52
10911,10911,wallet,64.66,2025-03-03 19:57:41
10912,10912,card,194.55,2025-04-10 21:30:59
10913,10913,gift_card,1290.57,2025-01-10 16:06:16
10914,10914,card,307.36,2025-10-31 22:12:20
10915,10915,cash,277.61,2025-04-20 00:51:35
10916,10916,card,173.96,2025-08-28 03:54:10
10917,10917,gift_card,238.74,2025-04-09 11:00:10
10918,10918,\N,269.91,2025-12-18 21:24:19
10919,10919,gift_card,379.59,2025-11-15 00:05:46
10920,10920,wallet,647.53,2025-05-09 17:38:07
10921,10921,card,133.86,2025-12-22 13:28:04
10922,10922,\N,452.76,2025-05-25 05:09:30
10923,10923,gift_card,157.27,2025-11-07 19:51:00
10924,10924,wallet,1324.42,2025-07-22 21:11:20
10925,10925,cash,455.31,2025-08-24 05:50:28
10926,10926,cash,305.72,2025-02-25 20:05:19
10927,10927,wallet,1455.88,2025-11-19 17:03:14
10928,10928,card,577.51,2025-12-03 22:38:39
10929,10929,card,588.00,2025-12-28 12:24:13
10930,10930,cash,301.46,2025-06-26 20:32:31
10931,10931,\N,151.37,2025-03-29 15:55:56
10932,10932,card,497.54,2025-09-11 20:38:05
10933,10933,card,2534.19,2025-02-14 14:49:00
10934,10934,card,2468.26,2025-01-05 20:27:16
10935,10935,card,204.10,2025-09-10 10:17:51
10936,10936,card,952.92,2025-11-19 03:53:12
10937,10937,cash,570.02,2025-04-26 06:28:00
10938,10938,wallet,1358.33,2025-04-07 15:10:03
10939,10939,wallet,806.71,2025-12-16 05:30:27
10940,10940,gift_card,281.26,2025-03-07 00:31:22
10941,10941,\N,199.58,2025-12-27 02:49:18
10942,10942,card,70.40,2025-07-29 10:27:22
10943,10943,card,1191.12,2025-10-27 01:04:21
10944,10944,card,220.45,2025-08-03 09:57:43
10945,10945,\N,23.25,2025-12-11 02:13:29
10946,10946,card,362.51,2025-05-10 20:48:27
10947,10947,cash,19.56,2025-01-29 15:20:03
10948,10948,wallet,713.21,2025-07-07 01:19:25
10949,10949,gift_card,207.90,2025-04-08 21:38:04
10950,10950,cash,310.26,2025-03-29 20:24:37
10951,10951,card,349.53,2025-08-27 02:32:26
10952,10952,cash,1045.07,2025-03-07 20:15:36
10953,10953,card,373.49,2025-07-11 07:38:30
10954,10954,\N,261.68,2025-04-23 20:21:26
10955,10955,card,460.74,2025-04-21 03:56:44
10956,10956,\N,647.11,2025-09-29 17:43:43
10957,10957,cash,265.93,2025-09-14 01:29:58
10958,10958,gift_card,1143.42,2025-10-27 13:54:36
10959,10959,gift_card,303.66,2025-03-04 21:15:50
10960,10960,card,419.81,2025-02-16 06:13:03
10961,10961,card,547.21,2025-12-05 04:13:57
10962,10962,card,331.08,2025-01-10 05:10:54
10963,10963,card,427.92,2025-02-19 20:33:57
10964,10964,wallet,723.67,2025-07-15 13:08:54
10965,10965,gift_card,857.06,2025-02-09 11:59:27
10966,10966,\N,649.04,2025-07-13 19:36:18
10967,10967,\N,30.20,2025-03-08 09:53:17
10968,10968,\N,327.37,2025-12-05 16:02:54
10969,10969,card,380.13,2025-07-17 10:52:23
10970,10970,\N,1077.39,2025-04-15 12:06:54
10971,10971,card,1100.32,2025-09-23 09:12:11
10972,10972,card,209.44,2025-12-27 23:51:59
10973,10973,card,314.23,2025-02-03 15:11:25
10974,10974,wallet,1012.51,2025-09-08 13:47:09
10975,10975,card,702.95,2025-10-30 21:47:20
10976,10976,card,246.18,2025-10-16 22:58:44
10977,10977,\N,1071.39,2025-12-25 05:26:10
10978,10978,card,600.21,2025-03-12 19:52:14
10979,10979,gift_card,380.19,2025-07-27 05:34:27
10980,10980,wallet,1056.88,2025-06-14 17:20:44
10981,10981,cash,310.65,2025-01-24 21:49:13
10982,10982,card,383.75,2025-08-03 08:20:25
10983,10983,gift_card,134.45,2025-05-14 10:03:39
10984,10984,card,302.82,2025-03-14 15:15:35
10985,10985,\N,201.21,2025-10-15 03:47:15
10986,10986,wallet,130.97,2025-12-14 02:43:09
10987,10987,wallet,360.28,2025-11-29 10:26:56
10988,10988,wallet,175.43,2025-05-28 18:43:18
10989,10989,card,1310.88,2025-08-14 17:30:10
10990,10990,cash,658.51,2025-03-08 23:47:11
10991,10991,cash,572.91,2025-03-06 05:43:53
10992,10992,card,361.50,2025-05-19 13:56:24
10993,10993,wallet,118.07,2025-07-16 05:11:22
10994,10994,card,1132.96,2025-09-25 01:41:17
10995,10995,\N,905.64,2025-11-23 18:49:08
10996,10996,\N,322.83,2025-08-28 10:04:40
10997,10997,\N,1120.58,2025-03-19 08:15:27
10998,10998,wallet,877.50,2025-11-30 14:36:10
10999,10999,card,1432.51,2025-08-02 17:28:24
11000,11000,\N,572.15,2025-11-17 12:30:55
11001,11001,card,387.97,2025-03-06 09:08:19
11002,11002,\N,216.16,2025-11-06 17:57:24
11003,11003,gift_card,2168.11,2025-11-27 02:33:03
11004,11004,card,547.38,2025-10-14 13:09:33
11005,11005,card,194.62,2025-01-08 07:58:23
11006,11006,card,759.36,2025-06-07 06:01:50
11007,11007,\N,630.70,2025-11-05 10:45:00
11008,11008,\N,60.40,2025-05-19 08:54:58
11009,11009,gift_card,245.30,2025-11-04 22:04:53
11010,11010,\N,1312.56,2025-06-01 22:44:45
11011,11011,card,616.44,2025-10-09 10:54:52
11012,11012,card,2180.46,2025-08-29 06:41:26
11013,11013,\N,104.21,2025-05-18 13:08:57
11014,11014,\N,216.26,2025-12-02 14:13:01
11015,11015,card,638.15,2025-09-24 14:06:20
11016,11016,card,491.55,2025-11-08 10:17:07
11017,11017,gift_card,344.24,2025-08-05 16:48:10
11018,11018,cash,830.99,2025-05-05 02:38:59
11019,11019,gift_card,672.72,2025-05-11 08:35:36
11020,11020,wallet,102.32,2025-01-29 04:31:46
11021,11021,\N,447.00,2025-03-16 03:27:43
11022,11022,cash,103.19,2025-06-17 08:53:58
11023,11023,cash,148.54,2025-07-30 12:01:09
11024,11024,wallet,1033.11,2025-01-30 06:17:50
11025,11025,card,230.55,2025-05-04 21:53:55
11026,11026,\N,338.27,2025-04-06 08:36:19
11027,11027,gift_card,116.90,2025-05-21 09:38:37
11028,11028,card,308.59,2025-11-25 15:02:58
11029,11029,\N,244.66,2025-10-09 02:26:55
11030,11030,\N,285.70,2025-12-10 01:00:26
11031,11031,gift_card,210.70,2025-08-17 05:06:06
11032,11032,card,339.90,2025-10-03 19:19:08
11033,11033,card,216.51,2025-10-05 12:38:14
11034,11034,card,768.79,2025-01-27 08:32:42
11035,11035,card,1167.52,2025-05-05 01:49:09
11036,11036,gift_card,123.16,2025-04-25 17:48:46
11037,11037,card,528.98,2025-02-17 17:11:42
11038,11038,card,338.13,2025-01-15 19:27:28
11039,11039,card,1925.97,2025-04-01 15:57:52
11040,11040,\N,426.58,2025-04-18 16:41:52
11041,11041,cash,1203.90,2025-08-20 17:42:19
11042,11042,wallet,831.20,2025-03-10 18:32:30
11043,11043,card,771.29,2025-09-04 00:07:46
11044,11044,card,263.96,2025-03-14 03:56:23
11045,11045,card,1152.01,2025-02-12 15:44:08
11046,11046,cash,1476.61,2025-10-20 12:39:31
11047,11047,card,366.64,2025-04-19 07:38:02
11048,11048,\N,1016.14,2025-02-24 04:35:02
11049,11049,gift_card,332.12,2025-10-16 06:14:46
11050,11050,gift_card,300.75,2025-05-07 18:27:46
11051,11051,\N,307.15,2025-05-09 17:54:40
11052,11052,gift_card,864.41,2025-01-19 07:25:12
11053,11053,card,291.96,2025-12-31 14:29:55
11054,11054,card,209.49,2025-11-21 05:30:33
11055,11055,\N,453.89,2025-12-22 18:01:31
11056,11056,wallet,314.51,2025-06-08 02:58:07
11057,11057,cash,281.00,2025-07-11 11:50:22
11058,11058,card,270.18,2025-05-15 06:45:22
11059,11059,card,132.38,2025-04-03 21:37:10
11060,11060,gift_card,235.59,2025-05-08 18:51:04
11061,11061,cash,1470.52,2025-12-06 10:45:07
11062,11062,gift_card,1291.07,2025-12-13 00:25:54
11063,11063,\N,463.14,2025-07-25 01:39:19
11064,11064,card,487.66,2025-09-15 13:58:33
11065,11065,card,2042.07,2025-08-27 23:10:08
11066,11066,card,1037.10,2025-10-07 10:51:24
11067,11067,\N,702.75,2025-10-20 21:54:08
11068,11068,gift_card,2090.13,2025-10-14 22:18:30
11069,11069,wallet,429.90,2025-07-20 16:30:59
11070,11070,gift_card,1146.59,2025-01-27 12:41:14
11071,11071,card,1993.42,2025-03-20 12:20:22
11072,11072,gift_card,316.20,2025-10-09 08:27:53
11073,11073,gift_card,671.40,2025-09-30 15:54:07
11074,11074,card,506.35,2025-04-01 21:04:01
11075,11075,card,616.82,2025-09-11 00:40:10
11076,11076,cash,321.22,2025-09-20 19:15:14
11077,11077,card,546.59,2025-04-13 02:38:16
11078,11078,card,356.88,2025-05-06 04:57:05
11079,11079,cash,1603.50,2025-02-13 16:55:44
11080,11080,card,526.95,2025-06-01 12:21:52
11081,11081,card,167.07,2025-02-10 21:34:36
11082,11082,cash,1806.75,2025-08-08 19:30:20
11083,11083,wallet,376.72,2025-02-18 05:17:57
11084,11084,\N,395.55,2025-10-13 21:47:48
11085,11085,card,577.82,2025-05-28 02:44:54
11086,11086,card,524.48,2025-07-21 21:45:25
11087,11087,gift_card,568.70,2025-04-02 04:07:14
11088,11088,card,895.15,2025-09-23 09:00:59
11089,11089,wallet,462.87,2025-05-10 21:24:47
11090,11090,card,127.25,2025-01-26 16:01:56
11091,11091,gift_card,90.57,2025-02-19 19:50:50
11092,11092,card,993.45,2025-08-12 03:08:33
11093,11093,gift_card,627.91,2025-10-07 12:39:56
11094,11094,cash,92.17,2025-04-15 07:32:48
11095,11095,card,1128.57,2025-03-11 00:33:33
11096,11096,card,268.72,2025-05-25 21:56:31
11097,11097,gift_card,1221.22,2025-11-25 05:53:12
11098,11098,wallet,119.66,2025-12-21 20:33:50
11099,11099,cash,534.16,2025-02-13 20:33:41
11100,11100,cash,362.58,2025-02-13 11:03:57
11101,11101,card,133.35,2025-07-26 10:29:25
11102,11102,card,61.54,2025-09-19 08:16:30
11103,11103,\N,373.12,2025-05-07 14:05:46
11104,11104,card,849.56,2025-10-10 07:58:26
11105,11105,\N,809.28,2025-10-03 04:14:00
11106,11106,card,755.99,2025-05-09 10:21:13
11107,11107,card,135.94,2025-11-18 10:17:49
11108,11108,gift_card,1538.33,2025-11-07 00:09:30
11109,11109,gift_card,218.40,2025-06-07 22:08:46
11110,11110,cash,495.03,2025-08-01 19:16:53
11111,11111,gift_card,563.61,2025-11-10 19:55:09
11112,11112,gift_card,743.26,2025-04-02 03:41:18
11113,11113,card,296.56,2025-11-14 20:04:54
11114,11114,card,488.52,2025-10-05 21:07:56
11115,11115,card,287.51,2025-08-13 18:58:01
11116,11116,card,1145.80,2025-04-26 17:19:13
11117,11117,card,183.28,2025-03-06 14:27:20
11118,11118,card,281.40,2025-04-12 01:30:43
11119,11119,wallet,209.28,2025-07-11 09:15:17
11120,11120,card,529.97,2025-01-04 18:02:31
11121,11121,cash,759.32,2025-05-16 07:50:15
11122,11122,card,282.66,2025-07-02 00:27:59
11123,11123,cash,173.01,2025-11-24 08:05:57
11124,11124,cash,643.84,2025-09-02 01:04:36
11125,11125,wallet,133.38,2025-09-11 15:10:55
11126,11126,gift_card,1166.44,2025-02-04 01:11:48
11127,11127,card,135.81,2025-06-12 12:23:55
11128,11128,gift_card,2010.79,2025-02-25 19:11:45
11129,11129,card,795.34,2025-12-19 20:59:49
11130,11130,card,1365.61,2025-07-08 10:24:05
11131,11131,card,43.12,2025-12-18 17:53:15
11132,11132,card,1588.41,2025-04-07 11:06:50
11133,11133,gift_card,794.38,2025-08-11 21:25:13
11134,11134,gift_card,306.93,2025-01-04 05:00:14
11135,11135,cash,335.97,2025-11-26 16:50:35
11136,11136,\N,345.54,2025-02-10 05:02:10
11137,11137,card,867.53,2025-09-13 01:54:34
11138,11138,cash,314.48,2025-01-19 20:23:41
11139,11139,card,178.49,2025-05-18 21:16:43
11140,11140,card,2019.56,2025-05-29 17:06:06
11141,11141,card,115.72,2025-12-26 15:17:07
11142,11142,cash,324.46,2025-03-11 06:12:43
11143,11143,card,274.50,2025-03-18 01:26:16
11144,11144,gift_card,942.17,2025-07-12 21:12:34
11145,11145,gift_card,38.76,2025-07-11 16:39:53
11146,11146,card,181.25,2025-05-05 05:47:32
11147,11147,gift_card,361.44,2025-03-30 08:20:04
11148,11148,card,23.86,2025-06-15 19:09:09
11149,11149,card,197.74,2025-04-29 06:40:57
11150,11150,card,405.41,2025-03-09 01:46:11
11151,11151,cash,102.27,2025-08-20 03:41:12
11152,11152,wallet,338.46,2025-10-22 03:03:37
11153,11153,card,1239.96,2025-10-21 07:52:33
11154,11154,gift_card,65.43,2025-11-16 05:32:36
11155,11155,wallet,139.40,2025-02-20 08:02:41
11156,11156,gift_card,865.95,2025-06-06 17:18:52
11157,11157,gift_card,498.03,2025-05-11 15:10:40
11158,11158,gift_card,1387.70,2025-12-28 05:29:26
11159,11159,card,364.06,2025-01-03 12:36:33
11160,11160,cash,115.70,2025-05-13 06:07:19
11161,11161,card,1951.39,2025-09-28 02:22:09
11162,11162,card,245.47,2025-03-16 14:34:06
11163,11163,\N,292.35,2025-01-17 18:17:15
11164,11164,card,676.06,2025-12-10 07:01:14
11165,11165,card,1092.29,2025-11-07 19:08:32
11166,11166,cash,328.61,2025-07-04 02:34:58
11167,11167,cash,630.12,2025-01-04 12:31:03
11168,11168,\N,957.54,2025-07-04 02:35:30
11169,11169,card,239.35,2025-03-17 06:56:57
11170,11170,\N,606.74,2025-10-07 06:34:03
11171,11171,gift_card,703.35,2025-05-15 11:15:01
11172,11172,card,50.62,2025-03-22 02:10:31
11173,11173,\N,1219.02,2025-04-25 08:04:57
11174,11174,\N,203.06,2025-03-31 09:35:15
11175,11175,cash,1210.99,2025-11-02 16:30:38
11176,11176,wallet,64.44,2025-01-08 10:03:31
11177,11177,gift_card,236.13,2025-04-15 15:22:14
11178,11178,gift_card,204.26,2025-08-28 04:14:54
11179,11179,cash,206.72,2025-08-03 02:35:21
11180,11180,\N,181.22,2025-03-08 16:18:54
11181,11181,card,258.55,2025-06-24 07:11:15
11182,11182,cash,284.72,2025-01-12 03:17:51
11183,11183,card,134.24,2025-07-09 15:55:57
11184,11184,card,460.94,2025-11-04 07:11:28
11185,11185,card,318.06,2025-09-17 02:12:51
11186,11186,cash,346.35,2025-03-11 19:21:31
11187,11187,\N,184.59,2025-04-20 01:25:19
11188,11188,\N,279.86,2025-08-10 16:28:52
11189,11189,cash,243.69,2025-08-30 21:50:09
11190,11190,\N,434.24,2025-06-19 02:42:47
11191,11191,card,1512.39,2025-08-11 01:28:38
11192,11192,gift_card,787.92,2025-02-20 08:16:08
11193,11193,card,484.80,2025-07-21 15:47:32
11194,11194,card,1256.70,2025-09-29 18:12:19
11195,11195,cash,297.11,2025-05-09 23:22:45
11196,11196,card,265.86,2025-05-05 09:30:20
11197,11197,gift_card,11.82,2025-03-07 16:04:49
11198,11198,gift_card,1089.63,2025-09-26 20:11:29
11199,11199,\N,579.09,2025-08-10 14:34:06
11200,11200,card,20.55,2025-07-12 00:31:11
11201,11201,gift_card,505.33,2025-12-21 11:33:08
11202,11202,card,62.57,2025-11-12 00:13:27
11203,11203,wallet,319.03,2025-03-11 12:51:03
11204,11204,card,272.09,2025-11-23 02:47:51
11205,11205,gift_card,599.39,2025-10-01 11:32:36
11206,11206,cash,223.12,2025-12-10 16:29:54
11207,11207,gift_card,255.80,2025-04-22 17:23:08
11208,11208,gift_card,59.28,2025-12-22 19:40:09
11209,11209,cash,170.73,2025-11-22 00:56:58
11210,11210,gift_card,239.50,2025-11-02 16:28:40
11211,11211,gift_card,158.59,2025-03-18 22:01:39
11212,11212,card,182.31,2025-06-27 20:10:50
11213,11213,\N,675.00,2025-09-09 20:13:25
11214,11214,card,126.44,2025-07-05 03:29:40
11215,11215,card,257.84,2025-10-26 00:20:55
11216,11216,card,785.32,2025-08-02 22:07:58
11217,11217,gift_card,93.16,2025-04-02 09:07:15
11218,11218,\N,1245.49,2025-10-21 20:03:55
11219,11219,card,375.08,2025-05-31 02:13:26
11220,11220,card,1008.65,2025-12-17 05:04:46
11221,11221,card,647.42,2025-08-19 20:06:48
11222,11222,cash,455.80,2025-04-22 04:26:05
11223,11223,wallet,1034.24,2025-03-26 19:50:27
11224,11224,wallet,206.56,2025-06-16 04:10:33
11225,11225,gift_card,260.74,2025-05-16 16:01:39
11226,11226,card,273.42,2025-02-17 07:13:31
11227,11227,card,261.86,2025-06-16 00:25:41
11228,11228,card,751.99,2025-08-02 09:41:43
11229,11229,gift_card,551.49,2025-09-30 14:17:30
11230,11230,card,1083.83,2025-10-11 07:04:09
11231,11231,gift_card,246.94,2025-10-10 19:18:41
11232,11232,wallet,321.15,2025-05-08 23:32:47
11233,11233,cash,114.74,2025-02-11 01:12:05
11234,11234,card,445.68,2025-07-05 16:46:40
11235,11235,gift_card,554.93,2025-04-22 21:31:34
11236,11236,cash,254.34,2025-01-18 09:44:31
11237,11237,wallet,938.22,2025-02-02 05:06:54
11238,11238,cash,1091.99,2025-01-13 18:34:34
11239,11239,gift_card,377.19,2025-08-24 20:06:28
11240,11240,wallet,944.35,2025-04-24 15:50:33
11241,11241,card,281.70,2025-03-17 02:50:53
11242,11242,card,175.67,2025-01-14 06:24:23
11243,11243,wallet,480.68,2025-01-15 06:38:05
11244,11244,\N,655.14,2025-03-31 13:36:17
11245,11245,\N,231.54,2025-07-19 16:14:00
11246,11246,card,315.20,2025-11-14 02:46:44
11247,11247,card,633.82,2025-06-16 12:35:10
11248,11248,\N,537.78,2025-12-07 06:27:04
11249,11249,gift_card,632.19,2025-03-23 00:12:43
11250,11250,card,979.74,2025-01-20 06:26:33
11251,11251,card,696.65,2025-08-19 15:06:47
11252,11252,wallet,16.34,2025-07-05 04:09:42
11253,11253,\N,218.74,2025-01-06 00:04:09
11254,11254,wallet,623.17,2025-11-05 20:40:20
11255,11255,\N,258.23,2025-08-13 02:43:22
11256,11256,\N,1160.79,2025-03-26 07:58:36
11257,11257,card,461.98,2025-03-31 13:35:14
11258,11258,card,336.35,2025-06-04 01:00:09
11259,11259,gift_card,1048.09,2025-01-23 16:52:12
11260,11260,wallet,486.39,2025-05-01 15:37:54
11261,11261,wallet,376.51,2025-02-19 13:37:57
11262,11262,wallet,392.23,2025-12-26 03:48:40
11263,11263,card,231.02,2025-05-06 17:43:46
11264,11264,card,578.55,2025-03-31 22:53:44
11265,11265,gift_card,971.28,2025-06-13 00:14:31
11266,11266,card,671.54,2025-12-09 21:45:21
11267,11267,\N,574.84,2025-12-22 14:58:10
11268,11268,card,51.89,2025-12-30 11:18:00
11269,11269,\N,1063.49,2025-02-14 02:54:43
11270,11270,cash,209.64,2025-03-02 01:10:16
11271,11271,gift_card,617.80,2025-08-18 17:59:23
11272,11272,gift_card,367.95,2025-10-04 10:59:52
11273,11273,cash,644.95,2025-05-07 04:15:02
11274,11274,wallet,535.14,2025-08-18 06:39:32
11275,11275,cash,160.28,2025-04-10 18:43:49
11276,11276,card,1076.61,2025-03-05 02:17:20
11277,11277,card,53.74,2025-02-26 19:13:15
11278,11278,\N,58.63,2025-05-28 05:39:00
11279,11279,wallet,299.53,2025-03-12 14:48:21
11280,11280,cash,184.01,2025-02-15 15:27:03
11281,11281,gift_card,875.96,2025-12-17 18:57:47
11282,11282,gift_card,895.55,2025-05-17 16:38:04
11283,11283,cash,1233.05,2025-07-27 09:18:49
11284,11284,gift_card,48.49,2025-08-21 08:05:29
11285,11285,card,999.42,2025-07-10 21:09:25
11286,11286,cash,1448.09,2025-10-01 02:16:14
11287,11287,cash,231.73,2025-08-10 13:58:01
11288,11288,card,1295.98,2025-10-17 14:23:58
11289,11289,gift_card,588.40,2025-06-25 05:42:25
11290,11290,card,99.53,2025-02-12 05:42:00
11291,11291,wallet,588.34,2025-02-12 05:24:26
11292,11292,\N,604.04,2025-07-24 19:19:35
11293,11293,gift_card,415.27,2025-08-26 05:39:36
11294,11294,card,938.55,2025-04-24 22:02:59
11295,11295,wallet,175.07,2025-12-21 21:38:43
11296,11296,wallet,20.19,2025-05-27 21:22:35
11297,11297,gift_card,164.82,2025-09-01 20:17:01
11298,11298,wallet,1567.16,2025-09-04 10:15:50
11299,11299,card,249.84,2025-06-22 17:48:50
11300,11300,card,281.53,2025-01-20 12:20:05
11301,11301,card,38.89,2025-11-09 00:18:31
11302,11302,card,1375.16,2025-10-22 18:56:16
11303,11303,gift_card,202.73,2025-03-21 02:07:26
11304,11304,wallet,932.33,2025-09-09 07:00:23
11305,11305,cash,48.07,2025-04-07 18:53:18
11306,11306,\N,921.80,2025-10-08 11:33:49
11307,11307,card,1052.72,2025-04-14 20:40:31
11308,11308,gift_card,141.79,2025-03-19 18:21:39
11309,11309,wallet,1575.00,2025-01-30 03:44:50
11310,11310,cash,596.14,2025-03-03 11:17:05
11311,11311,wallet,1066.48,2025-05-06 22:41:08
11312,11312,card,426.65,2025-07-27 19:59:59
11313,11313,card,331.58,2025-07-01 05:57:15
11314,11314,\N,714.40,2025-09-21 09:57:59
11315,11315,card,65.19,2025-08-12 18:09:11
11316,11316,gift_card,825.60,2025-07-26 06:16:17
11317,11317,gift_card,822.99,2025-03-17 11:00:18
11318,11318,\N,1323.92,2025-06-24 23:29:23
11319,11319,gift_card,266.00,2025-07-16 16:41:53
11320,11320,gift_card,369.39,2025-03-14 00:34:00
11321,11321,card,223.43,2025-06-01 05:42:25
11322,11322,card,1143.92,2025-01-12 16:49:20
11323,11323,wallet,764.83,2025-06-25 00:50:47
11324,11324,\N,381.34,2025-08-16 13:00:29
11325,11325,gift_card,221.12,2025-08-26 03:30:49
11326,11326,card,892.10,2025-11-11 15:28:46
11327,11327,wallet,533.68,2025-06-04 20:51:16
11328,11328,cash,1223.01,2025-01-25 10:56:46
11329,11329,cash,237.64,2025-02-22 02:30:20
11330,11330,card,877.83,2025-04-15 04:42:36
11331,11331,cash,912.64,2025-06-24 22:03:14
11332,11332,gift_card,510.46,2025-09-26 05:33:00
11333,11333,wallet,111.65,2025-05-13 22:59:08
11334,11334,gift_card,669.86,2025-04-17 08:29:57
11335,11335,wallet,372.03,2025-06-06 08:09:54
11336,11336,gift_card,63.26,2025-09-07 18:18:57
11337,11337,cash,298.26,2025-01-18 12:05:09
11338,11338,cash,531.84,2025-04-11 04:16:57
11339,11339,card,999.72,2025-09-02 00:46:04
11340,11340,card,522.52,2025-07-14 18:58:48
11341,11341,cash,908.12,2025-05-23 17:48:14
11342,11342,\N,383.32,2025-10-02 03:48:36
11343,11343,\N,969.60,2025-11-11 09:02:01
11344,11344,\N,334.52,2025-04-12 22:30:30
11345,11345,gift_card,88.03,2025-05-20 23:32:57
11346,11346,wallet,431.87,2025-09-22 13:47:25
11347,11347,card,714.13,2025-04-19 03:05:36
11348,11348,card,689.05,2025-09-13 20:31:04
11349,11349,card,101.04,2025-09-14 19:39:49
11350,11350,card,370.42,2025-12-07 14:02:41
11351,11351,card,2549.78,2025-11-01 23:59:49
11352,11352,cash,659.68,2025-08-20 00:16:59
11353,11353,gift_card,74.26,2025-04-13 17:36:04
11354,11354,card,270.20,2025-05-11 10:38:17
11355,11355,gift_card,101.79,2025-06-09 00:16:55
11356,11356,card,455.74,2025-07-12 12:54:14
11357,11357,card,1089.23,2025-10-02 13:17:29
11358,11358,gift_card,381.97,2025-12-23 05:31:32
11359,11359,card,213.93,2025-12-10 00:49:59
11360,11360,gift_card,70.03,2025-11-21 05:06:44
11361,11361,cash,429.83,2025-07-06 02:38:25
11362,11362,card,518.26,2025-01-03 19:01:11
11363,11363,gift_card,177.44,2025-02-06 01:32:27
11364,11364,\N,691.68,2025-02-27 09:03:35
11365,11365,card,119.73,2025-08-14 18:39:43
11366,11366,wallet,473.81,2025-03-30 11:08:17
11367,11367,card,132.70,2025-07-16 11:53:09
11368,11368,gift_card,183.46,2025-05-18 07:26:39
11369,11369,cash,382.25,2025-01-15 02:25:12
11370,11370,wallet,549.38,2025-06-13 09:07:48
11371,11371,card,269.96,2025-02-02 07:04:33
11372,11372,card,157.27,2025-06-26 15:07:51
11373,11373,\N,473.29,2025-08-30 14:31:26
11374,11374,gift_card,400.80,2025-07-26 12:40:55
11375,11375,card,137.36,2025-03-18 14:50:48
11376,11376,card,493.69,2025-12-17 17:24:58
11377,11377,cash,525.66,2025-01-02 21:52:20
11378,11378,card,1435.25,2025-10-28 20:32:22
11379,11379,cash,306.37,2025-10-07 20:20:17
11380,11380,wallet,305.05,2025-04-08 06:03:48
11381,11381,card,204.93,2025-05-26 05:13:42
11382,11382,wallet,410.96,2025-11-27 15:41:56
11383,11383,wallet,944.07,2025-12-05 05:49:47
11384,11384,cash,253.86,2025-05-12 21:37:11
11385,11385,gift_card,998.37,2025-06-17 18:45:05
11386,11386,wallet,140.95,2025-10-14 03:15:41
11387,11387,card,501.79,2025-09-14 18:39:19
11388,11388,\N,83.52,2025-11-21 22:21:58
11389,11389,card,778.62,2025-11-13 22:27:40
11390,11390,wallet,1391.13,2025-09-16 11:17:14
11391,11391,card,768.69,2025-03-20 00:59:58
11392,11392,wallet,126.92,2025-08-19 11:43:09
11393,11393,gift_card,623.72,2025-11-22 06:14:09
11394,11394,cash,1205.02,2025-05-15 23:32:22
11395,11395,cash,146.32,2025-08-19 16:12:41
11396,11396,gift_card,544.48,2025-11-12 15:01:27
11397,11397,card,227.47,2025-08-08 07:23:59
11398,11398,card,387.34,2025-08-30 03:17:52
11399,11399,card,41.13,2025-09-07 20:02:41
11400,11400,\N,876.45,2025-01-22 16:45:14
11401,11401,wallet,133.30,2025-04-18 21:43:08
11402,11402,gift_card,367.72,2025-04-01 06:40:01
11403,11403,card,555.68,2025-05-30 20:02:57
11404,11404,card,197.84,2025-12-28 04:32:35
11405,11405,card,1324.06,2025-05-16 11:55:02
11406,11406,card,441.57,2025-11-11 20:51:38
11407,11407,cash,673.21,2025-11-27 08:52:20
11408,11408,gift_card,308.18,2025-06-23 15:09:13
11409,11409,card,110.00,2025-09-04 11:24:17
11410,11410,gift_card,805.49,2025-09-16 16:50:58
11411,11411,wallet,207.20,2025-11-10 15:32:01
11412,11412,card,1421.41,2025-07-23 09:21:48
11413,11413,card,425.03,2025-09-04 01:18:57
11414,11414,gift_card,280.79,2025-02-08 16:30:29
11415,11415,cash,208.42,2025-04-14 18:05:10
11416,11416,wallet,528.98,2025-01-13 03:28:17
11417,11417,cash,57.40,2025-12-04 11:54:36
11418,11418,wallet,206.92,2025-02-08 04:07:40
11419,11419,card,157.52,2025-05-25 03:52:16
11420,11420,card,1190.76,2025-01-21 00:27:50
11421,11421,card,1050.84,2025-12-25 16:01:14
11422,11422,wallet,335.98,2025-01-09 04:47:24
11423,11423,cash,819.28,2025-03-03 09:34:17
11424,11424,cash,1146.90,2025-12-16 03:35:13
11425,11425,card,22.65,2025-07-03 21:29:54
11426,11426,cash,750.48,2025-02-17 13:28:21
11427,11427,card,357.98,2025-07-02 20:49:01
11428,11428,card,528.09,2025-05-28 07:06:00
11429,11429,card,356.46,2025-06-21 03:31:49
11430,11430,\N,330.30,2025-03-06 06:00:47
11431,11431,cash,236.13,2025-09-07 21:37:11
11432,11432,card,405.17,2025-03-21 17:25:28
11433,11433,card,196.45,2025-11-09 22:23:57
11434,11434,gift_card,934.05,2025-07-13 07:56:37
11435,11435,\N,757.19,2025-06-26 12:18:51
11436,11436,card,302.44,2025-04-26 17:13:35
11437,11437,card,425.76,2025-07-21 22:27:00
11438,11438,card,1181.99,2025-01-13 16:48:57
11439,11439,card,810.38,2025-07-27 11:53:15
11440,11440,card,169.73,2025-12-12 23:05:12
11441,11441,cash,273.49,2025-04-19 23:26:27
11442,11442,card,307.36,2025-09-13 07:56:03
11443,11443,\N,303.90,2025-09-02 22:57:32
11444,11444,card,105.42,2025-09-02 15:25:43
11445,11445,wallet,810.29,2025-01-17 20:42:29
11446,11446,card,806.10,2025-01-17 18:57:32
11447,11447,card,465.82,2025-03-08 21:33:27
11448,11448,cash,627.84,2025-12-27 19:52:20
11449,11449,\N,313.17,2025-08-21 18:39:25
11450,11450,cash,190.83,2025-07-10 05:26:28
11451,11451,cash,303.58,2025-04-17 13:11:54
11452,11452,card,554.54,2025-11-26 17:09:38
11453,11453,card,26.05,2025-10-14 20:51:55
11454,11454,card,348.44,2025-05-16 10:44:56
11455,11455,\N,659.05,2025-07-06 16:22:52
11456,11456,cash,2134.50,2025-01-25 09:31:16
11457,11457,card,798.69,2025-05-02 14:06:36
11458,11458,card,472.27,2025-12-03 20:12:02
11459,11459,gift_card,1337.66,2025-12-12 11:08:45
11460,11460,cash,473.07,2025-05-01 17:31:28
11461,11461,card,88.89,2025-08-31 14:35:52
11462,11462,gift_card,297.38,2025-08-09 06:29:10
11463,11463,wallet,88.77,2025-10-23 21:21:16
11464,11464,card,268.30,2025-03-13 22:17:22
11465,11465,\N,1067.33,2025-07-11 09:58:57
11466,11466,cash,349.76,2025-02-19 23:32:32
11467,11467,card,54.00,2025-12-18 05:02:11
11468,11468,gift_card,751.49,2025-03-10 17:04:00
11469,11469,card,282.84,2025-02-06 23:42:07
11470,11470,card,539.37,2025-11-09 06:17:20
11471,11471,wallet,260.64,2025-11-16 02:44:53
11472,11472,\N,268.26,2025-12-11 02:34:34
11473,11473,gift_card,1174.14,2025-08-28 08:45:14
11474,11474,card,207.66,2025-03-03 13:02:07
11475,11475,card,792.42,2025-04-05 14:56:14
11476,11476,card,138.42,2025-04-06 18:21:37
11477,11477,\N,249.74,2025-03-10 10:42:00
11478,11478,cash,952.59,2025-10-12 08:36:21
11479,11479,cash,334.51,2025-04-19 23:35:27
11480,11480,card,619.68,2025-09-14 13:59:49
11481,11481,card,873.14,2025-07-19 00:51:53
11482,11482,gift_card,289.86,2025-05-06 21:29:02
11483,11483,card,713.76,2025-11-01 21:22:42
11484,11484,gift_card,109.37,2025-05-26 00:18:11
11485,11485,\N,1154.69,2025-10-28 06:48:53
11486,11486,cash,335.22,2025-03-06 08:33:36
11487,11487,\N,92.20,2025-01-08 01:40:58
11488,11488,cash,96.41,2025-07-18 16:07:40
11489,11489,card,924.39,2025-09-22 12:13:28
11490,11490,wallet,302.75,2025-12-03 17:09:25
11491,11491,card,170.63,2025-03-09 22:29:10
11492,11492,wallet,609.51,2025-05-25 16:42:00
11493,11493,card,597.73,2025-09-11 22:52:08
11494,11494,cash,490.29,2025-10-15 18:17:16
11495,11495,wallet,1298.20,2025-04-23 13:58:30
11496,11496,wallet,771.95,2025-08-27 23:33:28
11497,11497,cash,309.33,2025-05-28 11:49:33
11498,11498,cash,215.22,2025-09-20 09:42:35
11499,11499,wallet,191.40,2025-04-10 13:34:23
11500,11500,card,175.38,2025-08-19 09:37:39
11501,11501,gift_card,600.18,2025-11-24 17:35:57
11502,11502,card,36.31,2025-07-25 13:29:01
11503,11503,gift_card,242.73,2025-03-08 05:27:04
11504,11504,gift_card,740.66,2025-04-29 07:44:58
11505,11505,\N,563.28,2025-05-16 02:18:47
11506,11506,card,995.28,2025-03-12 03:32:20
11507,11507,card,743.94,2025-03-23 02:49:12
11508,11508,card,1052.35,2025-01-16 01:28:42
11509,11509,wallet,91.18,2025-11-01 10:42:06
11510,11510,cash,57.32,2025-08-18 16:41:55
11511,11511,cash,88.01,2025-01-09 21:04:31
11512,11512,card,351.13,2025-04-12 09:47:53
11513,11513,card,904.76,2025-07-02 14:58:29
11514,11514,cash,1630.68,2025-08-06 17:58:48
11515,11515,\N,536.39,2025-08-25 17:08:57
11516,11516,cash,318.02,2025-01-04 00:37:30
11517,11517,\N,34.59,2025-12-28 07:53:48
11518,11518,wallet,31.15,2025-01-22 20:16:20
11519,11519,\N,1531.63,2025-09-11 17:29:26
11520,11520,gift_card,867.84,2025-12-11 09:09:09
11521,11521,gift_card,464.17,2025-05-08 01:12:41
11522,11522,card,244.48,2025-08-30 21:06:29
11523,11523,gift_card,99.45,2026-01-01 00:29:01
11524,11524,card,228.89,2025-03-06 22:55:33
11525,11525,\N,1106.54,2025-11-09 14:01:41
11526,11526,wallet,60.44,2025-01-18 01:22:20
11527,11527,card,680.03,2025-10-24 22:20:31
11528,11528,wallet,1110.56,2025-10-24 19:52:37
11529,11529,card,860.36,2025-04-19 19:50:49
11530,11530,cash,139.28,2025-12-12 12:08:52
11531,11531,card,321.41,2025-03-14 23:36:03
11532,11532,card,863.44,2025-04-17 07:01:24
11533,11533,card,383.41,2025-07-01 17:14:00
11534,11534,gift_card,50.69,2025-07-28 21:54:18
11535,11535,cash,360.16,2025-05-30 22:22:42
11536,11536,wallet,362.14,2025-11-19 12:32:46
11537,11537,card,915.63,2025-10-14 04:53:42
11538,11538,wallet,165.34,2025-02-10 05:23:20
11539,11539,cash,698.14,2025-01-08 14:02:26
11540,11540,\N,173.01,2025-11-16 21:53:48
11541,11541,card,421.78,2025-12-16 15:50:15
11542,11542,gift_card,285.77,2025-04-11 07:55:55
11543,11543,gift_card,199.81,2025-12-03 01:38:49
11544,11544,cash,184.00,2025-10-19 13:01:15
11545,11545,card,445.13,2025-11-11 13:27:16
11546,11546,cash,364.72,2025-07-26 16:40:15
11547,11547,gift_card,228.24,2025-07-15 02:57:52
11548,11548,card,108.50,2025-06-06 16:37:01
11549,11549,card,903.74,2025-01-12 10:13:24
11550,11550,card,96.32,2025-08-25 12:16:39
11551,11551,cash,699.92,2025-05-29 13:12:26
11552,11552,\N,564.39,2025-04-05 11:04:58
11553,11553,card,544.56,2025-04-30 01:57:26
11554,11554,card,357.40,2025-02-03 11:10:51
11555,11555,card,348.96,2025-01-21 08:39:11
11556,11556,gift_card,368.91,2025-09-25 11:39:29
11557,11557,card,229.63,2025-10-05 14:11:06
11558,11558,card,323.01,2025-07-16 01:14:41
11559,11559,wallet,204.26,2025-12-26 15:52:40
11560,11560,card,835.54,2025-05-13 05:10:32
11561,11561,\N,349.07,2025-07-24 04:43:58
11562,11562,gift_card,306.21,2025-04-09 03:26:38
11563,11563,card,652.46,2025-03-01 18:39:35
11564,11564,cash,1332.04,2025-04-23 18:45:08
11565,11565,card,122.04,2025-06-15 09:27:27
11566,11566,card,127.77,2025-07-03 13:12:04
11567,11567,card,92.62,2025-11-04 02:43:44
11568,11568,\N,166.22,2025-06-17 04:43:12
11569,11569,card,634.24,2025-02-13 12:22:57
11570,11570,card,70.18,2025-01-13 13:53:57
11571,11571,wallet,566.46,2025-04-19 12:08:30
11572,11572,cash,1399.48,2025-12-10 19:56:19
11573,11573,card,63.40,2025-02-05 23:11:28
11574,11574,wallet,604.72,2025-05-28 21:19:52
11575,11575,\N,717.58,2025-01-10 14:03:04
11576,11576,card,781.99,2025-02-18 03:50:52
11577,11577,wallet,467.16,2025-08-30 21:35:56
11578,11578,card,1392.57,2025-01-02 01:51:19
11579,11579,gift_card,324.68,2025-04-29 14:20:02
11580,11580,cash,197.43,2025-04-16 20:54:00
11581,11581,card,112.76,2025-03-09 12:47:51
11582,11582,card,876.36,2025-01-02 17:00:42
11583,11583,\N,634.36,2025-06-06 16:20:28
11584,11584,gift_card,337.04,2025-10-05 23:06:27
11585,11585,card,321.58,2025-03-18 01:22:45
11586,11586,gift_card,959.85,2025-10-30 23:07:10
11587,11587,card,306.45,2025-09-15 06:27:35
11588,11588,card,1558.65,2025-10-01 12:54:29
11589,11589,card,305.21,2025-12-11 22:44:57
11590,11590,card,990.75,2025-08-06 20:52:25
11591,11591,wallet,669.04,2025-08-26 07:13:06
11592,11592,cash,282.84,2025-12-05 20:59:56
11593,11593,gift_card,999.06,2025-07-05 15:17:13
11594,11594,card,928.57,2025-12-30 05:00:07
11595,11595,card,58.56,2025-12-18 20:23:35
11596,11596,card,141.28,2025-02-10 19:45:28
11597,11597,card,553.99,2025-12-01 18:57:26
11598,11598,gift_card,550.63,2025-03-30 22:51:45
11599,11599,card,63.86,2025-03-04 06:35:00
11600,11600,card,430.72,2025-01-30 15:23:15
11601,11601,cash,40.10,2025-12-21 11:35:53
11602,11602,cash,1594.90,2025-12-26 21:22:10
11603,11603,\N,19.76,2025-01-16 23:42:35
11604,11604,card,1814.30,2025-06-09 16:28:05
11605,11605,\N,113.19,2025-03-12 07:05:10
11606,11606,card,472.88,2025-05-09 18:03:46
11607,11607,cash,307.90,2025-01-12 19:37:23
11608,11608,\N,722.58,2025-09-28 07:10:00
11609,11609,card,181.25,2025-06-19 07:00:44
11610,11610,wallet,203.57,2025-07-27 08:37:57
11611,11611,cash,655.24,2025-02-26 20:45:42
11612,11612,card,362.06,2025-08-05 17:00:28
11613,11613,gift_card,295.64,2025-03-26 04:56:26
11614,11614,wallet,330.06,2025-06-04 13:41:48
11615,11615,cash,702.24,2025-05-25 12:33:22
11616,11616,card,306.80,2025-09-21 02:17:08
11617,11617,wallet,590.17,2025-08-19 04:54:04
11618,11618,card,912.93,2025-08-15 05:29:40
11619,11619,card,836.65,2025-07-28 09:13:00
11620,11620,card,259.51,2025-08-10 22:46:41
11621,11621,card,766.34,2025-04-12 12:20:39
11622,11622,card,733.65,2025-10-14 07:53:01
11623,11623,gift_card,1039.26,2025-07-02 10:44:32
11624,11624,card,323.64,2025-04-25 00:26:17
11625,11625,card,1203.19,2025-11-26 15:51:47
11626,11626,card,44.15,2025-10-27 05:13:13
11627,11627,gift_card,359.97,2025-10-17 23:08:57
11628,11628,card,1047.27,2025-07-20 08:00:51
11629,11629,gift_card,173.41,2025-03-18 17:42:13
11630,11630,card,871.63,2025-09-09 03:51:49
11631,11631,card,722.12,2025-05-29 00:37:55
11632,11632,card,335.13,2025-08-22 14:18:46
11633,11633,card,558.90,2025-09-08 21:35:44
11634,11634,cash,856.03,2025-02-16 13:50:17
11635,11635,card,655.59,2025-08-26 15:51:24
11636,11636,card,616.80,2025-09-07 12:17:40
11637,11637,\N,2458.93,2025-11-05 09:35:55
11638,11638,card,40.16,2025-09-21 21:19:17
11639,11639,card,264.88,2025-07-19 10:40:13
11640,11640,card,681.26,2025-06-16 11:14:23
11641,11641,\N,204.24,2025-11-05 21:58:33
11642,11642,card,590.69,2025-12-29 01:18:52
11643,11643,gift_card,457.66,2025-06-02 03:56:14
11644,11644,\N,191.88,2025-12-30 21:53:31
11645,11645,wallet,257.84,2025-04-26 08:32:06
11646,11646,card,95.22,2025-09-04 18:49:32
11647,11647,card,1701.61,2025-01-12 08:12:35
11648,11648,gift_card,176.97,2025-04-02 19:23:40
11649,11649,card,121.90,2025-04-09 23:03:02
11650,11650,cash,271.46,2025-09-01 05:34:21
11651,11651,card,243.95,2025-11-13 21:52:33
11652,11652,wallet,153.50,2025-11-14 03:25:34
11653,11653,card,1452.05,2025-08-24 10:02:23
11654,11654,card,23.25,2025-08-21 17:40:10
11655,11655,card,538.36,2025-04-21 16:23:18
11656,11656,card,617.14,2025-11-23 08:18:31
11657,11657,card,1027.26,2025-07-14 00:48:48
11658,11658,wallet,465.23,2025-04-23 07:58:31
11659,11659,gift_card,648.18,2025-11-20 05:14:22
11660,11660,\N,22.59,2025-06-02 17:32:17
11661,11661,card,712.46,2025-01-12 17:22:50
11662,11662,wallet,192.08,2025-12-08 06:24:01
11663,11663,card,338.53,2025-11-15 11:04:01
11664,11664,card,1233.96,2025-11-29 09:36:47
11665,11665,card,1177.07,2025-03-09 05:52:09
11666,11666,\N,1253.98,2025-03-14 08:33:07
11667,11667,cash,685.45,2025-02-24 18:49:36
11668,11668,card,17.94,2025-10-19 17:40:43
11669,11669,card,275.55,2025-04-26 02:10:11
11670,11670,card,337.12,2025-04-28 21:55:13
11671,11671,gift_card,1248.08,2025-10-14 06:10:06
11672,11672,cash,99.54,2025-01-10 01:14:35
11673,11673,card,211.12,2025-06-22 17:35:16
11674,11674,\N,668.78,2025-08-17 11:41:04
11675,11675,cash,144.11,2025-05-25 18:45:21
11676,11676,card,62.11,2025-04-08 07:30:00
11677,11677,cash,467.31,2025-07-25 19:25:40
11678,11678,gift_card,779.27,2025-01-12 14:07:46
11679,11679,\N,33.40,2025-09-12 00:10:51
11680,11680,card,292.03,2025-04-28 13:07:26
11681,11681,\N,193.77,2025-08-18 16:30:25
11682,11682,gift_card,364.63,2025-09-15 08:28:37
11683,11683,card,210.98,2025-11-06 11:21:15
11684,11684,card,119.06,2025-02-22 12:47:53
11685,11685,\N,343.21,2025-04-15 06:10:39
11686,11686,card,175.79,2025-02-19 03:27:21
11687,11687,cash,631.44,2025-07-26 19:20:41
11688,11688,card,1059.97,2025-03-15 17:41:38
11689,11689,card,705.53,2025-01-28 23:22:34
11690,11690,card,171.39,2025-08-12 08:00:08
11691,11691,gift_card,409.52,2025-09-14 19:06:47
11692,11692,card,554.58,2025-10-07 19:43:15
11693,11693,card,277.74,2025-05-24 11:04:20
11694,11694,cash,521.55,2025-09-18 23:02:34
11695,11695,card,329.53,2025-12-20 15:30:50
11696,11696,\N,922.40,2025-12-08 02:45:37
11697,11697,card,286.71,2025-02-22 04:30:08
11698,11698,cash,275.11,2025-06-13 10:00:54
11699,11699,card,169.41,2025-06-13 19:36:11
11700,11700,card,284.41,2025-07-05 07:12:02
11701,11701,cash,229.65,2025-04-25 11:31:07
11702,11702,wallet,48.00,2025-08-17 17:49:17
11703,11703,wallet,287.26,2025-09-15 00:56:48
11704,11704,card,736.38,2025-10-05 08:33:16
11705,11705,card,129.49,2025-06-08 14:10:21
11706,11706,card,1422.09,2025-07-30 23:22:45
11707,11707,gift_card,598.69,2025-02-11 12:40:19
11708,11708,gift_card,552.42,2025-03-18 23:55:47
11709,11709,card,667.85,2025-04-25 05:06:53
11710,11710,\N,213.26,2025-09-10 13:12:38
11711,11711,cash,233.70,2025-09-10 17:32:56
11712,11712,card,568.34,2025-03-14 14:20:26
11713,11713,\N,324.99,2025-10-23 12:20:32
11714,11714,card,990.05,2025-06-05 20:47:39
11715,11715,wallet,476.03,2025-07-12 13:02:26
11716,11716,wallet,955.03,2025-06-28 18:31:56
11717,11717,wallet,188.14,2025-06-08 22:09:19
11718,11718,cash,839.26,2025-12-11 05:32:11
11719,11719,card,177.66,2025-10-24 14:53:25
11720,11720,card,641.20,2025-07-04 18:41:43
11721,11721,cash,591.59,2025-05-08 18:31:36
11722,11722,card,87.87,2025-03-08 13:25:17
11723,11723,cash,1404.23,2025-10-31 19:14:50
11724,11724,card,1098.51,2025-11-16 05:29:55
11725,11725,card,270.63,2025-04-29 22:02:39
11726,11726,card,728.99,2025-12-04 14:57:26
11727,11727,cash,304.65,2025-07-13 16:32:32
11728,11728,gift_card,239.41,2025-03-20 01:27:17
11729,11729,cash,1079.79,2025-03-22 08:06:44
11730,11730,wallet,270.46,2025-09-26 18:06:26
11731,11731,card,770.02,2025-11-23 09:03:17
11732,11732,cash,446.81,2025-03-18 19:17:05
11733,11733,gift_card,206.56,2025-12-24 10:04:16
11734,11734,card,237.56,2025-11-22 22:12:39
11735,11735,\N,587.57,2025-10-31 11:29:12
11736,11736,wallet,428.88,2025-08-30 23:01:56
11737,11737,wallet,194.33,2025-01-18 08:35:59
11738,11738,wallet,598.70,2025-07-31 02:48:13
11739,11739,cash,225.93,2025-04-25 02:02:25
11740,11740,card,1000.51,2025-04-06 03:16:37
11741,11741,\N,332.38,2025-03-17 17:05:59
11742,11742,cash,235.81,2025-04-24 12:44:39
11743,11743,cash,682.41,2025-01-10 07:14:34
11744,11744,card,815.88,2025-07-23 23:57:36
11745,11745,\N,884.57,2025-01-04 20:26:46
11746,11746,cash,274.79,2025-04-21 07:23:41
11747,11747,card,184.51,2025-10-17 08:59:02
11748,11748,card,843.43,2025-11-27 07:59:18
11749,11749,\N,307.98,2025-02-17 04:59:32
11750,11750,cash,385.12,2025-12-29 02:28:35
11751,11751,cash,453.02,2025-10-02 19:15:53
11752,11752,card,577.36,2025-07-15 08:06:46
11753,11753,card,1183.44,2025-05-05 02:32:36
11754,11754,gift_card,312.63,2025-09-20 13:49:28
11755,11755,card,1080.99,2025-03-10 20:51:18
11756,11756,card,465.95,2025-01-04 01:04:13
11757,11757,card,769.21,2025-08-30 06:30:01
11758,11758,\N,645.86,2025-09-01 00:12:10
11759,11759,card,260.19,2025-03-17 22:56:03
11760,11760,\N,300.26,2025-01-25 06:56:04
11761,11761,card,1037.76,2025-08-11 23:05:07
11762,11762,gift_card,225.76,2025-07-03 04:51:49
11763,11763,card,120.98,2025-10-30 01:37:37
11764,11764,\N,1554.53,2025-10-13 11:25:30
11765,11765,gift_card,1374.41,2025-08-26 11:09:37
11766,11766,card,694.92,2025-11-24 05:47:04
11767,11767,card,378.00,2025-06-09 09:08:32
11768,11768,wallet,947.75,2025-06-07 15:34:24
11769,11769,card,16.87,2025-07-08 12:02:54
11770,11770,gift_card,256.07,2025-01-27 02:12:41
11771,11771,gift_card,315.90,2025-01-09 03:31:39
11772,11772,cash,312.24,2025-05-08 10:17:24
11773,11773,gift_card,787.98,2025-01-25 20:31:46
11774,11774,wallet,677.86,2025-01-15 06:51:19
11775,11775,card,757.69,2025-04-30 16:39:01
11776,11776,card,1274.84,2025-05-22 08:46:43
11777,11777,cash,745.66,2025-11-28 13:13:29
11778,11778,gift_card,298.25,2025-05-03 16:01:47
11779,11779,gift_card,1082.06,2025-06-14 16:44:51
11780,11780,card,954.72,2025-03-19 00:41:25
11781,11781,gift_card,525.95,2025-06-26 15:50:11
11782,11782,\N,199.88,2025-11-09 02:44:04
11783,11783,gift_card,85.89,2025-03-08 17:13:20
11784,11784,card,494.62,2025-03-18 19:53:46
11785,11785,card,1266.02,2025-09-30 17:25:00
11786,11786,card,251.57,2025-11-01 22:15:20
11787,11787,card,923.82,2025-10-30 02:48:20
11788,11788,card,166.53,2025-08-16 23:20:00
11789,11789,wallet,1315.85,2025-02-19 13:40:11
11790,11790,\N,817.29,2025-09-06 20:32:17
11791,11791,card,1146.52,2025-04-01 19:45:11
11792,11792,card,165.54,2025-02-15 09:02:16
11793,11793,wallet,518.12,2025-01-04 03:50:17
11794,11794,card,177.15,2025-04-06 11:32:29
11795,11795,gift_card,290.55,2025-04-22 05:38:20
11796,11796,wallet,323.46,2025-07-19 16:50:36
11797,11797,\N,103.42,2025-10-02 10:39:03
11798,11798,wallet,316.19,2025-06-27 06:47:55
11799,11799,wallet,125.63,2025-01-09 10:28:03
11800,11800,card,1074.92,2025-06-11 06:41:40
11801,11801,gift_card,103.79,2025-01-03 17:29:55
11802,11802,card,1142.55,2025-02-02 07:45:30
11803,11803,card,422.63,2025-01-20 11:01:49
11804,11804,card,192.08,2025-07-28 16:24:42
11805,11805,card,485.84,2025-07-08 17:07:23
11806,11806,\N,328.26,2025-06-11 04:57:41
11807,11807,cash,811.71,2025-05-29 19:53:08
11808,11808,\N,274.01,2025-07-20 20:52:36
11809,11809,card,869.87,2025-03-14 21:02:59
11810,11810,wallet,199.34,2025-12-15 16:50:58
11811,11811,card,565.14,2025-04-12 00:41:51
11812,11812,gift_card,551.79,2025-03-14 13:00:51
11813,11813,card,488.20,2025-01-19 17:56:33
11814,11814,\N,281.02,2025-04-14 05:42:33
11815,11815,\N,206.01,2025-11-19 02:06:14
11816,11816,card,175.18,2025-04-23 21:54:44
11817,11817,card,239.41,2025-01-20 06:07:58
11818,11818,\N,134.10,2025-02-12 08:38:24
11819,11819,gift_card,883.78,2025-09-18 11:10:03
11820,11820,card,382.98,2025-04-02 15:52:25
11821,11821,card,680.68,2025-07-10 11:16:46
11822,11822,gift_card,114.49,2025-03-29 23:21:58
11823,11823,cash,644.71,2025-06-30 11:33:43
11824,11824,card,591.45,2025-05-15 06:29:19
11825,11825,gift_card,190.02,2025-01-16 21:33:55
11826,11826,wallet,122.04,2025-10-11 12:42:06
11827,11827,gift_card,764.46,2025-06-06 01:15:42
11828,11828,wallet,411.98,2025-09-09 20:50:58
11829,11829,card,804.75,2025-05-07 03:53:30
11830,11830,\N,348.41,2025-01-04 14:44:21
11831,11831,card,269.68,2025-05-26 19:28:30
11832,11832,card,357.51,2025-03-09 09:01:51
11833,11833,card,299.02,2025-06-26 07:22:42
11834,11834,cash,1484.90,2025-04-27 18:34:16
11835,11835,card,178.43,2025-04-27 09:51:17
11836,11836,card,891.54,2025-05-24 17:20:14
11837,11837,cash,822.10,2025-06-18 09:17:30
11838,11838,card,530.02,2025-03-04 10:33:28
11839,11839,wallet,606.84,2025-09-20 07:22:25
11840,11840,cash,526.16,2025-10-09 00:12:34
11841,11841,card,8.86,2025-08-11 18:31:43
11842,11842,wallet,35.47,2025-06-12 13:20:04
11843,11843,wallet,562.12,2025-10-11 18:13:10
11844,11844,card,431.64,2025-12-27 20:55:31
11845,11845,gift_card,235.59,2025-11-13 06:09:10
11846,11846,card,494.67,2025-02-10 15:36:32
11847,11847,cash,4.70,2025-11-12 19:12:23
11848,11848,gift_card,211.49,2025-07-14 20:23:22
11849,11849,card,255.57,2025-07-25 12:23:21
11850,11850,card,965.92,2025-07-31 12:56:17
11851,11851,\N,530.56,2025-01-01 10:56:14
11852,11852,\N,343.02,2025-10-26 10:48:37
11853,11853,\N,338.62,2025-08-12 00:34:31
11854,11854,gift_card,89.68,2025-02-14 03:28:16
11855,11855,wallet,262.96,2025-01-09 06:44:33
11856,11856,wallet,533.58,2025-03-02 06:12:55
11857,11857,card,984.68,2025-12-20 02:24:30
11858,11858,cash,737.26,2025-09-20 06:36:52
11859,11859,cash,643.50,2025-05-25 03:48:05
11860,11860,card,275.44,2025-05-29 07:00:53
11861,11861,cash,590.88,2025-11-07 02:21:43
11862,11862,cash,306.80,2025-01-09 13:17:45
11863,11863,card,837.67,2025-01-12 04:45:15
11864,11864,cash,30.01,2025-10-04 19:44:52
11865,11865,card,575.84,2025-03-03 06:33:03
11866,11866,gift_card,772.44,2025-08-10 13:24:22
11867,11867,card,937.59,2025-02-12 07:14:58
11868,11868,cash,145.64,2025-03-07 12:12:33
11869,11869,card,330.21,2025-05-23 01:13:54
11870,11870,gift_card,378.12,2025-06-02 00:50:45
11871,11871,wallet,639.32,2025-06-07 02:23:36
11872,11872,cash,4.81,2025-02-25 11:26:19
11873,11873,card,494.99,2025-05-24 22:36:57
11874,11874,gift_card,1266.41,2025-04-17 18:20:22
11875,11875,gift_card,934.16,2025-07-07 15:41:10
11876,11876,gift_card,247.66,2025-02-17 23:19:19
11877,11877,cash,273.80,2025-11-11 23:54:12
11878,11878,card,661.53,2025-11-14 13:30:27
11879,11879,cash,12.73,2025-12-10 14:05:26
11880,11880,card,272.56,2025-02-07 05:13:45
11881,11881,wallet,1225.95,2025-07-21 08:23:35
11882,11882,\N,341.87,2025-12-18 16:13:33
11883,11883,card,381.39,2025-08-24 15:35:46
11884,11884,card,183.25,2025-07-25 02:05:25
11885,11885,wallet,1116.86,2025-11-21 08:23:54
11886,11886,wallet,1466.93,2025-06-02 21:20:32
11887,11887,gift_card,543.68,2025-01-04 19:11:35
11888,11888,card,563.20,2025-08-24 16:14:05
11889,11889,gift_card,970.60,2025-07-12 15:56:31
11890,11890,gift_card,655.44,2025-12-10 10:59:32
11891,11891,cash,562.06,2025-12-22 22:05:27
11892,11892,card,707.10,2025-11-12 11:46:02
11893,11893,\N,289.54,2025-10-11 01:28:05
11894,11894,card,746.51,2025-09-16 07:02:37
11895,11895,cash,1773.46,2025-06-13 14:04:45
11896,11896,card,323.24,2025-02-05 10:34:25
11897,11897,gift_card,144.33,2025-12-08 15:23:22
11898,11898,wallet,934.23,2025-09-07 17:24:21
11899,11899,\N,590.41,2025-04-09 18:54:10
11900,11900,card,288.52,2025-09-27 15:12:11
11901,11901,card,389.11,2025-07-05 15:45:00
11902,11902,card,556.98,2025-02-26 10:51:15
11903,11903,\N,459.38,2025-06-27 17:31:31
11904,11904,card,1091.66,2025-11-26 16:04:26
11905,11905,card,97.14,2025-07-11 18:51:41
11906,11906,wallet,121.98,2025-09-06 08:09:38
11907,11907,cash,744.00,2025-08-29 06:35:51
11908,11908,card,670.20,2025-05-02 05:54:53
11909,11909,cash,563.61,2025-09-05 09:16:04
11910,11910,card,226.48,2025-12-20 04:40:57
11911,11911,card,1300.20,2025-01-12 06:22:44
11912,11912,card,1300.01,2025-09-20 14:41:12
11913,11913,card,130.84,2025-09-27 01:17:19
11914,11914,gift_card,413.59,2025-05-22 21:15:10
11915,11915,card,314.29,2025-08-05 10:50:13
11916,11916,card,771.76,2025-08-08 20:47:40
11917,11917,\N,1857.49,2025-03-12 01:59:09
11918,11918,card,1454.11,2025-11-13 04:51:35
11919,11919,card,1081.83,2025-01-01 12:09:15
11920,11920,card,65.38,2025-01-18 07:36:56
11921,11921,gift_card,888.17,2025-07-05 10:33:12
11922,11922,wallet,547.98,2025-07-27 02:11:59
11923,11923,gift_card,720.04,2025-07-18 19:04:58
11924,11924,card,217.95,2025-10-14 22:46:02
11925,11925,card,180.77,2025-06-11 19:13:36
11926,11926,wallet,303.80,2025-09-15 15:03:42
11927,11927,card,508.30,2025-04-29 22:25:36
11928,11928,gift_card,451.47,2025-04-27 23:37:04
11929,11929,cash,565.69,2025-06-06 06:47:59
11930,11930,\N,247.67,2025-06-23 21:47:22
11931,11931,card,110.38,2025-05-09 10:10:11
11932,11932,cash,182.75,2025-07-08 07:31:25
11933,11933,card,379.88,2025-10-08 14:21:34
11934,11934,card,189.41,2025-09-22 19:58:48
11935,11935,gift_card,179.12,2025-06-28 21:23:58
11936,11936,cash,374.64,2025-08-05 01:22:49
11937,11937,cash,515.17,2025-03-14 15:30:44
11938,11938,\N,434.09,2025-03-24 01:35:15
11939,11939,cash,1370.09,2025-07-13 17:47:54
11940,11940,card,1077.67,2025-03-29 08:03:15
11941,11941,\N,1411.84,2025-12-04 20:15:33
11942,11942,card,1503.25,2025-07-02 23:15:25
11943,11943,card,1055.22,2025-06-03 07:30:42
11944,11944,card,59.74,2025-04-04 22:36:35
11945,11945,card,544.04,2025-08-18 08:16:19
11946,11946,gift_card,239.27,2025-05-02 23:40:32
11947,11947,card,728.79,2025-03-25 06:25:40
11948,11948,card,103.42,2025-12-24 07:00:26
11949,11949,card,574.86,2025-07-27 19:42:29
11950,11950,card,1302.83,2025-02-25 01:24:08
11951,11951,card,736.16,2025-08-11 11:35:54
11952,11952,cash,303.71,2025-10-10 00:20:02
11953,11953,gift_card,502.97,2025-06-20 02:48:00
11954,11954,card,956.71,2025-10-22 14:50:19
11955,11955,card,1157.64,2025-01-16 04:12:07
11956,11956,card,209.53,2025-07-07 02:12:28
11957,11957,\N,579.21,2025-01-30 07:27:05
11958,11958,card,1347.83,2025-08-11 02:08:12
11959,11959,\N,663.58,2025-05-19 21:29:37
11960,11960,card,1401.14,2025-10-01 11:02:31
11961,11961,\N,1192.38,2025-10-22 06:04:12
11962,11962,card,805.37,2025-06-27 06:54:21
11963,11963,card,363.74,2025-01-20 01:25:13
11964,11964,wallet,339.35,2025-02-06 18:37:29
11965,11965,card,65.59,2025-06-30 06:47:14
11966,11966,card,39.18,2025-09-11 16:25:33
11967,11967,wallet,868.85,2025-12-25 17:53:14
11968,11968,cash,985.93,2025-07-26 03:51:46
11969,11969,\N,115.03,2025-01-31 03:03:55
11970,11970,card,186.56,2025-11-11 17:16:11
11971,11971,card,110.62,2025-05-15 08:53:33
11972,11972,gift_card,93.06,2025-08-13 10:15:27
11973,11973,cash,428.25,2025-05-10 10:30:49
11974,11974,card,291.64,2025-07-09 16:36:38
11975,11975,card,1650.54,2025-06-30 18:19:05
11976,11976,wallet,234.21,2025-06-29 17:45:11
11977,11977,cash,150.50,2025-02-28 06:50:21
11978,11978,cash,381.66,2025-11-17 02:00:00
11979,11979,wallet,276.21,2025-11-30 03:42:09
11980,11980,card,232.68,2025-09-18 00:24:50
11981,11981,cash,119.55,2025-04-19 09:07:55
11982,11982,card,292.05,2025-10-07 13:56:41
11983,11983,\N,330.00,2025-03-16 01:08:58
11984,11984,card,901.19,2025-04-06 15:07:20
11985,11985,card,533.41,2025-04-03 14:23:08
11986,11986,card,268.42,2025-11-30 10:14:59
11987,11987,cash,289.45,2025-10-06 09:42:40
11988,11988,cash,531.74,2025-01-07 20:55:33
11989,11989,\N,357.45,2025-03-21 17:22:38
11990,11990,card,2076.89,2025-09-21 13:36:17
11991,11991,cash,224.45,2025-07-23 14:23:25
11992,11992,card,1388.71,2025-05-28 03:56:02
11993,11993,\N,220.13,2025-07-27 05:15:42
11994,11994,wallet,732.34,2025-09-17 22:05:40
11995,11995,card,99.50,2025-01-01 01:32:46
11996,11996,\N,806.48,2025-11-13 07:37:16
11997,11997,cash,596.94,2025-07-28 17:21:14
11998,11998,cash,601.47,2025-06-20 20:05:37
11999,11999,card,37.10,2025-05-18 23:33:42
12000,12000,wallet,777.63,2025-08-16 13:04:32
12001,12001,card,344.26,2025-06-23 20:27:18
12002,12002,gift_card,1010.61,2025-11-07 08:34:50
12003,12003,gift_card,865.91,2025-04-07 20:55:50
12004,12004,\N,182.74,2025-10-04 03:08:27
12005,12005,gift_card,402.72,2025-05-09 00:32:56
12006,12006,card,284.97,2025-09-23 09:42:46
12007,12007,card,592.82,2025-02-18 19:16:08
12008,12008,gift_card,1212.31,2025-02-04 21:31:33
12009,12009,cash,900.34,2025-07-02 14:59:04
12010,12010,card,1100.27,2025-08-01 19:57:16
12011,12011,\N,194.33,2025-10-13 13:18:17
12012,12012,card,281.19,2025-10-16 16:38:56
12013,12013,gift_card,199.96,2025-02-28 18:00:30
12014,12014,card,629.72,2025-06-21 22:37:07
12015,12015,\N,306.86,2025-01-04 19:30:01
12016,12016,wallet,882.98,2025-08-29 02:04:16
12017,12017,card,1833.58,2025-07-11 03:57:09
12018,12018,cash,164.84,2025-06-06 01:19:51
12019,12019,cash,26.84,2025-09-08 06:53:18
12020,12020,card,209.34,2025-02-09 13:00:27
12021,12021,wallet,659.43,2025-04-27 05:17:18
12022,12022,wallet,376.24,2025-07-24 22:17:02
12023,12023,cash,865.39,2025-02-09 13:09:36
12024,12024,cash,153.37,2025-05-24 16:00:04
12025,12025,cash,175.41,2025-02-13 04:00:24
12026,12026,wallet,87.07,2025-03-09 06:31:43
12027,12027,card,266.06,2025-07-06 16:03:24
12028,12028,cash,1370.32,2025-11-07 04:01:55
12029,12029,card,92.62,2025-08-03 02:10:53
12030,12030,gift_card,118.99,2025-04-03 13:37:58
12031,12031,cash,137.56,2025-07-16 10:48:19
12032,12032,gift_card,694.11,2025-09-19 07:34:51
12033,12033,\N,524.78,2025-01-27 13:05:23
12034,12034,wallet,263.00,2025-06-08 08:00:49
12035,12035,card,156.42,2025-05-22 17:35:52
12036,12036,wallet,602.98,2025-03-30 22:38:46
12037,12037,card,617.42,2025-03-29 16:11:38
12038,12038,cash,47.72,2025-12-12 06:55:28
12039,12039,cash,539.38,2025-10-21 11:47:53
12040,12040,cash,347.12,2025-12-28 11:42:06
12041,12041,wallet,179.18,2025-11-25 12:41:35
12042,12042,gift_card,1096.35,2025-11-09 22:08:43
12043,12043,gift_card,597.23,2025-01-19 19:25:47
12044,12044,card,323.50,2025-05-21 23:11:50
12045,12045,cash,523.22,2025-03-05 16:35:21
12046,12046,cash,285.75,2025-06-16 19:23:00
12047,12047,cash,85.96,2025-01-13 05:45:31
12048,12048,gift_card,692.04,2025-06-10 19:00:51
12049,12049,\N,331.31,2025-10-10 06:19:21
12050,12050,\N,138.25,2025-10-10 14:46:35
12051,12051,card,1287.50,2025-06-11 01:31:53
12052,12052,gift_card,1314.72,2025-02-04 21:52:24
12053,12053,cash,297.09,2025-02-02 12:44:54
12054,12054,wallet,54.37,2025-12-20 22:12:19
12055,12055,card,729.70,2025-01-28 13:22:28
12056,12056,cash,881.80,2025-11-04 01:17:52
12057,12057,card,265.46,2025-01-21 21:08:59
12058,12058,cash,1051.45,2025-06-12 12:29:14
12059,12059,cash,834.60,2025-09-05 22:00:13
12060,12060,\N,185.67,2025-01-03 11:58:47
12061,12061,card,140.42,2025-12-31 06:25:23
12062,12062,card,15.27,2025-06-08 09:58:53
12063,12063,\N,766.55,2025-11-08 16:45:08
12064,12064,card,668.19,2025-08-16 07:39:46
12065,12065,gift_card,736.37,2025-12-20 06:58:02
12066,12066,cash,839.20,2025-09-02 08:28:28
12067,12067,gift_card,673.05,2025-09-07 12:46:54
12068,12068,card,729.20,2025-06-12 17:53:53
12069,12069,card,101.22,2025-07-08 19:35:01
12070,12070,cash,975.42,2025-05-30 00:12:53
12071,12071,\N,728.60,2025-07-24 21:01:16
12072,12072,wallet,271.22,2025-11-15 18:38:58
12073,12073,\N,627.20,2025-07-17 23:36:13
12074,12074,wallet,175.79,2025-08-28 22:01:58
12075,12075,card,726.28,2025-08-10 12:58:11
12076,12076,\N,173.31,2025-09-29 20:38:54
12077,12077,card,411.46,2025-03-31 04:00:29
12078,12078,card,453.70,2025-08-07 14:06:41
12079,12079,gift_card,423.54,2025-01-23 12:59:48
12080,12080,card,525.03,2025-02-14 07:29:57
12081,12081,card,1077.22,2025-04-12 11:33:44
12082,12082,gift_card,246.88,2025-12-16 18:31:28
12083,12083,card,112.93,2025-07-25 06:13:04
12084,12084,gift_card,873.32,2025-07-02 10:13:40
12085,12085,cash,1507.12,2025-06-11 02:18:43
12086,12086,\N,672.99,2025-11-24 07:11:53
12087,12087,\N,315.26,2025-09-11 09:01:13
12088,12088,card,611.17,2025-10-30 13:57:07
12089,12089,\N,827.00,2025-10-15 01:48:11
12090,12090,card,1163.04,2025-10-18 17:00:46
12091,12091,card,839.93,2025-07-22 11:47:52
12092,12092,card,524.28,2025-06-24 20:34:27
12093,12093,card,302.11,2025-05-24 22:56:01
12094,12094,wallet,193.63,2025-08-23 14:22:14
12095,12095,card,215.55,2025-08-25 08:54:20
12096,12096,card,529.80,2025-02-02 01:30:42
12097,12097,card,296.09,2025-10-17 04:03:42
12098,12098,card,396.13,2025-07-05 22:57:17
12099,12099,wallet,255.50,2025-04-15 22:09:01
12100,12100,card,1983.98,2025-02-04 07:16:33
12101,12101,\N,411.72,2025-07-31 14:01:30
12102,12102,gift_card,388.39,2025-08-12 00:48:23
12103,12103,card,539.86,2025-08-18 13:54:19
12104,12104,cash,1795.40,2025-05-22 18:54:13
12105,12105,card,907.08,2025-11-12 02:24:10
12106,12106,\N,52.95,2025-12-22 22:26:30
12107,12107,card,835.27,2025-11-13 10:57:25
12108,12108,\N,996.20,2025-10-21 06:48:00
12109,12109,wallet,78.33,2025-08-13 05:14:52
12110,12110,cash,567.32,2025-09-05 04:55:13
12111,12111,card,318.49,2025-11-14 08:43:51
12112,12112,cash,941.35,2025-11-11 17:41:47
12113,12113,card,304.70,2025-07-01 10:31:15
12114,12114,card,355.38,2025-06-19 06:41:57
12115,12115,\N,557.99,2025-11-12 10:50:36
12116,12116,wallet,145.01,2025-07-04 16:44:18
12117,12117,card,531.72,2025-01-07 15:06:45
12118,12118,cash,191.78,2025-10-22 17:16:32
12119,12119,card,600.24,2025-07-01 08:24:49
12120,12120,wallet,41.24,2025-05-26 13:41:16
12121,12121,cash,617.65,2025-11-04 04:46:06
12122,12122,\N,30.92,2025-04-13 07:50:17
12123,12123,cash,558.67,2025-09-16 23:43:29
12124,12124,cash,422.17,2025-02-22 19:22:00
12125,12125,card,429.07,2025-07-17 00:18:11
12126,12126,\N,489.62,2025-07-19 13:11:54
12127,12127,card,141.37,2025-04-28 18:08:14
12128,12128,gift_card,396.58,2025-06-14 21:03:39
12129,12129,wallet,1914.32,2025-06-09 14:38:39
12130,12130,card,588.27,2025-02-13 23:56:06
12131,12131,card,360.25,2025-09-02 10:31:22
12132,12132,gift_card,418.40,2025-01-18 19:45:36
12133,12133,wallet,147.27,2025-01-20 18:21:31
12134,12134,gift_card,162.52,2025-06-29 17:16:53
12135,12135,gift_card,839.99,2025-08-03 10:32:59
12136,12136,card,142.55,2025-06-04 21:06:43
12137,12137,wallet,600.59,2025-05-17 09:47:34
12138,12138,card,684.40,2025-11-18 13:45:03
12139,12139,card,377.87,2025-05-26 07:01:35
12140,12140,gift_card,525.76,2025-06-20 03:46:09
12141,12141,gift_card,1192.98,2025-01-13 07:19:32
12142,12142,card,181.08,2025-06-30 16:55:50
12143,12143,card,363.06,2025-08-08 02:51:12
12144,12144,card,227.37,2025-06-12 02:42:38
12145,12145,card,328.67,2025-04-24 02:52:15
12146,12146,card,600.01,2025-04-10 14:07:17
12147,12147,\N,141.60,2025-04-13 03:21:11
12148,12148,card,908.02,2025-08-08 05:05:53
12149,12149,cash,661.14,2025-07-08 02:41:22
12150,12150,gift_card,306.23,2025-12-27 21:35:32
12151,12151,gift_card,970.15,2025-05-24 17:55:09
12152,12152,gift_card,48.57,2025-01-21 15:41:06
12153,12153,cash,1534.10,2025-09-10 15:26:18
12154,12154,wallet,198.25,2025-03-22 11:23:01
12155,12155,card,110.09,2025-10-11 20:45:42
12156,12156,cash,111.02,2025-08-23 04:47:38
12157,12157,card,887.52,2025-03-27 22:08:55
12158,12158,\N,722.68,2025-12-20 11:20:13
12159,12159,cash,571.57,2025-06-20 15:37:55
12160,12160,card,1017.12,2025-06-07 06:20:54
12161,12161,cash,1172.21,2025-04-14 16:45:20
12162,12162,wallet,250.11,2025-04-17 07:36:17
12163,12163,wallet,851.66,2025-04-24 10:27:07
12164,12164,card,342.42,2025-05-08 02:49:43
12165,12165,cash,791.31,2025-01-17 02:58:40
12166,12166,card,275.34,2025-09-03 20:20:12
12167,12167,gift_card,489.93,2025-09-27 09:31:34
12168,12168,cash,429.58,2025-04-24 01:54:04
12169,12169,\N,1439.90,2025-02-17 06:19:26
12170,12170,gift_card,945.64,2025-04-07 16:59:13
12171,12171,card,884.90,2025-05-30 04:07:03
12172,12172,\N,963.98,2025-12-28 06:31:03
12173,12173,cash,21.15,2025-02-28 18:15:24
12174,12174,card,728.68,2025-07-18 00:34:35
12175,12175,wallet,149.53,2025-05-04 18:19:04
12176,12176,gift_card,301.23,2025-02-26 10:25:46
12177,12177,card,105.00,2025-03-20 20:29:57
12178,12178,card,879.24,2025-09-20 18:04:28
12179,12179,card,244.86,2025-12-02 04:02:35
12180,12180,card,272.68,2025-09-03 20:25:39
12181,12181,wallet,1169.58,2025-05-16 19:49:18
12182,12182,card,12.86,2025-09-15 18:22:23
12183,12183,wallet,919.75,2025-08-26 04:34:06
12184,12184,\N,198.98,2025-01-21 14:01:07
12185,12185,cash,217.62,2025-09-26 15:24:12
12186,12186,card,121.09,2025-12-03 16:42:11
12187,12187,wallet,505.34,2025-02-23 14:32:07
12188,12188,card,249.18,2025-04-05 15:33:06
12189,12189,cash,66.01,2025-05-23 00:00:06
12190,12190,card,507.70,2025-05-16 04:44:58
12191,12191,card,116.43,2025-07-06 06:22:49
12192,12192,wallet,354.17,2025-06-17 13:47:00
12193,12193,card,186.10,2025-02-13 06:34:03
12194,12194,card,340.75,2025-10-18 05:13:10
12195,12195,card,639.50,2025-07-31 09:06:47
12196,12196,card,492.10,2025-10-05 12:22:38
12197,12197,wallet,967.11,2025-04-20 18:53:13
12198,12198,wallet,492.20,2025-07-16 14:48:35
12199,12199,card,219.75,2025-11-16 21:56:19
12200,12200,\N,236.45,2025-09-30 19:15:18
12201,12201,card,193.40,2025-10-18 18:06:43
12202,12202,cash,683.80,2025-11-26 19:56:43
12203,12203,wallet,981.84,2025-02-15 20:03:36
12204,12204,gift_card,840.51,2025-10-30 06:49:27
12205,12205,card,981.48,2025-07-29 10:48:17
12206,12206,card,746.86,2025-02-09 21:42:52
12207,12207,card,43.16,2025-01-21 09:29:40
12208,12208,wallet,173.79,2025-10-18 18:44:41
12209,12209,card,191.08,2025-12-22 18:10:20
12210,12210,wallet,1016.15,2025-12-10 17:08:19
12211,12211,\N,344.60,2025-05-10 18:35:37
12212,12212,card,314.43,2025-05-04 10:17:38
12213,12213,card,677.84,2025-04-20 04:17:35
12214,12214,card,518.14,2025-02-02 07:46:05
12215,12215,wallet,59.74,2025-08-21 11:00:32
12216,12216,gift_card,185.25,2025-04-10 01:44:54
12217,12217,card,189.81,2025-02-08 00:26:25
12218,12218,card,370.28,2025-12-21 01:02:09
12219,12219,cash,479.85,2025-03-14 05:58:45
12220,12220,wallet,574.99,2025-07-29 19:20:06
12221,12221,gift_card,1009.57,2025-12-01 19:04:57
12222,12222,card,63.42,2025-05-21 13:59:45
12223,12223,card,269.28,2025-10-24 23:51:43
12224,12224,\N,686.05,2025-12-17 03:09:51
12225,12225,gift_card,158.58,2025-05-12 21:37:34
12226,12226,\N,280.76,2025-11-05 10:43:40
12227,12227,card,979.17,2025-03-11 14:41:41
12228,12228,wallet,810.42,2025-08-10 03:59:58
12229,12229,card,448.11,2025-07-14 17:22:58
12230,12230,card,324.83,2025-01-28 00:06:39
12231,12231,card,188.28,2025-07-25 22:23:03
12232,12232,card,512.09,2025-09-27 02:10:07
12233,12233,card,568.37,2025-11-08 11:40:56
12234,12234,\N,286.48,2025-05-27 02:50:01
12235,12235,wallet,216.81,2025-12-30 13:50:32
12236,12236,card,70.55,2025-11-27 21:33:16
12237,12237,card,476.93,2025-04-10 10:01:35
12238,12238,gift_card,950.38,2025-11-11 03:26:36
12239,12239,card,80.87,2025-05-22 09:38:55
12240,12240,\N,403.94,2025-10-29 16:12:54
12241,12241,\N,1008.97,2025-10-23 05:23:00
12242,12242,card,185.17,2025-10-02 20:49:01
12243,12243,\N,26.32,2025-11-22 18:42:15
12244,12244,card,338.08,2025-08-26 17:11:04
12245,12245,\N,331.06,2025-05-16 11:46:51
12246,12246,card,720.10,2025-09-21 11:01:12
12247,12247,cash,308.38,2025-10-30 09:53:00
12248,12248,card,1170.42,2025-12-20 17:22:22
12249,12249,wallet,425.23,2025-06-20 09:14:50
12250,12250,\N,345.32,2025-06-06 00:51:09
12251,12251,\N,1504.75,2025-08-06 20:52:37
12252,12252,card,655.38,2025-04-20 12:37:44
12253,12253,card,45.60,2025-05-06 07:41:34
12254,12254,gift_card,170.50,2025-06-24 00:07:58
12255,12255,card,327.62,2025-06-27 10:11:51
12256,12256,card,388.47,2025-04-30 21:22:23
12257,12257,card,319.78,2025-03-26 17:53:25
12258,12258,cash,125.28,2025-07-14 17:11:09
12259,12259,card,2057.91,2025-11-13 05:23:01
12260,12260,cash,437.17,2025-03-21 16:35:03
12261,12261,cash,685.78,2025-04-16 21:39:10
12262,12262,gift_card,1130.25,2025-04-20 17:47:16
12263,12263,card,233.57,2025-02-08 01:43:19
12264,12264,wallet,554.03,2025-06-08 16:44:15
12265,12265,card,1546.78,2025-12-26 10:38:00
12266,12266,card,28.97,2025-04-13 15:03:36
12267,12267,wallet,455.19,2025-10-08 14:16:20
12268,12268,\N,69.43,2025-02-17 21:46:11
12269,12269,card,293.12,2025-09-21 20:49:14
12270,12270,card,1392.87,2025-08-09 10:10:34
12271,12271,gift_card,230.30,2025-11-05 16:28:38
12272,12272,cash,647.22,2025-01-08 18:03:39
12273,12273,card,2208.56,2025-12-17 06:39:04
12274,12274,cash,1118.40,2025-10-19 15:42:56
12275,12275,\N,25.23,2025-06-03 13:09:42
12276,12276,card,396.50,2025-08-11 10:01:17
12277,12277,card,198.03,2025-12-29 20:14:17
12278,12278,\N,170.71,2025-03-14 23:36:13
12279,12279,\N,601.38,2025-09-11 11:13:55
12280,12280,wallet,786.81,2025-02-25 13:49:22
12281,12281,card,1022.28,2025-01-12 16:34:52
12282,12282,\N,146.79,2025-01-19 23:16:18
12283,12283,wallet,71.88,2025-08-20 04:18:45
12284,12284,cash,130.20,2025-03-25 02:35:40
12285,12285,cash,361.94,2025-11-30 15:16:31
12286,12286,\N,600.73,2025-09-29 01:26:13
12287,12287,card,106.88,2025-02-08 22:21:59
12288,12288,gift_card,335.86,2025-07-02 22:51:25
12289,12289,\N,236.76,2025-05-11 12:15:31
12290,12290,cash,712.82,2025-11-05 10:32:09
12291,12291,gift_card,365.80,2025-09-22 04:03:37
12292,12292,wallet,346.70,2025-08-12 22:58:17
12293,12293,card,651.36,2025-02-18 20:18:03
12294,12294,\N,1735.45,2025-12-22 20:44:13
12295,12295,\N,450.15,2025-05-13 08:32:01
12296,12296,gift_card,38.45,2025-12-30 12:56:01
12297,12297,card,445.32,2025-12-15 12:42:01
12298,12298,gift_card,58.63,2025-05-30 01:09:10
12299,12299,\N,1324.09,2025-07-28 02:57:45
12300,12300,cash,1376.72,2025-05-31 15:41:07
12301,12301,cash,56.25,2025-06-08 00:24:38
12302,12302,card,925.94,2025-05-27 06:15:54
12303,12303,card,144.64,2025-01-17 02:55:20
12304,12304,\N,18.35,2025-03-03 03:02:20
12305,12305,gift_card,270.13,2025-06-08 21:45:58
12306,12306,\N,517.70,2025-07-25 00:13:04
12307,12307,\N,333.45,2025-07-04 00:06:19
12308,12308,card,14.92,2025-07-16 02:38:00
12309,12309,card,246.90,2025-04-26 04:45:06
12310,12310,card,564.31,2025-12-11 19:03:08
12311,12311,card,1029.51,2025-08-08 14:42:11
12312,12312,cash,632.25,2025-10-12 12:40:23
12313,12313,\N,1293.92,2025-07-22 23:16:14
12314,12314,cash,199.05,2025-08-24 09:42:02
12315,12315,cash,834.84,2025-06-10 18:08:06
12316,12316,card,574.65,2025-04-18 18:34:12
12317,12317,cash,515.45,2025-09-20 11:53:33
12318,12318,card,640.09,2025-01-10 07:38:24
12319,12319,gift_card,185.88,2025-09-27 20:05:47
12320,12320,card,395.46,2025-11-18 21:26:33
12321,12321,card,621.12,2025-02-09 01:58:23
12322,12322,gift_card,1387.23,2025-02-20 19:33:07
12323,12323,wallet,852.10,2025-08-19 21:54:21
12324,12324,card,804.90,2025-04-04 03:17:20
12325,12325,card,846.02,2025-01-02 17:37:54
12326,12326,wallet,535.24,2025-09-29 21:07:38
12327,12327,gift_card,168.01,2025-05-28 16:12:49
12328,12328,card,260.23,2025-06-04 22:00:16
12329,12329,wallet,868.11,2025-11-26 02:52:18
12330,12330,gift_card,316.21,2025-08-19 23:11:10
12331,12331,card,592.66,2025-03-26 14:45:11
12332,12332,card,515.00,2025-10-26 09:23:25
12333,12333,card,711.14,2025-07-11 02:04:45
12334,12334,wallet,790.46,2025-06-03 23:03:57
12335,12335,\N,660.58,2025-11-12 09:10:55
12336,12336,card,870.02,2025-08-19 19:48:53
12337,12337,gift_card,494.86,2025-02-23 03:48:00
12338,12338,wallet,181.25,2025-06-28 07:43:50
12339,12339,card,366.83,2025-05-12 10:25:20
12340,12340,card,1221.81,2025-09-10 02:15:28
12341,12341,wallet,994.33,2025-01-14 19:00:15
12342,12342,card,626.10,2025-12-18 12:53:11
12343,12343,gift_card,119.41,2025-09-11 17:00:08
12344,12344,card,249.92,2025-04-23 13:28:28
12345,12345,card,699.31,2025-05-19 11:11:41
12346,12346,wallet,984.54,2025-02-18 08:13:17
12347,12347,card,231.72,2025-04-25 13:51:26
12348,12348,card,344.17,2025-03-23 00:48:19
12349,12349,\N,763.68,2025-12-15 23:12:12
12350,12350,card,652.22,2025-08-08 14:45:12
12351,12351,\N,175.39,2025-04-30 14:55:28
12352,12352,card,418.41,2025-03-21 12:46:48
12353,12353,card,1172.54,2025-07-05 01:43:18
12354,12354,card,33.72,2025-04-24 16:41:57
12355,12355,card,643.92,2025-07-09 19:02:07
12356,12356,card,201.12,2025-02-18 20:51:22
12357,12357,card,211.55,2025-08-20 09:32:32
12358,12358,card,552.42,2025-06-30 19:31:47
12359,12359,\N,292.62,2025-06-16 12:24:24
12360,12360,card,1649.91,2025-07-15 03:11:32
12361,12361,card,234.01,2025-03-22 09:56:21
12362,12362,cash,562.72,2025-10-12 20:46:47
12363,12363,\N,352.25,2025-08-29 15:55:19
12364,12364,card,210.78,2025-06-02 05:36:41
12365,12365,card,107.49,2025-03-02 18:50:05
12366,12366,cash,129.71,2025-09-04 09:03:49
12367,12367,card,439.79,2025-01-27 06:39:46
12368,12368,cash,972.66,2025-04-24 06:14:26
12369,12369,gift_card,781.21,2025-01-01 09:40:12
12370,12370,cash,318.60,2025-11-08 07:59:01
12371,12371,gift_card,1150.30,2025-10-04 21:17:22
12372,12372,card,405.32,2025-07-29 06:59:18
12373,12373,gift_card,57.49,2025-10-31 07:18:36
12374,12374,card,408.17,2025-06-05 15:10:24
12375,12375,card,395.04,2025-01-17 13:46:13
12376,12376,card,357.99,2025-09-14 05:53:51
12377,12377,cash,148.71,2025-12-12 03:51:34
12378,12378,\N,217.06,2025-12-03 22:48:39
12379,12379,gift_card,341.42,2025-03-19 07:47:11
12380,12380,card,276.90,2025-09-13 20:11:04
12381,12381,card,1802.97,2025-09-10 03:13:03
12382,12382,card,403.24,2025-03-12 06:35:12
12383,12383,card,483.91,2025-04-06 23:35:34
12384,12384,\N,788.25,2025-02-06 15:59:20
12385,12385,gift_card,80.40,2025-07-30 05:45:47
12386,12386,gift_card,371.39,2025-09-09 11:30:01
12387,12387,\N,519.23,2025-10-27 21:48:40
12388,12388,card,619.56,2025-07-25 05:55:12
12389,12389,card,189.11,2025-11-07 12:25:37
12390,12390,card,517.30,2025-03-12 12:37:22
12391,12391,gift_card,741.43,2025-03-19 10:40:10
12392,12392,card,1314.01,2025-08-10 22:27:25
12393,12393,cash,582.53,2025-09-03 20:54:22
12394,12394,wallet,193.55,2025-10-06 23:15:23
12395,12395,\N,480.49,2025-09-11 10:54:13
12396,12396,card,243.28,2025-12-15 17:46:48
12397,12397,\N,182.28,2025-07-03 13:58:52
12398,12398,card,313.14,2025-12-29 04:19:06
12399,12399,wallet,314.28,2025-04-25 20:03:33
12400,12400,card,399.70,2025-09-18 13:57:21
12401,12401,gift_card,391.43,2025-03-16 12:08:34
12402,12402,wallet,145.53,2025-01-16 12:59:12
12403,12403,wallet,542.36,2025-06-24 18:05:44
12404,12404,wallet,661.29,2025-02-19 11:54:06
12405,12405,wallet,354.76,2025-12-11 17:04:53
12406,12406,wallet,662.86,2025-08-05 12:26:32
12407,12407,card,322.55,2025-01-13 21:47:56
12408,12408,card,773.46,2025-12-27 21:23:17
12409,12409,card,758.18,2025-08-26 10:18:53
12410,12410,card,397.18,2025-05-09 09:30:12
12411,12411,gift_card,183.05,2025-06-23 22:31:24
12412,12412,card,253.94,2025-06-13 01:55:25
12413,12413,card,1830.86,2025-01-14 18:34:27
12414,12414,wallet,86.84,2025-08-03 03:54:06
12415,12415,gift_card,311.52,2025-01-04 18:10:15
12416,12416,card,838.36,2025-03-26 09:22:35
12417,12417,card,1196.40,2025-09-10 05:10:03
12418,12418,card,189.72,2025-05-12 12:29:18
12419,12419,gift_card,129.60,2025-11-08 20:49:52
12420,12420,gift_card,283.22,2025-12-10 20:47:50
12421,12421,wallet,349.67,2025-01-06 05:56:50
12422,12422,card,121.58,2025-01-18 14:20:35
12423,12423,\N,568.27,2025-09-29 17:10:41
12424,12424,card,17.58,2025-05-20 12:31:22
12425,12425,card,385.99,2025-07-12 23:28:32
12426,12426,card,1362.05,2025-07-02 03:08:58
12427,12427,card,69.70,2025-05-22 03:26:02
12428,12428,card,58.19,2025-12-16 03:17:58
12429,12429,card,667.68,2025-06-01 18:30:40
12430,12430,cash,572.51,2025-08-20 12:38:29
12431,12431,card,378.82,2025-03-02 04:41:37
12432,12432,card,639.08,2025-06-06 13:30:36
12433,12433,cash,284.70,2025-04-15 23:43:59
12434,12434,gift_card,289.68,2025-08-10 16:26:33
12435,12435,card,502.83,2025-03-06 09:56:56
12436,12436,card,187.27,2025-11-21 12:58:35
12437,12437,gift_card,193.26,2025-10-25 18:34:00
12438,12438,wallet,134.18,2025-10-09 05:17:56
12439,12439,card,340.81,2025-10-26 02:26:18
12440,12440,card,885.12,2025-11-16 00:17:12
12441,12441,gift_card,377.32,2025-07-27 07:58:38
12442,12442,\N,783.05,2025-03-28 20:01:47
12443,12443,wallet,185.53,2025-01-15 11:38:15
12444,12444,gift_card,241.62,2025-05-09 18:41:00
12445,12445,gift_card,322.34,2025-05-27 16:13:13
12446,12446,\N,284.54,2025-08-03 23:46:11
12447,12447,\N,190.02,2025-08-23 03:25:36
12448,12448,card,310.37,2025-11-20 22:20:23
12449,12449,wallet,433.33,2025-05-30 00:20:12
12450,12450,card,530.51,2025-06-09 07:43:46
12451,12451,cash,114.56,2025-06-26 07:51:53
12452,12452,\N,533.71,2025-03-18 00:25:53
12453,12453,gift_card,496.37,2025-03-26 16:45:08
12454,12454,\N,276.21,2025-05-15 18:04:00
12455,12455,card,1532.49,2025-06-09 00:04:52
12456,12456,card,810.18,2025-11-19 08:51:15
12457,12457,card,593.68,2025-09-26 10:29:17
12458,12458,wallet,753.91,2025-05-02 05:38:02
12459,12459,wallet,1531.84,2025-08-20 22:11:12
12460,12460,card,371.12,2025-04-03 12:20:22
12461,12461,cash,173.00,2025-05-10 22:38:37
12462,12462,card,1257.72,2025-02-13 19:01:07
12463,12463,card,830.78,2025-06-29 02:04:47
12464,12464,card,202.19,2025-12-13 03:56:41
12465,12465,gift_card,103.60,2025-01-15 09:00:30
12466,12466,card,775.08,2025-09-27 21:50:11
12467,12467,card,330.22,2025-01-29 14:09:55
12468,12468,wallet,460.18,2025-04-06 14:19:31
12469,12469,cash,105.81,2025-08-28 01:52:22
12470,12470,\N,384.98,2025-12-25 15:46:03
12471,12471,card,637.58,2025-11-15 21:54:42
12472,12472,gift_card,23.03,2025-02-01 09:18:20
12473,12473,card,465.62,2025-03-15 14:31:01
12474,12474,wallet,68.28,2025-03-15 14:02:41
12475,12475,card,458.53,2025-09-17 06:25:54
12476,12476,cash,314.66,2025-11-22 12:50:41
12477,12477,\N,382.16,2025-06-13 02:01:04
12478,12478,card,210.29,2025-01-25 22:27:36
12479,12479,card,354.90,2025-06-17 04:58:35
12480,12480,\N,260.91,2025-10-30 12:57:15
12481,12481,gift_card,534.16,2025-09-30 08:11:17
12482,12482,card,371.55,2025-12-01 14:54:37
12483,12483,card,311.21,2025-11-17 21:41:02
12484,12484,card,22.88,2025-10-18 23:58:25
12485,12485,cash,1038.97,2025-02-26 03:38:45
12486,12486,cash,680.00,2025-10-19 05:41:54
12487,12487,\N,656.60,2025-12-28 21:47:01
12488,12488,cash,763.17,2025-07-25 09:04:00
12489,12489,card,185.47,2025-03-15 17:43:40
12490,12490,card,582.59,2025-06-18 22:00:49
12491,12491,gift_card,1101.31,2025-12-05 01:55:58
12492,12492,\N,353.50,2025-01-01 04:08:03
12493,12493,gift_card,905.42,2025-03-30 20:43:40
12494,12494,wallet,207.42,2025-07-05 05:01:30
12495,12495,cash,469.26,2025-01-12 17:43:17
12496,12496,wallet,345.54,2025-01-16 18:53:23
12497,12497,card,651.41,2025-02-05 00:21:06
12498,12498,card,285.42,2025-12-10 16:35:40
12499,12499,card,187.27,2025-07-14 17:35:36
12500,12500,card,629.22,2025-11-05 19:32:33
12501,12501,\N,279.34,2025-09-21 14:22:29
12502,12502,card,433.88,2025-10-15 16:41:44
12503,12503,cash,1285.78,2025-09-09 16:34:34
12504,12504,wallet,36.70,2025-11-05 16:42:40
12505,12505,card,464.33,2025-09-13 00:17:09
12506,12506,\N,288.63,2025-12-20 16:06:10
12507,12507,cash,702.94,2025-02-28 05:24:39
12508,12508,card,216.85,2025-07-06 18:24:52
12509,12509,wallet,660.95,2025-05-29 11:13:14
12510,12510,cash,1150.57,2025-07-11 17:08:10
12511,12511,cash,1609.02,2025-06-14 01:01:51
12512,12512,wallet,408.66,2025-05-04 11:05:53
12513,12513,card,611.54,2025-07-22 00:15:51
12514,12514,card,190.32,2025-04-05 17:17:15
12515,12515,\N,684.66,2025-05-10 03:32:57
12516,12516,cash,268.18,2025-09-17 06:59:42
12517,12517,card,1336.20,2025-08-30 13:11:43
12518,12518,cash,240.27,2025-05-08 08:21:22
12519,12519,cash,457.34,2025-07-05 20:21:23
12520,12520,card,986.49,2025-01-12 12:06:29
12521,12521,wallet,234.01,2025-06-29 18:05:09
12522,12522,wallet,333.02,2025-01-03 23:04:33
12523,12523,\N,271.84,2025-07-12 00:26:47
12524,12524,\N,884.43,2025-08-17 15:16:35
12525,12525,gift_card,59.28,2025-04-15 20:12:26
12526,12526,card,895.94,2025-07-03 07:37:33
12527,12527,card,654.32,2025-12-22 12:51:07
12528,12528,card,262.22,2025-12-03 18:40:35
12529,12529,card,331.65,2025-08-29 15:34:37
12530,12530,card,651.00,2025-10-11 10:02:08
12531,12531,gift_card,387.78,2025-07-10 10:20:42
12532,12532,cash,729.32,2025-05-21 17:59:00
12533,12533,gift_card,988.83,2025-11-03 03:13:51
12534,12534,\N,315.06,2025-12-19 03:54:45
12535,12535,card,270.52,2025-04-08 02:57:29
12536,12536,card,248.71,2025-09-19 23:29:51
12537,12537,gift_card,370.41,2025-11-06 21:39:48
12538,12538,wallet,558.20,2025-04-09 18:29:07
12539,12539,gift_card,612.10,2025-05-03 03:03:19
12540,12540,gift_card,243.03,2025-04-01 06:54:20
12541,12541,cash,677.70,2025-03-09 03:20:06
12542,12542,cash,121.75,2025-04-18 02:10:49
12543,12543,\N,259.24,2025-12-01 15:58:13
12544,12544,gift_card,87.38,2025-11-02 17:16:35
12545,12545,card,89.81,2025-02-06 21:10:40
12546,12546,cash,1293.95,2025-01-06 22:42:20
12547,12547,card,298.16,2025-06-24 09:40:40
12548,12548,card,379.89,2025-03-25 13:56:42
12549,12549,gift_card,200.13,2025-03-09 13:55:36
12550,12550,\N,342.93,2025-04-06 10:52:23
12551,12551,wallet,865.33,2025-07-04 13:58:02
12552,12552,card,1468.53,2025-05-17 16:29:43
12553,12553,cash,21.72,2025-10-23 09:30:33
12554,12554,cash,54.37,2025-09-17 03:39:09
12555,12555,gift_card,197.78,2025-04-20 06:55:11
12556,12556,wallet,320.54,2025-11-02 16:47:08
12557,12557,card,164.23,2025-11-29 11:28:58
12558,12558,\N,237.24,2025-10-21 06:02:30
12559,12559,card,642.14,2025-03-08 09:58:54
12560,12560,card,576.22,2025-10-25 12:43:03
12561,12561,card,337.61,2025-01-02 14:16:26
12562,12562,card,103.59,2025-01-19 17:37:24
12563,12563,card,1081.85,2025-06-28 00:35:20
12564,12564,cash,556.68,2025-05-15 08:07:06
12565,12565,cash,51.29,2025-09-14 21:18:10
12566,12566,wallet,1102.46,2025-03-21 03:23:27
12567,12567,card,276.56,2025-12-01 12:16:34
12568,12568,\N,346.82,2025-08-08 06:22:12
12569,12569,wallet,135.68,2025-05-20 20:38:03
12570,12570,card,410.27,2025-05-06 15:51:44
12571,12571,card,1030.43,2025-02-08 14:11:10
12572,12572,\N,353.98,2025-02-03 07:49:36
12573,12573,card,106.42,2025-06-09 08:54:51
12574,12574,gift_card,92.16,2025-10-26 22:43:01
12575,12575,wallet,270.50,2025-07-07 17:48:36
12576,12576,card,143.12,2025-08-24 21:07:03
12577,12577,wallet,268.59,2025-05-13 06:23:48
12578,12578,card,715.88,2025-03-26 12:22:38
12579,12579,gift_card,1389.52,2025-08-21 00:13:19
12580,12580,card,1539.57,2025-10-11 10:08:24
12581,12581,card,350.29,2025-04-05 00:24:55
12582,12582,gift_card,1106.53,2025-10-10 21:29:37
12583,12583,card,274.92,2025-01-18 21:43:58
12584,12584,gift_card,182.28,2025-06-19 04:52:55
12585,12585,\N,509.30,2025-12-10 01:45:35
12586,12586,card,1204.93,2025-03-29 20:40:54
12587,12587,card,462.22,2025-05-11 15:57:19
12588,12588,card,571.91,2025-07-26 04:40:16
12589,12589,wallet,947.97,2025-10-21 19:15:05
12590,12590,gift_card,37.51,2025-07-27 00:24:08
12591,12591,card,893.72,2025-02-12 09:07:26
12592,12592,cash,380.04,2025-05-26 18:17:39
12593,12593,cash,253.07,2025-02-12 22:14:25
12594,12594,wallet,515.40,2025-04-20 15:51:05
12595,12595,card,296.44,2025-01-04 16:20:56
12596,12596,cash,605.02,2025-04-04 03:31:59
12597,12597,card,602.38,2025-10-31 23:03:00
12598,12598,\N,235.81,2025-04-18 20:27:44
12599,12599,card,143.86,2025-09-19 21:07:50
12600,12600,card,266.15,2025-01-23 09:46:22
12601,12601,card,305.37,2025-10-11 06:47:07
12602,12602,gift_card,922.21,2025-07-29 11:59:59
12603,12603,card,585.09,2025-10-28 20:22:42
12604,12604,card,1095.45,2025-06-18 03:14:27
12605,12605,gift_card,239.71,2025-10-20 06:34:20
12606,12606,\N,342.33,2025-03-19 00:26:52
12607,12607,card,594.67,2025-03-22 19:23:40
12608,12608,wallet,313.15,2025-04-24 06:52:12
12609,12609,\N,63.72,2025-10-12 02:32:52
12610,12610,\N,489.56,2025-12-08 20:36:31
12611,12611,card,1072.53,2025-08-08 07:51:55
12612,12612,wallet,263.05,2025-02-24 16:07:22
12613,12613,card,292.05,2025-07-23 07:43:50
12614,12614,gift_card,1170.62,2025-03-31 05:51:55
12615,12615,cash,389.94,2025-05-29 20:16:43
12616,12616,\N,236.55,2025-11-14 20:56:04
12617,12617,card,275.73,2025-02-25 04:26:25
12618,12618,card,273.69,2025-12-10 21:39:25
12619,12619,wallet,149.93,2025-07-22 13:47:31
12620,12620,card,669.05,2025-04-22 19:10:39
12621,12621,card,282.04,2025-02-05 10:12:41
12622,12622,gift_card,660.14,2025-04-05 23:34:16
12623,12623,card,633.72,2025-07-15 23:04:01
12624,12624,gift_card,213.32,2025-12-27 12:05:32
12625,12625,wallet,173.31,2025-04-17 10:28:17
12626,12626,card,19.85,2025-07-21 00:15:15
12627,12627,wallet,1270.92,2025-11-03 19:49:44
12628,12628,card,191.60,2025-07-05 05:52:25
12629,12629,\N,428.44,2025-11-09 15:14:29
12630,12630,gift_card,416.15,2025-04-01 14:46:14
12631,12631,card,252.50,2025-03-31 18:16:24
12632,12632,cash,685.50,2025-02-05 06:59:05
12633,12633,cash,207.50,2025-10-21 02:18:56
12634,12634,card,423.43,2025-03-28 11:37:10
12635,12635,gift_card,823.60,2025-03-06 07:17:06
12636,12636,card,578.48,2025-02-10 17:13:47
12637,12637,card,775.66,2025-09-02 07:27:49
12638,12638,card,478.10,2025-05-23 21:22:06
12639,12639,\N,1047.68,2025-08-24 19:06:23
12640,12640,wallet,165.71,2025-03-11 12:16:53
12641,12641,cash,1512.79,2025-03-02 05:10:15
12642,12642,card,324.40,2025-05-02 09:37:34
12643,12643,card,547.62,2025-08-08 18:22:49
12644,12644,\N,603.14,2025-04-19 16:25:49
12645,12645,wallet,357.31,2025-10-02 20:32:04
12646,12646,cash,706.95,2025-07-04 01:13:02
12647,12647,wallet,517.00,2025-06-19 06:01:51
12648,12648,gift_card,637.70,2025-11-14 09:43:10
12649,12649,card,326.76,2025-01-10 20:23:21
12650,12650,card,103.79,2025-10-23 00:19:55
12651,12651,card,1287.96,2025-11-04 22:47:15
12652,12652,\N,335.97,2025-06-09 11:27:36
12653,12653,card,517.25,2025-09-01 01:16:36
12654,12654,\N,746.85,2025-11-22 15:01:44
12655,12655,card,834.34,2025-12-29 05:14:28
12656,12656,gift_card,101.02,2025-11-21 15:04:40
12657,12657,card,289.09,2025-04-11 05:07:40
12658,12658,cash,116.12,2025-02-22 19:17:24
12659,12659,\N,882.20,2025-06-11 19:23:35
12660,12660,card,319.64,2025-07-29 18:18:13
12661,12661,wallet,100.62,2025-06-25 06:55:08
12662,12662,cash,829.68,2025-01-05 16:18:18
12663,12663,gift_card,586.09,2025-04-16 08:55:07
12664,12664,\N,40.43,2025-07-09 01:30:09
12665,12665,wallet,1248.72,2025-04-12 04:10:28
12666,12666,\N,192.38,2025-10-16 15:50:00
12667,12667,gift_card,990.12,2025-05-17 17:52:48
12668,12668,gift_card,350.14,2025-04-13 03:30:51
12669,12669,card,1023.31,2025-06-21 05:59:02
12670,12670,cash,288.35,2025-06-19 19:17:22
12671,12671,card,371.77,2025-08-28 23:50:14
12672,12672,card,628.90,2025-05-17 19:12:54
12673,12673,card,322.46,2025-11-13 20:45:46
12674,12674,gift_card,778.12,2025-08-30 22:20:46
12675,12675,wallet,710.66,2025-04-25 12:00:40
12676,12676,gift_card,709.68,2025-05-18 05:11:09
12677,12677,card,500.33,2025-08-21 09:25:50
12678,12678,\N,291.42,2025-05-24 23:37:27
12679,12679,gift_card,1429.01,2025-08-12 13:07:01
12680,12680,card,921.17,2025-01-18 10:52:42
12681,12681,\N,303.80,2025-01-17 21:47:09
12682,12682,card,45.53,2025-08-24 21:47:33
12683,12683,cash,133.70,2025-01-07 20:46:59
12684,12684,\N,188.58,2025-05-30 14:53:12
12685,12685,cash,48.13,2025-06-01 11:26:46
12686,12686,card,167.26,2025-08-13 08:11:11
12687,12687,gift_card,409.84,2025-11-02 14:19:31
12688,12688,card,950.72,2025-04-29 12:28:51
12689,12689,wallet,257.99,2025-02-09 23:20:53
12690,12690,card,415.16,2025-07-11 23:59:00
12691,12691,gift_card,1069.65,2025-07-17 06:10:39
12692,12692,gift_card,684.45,2025-05-03 16:26:32
12693,12693,gift_card,532.38,2025-08-14 12:47:41
12694,12694,card,53.74,2025-06-13 01:16:07
12695,12695,wallet,219.07,2025-09-28 11:41:35
12696,12696,card,103.60,2025-05-05 17:00:38
12697,12697,gift_card,1699.24,2025-06-22 09:02:37
12698,12698,cash,312.52,2025-01-10 10:33:11
12699,12699,card,286.92,2025-09-24 14:56:00
12700,12700,\N,223.70,2025-08-26 16:12:58
12701,12701,card,1111.50,2025-03-07 18:22:33
12702,12702,card,820.41,2025-10-08 08:10:56
12703,12703,cash,67.49,2025-03-30 02:06:13
12704,12704,gift_card,1074.44,2025-11-29 08:01:54
12705,12705,card,614.60,2025-11-02 22:21:28
12706,12706,wallet,87.64,2025-08-28 11:10:33
12707,12707,card,130.65,2025-03-08 23:37:25
12708,12708,gift_card,233.81,2025-10-05 05:56:16
12709,12709,card,383.51,2025-08-13 18:11:13
12710,12710,\N,381.69,2025-10-11 12:50:31
12711,12711,gift_card,665.42,2025-11-20 19:46:25
12712,12712,card,161.31,2025-09-15 15:28:17
12713,12713,wallet,271.76,2025-02-28 00:37:12
12714,12714,gift_card,186.04,2025-01-31 17:46:14
12715,12715,card,301.23,2025-12-30 04:35:24
12716,12716,wallet,12.34,2025-07-10 13:16:33
12717,12717,cash,1635.97,2025-10-23 23:08:35
12718,12718,card,598.50,2025-11-07 15:33:08
12719,12719,gift_card,1673.37,2025-11-20 21:24:48
12720,12720,card,904.81,2025-12-13 09:42:10
12721,12721,card,43.85,2025-08-01 11:14:33
12722,12722,card,534.53,2025-12-15 04:06:16
12723,12723,wallet,640.22,2025-11-16 03:56:24
12724,12724,card,189.29,2025-10-03 05:05:31
12725,12725,card,835.39,2025-09-23 09:55:51
12726,12726,wallet,122.02,2025-08-19 09:04:55
12727,12727,\N,225.46,2025-02-25 18:09:26
12728,12728,cash,618.40,2025-03-04 21:59:08
12729,12729,wallet,608.90,2025-07-12 08:13:02
12730,12730,wallet,246.60,2025-02-16 12:07:05
12731,12731,card,517.30,2025-04-21 08:20:59
12732,12732,\N,409.05,2025-02-15 19:22:50
12733,12733,\N,1317.18,2025-09-06 19:47:47
12734,12734,card,822.18,2025-03-29 17:52:09
12735,12735,card,607.53,2025-09-28 11:26:27
12736,12736,card,360.80,2025-11-04 14:40:36
12737,12737,cash,89.16,2025-09-06 07:32:09
12738,12738,card,892.63,2025-03-20 03:12:32
12739,12739,cash,269.80,2025-04-07 20:59:35
12740,12740,wallet,336.36,2025-07-29 03:10:18
12741,12741,wallet,263.22,2025-04-15 17:25:23
12742,12742,card,1780.95,2025-04-17 05:13:42
12743,12743,cash,410.40,2025-11-02 09:54:41
12744,12744,\N,267.43,2025-06-05 02:49:55
12745,12745,wallet,203.15,2025-10-26 22:13:15
12746,12746,card,367.96,2025-07-19 07:20:24
12747,12747,card,310.60,2025-01-29 07:43:55
12748,12748,\N,969.28,2025-02-15 12:53:10
12749,12749,card,982.83,2025-02-22 05:50:19
12750,12750,card,73.18,2025-03-03 17:37:59
12751,12751,wallet,219.92,2025-05-07 03:11:16
12752,12752,card,57.85,2025-05-13 05:54:42
12753,12753,card,1076.15,2025-07-12 20:48:12
12754,12754,card,326.66,2025-02-02 03:09:07
12755,12755,card,207.81,2025-06-30 20:18:59
12756,12756,\N,548.23,2025-11-28 03:17:54
12757,12757,cash,358.21,2025-06-26 16:20:50
12758,12758,card,258.68,2025-09-09 05:59:01
12759,12759,card,299.45,2025-04-23 03:00:17
12760,12760,card,169.76,2025-04-16 04:04:51
12761,12761,wallet,333.70,2025-05-03 09:31:22
12762,12762,cash,1395.82,2025-03-14 00:05:10
12763,12763,gift_card,830.45,2025-09-04 19:31:54
12764,12764,card,123.88,2025-02-01 04:45:08
12765,12765,card,307.15,2025-05-20 08:01:22
12766,12766,gift_card,969.91,2025-01-22 00:23:49
12767,12767,card,684.67,2025-04-22 22:43:32
12768,12768,card,2290.30,2025-04-30 14:00:50
12769,12769,\N,877.59,2025-09-04 08:32:16
12770,12770,\N,485.35,2025-08-24 11:24:23
12771,12771,gift_card,1511.89,2025-12-15 10:04:58
12772,12772,card,151.79,2025-09-28 23:50:46
12773,12773,cash,120.02,2025-01-21 21:20:48
12774,12774,\N,550.34,2025-06-23 13:08:04
12775,12775,gift_card,134.32,2025-08-29 09:37:23
12776,12776,gift_card,798.74,2025-12-23 03:17:16
12777,12777,card,648.19,2025-02-13 00:44:49
12778,12778,cash,306.37,2025-01-22 01:14:13
12779,12779,card,180.06,2025-03-28 11:45:16
12780,12780,gift_card,825.75,2025-05-05 17:58:11
12781,12781,gift_card,554.67,2025-04-22 11:41:49
12782,12782,\N,279.96,2025-07-01 16:19:11
12783,12783,card,197.73,2025-02-23 16:27:52
12784,12784,wallet,1077.94,2025-09-20 08:16:59
12785,12785,card,253.95,2025-06-23 19:17:48
12786,12786,card,504.05,2025-05-23 06:15:04
12787,12787,wallet,124.70,2025-03-26 11:59:23
12788,12788,card,856.91,2025-02-17 04:07:17
12789,12789,card,205.06,2025-09-15 07:06:04
12790,12790,card,97.92,2025-01-19 19:45:34
12791,12791,card,101.04,2025-10-19 08:54:08
12792,12792,\N,272.16,2025-10-05 10:37:48
12793,12793,card,969.31,2025-08-19 11:57:51
12794,12794,card,897.35,2025-07-18 12:41:49
12795,12795,card,839.85,2025-08-18 19:25:35
12796,12796,gift_card,465.16,2025-08-07 22:09:58
12797,12797,card,296.75,2025-07-30 19:24:18
12798,12798,gift_card,398.05,2025-08-15 02:05:48
12799,12799,wallet,431.64,2025-06-01 17:49:55
12800,12800,wallet,534.89,2025-06-30 16:44:45
12801,12801,gift_card,476.91,2025-05-17 04:47:54
12802,12802,cash,334.60,2025-11-07 01:51:05
12803,12803,gift_card,321.27,2025-12-01 01:58:39
12804,12804,cash,307.03,2025-05-23 20:56:46
12805,12805,card,4.81,2025-12-11 15:44:17
12806,12806,card,376.48,2025-10-12 06:42:30
12807,12807,gift_card,339.26,2025-05-12 22:47:58
12808,12808,cash,482.43,2025-04-16 19:22:30
12809,12809,cash,324.19,2025-01-29 07:07:04
12810,12810,card,777.84,2025-01-26 05:20:01
12811,12811,card,337.30,2025-07-06 17:21:14
12812,12812,wallet,1306.67,2025-06-15 23:02:47
12813,12813,wallet,171.60,2025-05-23 19:00:34
12814,12814,card,724.69,2025-02-26 23:21:01
12815,12815,card,179.68,2025-06-15 00:28:33
12816,12816,wallet,82.54,2025-08-31 17:42:45
12817,12817,cash,576.30,2025-08-13 02:47:29
12818,12818,gift_card,611.56,2025-02-08 23:22:47
12819,12819,\N,1256.63,2025-03-17 02:50:47
12820,12820,card,43.74,2025-09-22 15:42:40
12821,12821,card,166.58,2025-01-06 14:03:44
12822,12822,cash,892.63,2025-05-16 12:42:38
12823,12823,wallet,359.04,2025-10-17 12:11:17
12824,12824,wallet,1223.34,2025-06-25 03:32:23
12825,12825,\N,556.80,2025-04-05 11:24:42
12826,12826,card,686.74,2025-08-05 20:16:10
12827,12827,card,69.70,2025-10-08 06:27:43
12828,12828,card,92.83,2025-09-26 00:48:23
12829,12829,card,149.68,2025-02-01 18:25:53
12830,12830,\N,189.96,2025-04-04 13:21:19
12831,12831,card,418.93,2025-11-08 00:56:16
12832,12832,wallet,856.26,2025-07-19 07:05:07
12833,12833,card,642.30,2025-06-13 16:56:29
12834,12834,\N,11.17,2025-06-11 13:26:06
12835,12835,\N,270.05,2025-12-19 06:42:12
12836,12836,card,162.40,2025-08-14 00:31:12
12837,12837,\N,653.26,2025-08-27 17:38:55
12838,12838,cash,583.29,2025-01-21 07:44:13
12839,12839,card,231.53,2025-11-15 23:29:06
12840,12840,card,350.20,2025-08-05 21:20:36
12841,12841,card,300.03,2025-03-17 04:13:36
12842,12842,gift_card,272.09,2025-04-27 06:28:36
12843,12843,card,319.90,2025-02-05 11:42:35
12844,12844,\N,1119.14,2025-06-30 04:34:10
12845,12845,card,456.14,2025-10-06 12:18:16
12846,12846,\N,656.91,2025-01-06 13:51:42
12847,12847,\N,286.99,2025-11-08 23:43:55
12848,12848,\N,663.79,2025-01-29 15:05:04
12849,12849,card,1307.41,2025-08-01 17:44:38
12850,12850,\N,64.57,2025-04-27 19:20:11
12851,12851,cash,168.74,2025-05-17 22:51:55
12852,12852,card,349.38,2025-03-22 21:26:16
12853,12853,wallet,1064.68,2025-07-27 20:41:50
12854,12854,card,606.53,2025-02-13 03:05:38
12855,12855,gift_card,87.07,2025-03-31 02:10:01
12856,12856,cash,171.75,2025-01-25 18:30:10
12857,12857,cash,703.54,2025-03-18 12:31:26
12858,12858,cash,121.01,2025-05-16 22:34:44
12859,12859,card,543.84,2025-04-13 10:33:10
12860,12860,card,101.79,2025-04-22 10:05:17
12861,12861,\N,777.88,2025-10-07 08:59:29
12862,12862,card,22.76,2025-02-02 21:24:41
12863,12863,gift_card,388.91,2025-12-24 10:09:29
12864,12864,cash,112.32,2025-10-26 12:40:24
12865,12865,\N,305.84,2025-05-28 00:52:38
12866,12866,wallet,1057.81,2025-05-27 07:27:27
12867,12867,\N,391.32,2025-01-18 08:48:14
12868,12868,\N,242.31,2025-12-19 21:38:48
12869,12869,card,603.30,2025-06-09 02:27:24
12870,12870,card,664.96,2025-04-01 17:25:55
12871,12871,\N,499.05,2025-08-24 03:43:47
12872,12872,cash,829.40,2025-08-04 02:36:33
12873,12873,wallet,556.94,2025-12-11 15:26:57
12874,12874,wallet,125.38,2025-11-08 08:09:33
12875,12875,\N,500.36,2025-04-08 05:23:26
12876,12876,card,1165.72,2025-03-11 19:45:10
12877,12877,card,249.60,2025-10-11 20:43:44
12878,12878,cash,1175.74,2025-05-18 00:57:03
12879,12879,card,167.36,2025-07-28 08:18:33
12880,12880,cash,246.25,2025-10-03 21:26:05
12881,12881,wallet,122.78,2025-01-21 14:52:49
12882,12882,card,712.53,2025-05-17 11:24:21
12883,12883,card,1923.09,2025-05-20 16:20:29
12884,12884,wallet,91.37,2025-10-03 19:24:59
12885,12885,cash,880.29,2025-01-08 08:32:46
12886,12886,cash,408.86,2025-03-11 06:33:09
12887,12887,card,310.05,2025-04-23 18:57:56
12888,12888,gift_card,187.49,2025-03-25 11:45:43
12889,12889,gift_card,25.54,2025-10-16 21:36:44
12890,12890,card,62.78,2025-07-14 16:21:50
12891,12891,\N,1214.04,2025-03-03 17:20:29
12892,12892,wallet,832.60,2025-08-09 19:57:05
12893,12893,wallet,1255.80,2025-12-22 03:56:02
12894,12894,cash,775.01,2025-05-20 00:57:22
12895,12895,\N,385.22,2025-07-12 02:44:39
12896,12896,card,960.58,2025-07-09 10:24:11
12897,12897,card,505.40,2025-12-31 19:42:24
12898,12898,card,224.66,2025-11-30 14:08:16
12899,12899,card,330.24,2025-01-03 22:20:00
12900,12900,card,601.09,2025-06-29 15:25:34
12901,12901,card,288.78,2025-05-13 07:37:35
12902,12902,card,253.22,2025-10-09 02:49:46
12903,12903,card,1030.31,2025-08-15 14:34:35
12904,12904,cash,233.67,2025-08-31 05:10:53
12905,12905,card,277.84,2025-04-07 13:48:01
12906,12906,card,979.61,2025-08-25 04:59:35
12907,12907,wallet,2066.22,2025-07-15 02:26:02
12908,12908,cash,745.57,2025-09-07 02:11:07
12909,12909,card,664.40,2025-07-17 17:48:13
12910,12910,\N,622.47,2025-05-09 02:27:41
12911,12911,card,641.73,2025-12-16 15:07:52
12912,12912,card,577.71,2025-09-20 13:15:43
12913,12913,card,495.65,2025-02-01 23:43:02
12914,12914,card,1041.27,2025-05-12 08:24:19
12915,12915,card,286.35,2025-08-01 21:08:45
12916,12916,card,113.66,2025-06-16 12:09:42
12917,12917,cash,1035.38,2025-03-06 14:57:54
12918,12918,cash,950.53,2025-04-28 04:16:31
12919,12919,card,877.08,2025-02-14 20:34:27
12920,12920,wallet,645.22,2025-11-19 03:15:25
12921,12921,\N,328.23,2025-01-01 16:41:16
12922,12922,card,306.98,2025-01-20 14:58:46
12923,12923,card,350.01,2025-11-24 17:09:23
12924,12924,\N,480.39,2025-10-18 21:48:56
12925,12925,cash,634.46,2025-03-20 19:58:35
12926,12926,\N,383.01,2025-05-20 04:35:45
12927,12927,card,182.28,2025-05-04 23:18:17
12928,12928,cash,268.97,2025-07-08 20:09:04
12929,12929,gift_card,632.80,2025-09-25 14:37:16
12930,12930,cash,1261.02,2025-10-25 11:29:12
12931,12931,card,201.26,2025-05-31 20:09:17
12932,12932,\N,117.18,2025-11-29 00:04:22
12933,12933,card,520.97,2025-06-02 17:01:00
12934,12934,gift_card,707.58,2025-11-21 09:44:52
12935,12935,card,869.87,2025-10-09 00:08:52
12936,12936,card,629.63,2025-07-15 08:51:40
12937,12937,cash,581.65,2025-07-10 11:01:28
12938,12938,card,815.81,2025-05-13 15:50:25
12939,12939,gift_card,255.50,2025-03-15 16:24:22
12940,12940,gift_card,717.54,2025-06-26 14:24:21
12941,12941,\N,687.98,2025-09-23 08:09:37
12942,12942,gift_card,181.11,2025-12-09 16:05:38
12943,12943,gift_card,87.75,2025-05-10 11:03:40
12944,12944,wallet,663.48,2025-06-11 11:18:16
12945,12945,card,268.85,2025-10-18 23:19:04
12946,12946,wallet,340.25,2025-10-03 21:25:40
12947,12947,card,130.36,2025-02-11 09:03:56
12948,12948,\N,1570.33,2025-10-22 17:50:55
12949,12949,wallet,675.26,2025-06-19 17:09:28
12950,12950,cash,544.52,2025-07-03 10:23:39
12951,12951,card,295.46,2025-08-27 10:22:57
12952,12952,card,321.98,2025-05-06 20:49:41
12953,12953,card,714.97,2025-09-08 00:09:29
12954,12954,card,334.88,2025-09-15 08:56:17
12955,12955,wallet,374.32,2025-05-16 08:43:07
12956,12956,\N,327.08,2025-02-14 20:43:45
12957,12957,wallet,277.83,2025-09-08 19:06:16
12958,12958,\N,1604.93,2025-07-12 01:50:36
12959,12959,gift_card,196.00,2025-07-24 23:53:10
12960,12960,card,128.37,2025-11-10 00:54:05
12961,12961,gift_card,241.94,2025-06-25 11:39:31
12962,12962,wallet,520.26,2025-10-19 14:37:42
12963,12963,cash,930.21,2025-04-01 12:31:33
12964,12964,card,213.76,2025-04-03 20:11:53
12965,12965,card,550.50,2025-08-04 04:04:59
12966,12966,card,117.09,2025-01-23 17:37:26
12967,12967,card,795.31,2025-09-06 07:44:29
12968,12968,wallet,30.85,2025-02-07 22:46:25
12969,12969,card,75.52,2025-04-21 19:08:15
12970,12970,\N,1140.71,2025-10-15 05:47:54
12971,12971,\N,117.54,2025-05-07 04:01:16
12972,12972,gift_card,337.08,2025-04-21 23:31:24
12973,12973,cash,1153.73,2025-08-29 23:33:27
12974,12974,\N,725.67,2025-10-31 19:28:40
12975,12975,wallet,481.49,2025-09-24 08:11:00
12976,12976,card,356.23,2025-09-12 04:31:59
12977,12977,card,1300.16,2025-06-27 17:54:03
12978,12978,card,117.26,2025-10-30 02:54:28
12979,12979,card,106.65,2025-08-04 17:43:37
12980,12980,card,43.66,2025-01-08 17:33:23
12981,12981,wallet,1166.23,2025-04-11 14:30:36
12982,12982,\N,114.84,2025-10-16 08:19:03
12983,12983,card,826.27,2025-12-07 12:27:12
12984,12984,gift_card,1017.06,2025-11-04 05:44:38
12985,12985,wallet,232.85,2025-01-30 13:15:34
12986,12986,card,374.75,2025-04-06 10:30:20
12987,12987,card,183.19,2025-10-29 10:28:54
12988,12988,gift_card,595.29,2025-09-04 12:45:53
12989,12989,gift_card,1069.06,2025-11-15 12:10:49
12990,12990,gift_card,285.56,2025-04-20 06:08:50
12991,12991,wallet,1310.86,2025-06-28 13:45:05
12992,12992,card,243.96,2025-10-01 15:33:32
12993,12993,card,458.24,2025-05-02 08:24:17
12994,12994,gift_card,725.55,2025-11-01 17:34:20
12995,12995,cash,309.69,2025-04-17 17:03:45
12996,12996,card,168.28,2025-05-20 04:01:30
12997,12997,\N,24.40,2025-11-02 09:19:25
12998,12998,card,278.80,2025-01-11 20:09:58
12999,12999,gift_card,1184.85,2025-12-07 08:22:15
13000,13000,cash,889.62,2025-06-02 10:49:51
13001,13001,\N,356.46,2025-11-19 04:40:42
13002,13002,card,234.70,2025-04-10 18:48:31
13003,13003,wallet,557.52,2025-11-12 05:42:03
13004,13004,wallet,932.40,2025-10-03 09:57:10
13005,13005,card,323.24,2025-03-01 09:51:00
13006,13006,cash,429.29,2025-10-28 00:49:53
13007,13007,card,1239.56,2025-03-11 18:08:59
13008,13008,\N,314.96,2025-08-12 21:05:33
13009,13009,gift_card,732.47,2025-05-19 05:12:41
13010,13010,gift_card,96.64,2025-10-10 17:30:26
13011,13011,card,754.45,2025-01-09 12:25:52
13012,13012,card,348.96,2025-03-10 14:41:47
13013,13013,card,516.73,2025-03-04 04:31:28
13014,13014,gift_card,495.44,2025-04-19 07:34:05
13015,13015,card,136.07,2025-03-26 19:59:51
13016,13016,card,722.10,2025-02-03 12:03:39
13017,13017,\N,255.55,2025-04-14 07:34:35
13018,13018,wallet,619.67,2025-11-20 14:41:44
13019,13019,cash,142.58,2025-06-21 12:12:19
13020,13020,\N,622.12,2025-10-31 19:16:24
13021,13021,card,263.23,2025-07-03 13:56:05
13022,13022,\N,787.16,2025-05-20 00:26:48
13023,13023,card,1454.15,2025-10-08 23:39:03
13024,13024,gift_card,869.14,2025-06-14 22:57:44
13025,13025,card,577.51,2025-01-19 09:59:10
13026,13026,wallet,592.75,2025-04-27 05:31:47
13027,13027,card,628.30,2025-04-30 01:13:04
13028,13028,\N,569.44,2025-03-20 05:35:12
13029,13029,wallet,1151.43,2025-06-12 14:17:08
13030,13030,card,563.45,2025-04-17 00:52:20
13031,13031,wallet,1133.10,2025-09-16 00:30:23
13032,13032,cash,15.86,2025-11-22 00:34:35
13033,13033,wallet,3208.85,2025-06-06 02:31:05
13034,13034,gift_card,263.54,2025-04-25 15:33:20
13035,13035,card,271.73,2025-05-19 11:38:10
13036,13036,card,128.92,2025-06-07 15:24:55
13037,13037,card,161.18,2025-10-12 06:39:57
13038,13038,cash,1090.50,2025-03-20 16:04:34
13039,13039,cash,140.78,2025-04-06 19:32:23
13040,13040,card,209.70,2025-10-28 11:22:30
13041,13041,\N,584.48,2025-12-07 09:12:19
13042,13042,card,899.07,2025-02-16 20:59:49
13043,13043,card,496.53,2025-07-04 04:25:05
13044,13044,card,796.40,2025-05-13 12:42:52
13045,13045,card,253.70,2025-12-09 09:35:56
13046,13046,card,886.74,2025-11-06 08:06:22
13047,13047,cash,364.72,2025-02-22 07:27:37
13048,13048,gift_card,497.97,2025-02-07 19:27:39
13049,13049,\N,120.44,2025-11-19 23:31:54
13050,13050,wallet,526.46,2025-08-07 00:49:58
13051,13051,wallet,919.72,2025-11-22 09:02:14
13052,13052,card,101.04,2025-04-17 00:52:52
13053,13053,gift_card,160.58,2025-12-06 23:49:37
13054,13054,cash,794.45,2025-08-06 07:25:21
13055,13055,card,822.45,2025-03-03 08:31:25
13056,13056,gift_card,488.40,2025-12-08 15:20:01
13057,13057,card,104.04,2025-06-16 21:41:12
13058,13058,card,151.22,2025-09-04 07:31:09
13059,13059,wallet,213.96,2025-08-16 19:54:43
13060,13060,card,259.64,2025-09-25 19:10:29
13061,13061,card,2067.13,2025-09-09 02:33:26
13062,13062,\N,348.87,2025-06-14 08:30:58
13063,13063,wallet,501.91,2025-01-08 04:34:01
13064,13064,card,560.10,2025-05-16 18:39:21
13065,13065,gift_card,494.27,2025-01-11 04:13:55
13066,13066,wallet,212.76,2025-01-04 07:01:47
13067,13067,card,968.64,2025-05-26 21:04:16
13068,13068,card,319.81,2025-11-22 21:31:07
13069,13069,card,479.99,2025-08-14 20:35:33
13070,13070,card,569.58,2025-12-17 22:59:07
13071,13071,card,467.06,2025-04-14 10:37:14
13072,13072,card,998.04,2025-02-06 16:39:58
13073,13073,wallet,297.80,2025-10-15 17:35:46
13074,13074,cash,1334.72,2025-07-23 09:28:09
13075,13075,wallet,466.26,2025-08-14 13:12:47
13076,13076,gift_card,960.83,2025-05-19 01:51:17
13077,13077,card,60.62,2025-01-24 05:46:49
13078,13078,gift_card,740.07,2025-12-07 05:29:08
13079,13079,\N,754.79,2025-12-19 04:19:16
13080,13080,card,459.69,2025-09-25 04:57:50
13081,13081,cash,486.96,2025-06-25 06:51:31
13082,13082,card,1498.70,2025-03-26 14:33:23
13083,13083,card,776.75,2025-09-21 20:22:01
13084,13084,\N,277.84,2025-01-06 09:11:05
13085,13085,wallet,876.29,2025-05-01 10:00:56
13086,13086,wallet,618.66,2025-03-21 16:36:40
13087,13087,card,281.83,2025-07-18 22:23:29
13088,13088,card,712.20,2025-09-08 03:34:54
13089,13089,gift_card,313.17,2025-12-30 01:02:12
13090,13090,wallet,526.46,2025-03-01 08:38:06
13091,13091,gift_card,1078.55,2025-01-01 09:18:59
13092,13092,wallet,486.93,2025-03-20 19:43:14
13093,13093,card,1228.16,2025-10-22 06:08:41
13094,13094,wallet,60.67,2025-02-24 10:20:59
13095,13095,cash,215.14,2025-08-01 02:31:53
13096,13096,card,604.58,2025-05-20 18:53:08
13097,13097,card,105.07,2025-08-07 09:20:27
13098,13098,card,431.18,2025-10-29 14:08:57
13099,13099,\N,126.54,2025-04-12 18:47:15
13100,13100,card,546.76,2025-03-17 07:00:48
13101,13101,cash,245.07,2025-05-08 22:27:43
13102,13102,\N,350.20,2025-11-20 01:21:30
13103,13103,cash,1346.96,2025-02-03 10:47:44
13104,13104,card,798.78,2025-11-27 23:52:00
13105,13105,wallet,173.63,2025-08-29 12:28:53
13106,13106,card,632.85,2025-11-30 21:34:09
13107,13107,gift_card,164.77,2025-08-23 15:26:39
13108,13108,wallet,729.93,2025-11-27 04:02:11
13109,13109,cash,137.58,2025-02-06 08:03:22
13110,13110,card,496.82,2025-07-11 08:03:30
13111,13111,cash,746.88,2025-07-07 08:33:10
13112,13112,card,595.90,2025-03-17 11:30:59
13113,13113,\N,423.27,2025-10-17 04:11:12
13114,13114,card,168.80,2025-03-08 16:02:26
13115,13115,cash,428.91,2025-02-05 23:07:47
13116,13116,\N,1002.80,2025-04-27 12:54:51
13117,13117,\N,98.39,2025-06-12 23:33:52
13118,13118,cash,111.24,2025-08-19 11:26:03
13119,13119,\N,229.22,2025-01-09 10:36:34
13120,13120,gift_card,771.15,2025-12-09 11:14:33
13121,13121,\N,128.37,2025-02-10 06:11:37
13122,13122,card,1247.46,2025-06-27 22:13:03
13123,13123,card,724.80,2025-07-22 14:08:30
13124,13124,card,241.27,2025-06-09 12:46:40
13125,13125,card,241.70,2025-05-16 08:04:30
13126,13126,\N,355.64,2025-04-08 18:16:12
13127,13127,\N,1891.76,2025-04-07 10:35:13
13128,13128,card,715.94,2025-04-02 02:36:51
13129,13129,gift_card,270.43,2025-01-23 12:09:21
13130,13130,wallet,187.26,2025-05-20 15:37:58
13131,13131,gift_card,59.99,2025-02-12 07:51:46
13132,13132,gift_card,617.31,2025-11-23 13:53:39
13133,13133,card,891.16,2025-02-07 14:34:38
13134,13134,\N,1255.00,2025-01-12 05:48:43
13135,13135,card,1274.52,2025-07-01 03:09:44
13136,13136,card,730.41,2025-05-17 20:58:29
13137,13137,\N,630.40,2025-08-25 06:49:26
13138,13138,card,323.87,2025-06-14 01:01:54
13139,13139,cash,306.64,2025-12-20 16:39:44
13140,13140,gift_card,243.51,2025-04-28 10:21:23
13141,13141,wallet,72.68,2025-12-21 17:11:02
13142,13142,gift_card,2011.22,2025-03-30 17:35:57
13143,13143,card,1223.80,2025-09-10 22:30:24
13144,13144,card,443.31,2025-09-10 07:00:59
13145,13145,card,155.11,2025-09-04 21:08:14
13146,13146,card,1238.24,2025-07-03 05:52:34
13147,13147,cash,87.74,2025-06-23 04:21:41
13148,13148,\N,1551.30,2025-03-04 05:26:19
13149,13149,card,439.32,2025-02-10 16:48:11
13150,13150,cash,765.35,2025-06-26 09:31:10
13151,13151,card,423.86,2025-12-06 08:38:50
13152,13152,card,626.75,2025-06-10 22:44:57
13153,13153,card,572.11,2025-10-01 05:07:28
13154,13154,\N,232.86,2025-09-17 15:30:14
13155,13155,card,877.61,2025-09-15 22:10:52
13156,13156,card,335.21,2025-08-13 16:26:52
13157,13157,card,314.99,2025-12-10 07:45:29
13158,13158,gift_card,473.18,2025-12-03 16:02:56
13159,13159,card,231.57,2025-11-22 10:15:39
13160,13160,gift_card,811.02,2025-12-31 12:10:34
13161,13161,wallet,338.89,2025-05-10 00:29:53
13162,13162,\N,216.09,2025-10-13 07:16:56
13163,13163,gift_card,440.28,2025-04-09 07:49:49
13164,13164,cash,106.17,2025-05-15 00:13:02
13165,13165,card,264.13,2025-12-13 17:00:27
13166,13166,cash,698.60,2025-01-22 16:01:37
13167,13167,\N,104.27,2025-05-12 15:09:28
13168,13168,\N,778.80,2025-07-09 02:41:30
13169,13169,wallet,1223.12,2025-04-24 03:44:13
13170,13170,gift_card,345.62,2025-01-09 05:26:07
13171,13171,card,267.65,2025-07-06 16:43:50
13172,13172,wallet,602.49,2025-08-09 15:47:44
13173,13173,card,19.36,2025-09-30 04:52:03
13174,13174,card,1135.02,2025-07-19 04:04:48
13175,13175,wallet,1035.69,2025-12-11 07:52:37
13176,13176,card,499.51,2025-10-15 05:22:05
13177,13177,card,1236.67,2025-03-31 07:33:03
13178,13178,card,487.92,2025-05-27 04:46:58
13179,13179,card,195.30,2025-03-25 10:40:10
13180,13180,card,46.53,2025-06-04 19:44:14
13181,13181,wallet,644.45,2025-02-07 09:15:59
13182,13182,card,1285.70,2025-04-03 19:58:47
13183,13183,wallet,509.99,2025-11-04 10:38:02
13184,13184,card,360.82,2025-07-19 04:25:56
13185,13185,cash,319.03,2025-05-28 11:34:04
13186,13186,card,1117.53,2025-09-06 10:09:29
13187,13187,wallet,579.16,2025-02-10 13:01:14
13188,13188,cash,575.40,2025-12-22 03:11:10
13189,13189,card,197.43,2025-10-26 20:38:44
13190,13190,card,305.97,2025-01-08 04:21:47
13191,13191,card,425.07,2025-04-13 17:12:47
13192,13192,cash,317.83,2025-02-15 10:13:40
13193,13193,card,845.96,2025-08-29 15:03:17
13194,13194,\N,446.17,2025-05-19 21:35:22
13195,13195,\N,255.64,2025-12-17 18:13:07
13196,13196,card,333.45,2025-07-12 11:47:00
13197,13197,cash,1196.84,2025-07-18 04:07:18
13198,13198,card,227.47,2025-05-05 03:52:57
13199,13199,wallet,210.58,2025-09-14 05:21:26
13200,13200,card,428.59,2025-06-07 02:11:05
13201,13201,cash,408.59,2025-04-10 08:45:59
13202,13202,card,316.71,2025-12-07 18:04:34
13203,13203,\N,374.03,2025-10-17 23:37:55
13204,13204,card,666.48,2025-01-29 00:56:24
13205,13205,cash,369.65,2025-08-26 10:08:11
13206,13206,cash,1322.31,2025-01-28 10:07:40
13207,13207,wallet,176.64,2025-05-03 02:29:28
13208,13208,cash,247.05,2025-07-24 20:03:31
13209,13209,gift_card,350.20,2025-01-18 17:48:43
13210,13210,cash,1047.21,2025-09-03 14:44:35
13211,13211,\N,274.69,2025-04-21 15:20:17
13212,13212,wallet,292.61,2025-02-07 17:41:17
13213,13213,gift_card,262.74,2025-04-06 10:06:50
13214,13214,wallet,1026.94,2025-06-30 10:37:41
13215,13215,wallet,409.63,2025-07-21 09:24:11
13216,13216,cash,125.26,2025-11-30 14:33:09
13217,13217,wallet,1147.28,2025-03-24 02:28:15
13218,13218,card,264.76,2025-07-25 23:06:09
13219,13219,card,617.28,2025-01-14 11:06:36
13220,13220,card,611.52,2025-05-08 12:09:56
13221,13221,\N,865.97,2025-04-01 12:46:39
13222,13222,wallet,156.43,2025-04-23 18:39:52
13223,13223,\N,132.67,2025-06-13 23:58:10
13224,13224,\N,119.36,2025-04-27 10:08:04
13225,13225,card,349.14,2025-06-06 22:44:24
13226,13226,wallet,973.08,2025-09-30 07:46:17
13227,13227,\N,444.48,2025-03-08 19:00:51
13228,13228,card,261.27,2025-04-08 08:02:11
13229,13229,card,150.73,2025-08-22 12:29:11
13230,13230,\N,645.75,2025-08-19 19:40:24
13231,13231,card,435.37,2025-03-07 16:44:09
13232,13232,gift_card,862.92,2025-08-12 21:43:16
13233,13233,card,399.39,2025-10-07 10:47:08
13234,13234,\N,860.71,2025-04-22 20:24:01
13235,13235,card,325.78,2025-07-03 19:12:55
13236,13236,wallet,10.78,2025-09-02 16:33:31
13237,13237,cash,1622.21,2025-08-14 14:16:35
13238,13238,\N,159.46,2025-05-28 00:00:32
13239,13239,gift_card,314.56,2025-10-29 15:59:22
13240,13240,card,418.78,2025-04-23 14:11:13
13241,13241,card,40.62,2025-07-28 23:16:09
13242,13242,card,262.69,2025-07-21 12:04:47
13243,13243,wallet,604.92,2025-12-23 04:25:48
13244,13244,card,1026.10,2025-10-03 15:35:20
13245,13245,card,357.92,2025-08-31 16:57:08
13246,13246,card,459.82,2025-05-21 21:35:08
13247,13247,gift_card,740.75,2025-12-24 17:06:09
13248,13248,card,507.46,2025-03-28 21:39:57
13249,13249,cash,266.76,2025-01-04 21:40:45
13250,13250,card,906.51,2025-10-03 23:53:13
13251,13251,card,908.50,2025-06-13 09:02:25
13252,13252,cash,391.40,2025-08-02 07:39:33
13253,13253,wallet,385.24,2025-11-20 17:14:37
13254,13254,card,514.49,2025-06-30 13:47:46
13255,13255,card,421.82,2025-04-06 04:54:18
13256,13256,card,418.98,2025-04-19 14:39:34
13257,13257,cash,625.78,2025-05-21 05:26:36
13258,13258,cash,88.35,2025-08-23 23:19:36
13259,13259,wallet,909.18,2025-12-04 08:43:51
13260,13260,card,745.02,2025-03-27 21:34:28
13261,13261,gift_card,219.92,2025-05-25 03:54:25
13262,13262,wallet,145.67,2025-01-16 09:20:06
13263,13263,card,106.21,2025-07-20 03:03:42
13264,13264,gift_card,974.31,2025-08-29 23:07:09
13265,13265,card,47.47,2025-09-14 00:21:39
13266,13266,card,1414.87,2025-04-12 23:00:53
13267,13267,card,364.78,2025-10-03 12:44:37
13268,13268,cash,816.42,2025-09-04 10:13:13
13269,13269,gift_card,1281.02,2025-05-15 11:44:25
13270,13270,gift_card,287.95,2025-07-24 01:27:02
13271,13271,cash,203.47,2025-01-08 02:47:29
13272,13272,card,1671.32,2025-07-08 03:38:52
13273,13273,\N,347.97,2025-12-20 01:47:08
13274,13274,card,325.75,2025-03-16 11:44:56
13275,13275,\N,325.24,2025-05-23 07:37:20
13276,13276,card,716.05,2025-05-05 09:12:37
13277,13277,wallet,952.66,2025-09-05 07:41:51
13278,13278,card,1018.86,2025-10-15 11:50:32
13279,13279,gift_card,304.67,2025-09-01 23:15:19
13280,13280,card,556.02,2025-03-08 21:23:35
13281,13281,card,469.65,2025-11-22 14:03:55
13282,13282,card,416.72,2025-02-03 10:15:33
13283,13283,cash,238.06,2025-04-30 21:08:31
13284,13284,card,385.74,2025-09-25 23:52:50
13285,13285,gift_card,627.23,2025-02-08 19:41:02
13286,13286,\N,76.93,2025-09-26 14:48:42
13287,13287,card,1044.02,2025-02-24 00:50:31
13288,13288,wallet,304.89,2025-04-12 11:46:36
13289,13289,card,371.63,2025-08-26 10:10:16
13290,13290,gift_card,311.35,2025-04-10 12:36:07
13291,13291,cash,762.45,2025-03-27 04:19:56
13292,13292,gift_card,1897.70,2025-09-27 00:59:30
13293,13293,\N,336.84,2025-05-28 20:38:47
13294,13294,wallet,1832.91,2025-09-04 06:22:37
13295,13295,gift_card,1330.11,2025-12-19 18:54:03
13296,13296,card,393.20,2025-10-07 23:50:58
13297,13297,gift_card,143.88,2025-01-09 05:20:00
13298,13298,card,543.17,2025-02-06 06:05:10
13299,13299,cash,647.87,2025-08-28 03:27:27
13300,13300,gift_card,1524.59,2025-07-22 15:13:48
13301,13301,cash,234.74,2025-03-15 20:06:20
13302,13302,cash,201.33,2025-03-04 15:52:25
13303,13303,card,1002.49,2025-04-12 09:07:18
13304,13304,cash,387.06,2025-08-09 12:01:24
13305,13305,cash,374.32,2025-01-22 16:34:18
13306,13306,card,378.09,2025-12-19 12:18:40
13307,13307,card,692.98,2025-12-13 19:44:54
13308,13308,card,1356.76,2025-03-20 20:39:18
13309,13309,card,299.75,2025-09-04 03:30:53
13310,13310,cash,150.18,2025-10-06 10:33:13
13311,13311,card,443.46,2025-12-10 20:33:23
13312,13312,cash,802.43,2025-07-25 06:18:39
13313,13313,card,410.54,2025-07-03 08:14:00
13314,13314,card,394.88,2025-10-11 19:43:43
13315,13315,cash,295.50,2025-11-14 18:35:10
13316,13316,card,1097.29,2025-04-03 00:30:43
13317,13317,\N,676.29,2025-02-23 16:00:10
13318,13318,cash,492.95,2025-03-19 16:10:41
13319,13319,cash,1012.86,2025-06-25 02:42:44
13320,13320,card,167.14,2025-10-24 18:25:02
13321,13321,wallet,458.78,2025-02-27 21:35:02
13322,13322,card,540.24,2025-08-14 17:29:00
13323,13323,wallet,568.00,2025-09-30 01:06:30
13324,13324,\N,1204.37,2025-03-22 13:21:03
13325,13325,wallet,117.68,2025-03-09 09:00:05
13326,13326,card,538.28,2025-03-14 13:10:07
13327,13327,card,291.15,2025-06-13 06:46:58
13328,13328,\N,348.11,2025-06-18 11:59:40
13329,13329,gift_card,1278.97,2025-02-26 19:15:38
13330,13330,wallet,498.06,2025-01-06 01:23:17
13331,13331,gift_card,331.64,2025-04-16 13:14:50
13332,13332,wallet,227.10,2025-08-13 12:56:41
13333,13333,card,211.94,2025-04-01 12:46:33
13334,13334,cash,340.32,2025-02-08 02:32:24
13335,13335,card,366.68,2025-03-21 19:50:44
13336,13336,\N,449.93,2025-03-24 19:06:55
13337,13337,cash,290.25,2025-04-28 10:11:35
13338,13338,card,427.39,2025-12-29 16:20:48
13339,13339,cash,24.13,2025-04-17 01:58:24
13340,13340,wallet,231.96,2025-03-24 09:21:20
13341,13341,card,703.26,2025-07-02 09:19:38
13342,13342,card,1268.62,2025-02-09 09:13:14
13343,13343,card,1568.57,2025-07-22 01:57:15
13344,13344,wallet,749.00,2025-09-07 06:45:51
13345,13345,card,364.58,2025-08-15 12:52:17
13346,13346,card,313.17,2025-05-25 02:40:03
13347,13347,\N,1034.61,2025-02-15 18:28:38
13348,13348,cash,871.85,2025-11-26 10:56:52
13349,13349,wallet,209.64,2025-09-27 10:55:41
13350,13350,wallet,839.44,2025-05-04 10:37:35
13351,13351,\N,656.52,2025-07-06 18:50:57
13352,13352,gift_card,304.53,2025-04-16 03:10:06
13353,13353,cash,719.31,2025-09-04 20:49:55
13354,13354,cash,804.13,2025-08-20 15:48:31
13355,13355,card,188.63,2025-07-09 19:33:01
13356,13356,card,566.61,2025-10-03 07:34:38
13357,13357,wallet,445.32,2025-03-08 05:05:12
13358,13358,\N,293.08,2025-07-02 20:29:34
13359,13359,card,625.82,2025-07-02 04:31:30
13360,13360,card,573.57,2025-10-02 21:47:25
13361,13361,gift_card,258.17,2025-01-02 23:16:10
13362,13362,wallet,379.89,2025-01-07 15:24:02
13363,13363,cash,588.16,2025-09-04 11:21:37
13364,13364,card,1443.56,2025-05-08 21:01:48
13365,13365,gift_card,255.17,2025-08-06 00:51:20
13366,13366,card,21.39,2025-10-01 09:44:39
13367,13367,card,265.35,2025-08-14 22:54:06
13368,13368,card,683.38,2025-06-28 10:01:58
13369,13369,cash,201.41,2025-11-21 04:13:06
13370,13370,card,1568.07,2025-01-26 20:21:06
13371,13371,\N,489.99,2025-11-07 12:33:22
13372,13372,cash,669.05,2025-07-05 00:47:50
13373,13373,card,338.73,2025-12-06 05:05:31
13374,13374,card,834.33,2025-11-01 07:11:05
13375,13375,cash,693.46,2025-10-18 20:06:28
13376,13376,\N,136.17,2025-07-20 17:17:53
13377,13377,wallet,794.78,2025-12-25 01:42:45
13378,13378,card,380.35,2025-01-01 02:17:03
13379,13379,wallet,464.98,2025-12-03 15:46:31
13380,13380,cash,461.93,2025-02-26 15:40:15
13381,13381,\N,632.78,2025-06-15 03:16:08
13382,13382,card,90.95,2025-06-27 23:08:30
13383,13383,card,333.73,2025-07-08 07:08:13
13384,13384,card,15.16,2025-08-28 00:17:15
13385,13385,card,539.02,2025-04-21 02:35:17
13386,13386,card,874.65,2025-03-05 17:10:30
13387,13387,cash,176.66,2025-11-06 23:24:20
13388,13388,card,520.33,2025-07-30 02:34:01
13389,13389,card,1035.08,2025-02-17 17:03:41
13390,13390,wallet,296.66,2025-10-02 19:42:15
13391,13391,card,144.33,2025-06-16 22:50:43
13392,13392,\N,19.14,2025-07-24 23:47:14
13393,13393,card,324.49,2025-03-16 19:39:10
13394,13394,card,182.28,2025-02-06 23:48:20
13395,13395,wallet,1039.53,2025-03-06 02:07:08
13396,13396,wallet,1314.80,2025-09-26 00:59:37
13397,13397,\N,311.98,2025-02-04 21:28:36
13398,13398,wallet,205.12,2025-10-21 03:26:12
13399,13399,\N,822.50,2025-03-21 16:12:24
13400,13400,\N,1124.79,2025-12-19 01:14:13
13401,13401,wallet,2197.67,2025-09-25 14:44:04
13402,13402,cash,500.79,2025-05-03 14:21:40
13403,13403,card,57.16,2025-09-11 10:19:35
13404,13404,card,219.44,2025-10-13 12:30:52
13405,13405,gift_card,208.37,2025-10-10 02:04:52
13406,13406,gift_card,1091.25,2025-09-27 05:50:24
13407,13407,card,545.68,2025-04-14 09:07:22
13408,13408,wallet,469.80,2025-05-21 07:48:20
13409,13409,card,208.14,2025-02-17 05:37:19
13410,13410,card,490.38,2025-01-10 08:40:34
13411,13411,\N,102.65,2025-11-14 23:46:54
13412,13412,card,387.54,2025-09-22 14:18:17
13413,13413,cash,336.96,2025-03-01 13:31:33
13414,13414,cash,196.60,2025-09-03 08:58:56
13415,13415,card,1292.01,2025-02-18 06:43:06
13416,13416,\N,126.48,2025-05-14 12:47:28
13417,13417,wallet,976.54,2025-07-03 22:19:41
13418,13418,wallet,333.77,2025-06-29 12:02:10
13419,13419,\N,531.70,2025-10-25 05:58:17
13420,13420,card,944.35,2025-04-30 19:28:17
13421,13421,gift_card,1561.88,2025-06-04 02:29:33
13422,13422,wallet,402.51,2025-02-12 12:59:37
13423,13423,card,1526.29,2025-04-09 23:35:48
13424,13424,card,426.28,2025-06-30 13:24:26
13425,13425,card,326.47,2025-02-26 01:20:50
13426,13426,\N,419.32,2025-03-13 04:00:02
13427,13427,card,177.82,2025-01-16 12:28:14
13428,13428,card,262.74,2025-09-19 04:42:26
13429,13429,\N,69.02,2025-10-07 01:05:39
13430,13430,cash,329.61,2025-10-28 01:06:18
13431,13431,\N,226.38,2025-12-31 18:39:50
13432,13432,wallet,225.19,2025-09-04 05:15:30
13433,13433,gift_card,543.48,2025-10-12 22:22:55
13434,13434,gift_card,203.54,2025-06-24 04:15:34
13435,13435,card,411.94,2025-05-15 09:33:49
13436,13436,\N,1269.64,2025-08-17 09:38:31
13437,13437,wallet,497.76,2025-10-11 08:06:48
13438,13438,wallet,738.21,2025-01-18 23:23:07
13439,13439,card,641.76,2025-03-05 05:13:00
13440,13440,card,45.99,2025-11-24 06:25:32
13441,13441,cash,101.73,2025-06-20 17:32:33
13442,13442,card,92.44,2025-10-03 10:04:11
13443,13443,cash,97.26,2025-08-18 09:27:45
13444,13444,card,625.30,2025-03-25 01:33:15
13445,13445,wallet,61.78,2025-05-24 02:45:40
13446,13446,card,530.10,2025-12-31 23:22:16
13447,13447,cash,935.98,2025-03-12 13:11:44
13448,13448,card,973.61,2025-04-09 09:10:06
13449,13449,\N,96.82,2025-12-21 11:35:49
13450,13450,\N,38.35,2025-05-05 14:26:09
13451,13451,cash,881.53,2025-02-28 21:47:35
13452,13452,wallet,101.70,2025-10-13 05:50:15
13453,13453,card,497.92,2025-11-11 06:50:33
13454,13454,gift_card,237.15,2025-01-25 18:57:53
13455,13455,card,106.98,2025-09-17 03:13:07
13456,13456,cash,1060.42,2025-12-01 19:17:14
13457,13457,wallet,96.10,2025-02-17 03:32:41
13458,13458,\N,62.10,2025-04-29 05:41:09
13459,13459,card,62.49,2025-02-18 13:01:57
13460,13460,card,308.01,2025-03-03 23:18:27
13461,13461,card,388.08,2025-08-01 05:36:15
13462,13462,\N,816.62,2025-07-25 23:07:38
13463,13463,card,2024.97,2025-03-05 05:11:25
13464,13464,card,191.08,2025-09-09 19:50:15
13465,13465,card,675.22,2025-06-05 12:03:42
13466,13466,\N,878.43,2025-12-07 07:25:13
13467,13467,card,356.32,2025-05-16 00:05:56
13468,13468,cash,412.27,2025-02-09 14:43:09
13469,13469,cash,361.58,2025-01-20 13:13:50
13470,13470,card,285.49,2025-05-17 04:06:48
13471,13471,gift_card,352.53,2025-03-08 14:38:52
13472,13472,card,379.10,2025-03-12 17:23:12
13473,13473,gift_card,307.81,2025-01-17 09:03:41
13474,13474,wallet,171.62,2025-08-17 15:46:28
13475,13475,card,413.42,2025-01-25 01:57:04
13476,13476,card,988.65,2025-12-22 11:12:44
13477,13477,\N,912.67,2025-08-14 23:48:29
13478,13478,wallet,1235.00,2025-02-22 04:11:07
13479,13479,card,84.24,2025-05-31 23:10:36
13480,13480,\N,1033.13,2025-05-12 02:53:39
13481,13481,\N,788.75,2025-10-19 01:56:33
13482,13482,\N,828.97,2025-03-25 08:44:02
13483,13483,\N,522.19,2025-01-20 22:52:17
13484,13484,gift_card,872.53,2025-07-21 23:07:22
13485,13485,card,1403.55,2025-02-22 06:51:05
13486,13486,card,348.11,2025-04-30 09:27:01
13487,13487,\N,657.68,2025-08-07 01:39:53
13488,13488,gift_card,1203.16,2025-06-29 20:57:49
13489,13489,gift_card,332.28,2025-01-31 23:06:56
13490,13490,wallet,84.18,2025-11-18 20:27:42
13491,13491,card,970.06,2025-07-09 01:32:22
13492,13492,wallet,195.83,2025-01-20 18:17:06
13493,13493,card,338.42,2025-10-14 23:39:31
13494,13494,cash,696.23,2025-12-18 03:38:38
13495,13495,wallet,490.51,2025-06-10 03:37:30
13496,13496,card,549.56,2025-01-11 20:42:38
13497,13497,cash,539.50,2025-10-30 09:45:58
13498,13498,card,200.38,2025-01-14 16:25:49
13499,13499,cash,297.72,2025-10-15 14:18:04
13500,13500,card,29.62,2025-12-11 11:18:27
13501,13501,card,433.45,2025-02-19 09:41:36
13502,13502,cash,142.13,2025-01-08 00:29:40
13503,13503,cash,323.14,2025-05-11 20:06:54
13504,13504,\N,133.21,2025-02-02 14:16:30
13505,13505,\N,921.80,2025-09-14 14:14:58
13506,13506,wallet,762.49,2025-06-10 16:39:27
13507,13507,card,111.17,2025-09-14 14:15:29
13508,13508,card,204.71,2025-01-10 21:29:21
13509,13509,card,936.54,2025-06-19 00:21:06
13510,13510,gift_card,175.50,2025-12-07 16:57:38
13511,13511,cash,365.80,2025-08-28 01:04:56
13512,13512,card,289.48,2025-12-20 17:41:26
13513,13513,wallet,722.83,2025-01-02 18:31:11
13514,13514,card,1153.09,2025-10-12 12:39:28
13515,13515,wallet,847.94,2025-03-21 09:54:00
13516,13516,\N,1122.40,2025-10-09 23:33:30
13517,13517,card,270.37,2025-01-28 03:53:51
13518,13518,card,1177.27,2025-02-27 00:06:58
13519,13519,\N,1084.09,2025-04-06 00:36:00
13520,13520,card,711.94,2025-09-06 11:07:01
13521,13521,wallet,1088.20,2025-05-19 01:28:06
13522,13522,card,263.84,2025-06-14 16:48:40
13523,13523,card,548.60,2025-01-26 10:53:13
13524,13524,wallet,1637.00,2025-04-24 22:11:57
13525,13525,gift_card,1180.96,2025-07-26 12:15:47
13526,13526,card,293.26,2025-02-13 10:45:41
13527,13527,wallet,387.82,2025-07-17 14:46:45
13528,13528,\N,684.45,2025-12-10 01:55:45
13529,13529,cash,727.91,2025-02-11 18:48:55
13530,13530,cash,100.57,2025-11-12 21:29:39
13531,13531,gift_card,186.30,2025-11-18 01:19:22
13532,13532,gift_card,225.74,2025-11-13 03:15:18
13533,13533,card,665.77,2025-09-05 18:04:24
13534,13534,card,212.70,2025-01-27 19:51:14
13535,13535,gift_card,618.44,2025-03-11 00:13:43
13536,13536,cash,29.28,2025-03-12 23:57:46
13537,13537,card,1069.38,2025-09-27 21:28:00
13538,13538,card,67.53,2025-10-07 05:15:54
13539,13539,card,681.42,2025-02-10 13:04:14
13540,13540,card,787.16,2025-09-27 19:41:39
13541,13541,cash,1682.39,2025-05-01 20:51:46
13542,13542,card,2675.11,2025-02-09 16:19:03
13543,13543,gift_card,472.40,2025-07-31 02:19:11
13544,13544,wallet,654.30,2025-10-26 20:35:18
13545,13545,gift_card,112.61,2025-07-16 04:50:15
13546,13546,card,17.76,2025-12-25 09:28:34
13547,13547,\N,743.25,2025-07-10 03:25:23
13548,13548,cash,390.93,2025-06-18 15:51:43
13549,13549,card,214.24,2025-03-11 13:51:23
13550,13550,wallet,319.64,2025-05-22 14:22:59
13551,13551,cash,566.18,2025-09-07 16:02:20
13552,13552,card,1257.01,2025-07-14 19:23:39
13553,13553,card,789.00,2025-12-02 17:09:39
13554,13554,card,1635.19,2025-10-21 14:54:37
13555,13555,card,1265.66,2025-07-02 22:19:45
13556,13556,gift_card,201.07,2025-02-10 00:16:03
13557,13557,card,816.65,2025-08-22 18:03:36
13558,13558,\N,520.64,2025-05-07 15:27:10
13559,13559,cash,645.61,2025-02-16 02:03:27
13560,13560,card,763.25,2025-08-15 07:46:18
13561,13561,\N,264.66,2025-10-30 14:09:34
13562,13562,\N,822.62,2025-11-13 17:13:11
13563,13563,card,419.12,2025-07-14 12:44:45
13564,13564,card,168.54,2025-08-31 23:55:11
13565,13565,card,151.07,2025-06-23 09:02:38
13566,13566,card,699.22,2025-09-18 16:23:02
13567,13567,wallet,117.57,2025-05-18 13:15:25
13568,13568,card,523.74,2025-10-03 05:06:20
13569,13569,card,225.64,2025-06-01 00:31:47
13570,13570,card,735.12,2025-06-20 17:25:33
13571,13571,card,411.01,2025-11-11 02:15:41
13572,13572,card,134.57,2025-01-11 19:38:58
13573,13573,\N,176.64,2025-09-03 17:56:57
13574,13574,card,1511.35,2025-12-23 14:45:26
13575,13575,wallet,900.17,2025-10-17 00:28:51
13576,13576,wallet,293.43,2025-07-30 07:30:35
13577,13577,card,104.52,2025-01-20 22:10:36
13578,13578,cash,1780.00,2025-02-13 03:08:41
13579,13579,card,58.12,2025-10-31 00:36:01
13580,13580,card,552.57,2025-08-06 19:53:07
13581,13581,\N,257.92,2025-01-02 01:58:32
13582,13582,card,690.15,2025-12-06 17:55:17
13583,13583,card,1082.12,2025-09-26 07:39:43
13584,13584,card,365.41,2025-08-16 22:33:15
13585,13585,cash,93.32,2025-10-13 19:57:25
13586,13586,gift_card,199.89,2025-01-04 22:08:52
13587,13587,cash,322.53,2025-02-19 09:04:35
13588,13588,card,111.03,2025-08-04 20:56:04
13589,13589,\N,455.09,2025-06-03 16:30:56
13590,13590,cash,426.50,2025-08-07 11:03:09
13591,13591,gift_card,465.64,2025-11-10 03:05:48
13592,13592,\N,186.44,2025-01-10 13:56:17
13593,13593,cash,301.11,2025-09-19 12:58:02
13594,13594,card,612.15,2025-04-13 23:37:55
13595,13595,gift_card,25.44,2025-11-22 19:04:54
13596,13596,card,364.72,2025-03-09 15:16:02
13597,13597,cash,488.85,2025-08-27 02:34:36
13598,13598,gift_card,958.28,2025-11-25 05:23:18
13599,13599,\N,126.48,2025-03-27 22:08:56
13600,13600,card,144.03,2025-01-17 14:56:10
13601,13601,\N,1284.86,2025-04-01 13:38:25
13602,13602,\N,309.24,2025-11-16 05:52:11
13603,13603,cash,152.48,2025-11-30 22:42:49
13604,13604,\N,16.52,2025-11-23 00:56:18
13605,13605,card,368.00,2025-08-10 22:14:39
13606,13606,card,696.15,2025-12-23 15:59:09
13607,13607,cash,467.56,2025-04-28 19:16:36
13608,13608,\N,874.35,2025-03-20 16:36:10
13609,13609,card,636.50,2025-11-06 22:53:42
13610,13610,\N,571.74,2025-12-08 00:52:23
13611,13611,\N,938.25,2025-03-24 06:08:37
13612,13612,cash,493.64,2025-08-26 10:35:07
13613,13613,card,676.73,2025-11-25 02:19:56
13614,13614,card,193.84,2025-12-17 06:16:05
13615,13615,card,350.08,2025-04-21 11:35:06
13616,13616,card,288.13,2025-10-26 20:42:41
13617,13617,card,1434.58,2025-10-18 19:47:39
13618,13618,\N,329.36,2025-06-03 07:22:12
13619,13619,\N,139.39,2025-10-19 17:50:19
13620,13620,card,497.23,2025-12-10 05:59:36
13621,13621,\N,549.60,2025-03-16 17:47:26
13622,13622,card,594.74,2025-06-02 05:27:13
13623,13623,\N,531.43,2025-03-31 01:46:09
13624,13624,card,1547.15,2025-01-17 08:06:14
13625,13625,card,249.96,2025-02-12 15:17:19
13626,13626,gift_card,116.87,2025-03-23 08:44:38
13627,13627,cash,60.45,2025-11-09 00:01:07
13628,13628,card,713.81,2025-02-19 13:04:32
13629,13629,gift_card,579.66,2025-01-07 09:24:13
13630,13630,wallet,50.69,2025-11-19 13:37:55
13631,13631,gift_card,1244.16,2025-03-09 23:26:39
13632,13632,cash,449.15,2025-05-30 19:22:47
13633,13633,cash,999.80,2025-04-17 16:23:09
13634,13634,cash,602.14,2025-03-14 23:15:23
13635,13635,wallet,689.87,2025-03-27 18:27:47
13636,13636,wallet,1457.03,2025-10-02 23:51:19
13637,13637,wallet,285.14,2025-11-20 12:34:58
13638,13638,card,351.29,2025-04-08 11:55:41
13639,13639,wallet,280.15,2025-02-28 16:37:46
13640,13640,wallet,508.69,2025-01-25 11:08:31
13641,13641,card,625.94,2025-11-12 20:21:07
13642,13642,card,329.94,2025-04-17 06:55:01
13643,13643,card,642.21,2025-11-07 17:03:24
13644,13644,wallet,171.60,2025-05-02 14:34:28
13645,13645,wallet,274.03,2025-03-18 07:37:54
13646,13646,gift_card,912.83,2025-09-27 15:10:06
13647,13647,card,733.71,2025-12-13 21:33:51
13648,13648,card,135.30,2025-05-12 08:26:50
13649,13649,wallet,1602.55,2025-07-01 03:30:20
13650,13650,cash,298.94,2025-01-21 19:01:29
13651,13651,card,197.51,2025-05-03 22:17:50
13652,13652,card,166.22,2025-12-20 11:20:41
13653,13653,gift_card,234.70,2025-04-03 15:39:24
13654,13654,cash,346.93,2025-01-19 07:54:10
13655,13655,\N,591.97,2025-11-30 10:52:14
13656,13656,card,944.90,2025-10-03 05:31:04
13657,13657,card,343.37,2025-05-31 20:50:56
13658,13658,wallet,376.12,2025-05-21 08:44:09
13659,13659,card,804.88,2025-07-31 01:08:14
13660,13660,\N,802.20,2025-03-30 23:45:13
13661,13661,card,326.08,2025-05-12 06:51:33
13662,13662,gift_card,245.60,2025-09-03 04:56:17
13663,13663,card,2139.56,2025-04-19 07:10:36
13664,13664,card,450.38,2025-01-13 21:46:23
13665,13665,\N,257.79,2025-07-14 20:33:51
13666,13666,cash,86.64,2025-02-25 00:44:11
13667,13667,wallet,356.57,2025-06-03 08:44:25
13668,13668,\N,978.76,2025-01-02 19:41:20
13669,13669,\N,872.26,2025-09-16 14:09:03
13670,13670,card,845.68,2025-01-25 03:02:56
13671,13671,cash,869.48,2025-06-27 18:54:08
13672,13672,cash,701.86,2025-08-19 05:05:00
13673,13673,card,739.90,2025-11-18 01:18:02
13674,13674,card,1137.97,2025-03-01 15:08:05
13675,13675,wallet,790.04,2025-12-13 05:20:57
13676,13676,cash,302.82,2025-11-02 09:46:51
13677,13677,cash,868.82,2025-05-18 23:52:33
13678,13678,\N,480.33,2025-11-17 08:59:47
13679,13679,\N,519.06,2025-06-28 21:08:36
13680,13680,gift_card,308.43,2025-05-15 08:26:17
13681,13681,cash,136.34,2025-07-03 23:32:46
13682,13682,card,315.58,2025-04-09 12:01:57
13683,13683,wallet,894.96,2025-01-07 06:20:53
13684,13684,card,845.49,2025-12-14 15:13:30
13685,13685,cash,2088.19,2025-11-12 11:05:52
13686,13686,wallet,152.53,2025-08-08 22:29:18
13687,13687,wallet,5.25,2025-08-26 20:27:50
13688,13688,cash,357.23,2025-12-25 21:55:38
13689,13689,card,882.88,2025-04-11 23:01:19
13690,13690,card,499.90,2025-06-10 12:54:38
13691,13691,card,310.26,2025-08-25 19:38:03
13692,13692,\N,41.11,2025-03-03 15:13:13
13693,13693,gift_card,524.72,2025-02-26 19:44:10
13694,13694,card,564.40,2025-10-25 08:42:17
13695,13695,gift_card,20.55,2025-07-22 17:13:25
13696,13696,gift_card,995.46,2025-08-18 18:14:01
13697,13697,gift_card,655.34,2025-09-03 00:31:15
13698,13698,\N,344.10,2025-04-08 06:11:54
13699,13699,gift_card,61.39,2025-07-14 18:42:50
13700,13700,cash,1067.27,2025-07-01 19:43:56
13701,13701,\N,163.59,2025-04-28 08:58:34
13702,13702,gift_card,945.73,2025-10-06 04:49:31
13703,13703,wallet,124.85,2025-11-25 16:30:58
13704,13704,wallet,510.44,2025-07-26 07:51:16
13705,13705,\N,369.04,2025-01-28 12:40:56
13706,13706,card,307.90,2025-01-08 21:58:28
13707,13707,wallet,700.21,2025-02-26 01:42:11
13708,13708,card,422.90,2025-01-08 16:26:42
13709,13709,card,1530.34,2025-04-15 15:46:49
13710,13710,\N,355.47,2025-02-09 12:23:12
13711,13711,card,245.27,2025-01-01 22:20:18
13712,13712,card,312.27,2025-10-08 04:49:53
13713,13713,wallet,57.49,2025-09-10 10:30:20
13714,13714,card,53.54,2025-06-26 23:05:53
13715,13715,gift_card,70.27,2025-04-06 16:03:50
13716,13716,wallet,858.82,2025-10-02 04:34:02
13717,13717,card,386.07,2025-08-29 12:33:54
13718,13718,wallet,714.31,2025-07-02 12:40:53
13719,13719,\N,1892.81,2025-04-19 08:55:15
13720,13720,wallet,53.54,2025-05-29 00:57:17
13721,13721,card,736.68,2025-05-09 16:46:24
13722,13722,card,1589.34,2025-09-01 01:26:46
13723,13723,cash,370.24,2025-09-02 23:40:13
13724,13724,gift_card,154.63,2025-10-14 21:58:49
13725,13725,card,504.31,2025-07-20 23:23:52
13726,13726,gift_card,271.17,2025-05-06 21:09:35
13727,13727,cash,482.53,2025-12-06 09:18:48
13728,13728,card,258.55,2025-07-24 23:34:57
13729,13729,card,737.40,2025-05-04 10:58:46
13730,13730,card,128.68,2025-10-01 12:28:34
13731,13731,gift_card,116.58,2025-04-20 13:29:19
13732,13732,gift_card,828.70,2025-10-19 23:51:38
13733,13733,card,1349.70,2025-10-28 10:13:16
13734,13734,wallet,197.17,2025-03-22 11:42:36
13735,13735,cash,133.43,2025-04-22 06:15:35
13736,13736,wallet,395.22,2025-09-13 01:16:56
13737,13737,card,395.06,2025-02-27 23:14:02
13738,13738,card,602.74,2025-05-24 13:08:34
13739,13739,wallet,73.40,2025-08-27 10:24:55
13740,13740,cash,1348.74,2025-10-13 07:32:22
13741,13741,card,628.39,2025-11-01 12:47:06
13742,13742,card,228.15,2025-11-01 14:43:54
13743,13743,card,147.51,2025-02-11 06:07:30
13744,13744,wallet,158.09,2025-12-07 14:15:04
13745,13745,cash,520.08,2025-10-26 18:12:32
13746,13746,cash,416.14,2025-04-04 23:50:17
13747,13747,card,1226.40,2025-01-14 15:57:03
13748,13748,cash,537.04,2025-10-14 01:04:41
13749,13749,card,377.32,2025-04-15 23:11:33
13750,13750,\N,342.66,2025-06-08 12:38:58
13751,13751,wallet,38.93,2025-07-20 02:42:52
13752,13752,card,572.15,2025-09-04 03:06:03
13753,13753,cash,383.68,2025-11-24 17:23:46
13754,13754,card,275.00,2025-12-18 16:34:07
13755,13755,wallet,695.94,2025-08-28 13:10:06
13756,13756,\N,284.62,2025-05-17 01:58:32
13757,13757,gift_card,131.64,2025-02-11 09:17:25
13758,13758,card,22.86,2025-11-02 22:12:56
13759,13759,wallet,89.02,2025-03-14 12:20:52
13760,13760,card,711.63,2025-06-25 00:06:59
13761,13761,card,665.69,2025-06-15 22:52:30
13762,13762,card,333.21,2025-07-25 00:19:02
13763,13763,cash,824.47,2025-05-16 16:38:11
13764,13764,card,651.46,2025-06-07 10:18:31
13765,13765,gift_card,440.06,2025-06-08 22:20:26
13766,13766,wallet,83.54,2025-09-25 20:05:09
13767,13767,wallet,146.36,2025-11-19 04:54:03
13768,13768,gift_card,1485.86,2025-03-02 11:33:59
13769,13769,\N,367.83,2025-09-10 11:56:35
13770,13770,gift_card,688.88,2025-04-04 11:10:14
13771,13771,gift_card,1410.03,2025-07-31 21:06:48
13772,13772,gift_card,994.26,2025-08-11 16:55:57
13773,13773,cash,97.65,2025-05-11 18:40:16
13774,13774,cash,295.57,2025-01-15 21:42:27
13775,13775,\N,185.51,2025-07-24 05:59:13
13776,13776,gift_card,250.68,2025-04-06 04:50:00
13777,13777,card,113.86,2025-06-29 16:53:48
13778,13778,card,374.46,2025-04-10 15:54:08
13779,13779,\N,110.58,2025-10-25 13:50:27
13780,13780,card,624.40,2025-07-23 07:55:48
13781,13781,card,396.57,2025-10-17 03:50:25
13782,13782,card,419.33,2025-08-06 22:26:12
13783,13783,wallet,705.96,2025-09-09 03:26:37
13784,13784,gift_card,298.56,2025-11-13 13:29:32
13785,13785,card,633.98,2025-10-19 15:36:09
13786,13786,card,279.47,2025-08-21 13:47:24
13787,13787,card,269.01,2025-12-16 11:46:39
13788,13788,cash,1113.98,2025-02-25 01:44:55
13789,13789,card,872.87,2025-02-14 11:01:30
13790,13790,\N,1361.58,2025-08-30 19:58:35
13791,13791,card,581.99,2025-05-27 15:38:11
13792,13792,wallet,278.46,2025-12-26 13:05:54
13793,13793,\N,331.31,2025-11-23 08:58:01
13794,13794,\N,355.15,2025-04-18 00:24:47
13795,13795,\N,1053.69,2025-08-02 07:58:47
13796,13796,\N,338.68,2025-03-30 17:13:48
13797,13797,gift_card,502.99,2025-07-19 13:01:59
13798,13798,\N,652.48,2025-12-23 13:10:13
13799,13799,wallet,194.95,2025-11-03 13:01:05
13800,13800,cash,322.83,2025-06-08 05:14:04
13801,13801,\N,515.67,2025-06-10 09:16:08
13802,13802,\N,88.59,2025-09-23 06:05:40
13803,13803,\N,40.85,2025-07-10 09:47:58
13804,13804,\N,214.95,2025-08-07 23:12:32
13805,13805,gift_card,175.33,2025-04-17 08:37:00
13806,13806,card,1049.36,2025-07-25 06:16:15
13807,13807,gift_card,120.74,2025-03-19 23:27:30
13808,13808,cash,74.72,2025-02-14 05:40:27
13809,13809,card,1936.40,2025-11-23 07:55:53
13810,13810,gift_card,137.58,2025-10-05 07:12:13
13811,13811,gift_card,173.85,2025-08-26 02:56:08
13812,13812,card,229.37,2025-08-09 00:43:04
13813,13813,card,492.74,2025-03-26 14:53:23
13814,13814,card,743.36,2025-03-29 05:35:56
13815,13815,card,921.70,2025-07-20 02:05:56
13816,13816,card,477.14,2025-10-17 22:54:33
13817,13817,\N,374.61,2025-02-23 17:56:53
13818,13818,card,706.75,2025-07-05 07:52:07
13819,13819,card,298.69,2025-12-07 21:24:30
13820,13820,card,454.55,2025-12-13 23:43:16
13821,13821,cash,668.10,2025-12-03 23:38:15
13822,13822,\N,450.57,2025-07-10 16:06:54
13823,13823,gift_card,430.66,2025-08-23 17:44:21
13824,13824,card,937.18,2025-08-24 10:21:58
13825,13825,wallet,257.78,2025-05-20 13:41:03
13826,13826,card,358.60,2025-07-02 14:20:11
13827,13827,wallet,924.27,2025-08-04 16:13:34
13828,13828,card,515.51,2025-03-07 12:58:40
13829,13829,card,393.38,2025-03-27 06:59:32
13830,13830,cash,7.75,2025-09-15 16:54:34
13831,13831,card,431.96,2025-07-21 17:41:33
13832,13832,cash,567.00,2025-02-06 03:38:41
13833,13833,card,1216.21,2025-03-28 04:56:05
13834,13834,gift_card,332.38,2025-01-23 12:22:23
13835,13835,wallet,162.86,2025-07-08 04:20:39
13836,13836,cash,292.86,2025-04-04 08:00:26
13837,13837,gift_card,293.42,2025-03-20 22:59:27
13838,13838,wallet,637.96,2025-05-17 17:49:36
13839,13839,cash,1007.88,2025-12-22 01:17:36
13840,13840,card,905.10,2025-05-27 22:16:37
13841,13841,card,234.79,2025-12-08 16:36:06
13842,13842,card,439.42,2025-05-27 16:01:36
13843,13843,card,87.46,2025-06-27 16:19:50
13844,13844,card,229.51,2025-07-14 12:59:20
13845,13845,wallet,601.52,2025-08-06 17:54:15
13846,13846,card,248.71,2025-02-08 17:29:08
13847,13847,\N,1434.62,2025-04-05 12:39:23
13848,13848,gift_card,670.97,2025-08-06 12:28:09
13849,13849,wallet,35.88,2025-09-24 11:12:51
13850,13850,card,21.15,2025-08-26 03:10:28
13851,13851,card,221.29,2025-05-20 18:46:43
13852,13852,gift_card,455.03,2025-04-10 00:13:47
13853,13853,cash,838.47,2025-03-25 02:09:25
13854,13854,card,1294.24,2025-06-09 04:48:55
13855,13855,gift_card,102.94,2025-03-16 13:12:46
13856,13856,wallet,1040.53,2025-12-24 10:27:56
13857,13857,card,928.51,2025-12-02 11:10:56
13858,13858,gift_card,1330.51,2025-08-20 09:21:23
13859,13859,\N,1039.05,2025-04-05 01:03:55
13860,13860,card,310.63,2025-01-05 20:25:11
13861,13861,gift_card,309.32,2025-05-03 04:10:28
13862,13862,gift_card,218.62,2025-10-10 07:13:55
13863,13863,card,1026.55,2025-06-12 02:32:45
13864,13864,wallet,482.60,2025-02-18 10:34:37
13865,13865,card,1048.24,2025-05-10 17:50:10
13866,13866,card,356.81,2025-12-18 22:43:55
13867,13867,\N,1236.89,2025-10-01 20:13:04
13868,13868,card,110.15,2025-03-27 06:21:09
13869,13869,cash,639.06,2025-09-16 07:33:24
13870,13870,\N,1577.54,2025-04-04 01:17:37
13871,13871,\N,110.09,2025-12-12 14:59:05
13872,13872,gift_card,66.65,2025-10-16 03:04:01
13873,13873,\N,297.25,2025-01-05 11:11:19
13874,13874,card,596.61,2025-02-14 20:51:21
13875,13875,card,212.17,2025-11-24 10:00:42
13876,13876,\N,648.98,2025-10-01 00:17:12
13877,13877,\N,72.53,2025-02-11 20:13:59
13878,13878,card,349.31,2025-03-10 21:49:04
13879,13879,wallet,939.80,2025-03-03 13:32:42
13880,13880,card,655.79,2025-08-14 15:10:47
13881,13881,card,225.68,2025-04-08 15:41:19
13882,13882,\N,733.56,2025-04-07 13:24:42
13883,13883,cash,356.87,2025-07-19 02:44:59
13884,13884,\N,146.92,2025-05-21 08:18:13
13885,13885,\N,330.22,2025-02-06 20:37:02
13886,13886,\N,69.70,2025-03-08 04:12:59
13887,13887,gift_card,568.63,2025-01-23 07:50:38
13888,13888,cash,612.13,2025-12-01 20:20:12
13889,13889,\N,433.49,2025-05-02 12:25:19
13890,13890,wallet,1228.92,2025-03-22 21:08:19
13891,13891,card,416.10,2025-10-16 01:44:39
13892,13892,\N,225.43,2025-02-05 17:07:47
13893,13893,card,169.24,2025-10-11 04:48:51
13894,13894,cash,134.32,2025-05-23 06:25:23
13895,13895,gift_card,594.52,2025-08-29 17:25:29
13896,13896,cash,416.37,2025-11-11 15:22:53
13897,13897,card,457.21,2025-11-09 04:43:12
13898,13898,card,313.70,2025-12-04 23:33:44
13899,13899,wallet,659.02,2025-12-30 09:43:29
13900,13900,wallet,252.70,2025-08-31 00:16:00
13901,13901,\N,945.92,2025-04-28 06:09:15
13902,13902,card,1781.73,2025-08-22 19:10:47
13903,13903,card,882.88,2025-06-09 22:56:04
13904,13904,cash,345.73,2025-10-28 08:48:36
13905,13905,card,1297.90,2025-11-20 19:39:39
13906,13906,gift_card,651.59,2025-04-19 01:43:20
13907,13907,card,216.99,2025-09-14 13:36:42
13908,13908,\N,987.16,2025-12-27 03:09:15
13909,13909,card,700.97,2025-10-15 09:33:29
13910,13910,card,289.84,2025-03-19 20:15:24
13911,13911,card,752.18,2025-07-23 07:03:34
13912,13912,card,740.99,2025-03-20 20:57:11
13913,13913,card,328.32,2025-04-24 00:20:31
13914,13914,card,480.71,2025-04-28 07:38:06
13915,13915,card,217.60,2025-05-16 21:15:13
13916,13916,gift_card,223.24,2025-06-21 04:26:04
13917,13917,cash,87.03,2025-05-07 22:09:02
13918,13918,card,798.46,2025-08-20 11:17:41
13919,13919,\N,98.31,2025-11-20 07:06:04
13920,13920,card,881.57,2025-06-23 02:17:55
13921,13921,wallet,431.96,2025-12-09 14:34:59
13922,13922,\N,167.90,2025-11-15 18:13:03
13923,13923,card,289.05,2025-07-02 15:29:00
13924,13924,wallet,827.53,2025-12-30 23:10:02
13925,13925,gift_card,249.52,2025-02-23 11:48:57
13926,13926,cash,157.34,2025-11-16 18:29:51
13927,13927,cash,946.92,2025-08-25 23:24:36
13928,13928,\N,352.67,2025-07-28 03:47:48
13929,13929,card,994.43,2025-09-01 05:57:46
13930,13930,cash,508.91,2025-05-15 10:41:01
13931,13931,\N,381.31,2025-02-24 11:48:45
13932,13932,\N,276.94,2025-10-03 04:26:49
13933,13933,card,971.89,2025-10-09 04:37:08
13934,13934,gift_card,912.50,2025-02-26 12:25:44
13935,13935,\N,897.43,2025-09-22 23:44:31
13936,13936,card,389.56,2025-08-09 11:33:16
13937,13937,card,206.53,2025-07-30 05:31:21
13938,13938,card,484.80,2025-05-04 23:00:27
13939,13939,wallet,268.70,2025-09-09 04:38:26
13940,13940,\N,965.01,2025-12-19 22:43:15
13941,13941,\N,1117.49,2025-03-07 06:23:43
13942,13942,gift_card,616.30,2025-10-25 19:36:47
13943,13943,gift_card,175.43,2025-01-08 15:07:03
13944,13944,wallet,938.39,2025-08-06 09:33:25
13945,13945,\N,637.31,2025-01-23 01:55:10
13946,13946,card,54.66,2025-06-22 05:18:30
13947,13947,card,268.70,2025-09-17 22:19:42
13948,13948,\N,276.38,2025-03-29 03:40:58
13949,13949,\N,1405.71,2025-10-16 23:16:42
13950,13950,cash,700.81,2025-05-09 04:42:49
13951,13951,cash,1630.86,2025-02-12 06:50:03
13952,13952,gift_card,559.87,2025-12-04 05:53:23
13953,13953,wallet,497.03,2025-03-21 04:39:48
13954,13954,wallet,1115.92,2025-07-05 06:03:10
13955,13955,card,162.93,2025-10-31 03:23:47
13956,13956,card,763.25,2025-12-23 11:28:41
13957,13957,gift_card,254.58,2025-11-24 00:05:43
13958,13958,\N,640.02,2025-12-19 12:14:38
13959,13959,card,136.30,2025-10-27 17:51:09
13960,13960,cash,60.65,2025-06-21 04:53:26
13961,13961,cash,576.51,2025-04-03 09:32:15
13962,13962,\N,626.27,2025-12-17 09:48:57
13963,13963,wallet,453.69,2025-05-01 15:46:25
13964,13964,card,1463.13,2025-02-05 19:12:48
13965,13965,cash,139.51,2025-08-02 21:16:02
13966,13966,\N,209.90,2025-03-30 22:07:28
13967,13967,wallet,47.51,2025-01-17 09:58:09
13968,13968,wallet,284.46,2025-09-28 12:49:46
13969,13969,wallet,25.71,2025-06-25 07:40:26
13970,13970,card,946.18,2025-04-30 08:51:27
13971,13971,card,961.53,2025-08-03 09:50:50
13972,13972,card,624.64,2025-11-22 20:24:19
13973,13973,\N,794.18,2025-11-15 01:27:49
13974,13974,card,70.51,2025-10-14 14:54:08
13975,13975,card,246.22,2025-01-24 03:22:24
13976,13976,\N,292.05,2025-03-20 16:35:21
13977,13977,gift_card,775.73,2025-05-16 23:39:53
13978,13978,card,645.59,2025-07-31 13:12:09
13979,13979,card,1258.73,2025-07-23 22:41:34
13980,13980,wallet,551.56,2025-07-13 05:32:23
13981,13981,gift_card,256.20,2025-08-20 18:10:54
13982,13982,\N,73.02,2025-10-13 12:21:56
13983,13983,cash,136.30,2025-11-05 06:49:07
13984,13984,card,344.60,2025-03-20 10:40:31
13985,13985,wallet,162.57,2025-11-12 03:12:48
13986,13986,card,599.00,2025-07-06 17:25:27
13987,13987,cash,648.90,2025-03-20 15:24:22
13988,13988,wallet,848.14,2025-07-26 03:23:25
13989,13989,wallet,379.36,2025-11-19 18:21:41
13990,13990,card,107.50,2025-09-23 19:04:28
13991,13991,card,223.78,2025-10-12 15:17:07
13992,13992,card,909.30,2025-06-28 02:23:59
13993,13993,\N,4.59,2025-12-28 04:53:38
13994,13994,card,868.18,2025-04-28 08:47:27
13995,13995,cash,40.22,2025-07-19 12:20:21
13996,13996,card,1429.46,2025-01-06 21:46:48
13997,13997,\N,811.31,2025-07-21 04:54:11
13998,13998,card,307.97,2025-09-26 22:18:45
13999,13999,card,149.69,2025-09-30 05:18:26
14000,14000,card,317.19,2025-08-19 08:18:00
14001,14001,\N,435.12,2025-10-17 00:13:56
14002,14002,card,932.14,2025-04-24 12:50:44
14003,14003,cash,1016.12,2025-10-02 13:05:14
14004,14004,card,91.92,2025-01-16 08:36:23
14005,14005,\N,540.79,2025-06-29 08:51:00
14006,14006,wallet,270.70,2025-03-27 18:45:41
14007,14007,wallet,398.33,2025-06-14 09:33:56
14008,14008,card,179.98,2025-01-05 04:41:51
14009,14009,card,647.15,2025-10-24 19:47:03
14010,14010,card,385.57,2025-10-14 01:45:17
14011,14011,card,1258.97,2025-11-01 16:50:52
14012,14012,wallet,1115.45,2025-03-25 08:03:09
14013,14013,gift_card,1945.96,2025-12-27 00:11:02
14014,14014,wallet,1088.75,2025-03-05 02:57:46
14015,14015,wallet,229.81,2025-07-07 10:00:09
14016,14016,gift_card,1663.93,2025-08-10 23:30:18
14017,14017,card,632.20,2025-12-08 09:41:38
14018,14018,cash,909.45,2025-05-08 20:53:22
14019,14019,wallet,174.93,2025-04-25 09:04:04
14020,14020,cash,440.56,2025-10-13 00:55:47
14021,14021,cash,82.14,2025-05-05 21:20:26
14022,14022,wallet,432.19,2025-05-27 13:17:02
14023,14023,cash,129.92,2025-04-06 20:43:38
14024,14024,wallet,411.60,2025-02-26 04:19:41
14025,14025,card,322.83,2025-06-10 23:09:10
14026,14026,card,1610.56,2025-07-30 19:56:27
14027,14027,card,307.15,2025-04-23 15:35:46
14028,14028,card,497.72,2025-08-14 10:58:53
14029,14029,card,1222.24,2025-11-14 02:52:34
14030,14030,cash,925.88,2025-03-29 18:28:13
14031,14031,card,474.41,2025-04-30 22:24:03
14032,14032,card,354.62,2025-03-09 20:10:29
14033,14033,gift_card,182.15,2025-04-28 14:36:53
14034,14034,\N,319.83,2025-10-08 08:24:13
14035,14035,\N,335.55,2025-10-22 15:51:58
14036,14036,card,827.37,2025-01-22 11:37:18
14037,14037,cash,350.72,2025-07-29 23:22:17
14038,14038,cash,64.03,2025-08-14 19:38:36
14039,14039,card,380.64,2025-11-07 21:38:33
14040,14040,\N,139.36,2025-11-26 13:14:59
14041,14041,card,552.23,2025-06-17 16:52:50
14042,14042,gift_card,282.79,2025-12-03 03:56:14
14043,14043,wallet,177.38,2025-06-26 02:38:40
14044,14044,gift_card,1277.22,2025-06-15 21:43:43
14045,14045,gift_card,1386.79,2025-01-25 18:04:19
14046,14046,card,1254.76,2025-01-18 15:59:33
14047,14047,card,163.08,2025-06-24 06:48:09
14048,14048,card,336.38,2025-06-14 07:01:51
14049,14049,cash,729.58,2025-07-13 07:35:25
14050,14050,wallet,735.65,2025-03-28 08:17:43
14051,14051,\N,641.28,2025-06-28 15:55:01
14052,14052,\N,200.38,2025-08-31 07:34:09
14053,14053,cash,358.79,2025-04-17 08:42:38
14054,14054,card,593.55,2025-01-02 14:52:15
14055,14055,gift_card,997.23,2025-03-05 22:20:08
14056,14056,card,252.50,2025-04-20 17:06:41
14057,14057,card,202.21,2025-02-21 21:18:42
14058,14058,\N,549.39,2025-12-02 02:29:00
14059,14059,card,145.88,2025-04-24 01:20:37
14060,14060,cash,192.56,2025-02-07 03:23:05
14061,14061,gift_card,244.60,2025-05-04 22:49:16
14062,14062,cash,422.13,2025-07-24 18:37:39
14063,14063,cash,390.90,2025-10-24 18:52:26
14064,14064,card,108.78,2025-01-19 00:22:42
14065,14065,\N,1425.25,2025-03-05 15:48:01
14066,14066,gift_card,1035.66,2025-12-28 16:37:23
14067,14067,\N,265.25,2025-04-23 04:14:12
14068,14068,card,119.87,2025-02-26 23:39:29
14069,14069,wallet,139.56,2025-07-23 14:29:26
14070,14070,wallet,381.14,2025-01-03 20:17:10
14071,14071,gift_card,451.31,2025-01-07 19:15:10
14072,14072,gift_card,576.18,2025-02-26 13:51:14
14073,14073,wallet,509.49,2025-05-28 03:35:24
14074,14074,gift_card,762.97,2025-05-14 10:53:09
14075,14075,wallet,222.45,2025-01-18 00:04:01
14076,14076,wallet,225.10,2025-05-26 23:24:32
14077,14077,wallet,1041.97,2025-03-12 20:36:13
14078,14078,\N,1531.03,2025-07-11 08:37:51
14079,14079,cash,104.31,2025-04-02 12:16:52
14080,14080,card,1040.00,2025-12-12 18:05:18
14081,14081,card,887.44,2025-06-27 23:23:22
14082,14082,card,831.73,2025-06-27 09:07:35
14083,14083,gift_card,786.18,2025-07-21 00:21:42
14084,14084,\N,1137.72,2025-02-05 14:03:50
14085,14085,card,119.41,2025-09-11 19:38:45
14086,14086,wallet,68.28,2025-12-09 12:38:09
14087,14087,\N,430.47,2025-08-29 06:19:34
14088,14088,\N,1217.75,2025-05-21 07:44:39
14089,14089,card,1375.83,2025-02-21 18:16:05
14090,14090,card,1301.14,2025-12-18 17:21:46
14091,14091,card,179.90,2025-10-15 22:15:02
14092,14092,gift_card,691.37,2025-01-03 04:15:29
14093,14093,card,848.00,2025-07-06 19:09:45
14094,14094,card,1167.19,2025-04-19 21:45:48
14095,14095,card,92.96,2025-09-24 02:32:40
14096,14096,cash,401.09,2025-10-18 02:17:37
14097,14097,\N,660.11,2025-10-08 21:43:17
14098,14098,card,95.28,2025-10-31 21:06:08
14099,14099,card,455.98,2025-06-21 22:53:53
14100,14100,gift_card,1128.92,2025-06-26 07:26:32
14101,14101,wallet,106.20,2025-11-04 09:10:32
14102,14102,gift_card,342.60,2025-02-14 04:49:37
14103,14103,wallet,151.05,2025-10-17 06:57:37
14104,14104,gift_card,227.52,2025-12-27 04:27:43
14105,14105,\N,276.44,2025-09-07 01:53:54
14106,14106,card,937.56,2025-12-25 16:14:52
14107,14107,card,104.67,2025-09-21 11:19:24
14108,14108,card,319.56,2025-05-27 23:47:51
14109,14109,\N,584.97,2025-06-05 09:16:32
14110,14110,card,261.06,2025-04-24 03:43:25
14111,14111,\N,748.56,2025-09-02 18:39:13
14112,14112,wallet,771.29,2025-12-16 08:07:13
14113,14113,card,269.01,2025-12-15 20:31:26
14114,14114,card,561.41,2025-05-31 21:32:14
14115,14115,gift_card,279.60,2025-05-17 16:13:37
14116,14116,\N,591.20,2025-03-13 22:15:33
14117,14117,card,258.25,2025-07-29 12:35:15
14118,14118,gift_card,62.42,2025-03-27 19:38:04
14119,14119,card,489.03,2025-05-20 13:06:05
14120,14120,wallet,486.80,2025-09-24 17:57:57
14121,14121,wallet,400.18,2025-08-05 04:02:51
14122,14122,card,314.02,2025-04-11 23:32:58
14123,14123,gift_card,69.79,2025-12-20 17:55:23
14124,14124,\N,348.55,2025-03-22 21:57:14
14125,14125,cash,358.08,2025-06-01 15:44:11
14126,14126,cash,144.37,2025-06-30 21:34:36
14127,14127,card,991.10,2025-04-21 05:44:54
14128,14128,gift_card,766.66,2025-03-19 23:54:32
14129,14129,card,1280.56,2025-11-10 17:48:41
14130,14130,card,305.76,2025-05-14 10:13:35
14131,14131,card,548.11,2025-01-21 12:13:13
14132,14132,card,839.68,2025-01-19 23:21:37
14133,14133,gift_card,643.93,2025-06-07 00:04:51
14134,14134,gift_card,629.02,2025-07-15 21:07:43
14135,14135,card,284.92,2025-05-24 14:30:24
14136,14136,cash,104.73,2025-09-11 09:51:14
14137,14137,wallet,191.93,2025-08-01 16:21:58
14138,14138,wallet,696.22,2025-12-29 02:05:17
14139,14139,gift_card,640.08,2025-12-17 10:28:31
14140,14140,card,599.24,2025-10-21 02:58:16
14141,14141,card,521.95,2025-05-24 08:31:25
14142,14142,gift_card,474.96,2025-09-07 21:03:09
14143,14143,gift_card,202.76,2025-07-05 01:30:31
14144,14144,cash,1035.73,2025-11-28 05:55:54
14145,14145,card,522.39,2025-11-05 13:59:30
14146,14146,card,636.07,2025-07-06 10:30:52
14147,14147,\N,1068.59,2025-03-30 16:33:44
14148,14148,wallet,1116.92,2025-02-03 22:49:15
14149,14149,gift_card,559.79,2025-01-21 10:08:58
14150,14150,cash,635.44,2025-04-04 07:07:01
14151,14151,card,232.26,2025-12-05 17:40:24
14152,14152,card,33.76,2025-08-26 11:33:30
14153,14153,\N,796.22,2025-10-23 16:50:06
14154,14154,gift_card,230.11,2025-02-15 10:45:02
14155,14155,\N,489.11,2025-03-31 20:24:05
14156,14156,gift_card,916.04,2025-09-07 02:49:03
14157,14157,\N,251.31,2025-01-24 12:59:46
14158,14158,card,357.56,2025-07-29 08:54:22
14159,14159,cash,464.78,2025-04-19 17:32:01
14160,14160,card,290.18,2025-05-30 05:30:11
14161,14161,wallet,1297.11,2025-11-15 06:29:24
14162,14162,cash,251.23,2025-01-27 10:21:56
14163,14163,card,580.36,2025-02-28 21:48:00
14164,14164,cash,249.09,2025-06-09 14:45:51
14165,14165,card,927.78,2025-02-27 08:40:51
14166,14166,cash,335.47,2025-07-09 00:50:31
14167,14167,gift_card,802.83,2025-10-21 19:43:04
14168,14168,gift_card,498.86,2025-03-20 02:05:50
14169,14169,card,299.24,2025-06-03 10:39:12
14170,14170,wallet,148.01,2025-01-31 05:26:16
14171,14171,cash,265.87,2025-11-05 20:51:04
14172,14172,gift_card,811.59,2025-03-24 18:09:07
14173,14173,cash,579.01,2025-12-12 04:31:33
14174,14174,card,447.00,2025-07-02 03:05:56
14175,14175,\N,494.10,2025-05-21 07:34:59
14176,14176,cash,129.52,2025-02-22 01:39:29
14177,14177,wallet,395.07,2025-01-15 01:24:48
14178,14178,card,1206.40,2025-04-14 02:32:55
14179,14179,card,500.18,2025-04-02 17:44:18
14180,14180,wallet,196.53,2025-09-30 16:19:43
14181,14181,card,135.96,2025-07-15 18:52:59
14182,14182,gift_card,867.66,2025-03-12 22:57:47
14183,14183,card,311.21,2025-10-30 21:25:50
14184,14184,wallet,1050.81,2025-12-20 12:36:47
14185,14185,gift_card,800.04,2025-01-25 12:16:18
14186,14186,card,669.06,2025-08-13 05:08:07
14187,14187,wallet,297.87,2025-05-29 09:18:01
14188,14188,gift_card,770.75,2025-07-29 16:32:35
14189,14189,wallet,932.03,2025-01-13 23:14:42
14190,14190,wallet,261.13,2025-02-20 15:14:19
14191,14191,card,333.64,2025-12-03 21:52:08
14192,14192,card,331.74,2025-12-23 16:05:47
14193,14193,card,250.71,2025-05-19 21:01:17
14194,14194,\N,732.70,2025-05-04 20:55:33
14195,14195,gift_card,546.40,2025-01-07 09:12:18
14196,14196,wallet,225.18,2025-06-15 10:43:50
14197,14197,card,442.58,2025-05-26 08:22:37
14198,14198,card,33.76,2025-11-23 18:43:47
14199,14199,cash,817.80,2025-01-04 04:46:52
14200,14200,\N,295.00,2025-04-10 06:24:46
14201,14201,\N,767.23,2025-01-23 12:13:59
14202,14202,gift_card,854.97,2025-04-20 17:45:15
14203,14203,wallet,346.75,2025-02-15 00:35:54
14204,14204,card,199.96,2025-12-18 02:04:41
14205,14205,cash,316.65,2025-12-10 00:21:59
14206,14206,card,1028.00,2025-06-21 15:51:31
14207,14207,card,362.50,2025-05-31 23:59:33
14208,14208,wallet,69.79,2025-06-27 13:01:51
14209,14209,\N,444.96,2025-11-23 23:19:51
14210,14210,card,392.17,2025-11-22 20:56:02
14211,14211,card,327.86,2025-04-07 05:15:43
14212,14212,cash,432.64,2025-02-04 19:08:46
14213,14213,card,56.14,2025-04-11 22:35:09
14214,14214,card,254.68,2025-10-09 13:02:48
14215,14215,card,965.57,2025-06-22 16:28:03
14216,14216,\N,728.67,2025-06-21 15:08:11
14217,14217,gift_card,417.95,2025-09-24 01:14:20
14218,14218,wallet,2634.95,2025-08-16 05:29:50
14219,14219,cash,243.00,2025-10-30 03:00:08
14220,14220,cash,884.49,2025-03-11 01:32:12
14221,14221,cash,468.52,2025-12-29 06:30:11
14222,14222,card,793.09,2025-10-29 09:39:00
14223,14223,card,1828.99,2025-09-12 23:36:37
14224,14224,\N,860.17,2025-04-14 21:40:12
14225,14225,cash,726.60,2025-07-26 15:23:18
14226,14226,card,290.24,2025-05-05 19:37:00
14227,14227,card,322.33,2025-04-17 19:17:49
14228,14228,\N,704.75,2025-09-17 16:12:20
14229,14229,card,830.66,2025-08-23 07:37:38
14230,14230,card,41.19,2025-07-28 17:52:53
14231,14231,cash,472.98,2025-04-30 17:18:14
14232,14232,card,657.14,2025-11-29 23:49:55
14233,14233,gift_card,253.41,2025-12-12 22:58:54
14234,14234,cash,1237.65,2025-03-08 16:08:36
14235,14235,cash,770.69,2025-01-16 00:56:59
14236,14236,card,768.43,2025-01-23 19:15:29
14237,14237,card,853.23,2025-02-14 01:38:08
14238,14238,\N,365.65,2025-05-04 14:06:51
14239,14239,wallet,1681.53,2025-08-11 05:29:44
14240,14240,cash,124.96,2025-11-15 15:58:46
14241,14241,card,395.26,2025-06-14 09:36:28
14242,14242,wallet,360.11,2025-10-10 08:38:05
14243,14243,card,179.50,2025-04-03 14:45:10
14244,14244,card,313.18,2025-05-01 23:39:39
14245,14245,cash,943.83,2025-07-19 05:23:08
14246,14246,wallet,563.66,2025-06-01 13:54:04
14247,14247,\N,145.79,2025-05-15 08:53:06
14248,14248,cash,688.98,2025-06-24 02:58:35
14249,14249,card,293.10,2025-12-22 03:28:23
14250,14250,card,437.13,2025-06-22 10:43:21
14251,14251,card,123.78,2025-12-13 09:54:21
14252,14252,card,161.46,2025-01-18 05:41:24
14253,14253,wallet,112.64,2025-10-17 20:33:02
14254,14254,cash,1009.40,2025-08-19 10:59:23
14255,14255,card,1844.77,2025-12-20 15:26:53
14256,14256,gift_card,108.74,2025-10-12 01:32:21
14257,14257,wallet,611.88,2025-06-25 08:00:19
14258,14258,card,1133.96,2025-03-08 22:05:22
14259,14259,\N,366.39,2025-07-07 16:59:32
14260,14260,card,840.75,2025-12-26 08:16:27
14261,14261,card,321.34,2025-05-08 08:45:25
14262,14262,wallet,926.69,2025-03-17 08:06:09
14263,14263,\N,2003.67,2025-03-01 14:33:12
14264,14264,\N,1812.97,2025-10-17 11:42:40
14265,14265,card,937.93,2025-09-24 08:22:57
14266,14266,gift_card,930.49,2025-09-12 03:44:29
14267,14267,cash,91.95,2025-02-20 22:59:20
14268,14268,wallet,620.94,2025-01-14 02:06:07
14269,14269,card,734.61,2025-02-05 05:17:05
14270,14270,cash,654.14,2025-08-01 04:15:18
14271,14271,wallet,324.77,2025-03-25 13:32:38
14272,14272,\N,245.46,2025-07-27 09:25:30
14273,14273,cash,191.06,2025-10-24 04:35:49
14274,14274,cash,1109.83,2025-07-05 10:57:05
14275,14275,card,144.90,2025-05-17 23:19:20
14276,14276,cash,211.75,2025-09-27 09:05:37
14277,14277,wallet,51.88,2025-05-06 07:52:13
14278,14278,card,480.45,2025-05-28 19:36:50
14279,14279,wallet,1365.52,2025-12-10 07:11:50
14280,14280,cash,1200.74,2025-07-31 01:14:13
14281,14281,\N,456.20,2025-06-25 12:19:47
14282,14282,\N,624.20,2025-07-16 05:17:32
14283,14283,card,284.72,2025-08-09 22:08:02
14284,14284,\N,276.38,2025-10-19 03:50:39
14285,14285,gift_card,619.75,2025-11-15 15:18:48
14286,14286,wallet,90.51,2025-10-23 22:07:43
14287,14287,cash,166.53,2025-01-08 14:36:51
14288,14288,cash,820.35,2025-10-11 01:32:03
14289,14289,wallet,976.84,2025-12-14 07:49:52
14290,14290,card,614.41,2025-02-01 06:54:16
14291,14291,\N,304.60,2025-05-24 08:34:51
14292,14292,card,517.81,2025-12-10 15:33:08
14293,14293,card,667.90,2025-04-27 23:55:09
14294,14294,card,212.52,2025-10-05 20:54:13
14295,14295,cash,457.79,2025-08-18 18:27:08
14296,14296,wallet,271.76,2025-12-15 06:34:14
14297,14297,card,136.23,2025-03-24 14:04:50
14298,14298,card,109.96,2025-08-01 07:31:15
14299,14299,card,310.14,2025-03-15 22:28:59
14300,14300,card,1277.30,2025-06-04 15:14:17
14301,14301,cash,122.21,2025-08-30 19:28:21
14302,14302,card,123.15,2025-03-30 22:26:18
14303,14303,\N,367.83,2025-03-31 20:52:38
14304,14304,card,938.42,2025-01-22 12:04:19
14305,14305,\N,476.66,2025-06-28 06:01:19
14306,14306,gift_card,442.32,2025-10-07 16:11:12
14307,14307,card,1099.54,2025-05-04 03:43:38
14308,14308,card,412.06,2025-10-21 02:17:08
14309,14309,\N,17.76,2025-02-07 23:23:36
14310,14310,card,736.86,2025-06-12 23:00:03
14311,14311,card,7.40,2025-01-23 00:27:44
14312,14312,gift_card,1228.79,2025-09-01 07:22:29
14313,14313,gift_card,1063.57,2025-12-22 12:53:40
14314,14314,card,325.51,2025-01-02 19:32:45
14315,14315,gift_card,723.60,2025-09-29 13:10:32
14316,14316,cash,281.31,2025-09-02 03:20:01
14317,14317,card,130.01,2025-05-24 00:01:46
14318,14318,wallet,226.68,2025-08-01 09:20:07
14319,14319,card,1179.98,2025-09-09 06:25:50
14320,14320,\N,566.34,2025-08-29 13:49:47
14321,14321,card,544.58,2025-10-27 10:47:33
14322,14322,card,645.05,2025-12-19 10:21:13
14323,14323,wallet,751.55,2025-12-04 20:42:01
14324,14324,card,250.59,2025-07-03 15:50:16
14325,14325,gift_card,833.16,2025-02-11 04:33:20
14326,14326,card,528.47,2025-08-02 16:14:34
14327,14327,cash,1140.84,2025-05-07 23:55:39
14328,14328,card,335.60,2025-05-11 06:11:40
14329,14329,card,105.49,2025-08-15 05:28:13
14330,14330,card,95.54,2025-05-12 22:34:20
14331,14331,card,711.96,2025-02-06 20:30:06
14332,14332,card,236.84,2025-07-06 09:22:11
14333,14333,\N,540.71,2025-04-09 16:49:47
14334,14334,gift_card,423.28,2025-11-13 06:58:14
14335,14335,\N,259.87,2025-04-12 19:50:45
14336,14336,gift_card,864.35,2025-02-21 02:08:49
14337,14337,card,52.96,2025-06-06 12:27:00
14338,14338,wallet,819.67,2025-08-14 19:38:06
14339,14339,card,71.97,2025-07-20 09:23:56
14340,14340,card,537.07,2025-05-05 23:27:33
14341,14341,\N,47.06,2025-11-01 01:36:35
14342,14342,cash,808.85,2025-01-13 00:39:52
14343,14343,card,904.58,2025-04-12 19:32:07
14344,14344,card,762.73,2025-07-10 06:08:33
14345,14345,card,198.65,2025-12-01 06:54:52
14346,14346,cash,24.80,2025-09-14 02:44:58
14347,14347,\N,856.20,2025-12-14 16:10:23
14348,14348,\N,932.80,2025-06-12 03:17:34
14349,14349,card,811.89,2025-07-30 23:07:30
14350,14350,wallet,117.84,2025-11-14 15:44:18
14351,14351,wallet,31.63,2025-09-01 01:57:04
14352,14352,\N,343.20,2025-03-08 06:17:25
14353,14353,gift_card,131.64,2025-08-28 11:44:06
14354,14354,gift_card,654.16,2025-10-05 12:20:47
14355,14355,card,1076.44,2025-11-01 05:03:04
14356,14356,cash,1127.45,2025-05-04 05:10:48
14357,14357,cash,592.44,2025-11-27 19:44:30
14358,14358,gift_card,308.91,2025-07-30 14:26:39
14359,14359,card,140.28,2025-08-19 16:17:25
14360,14360,card,1030.03,2025-03-27 07:07:17
14361,14361,card,705.73,2025-08-22 18:44:27
14362,14362,card,1121.62,2025-07-14 07:49:05
14363,14363,card,650.46,2025-10-19 18:40:19
14364,14364,cash,236.03,2025-11-19 23:48:44
14365,14365,wallet,311.40,2025-07-10 07:53:50
14366,14366,card,606.07,2025-11-16 10:53:45
14367,14367,cash,1021.29,2025-12-06 18:26:08
14368,14368,card,366.66,2025-03-02 11:03:15
14369,14369,cash,801.16,2025-11-07 21:46:03
14370,14370,wallet,1118.93,2025-03-08 07:13:19
14371,14371,card,68.62,2025-01-08 19:16:49
14372,14372,gift_card,321.66,2025-04-20 18:14:13
14373,14373,card,311.64,2025-11-13 13:45:16
14374,14374,\N,548.47,2025-11-16 19:54:46
14375,14375,card,127.52,2025-05-01 02:01:29
14376,14376,gift_card,1156.94,2025-12-15 23:26:38
14377,14377,card,505.94,2025-02-25 04:37:24
14378,14378,card,142.45,2025-03-30 01:49:49
14379,14379,card,563.84,2025-12-23 13:51:03
14380,14380,\N,710.32,2025-06-30 17:26:11
14381,14381,card,254.68,2025-10-11 06:59:09
14382,14382,\N,105.56,2025-09-09 01:27:19
14383,14383,gift_card,390.96,2025-04-10 02:14:53
14384,14384,card,865.89,2025-05-16 09:53:52
14385,14385,wallet,185.37,2025-12-29 03:24:37
14386,14386,gift_card,556.62,2025-09-25 19:36:48
14387,14387,card,220.39,2025-08-30 05:01:22
14388,14388,gift_card,1163.64,2025-06-30 06:48:40
14389,14389,wallet,553.72,2025-05-04 22:48:51
14390,14390,gift_card,477.70,2025-07-08 00:33:55
14391,14391,cash,187.15,2025-04-27 07:27:24
14392,14392,gift_card,139.17,2025-04-22 17:36:13
14393,14393,wallet,160.98,2025-11-08 02:21:52
14394,14394,gift_card,296.83,2025-11-22 16:47:39
14395,14395,card,635.80,2025-04-23 12:53:40
14396,14396,card,931.26,2025-02-03 02:19:29
14397,14397,card,505.26,2025-12-27 04:59:58
14398,14398,card,495.46,2025-04-28 23:55:11
14399,14399,card,196.56,2025-08-23 08:04:16
14400,14400,cash,501.06,2025-10-13 15:57:30
14401,14401,gift_card,449.58,2025-10-25 15:01:08
14402,14402,\N,457.82,2025-03-09 13:39:35
14403,14403,card,956.93,2025-05-30 15:27:29
14404,14404,wallet,213.58,2025-02-23 12:30:00
14405,14405,card,430.87,2025-09-20 18:47:59
14406,14406,cash,547.57,2025-09-30 19:38:18
14407,14407,\N,450.02,2025-08-21 06:56:21
14408,14408,gift_card,1140.21,2025-02-09 08:17:56
14409,14409,gift_card,1004.79,2025-06-03 18:59:55
14410,14410,gift_card,967.59,2025-05-08 12:13:41
14411,14411,card,214.62,2025-01-17 12:18:06
14412,14412,\N,56.38,2025-07-05 14:39:58
14413,14413,\N,738.25,2025-06-04 19:52:08
14414,14414,wallet,1745.14,2025-10-22 03:16:55
14415,14415,wallet,1617.06,2025-07-07 07:00:18
14416,14416,card,561.17,2025-03-14 14:17:00
14417,14417,card,282.71,2025-11-12 15:21:15
14418,14418,cash,376.37,2025-06-05 22:41:14
14419,14419,wallet,711.37,2025-11-06 19:38:31
14420,14420,gift_card,305.21,2025-11-05 05:58:39
14421,14421,card,78.74,2025-09-05 22:15:40
14422,14422,cash,367.72,2025-12-10 09:50:34
14423,14423,gift_card,28.81,2025-09-11 01:29:16
14424,14424,wallet,1216.42,2025-01-27 17:19:44
14425,14425,card,510.17,2025-07-02 00:14:33
14426,14426,card,1005.99,2025-01-06 15:55:50
14427,14427,wallet,578.97,2025-02-22 04:44:03
14428,14428,card,991.85,2025-08-08 00:50:44
14429,14429,card,665.74,2025-12-15 01:32:40
14430,14430,card,304.27,2025-04-29 03:02:07
14431,14431,gift_card,1016.57,2025-09-07 16:12:41
14432,14432,gift_card,580.69,2025-07-31 01:21:50
14433,14433,cash,390.96,2025-08-20 07:10:13
14434,14434,\N,33.83,2025-06-01 22:34:41
14435,14435,cash,419.28,2025-10-28 19:41:17
14436,14436,card,567.17,2025-03-06 10:12:50
14437,14437,card,272.66,2025-06-15 08:35:32
14438,14438,card,791.68,2025-05-17 15:12:48
14439,14439,cash,277.79,2025-01-02 16:42:53
14440,14440,wallet,397.56,2025-03-11 13:06:07
14441,14441,\N,342.40,2025-05-28 21:38:02
14442,14442,\N,254.09,2025-11-23 06:06:33
14443,14443,gift_card,328.81,2025-09-19 08:20:44
14444,14444,card,167.36,2025-01-31 02:13:34
14445,14445,cash,1800.01,2025-08-29 06:48:31
14446,14446,wallet,414.70,2025-02-18 09:20:51
14447,14447,cash,122.82,2025-01-17 02:44:06
14448,14448,card,479.29,2025-03-10 15:47:05
14449,14449,card,102.97,2025-12-14 00:36:15
14450,14450,cash,196.21,2025-11-23 04:51:47
14451,14451,cash,1008.38,2025-10-13 02:24:40
14452,14452,card,53.60,2025-04-16 01:22:34
14453,14453,card,128.37,2025-06-21 14:24:24
14454,14454,cash,381.81,2025-07-13 00:00:51
14455,14455,\N,775.82,2025-07-13 01:12:43
14456,14456,card,1288.16,2025-06-08 17:39:41
14457,14457,wallet,127.35,2025-12-13 22:00:25
14458,14458,wallet,1237.11,2025-09-26 00:28:25
14459,14459,card,687.02,2025-07-31 00:19:01
14460,14460,\N,271.73,2025-11-30 01:33:58
14461,14461,card,97.06,2025-05-23 16:08:24
14462,14462,card,316.44,2025-04-11 02:40:03
14463,14463,wallet,198.39,2025-12-13 12:55:03
14464,14464,\N,54.91,2025-06-25 02:42:09
14465,14465,card,70.26,2025-10-28 21:47:40
14466,14466,wallet,536.40,2025-06-29 21:27:27
14467,14467,\N,384.01,2025-03-05 15:38:47
14468,14468,cash,181.19,2025-11-26 23:21:43
14469,14469,card,258.96,2025-05-03 07:41:11
14470,14470,cash,255.88,2025-05-31 04:24:53
14471,14471,wallet,485.63,2025-05-04 17:05:16
14472,14472,card,183.10,2025-02-20 21:11:22
14473,14473,card,8.01,2025-05-15 14:02:44
14474,14474,card,319.78,2025-03-29 04:59:35
14475,14475,card,436.28,2025-12-05 15:23:17
14476,14476,card,314.87,2025-01-19 16:03:41
14477,14477,cash,591.52,2025-03-24 05:04:27
14478,14478,\N,262.96,2025-01-02 05:41:01
14479,14479,cash,930.06,2025-07-02 15:35:58
14480,14480,card,343.56,2025-07-21 08:55:28
14481,14481,wallet,935.99,2025-07-22 23:45:27
14482,14482,cash,176.91,2025-06-26 07:54:08
14483,14483,card,922.58,2025-01-05 18:46:42
14484,14484,wallet,1532.97,2025-10-27 13:48:08
14485,14485,\N,946.24,2025-05-20 16:53:19
14486,14486,card,301.26,2025-09-12 20:55:56
14487,14487,wallet,1164.07,2025-05-14 03:30:22
14488,14488,card,878.92,2025-12-23 01:02:37
14489,14489,\N,439.10,2025-07-11 11:14:11
14490,14490,card,673.55,2025-07-28 02:33:43
14491,14491,card,1505.06,2025-07-12 23:41:08
14492,14492,wallet,1076.47,2025-05-13 08:57:10
14493,14493,gift_card,512.06,2025-11-17 06:57:46
14494,14494,cash,41.10,2025-11-27 05:03:36
14495,14495,card,114.44,2025-02-12 20:16:10
14496,14496,card,680.96,2025-12-26 18:08:19
14497,14497,card,711.75,2025-05-25 17:48:46
14498,14498,gift_card,193.89,2025-07-29 15:30:10
14499,14499,card,421.02,2025-12-03 02:21:57
14500,14500,\N,119.66,2025-02-06 03:06:23
14501,14501,\N,463.10,2025-09-28 21:47:26
14502,14502,card,674.18,2025-09-03 07:02:41
14503,14503,card,560.57,2025-05-03 05:04:46
14504,14504,cash,953.00,2025-11-25 19:11:05
14505,14505,cash,135.61,2025-10-14 17:05:21
14506,14506,\N,284.55,2025-05-19 02:27:37
14507,14507,\N,213.05,2025-08-09 02:41:00
14508,14508,cash,511.54,2025-03-26 02:51:09
14509,14509,cash,280.59,2025-09-21 13:33:59
14510,14510,card,144.09,2025-03-17 23:38:18
14511,14511,card,111.39,2025-12-25 13:39:03
14512,14512,card,611.24,2025-05-14 11:26:21
14513,14513,card,261.11,2025-02-04 20:14:20
14514,14514,card,586.47,2025-09-23 08:45:58
14515,14515,gift_card,502.72,2025-05-31 02:53:24
14516,14516,wallet,165.31,2025-02-20 14:20:31
14517,14517,card,235.21,2025-10-11 11:37:53
14518,14518,cash,384.48,2025-05-26 12:50:07
14519,14519,card,1165.88,2025-08-28 16:31:27
14520,14520,\N,310.39,2025-12-18 18:55:59
14521,14521,card,1327.08,2025-04-26 18:44:55
14522,14522,cash,1147.87,2025-07-08 23:33:05
14523,14523,card,284.13,2025-03-23 00:23:14
14524,14524,\N,806.92,2025-12-17 15:07:48
14525,14525,cash,873.45,2025-07-13 18:23:49
14526,14526,\N,495.01,2025-10-21 17:01:24
14527,14527,gift_card,498.31,2025-05-07 12:39:08
14528,14528,card,332.02,2025-08-28 15:22:04
14529,14529,wallet,300.30,2025-04-20 05:25:56
14530,14530,card,40.18,2025-07-02 01:57:58
14531,14531,card,381.34,2025-08-09 13:23:16
14532,14532,\N,1148.18,2025-11-16 02:35:22
14533,14533,gift_card,167.21,2025-09-17 17:44:11
14534,14534,cash,184.62,2025-06-14 10:42:34
14535,14535,\N,1139.81,2025-11-19 00:15:43
14536,14536,card,1056.51,2025-09-30 10:04:42
14537,14537,card,1103.05,2025-07-29 21:05:35
14538,14538,card,629.08,2025-11-23 09:10:22
14539,14539,cash,124.01,2025-03-14 20:28:04
14540,14540,card,215.63,2025-01-26 10:25:41
14541,14541,gift_card,791.74,2025-12-10 05:03:30
14542,14542,cash,1437.38,2025-09-26 19:38:30
14543,14543,card,370.79,2025-12-03 13:56:47
14544,14544,card,142.13,2025-08-10 04:17:09
14545,14545,card,865.73,2025-09-01 18:57:17
14546,14546,wallet,1347.27,2025-12-05 18:18:48
14547,14547,card,448.15,2025-09-07 22:59:08
14548,14548,card,190.57,2025-03-23 16:46:11
14549,14549,card,64.03,2025-09-24 15:25:32
14550,14550,gift_card,603.15,2025-08-12 13:25:00
14551,14551,card,1856.85,2025-08-01 22:03:38
14552,14552,gift_card,557.07,2025-01-29 06:47:30
14553,14553,wallet,255.13,2025-03-28 19:07:50
14554,14554,wallet,660.50,2025-10-08 21:07:54
14555,14555,cash,60.58,2025-06-07 22:34:37
14556,14556,gift_card,588.38,2025-03-24 01:48:15
14557,14557,\N,396.57,2025-08-22 15:15:53
14558,14558,cash,1725.52,2025-07-23 02:32:20
14559,14559,cash,257.52,2025-04-14 13:50:06
14560,14560,cash,732.99,2025-01-10 23:07:54
14561,14561,\N,751.74,2025-05-04 11:35:36
14562,14562,card,349.21,2025-01-07 23:41:08
14563,14563,card,236.03,2025-05-10 13:03:24
14564,14564,cash,320.87,2025-08-05 00:54:45
14565,14565,card,852.68,2025-02-02 13:30:34
14566,14566,cash,1104.53,2025-05-05 12:43:34
14567,14567,card,513.37,2025-06-02 06:18:00
14568,14568,cash,1090.29,2025-07-08 05:27:40
14569,14569,gift_card,973.08,2025-10-25 23:51:54
14570,14570,wallet,1020.47,2025-02-25 22:28:59
14571,14571,card,593.02,2025-06-21 18:38:01
14572,14572,wallet,190.02,2025-02-13 12:22:59
14573,14573,card,328.45,2025-05-01 15:04:53
14574,14574,card,781.52,2025-05-27 08:24:41
14575,14575,wallet,314.02,2025-05-13 23:34:30
14576,14576,cash,927.53,2025-02-24 00:30:51
14577,14577,\N,879.14,2025-03-02 19:44:21
14578,14578,card,550.20,2025-08-07 22:18:43
14579,14579,card,12.99,2025-02-12 19:29:29
14580,14580,\N,1200.53,2025-01-13 04:14:56
14581,14581,wallet,1226.60,2025-02-18 06:39:52
14582,14582,wallet,396.24,2025-08-05 02:15:38
14583,14583,card,1644.35,2025-09-21 22:43:44
14584,14584,cash,1056.14,2025-02-11 03:58:12
14585,14585,cash,162.05,2025-10-02 17:06:44
14586,14586,card,338.66,2025-02-28 09:33:02
14587,14587,card,280.53,2025-03-18 10:54:06
14588,14588,\N,263.99,2025-12-20 05:11:41
14589,14589,card,266.66,2025-12-08 07:11:49
14590,14590,wallet,285.77,2025-03-17 06:34:19
14591,14591,wallet,125.46,2025-06-09 17:38:09
14592,14592,card,164.55,2025-09-17 16:09:53
14593,14593,card,642.25,2025-10-18 15:53:13
14594,14594,cash,756.34,2025-10-03 23:50:14
14595,14595,card,731.06,2025-09-21 11:02:45
14596,14596,card,244.86,2025-01-23 13:59:19
14597,14597,cash,294.89,2025-09-29 16:05:45
14598,14598,card,702.58,2025-12-10 08:52:10
14599,14599,card,702.89,2025-05-03 00:27:41
14600,14600,card,1319.63,2025-09-08 01:06:16
14601,14601,cash,1182.04,2025-02-11 14:30:30
14602,14602,card,145.64,2025-02-06 03:23:34
14603,14603,wallet,606.12,2025-12-12 15:58:53
14604,14604,cash,209.78,2025-07-01 14:59:21
14605,14605,card,263.08,2025-05-20 19:36:34
14606,14606,card,157.46,2025-04-22 10:06:44
14607,14607,cash,131.91,2025-05-28 13:07:00
14608,14608,card,878.35,2025-02-18 00:43:27
14609,14609,wallet,658.77,2025-01-19 22:56:41
14610,14610,card,297.76,2025-09-23 05:30:42
14611,14611,card,631.67,2025-06-11 01:17:40
14612,14612,wallet,1549.15,2025-04-19 02:02:07
14613,14613,\N,115.83,2025-09-16 09:24:15
14614,14614,card,305.91,2025-06-18 16:11:07
14615,14615,gift_card,608.92,2025-03-31 08:33:31
14616,14616,gift_card,503.03,2025-09-26 22:47:38
14617,14617,gift_card,41.13,2025-09-05 23:43:15
14618,14618,card,260.04,2025-07-06 03:16:44
14619,14619,card,96.41,2025-02-19 19:49:03
14620,14620,card,250.36,2025-01-03 15:09:53
14621,14621,gift_card,744.36,2025-04-25 19:42:00
14622,14622,gift_card,223.23,2025-10-24 22:19:10
14623,14623,wallet,296.19,2025-09-09 21:37:01
14624,14624,cash,408.51,2025-08-30 19:32:49
14625,14625,card,446.74,2025-05-31 16:57:59
14626,14626,card,66.65,2025-09-09 00:54:26
14627,14627,wallet,38.93,2025-11-19 10:47:54
14628,14628,gift_card,318.97,2025-12-14 06:20:42
14629,14629,gift_card,442.18,2025-10-12 14:50:15
14630,14630,card,137.04,2025-03-02 08:28:43
14631,14631,gift_card,173.37,2025-12-12 18:43:07
14632,14632,card,673.25,2025-04-13 19:23:09
14633,14633,cash,460.11,2025-12-29 05:11:11
14634,14634,card,1497.86,2025-05-28 05:16:55
14635,14635,cash,116.19,2025-01-14 16:09:12
14636,14636,gift_card,631.44,2025-10-23 01:40:19
14637,14637,card,865.92,2025-12-20 07:33:06
14638,14638,card,353.46,2025-07-26 01:10:02
14639,14639,card,397.47,2025-10-22 00:03:17
14640,14640,wallet,297.20,2025-08-05 16:39:15
14641,14641,wallet,195.52,2025-11-26 12:47:07
14642,14642,cash,272.66,2025-09-08 19:51:01
14643,14643,gift_card,121.01,2025-04-05 12:34:23
14644,14644,wallet,91.92,2025-07-16 22:42:00
14645,14645,\N,161.18,2025-03-13 00:59:54
14646,14646,gift_card,64.53,2025-04-30 00:58:45
14647,14647,gift_card,279.37,2025-12-26 20:04:21
14648,14648,gift_card,207.22,2025-07-04 01:51:54
14649,14649,card,140.78,2025-08-23 16:54:05
14650,14650,gift_card,231.96,2025-12-25 13:58:42
14651,14651,card,191.05,2025-03-25 08:17:04
14652,14652,\N,246.44,2025-02-08 16:58:32
14653,14653,card,310.50,2025-12-18 22:47:05
14654,14654,wallet,627.58,2025-04-21 01:25:16
14655,14655,card,234.49,2025-12-08 20:29:55
14656,14656,\N,693.68,2025-11-02 05:32:01
14657,14657,cash,541.25,2025-02-04 16:13:15
14658,14658,card,1328.40,2025-03-29 19:42:19
14659,14659,cash,293.13,2025-01-17 19:58:02
14660,14660,\N,476.06,2025-09-30 18:00:32
14661,14661,gift_card,1411.85,2025-02-14 11:36:33
14662,14662,wallet,440.72,2025-06-01 11:36:18
14663,14663,cash,760.71,2025-05-30 14:23:56
14664,14664,wallet,1150.86,2025-04-16 15:55:23
14665,14665,\N,280.41,2025-12-13 20:27:03
14666,14666,gift_card,714.71,2025-03-21 15:21:23
14667,14667,card,367.32,2025-09-22 09:47:42
14668,14668,wallet,1105.88,2025-03-25 00:08:50
14669,14669,gift_card,1115.17,2025-01-01 17:56:26
14670,14670,card,42.14,2025-05-03 08:50:12
14671,14671,card,399.96,2025-12-31 22:20:56
14672,14672,card,356.84,2025-02-26 20:59:21
14673,14673,cash,102.55,2025-04-09 10:42:07
14674,14674,card,192.51,2025-05-11 00:47:03
14675,14675,card,254.95,2025-06-22 13:30:21
14676,14676,wallet,78.08,2025-09-08 03:02:18
14677,14677,card,77.64,2025-07-10 17:34:16
14678,14678,\N,378.38,2025-03-15 21:13:58
14679,14679,card,730.68,2025-04-23 06:43:28
14680,14680,wallet,2095.19,2025-08-09 13:07:09
14681,14681,\N,418.26,2025-01-10 20:09:30
14682,14682,\N,595.77,2025-12-31 14:16:23
14683,14683,wallet,1572.39,2025-10-24 15:29:58
14684,14684,gift_card,1014.91,2025-07-01 13:35:36
14685,14685,wallet,1590.75,2025-02-08 06:42:59
14686,14686,cash,538.81,2025-03-15 08:07:37
14687,14687,gift_card,199.86,2025-03-18 08:42:59
14688,14688,cash,1208.98,2025-11-01 00:08:37
14689,14689,wallet,380.98,2025-10-04 21:20:44
14690,14690,card,817.91,2025-01-28 06:51:48
14691,14691,gift_card,730.56,2025-11-05 13:05:27
14692,14692,cash,202.73,2025-06-28 19:52:44
14693,14693,card,2120.61,2025-03-20 14:53:32
14694,14694,\N,444.01,2025-07-17 15:27:47
14695,14695,\N,458.46,2025-12-23 13:12:29
14696,14696,card,965.41,2025-10-24 04:30:15
14697,14697,\N,445.68,2025-07-15 21:05:29
14698,14698,card,266.08,2025-03-13 10:48:41
14699,14699,card,14.56,2025-04-29 23:07:53
14700,14700,card,140.79,2025-09-10 15:49:35
14701,14701,card,118.07,2025-04-21 07:04:27
14702,14702,card,97.25,2025-04-29 19:17:48
14703,14703,\N,1104.11,2025-11-27 20:11:09
14704,14704,card,588.72,2025-01-13 04:49:08
14705,14705,cash,93.93,2025-01-03 20:07:46
14706,14706,gift_card,179.83,2025-10-12 08:09:41
14707,14707,\N,233.81,2025-07-10 18:57:29
14708,14708,card,1848.96,2025-06-28 20:36:32
14709,14709,card,699.93,2025-04-12 20:52:34
14710,14710,card,1163.69,2025-08-16 02:17:29
14711,14711,\N,1048.27,2025-09-13 22:34:32
14712,14712,gift_card,39.18,2025-02-14 09:25:28
14713,14713,card,648.70,2025-07-16 14:20:11
14714,14714,gift_card,85.10,2025-04-07 15:56:35
14715,14715,cash,154.43,2025-01-22 10:53:15
14716,14716,cash,705.12,2025-07-26 13:56:26
14717,14717,card,569.92,2025-08-19 21:17:50
14718,14718,gift_card,709.40,2025-10-25 03:28:32
14719,14719,gift_card,869.68,2025-09-21 23:02:18
14720,14720,wallet,198.57,2025-03-21 05:26:54
14721,14721,card,247.79,2025-08-14 17:45:02
14722,14722,cash,595.40,2025-12-23 05:09:02
14723,14723,card,1570.41,2025-12-19 20:46:40
14724,14724,cash,612.42,2025-02-01 14:22:26
14725,14725,card,293.40,2025-04-05 03:27:41
14726,14726,card,723.09,2025-03-03 19:23:52
14727,14727,wallet,245.71,2025-11-01 08:37:46
14728,14728,gift_card,55.54,2025-01-27 11:18:05
14729,14729,card,1340.38,2025-06-04 13:13:06
14730,14730,card,301.27,2025-11-23 02:51:07
14731,14731,cash,420.73,2025-11-18 08:57:30
14732,14732,wallet,1733.09,2025-03-18 16:32:55
14733,14733,card,542.10,2025-04-12 03:38:52
14734,14734,cash,459.80,2025-12-09 00:57:58
14735,14735,cash,605.84,2025-08-09 04:47:11
14736,14736,cash,82.70,2025-09-28 00:17:06
14737,14737,\N,663.69,2025-11-22 20:17:20
14738,14738,card,2075.06,2025-12-08 07:14:28
14739,14739,gift_card,136.37,2025-07-22 10:09:10
14740,14740,card,158.10,2025-05-03 16:45:45
14741,14741,card,748.06,2025-02-04 01:14:22
14742,14742,\N,398.24,2025-04-26 05:57:14
14743,14743,card,100.46,2025-05-10 09:58:44
14744,14744,\N,458.03,2025-10-25 18:58:13
14745,14745,\N,547.20,2025-10-02 17:33:21
14746,14746,card,470.19,2025-10-18 13:06:08
14747,14747,wallet,495.57,2025-05-06 06:37:05
14748,14748,card,1176.40,2025-09-26 17:17:36
14749,14749,card,142.72,2025-02-20 05:12:54
14750,14750,card,207.52,2025-10-28 16:55:55
14751,14751,cash,124.34,2025-04-24 20:38:24
14752,14752,gift_card,814.28,2025-01-23 00:28:38
14753,14753,card,522.32,2025-01-06 15:05:10
14754,14754,card,242.25,2025-04-11 04:03:00
14755,14755,gift_card,632.03,2025-10-06 01:35:40
14756,14756,\N,478.64,2025-05-15 13:31:27
14757,14757,wallet,358.96,2025-04-23 22:00:45
14758,14758,wallet,379.24,2025-10-10 12:40:28
14759,14759,card,576.54,2025-04-15 05:30:03
14760,14760,gift_card,53.64,2025-02-10 06:20:12
14761,14761,cash,62.85,2025-05-05 19:03:23
14762,14762,wallet,286.49,2025-02-20 18:52:03
14763,14763,gift_card,302.04,2025-01-23 09:10:00
14764,14764,\N,167.86,2025-02-18 15:12:06
14765,14765,wallet,342.32,2025-02-02 11:50:00
14766,14766,\N,184.37,2025-01-04 06:31:13
14767,14767,\N,436.99,2025-04-21 00:29:10
14768,14768,wallet,472.68,2025-10-30 13:57:32
14769,14769,wallet,718.25,2025-12-07 02:16:05
14770,14770,gift_card,392.00,2025-03-26 06:09:15
14771,14771,card,21.78,2025-03-20 04:52:36
14772,14772,card,464.15,2025-12-06 12:25:14
14773,14773,gift_card,183.20,2025-05-14 17:07:28
14774,14774,wallet,22.21,2025-10-09 12:30:54
14775,14775,cash,1445.50,2025-05-22 07:01:51
14776,14776,gift_card,83.14,2025-12-30 18:50:48
14777,14777,card,870.10,2025-07-02 19:33:14
14778,14778,card,242.54,2025-12-01 17:51:12
14779,14779,card,488.08,2025-06-12 00:45:21
14780,14780,cash,416.39,2025-03-26 08:08:33
14781,14781,card,407.14,2025-11-27 05:41:39
14782,14782,cash,756.17,2025-10-07 06:13:31
14783,14783,cash,67.12,2025-11-26 07:52:19
14784,14784,\N,745.46,2025-02-17 12:48:48
14785,14785,\N,397.64,2025-07-30 14:54:44
14786,14786,wallet,563.42,2025-12-28 02:14:28
14787,14787,card,223.70,2025-05-01 07:20:17
14788,14788,card,211.12,2025-11-29 05:40:26
14789,14789,wallet,319.64,2025-11-27 15:00:18
14790,14790,\N,884.67,2025-03-12 10:36:19
14791,14791,card,180.08,2025-09-22 14:04:10
14792,14792,card,101.68,2025-12-19 03:55:30
14793,14793,wallet,657.82,2025-01-30 07:30:36
14794,14794,gift_card,1197.37,2025-08-06 04:43:42
14795,14795,wallet,422.16,2025-06-14 05:09:39
14796,14796,card,431.96,2025-07-29 10:35:07
14797,14797,gift_card,349.74,2025-08-14 06:45:40
14798,14798,cash,1376.83,2025-01-24 03:47:27
14799,14799,wallet,1003.47,2025-04-20 20:40:24
14800,14800,card,225.63,2025-10-12 14:54:13
14801,14801,wallet,902.88,2025-05-04 12:18:38
14802,14802,cash,365.51,2025-02-13 05:04:30
14803,14803,card,670.48,2025-11-09 20:13:47
14804,14804,card,400.15,2025-03-09 08:04:30
14805,14805,card,1298.37,2025-03-17 11:03:22
14806,14806,\N,1498.07,2025-12-01 10:53:05
14807,14807,card,105.42,2025-03-28 18:09:38
14808,14808,card,2032.84,2025-05-30 01:45:24
14809,14809,card,1087.48,2025-05-11 06:41:29
14810,14810,card,600.94,2025-10-07 09:00:51
14811,14811,card,246.66,2025-03-05 16:09:02
14812,14812,card,191.93,2025-09-01 14:08:27
14813,14813,card,274.88,2025-12-23 23:19:25
14814,14814,card,324.65,2025-03-08 23:13:35
14815,14815,gift_card,834.93,2025-11-27 02:26:10
14816,14816,card,1523.18,2025-10-10 01:02:50
14817,14817,cash,926.53,2025-08-31 01:09:05
14818,14818,gift_card,580.79,2025-09-24 03:48:52
14819,14819,gift_card,403.95,2025-11-15 14:15:17
14820,14820,card,167.12,2025-09-21 12:20:56
14821,14821,gift_card,400.99,2025-06-01 03:57:28
14822,14822,wallet,943.31,2025-12-31 05:59:55
14823,14823,card,1298.81,2025-12-11 23:36:13
14824,14824,card,904.29,2025-05-23 21:55:41
14825,14825,wallet,776.66,2025-10-14 06:52:31
14826,14826,card,252.33,2025-01-14 07:15:27
14827,14827,card,674.01,2025-02-10 08:57:10
14828,14828,gift_card,28.46,2025-03-22 00:18:49
14829,14829,gift_card,381.33,2025-10-28 05:50:12
14830,14830,card,1370.46,2025-11-14 22:36:20
14831,14831,card,392.17,2025-07-23 21:55:07
14832,14832,\N,147.15,2025-06-16 06:06:00
14833,14833,card,500.55,2025-01-15 00:44:31
14834,14834,\N,200.07,2025-04-19 14:59:59
14835,14835,card,288.00,2025-07-01 17:09:05
14836,14836,card,23.31,2025-01-07 03:35:27
14837,14837,card,586.33,2025-01-18 14:51:16
14838,14838,\N,168.81,2025-07-18 15:07:42
14839,14839,card,273.05,2025-07-09 10:15:10
14840,14840,card,1016.70,2025-11-12 02:15:20
14841,14841,gift_card,425.61,2025-04-27 19:15:08
14842,14842,gift_card,86.70,2025-12-05 08:29:01
14843,14843,card,429.82,2025-02-15 04:29:49
14844,14844,cash,903.05,2025-01-04 10:27:20
14845,14845,wallet,827.51,2025-01-20 00:36:01
14846,14846,wallet,396.04,2025-03-28 17:41:25
14847,14847,card,231.89,2025-08-21 15:55:22
14848,14848,card,807.48,2025-08-09 06:41:08
14849,14849,gift_card,1183.61,2025-05-08 06:45:33
14850,14850,wallet,529.07,2025-05-23 20:58:33
14851,14851,cash,322.90,2025-11-19 23:18:41
14852,14852,\N,794.65,2025-08-16 17:02:11
14853,14853,\N,249.29,2025-08-06 19:17:34
14854,14854,card,1687.21,2025-08-18 09:07:36
14855,14855,\N,337.88,2025-08-22 15:18:57
14856,14856,cash,984.54,2025-03-10 10:38:46
14857,14857,gift_card,759.32,2025-04-18 09:30:40
14858,14858,card,175.01,2025-07-08 15:57:09
14859,14859,gift_card,1236.54,2025-09-28 19:58:21
14860,14860,cash,192.23,2025-01-22 19:29:50
14861,14861,wallet,242.72,2025-03-18 22:04:05
14862,14862,card,1035.00,2025-12-24 07:28:19
14863,14863,card,307.97,2025-06-01 03:15:17
14864,14864,cash,496.04,2025-06-06 15:36:14
14865,14865,card,296.64,2025-01-30 17:56:06
14866,14866,card,181.28,2025-02-23 14:45:58
14867,14867,cash,1353.44,2025-05-07 17:02:24
14868,14868,wallet,1744.37,2025-09-12 01:51:52
14869,14869,wallet,294.89,2025-10-06 11:22:08
14870,14870,wallet,636.18,2025-08-27 01:35:31
14871,14871,wallet,266.70,2025-04-25 01:52:33
14872,14872,card,261.29,2025-03-01 06:13:39
14873,14873,card,118.77,2025-02-03 22:53:12
14874,14874,card,364.84,2025-05-27 21:37:53
14875,14875,card,514.10,2025-09-22 06:10:20
14876,14876,card,391.17,2025-11-13 05:46:12
14877,14877,wallet,614.68,2025-09-29 17:36:39
14878,14878,gift_card,826.48,2025-03-13 05:05:34
14879,14879,gift_card,316.16,2025-08-23 01:37:32
14880,14880,card,731.02,2025-08-17 13:30:42
14881,14881,wallet,1485.06,2025-04-30 08:26:44
14882,14882,card,124.18,2025-04-04 22:30:45
14883,14883,cash,41.74,2025-07-12 11:13:59
14884,14884,card,256.20,2025-02-21 08:05:00
14885,14885,wallet,781.37,2025-11-19 11:28:07
14886,14886,wallet,244.51,2025-08-04 21:59:19
14887,14887,card,1072.42,2025-10-06 16:10:10
14888,14888,gift_card,1238.31,2025-09-22 12:06:57
14889,14889,gift_card,1413.54,2025-02-06 21:22:17
14890,14890,card,784.70,2025-03-24 03:18:09
14891,14891,cash,436.13,2025-11-08 19:12:17
14892,14892,card,476.54,2025-03-22 06:39:23
14893,14893,gift_card,25.85,2025-05-18 22:25:14
14894,14894,card,307.23,2025-07-01 14:55:55
14895,14895,\N,335.54,2025-08-25 06:44:30
14896,14896,cash,1171.80,2025-08-10 07:36:48
14897,14897,wallet,803.85,2025-02-12 09:59:10
14898,14898,wallet,316.02,2025-10-23 14:47:16
14899,14899,\N,255.12,2025-05-18 06:23:51
14900,14900,card,471.34,2025-02-28 16:14:09
14901,14901,card,1098.83,2025-06-10 12:30:40
14902,14902,\N,545.08,2025-04-13 09:35:35
14903,14903,gift_card,371.28,2025-11-14 06:48:13
14904,14904,wallet,114.65,2025-03-25 13:06:15
14905,14905,card,1548.66,2025-11-29 23:04:50
14906,14906,card,1588.25,2025-12-21 23:36:59
14907,14907,card,1739.48,2025-06-28 03:29:46
14908,14908,card,845.23,2025-05-22 11:28:21
14909,14909,wallet,478.81,2025-12-23 17:30:44
14910,14910,card,330.22,2025-10-12 22:47:06
14911,14911,\N,123.60,2025-02-13 08:46:06
14912,14912,cash,1046.15,2025-10-22 15:19:54
14913,14913,card,218.92,2025-08-11 06:54:29
14914,14914,gift_card,260.15,2025-03-02 10:47:05
14915,14915,cash,134.23,2025-09-13 18:20:20
14916,14916,card,123.88,2025-05-26 12:27:34
14917,14917,card,1308.23,2025-05-03 03:08:13
14918,14918,\N,333.39,2025-08-27 07:56:20
14919,14919,card,870.35,2025-03-02 23:50:29
14920,14920,gift_card,234.14,2025-09-30 06:18:00
14921,14921,\N,124.86,2025-04-27 04:43:40
14922,14922,wallet,737.03,2025-11-17 07:34:13
14923,14923,card,1389.93,2025-08-03 12:05:18
14924,14924,gift_card,587.10,2025-10-05 12:21:46
14925,14925,wallet,663.88,2025-08-13 04:22:51
14926,14926,gift_card,499.39,2025-08-22 17:10:32
14927,14927,card,1935.89,2025-01-06 05:10:49
14928,14928,wallet,365.37,2025-07-13 22:21:52
14929,14929,wallet,90.29,2025-08-13 12:23:01
14930,14930,\N,179.86,2025-09-29 21:45:57
14931,14931,card,558.37,2025-12-10 00:34:32
14932,14932,card,232.34,2025-02-11 11:36:17
14933,14933,cash,1033.28,2025-01-03 13:37:37
14934,14934,\N,671.52,2025-06-08 17:00:37
14935,14935,wallet,487.44,2025-07-08 02:13:43
14936,14936,card,200.07,2025-10-15 17:58:32
14937,14937,wallet,197.43,2025-06-27 22:37:56
14938,14938,gift_card,235.24,2025-07-01 07:17:44
14939,14939,card,907.78,2025-01-08 22:22:31
14940,14940,\N,1104.88,2025-11-04 15:49:15
14941,14941,gift_card,441.84,2025-10-15 18:02:45
14942,14942,card,148.05,2025-05-08 09:06:38
14943,14943,card,282.72,2025-09-27 16:43:03
14944,14944,cash,822.18,2025-03-25 00:59:23
14945,14945,card,74.63,2025-02-23 01:48:22
14946,14946,wallet,1469.47,2025-03-12 12:17:02
14947,14947,\N,166.32,2025-09-15 03:53:13
14948,14948,card,741.13,2025-01-09 15:15:23
14949,14949,card,415.46,2025-02-13 20:48:53
14950,14950,card,252.81,2025-10-14 10:12:06
14951,14951,\N,38.77,2025-06-19 13:58:09
14952,14952,gift_card,178.03,2025-09-02 06:02:56
14953,14953,card,510.97,2025-10-21 12:57:02
14954,14954,card,183.43,2025-06-13 18:12:55
14955,14955,card,711.87,2025-08-21 09:35:00
14956,14956,card,184.47,2025-03-09 14:35:13
14957,14957,cash,1266.10,2025-12-08 22:30:14
14958,14958,\N,834.08,2025-03-19 15:36:57
14959,14959,card,301.68,2025-02-11 01:37:23
14960,14960,card,238.02,2025-11-29 00:35:01
14961,14961,card,781.42,2025-10-02 12:49:06
14962,14962,card,942.05,2025-11-22 09:41:13
14963,14963,card,749.27,2025-09-14 14:45:23
14964,14964,\N,295.08,2025-08-23 04:33:24
14965,14965,gift_card,88.59,2025-08-16 13:55:56
14966,14966,\N,1584.23,2025-05-13 04:11:29
14967,14967,cash,204.64,2025-05-04 13:55:08
14968,14968,gift_card,218.24,2025-11-23 18:21:18
14969,14969,cash,92.97,2025-05-19 17:28:57
14970,14970,card,1008.14,2025-11-24 03:19:13
14971,14971,card,332.31,2025-05-10 10:48:22
14972,14972,card,349.61,2025-12-28 00:00:47
14973,14973,card,1062.77,2025-01-21 19:07:54
14974,14974,cash,221.89,2025-08-19 11:21:48
14975,14975,card,1419.57,2025-07-05 08:42:00
14976,14976,card,602.10,2025-07-01 14:43:11
14977,14977,\N,194.45,2025-07-24 19:59:46
14978,14978,cash,40.14,2025-02-19 03:55:51
14979,14979,card,100.46,2025-04-07 17:29:39
14980,14980,card,1272.67,2025-05-24 11:27:58
14981,14981,card,463.20,2025-04-30 10:08:00
14982,14982,wallet,1081.66,2025-10-03 20:21:14
14983,14983,cash,1146.29,2025-03-09 06:09:11
14984,14984,card,900.08,2025-11-04 12:14:17
14985,14985,gift_card,651.93,2025-11-25 03:01:08
14986,14986,cash,441.72,2025-02-13 09:51:03
14987,14987,gift_card,40.01,2025-09-18 06:11:21
14988,14988,card,1274.26,2025-05-01 17:37:56
14989,14989,\N,885.69,2025-06-18 11:38:48
14990,14990,cash,713.54,2025-11-07 07:10:21
14991,14991,card,651.88,2025-04-22 05:51:43
14992,14992,card,637.54,2025-07-17 02:19:49
14993,14993,wallet,132.34,2025-07-22 11:10:32
14994,14994,card,7.58,2025-08-10 08:54:41
14995,14995,cash,831.21,2025-02-28 02:18:38
14996,14996,card,217.65,2025-02-17 18:22:48
14997,14997,cash,637.33,2025-05-19 21:58:23
14998,14998,cash,680.50,2025-01-31 23:05:28
14999,14999,wallet,287.10,2025-03-07 10:06:20
15000,15000,cash,732.12,2025-11-21 02:59:57
15001,15001,gift_card,131.01,2025-01-31 09:59:01
15002,15002,card,327.27,2025-03-10 16:40:35
15003,15003,wallet,286.55,2025-08-29 00:02:55
15004,15004,wallet,456.32,2025-11-02 10:05:09
15005,15005,card,1306.48,2025-06-03 04:55:11
15006,15006,card,675.94,2025-01-09 21:39:50
15007,15007,gift_card,250.10,2025-11-18 02:19:49
15008,15008,card,724.51,2025-07-20 16:07:12
15009,15009,gift_card,10.91,2025-05-01 04:26:20
15010,15010,card,123.81,2025-11-03 23:44:20
15011,15011,card,216.88,2025-04-20 23:44:48
15012,15012,card,346.23,2025-01-16 12:09:43
15013,15013,wallet,1135.79,2025-06-09 18:03:03
15014,15014,card,111.69,2025-02-09 00:51:01
15015,15015,wallet,386.08,2025-12-12 14:44:05
15016,15016,wallet,362.31,2025-12-12 06:33:38
15017,15017,gift_card,1020.50,2025-01-15 23:08:56
15018,15018,wallet,1929.16,2025-02-03 01:09:15
15019,15019,\N,1076.37,2025-01-22 11:04:22
15020,15020,cash,322.92,2025-05-13 18:29:28
15021,15021,card,118.43,2025-02-23 23:28:16
15022,15022,\N,37.94,2025-01-24 09:33:07
15023,15023,\N,469.03,2025-05-27 11:08:38
15024,15024,card,728.16,2025-12-09 11:28:09
15025,15025,cash,744.67,2025-06-16 19:22:55
15026,15026,card,369.54,2025-08-29 23:19:48
15027,15027,\N,1059.55,2025-03-10 22:51:47
15028,15028,\N,335.79,2025-06-04 03:37:11
15029,15029,gift_card,491.40,2025-11-13 17:35:05
15030,15030,card,126.74,2025-06-26 20:46:18
15031,15031,card,71.32,2025-01-08 10:51:26
15032,15032,gift_card,271.21,2025-09-05 21:33:15
15033,15033,card,115.27,2025-09-13 06:30:32
15034,15034,\N,1034.21,2025-02-09 00:22:34
15035,15035,card,461.10,2025-10-27 04:24:22
15036,15036,wallet,522.94,2025-07-04 02:20:17
15037,15037,wallet,319.66,2025-08-26 08:11:15
15038,15038,wallet,271.93,2025-03-04 14:38:21
15039,15039,\N,336.36,2025-08-13 14:19:39
15040,15040,card,251.31,2025-10-21 00:40:05
15041,15041,card,185.26,2025-10-01 11:06:25
15042,15042,wallet,823.45,2025-12-22 20:57:39
15043,15043,card,426.53,2025-12-24 06:08:32
15044,15044,cash,179.83,2025-07-14 08:56:10
15045,15045,wallet,780.37,2025-09-29 11:20:41
15046,15046,card,812.60,2025-04-29 22:01:52
15047,15047,wallet,604.35,2025-08-28 08:06:05
15048,15048,wallet,500.00,2025-11-20 22:52:07
15049,15049,cash,781.53,2025-08-29 01:57:44
15050,15050,\N,320.87,2025-01-02 21:15:55
15051,15051,card,284.32,2025-09-29 13:57:31
15052,15052,card,654.37,2025-10-24 04:00:07
15053,15053,gift_card,494.52,2025-04-17 13:59:03
15054,15054,card,23.31,2025-11-25 21:03:36
15055,15055,cash,928.01,2025-12-03 20:52:00
15056,15056,gift_card,122.78,2025-06-27 20:51:28
15057,15057,card,335.57,2025-06-17 09:14:00
15058,15058,wallet,1003.48,2025-09-09 11:56:21
15059,15059,gift_card,426.36,2025-03-10 10:11:56
15060,15060,card,126.02,2025-06-23 06:26:22
15061,15061,card,4.49,2025-01-08 08:21:24
15062,15062,card,199.79,2025-07-15 05:45:47
15063,15063,gift_card,105.42,2025-04-28 17:58:36
15064,15064,\N,507.11,2025-04-01 01:10:32
15065,15065,card,773.65,2025-03-20 01:37:43
15066,15066,\N,385.85,2025-01-03 02:52:31
15067,15067,card,520.11,2025-09-12 10:27:23
15068,15068,\N,313.63,2025-03-06 14:35:34
15069,15069,\N,226.08,2025-11-22 07:44:26
15070,15070,card,387.18,2025-03-20 06:21:33
15071,15071,\N,407.56,2025-08-13 16:08:33
15072,15072,card,795.48,2025-02-08 07:28:39
15073,15073,card,1691.18,2025-06-14 14:03:15
15074,15074,\N,639.61,2025-12-30 18:39:26
15075,15075,cash,58.61,2025-03-29 19:07:50
15076,15076,card,185.41,2025-05-02 09:23:48
15077,15077,wallet,284.72,2025-10-13 09:42:42
15078,15078,gift_card,169.57,2025-01-17 05:58:23
15079,15079,gift_card,216.40,2025-07-01 04:48:19
15080,15080,card,672.72,2025-09-12 05:48:31
15081,15081,\N,771.67,2025-08-14 00:18:03
15082,15082,\N,735.10,2025-08-02 20:49:13
15083,15083,gift_card,444.52,2025-06-14 14:21:30
15084,15084,wallet,257.15,2025-03-18 10:54:55
15085,15085,card,878.14,2025-09-18 22:07:55
15086,15086,card,685.58,2025-07-26 00:34:48
15087,15087,card,1382.39,2025-09-04 09:32:14
15088,15088,cash,115.27,2025-06-23 07:17:28
15089,15089,cash,342.33,2025-08-05 19:27:21
15090,15090,cash,191.71,2025-08-23 03:01:38
15091,15091,card,366.34,2025-06-16 01:28:43
15092,15092,cash,729.04,2025-02-23 08:43:00
15093,15093,card,1385.53,2025-06-02 01:23:08
15094,15094,card,1078.27,2025-09-04 20:58:54
15095,15095,card,596.90,2025-06-28 00:45:32
15096,15096,cash,253.94,2025-09-11 22:07:36
15097,15097,card,368.64,2025-08-11 09:58:20
15098,15098,wallet,62.30,2025-12-02 17:12:24
15099,15099,card,435.51,2025-02-21 02:00:40
15100,15100,wallet,292.09,2025-07-07 07:12:08
15101,15101,card,380.05,2025-12-24 09:38:59
15102,15102,\N,359.07,2025-05-23 00:03:09
15103,15103,\N,38.35,2025-07-16 10:21:18
15104,15104,card,825.08,2025-02-24 01:41:32
15105,15105,card,706.34,2025-08-20 06:38:04
15106,15106,\N,243.96,2025-10-14 17:18:45
15107,15107,card,839.69,2025-10-18 16:37:59
15108,15108,card,767.37,2025-12-20 09:00:11
15109,15109,card,696.29,2025-04-05 06:29:25
15110,15110,cash,618.56,2025-03-15 10:48:24
15111,15111,card,713.14,2025-04-06 17:24:37
15112,15112,card,1754.88,2025-06-21 14:34:45
15113,15113,cash,2264.98,2025-05-14 06:38:14
15114,15114,cash,419.93,2025-11-06 05:30:42
15115,15115,wallet,511.10,2025-06-06 16:33:53
15116,15116,cash,628.32,2025-09-12 01:37:30
15117,15117,card,674.49,2025-07-07 14:08:22
15118,15118,card,1370.94,2025-01-13 19:58:08
15119,15119,\N,445.96,2025-03-03 08:01:24
15120,15120,card,541.00,2025-01-17 14:13:46
15121,15121,card,968.97,2025-06-04 20:42:38
15122,15122,gift_card,1184.36,2025-09-07 10:39:07
15123,15123,card,1210.32,2025-04-27 23:32:38
15124,15124,wallet,486.28,2025-07-26 13:47:28
15125,15125,gift_card,185.26,2025-11-19 10:25:12
15126,15126,card,1090.11,2025-10-24 14:48:20
15127,15127,\N,329.03,2025-01-01 19:24:05
15128,15128,\N,1014.16,2025-06-13 21:39:00
15129,15129,card,634.21,2025-07-12 14:19:16
15130,15130,card,260.15,2025-10-29 23:01:31
15131,15131,card,626.34,2025-02-02 13:56:44
15132,15132,\N,1055.10,2025-05-29 01:15:20
15133,15133,card,209.53,2025-09-10 07:52:57
15134,15134,\N,602.86,2025-04-19 10:44:16
15135,15135,card,299.68,2025-06-28 06:54:38
15136,15136,\N,42.12,2025-01-27 00:43:31
15137,15137,card,260.45,2025-05-23 19:25:25
15138,15138,wallet,93.13,2025-01-26 00:49:58
15139,15139,card,1384.38,2025-12-22 20:41:32
15140,15140,card,534.62,2025-03-05 14:55:38
15141,15141,wallet,939.96,2025-03-02 16:31:33
15142,15142,\N,882.61,2025-12-15 10:20:15
15143,15143,wallet,229.22,2025-08-04 18:15:06
15144,15144,card,268.18,2025-06-14 08:09:31
15145,15145,cash,1203.75,2025-03-09 01:35:03
15146,15146,cash,521.79,2025-12-03 17:37:05
15147,15147,cash,425.13,2025-01-14 12:33:42
15148,15148,card,37.40,2025-04-23 03:11:12
15149,15149,card,667.11,2025-07-26 11:53:29
15150,15150,wallet,342.41,2025-01-02 02:30:32
15151,15151,cash,399.65,2025-07-14 00:34:24
15152,15152,\N,384.71,2025-06-17 01:11:44
15153,15153,card,718.33,2025-03-23 14:04:12
15154,15154,gift_card,196.49,2025-10-12 00:08:34
15155,15155,card,1209.94,2025-01-19 20:53:41
15156,15156,\N,518.94,2025-03-21 18:22:04
15157,15157,card,184.24,2025-09-26 18:34:17
15158,15158,card,683.44,2025-06-26 16:53:19
15159,15159,card,654.32,2025-06-16 16:52:59
15160,15160,wallet,51.34,2025-03-15 22:05:37
15161,15161,\N,1107.36,2025-05-21 07:42:49
15162,15162,gift_card,359.95,2025-06-16 12:26:38
15163,15163,card,1510.70,2025-09-08 18:17:02
15164,15164,card,1090.42,2025-07-04 20:19:56
15165,15165,\N,332.22,2025-04-08 10:36:20
15166,15166,gift_card,400.27,2025-11-11 22:17:03
15167,15167,wallet,338.50,2025-06-16 02:33:53
15168,15168,wallet,195.06,2025-04-20 04:42:21
15169,15169,cash,645.56,2025-01-30 02:18:41
15170,15170,card,574.68,2025-05-03 07:12:35
15171,15171,wallet,746.83,2025-01-05 16:37:39
15172,15172,card,100.63,2025-02-04 00:38:50
15173,15173,card,335.96,2025-01-23 16:05:11
15174,15174,wallet,88.03,2025-06-30 12:32:37
15175,15175,gift_card,299.57,2025-08-15 14:39:56
15176,15176,cash,371.96,2025-07-30 11:51:04
15177,15177,card,664.17,2025-11-27 07:31:54
15178,15178,gift_card,697.52,2025-07-30 18:52:18
15179,15179,\N,90.78,2025-01-31 06:05:57
15180,15180,card,509.17,2025-02-21 03:13:31
15181,15181,gift_card,247.41,2025-09-01 16:30:52
15182,15182,card,708.64,2025-03-31 07:44:21
15183,15183,\N,1208.32,2025-11-15 13:25:49
15184,15184,card,311.71,2025-01-05 14:54:06
15185,15185,card,345.99,2025-12-08 23:20:05
15186,15186,card,1352.57,2025-05-01 08:22:07
15187,15187,\N,312.27,2025-08-21 06:51:24
15188,15188,gift_card,186.43,2025-04-23 18:14:56
15189,15189,gift_card,940.89,2025-05-10 00:38:10
15190,15190,card,505.66,2025-04-01 22:03:05
15191,15191,\N,744.73,2025-11-14 21:24:36
15192,15192,card,122.07,2025-05-26 15:18:17
15193,15193,\N,829.72,2025-05-12 15:08:50
15194,15194,\N,514.55,2025-05-14 17:10:25
15195,15195,card,313.96,2025-01-24 08:36:57
15196,15196,cash,568.19,2025-02-27 07:10:47
15197,15197,wallet,112.76,2025-11-28 18:14:24
15198,15198,card,331.08,2025-11-05 05:35:43
15199,15199,card,419.65,2025-06-17 15:24:15
15200,15200,gift_card,47.08,2025-12-24 14:55:33
15201,15201,card,225.66,2025-06-16 14:34:12
15202,15202,wallet,616.52,2025-05-01 17:14:16
15203,15203,wallet,446.34,2025-03-21 20:06:24
15204,15204,cash,646.00,2025-04-15 00:46:43
15205,15205,cash,286.59,2025-02-21 13:20:07
15206,15206,card,718.02,2025-02-16 20:14:02
15207,15207,card,986.00,2025-10-26 23:36:52
15208,15208,wallet,350.58,2025-12-24 22:22:21
15209,15209,cash,179.21,2025-12-01 13:56:12
15210,15210,wallet,358.79,2025-05-16 00:28:29
15211,15211,card,1642.13,2025-05-31 07:56:56
15212,15212,wallet,282.16,2025-10-15 08:20:26
15213,15213,\N,263.44,2025-05-12 13:53:43
15214,15214,card,439.68,2025-08-08 19:08:44
15215,15215,card,60.41,2025-09-28 16:18:16
15216,15216,gift_card,699.32,2025-10-11 01:00:29
15217,15217,gift_card,296.44,2025-06-26 17:00:48
15218,15218,cash,358.43,2025-08-20 06:17:51
15219,15219,wallet,411.12,2025-06-09 06:37:06
15220,15220,wallet,126.25,2025-10-24 05:03:33
15221,15221,card,209.38,2025-12-14 12:01:43
15222,15222,gift_card,263.70,2025-12-04 18:04:47
15223,15223,card,2099.31,2025-07-29 08:37:25
15224,15224,card,271.85,2025-04-19 16:49:50
15225,15225,card,477.71,2025-04-27 09:52:01
15226,15226,\N,318.49,2025-04-07 12:35:15
15227,15227,card,29.52,2025-03-18 17:02:01
15228,15228,card,270.49,2025-10-05 11:00:17
15229,15229,\N,389.78,2025-03-18 20:54:00
15230,15230,cash,733.21,2025-03-18 06:57:09
15231,15231,card,140.29,2025-03-22 20:07:14
15232,15232,card,315.72,2025-11-27 09:24:33
15233,15233,gift_card,781.07,2025-07-04 13:17:34
15234,15234,\N,542.60,2025-06-16 20:33:37
15235,15235,wallet,899.63,2025-03-25 09:18:49
15236,15236,\N,929.92,2025-11-26 06:05:57
15237,15237,cash,206.03,2025-06-19 01:48:14
15238,15238,\N,590.88,2025-01-27 06:55:33
15239,15239,card,574.38,2025-10-07 01:45:57
15240,15240,\N,75.49,2025-02-11 14:57:08
15241,15241,cash,1714.69,2025-12-03 06:13:08
15242,15242,gift_card,1005.68,2025-03-27 13:20:08
15243,15243,card,326.08,2025-03-12 17:54:21
15244,15244,gift_card,1326.16,2025-06-25 22:30:36
15245,15245,cash,1304.88,2025-03-12 02:57:59
15246,15246,card,145.62,2025-03-06 03:54:48
15247,15247,wallet,213.75,2025-03-03 07:16:55
15248,15248,gift_card,92.18,2025-01-03 07:56:48
15249,15249,wallet,909.43,2025-01-04 17:57:45
15250,15250,gift_card,95.06,2025-02-23 23:43:12
15251,15251,\N,324.93,2025-05-01 01:38:05
15252,15252,wallet,365.34,2025-12-23 23:52:19
15253,15253,card,289.48,2025-07-28 16:45:47
15254,15254,card,664.68,2025-01-28 18:01:29
15255,15255,wallet,361.26,2025-07-20 09:52:14
15256,15256,wallet,629.21,2025-04-28 16:21:54
15257,15257,card,500.12,2025-07-21 15:10:33
15258,15258,wallet,423.48,2025-06-30 08:02:23
15259,15259,wallet,888.64,2025-09-02 02:57:28
15260,15260,wallet,630.12,2025-01-07 03:23:51
15261,15261,\N,529.84,2025-05-14 02:44:47
15262,15262,cash,291.64,2025-08-19 12:39:58
15263,15263,card,378.10,2025-02-15 21:04:56
15264,15264,card,789.55,2025-10-17 16:40:59
15265,15265,card,203.57,2025-05-30 04:20:20
15266,15266,card,672.98,2025-08-24 08:55:06
15267,15267,wallet,788.54,2025-06-27 19:33:37
15268,15268,gift_card,423.00,2025-02-24 09:01:30
15269,15269,card,296.26,2025-02-08 04:14:24
15270,15270,cash,210.54,2025-05-24 14:38:29
15271,15271,\N,301.61,2025-05-26 21:57:32
15272,15272,gift_card,1392.64,2025-07-13 12:28:20
15273,15273,\N,868.75,2025-07-24 11:00:53
15274,15274,cash,556.16,2025-09-11 02:00:50
15275,15275,card,877.56,2025-09-20 23:33:16
15276,15276,card,151.82,2025-06-22 09:23:15
15277,15277,\N,215.41,2025-09-27 07:56:23
15278,15278,gift_card,337.46,2025-10-03 11:53:00
15279,15279,gift_card,490.79,2025-10-08 13:19:49
15280,15280,card,201.79,2025-05-17 23:26:11
15281,15281,card,1196.89,2025-05-26 09:56:04
15282,15282,cash,1503.13,2025-01-07 04:41:02
15283,15283,gift_card,325.86,2025-06-14 07:17:57
15284,15284,\N,339.63,2025-08-16 08:02:12
15285,15285,card,229.84,2025-11-21 06:24:41
15286,15286,\N,650.30,2025-04-02 13:19:43
15287,15287,card,178.64,2025-11-23 23:39:44
15288,15288,cash,929.32,2025-01-31 16:04:10
15289,15289,card,629.10,2025-01-09 19:29:18
15290,15290,gift_card,50.81,2025-06-18 08:32:23
15291,15291,card,949.15,2025-02-10 16:16:37
15292,15292,wallet,89.20,2025-10-07 04:43:02
15293,15293,gift_card,234.34,2025-08-14 12:06:50
15294,15294,card,1035.77,2025-02-21 09:41:26
15295,15295,card,209.91,2025-01-14 02:54:21
15296,15296,card,598.04,2025-12-07 09:36:57
15297,15297,card,124.90,2025-02-05 06:04:39
15298,15298,card,135.57,2025-08-02 01:51:08
15299,15299,wallet,603.89,2025-07-30 22:08:17
15300,15300,cash,643.73,2025-09-28 08:11:20
15301,15301,\N,323.08,2025-10-08 02:10:58
15302,15302,cash,279.50,2025-09-03 21:35:11
15303,15303,card,807.03,2025-02-11 23:17:27
15304,15304,\N,1333.34,2025-12-01 04:30:05
15305,15305,card,862.21,2025-09-01 20:12:59
15306,15306,card,463.73,2025-01-05 08:57:20
15307,15307,card,848.47,2025-07-02 13:06:55
15308,15308,card,641.74,2025-07-17 19:42:41
15309,15309,card,119.04,2025-11-01 14:28:47
15310,15310,\N,314.55,2025-11-18 08:21:07
15311,15311,cash,390.25,2025-02-20 03:26:13
15312,15312,gift_card,495.52,2025-09-11 14:47:50
15313,15313,card,1921.75,2025-01-02 03:18:05
15314,15314,card,452.13,2025-03-27 13:28:58
15315,15315,cash,457.36,2025-03-21 11:31:43
15316,15316,cash,532.43,2025-05-16 14:21:12
15317,15317,cash,250.37,2025-05-09 02:08:33
15318,15318,card,637.70,2025-12-09 14:26:55
15319,15319,card,1383.80,2025-10-19 07:35:10
15320,15320,cash,431.60,2025-11-24 12:13:19
15321,15321,\N,56.24,2025-10-01 21:27:26
15322,15322,card,85.80,2025-10-02 16:59:41
15323,15323,\N,61.35,2025-12-17 03:57:19
15324,15324,gift_card,354.19,2025-04-26 05:54:13
15325,15325,wallet,633.98,2025-08-31 22:57:38
15326,15326,cash,905.08,2025-09-25 16:23:43
15327,15327,wallet,408.35,2025-09-13 22:31:43
15328,15328,card,420.74,2025-03-18 01:46:17
15329,15329,card,1522.25,2025-04-11 23:57:45
15330,15330,card,262.04,2025-05-02 06:45:58
15331,15331,gift_card,522.61,2025-07-20 16:15:10
15332,15332,card,1061.62,2025-11-29 23:44:19
15333,15333,\N,61.87,2025-05-19 23:14:08
15334,15334,cash,433.52,2025-11-23 19:22:21
15335,15335,gift_card,307.90,2025-06-14 02:41:54
15336,15336,card,845.90,2025-10-21 09:21:01
15337,15337,gift_card,563.66,2025-04-24 22:29:25
15338,15338,card,69.43,2025-09-29 02:13:29
15339,15339,\N,115.83,2025-05-13 22:39:10
15340,15340,card,358.79,2025-12-20 18:17:06
15341,15341,card,700.81,2025-01-15 03:38:14
15342,15342,card,76.69,2025-05-31 19:37:10
15343,15343,card,40.01,2025-08-21 00:05:39
15344,15344,cash,136.45,2025-01-11 16:03:21
15345,15345,cash,87.74,2025-12-29 06:51:20
15346,15346,wallet,150.80,2025-07-15 19:21:47
15347,15347,wallet,276.92,2025-04-11 19:01:33
15348,15348,\N,105.56,2025-05-26 14:54:48
15349,15349,\N,968.75,2025-10-21 08:26:06
15350,15350,card,1108.22,2025-07-01 18:14:27
15351,15351,gift_card,652.61,2025-12-05 16:39:18
15352,15352,card,952.50,2025-05-22 01:45:28
15353,15353,gift_card,489.44,2025-04-21 14:46:51
15354,15354,cash,519.20,2025-10-14 22:30:04
15355,15355,gift_card,903.97,2025-07-14 12:10:24
15356,15356,gift_card,547.88,2025-02-25 14:40:13
15357,15357,wallet,227.47,2025-05-13 16:51:32
15358,15358,wallet,1057.76,2025-12-17 09:11:26
15359,15359,gift_card,830.81,2025-07-09 16:36:18
15360,15360,wallet,258.45,2025-01-09 11:19:30
15361,15361,wallet,343.21,2025-02-22 14:53:04
15362,15362,cash,487.40,2025-09-21 03:37:04
15363,15363,cash,1695.81,2025-09-27 10:53:16
15364,15364,wallet,1764.90,2025-04-30 21:58:39
15365,15365,\N,700.08,2025-01-16 21:54:20
15366,15366,cash,282.27,2025-10-10 22:18:31
15367,15367,card,260.56,2025-12-15 11:06:01
15368,15368,card,1366.22,2025-11-03 11:10:17
15369,15369,card,825.53,2025-09-20 05:54:20
15370,15370,card,1058.96,2025-12-30 10:58:55
15371,15371,gift_card,756.33,2025-07-24 03:26:39
15372,15372,gift_card,2071.45,2025-01-17 18:13:40
15373,15373,\N,436.61,2025-03-03 23:35:06
15374,15374,wallet,753.73,2025-12-25 20:49:50
15375,15375,wallet,60.80,2025-04-21 21:18:27
15376,15376,wallet,134.92,2025-05-05 21:41:52
15377,15377,card,69.86,2025-10-19 23:29:37
15378,15378,cash,275.88,2025-01-10 02:50:32
15379,15379,card,629.04,2025-11-04 01:45:32
15380,15380,card,1240.73,2025-03-19 20:18:38
15381,15381,card,310.37,2025-02-15 23:00:51
15382,15382,gift_card,308.78,2025-12-24 14:40:14
15383,15383,card,727.43,2025-11-12 03:04:55
15384,15384,wallet,803.76,2025-05-17 07:08:35
15385,15385,card,265.92,2025-09-04 21:55:42
15386,15386,wallet,1025.10,2025-08-27 00:11:59
15387,15387,card,365.24,2025-07-29 06:57:46
15388,15388,wallet,154.76,2025-08-16 00:02:12
15389,15389,\N,1409.30,2025-09-06 16:02:21
15390,15390,cash,882.74,2025-07-18 01:12:01
15391,15391,wallet,338.48,2025-10-29 17:21:48
15392,15392,cash,134.89,2025-10-14 07:54:55
15393,15393,\N,216.27,2025-07-26 20:02:24
15394,15394,card,341.42,2025-10-16 12:41:14
15395,15395,card,1480.51,2025-04-25 03:41:27
15396,15396,gift_card,253.42,2025-02-09 02:36:15
15397,15397,card,1282.90,2025-02-24 01:32:29
15398,15398,card,171.44,2025-05-22 13:46:29
15399,15399,card,171.33,2025-11-17 03:53:33
15400,15400,card,970.53,2025-02-20 06:31:14
15401,15401,card,703.08,2025-10-11 03:08:14
15402,15402,card,1343.24,2025-09-24 18:19:03
15403,15403,card,260.83,2025-02-21 21:43:07
15404,15404,wallet,1419.69,2025-12-23 18:03:51
15405,15405,cash,374.36,2025-02-08 14:54:07
15406,15406,card,504.46,2025-11-07 09:36:33
15407,15407,card,1540.07,2025-04-18 02:24:39
15408,15408,gift_card,22.59,2025-04-08 11:37:26
15409,15409,cash,1042.84,2025-10-26 02:22:38
15410,15410,card,438.96,2025-04-28 12:49:50
15411,15411,card,99.96,2025-06-17 15:41:21
15412,15412,cash,289.83,2025-01-15 19:36:57
15413,15413,card,550.96,2025-12-07 01:16:58
15414,15414,wallet,581.77,2025-03-10 09:40:57
15415,15415,cash,192.43,2025-12-12 10:19:06
15416,15416,card,170.95,2025-03-05 14:45:05
15417,15417,\N,1271.08,2025-12-19 01:39:44
15418,15418,cash,722.17,2025-05-30 16:25:50
15419,15419,gift_card,327.60,2025-02-19 02:47:45
15420,15420,card,389.88,2025-12-24 12:09:51
15421,15421,\N,496.50,2025-08-30 02:33:10
15422,15422,cash,88.01,2025-04-01 19:52:21
15423,15423,gift_card,556.66,2025-04-14 11:04:52
15424,15424,cash,307.61,2025-04-26 07:36:25
15425,15425,card,288.37,2025-12-01 02:02:46
15426,15426,card,262.42,2025-01-04 16:12:43
15427,15427,card,442.63,2025-06-13 06:23:54
15428,15428,\N,85.09,2025-03-19 19:37:04
15429,15429,card,54.91,2025-04-13 04:13:54
15430,15430,gift_card,1030.27,2025-08-02 04:14:56
15431,15431,card,558.64,2025-04-26 05:13:21
15432,15432,gift_card,585.63,2025-02-27 08:11:51
15433,15433,card,67.51,2025-04-29 19:55:57
15434,15434,card,505.23,2025-02-27 22:13:34
15435,15435,card,415.48,2025-03-20 20:10:00
15436,15436,card,1122.54,2025-10-21 23:36:37
15437,15437,wallet,478.48,2025-08-03 12:57:46
15438,15438,\N,288.06,2025-02-22 15:57:44
15439,15439,\N,123.50,2025-07-28 23:39:15
15440,15440,gift_card,101.60,2025-01-04 10:52:58
15441,15441,gift_card,887.67,2025-02-06 05:39:48
15442,15442,card,610.42,2025-04-28 12:28:52
15443,15443,wallet,321.35,2025-01-30 21:08:31
15444,15444,card,575.72,2025-04-08 09:11:03
15445,15445,\N,1231.50,2025-07-11 22:46:53
15446,15446,card,514.65,2025-08-16 12:11:59
15447,15447,gift_card,480.07,2025-02-25 19:52:05
15448,15448,cash,398.86,2025-12-14 20:32:46
15449,15449,cash,759.36,2025-01-05 12:07:09
15450,15450,wallet,1220.46,2025-11-07 00:26:12
15451,15451,card,260.84,2025-11-13 01:42:09
15452,15452,card,272.44,2025-05-04 18:02:27
15453,15453,cash,1146.12,2025-12-13 13:36:18
15454,15454,card,700.84,2025-09-01 01:28:20
15455,15455,gift_card,107.26,2025-06-13 13:03:53
15456,15456,card,729.61,2025-11-15 04:22:31
15457,15457,card,646.02,2025-01-25 21:02:53
15458,15458,wallet,559.29,2025-04-11 14:19:19
15459,15459,\N,68.17,2025-05-02 13:42:07
15460,15460,\N,323.05,2025-11-03 11:25:07
15461,15461,cash,587.34,2025-07-12 21:24:15
15462,15462,\N,202.54,2025-10-31 11:39:18
15463,15463,wallet,1348.37,2025-03-09 18:40:02
15464,15464,card,770.67,2025-03-12 00:19:19
15465,15465,card,351.47,2025-07-21 04:11:31
15466,15466,\N,147.48,2025-09-03 17:06:48
15467,15467,card,287.51,2025-01-31 05:26:52
15468,15468,cash,189.05,2025-03-31 23:12:21
15469,15469,gift_card,327.91,2025-07-12 14:35:57
15470,15470,cash,668.54,2025-05-25 20:42:35
15471,15471,\N,128.16,2025-12-25 13:03:23
15472,15472,cash,336.61,2025-10-07 07:22:02
15473,15473,wallet,140.27,2025-07-08 12:27:38
15474,15474,wallet,282.73,2025-09-17 11:43:32
15475,15475,gift_card,24.13,2025-06-05 09:46:16
15476,15476,wallet,317.12,2025-01-01 01:24:15
15477,15477,card,293.64,2025-07-23 16:54:38
15478,15478,card,446.84,2025-01-06 01:16:54
15479,15479,card,694.27,2025-01-19 00:19:26
15480,15480,\N,201.93,2025-03-12 12:02:52
15481,15481,card,1461.62,2025-03-24 16:58:00
15482,15482,card,385.22,2025-09-20 22:29:39
15483,15483,\N,173.77,2025-05-30 11:54:31
15484,15484,gift_card,1009.10,2025-05-28 14:08:03
15485,15485,card,472.53,2025-08-02 11:55:29
15486,15486,cash,1247.12,2025-05-13 13:56:13
15487,15487,\N,322.17,2025-06-15 03:02:02
15488,15488,card,337.27,2025-09-09 19:54:26
15489,15489,gift_card,583.87,2025-01-23 08:48:14
15490,15490,wallet,777.79,2025-07-14 08:11:23
15491,15491,\N,631.32,2025-06-23 14:09:40
15492,15492,cash,238.74,2025-08-05 05:26:04
15493,15493,wallet,613.48,2025-08-18 16:17:19
15494,15494,cash,396.78,2025-12-29 16:09:53
15495,15495,card,2858.56,2025-07-04 21:24:57
15496,15496,cash,452.88,2025-09-19 12:32:52
15497,15497,cash,1136.28,2025-05-14 13:14:32
15498,15498,card,101.24,2025-12-02 05:46:32
15499,15499,\N,131.33,2025-04-18 12:55:58
15500,15500,gift_card,175.66,2025-02-15 18:04:55
15501,15501,card,501.42,2025-03-03 01:31:10
15502,15502,card,68.62,2025-02-13 12:08:41
15503,15503,card,877.85,2025-12-24 05:40:40
15504,15504,\N,116.38,2025-08-20 13:50:10
15505,15505,wallet,225.36,2025-03-10 02:14:00
15506,15506,card,562.17,2025-01-05 14:31:51
15507,15507,card,78.53,2025-06-12 04:32:56
15508,15508,card,683.90,2025-09-25 11:20:16
15509,15509,card,252.47,2025-09-26 05:07:20
15510,15510,\N,41.10,2025-06-06 17:09:05
15511,15511,\N,569.19,2025-12-14 22:11:31
15512,15512,card,1125.44,2025-01-15 15:09:17
15513,15513,\N,845.62,2025-09-09 05:23:16
15514,15514,card,136.85,2025-12-23 10:18:59
15515,15515,card,458.32,2025-02-23 06:17:20
15516,15516,wallet,391.62,2025-03-23 19:59:09
15517,15517,cash,979.13,2025-04-12 21:09:57
15518,15518,card,1541.34,2025-01-07 22:12:28
15519,15519,\N,281.65,2025-06-07 08:21:55
15520,15520,cash,430.32,2025-08-02 07:11:42
15521,15521,card,289.22,2025-03-01 11:32:27
15522,15522,gift_card,635.64,2025-03-20 18:30:02
15523,15523,card,131.03,2025-04-23 02:20:48
15524,15524,gift_card,103.84,2025-07-16 19:42:49
15525,15525,cash,191.49,2025-07-07 02:39:59
15526,15526,gift_card,1991.99,2025-03-18 07:11:10
15527,15527,gift_card,1391.97,2025-03-15 14:36:11
15528,15528,wallet,340.73,2025-01-08 00:27:23
15529,15529,wallet,529.88,2025-05-19 18:17:38
15530,15530,card,235.81,2025-06-21 19:51:50
15531,15531,card,11.56,2025-06-27 09:40:30
15532,15532,card,149.15,2025-08-01 18:03:37
15533,15533,gift_card,1624.61,2025-03-11 09:31:47
15534,15534,wallet,1115.80,2025-03-30 08:41:20
15535,15535,card,735.07,2025-02-12 03:00:53
15536,15536,card,698.49,2025-05-31 00:58:11
15537,15537,cash,285.17,2025-04-24 05:04:54
15538,15538,\N,480.44,2025-07-21 08:06:50
15539,15539,card,864.54,2025-05-23 11:00:47
15540,15540,wallet,723.22,2025-10-11 23:40:00
15541,15541,wallet,750.18,2025-05-21 09:35:35
15542,15542,card,402.58,2025-10-28 10:29:43
15543,15543,card,583.54,2025-10-01 10:57:37
15544,15544,card,820.73,2025-12-02 20:38:50
15545,15545,cash,475.65,2025-10-06 14:47:57
15546,15546,card,882.58,2025-08-01 08:46:16
15547,15547,wallet,422.36,2025-03-20 06:05:26
15548,15548,card,300.47,2025-02-12 00:00:44
15549,15549,card,669.02,2025-10-07 20:57:43
15550,15550,gift_card,546.79,2025-09-16 12:14:33
15551,15551,cash,741.76,2025-04-30 08:11:25
15552,15552,card,496.91,2025-03-26 18:48:39
15553,15553,card,612.53,2025-01-08 22:29:34
15554,15554,wallet,1114.84,2025-11-01 18:04:12
15555,15555,gift_card,321.62,2025-10-26 13:55:15
15556,15556,\N,868.96,2025-09-08 20:11:42
15557,15557,cash,288.96,2025-01-24 22:23:29
15558,15558,wallet,705.18,2025-03-15 23:37:00
15559,15559,\N,1957.17,2025-03-21 11:24:51
15560,15560,gift_card,602.10,2025-04-14 12:04:53
15561,15561,card,321.01,2025-07-28 11:43:02
15562,15562,cash,392.10,2025-05-06 00:50:47
15563,15563,gift_card,451.79,2025-11-04 10:16:07
15564,15564,card,599.67,2025-04-25 19:32:21
15565,15565,card,626.82,2025-02-08 03:54:40
15566,15566,\N,115.70,2025-08-16 20:54:22
15567,15567,\N,571.42,2025-07-13 04:42:40
15568,15568,wallet,625.42,2025-02-06 15:39:28
15569,15569,card,840.78,2025-11-11 09:15:13
15570,15570,wallet,733.83,2025-05-12 07:37:40
15571,15571,card,523.14,2025-04-29 05:51:30
15572,15572,cash,417.84,2025-07-07 08:55:10
15573,15573,card,930.98,2025-07-21 16:44:06
15574,15574,cash,923.97,2025-07-08 00:25:13
15575,15575,card,501.86,2025-07-13 15:09:15
15576,15576,cash,1183.90,2025-12-19 08:35:49
15577,15577,wallet,281.06,2025-08-25 13:01:52
15578,15578,cash,311.02,2025-11-08 10:57:29
15579,15579,card,482.31,2025-12-18 19:43:14
15580,15580,cash,449.34,2025-09-06 06:08:14
15581,15581,\N,262.30,2025-09-16 11:01:31
15582,15582,card,238.55,2025-02-10 20:38:33
15583,15583,gift_card,640.16,2025-01-10 06:19:33
15584,15584,wallet,400.43,2025-07-13 04:33:26
15585,15585,card,177.79,2025-03-25 01:46:10
15586,15586,card,202.04,2025-12-31 15:13:33
15587,15587,\N,253.88,2025-12-30 12:56:42
15588,15588,card,140.40,2025-08-05 13:23:44
15589,15589,cash,744.77,2025-06-04 00:06:35
15590,15590,card,69.38,2025-03-07 09:53:27
15591,15591,card,36.29,2025-07-10 07:36:22
15592,15592,\N,1609.03,2025-02-09 13:18:54
15593,15593,\N,90.51,2025-09-10 13:37:38
15594,15594,card,289.58,2025-07-23 23:27:21
15595,15595,cash,327.62,2025-06-24 11:47:23
15596,15596,\N,277.42,2025-05-26 22:49:04
15597,15597,card,1094.87,2025-11-02 16:18:07
15598,15598,card,449.13,2025-02-11 14:06:35
15599,15599,card,177.22,2025-04-12 13:35:08
15600,15600,wallet,46.52,2025-03-16 05:11:56
15601,15601,card,645.55,2025-10-28 19:17:51
15602,15602,cash,212.99,2025-07-03 05:03:35
15603,15603,card,127.56,2025-12-10 07:05:42
15604,15604,card,1054.83,2025-04-14 13:47:51
15605,15605,card,145.89,2025-07-25 13:27:11
15606,15606,card,662.26,2025-08-09 16:18:07
15607,15607,card,530.10,2025-08-12 16:14:49
15608,15608,cash,662.14,2025-04-21 05:36:11
15609,15609,gift_card,72.86,2025-02-24 15:22:24
15610,15610,gift_card,1282.10,2025-02-04 22:09:23
15611,15611,card,163.74,2025-11-01 12:13:36
15612,15612,gift_card,1185.05,2025-04-01 00:42:46
15613,15613,card,436.44,2025-06-01 03:46:37
15614,15614,\N,339.03,2025-05-25 22:21:07
15615,15615,wallet,433.62,2025-05-28 23:47:58
15616,15616,gift_card,213.32,2025-06-04 22:02:06
15617,15617,gift_card,486.67,2025-05-25 12:55:02
15618,15618,wallet,211.89,2025-07-31 01:26:16
15619,15619,card,925.97,2025-11-22 13:58:09
15620,15620,gift_card,232.38,2025-01-18 07:57:43
15621,15621,wallet,369.65,2025-07-23 18:05:19
15622,15622,gift_card,1513.28,2025-05-31 15:42:40
15623,15623,gift_card,466.34,2025-05-15 12:04:52
15624,15624,card,563.66,2025-09-23 06:26:49
15625,15625,card,297.45,2025-01-02 12:44:24
15626,15626,gift_card,286.25,2025-05-27 02:36:38
15627,15627,card,312.63,2025-04-19 00:47:40
15628,15628,card,358.75,2025-09-09 19:39:59
15629,15629,wallet,97.82,2025-11-04 08:41:25
15630,15630,cash,245.63,2025-05-22 10:59:16
15631,15631,gift_card,417.86,2025-09-18 21:01:35
15632,15632,cash,209.49,2025-04-15 14:48:52
15633,15633,card,1305.38,2025-07-17 13:11:56
15634,15634,card,561.39,2025-06-19 22:33:49
15635,15635,gift_card,125.70,2025-06-03 04:10:39
15636,15636,card,1366.28,2025-08-14 12:26:27
15637,15637,card,355.25,2025-06-28 04:36:21
15638,15638,wallet,941.92,2025-01-20 03:40:06
15639,15639,cash,196.31,2025-12-27 10:00:58
15640,15640,gift_card,802.22,2025-06-10 02:43:19
15641,15641,card,189.69,2025-09-04 00:46:26
15642,15642,card,128.08,2025-02-11 13:22:12
15643,15643,gift_card,630.54,2025-08-01 21:33:14
15644,15644,\N,1253.46,2025-11-07 01:05:35
15645,15645,card,764.86,2025-11-09 09:50:24
15646,15646,card,166.28,2025-11-30 15:43:33
15647,15647,cash,325.52,2025-06-10 19:32:22
15648,15648,card,809.17,2025-01-23 05:34:15
15649,15649,gift_card,961.99,2025-02-02 16:18:06
15650,15650,card,187.14,2025-04-10 13:10:40
15651,15651,wallet,611.88,2025-07-20 13:18:33
15652,15652,\N,753.94,2025-12-20 11:19:51
15653,15653,\N,966.98,2025-06-01 04:56:09
15654,15654,card,199.36,2025-02-28 05:12:37
15655,15655,\N,1028.56,2025-08-04 14:34:09
15656,15656,cash,626.79,2025-01-04 18:38:27
15657,15657,wallet,567.90,2025-07-12 21:54:36
15658,15658,cash,554.43,2025-04-14 11:17:54
15659,15659,\N,1823.18,2025-11-13 02:59:24
15660,15660,wallet,840.56,2025-02-26 18:35:29
15661,15661,gift_card,160.77,2025-02-15 10:12:22
15662,15662,cash,155.43,2025-01-06 02:37:03
15663,15663,card,293.90,2025-05-04 05:59:47
15664,15664,\N,34.09,2025-02-05 00:45:50
15665,15665,gift_card,160.65,2025-09-14 04:23:44
15666,15666,\N,514.72,2025-03-08 10:31:05
15667,15667,card,2127.31,2025-09-02 11:50:21
15668,15668,cash,999.86,2025-04-30 01:14:43
15669,15669,wallet,882.86,2025-06-27 02:09:12
15670,15670,cash,189.51,2025-04-09 14:13:34
15671,15671,cash,775.12,2025-03-11 10:30:17
15672,15672,card,132.68,2025-04-25 10:07:05
15673,15673,card,132.86,2025-10-11 09:17:50
15674,15674,gift_card,446.84,2025-03-28 22:49:49
15675,15675,card,314.28,2025-01-17 14:35:34
15676,15676,card,178.00,2025-01-22 22:34:30
15677,15677,wallet,1306.05,2025-10-17 22:49:34
15678,15678,gift_card,1601.03,2025-12-17 04:27:12
15679,15679,\N,258.65,2025-03-26 06:25:14
15680,15680,card,513.33,2025-04-27 20:52:37
15681,15681,card,720.46,2025-05-21 18:22:56
15682,15682,wallet,354.35,2025-07-12 20:59:01
15683,15683,cash,82.20,2025-10-09 22:57:52
15684,15684,cash,672.72,2025-06-19 23:07:12
15685,15685,card,293.01,2025-07-02 09:33:33
15686,15686,card,759.90,2025-03-12 11:01:36
15687,15687,card,1105.19,2025-12-07 01:49:45
15688,15688,card,335.66,2025-01-04 13:32:40
15689,15689,gift_card,241.08,2025-06-06 22:04:17
15690,15690,card,951.38,2025-04-21 10:43:22
15691,15691,cash,649.59,2025-12-14 07:35:06
15692,15692,cash,615.62,2025-02-13 11:29:53
15693,15693,card,422.41,2025-06-30 00:47:20
15694,15694,card,1140.32,2025-04-27 16:42:43
15695,15695,card,358.92,2025-08-15 07:54:11
15696,15696,gift_card,187.43,2025-12-24 21:29:10
15697,15697,\N,127.78,2025-08-25 23:15:02
15698,15698,gift_card,1073.94,2025-03-20 08:00:34
15699,15699,gift_card,258.13,2025-09-25 17:44:39
15700,15700,card,398.94,2025-04-09 04:51:44
15701,15701,card,109.03,2025-01-19 00:00:33
15702,15702,\N,572.46,2025-07-07 16:17:27
15703,15703,card,106.48,2025-06-08 02:24:57
15704,15704,wallet,426.62,2025-03-21 04:34:03
15705,15705,card,1228.48,2025-01-03 23:46:34
15706,15706,\N,463.17,2025-01-02 08:45:27
15707,15707,card,358.14,2025-03-31 14:17:11
15708,15708,\N,69.43,2025-06-19 00:15:08
15709,15709,gift_card,606.04,2025-05-20 12:57:59
15710,15710,wallet,1588.61,2025-08-23 07:50:16
15711,15711,\N,123.92,2025-09-13 17:31:42
15712,15712,cash,261.00,2025-08-29 01:53:49
15713,15713,cash,349.22,2025-07-21 05:57:34
15714,15714,wallet,57.61,2025-01-25 05:56:42
15715,15715,gift_card,546.03,2025-02-14 09:46:44
15716,15716,card,776.53,2025-07-12 18:43:08
15717,15717,card,617.39,2025-06-30 23:48:00
15718,15718,card,381.30,2025-06-08 19:19:52
15719,15719,\N,549.41,2025-01-20 01:13:23
15720,15720,card,146.54,2025-12-01 00:05:54
15721,15721,card,1053.40,2025-09-11 12:31:00
15722,15722,wallet,271.92,2025-07-04 14:50:39
15723,15723,card,260.97,2025-06-24 14:01:32
15724,15724,gift_card,361.49,2025-09-21 23:24:14
15725,15725,gift_card,1158.02,2025-04-28 01:45:42
15726,15726,gift_card,640.74,2025-03-08 00:22:24
15727,15727,\N,469.83,2025-01-09 08:53:50
15728,15728,cash,47.98,2025-10-30 03:43:02
15729,15729,\N,480.43,2025-09-20 06:14:56
15730,15730,cash,2296.24,2025-08-29 05:51:39
15731,15731,card,254.39,2025-11-17 01:47:47
15732,15732,card,1681.07,2025-06-17 10:23:44
15733,15733,gift_card,1284.94,2025-09-11 07:51:53
15734,15734,gift_card,296.15,2025-06-19 04:27:52
15735,15735,\N,289.03,2025-12-26 10:45:35
15736,15736,\N,143.86,2025-10-19 10:48:15
15737,15737,\N,416.49,2025-04-26 07:13:11
15738,15738,wallet,222.60,2025-01-20 07:55:39
15739,15739,card,103.29,2025-11-04 00:54:58
15740,15740,card,261.13,2025-07-25 12:05:08
15741,15741,card,80.31,2025-06-02 15:12:54
15742,15742,card,130.10,2025-01-11 12:16:37
15743,15743,wallet,149.14,2025-06-09 10:39:53
15744,15744,\N,806.84,2025-10-03 01:34:46
15745,15745,wallet,383.67,2025-12-26 13:00:49
15746,15746,card,947.79,2025-04-24 15:01:34
15747,15747,cash,588.39,2025-10-08 08:08:56
15748,15748,card,316.91,2025-01-19 19:09:04
15749,15749,\N,177.34,2025-06-12 13:14:55
15750,15750,card,759.43,2025-12-28 13:08:33
15751,15751,\N,934.07,2025-10-20 04:22:25
15752,15752,card,632.40,2025-03-16 06:21:51
15753,15753,wallet,140.27,2025-08-12 12:47:30
15754,15754,card,1005.62,2025-08-01 23:17:33
15755,15755,card,583.51,2025-12-31 23:40:09
15756,15756,wallet,359.71,2025-01-15 03:17:07
15757,15757,card,239.23,2025-02-16 02:29:56
15758,15758,card,98.43,2025-05-20 03:17:45
15759,15759,card,286.88,2025-01-16 07:28:50
15760,15760,gift_card,917.42,2025-10-12 05:53:54
15761,15761,cash,1042.63,2025-09-28 09:08:51
15762,15762,card,340.63,2025-12-04 16:24:29
15763,15763,card,625.11,2025-08-28 19:51:07
15764,15764,card,916.96,2025-08-03 04:07:10
15765,15765,gift_card,1101.50,2025-06-17 11:06:57
15766,15766,gift_card,35.92,2025-10-24 23:44:52
15767,15767,gift_card,54.92,2025-02-10 17:51:24
15768,15768,\N,288.39,2025-11-02 10:05:38
15769,15769,gift_card,176.00,2025-09-05 02:34:22
15770,15770,\N,658.82,2025-02-05 15:29:16
15771,15771,\N,345.52,2025-10-26 03:31:36
15772,15772,cash,882.68,2025-03-26 11:46:41
15773,15773,card,63.03,2025-04-23 19:59:37
15774,15774,card,1382.85,2025-10-23 00:55:58
15775,15775,\N,206.18,2025-08-16 17:27:06
15776,15776,cash,345.22,2025-12-22 02:40:42
15777,15777,card,337.24,2025-05-04 05:39:21
15778,15778,card,1007.97,2025-03-19 02:11:14
15779,15779,card,96.76,2025-06-08 23:45:13
15780,15780,card,91.92,2025-01-11 08:15:29
15781,15781,card,248.28,2025-07-30 09:30:56
15782,15782,gift_card,314.84,2025-05-10 18:47:04
15783,15783,wallet,369.68,2025-07-27 11:56:43
15784,15784,cash,45.99,2025-09-01 16:34:55
15785,15785,card,395.12,2025-07-13 18:57:03
15786,15786,cash,23.31,2025-09-25 19:55:39
15787,15787,gift_card,358.76,2025-04-06 08:09:08
15788,15788,card,253.89,2025-12-08 04:40:17
15789,15789,gift_card,26.53,2025-10-29 23:04:30
15790,15790,\N,239.82,2025-04-04 01:00:30
15791,15791,card,412.08,2025-07-12 22:02:27
15792,15792,\N,114.64,2025-11-24 05:22:57
15793,15793,card,620.18,2025-07-24 04:47:25
15794,15794,\N,841.57,2025-06-23 07:58:34
15795,15795,\N,651.04,2025-10-01 16:08:13
15796,15796,cash,601.21,2025-09-21 06:51:18
15797,15797,wallet,212.48,2025-06-21 21:16:30
15798,15798,card,275.46,2025-05-29 02:06:51
15799,15799,card,44.68,2025-12-13 17:30:28
15800,15800,card,405.91,2025-02-28 01:06:13
15801,15801,card,72.61,2025-08-01 22:07:33
15802,15802,card,232.81,2025-12-20 02:37:11
15803,15803,card,257.74,2025-12-21 21:02:12
15804,15804,wallet,839.44,2025-07-25 09:08:49
15805,15805,\N,245.85,2025-02-03 20:07:55
15806,15806,wallet,451.96,2025-08-25 22:26:31
15807,15807,card,253.46,2025-01-16 10:43:04
15808,15808,card,288.23,2025-01-03 14:08:54
15809,15809,card,455.04,2025-01-16 00:00:59
15810,15810,wallet,326.11,2025-06-24 01:31:06
15811,15811,cash,5.47,2025-08-31 17:46:06
15812,15812,cash,355.49,2025-02-03 01:40:59
15813,15813,card,441.53,2025-07-19 12:15:57
15814,15814,card,235.36,2025-01-02 04:23:57
15815,15815,card,601.95,2025-11-08 02:03:41
15816,15816,gift_card,315.72,2025-06-13 18:45:39
15817,15817,cash,703.79,2025-01-10 16:02:15
15818,15818,gift_card,101.04,2025-04-28 01:26:05
15819,15819,gift_card,294.00,2025-07-08 13:57:33
15820,15820,gift_card,83.26,2025-01-02 13:57:48
15821,15821,\N,94.27,2025-08-12 03:24:24
15822,15822,\N,446.77,2025-05-26 07:24:53
15823,15823,card,391.54,2025-05-25 20:40:35
15824,15824,gift_card,190.38,2025-03-05 10:51:31
15825,15825,card,658.11,2025-07-18 17:22:18
15826,15826,cash,533.71,2025-02-09 04:00:10
15827,15827,card,337.88,2025-09-17 13:47:13
15828,15828,wallet,188.86,2025-12-29 13:00:14
15829,15829,\N,463.40,2025-01-29 06:01:03
15830,15830,cash,641.74,2025-07-13 12:25:45
15831,15831,cash,336.52,2025-10-08 20:34:02
15832,15832,\N,1412.31,2025-07-05 14:23:18
15833,15833,card,21.72,2025-08-27 21:25:58
15834,15834,card,832.90,2025-09-21 15:48:12
15835,15835,\N,751.43,2025-08-21 08:07:51
15836,15836,card,135.81,2025-11-06 02:51:20
15837,15837,gift_card,63.96,2025-04-21 15:45:40
15838,15838,gift_card,245.32,2025-02-27 08:28:34
15839,15839,gift_card,273.49,2025-01-05 12:57:27
15840,15840,wallet,640.53,2025-10-08 02:02:17
15841,15841,gift_card,1309.15,2025-09-06 13:47:39
15842,15842,gift_card,1286.09,2025-12-11 03:55:30
15843,15843,gift_card,582.19,2025-03-24 05:32:07
15844,15844,wallet,728.61,2025-07-09 15:10:56
15845,15845,cash,23.58,2025-01-28 16:18:19
15846,15846,cash,317.78,2025-11-17 07:14:57
15847,15847,wallet,268.42,2025-06-06 03:04:09
15848,15848,card,358.16,2025-04-03 22:41:28
15849,15849,wallet,15.27,2025-11-26 08:04:44
15850,15850,card,378.73,2025-08-06 02:45:40
15851,15851,gift_card,172.89,2025-04-29 11:09:49
15852,15852,card,377.85,2025-10-22 09:59:03
15853,15853,card,225.76,2025-12-19 20:28:47
15854,15854,cash,542.20,2025-12-09 16:14:14
15855,15855,card,350.81,2025-01-30 07:09:23
15856,15856,wallet,809.75,2025-08-18 07:09:21
15857,15857,cash,737.28,2025-11-21 03:05:21
15858,15858,card,848.21,2025-12-22 16:34:02
15859,15859,card,693.18,2025-01-17 18:33:17
15860,15860,\N,683.29,2025-10-19 03:59:07
15861,15861,card,529.17,2025-10-07 04:49:05
15862,15862,\N,137.21,2025-02-09 21:16:21
15863,15863,card,353.68,2025-10-18 17:54:57
15864,15864,card,308.45,2025-11-06 08:23:25
15865,15865,card,874.83,2025-01-09 02:35:57
15866,15866,wallet,1209.69,2025-03-07 04:04:35
15867,15867,wallet,206.72,2025-06-27 16:53:16
15868,15868,gift_card,497.92,2025-10-19 13:59:28
15869,15869,card,556.70,2025-04-28 16:06:07
15870,15870,cash,638.38,2025-07-30 09:20:37
15871,15871,\N,469.35,2025-08-22 03:49:07
15872,15872,card,34.83,2025-03-18 17:50:53
15873,15873,cash,1121.12,2025-02-26 05:02:02
15874,15874,\N,247.30,2025-12-31 10:36:31
15875,15875,wallet,176.42,2025-11-23 05:22:31
15876,15876,card,1117.89,2025-08-17 13:15:48
15877,15877,card,442.89,2025-02-21 20:33:49
15878,15878,\N,753.93,2025-02-03 13:07:13
15879,15879,\N,91.18,2025-07-28 12:42:58
15880,15880,gift_card,61.75,2025-05-02 12:25:54
15881,15881,card,872.20,2025-10-14 11:33:48
15882,15882,wallet,826.48,2025-05-22 14:53:22
15883,15883,card,1151.05,2025-06-02 17:32:42
15884,15884,card,174.92,2025-02-21 10:40:11
15885,15885,gift_card,93.52,2025-07-04 05:11:26
15886,15886,card,26.05,2025-05-17 17:55:23
15887,15887,card,144.21,2025-10-26 15:21:46
15888,15888,gift_card,249.27,2025-05-21 12:16:16
15889,15889,card,677.13,2025-12-17 14:11:23
15890,15890,wallet,674.48,2025-03-19 04:52:54
15891,15891,card,550.88,2025-06-08 03:18:29
15892,15892,card,848.57,2025-01-24 07:49:34
15893,15893,wallet,539.52,2025-09-20 05:02:39
15894,15894,wallet,18.26,2025-07-06 03:11:03
15895,15895,cash,1143.79,2025-06-22 12:36:59
15896,15896,card,1304.95,2025-06-15 22:46:17
15897,15897,wallet,27.42,2025-02-17 23:29:52
15898,15898,card,1277.96,2025-06-05 10:59:53
15899,15899,card,941.60,2025-03-02 09:23:47
15900,15900,wallet,260.38,2025-09-15 17:20:28
15901,15901,card,526.35,2025-03-02 04:36:40
15902,15902,wallet,437.15,2025-03-12 11:16:51
15903,15903,card,380.49,2025-01-27 21:39:19
15904,15904,card,1092.69,2025-11-23 06:39:26
15905,15905,cash,249.31,2025-12-07 02:34:46
15906,15906,card,835.14,2025-01-31 13:37:56
15907,15907,gift_card,22.88,2025-09-18 16:22:18
15908,15908,\N,520.49,2025-09-25 01:17:19
15909,15909,wallet,439.76,2025-02-04 08:08:38
15910,15910,wallet,233.81,2025-09-24 21:50:53
15911,15911,cash,295.96,2025-07-26 10:55:17
15912,15912,card,406.57,2025-12-19 04:25:26
15913,15913,\N,935.96,2025-12-05 04:09:09
15914,15914,\N,233.58,2025-05-10 07:55:08
15915,15915,card,239.62,2025-01-22 02:19:33
15916,15916,card,103.84,2025-08-19 12:30:20
15917,15917,card,306.15,2025-09-14 12:22:03
15918,15918,\N,328.56,2025-07-21 06:36:29
15919,15919,cash,1094.38,2025-12-19 05:42:18
15920,15920,card,307.58,2025-07-07 07:19:54
15921,15921,cash,1211.57,2025-12-24 00:39:43
15922,15922,cash,48.67,2025-12-31 15:31:51
15923,15923,cash,319.66,2025-01-06 03:06:05
15924,15924,gift_card,115.41,2025-04-04 20:26:43
15925,15925,\N,1299.82,2025-03-27 14:11:50
15926,15926,card,972.81,2025-04-01 18:50:57
15927,15927,gift_card,569.69,2025-04-04 10:05:18
15928,15928,\N,272.08,2025-09-15 02:28:14
15929,15929,card,307.98,2025-10-04 12:07:03
15930,15930,gift_card,310.12,2025-03-18 02:20:47
15931,15931,card,119.62,2025-03-12 11:35:08
15932,15932,card,529.26,2025-09-19 04:00:40
15933,15933,card,380.92,2025-10-02 08:18:35
15934,15934,card,1018.21,2025-11-16 11:28:02
15935,15935,\N,772.74,2025-07-24 01:24:00
15936,15936,card,1778.35,2025-01-26 08:31:33
15937,15937,card,751.83,2025-05-20 01:17:21
15938,15938,card,362.60,2025-08-24 09:45:09
15939,15939,gift_card,1309.39,2025-07-04 10:59:05
15940,15940,\N,234.14,2025-07-23 19:57:22
15941,15941,card,556.17,2025-02-27 07:27:53
15942,15942,card,363.89,2025-06-28 23:13:32
15943,15943,gift_card,103.31,2025-08-21 18:45:43
15944,15944,card,1088.98,2025-02-16 08:47:56
15945,15945,\N,552.34,2025-09-27 23:41:30
15946,15946,wallet,260.83,2025-06-17 20:20:27
15947,15947,\N,664.76,2025-05-16 11:59:25
15948,15948,gift_card,534.57,2025-11-29 17:01:17
15949,15949,cash,508.98,2025-08-20 22:17:30
15950,15950,gift_card,198.99,2025-10-16 13:51:26
15951,15951,gift_card,1020.25,2025-10-13 04:18:28
15952,15952,card,1537.95,2025-12-28 20:17:05
15953,15953,card,399.33,2025-08-04 19:50:05
15954,15954,wallet,144.18,2025-08-19 02:49:47
15955,15955,wallet,229.49,2025-01-31 03:18:30
15956,15956,card,658.74,2025-07-11 15:53:51
15957,15957,\N,171.37,2025-08-18 15:35:19
15958,15958,wallet,314.49,2025-12-21 08:18:11
15959,15959,wallet,745.62,2025-12-01 01:21:10
15960,15960,wallet,249.12,2025-03-02 22:03:19
15961,15961,card,696.22,2025-11-22 22:18:17
15962,15962,gift_card,95.24,2025-02-01 11:50:43
15963,15963,wallet,8.36,2025-08-21 21:12:45
15964,15964,gift_card,520.06,2025-03-22 21:52:25
15965,15965,card,582.06,2025-12-28 14:40:19
15966,15966,cash,801.57,2025-12-25 15:13:47
15967,15967,wallet,61.44,2025-09-19 03:21:40
15968,15968,wallet,166.66,2025-09-12 01:01:15
15969,15969,card,508.92,2025-01-14 17:27:01
15970,15970,cash,651.38,2025-07-20 21:05:00
15971,15971,card,494.46,2025-01-02 20:53:55
15972,15972,wallet,336.34,2025-01-30 17:17:06
15973,15973,wallet,546.35,2025-01-17 07:06:07
15974,15974,\N,319.36,2025-01-23 13:33:02
15975,15975,wallet,413.64,2025-03-10 07:08:27
15976,15976,\N,900.86,2025-08-06 06:25:51
15977,15977,gift_card,301.73,2025-03-08 13:40:34
15978,15978,cash,75.03,2025-04-04 11:36:18
15979,15979,gift_card,713.76,2025-03-13 22:47:45
15980,15980,card,250.09,2025-11-08 21:02:50
15981,15981,cash,512.27,2025-12-09 08:53:00
15982,15982,card,149.26,2025-12-08 01:41:48
15983,15983,\N,261.27,2025-03-30 20:36:13
15984,15984,gift_card,254.39,2025-02-13 04:30:09
15985,15985,card,620.98,2025-07-22 21:48:44
15986,15986,card,268.26,2025-01-15 18:10:32
15987,15987,gift_card,138.02,2025-12-14 22:16:36
15988,15988,card,243.09,2025-09-27 10:14:44
15989,15989,card,324.49,2025-04-09 04:45:42
15990,15990,card,1149.89,2025-03-06 22:07:48
15991,15991,\N,429.28,2025-04-11 23:56:46
15992,15992,card,73.55,2025-09-28 06:24:17
15993,15993,\N,858.56,2025-02-07 15:23:56
15994,15994,card,352.90,2025-05-23 06:48:39
15995,15995,wallet,488.17,2025-10-12 16:22:12
15996,15996,wallet,325.29,2025-12-09 08:23:48
15997,15997,\N,89.59,2025-01-02 19:12:59
15998,15998,card,636.80,2025-12-30 07:15:07
15999,15999,gift_card,749.26,2025-02-23 16:16:23
16000,16000,cash,1449.41,2025-05-17 11:46:11
16001,16001,cash,484.54,2025-02-27 06:40:12
16002,16002,cash,232.62,2025-03-07 15:52:06
16003,16003,card,647.15,2025-05-18 11:31:29
16004,16004,gift_card,667.63,2025-04-15 19:07:33
16005,16005,card,40.16,2025-03-26 06:56:20
16006,16006,\N,671.44,2025-08-13 08:39:41
16007,16007,cash,889.55,2025-03-15 05:18:49
16008,16008,gift_card,153.31,2025-09-03 12:09:24
16009,16009,card,112.90,2025-03-01 19:44:13
16010,16010,wallet,1512.19,2025-03-11 11:57:29
16011,16011,wallet,348.58,2025-08-23 02:44:23
16012,16012,gift_card,348.11,2025-08-23 08:44:36
16013,16013,\N,994.18,2025-12-04 18:15:21
16014,16014,\N,23.12,2025-03-29 00:12:09
16015,16015,cash,763.45,2025-03-02 08:55:50
16016,16016,card,68.04,2025-04-10 22:25:45
16017,16017,gift_card,699.36,2025-10-18 02:21:15
16018,16018,cash,1160.40,2025-10-28 00:51:06
16019,16019,gift_card,1133.68,2025-02-12 07:12:56
16020,16020,card,1284.85,2025-01-07 06:26:03
16021,16021,gift_card,370.62,2025-09-26 21:47:14
16022,16022,wallet,40.64,2025-05-07 20:21:51
16023,16023,\N,379.05,2025-04-27 19:27:28
16024,16024,card,294.76,2025-05-04 06:54:59
16025,16025,card,382.16,2025-10-20 06:08:37
16026,16026,card,371.55,2025-10-13 19:42:58
16027,16027,\N,190.87,2025-11-10 19:11:50
16028,16028,\N,265.99,2025-08-28 07:40:22
16029,16029,card,116.31,2025-07-23 03:24:49
16030,16030,card,101.68,2025-11-02 06:46:41
16031,16031,wallet,679.92,2025-09-25 21:24:51
16032,16032,wallet,113.14,2025-07-25 01:46:51
16033,16033,card,580.84,2025-03-08 16:52:53
16034,16034,card,254.44,2025-02-15 17:57:41
16035,16035,\N,179.70,2025-04-01 11:11:14
16036,16036,card,552.34,2025-05-22 08:10:59
16037,16037,gift_card,695.88,2025-01-23 04:58:54
16038,16038,\N,509.43,2025-04-18 14:44:53
16039,16039,card,543.69,2025-06-05 06:20:50
16040,16040,gift_card,746.72,2025-11-26 00:48:27
16041,16041,card,187.86,2025-05-24 19:56:58
16042,16042,gift_card,292.65,2025-12-10 15:39:38
16043,16043,card,543.98,2025-06-03 04:53:11
16044,16044,wallet,343.98,2025-06-21 22:46:16
16045,16045,wallet,229.48,2025-07-24 01:48:14
16046,16046,\N,26.60,2025-03-16 22:32:18
16047,16047,wallet,577.79,2025-04-29 19:33:13
16048,16048,gift_card,470.82,2025-03-08 00:45:30
16049,16049,card,794.20,2025-12-22 12:28:50
16050,16050,wallet,1313.30,2025-12-17 20:38:41
16051,16051,\N,1007.58,2025-06-01 11:38:02
16052,16052,card,744.33,2025-07-07 03:23:34
16053,16053,card,342.42,2025-10-25 19:15:21
16054,16054,card,531.66,2025-05-03 09:37:24
16055,16055,\N,311.18,2025-10-03 09:06:39
16056,16056,\N,543.94,2025-09-22 16:16:47
16057,16057,cash,510.71,2025-09-11 04:26:57
16058,16058,cash,435.12,2025-11-22 23:09:43
16059,16059,gift_card,1606.96,2025-04-29 22:38:57
16060,16060,gift_card,335.54,2025-08-21 01:34:18
16061,16061,wallet,97.20,2025-09-29 18:20:24
16062,16062,card,142.50,2025-01-25 07:31:55
16063,16063,cash,347.46,2025-05-04 05:00:21
16064,16064,card,128.78,2025-07-06 05:15:16
16065,16065,card,227.89,2025-12-17 08:18:21
16066,16066,card,336.89,2025-04-03 04:24:57
16067,16067,wallet,834.40,2025-07-31 21:40:51
16068,16068,cash,695.68,2025-07-24 17:29:43
16069,16069,wallet,801.26,2025-11-25 10:53:39
16070,16070,card,417.92,2025-03-11 20:43:37
16071,16071,card,770.54,2025-10-10 09:24:31
16072,16072,card,1329.39,2025-02-20 05:52:40
16073,16073,gift_card,321.72,2025-01-24 23:38:47
16074,16074,card,1145.66,2025-10-12 09:30:24
16075,16075,cash,212.13,2025-09-30 00:36:33
16076,16076,\N,254.80,2025-07-31 02:03:26
16077,16077,card,442.61,2025-12-27 19:11:55
16078,16078,wallet,234.34,2025-10-11 15:29:11
16079,16079,cash,18.55,2025-06-09 13:53:46
16080,16080,gift_card,1278.87,2025-10-16 19:53:40
16081,16081,gift_card,106.88,2025-07-06 13:25:30
16082,16082,card,709.16,2025-11-10 01:10:26
16083,16083,card,651.45,2025-05-15 23:50:53
16084,16084,card,861.49,2025-07-09 06:40:53
16085,16085,card,316.14,2025-03-02 16:24:37
16086,16086,card,604.76,2025-09-12 07:30:55
16087,16087,card,397.90,2025-01-12 00:28:08
16088,16088,wallet,151.75,2025-03-16 18:18:21
16089,16089,cash,560.20,2025-01-06 10:37:11
16090,16090,gift_card,367.17,2025-01-05 10:57:37
16091,16091,card,300.14,2025-10-21 06:49:07
16092,16092,card,576.51,2025-08-09 14:24:30
16093,16093,card,140.85,2025-09-24 23:36:21
16094,16094,cash,328.33,2025-02-14 21:39:18
16095,16095,\N,161.96,2025-08-07 06:35:53
16096,16096,cash,389.40,2025-03-22 12:36:10
16097,16097,card,323.36,2025-08-22 07:34:23
16098,16098,card,106.72,2025-03-31 09:12:27
16099,16099,card,352.20,2025-05-05 17:06:18
16100,16100,\N,398.10,2025-10-20 20:16:24
16101,16101,card,1009.18,2025-10-26 22:08:50
16102,16102,gift_card,351.47,2025-12-12 06:44:11
16103,16103,\N,86.56,2025-04-09 05:24:39
16104,16104,card,216.05,2025-03-15 23:11:30
16105,16105,card,110.58,2025-05-26 12:11:26
16106,16106,\N,583.28,2025-07-05 16:22:03
16107,16107,card,261.64,2025-04-08 10:06:17
16108,16108,\N,286.88,2025-12-28 16:46:14
16109,16109,\N,361.65,2025-01-07 15:16:39
16110,16110,\N,1439.31,2025-02-28 12:16:35
16111,16111,card,1373.72,2025-01-28 10:55:03
16112,16112,card,333.44,2025-12-08 23:01:52
16113,16113,card,359.24,2025-02-26 22:51:00
16114,16114,gift_card,127.77,2025-10-24 10:04:40
16115,16115,card,1025.50,2025-10-21 05:18:09
16116,16116,card,666.91,2025-12-29 15:33:52
16117,16117,card,19.61,2025-02-03 14:59:33
16118,16118,card,294.76,2025-01-02 11:48:27
16119,16119,card,314.55,2025-09-25 12:07:36
16120,16120,wallet,361.84,2025-10-02 12:54:29
16121,16121,gift_card,523.92,2025-12-08 14:58:15
16122,16122,gift_card,300.58,2025-02-05 06:48:36
16123,16123,card,376.04,2025-12-13 15:59:57
16124,16124,\N,579.60,2025-01-10 19:52:26
16125,16125,card,531.14,2025-09-14 17:11:00
16126,16126,\N,307.42,2025-01-25 22:14:35
16127,16127,wallet,289.73,2025-07-16 00:10:56
16128,16128,gift_card,606.25,2025-11-08 14:26:17
16129,16129,card,1684.35,2025-06-17 20:14:08
16130,16130,wallet,223.94,2025-07-26 13:51:24
16131,16131,gift_card,1256.33,2025-03-11 00:57:31
16132,16132,card,774.55,2025-07-26 06:44:13
16133,16133,card,354.94,2025-04-08 10:52:51
16134,16134,wallet,188.28,2025-11-15 23:04:06
16135,16135,card,66.72,2025-03-05 12:04:26
16136,16136,wallet,168.13,2025-07-21 13:30:14
16137,16137,\N,449.03,2025-03-21 10:14:08
16138,16138,\N,523.04,2025-10-18 08:51:28
16139,16139,card,525.64,2025-03-29 07:50:29
16140,16140,gift_card,660.35,2025-12-27 17:02:37
16141,16141,card,126.71,2025-02-09 05:16:38
16142,16142,wallet,164.50,2025-01-10 16:09:09
16143,16143,cash,304.81,2025-10-22 04:14:18
16144,16144,card,638.32,2025-06-07 15:09:29
16145,16145,card,431.70,2025-06-22 09:21:39
16146,16146,\N,1863.29,2025-04-13 03:43:26
16147,16147,gift_card,344.60,2025-07-18 07:55:56
16148,16148,cash,1004.64,2025-03-07 05:15:55
16149,16149,card,231.47,2025-07-13 06:18:13
16150,16150,card,54.37,2025-07-08 02:11:15
16151,16151,gift_card,738.06,2025-06-03 00:52:00
16152,16152,cash,596.36,2025-02-09 04:48:15
16153,16153,wallet,706.90,2025-04-04 01:34:58
16154,16154,card,99.52,2025-07-20 09:22:26
16155,16155,cash,766.00,2025-07-03 14:25:12
16156,16156,card,860.81,2025-02-15 04:40:41
16157,16157,cash,622.40,2025-07-15 13:14:36
16158,16158,\N,292.36,2025-06-26 01:09:11
16159,16159,\N,910.62,2025-03-28 06:01:30
16160,16160,gift_card,1146.31,2025-02-04 00:18:24
16161,16161,card,863.36,2025-04-02 11:36:48
16162,16162,cash,292.05,2025-01-06 06:19:08
16163,16163,wallet,223.84,2025-07-17 16:21:52
16164,16164,card,1850.68,2025-01-13 06:19:25
16165,16165,\N,350.08,2025-12-08 22:14:48
16166,16166,\N,932.25,2025-08-05 06:47:09
16167,16167,cash,827.44,2025-07-08 11:38:55
16168,16168,card,251.64,2025-11-23 13:17:20
16169,16169,\N,165.08,2025-11-29 02:25:25
16170,16170,card,248.10,2025-02-05 08:33:43
16171,16171,gift_card,211.75,2025-10-10 04:53:41
16172,16172,card,312.46,2025-12-20 17:35:23
16173,16173,card,846.34,2025-05-17 03:25:09
16174,16174,cash,460.25,2025-11-28 00:03:59
16175,16175,card,269.24,2025-01-26 11:34:56
16176,16176,\N,325.75,2025-01-08 02:27:15
16177,16177,card,636.80,2025-04-21 15:11:48
16178,16178,wallet,301.07,2025-08-21 23:47:28
16179,16179,wallet,1121.94,2025-03-25 18:26:40
16180,16180,card,248.05,2025-06-02 17:08:10
16181,16181,gift_card,752.08,2025-07-17 05:50:55
16182,16182,wallet,203.54,2025-04-08 18:48:28
16183,16183,gift_card,621.69,2025-11-01 02:45:55
16184,16184,cash,391.67,2025-07-25 18:20:44
16185,16185,cash,147.38,2025-03-16 10:27:24
16186,16186,cash,835.83,2025-06-23 17:54:30
16187,16187,card,72.61,2025-11-28 19:42:46
16188,16188,card,366.92,2025-07-19 03:17:38
16189,16189,gift_card,361.53,2025-10-29 23:49:26
16190,16190,card,265.62,2025-03-31 09:36:19
16191,16191,\N,333.24,2025-10-25 05:04:41
16192,16192,card,248.10,2025-02-04 16:03:39
16193,16193,\N,402.88,2025-07-17 01:35:52
16194,16194,card,574.46,2025-05-07 12:06:14
16195,16195,card,1558.61,2025-08-23 13:38:08
16196,16196,\N,324.43,2025-07-21 09:24:13
16197,16197,card,797.22,2025-01-08 12:31:01
16198,16198,card,385.23,2025-06-02 14:25:25
16199,16199,card,238.71,2025-05-06 05:21:12
16200,16200,card,139.40,2025-05-21 12:31:25
16201,16201,card,445.02,2025-11-24 06:25:21
16202,16202,cash,1032.78,2025-07-11 21:58:11
16203,16203,wallet,788.63,2025-01-26 14:58:55
16204,16204,gift_card,599.17,2025-05-03 02:29:04
16205,16205,cash,111.42,2025-12-05 14:13:38
16206,16206,card,1072.53,2025-07-08 12:09:32
16207,16207,gift_card,302.24,2025-05-17 04:13:59
16208,16208,card,557.82,2025-02-05 09:49:12
16209,16209,card,293.24,2025-06-13 02:00:55
16210,16210,gift_card,947.48,2025-01-11 19:37:27
16211,16211,cash,1232.49,2025-04-27 00:04:03
16212,16212,card,198.03,2025-05-18 14:05:46
16213,16213,card,513.05,2025-02-25 23:06:26
16214,16214,wallet,359.44,2025-09-07 15:44:42
16215,16215,cash,187.91,2025-09-04 15:15:13
16216,16216,card,652.91,2025-07-26 00:51:43
16217,16217,gift_card,226.38,2025-04-21 06:52:41
16218,16218,card,194.02,2025-06-22 20:08:38
16219,16219,card,159.13,2025-07-03 23:23:07
16220,16220,card,149.81,2025-11-16 07:54:14
16221,16221,wallet,114.50,2025-12-23 06:32:33
16222,16222,card,545.01,2025-03-14 05:27:10
16223,16223,card,2110.13,2025-10-18 18:49:09
16224,16224,cash,601.94,2025-02-13 16:25:26
16225,16225,cash,75.87,2025-08-28 08:20:28
16226,16226,card,302.77,2025-10-27 11:02:13
16227,16227,card,569.80,2025-02-20 16:01:37
16228,16228,cash,509.36,2025-08-17 12:01:04
16229,16229,card,310.69,2025-11-21 18:15:07
16230,16230,card,509.19,2025-05-07 06:18:45
16231,16231,card,170.50,2025-06-02 19:11:49
16232,16232,card,730.92,2025-02-23 05:49:33
16233,16233,gift_card,750.74,2025-06-05 08:29:48
16234,16234,gift_card,226.40,2025-02-01 14:18:24
16235,16235,card,366.31,2025-02-18 01:43:14
16236,16236,card,294.69,2025-12-23 08:58:23
16237,16237,gift_card,86.64,2025-02-06 11:13:24
16238,16238,\N,361.14,2025-09-27 04:52:30
16239,16239,wallet,372.28,2025-04-09 21:32:33
16240,16240,cash,559.19,2025-05-01 12:11:11
16241,16241,\N,431.83,2025-10-27 18:08:00
16242,16242,cash,1149.12,2025-12-07 19:34:22
16243,16243,wallet,246.83,2025-08-14 19:52:49
16244,16244,cash,534.71,2025-05-03 09:38:05
16245,16245,card,515.99,2025-07-09 13:14:48
16246,16246,wallet,144.21,2025-11-09 19:56:43
16247,16247,gift_card,189.29,2025-03-08 00:04:40
16248,16248,cash,303.68,2025-01-12 10:22:32
16249,16249,card,367.60,2025-02-09 01:57:45
16250,16250,wallet,108.20,2025-09-18 13:18:11
16251,16251,card,324.89,2025-02-23 05:47:51
16252,16252,\N,779.52,2025-12-13 14:35:34
16253,16253,gift_card,555.54,2025-02-18 08:28:53
16254,16254,gift_card,952.26,2025-03-19 02:05:45
16255,16255,card,314.27,2025-09-28 23:46:37
16256,16256,wallet,211.82,2025-02-24 10:03:47
16257,16257,card,349.19,2025-06-09 07:04:43
16258,16258,card,340.98,2025-12-16 02:26:41
16259,16259,\N,382.37,2025-09-25 03:49:03
16260,16260,card,121.90,2025-07-04 08:23:49
16261,16261,card,726.79,2025-05-14 17:30:19
16262,16262,card,104.15,2025-08-17 19:16:51
16263,16263,cash,63.46,2025-06-29 08:10:25
16264,16264,cash,168.09,2025-10-25 15:29:57
16265,16265,card,513.74,2025-04-02 06:12:21
16266,16266,cash,184.22,2025-04-13 23:19:24
16267,16267,gift_card,522.22,2025-05-05 11:21:51
16268,16268,\N,48.68,2025-01-29 07:10:30
16269,16269,gift_card,1503.67,2025-10-11 07:00:00
16270,16270,card,288.69,2025-06-13 19:26:52
16271,16271,card,1214.47,2025-08-31 03:47:40
16272,16272,card,458.78,2025-10-19 08:59:38
16273,16273,gift_card,375.66,2025-03-01 07:20:12
16274,16274,\N,542.97,2025-07-19 04:49:55
16275,16275,\N,658.39,2025-07-17 12:33:28
16276,16276,card,44.68,2025-03-06 00:55:46
16277,16277,card,557.82,2025-07-18 12:20:54
16278,16278,card,111.85,2025-03-24 15:49:05
16279,16279,card,710.81,2025-07-15 19:12:26
16280,16280,card,957.07,2025-09-23 16:40:17
16281,16281,card,602.14,2025-09-09 06:24:37
16282,16282,cash,239.50,2025-01-05 11:54:59
16283,16283,card,654.32,2025-04-08 12:46:29
16284,16284,cash,115.99,2025-08-26 19:39:41
16285,16285,card,536.17,2025-11-18 04:29:15
16286,16286,\N,916.17,2025-03-08 11:36:43
16287,16287,wallet,412.12,2025-01-27 08:36:08
16288,16288,card,517.93,2025-02-11 00:28:40
16289,16289,wallet,654.85,2025-09-27 05:14:27
16290,16290,card,265.93,2025-07-21 08:28:20
16291,16291,wallet,238.20,2025-04-02 15:44:01
16292,16292,gift_card,298.28,2025-04-11 02:56:42
16293,16293,card,414.11,2025-12-15 00:22:12
16294,16294,wallet,138.65,2025-04-15 18:50:53
16295,16295,card,102.55,2025-04-16 04:51:22
16296,16296,gift_card,319.42,2025-03-25 12:57:14
16297,16297,card,363.09,2025-12-25 15:57:08
16298,16298,card,2418.65,2025-10-08 17:26:10
16299,16299,card,640.53,2025-12-03 16:02:24
16300,16300,card,179.17,2025-01-11 21:55:54
16301,16301,card,238.56,2025-09-30 17:22:28
16302,16302,wallet,487.52,2025-10-16 13:05:55
16303,16303,\N,621.08,2025-02-15 14:43:32
16304,16304,card,1084.28,2025-09-07 12:42:40
16305,16305,gift_card,550.68,2025-05-01 04:51:34
16306,16306,cash,984.21,2025-08-02 15:09:55
16307,16307,card,327.08,2025-12-27 13:13:09
16308,16308,card,45.46,2025-03-31 03:04:56
16309,16309,card,1521.51,2025-06-27 10:56:55
16310,16310,\N,652.89,2025-04-02 03:23:30
16311,16311,card,52.41,2025-10-23 03:45:27
16312,16312,cash,299.15,2025-03-12 15:02:09
16313,16313,gift_card,180.70,2025-12-04 22:36:19
16314,16314,\N,357.98,2025-07-06 17:13:13
16315,16315,wallet,303.29,2025-06-18 02:07:26
16316,16316,card,461.67,2025-11-13 23:22:40
16317,16317,gift_card,437.01,2025-09-05 00:06:12
16318,16318,card,801.24,2025-02-13 01:35:31
16319,16319,card,744.62,2025-03-30 04:13:11
16320,16320,card,382.24,2025-11-16 04:05:02
16321,16321,wallet,1344.03,2025-12-10 02:08:34
16322,16322,card,930.02,2025-12-16 15:41:22
16323,16323,\N,202.92,2025-02-01 10:21:43
16324,16324,cash,219.40,2025-11-12 11:20:23
16325,16325,cash,475.42,2025-11-27 06:30:42
16326,16326,wallet,543.33,2025-05-10 04:04:02
16327,16327,cash,91.77,2025-08-17 19:08:42
16328,16328,gift_card,128.80,2025-08-06 05:49:07
16329,16329,card,202.32,2025-12-22 20:33:51
16330,16330,card,733.16,2025-12-04 22:24:11
16331,16331,card,108.22,2025-01-12 07:54:42
16332,16332,card,518.04,2025-11-22 05:48:47
16333,16333,\N,325.78,2025-10-31 16:46:42
16334,16334,gift_card,1318.39,2025-08-30 22:22:15
16335,16335,card,237.42,2025-05-22 14:09:24
16336,16336,wallet,288.85,2025-08-17 23:35:53
16337,16337,gift_card,274.92,2025-06-08 20:05:37
16338,16338,gift_card,1237.43,2025-09-20 23:01:20
16339,16339,cash,84.56,2025-12-11 07:57:39
16340,16340,card,227.64,2025-05-31 12:21:47
16341,16341,\N,192.51,2025-11-15 16:57:33
16342,16342,cash,746.94,2025-09-05 04:37:28
16343,16343,card,406.18,2025-01-16 12:43:37
16344,16344,gift_card,64.97,2025-12-14 06:12:15
16345,16345,card,104.22,2025-01-01 22:19:13
16346,16346,card,970.50,2025-11-10 14:34:37
16347,16347,card,1286.79,2025-08-08 04:47:41
16348,16348,card,1221.33,2025-03-06 08:27:08
16349,16349,\N,105.31,2025-08-28 20:00:12
16350,16350,gift_card,164.66,2025-04-15 13:24:09
16351,16351,cash,915.61,2025-03-08 03:39:12
16352,16352,card,686.51,2025-02-07 16:43:38
16353,16353,card,325.14,2025-08-05 05:13:33
16354,16354,\N,788.43,2025-03-19 14:10:57
16355,16355,card,213.32,2025-10-09 09:51:04
16356,16356,card,648.82,2025-05-15 15:07:36
16357,16357,cash,943.58,2025-09-01 21:27:36
16358,16358,card,231.60,2025-04-21 13:32:02
16359,16359,card,1050.97,2025-04-18 15:52:56
16360,16360,wallet,155.68,2025-09-12 15:30:48
16361,16361,\N,468.08,2025-06-24 03:18:09
16362,16362,card,477.92,2025-10-31 21:11:25
16363,16363,cash,440.11,2025-08-13 16:08:47
16364,16364,card,1913.16,2025-02-09 14:26:05
16365,16365,gift_card,402.04,2025-03-14 23:48:47
16366,16366,card,809.97,2025-10-16 07:28:34
16367,16367,\N,1650.68,2025-08-03 06:54:18
16368,16368,gift_card,195.40,2025-10-03 23:48:31
16369,16369,cash,1047.78,2025-02-13 09:16:24
16370,16370,\N,340.75,2025-11-30 01:15:42
16371,16371,\N,203.71,2025-01-18 16:29:03
16372,16372,cash,478.64,2025-05-11 07:35:16
16373,16373,wallet,781.16,2025-07-08 15:35:32
16374,16374,gift_card,297.95,2025-03-24 16:12:23
16375,16375,card,223.46,2025-04-21 02:34:02
16376,16376,\N,501.23,2025-01-02 20:17:21
16377,16377,wallet,756.01,2025-10-12 01:51:36
16378,16378,cash,314.51,2025-11-18 12:02:11
16379,16379,cash,69.21,2025-07-10 02:46:02
16380,16380,wallet,339.29,2025-07-03 02:02:09
16381,16381,wallet,387.14,2025-08-09 06:45:41
16382,16382,cash,325.51,2025-07-25 14:42:16
16383,16383,\N,298.12,2025-04-19 15:11:36
16384,16384,\N,205.24,2025-07-04 20:16:13
16385,16385,cash,330.53,2025-07-29 10:40:12
16386,16386,\N,1136.53,2025-04-17 20:09:40
16387,16387,cash,318.51,2025-03-05 04:53:58
16388,16388,card,405.32,2025-06-04 22:43:33
16389,16389,gift_card,260.38,2025-03-13 07:14:46
16390,16390,cash,831.09,2025-07-24 15:13:22
16391,16391,cash,605.74,2025-04-01 20:34:41
16392,16392,card,570.10,2025-08-27 13:24:37
16393,16393,wallet,1549.31,2025-08-14 12:26:10
16394,16394,gift_card,812.14,2025-04-21 14:55:52
16395,16395,card,126.33,2025-12-26 04:29:21
16396,16396,gift_card,342.11,2025-07-17 10:21:00
16397,16397,wallet,168.72,2025-01-02 21:41:29
16398,16398,card,1064.06,2025-04-30 23:55:45
16399,16399,card,64.07,2025-12-09 18:09:17
16400,16400,cash,233.69,2025-03-09 23:40:08
16401,16401,card,296.79,2025-12-23 11:56:09
16402,16402,card,219.34,2025-10-21 16:11:20
16403,16403,card,347.71,2025-12-30 19:57:05
16404,16404,\N,26.32,2025-10-26 14:46:47
16405,16405,card,2287.24,2025-03-19 08:19:27
16406,16406,\N,185.61,2025-10-06 09:00:18
16407,16407,\N,509.12,2025-01-05 22:53:30
16408,16408,card,57.49,2025-06-23 12:27:21
16409,16409,gift_card,202.33,2025-03-24 17:00:02
16410,16410,card,611.71,2025-04-27 13:49:11
16411,16411,cash,741.15,2025-09-07 23:06:05
16412,16412,card,397.00,2025-10-16 08:29:24
16413,16413,\N,295.12,2025-11-17 09:34:23
16414,16414,gift_card,121.92,2025-09-13 10:01:12
16415,16415,card,54.18,2025-10-17 12:14:38
16416,16416,gift_card,840.38,2025-09-27 19:50:31
16417,16417,cash,589.13,2025-07-24 20:31:35
16418,16418,card,678.72,2025-01-07 18:15:34
16419,16419,\N,908.77,2025-02-20 08:56:39
16420,16420,wallet,310.29,2025-02-24 02:23:12
16421,16421,wallet,95.72,2025-04-18 05:57:48
16422,16422,cash,303.18,2025-11-30 12:17:02
16423,16423,card,205.30,2025-05-21 22:02:17
16424,16424,card,393.19,2025-01-09 05:28:37
16425,16425,\N,1051.55,2025-05-17 18:11:07
16426,16426,\N,260.04,2025-12-21 12:36:38
16427,16427,card,16.52,2025-03-17 21:17:02
16428,16428,cash,337.24,2025-05-22 09:09:40
16429,16429,card,321.46,2025-01-02 21:52:21
16430,16430,card,175.41,2025-07-08 04:00:59
16431,16431,card,102.80,2025-10-30 01:13:04
16432,16432,card,259.16,2025-12-04 09:47:11
16433,16433,wallet,651.44,2025-03-03 22:31:50
16434,16434,wallet,203.19,2025-10-12 08:49:10
16435,16435,gift_card,213.04,2025-05-15 04:20:57
16436,16436,card,441.57,2025-09-03 06:06:12
16437,16437,card,335.21,2025-01-19 00:36:27
16438,16438,\N,1283.37,2025-05-19 07:23:38
16439,16439,card,680.04,2025-02-23 17:14:52
16440,16440,cash,209.33,2025-12-04 05:40:28
16441,16441,cash,1417.76,2025-10-23 21:02:59
16442,16442,\N,798.49,2025-12-02 06:35:36
16443,16443,\N,603.29,2025-03-21 23:19:35
16444,16444,card,747.20,2025-12-25 04:33:25
16445,16445,card,1119.69,2025-12-14 04:50:51
16446,16446,card,322.33,2025-10-09 19:44:15
16447,16447,card,412.30,2025-08-20 20:47:04
16448,16448,cash,201.53,2025-11-07 03:54:41
16449,16449,card,395.39,2025-12-24 02:50:41
16450,16450,card,201.41,2025-06-11 02:51:58
16451,16451,gift_card,291.62,2025-11-11 05:43:21
16452,16452,card,844.50,2025-10-20 07:28:36
16453,16453,cash,311.71,2025-07-25 08:45:52
16454,16454,cash,302.26,2025-05-19 03:15:59
16455,16455,cash,145.96,2025-03-17 03:53:27
16456,16456,\N,182.27,2025-04-11 10:09:55
16457,16457,gift_card,331.90,2025-05-04 00:29:54
16458,16458,\N,766.95,2025-10-15 12:20:26
16459,16459,card,143.88,2025-02-13 13:08:45
16460,16460,card,206.27,2025-05-20 18:24:37
16461,16461,wallet,354.91,2025-06-20 06:41:38
16462,16462,card,794.47,2025-01-18 08:35:20
16463,16463,cash,114.49,2025-03-14 01:33:00
16464,16464,card,352.19,2025-11-29 00:48:19
16465,16465,wallet,309.33,2025-09-10 17:17:16
16466,16466,card,339.88,2025-01-16 09:32:46
16467,16467,wallet,299.83,2025-07-16 07:18:18
16468,16468,\N,848.13,2025-05-14 10:47:52
16469,16469,card,122.05,2025-12-01 11:35:44
16470,16470,card,266.18,2025-01-23 00:53:01
16471,16471,card,318.71,2025-11-29 06:47:21
16472,16472,card,1406.80,2025-09-20 03:05:47
16473,16473,card,40.14,2025-11-17 14:25:04
16474,16474,card,252.06,2025-11-17 05:20:01
16475,16475,cash,272.66,2025-02-28 08:45:56
16476,16476,wallet,241.44,2025-06-29 02:55:19
16477,16477,gift_card,266.07,2025-06-18 08:13:05
16478,16478,card,479.26,2025-05-06 17:33:42
16479,16479,gift_card,509.82,2025-04-22 04:30:50
16480,16480,card,329.61,2025-07-01 15:26:45
16481,16481,\N,338.93,2025-09-22 18:51:48
16482,16482,cash,286.59,2025-03-18 18:54:24
16483,16483,card,588.29,2025-02-27 12:28:14
16484,16484,cash,920.20,2025-03-03 15:18:48
16485,16485,\N,594.71,2025-12-18 11:26:46
16486,16486,gift_card,641.56,2025-12-07 06:02:41
16487,16487,\N,332.19,2025-12-21 01:19:09
16488,16488,gift_card,430.03,2025-03-06 00:07:43
16489,16489,\N,576.13,2025-03-30 09:08:26
16490,16490,cash,222.94,2025-03-23 04:27:03
16491,16491,card,342.46,2025-02-20 22:26:05
16492,16492,card,857.00,2025-04-27 08:38:44
16493,16493,cash,1583.10,2025-03-10 03:22:14
16494,16494,wallet,142.59,2025-06-28 15:29:34
16495,16495,card,288.96,2025-04-15 03:39:36
16496,16496,wallet,1649.14,2025-02-25 05:34:45
16497,16497,card,684.93,2025-08-23 17:12:16
16498,16498,card,1206.93,2025-11-06 18:20:55
16499,16499,card,731.04,2025-10-09 04:10:58
16500,16500,wallet,468.72,2025-09-24 13:04:18
16501,16501,card,231.24,2025-12-22 15:21:22
16502,16502,card,1380.28,2025-05-08 20:03:24
16503,16503,cash,61.38,2025-05-03 08:39:23
16504,16504,wallet,335.69,2025-11-11 02:19:34
16505,16505,card,211.10,2025-04-01 00:10:10
16506,16506,card,503.50,2025-08-24 22:56:00
16507,16507,wallet,388.99,2025-08-26 04:01:48
16508,16508,gift_card,469.93,2025-12-02 16:32:01
16509,16509,gift_card,841.09,2025-08-19 02:13:26
16510,16510,card,543.76,2025-03-17 03:04:35
16511,16511,wallet,232.81,2025-02-08 21:27:37
16512,16512,wallet,321.96,2025-02-27 08:00:24
16513,16513,\N,510.10,2025-10-04 01:24:13
16514,16514,gift_card,1227.02,2025-10-09 04:16:06
16515,16515,card,710.12,2025-07-26 00:21:28
16516,16516,gift_card,328.83,2025-07-23 03:54:17
16517,16517,cash,1237.40,2025-02-13 23:06:41
16518,16518,\N,594.85,2025-01-26 18:44:00
16519,16519,gift_card,372.76,2025-05-03 00:33:41
16520,16520,card,311.36,2025-11-11 12:09:14
16521,16521,card,829.70,2025-04-21 00:45:47
16522,16522,cash,305.72,2025-07-18 18:13:58
16523,16523,card,2097.22,2025-02-04 12:37:25
16524,16524,card,553.43,2025-06-13 12:39:58
16525,16525,gift_card,754.49,2025-03-28 07:52:47
16526,16526,card,250.88,2025-03-09 22:24:49
16527,16527,wallet,609.86,2025-07-01 02:13:01
16528,16528,card,282.79,2025-04-29 10:40:05
16529,16529,\N,293.28,2025-12-03 20:52:42
16530,16530,wallet,325.23,2025-11-15 15:16:42
16531,16531,cash,229.27,2025-07-20 22:33:41
16532,16532,card,1569.83,2025-12-13 06:24:49
16533,16533,cash,330.18,2025-12-06 11:14:30
16534,16534,card,720.55,2025-06-18 04:56:56
16535,16535,card,572.06,2025-01-16 12:29:35
16536,16536,card,657.10,2025-05-20 10:43:37
16537,16537,\N,223.37,2025-08-08 19:41:57
16538,16538,card,1285.76,2025-11-09 22:57:26
16539,16539,card,22.83,2025-04-07 15:07:40
16540,16540,cash,583.29,2025-07-12 03:29:32
16541,16541,gift_card,212.39,2025-10-16 13:45:37
16542,16542,\N,749.02,2025-03-25 10:42:35
16543,16543,card,297.12,2025-12-19 14:15:56
16544,16544,cash,1375.50,2025-04-09 11:39:03
16545,16545,cash,1324.65,2025-01-25 20:47:07
16546,16546,card,240.13,2025-05-31 16:19:10
16547,16547,\N,354.23,2025-05-16 01:51:44
16548,16548,cash,815.14,2025-08-21 18:14:31
16549,16549,card,291.76,2025-02-16 23:27:53
16550,16550,card,49.20,2025-10-21 10:46:19
16551,16551,card,203.28,2025-11-18 11:11:08
16552,16552,cash,69.91,2025-11-09 11:04:21
16553,16553,gift_card,1172.73,2025-05-17 23:49:28
16554,16554,card,191.44,2025-10-01 03:14:59
16555,16555,cash,1252.97,2025-04-20 11:22:12
16556,16556,wallet,1961.71,2025-09-11 12:21:34
16557,16557,\N,206.01,2025-07-16 23:23:49
16558,16558,gift_card,340.48,2025-10-26 19:33:24
16559,16559,cash,588.00,2025-12-31 08:58:58
16560,16560,gift_card,1093.77,2025-05-08 21:07:42
16561,16561,card,378.50,2025-06-20 04:37:19
16562,16562,card,276.38,2025-08-11 05:50:59
16563,16563,card,1080.96,2025-01-28 09:23:09
16564,16564,wallet,724.26,2025-10-13 10:25:38
16565,16565,gift_card,841.74,2025-05-06 10:49:46
16566,16566,wallet,326.16,2025-11-25 03:51:02
16567,16567,gift_card,1040.98,2025-08-28 05:53:24
16568,16568,cash,505.74,2025-02-18 07:11:02
16569,16569,cash,776.71,2025-07-22 19:44:38
16570,16570,\N,275.10,2025-02-18 04:47:30
16571,16571,\N,1089.32,2025-03-10 10:24:58
16572,16572,gift_card,203.17,2025-08-18 14:51:15
16573,16573,card,1671.44,2025-01-10 22:58:42
16574,16574,\N,179.00,2025-06-10 20:16:41
16575,16575,gift_card,874.79,2025-04-11 21:48:24
16576,16576,wallet,160.36,2025-01-11 11:46:43
16577,16577,card,176.05,2025-03-19 16:49:46
16578,16578,card,297.06,2025-07-15 14:34:25
16579,16579,card,188.15,2025-03-25 13:21:08
16580,16580,card,158.10,2025-12-06 12:03:26
16581,16581,\N,337.04,2025-12-21 15:29:01
16582,16582,gift_card,872.36,2025-07-02 19:06:43
16583,16583,card,1867.41,2025-05-03 16:53:41
16584,16584,cash,110.46,2025-04-12 09:37:20
16585,16585,wallet,613.52,2025-08-26 18:16:55
16586,16586,\N,436.86,2025-08-30 21:03:13
16587,16587,wallet,181.15,2025-09-25 22:59:21
16588,16588,card,419.13,2025-05-08 16:20:37
16589,16589,card,199.46,2025-09-04 06:24:08
16590,16590,card,293.38,2025-05-20 21:43:45
16591,16591,\N,356.28,2025-10-07 22:34:34
16592,16592,gift_card,886.35,2025-08-05 01:04:02
16593,16593,cash,340.07,2025-07-28 02:08:00
16594,16594,wallet,168.46,2025-06-07 01:55:16
16595,16595,\N,381.30,2025-04-08 10:55:50
16596,16596,\N,486.33,2025-08-03 17:26:23
16597,16597,card,79.78,2025-04-25 16:35:39
16598,16598,cash,810.61,2025-07-21 17:14:49
16599,16599,card,66.76,2025-04-07 08:06:49
16600,16600,card,221.08,2025-04-18 15:11:27
16601,16601,wallet,158.75,2025-09-13 18:50:10
16602,16602,card,1077.91,2025-10-19 13:10:46
16603,16603,card,111.85,2025-05-23 03:34:01
16604,16604,gift_card,198.11,2025-03-20 18:15:27
16605,16605,card,357.56,2025-01-28 15:01:36
16606,16606,card,346.04,2025-07-17 11:47:14
16607,16607,gift_card,307.30,2025-01-18 22:20:26
16608,16608,card,769.39,2025-05-02 06:26:55
16609,16609,card,915.84,2025-04-17 10:59:40
16610,16610,wallet,289.66,2025-06-03 22:19:13
16611,16611,card,496.61,2025-04-20 22:19:25
16612,16612,card,288.14,2025-12-27 15:14:43
16613,16613,card,277.78,2025-10-26 12:33:26
16614,16614,gift_card,110.09,2025-12-02 09:59:21
16615,16615,wallet,41.77,2025-06-17 21:08:42
16616,16616,\N,213.32,2025-10-15 04:52:23
16617,16617,card,1573.39,2025-10-11 21:35:47
16618,16618,card,159.00,2025-01-26 00:20:37
16619,16619,card,395.08,2025-01-15 07:19:01
16620,16620,\N,85.38,2025-12-05 19:58:54
16621,16621,card,571.71,2025-04-11 18:02:17
16622,16622,gift_card,1396.54,2025-11-25 09:15:54
16623,16623,card,729.73,2025-06-11 02:17:28
16624,16624,\N,48.46,2025-08-11 22:28:51
16625,16625,card,357.29,2025-09-24 19:48:29
16626,16626,card,8.62,2025-09-24 18:20:08
16627,16627,gift_card,134.34,2025-02-12 06:38:48
16628,16628,wallet,1788.78,2025-01-15 09:34:20
16629,16629,\N,97.68,2025-07-10 00:13:30
16630,16630,gift_card,437.76,2025-06-04 04:00:29
16631,16631,cash,430.26,2025-04-28 07:13:29
16632,16632,gift_card,499.63,2025-05-06 12:23:04
16633,16633,gift_card,1009.47,2025-09-21 23:16:58
16634,16634,card,177.88,2025-07-31 01:41:56
16635,16635,card,787.14,2025-06-17 00:06:41
16636,16636,cash,1096.62,2025-02-17 14:57:14
16637,16637,cash,381.60,2025-02-08 21:58:57
16638,16638,cash,245.62,2025-03-17 14:05:10
16639,16639,\N,452.17,2025-05-29 17:01:13
16640,16640,card,191.28,2025-01-13 12:16:48
16641,16641,\N,76.69,2025-12-20 09:15:06
16642,16642,card,928.46,2025-12-20 04:21:38
16643,16643,\N,505.14,2025-03-21 22:27:51
16644,16644,card,110.21,2025-01-12 13:02:33
16645,16645,cash,161.53,2025-07-25 20:14:57
16646,16646,cash,1060.48,2025-12-11 23:31:09
16647,16647,card,704.79,2025-11-10 02:44:03
16648,16648,gift_card,95.23,2025-03-27 22:40:40
16649,16649,cash,701.49,2025-10-17 09:06:03
16650,16650,gift_card,564.36,2025-05-17 17:51:28
16651,16651,cash,135.35,2025-03-16 17:46:44
16652,16652,card,1036.77,2025-03-28 09:04:10
16653,16653,cash,873.30,2025-01-11 01:21:00
16654,16654,cash,671.42,2025-06-15 17:22:59
16655,16655,cash,713.87,2025-12-10 18:38:51
16656,16656,cash,452.96,2025-06-18 12:56:34
16657,16657,wallet,159.45,2025-01-06 22:38:56
16658,16658,card,223.43,2025-12-07 02:03:51
16659,16659,card,383.92,2025-02-01 23:01:56
16660,16660,card,121.38,2025-11-19 20:27:32
16661,16661,card,277.72,2025-06-09 16:19:28
16662,16662,gift_card,123.70,2025-02-11 04:24:53
16663,16663,card,575.20,2025-05-02 07:07:11
16664,16664,wallet,489.54,2025-05-18 12:03:00
16665,16665,wallet,969.73,2025-02-19 14:19:12
16666,16666,card,626.24,2025-04-21 22:23:22
16667,16667,wallet,791.75,2025-10-18 17:28:59
16668,16668,\N,657.43,2025-11-20 17:12:58
16669,16669,\N,357.98,2025-08-09 01:05:23
16670,16670,\N,922.30,2025-03-31 14:53:05
16671,16671,cash,933.87,2025-04-18 22:43:55
16672,16672,cash,160.77,2025-09-07 19:46:02
16673,16673,card,353.23,2025-01-02 14:27:46
16674,16674,wallet,192.79,2025-11-19 15:44:51
16675,16675,\N,119.69,2025-09-21 04:44:45
16676,16676,wallet,1423.44,2025-10-05 01:29:54
16677,16677,card,1216.42,2025-07-27 03:50:14
16678,16678,wallet,503.81,2025-07-20 07:34:51
16679,16679,card,89.62,2025-07-29 03:37:13
16680,16680,card,654.72,2025-04-21 12:11:00
16681,16681,cash,250.51,2025-09-10 03:04:17
16682,16682,cash,204.75,2025-07-09 04:27:12
16683,16683,card,995.46,2025-12-27 23:06:44
16684,16684,\N,315.06,2025-03-01 02:40:41
16685,16685,wallet,1572.57,2025-07-27 00:37:01
16686,16686,card,134.34,2025-06-27 04:50:35
16687,16687,cash,816.19,2025-03-31 18:32:15
16688,16688,wallet,308.09,2025-11-08 15:36:19
16689,16689,cash,342.42,2025-09-03 13:36:56
16690,16690,card,382.00,2025-02-05 10:40:33
16691,16691,card,543.53,2025-09-28 10:14:01
16692,16692,gift_card,1238.68,2025-08-19 14:37:12
16693,16693,card,648.06,2025-11-11 03:18:16
16694,16694,cash,540.20,2025-08-02 20:18:38
16695,16695,wallet,547.31,2025-03-13 11:45:44
16696,16696,card,252.49,2025-07-27 21:27:13
16697,16697,card,1332.13,2025-12-13 08:20:16
16698,16698,\N,324.77,2025-06-23 19:58:33
16699,16699,gift_card,266.08,2025-01-18 11:20:34
16700,16700,card,1045.18,2025-10-15 05:14:28
16701,16701,wallet,585.71,2025-04-03 18:26:28
16702,16702,card,475.36,2025-10-20 05:11:27
16703,16703,cash,284.25,2025-04-16 11:31:07
16704,16704,\N,903.73,2025-08-09 06:34:16
16705,16705,\N,202.04,2025-01-31 05:07:37
16706,16706,card,785.65,2025-03-12 05:00:52
16707,16707,wallet,358.08,2025-04-28 22:10:03
16708,16708,wallet,1032.45,2025-12-13 14:50:05
16709,16709,card,127.90,2025-07-03 05:23:58
16710,16710,gift_card,1157.18,2025-10-13 11:00:24
16711,16711,card,159.56,2025-07-22 02:59:49
16712,16712,gift_card,860.65,2025-04-13 17:32:22
16713,16713,cash,934.59,2025-01-23 04:33:23
16714,16714,\N,352.83,2025-07-14 12:45:05
16715,16715,gift_card,316.03,2025-02-10 08:00:47
16716,16716,card,577.28,2025-05-09 04:42:51
16717,16717,card,819.18,2025-05-10 06:18:33
16718,16718,gift_card,2186.00,2025-09-05 19:08:23
16719,16719,\N,318.82,2025-02-16 15:56:50
16720,16720,card,329.98,2025-12-06 09:35:19
16721,16721,card,443.00,2025-05-05 06:17:27
16722,16722,card,172.61,2025-05-25 09:22:12
16723,16723,card,61.46,2025-07-17 12:13:40
16724,16724,\N,214.52,2025-02-06 04:21:43
16725,16725,wallet,327.65,2025-01-31 04:01:51
16726,16726,gift_card,303.31,2025-09-28 08:33:47
16727,16727,gift_card,1526.88,2025-04-13 01:39:44
16728,16728,cash,683.84,2025-11-21 10:25:32
16729,16729,card,354.70,2025-04-02 20:28:34
16730,16730,gift_card,1158.21,2025-11-07 19:59:55
16731,16731,cash,299.12,2025-05-30 03:38:06
16732,16732,cash,66.14,2025-04-26 16:28:40
16733,16733,cash,155.78,2025-04-28 01:15:05
16734,16734,wallet,111.57,2025-11-02 02:32:02
16735,16735,\N,306.15,2025-03-14 12:13:23
16736,16736,gift_card,919.58,2025-10-21 19:30:48
16737,16737,card,419.94,2025-02-14 04:07:56
16738,16738,gift_card,373.01,2025-05-17 15:11:31
16739,16739,cash,508.96,2025-08-14 06:59:12
16740,16740,gift_card,85.65,2025-09-29 22:11:11
16741,16741,wallet,1423.70,2025-03-17 12:25:17
16742,16742,card,150.39,2025-12-06 01:26:30
16743,16743,card,200.38,2025-03-04 09:05:39
16744,16744,gift_card,481.56,2025-11-19 21:27:28
16745,16745,card,1090.12,2025-10-21 15:48:44
16746,16746,card,118.45,2025-07-17 10:57:00
16747,16747,wallet,698.13,2025-11-03 17:56:37
16748,16748,wallet,820.23,2025-02-01 03:38:01
16749,16749,\N,542.28,2025-10-11 02:10:31
16750,16750,\N,765.87,2025-10-12 02:55:44
16751,16751,card,41.68,2025-06-03 15:16:58
16752,16752,wallet,377.28,2025-02-09 08:49:49
16753,16753,card,486.23,2025-10-12 13:53:18
16754,16754,card,1122.35,2025-07-22 04:59:03
16755,16755,cash,414.19,2025-02-24 01:13:10
16756,16756,card,356.03,2025-06-12 13:07:09
16757,16757,card,1665.99,2025-01-23 04:06:02
16758,16758,gift_card,683.11,2025-11-20 23:17:45
16759,16759,cash,345.59,2025-11-10 07:13:07
16760,16760,card,150.50,2025-01-09 05:57:28
16761,16761,card,65.51,2025-09-14 21:16:20
16762,16762,gift_card,254.42,2025-10-19 00:53:03
16763,16763,card,335.55,2025-11-11 12:14:13
16764,16764,gift_card,587.43,2025-11-11 08:47:51
16765,16765,gift_card,915.52,2025-07-24 01:13:01
16766,16766,card,82.99,2025-06-20 11:48:29
16767,16767,card,258.86,2025-09-16 03:32:48
16768,16768,wallet,69.21,2025-10-19 20:15:27
16769,16769,\N,627.24,2025-12-21 05:55:32
16770,16770,card,1458.50,2025-09-03 16:30:11
16771,16771,gift_card,950.88,2025-01-03 10:28:04
16772,16772,card,116.71,2025-05-25 22:15:52
16773,16773,card,1185.84,2025-02-14 17:40:35
16774,16774,cash,449.92,2025-12-05 15:24:51
16775,16775,gift_card,251.99,2025-04-17 02:13:05
16776,16776,cash,165.76,2025-08-31 05:17:11
16777,16777,card,406.28,2025-10-06 20:19:57
16778,16778,card,162.05,2025-02-06 16:34:50
16779,16779,cash,235.14,2025-04-11 22:17:23
16780,16780,card,568.53,2025-03-28 02:46:56
16781,16781,gift_card,338.42,2025-11-13 15:14:37
16782,16782,card,654.21,2025-01-06 05:26:38
16783,16783,gift_card,495.00,2025-09-05 17:51:36
16784,16784,wallet,865.10,2025-01-05 18:11:06
16785,16785,cash,693.93,2025-04-28 05:13:50
16786,16786,card,1312.58,2025-12-21 02:13:21
16787,16787,wallet,213.26,2025-12-20 13:46:05
16788,16788,gift_card,787.96,2025-09-12 12:32:23
16789,16789,gift_card,135.85,2025-08-11 18:11:14
16790,16790,wallet,328.30,2025-06-10 18:39:07
16791,16791,wallet,419.08,2025-09-13 03:51:50
16792,16792,wallet,192.61,2025-09-08 10:07:15
16793,16793,card,1261.87,2025-01-08 18:30:52
16794,16794,wallet,476.09,2025-06-01 09:07:07
16795,16795,card,1135.45,2025-04-22 00:47:40
16796,16796,card,465.42,2025-08-12 18:42:00
16797,16797,card,121.58,2025-06-21 13:22:08
16798,16798,cash,545.99,2025-05-18 13:13:08
16799,16799,wallet,319.81,2025-08-25 16:30:53
16800,16800,card,389.51,2025-12-14 21:40:45
16801,16801,card,156.00,2025-02-26 16:19:19
16802,16802,card,580.33,2025-07-18 23:58:11
16803,16803,card,596.97,2025-08-02 01:48:34
16804,16804,card,53.70,2025-04-21 06:44:09
16805,16805,cash,309.69,2025-05-29 15:34:06
16806,16806,card,1134.11,2025-03-15 04:44:13
16807,16807,card,204.16,2025-12-10 08:49:23
16808,16808,card,101.40,2025-09-21 19:31:51
16809,16809,wallet,478.10,2025-01-12 23:53:29
16810,16810,wallet,320.72,2025-10-28 08:30:49
16811,16811,cash,686.08,2025-06-19 16:22:17
16812,16812,\N,204.75,2025-05-05 10:18:17
16813,16813,card,154.47,2025-01-17 21:08:20
16814,16814,gift_card,454.19,2025-04-24 19:56:16
16815,16815,card,532.31,2025-07-09 12:10:45
16816,16816,wallet,675.47,2025-06-05 20:50:33
16817,16817,wallet,615.10,2025-07-25 13:45:11
16818,16818,gift_card,252.73,2025-02-14 09:41:23
16819,16819,card,342.73,2025-12-06 22:54:06
16820,16820,card,988.82,2025-11-15 00:31:42
16821,16821,cash,48.23,2025-01-13 03:26:33
16822,16822,card,1460.26,2025-12-03 16:02:00
16823,16823,card,487.44,2025-11-09 18:20:51
16824,16824,cash,158.67,2025-03-27 01:51:46
16825,16825,cash,233.69,2025-08-10 12:39:21
16826,16826,\N,464.18,2025-11-28 10:22:08
16827,16827,wallet,1234.66,2025-02-14 09:05:58
16828,16828,wallet,283.63,2025-10-04 18:39:42
16829,16829,wallet,62.89,2025-01-28 03:32:05
16830,16830,gift_card,952.18,2025-04-10 01:46:44
16831,16831,card,578.43,2025-05-09 11:44:53
16832,16832,card,1182.10,2025-08-11 10:30:36
16833,16833,cash,94.98,2025-06-29 17:25:21
16834,16834,card,145.04,2025-04-07 02:50:36
16835,16835,gift_card,254.39,2025-02-22 02:20:01
16836,16836,gift_card,353.53,2025-12-02 11:05:40
16837,16837,card,274.52,2025-12-27 21:44:01
16838,16838,cash,233.63,2025-05-01 03:40:15
16839,16839,card,92.10,2025-10-08 02:40:38
16840,16840,cash,886.04,2025-06-16 08:18:01
16841,16841,cash,2068.72,2025-10-30 12:18:05
16842,16842,card,504.98,2025-10-30 20:41:01
16843,16843,card,748.26,2025-12-22 22:01:24
16844,16844,card,705.09,2025-12-28 19:37:59
16845,16845,card,651.35,2025-06-11 16:40:57
16846,16846,\N,68.50,2025-08-11 07:56:25
16847,16847,wallet,283.75,2025-02-01 02:59:45
16848,16848,wallet,816.74,2025-05-02 06:52:15
16849,16849,wallet,548.45,2025-04-25 13:22:04
16850,16850,wallet,600.18,2025-04-19 06:40:09
16851,16851,wallet,342.73,2025-06-16 20:44:50
16852,16852,card,342.66,2025-03-23 05:39:21
16853,16853,cash,347.13,2025-02-19 14:54:09
16854,16854,\N,374.56,2025-02-25 13:12:20
16855,16855,gift_card,60.41,2025-07-12 15:53:48
16856,16856,gift_card,540.19,2025-08-29 00:25:25
16857,16857,wallet,662.23,2025-05-26 23:10:42
16858,16858,card,557.93,2025-09-21 18:05:23
16859,16859,card,345.60,2025-09-22 07:51:03
16860,16860,card,1407.21,2025-11-18 00:39:42
16861,16861,card,811.27,2025-06-25 05:34:01
16862,16862,card,1157.41,2025-02-17 15:37:15
16863,16863,card,1731.68,2025-07-23 19:16:39
16864,16864,cash,1797.36,2025-02-05 13:15:20
16865,16865,card,301.70,2025-02-05 09:23:07
16866,16866,wallet,72.01,2025-11-03 16:19:49
16867,16867,card,124.82,2025-08-07 21:55:51
16868,16868,gift_card,14.43,2025-02-02 11:25:17
16869,16869,gift_card,736.04,2025-05-22 01:16:29
16870,16870,cash,222.47,2025-11-25 00:02:22
16871,16871,gift_card,309.35,2025-08-23 13:13:11
16872,16872,card,102.59,2025-10-08 17:50:41
16873,16873,card,157.28,2025-02-03 15:48:40
16874,16874,gift_card,334.08,2025-01-24 10:35:14
16875,16875,cash,633.61,2025-10-06 00:33:55
16876,16876,card,1305.50,2025-10-20 07:37:00
16877,16877,card,167.33,2025-12-03 23:35:44
16878,16878,cash,524.45,2025-12-03 18:48:21
16879,16879,card,270.49,2025-01-19 04:52:48
16880,16880,card,586.02,2025-03-04 21:56:41
16881,16881,card,232.12,2025-11-20 12:07:08
16882,16882,card,212.70,2025-09-02 00:29:54
16883,16883,card,323.46,2025-11-30 20:48:29
16884,16884,card,1153.74,2025-04-10 07:00:27
16885,16885,wallet,1326.49,2025-10-11 22:29:11
16886,16886,cash,292.59,2025-01-25 19:02:40
16887,16887,card,1126.83,2025-02-19 00:41:47
16888,16888,cash,680.89,2025-01-27 21:27:19
16889,16889,gift_card,59.04,2025-09-02 17:52:58
16890,16890,card,765.34,2025-08-31 01:00:26
16891,16891,cash,551.12,2025-05-30 01:22:42
16892,16892,wallet,1085.72,2025-07-11 23:46:58
16893,16893,\N,569.62,2025-08-31 06:23:44
16894,16894,cash,1314.84,2025-06-19 22:18:19
16895,16895,card,1064.01,2025-11-09 04:52:09
16896,16896,wallet,324.39,2025-03-11 14:08:39
16897,16897,\N,1190.94,2025-03-17 14:47:38
16898,16898,\N,239.77,2025-04-08 01:44:39
16899,16899,wallet,423.17,2025-05-22 00:26:51
16900,16900,gift_card,480.55,2025-06-13 08:01:43
16901,16901,cash,248.31,2025-06-17 07:06:08
16902,16902,\N,259.25,2025-09-06 17:51:34
16903,16903,wallet,239.94,2025-11-19 15:04:55
16904,16904,wallet,695.90,2025-12-31 07:06:29
16905,16905,card,737.22,2025-03-22 11:00:17
16906,16906,gift_card,23.12,2025-08-01 21:11:21
16907,16907,gift_card,196.47,2025-03-20 06:45:47
16908,16908,card,886.73,2025-05-04 03:24:52
16909,16909,card,555.26,2025-05-15 16:16:38
16910,16910,card,17.14,2025-11-14 09:50:25
16911,16911,cash,334.66,2025-10-15 16:59:28
16912,16912,card,971.93,2025-11-04 12:47:11
16913,16913,card,1448.72,2025-11-19 19:11:41
16914,16914,card,226.48,2025-08-11 09:12:27
16915,16915,wallet,179.91,2025-01-15 02:09:26
16916,16916,\N,430.14,2025-09-08 13:32:34
16917,16917,wallet,280.60,2025-04-04 15:26:40
16918,16918,card,1723.56,2025-07-02 19:52:59
16919,16919,card,417.09,2025-08-21 22:20:14
16920,16920,cash,625.30,2025-01-04 20:15:22
16921,16921,wallet,130.83,2025-08-26 03:48:22
16922,16922,\N,197.34,2025-04-25 03:34:52
16923,16923,cash,433.23,2025-10-31 16:11:06
16924,16924,card,953.52,2025-01-13 21:32:14
16925,16925,card,376.38,2025-05-15 18:32:18
16926,16926,wallet,581.22,2025-12-15 11:49:53
16927,16927,wallet,63.01,2025-02-02 11:27:20
16928,16928,gift_card,109.46,2025-02-12 13:32:43
16929,16929,card,892.04,2025-04-21 14:51:15
16930,16930,\N,71.70,2025-07-25 18:24:03
16931,16931,card,26.87,2025-10-29 16:08:56
16932,16932,cash,215.95,2025-02-03 05:38:29
16933,16933,wallet,198.53,2025-11-05 05:13:20
16934,16934,wallet,515.02,2025-09-23 05:20:09
16935,16935,\N,374.32,2025-06-14 17:42:31
16936,16936,cash,270.68,2025-06-18 19:41:29
16937,16937,card,857.83,2025-07-21 02:22:01
16938,16938,gift_card,107.50,2025-07-19 00:01:39
16939,16939,card,1610.54,2025-02-15 04:03:43
16940,16940,card,1308.70,2025-06-14 11:21:55
16941,16941,wallet,23.86,2025-12-01 02:17:12
16942,16942,gift_card,1888.63,2025-07-09 06:14:51
16943,16943,card,299.45,2025-12-03 23:39:31
16944,16944,gift_card,39.71,2025-03-18 14:42:30
16945,16945,card,103.78,2025-03-26 16:59:17
16946,16946,cash,1103.67,2025-12-23 10:00:13
16947,16947,card,292.66,2025-11-12 09:47:04
16948,16948,wallet,1179.90,2025-07-06 10:01:06
16949,16949,\N,444.19,2025-02-02 07:34:07
16950,16950,\N,1291.43,2025-09-24 17:50:20
16951,16951,wallet,298.86,2025-08-28 19:20:12
16952,16952,\N,385.21,2025-04-14 15:16:46
16953,16953,card,784.57,2025-10-22 12:25:24
16954,16954,card,52.95,2025-12-09 04:16:53
16955,16955,card,885.59,2025-10-11 01:16:34
16956,16956,wallet,103.52,2025-06-18 08:32:00
16957,16957,card,608.56,2025-03-22 04:53:43
16958,16958,card,302.97,2025-03-17 09:16:24
16959,16959,card,359.98,2025-04-26 11:09:12
16960,16960,wallet,112.24,2025-02-11 00:09:24
16961,16961,wallet,861.46,2025-12-12 06:51:54
16962,16962,cash,303.48,2025-04-12 20:40:40
16963,16963,card,257.77,2025-02-08 05:51:40
16964,16964,gift_card,588.41,2025-01-02 05:24:46
16965,16965,wallet,166.03,2025-01-17 17:52:37
16966,16966,\N,1372.12,2025-02-26 02:25:36
16967,16967,cash,464.67,2025-09-07 04:38:39
16968,16968,cash,96.32,2025-08-02 00:28:55
16969,16969,\N,184.32,2025-07-01 15:24:50
16970,16970,\N,260.45,2025-07-18 08:06:53
16971,16971,card,501.70,2025-05-15 19:22:18
16972,16972,gift_card,520.11,2025-10-03 01:37:17
16973,16973,cash,66.38,2025-12-04 11:10:32
16974,16974,gift_card,655.00,2025-09-16 07:05:13
16975,16975,\N,411.13,2025-12-27 01:16:44
16976,16976,wallet,154.47,2025-11-08 02:45:26
16977,16977,card,239.71,2025-01-06 13:24:30
16978,16978,card,560.79,2025-09-18 17:37:37
16979,16979,card,134.62,2025-11-15 22:58:08
16980,16980,wallet,823.69,2025-04-12 05:49:15
16981,16981,card,364.83,2025-05-04 14:18:14
16982,16982,wallet,135.50,2025-12-18 01:05:33
16983,16983,\N,1170.76,2025-12-03 18:18:47
16984,16984,wallet,222.37,2025-03-12 02:08:20
16985,16985,card,128.78,2025-10-04 04:30:57
16986,16986,card,339.82,2025-12-20 14:14:03
16987,16987,card,42.25,2025-08-04 10:40:56
16988,16988,card,293.94,2025-12-09 15:04:46
16989,16989,\N,703.76,2025-02-27 21:29:18
16990,16990,card,323.67,2025-09-11 12:16:41
16991,16991,gift_card,98.25,2025-09-23 14:06:13
16992,16992,gift_card,662.06,2025-10-11 16:18:11
16993,16993,card,302.16,2025-12-22 03:03:10
16994,16994,card,638.08,2025-02-12 11:44:39
16995,16995,gift_card,581.86,2025-04-19 19:24:44
16996,16996,card,210.55,2025-06-21 23:42:44
16997,16997,cash,213.14,2025-12-15 13:29:05
16998,16998,card,198.18,2025-09-16 15:37:22
16999,16999,cash,1086.46,2025-04-11 02:09:21
17000,17000,card,530.56,2025-12-29 09:34:59
17001,17001,card,958.10,2025-10-25 22:03:41
17002,17002,card,1075.23,2025-04-20 03:47:45
17003,17003,gift_card,352.19,2025-09-29 15:29:21
17004,17004,cash,648.82,2025-01-24 04:33:02
17005,17005,gift_card,202.96,2025-09-20 06:07:52
17006,17006,gift_card,322.36,2025-05-09 09:11:19
17007,17007,card,659.69,2025-10-07 19:47:32
17008,17008,card,534.07,2025-11-10 06:05:51
17009,17009,\N,285.99,2025-03-06 11:11:17
17010,17010,\N,386.40,2025-12-04 09:33:02
17011,17011,cash,496.73,2025-04-27 00:44:53
17012,17012,cash,164.83,2025-07-05 01:03:58
17013,17013,card,1000.32,2025-12-06 11:58:21
17014,17014,card,920.38,2025-11-30 10:17:08
17015,17015,card,1264.46,2025-08-20 23:36:16
17016,17016,wallet,420.66,2025-07-31 23:08:49
17017,17017,card,301.49,2025-02-16 17:15:23
17018,17018,card,718.33,2025-10-15 20:40:49
17019,17019,wallet,434.33,2025-08-06 02:16:42
17020,17020,wallet,305.31,2025-10-08 01:23:37
17021,17021,card,250.39,2025-05-02 09:44:43
17022,17022,card,99.33,2025-09-26 09:13:23
17023,17023,gift_card,191.96,2025-01-29 11:23:06
17024,17024,cash,1036.61,2025-12-15 06:59:07
17025,17025,card,705.34,2025-05-18 20:16:13
17026,17026,\N,419.72,2025-11-17 17:01:25
17027,17027,card,624.28,2025-08-21 21:55:14
17028,17028,card,805.81,2025-04-06 07:06:14
17029,17029,cash,987.15,2025-11-13 21:20:32
17030,17030,wallet,40.85,2025-09-05 22:21:04
17031,17031,card,232.73,2025-04-20 11:24:56
17032,17032,gift_card,1513.00,2025-02-25 19:29:59
17033,17033,\N,398.04,2025-05-11 21:25:42
17034,17034,wallet,679.71,2025-10-17 14:08:51
17035,17035,card,454.77,2025-02-12 06:51:13
17036,17036,cash,300.37,2025-07-17 12:05:50
17037,17037,\N,724.22,2025-06-09 19:55:46
17038,17038,card,243.95,2025-03-28 03:29:03
17039,17039,card,777.03,2025-09-13 11:25:34
17040,17040,gift_card,67.95,2025-02-09 00:28:41
17041,17041,cash,471.58,2025-04-04 08:52:26
17042,17042,card,360.25,2025-04-08 16:04:57
17043,17043,\N,1043.14,2025-11-26 14:02:45
17044,17044,gift_card,579.32,2025-12-25 21:18:03
17045,17045,wallet,38.31,2025-01-05 01:49:57
17046,17046,gift_card,430.25,2025-02-03 18:36:22
17047,17047,card,156.38,2025-07-03 14:39:23
17048,17048,wallet,276.53,2025-11-19 20:18:21
17049,17049,card,753.55,2025-08-15 00:25:14
17050,17050,card,240.66,2025-08-01 05:16:22
17051,17051,wallet,205.14,2025-06-21 18:04:48
17052,17052,\N,173.16,2025-10-16 06:08:04
17053,17053,gift_card,961.26,2025-01-03 13:04:14
17054,17054,gift_card,102.57,2025-06-28 19:26:58
17055,17055,card,1295.97,2025-07-17 10:23:21
17056,17056,gift_card,916.01,2025-10-12 23:23:38
17057,17057,card,338.73,2025-09-22 05:37:00
17058,17058,cash,713.98,2025-06-01 06:30:06
17059,17059,\N,572.43,2025-01-13 01:19:02
17060,17060,cash,362.74,2025-09-13 17:41:42
17061,17061,cash,119.16,2025-10-17 12:24:54
17062,17062,wallet,103.31,2025-01-06 11:54:56
17063,17063,gift_card,465.96,2025-05-02 10:54:42
17064,17064,wallet,343.65,2025-03-03 01:44:42
17065,17065,card,86.43,2025-11-03 07:31:03
17066,17066,gift_card,866.73,2025-01-26 03:23:25
17067,17067,wallet,1388.07,2025-01-26 05:18:36
17068,17068,cash,145.96,2025-07-24 12:10:48
17069,17069,wallet,998.73,2025-07-19 06:43:17
17070,17070,wallet,56.63,2025-08-07 05:00:47
17071,17071,card,576.18,2025-05-02 02:45:06
17072,17072,wallet,1029.82,2025-05-19 09:37:44
17073,17073,card,1622.28,2025-02-19 13:50:21
17074,17074,card,307.85,2025-01-02 23:43:11
17075,17075,cash,229.80,2025-08-11 13:34:16
17076,17076,\N,321.54,2025-07-19 03:17:11
17077,17077,card,253.79,2025-06-12 07:19:55
17078,17078,\N,826.87,2025-10-03 13:40:52
17079,17079,cash,44.11,2025-08-11 06:29:55
17080,17080,card,696.68,2025-06-05 11:22:29
17081,17081,cash,294.40,2025-09-14 02:30:37
17082,17082,card,249.46,2025-11-22 02:22:59
17083,17083,card,1278.94,2025-05-01 21:05:40
17084,17084,card,232.81,2025-11-04 15:24:42
17085,17085,card,320.34,2025-06-21 22:56:50
17086,17086,wallet,283.61,2025-01-04 11:57:13
17087,17087,\N,205.67,2025-12-31 02:01:52
17088,17088,card,205.30,2025-11-06 06:04:25
17089,17089,card,264.13,2025-11-06 02:41:47
17090,17090,card,374.98,2025-07-09 06:02:41
17091,17091,cash,165.12,2025-04-07 16:28:08
17092,17092,cash,343.54,2025-04-17 05:29:06
17093,17093,card,275.44,2025-12-24 05:35:00
17094,17094,card,462.16,2025-04-30 18:10:49
17095,17095,cash,276.21,2025-02-22 17:08:51
17096,17096,wallet,211.12,2025-01-10 09:47:05
17097,17097,card,2124.74,2025-02-18 11:18:41
17098,17098,card,471.85,2025-02-03 11:36:57
17099,17099,card,543.82,2025-04-14 23:57:45
17100,17100,\N,260.91,2025-04-07 19:38:29
17101,17101,\N,517.83,2025-09-27 00:12:03
17102,17102,wallet,375.70,2025-09-03 16:17:06
17103,17103,card,326.85,2025-10-03 12:55:02
17104,17104,wallet,786.57,2025-05-19 16:32:39
17105,17105,wallet,279.96,2025-02-21 21:28:14
17106,17106,card,396.46,2025-09-18 16:33:14
17107,17107,card,225.10,2025-06-20 03:57:09
17108,17108,wallet,698.33,2025-03-09 21:02:49
17109,17109,wallet,316.78,2025-10-25 00:41:58
17110,17110,gift_card,273.69,2025-02-19 14:26:39
17111,17111,card,128.20,2025-01-27 12:24:28
17112,17112,\N,332.88,2025-07-25 05:14:59
17113,17113,card,430.64,2025-07-10 07:42:47
17114,17114,card,1084.21,2025-11-19 04:59:53
17115,17115,card,873.01,2025-04-15 23:47:23
17116,17116,wallet,458.86,2025-03-25 14:52:46
17117,17117,wallet,619.92,2025-05-15 18:53:46
17118,17118,gift_card,458.75,2025-11-19 18:36:45
17119,17119,wallet,314.54,2025-02-19 13:24:35
17120,17120,\N,351.52,2025-09-04 21:21:22
17121,17121,card,629.18,2025-11-14 17:06:17
17122,17122,card,374.14,2025-09-03 00:01:56
17123,17123,card,162.58,2025-07-10 18:05:44
17124,17124,card,234.36,2025-03-25 09:32:05
17125,17125,wallet,282.22,2025-09-05 18:52:40
17126,17126,gift_card,283.23,2025-09-11 21:44:18
17127,17127,card,528.32,2025-08-25 21:06:50
17128,17128,cash,827.38,2025-11-14 00:15:40
17129,17129,card,335.13,2025-02-25 04:34:50
17130,17130,card,159.79,2025-02-10 02:42:05
17131,17131,gift_card,738.28,2025-12-07 10:22:24
17132,17132,cash,586.73,2025-02-20 03:56:18
17133,17133,wallet,1109.16,2025-11-19 00:52:49
17134,17134,card,444.76,2025-10-20 16:07:49
17135,17135,card,259.85,2025-09-22 04:34:43
17136,17136,wallet,728.70,2025-11-17 11:32:52
17137,17137,gift_card,832.69,2025-04-27 02:06:32
17138,17138,card,160.77,2025-04-12 17:21:42
17139,17139,card,101.15,2025-04-20 09:38:23
17140,17140,card,28.07,2025-09-14 02:39:02
17141,17141,cash,416.27,2025-05-20 09:55:55
17142,17142,\N,1045.67,2025-10-06 19:15:17
17143,17143,card,234.34,2025-03-19 04:48:20
17144,17144,card,661.50,2025-04-20 10:51:11
17145,17145,\N,257.24,2025-06-13 12:42:11
17146,17146,card,491.43,2025-09-20 22:05:36
17147,17147,card,332.28,2025-04-16 21:32:04
17148,17148,card,355.07,2025-06-07 07:08:33
17149,17149,card,566.69,2025-05-22 11:35:56
17150,17150,cash,264.04,2025-11-02 03:55:27
17151,17151,wallet,172.71,2025-12-01 07:59:37
17152,17152,\N,221.47,2025-07-16 19:15:11
17153,17153,card,1564.34,2025-12-07 19:36:31
17154,17154,\N,361.65,2025-08-17 00:54:05
17155,17155,card,179.79,2025-10-21 09:28:32
17156,17156,\N,253.95,2025-07-09 03:26:56
17157,17157,gift_card,561.40,2025-07-16 00:44:40
17158,17158,card,63.28,2025-11-18 11:20:04
17159,17159,card,204.64,2025-01-19 09:48:51
17160,17160,card,978.68,2025-02-18 00:21:14
17161,17161,gift_card,933.66,2025-07-01 20:53:39
17162,17162,card,1618.43,2025-12-20 12:09:29
17163,17163,card,334.51,2025-11-29 09:00:12
17164,17164,card,166.76,2025-10-01 01:54:55
17165,17165,card,715.87,2025-10-19 12:06:31
17166,17166,card,532.51,2025-03-11 06:25:07
17167,17167,gift_card,74.04,2025-06-17 01:46:25
17168,17168,card,577.34,2025-10-14 13:05:34
17169,17169,cash,751.77,2025-12-11 01:46:12
17170,17170,card,847.86,2025-08-24 03:15:39
17171,17171,gift_card,923.55,2025-04-04 20:58:12
17172,17172,card,201.07,2025-03-15 16:00:51
17173,17173,card,668.80,2025-06-11 12:33:39
17174,17174,wallet,176.87,2025-08-27 10:12:53
17175,17175,card,337.80,2025-05-09 19:17:05
17176,17176,card,133.34,2025-12-14 17:41:38
17177,17177,card,426.14,2025-11-24 00:27:29
17178,17178,cash,914.79,2025-08-08 13:36:59
17179,17179,gift_card,975.41,2025-04-25 10:09:26
17180,17180,card,441.28,2025-09-25 08:28:52
17181,17181,wallet,348.57,2025-05-21 09:57:01
17182,17182,wallet,1087.95,2025-10-15 09:57:13
17183,17183,wallet,323.19,2025-06-28 12:16:46
17184,17184,\N,580.15,2025-12-16 23:37:10
17185,17185,gift_card,308.80,2025-09-12 09:23:58
17186,17186,card,643.21,2025-05-31 00:44:18
17187,17187,card,668.70,2025-09-30 10:55:08
17188,17188,card,474.79,2025-11-08 02:45:07
17189,17189,\N,948.92,2025-05-08 04:18:13
17190,17190,\N,765.76,2025-11-11 18:53:03
17191,17191,wallet,2076.17,2025-08-04 17:18:22
17192,17192,cash,588.56,2025-01-04 11:39:42
17193,17193,gift_card,132.60,2025-05-03 23:40:53
17194,17194,\N,824.70,2025-09-14 17:48:34
17195,17195,card,310.95,2025-09-19 20:07:43
17196,17196,\N,279.34,2025-07-29 14:15:05
17197,17197,gift_card,983.23,2025-12-28 22:05:45
17198,17198,card,115.35,2025-12-11 10:14:34
17199,17199,card,684.06,2025-04-01 20:38:02
17200,17200,wallet,95.67,2025-07-07 20:15:16
17201,17201,card,632.77,2025-04-22 15:41:15
17202,17202,gift_card,571.77,2025-02-01 11:47:09
17203,17203,card,346.68,2025-07-06 17:46:48
17204,17204,card,827.88,2025-06-24 11:36:34
17205,17205,gift_card,690.22,2025-11-07 20:58:43
17206,17206,cash,159.08,2025-05-29 20:57:37
17207,17207,card,748.44,2025-07-14 21:44:30
17208,17208,cash,128.30,2025-05-15 14:44:02
17209,17209,card,368.68,2025-05-20 12:21:43
17210,17210,card,739.99,2025-09-02 19:49:47
17211,17211,gift_card,994.96,2025-09-28 11:37:19
17212,17212,gift_card,163.33,2025-08-06 04:27:22
17213,17213,wallet,306.80,2025-01-14 22:36:41
17214,17214,card,112.24,2025-08-02 04:38:42
17215,17215,cash,584.80,2025-05-22 11:51:55
17216,17216,card,110.11,2025-11-08 23:36:48
17217,17217,card,663.57,2025-03-23 10:09:53
17218,17218,cash,75.16,2025-08-03 17:37:10
17219,17219,card,101.50,2025-11-16 21:53:14
17220,17220,cash,387.88,2025-12-27 14:27:44
17221,17221,card,232.93,2025-01-10 04:46:52
17222,17222,card,417.97,2025-04-03 23:44:53
17223,17223,card,712.44,2025-09-13 00:30:02
17224,17224,wallet,1687.16,2025-03-12 15:41:49
17225,17225,card,283.94,2025-11-19 15:31:17
17226,17226,cash,121.96,2025-06-07 08:26:43
17227,17227,cash,352.52,2025-06-08 20:09:27
17228,17228,wallet,30.92,2025-09-30 22:39:52
17229,17229,cash,190.55,2025-07-11 06:16:01
17230,17230,wallet,686.71,2025-05-22 03:58:33
17231,17231,card,804.83,2025-11-03 16:49:43
17232,17232,gift_card,274.30,2025-07-26 23:52:35
17233,17233,wallet,118.56,2025-07-04 02:29:09
17234,17234,card,893.59,2025-02-23 20:19:27
17235,17235,cash,286.35,2025-10-20 05:31:59
17236,17236,wallet,339.28,2025-11-22 04:56:27
17237,17237,\N,449.07,2025-04-01 20:21:29
17238,17238,cash,1562.47,2025-01-31 16:25:39
17239,17239,gift_card,300.75,2025-01-09 13:41:21
17240,17240,\N,238.56,2025-02-12 14:05:25
17241,17241,card,467.34,2025-09-05 13:58:10
17242,17242,card,629.83,2025-05-12 06:35:43
17243,17243,gift_card,637.96,2025-01-15 08:24:42
17244,17244,card,468.03,2025-03-02 15:41:08
17245,17245,card,160.03,2025-05-21 07:20:27
17246,17246,card,1475.63,2025-01-28 02:44:23
17247,17247,wallet,213.52,2025-06-23 13:21:11
17248,17248,cash,628.54,2025-01-08 03:32:58
17249,17249,card,352.40,2025-10-24 07:36:06
17250,17250,\N,39.25,2025-05-07 10:46:29
17251,17251,wallet,1573.90,2025-10-11 06:50:55
17252,17252,\N,154.09,2025-04-21 19:58:09
17253,17253,card,315.71,2025-10-06 22:26:37
17254,17254,card,291.06,2025-03-06 12:44:19
17255,17255,wallet,916.22,2025-09-20 02:01:04
17256,17256,gift_card,1090.50,2025-01-23 12:02:27
17257,17257,cash,953.48,2025-03-18 22:58:48
17258,17258,card,19.85,2025-05-19 17:22:47
17259,17259,gift_card,216.86,2025-09-29 17:08:35
17260,17260,card,827.11,2025-06-08 12:44:27
17261,17261,card,583.84,2025-05-30 12:59:30
17262,17262,cash,479.46,2025-08-31 17:20:11
17263,17263,\N,593.19,2025-10-03 09:56:10
17264,17264,\N,331.07,2025-09-02 13:21:12
17265,17265,\N,1453.07,2025-04-10 12:12:08
17266,17266,cash,275.93,2025-06-14 09:07:00
17267,17267,\N,321.68,2025-07-20 01:37:36
17268,17268,card,130.83,2025-09-30 04:58:14
17269,17269,gift_card,260.38,2025-09-15 22:29:19
17270,17270,\N,1468.88,2025-11-28 19:27:09
17271,17271,wallet,807.88,2025-08-23 03:06:15
17272,17272,\N,153.78,2025-10-30 00:19:07
17273,17273,card,249.44,2025-12-05 09:03:55
17274,17274,gift_card,29.52,2025-09-14 00:52:38
17275,17275,\N,437.17,2025-07-18 15:03:47
17276,17276,card,81.74,2025-05-09 14:09:08
17277,17277,gift_card,968.99,2025-10-28 11:02:00
17278,17278,card,828.33,2025-09-23 17:22:29
17279,17279,card,1260.25,2025-09-03 20:51:40
17280,17280,cash,194.02,2025-05-30 01:46:19
17281,17281,cash,323.11,2025-07-28 10:47:34
17282,17282,card,129.34,2025-08-30 02:45:43
17283,17283,\N,610.98,2025-01-20 09:02:45
17284,17284,card,942.19,2025-07-22 00:30:25
17285,17285,card,324.68,2025-01-16 13:22:10
17286,17286,card,336.96,2025-02-05 21:33:26
17287,17287,wallet,247.84,2025-04-22 23:48:16
17288,17288,gift_card,888.44,2025-08-23 13:01:30
17289,17289,gift_card,2199.14,2025-03-29 20:55:08
17290,17290,card,1357.23,2025-04-08 18:45:15
17291,17291,gift_card,724.78,2025-07-14 11:49:07
17292,17292,cash,355.44,2025-12-30 15:16:27
17293,17293,\N,566.40,2025-08-03 09:34:10
17294,17294,gift_card,181.45,2025-05-04 08:21:39
17295,17295,\N,371.25,2025-02-13 02:37:09
17296,17296,cash,332.97,2025-12-17 16:00:52
17297,17297,\N,225.99,2025-08-08 08:01:45
17298,17298,gift_card,388.04,2025-01-10 02:19:21
17299,17299,card,614.33,2025-11-18 08:54:18
17300,17300,gift_card,219.96,2025-08-27 01:43:52
17301,17301,card,341.62,2025-10-03 22:01:41
17302,17302,card,277.35,2025-03-28 08:01:57
17303,17303,wallet,1905.40,2025-03-04 18:57:47
17304,17304,wallet,819.26,2025-06-03 17:40:49
17305,17305,\N,1205.50,2025-06-12 08:07:11
17306,17306,card,816.98,2025-04-25 01:05:30
17307,17307,card,638.70,2025-12-26 08:06:46
17308,17308,card,125.44,2025-08-02 23:47:06
17309,17309,card,536.44,2025-06-29 10:26:58
17310,17310,cash,37.84,2025-05-17 21:03:55
17311,17311,\N,495.63,2025-04-11 20:38:04
17312,17312,cash,684.29,2025-05-16 07:38:13
17313,17313,card,574.13,2025-12-22 09:25:27
17314,17314,gift_card,1046.20,2025-12-25 02:01:07
17315,17315,cash,241.90,2025-01-15 19:28:54
17316,17316,card,181.71,2025-06-26 03:29:17
17317,17317,card,427.76,2025-09-24 17:49:46
17318,17318,card,49.06,2025-10-28 00:47:36
17319,17319,\N,410.06,2025-10-29 14:25:25
17320,17320,card,878.18,2025-09-01 08:47:09
17321,17321,cash,77.30,2025-05-11 23:19:06
17322,17322,card,578.23,2025-10-23 08:41:44
17323,17323,card,326.59,2025-11-16 22:27:27
17324,17324,card,592.58,2025-12-23 04:13:37
17325,17325,\N,36.96,2025-05-11 17:51:41
17326,17326,card,728.12,2025-04-09 22:12:56
17327,17327,\N,656.07,2025-12-11 23:24:32
17328,17328,card,265.97,2025-06-27 14:26:55
17329,17329,cash,696.97,2025-07-12 01:32:40
17330,17330,\N,77.88,2025-07-18 08:26:26
17331,17331,cash,266.72,2025-06-11 21:49:04
17332,17332,gift_card,192.36,2025-02-06 10:10:59
17333,17333,card,96.84,2025-03-11 16:23:33
17334,17334,wallet,101.73,2025-10-05 11:45:39
17335,17335,gift_card,272.60,2025-10-04 03:04:11
17336,17336,cash,843.97,2025-05-01 23:47:47
17337,17337,cash,354.94,2025-06-10 16:48:04
17338,17338,wallet,801.35,2025-10-31 08:29:15
17339,17339,cash,274.55,2025-02-09 03:26:51
17340,17340,\N,627.51,2025-01-20 05:32:59
17341,17341,card,578.25,2025-08-31 16:44:32
17342,17342,card,299.07,2025-03-19 00:57:07
17343,17343,wallet,671.83,2025-08-18 13:21:13
17344,17344,wallet,348.92,2025-02-01 03:16:28
17345,17345,\N,105.81,2025-07-23 04:36:56
17346,17346,card,447.49,2025-11-07 04:58:12
17347,17347,\N,738.06,2025-01-08 20:51:34
17348,17348,card,295.34,2025-02-06 00:13:10
17349,17349,wallet,1396.04,2025-05-04 14:17:25
17350,17350,card,266.82,2025-11-23 22:48:09
17351,17351,wallet,507.28,2025-12-19 06:22:28
17352,17352,gift_card,369.42,2025-11-10 05:45:52
17353,17353,card,65.38,2025-08-21 06:52:38
17354,17354,gift_card,297.96,2025-08-01 06:22:33
17355,17355,cash,545.25,2025-05-07 14:52:17
17356,17356,gift_card,642.85,2025-10-07 21:32:07
17357,17357,card,132.74,2025-09-13 17:09:49
17358,17358,gift_card,917.61,2025-09-04 15:19:26
17359,17359,card,332.96,2025-08-15 20:55:03
17360,17360,gift_card,726.20,2025-10-01 13:05:13
17361,17361,wallet,936.96,2025-01-18 03:40:10
17362,17362,card,1472.93,2025-01-28 22:40:10
17363,17363,wallet,202.44,2025-05-02 09:54:32
17364,17364,card,41.14,2025-02-22 04:06:38
17365,17365,card,335.23,2025-09-17 14:45:07
17366,17366,\N,466.93,2025-08-06 07:57:49
17367,17367,wallet,604.22,2025-11-26 04:03:27
17368,17368,\N,179.90,2025-05-01 07:55:31
17369,17369,card,917.43,2025-05-25 01:40:01
17370,17370,card,828.68,2025-10-01 18:12:27
17371,17371,card,322.55,2025-08-24 02:54:58
17372,17372,gift_card,938.77,2025-03-09 04:16:31
17373,17373,card,328.76,2025-06-04 05:59:11
17374,17374,card,181.70,2025-12-16 18:20:59
17375,17375,wallet,254.35,2025-11-04 08:38:08
17376,17376,card,283.65,2025-05-29 04:23:11
17377,17377,card,601.90,2025-07-30 12:14:30
17378,17378,card,312.77,2025-01-06 12:07:00
17379,17379,gift_card,692.04,2025-03-27 03:43:19
17380,17380,cash,395.70,2025-06-16 12:06:39
17381,17381,card,1583.16,2025-12-26 16:57:04
17382,17382,card,244.17,2025-05-04 11:11:15
17383,17383,card,884.46,2025-03-19 08:10:29
17384,17384,\N,435.47,2025-03-26 18:42:20
17385,17385,card,717.15,2025-04-13 14:27:58
17386,17386,card,485.68,2025-09-28 21:51:26
17387,17387,wallet,66.63,2025-03-14 10:55:36
17388,17388,wallet,854.98,2025-09-23 16:21:43
17389,17389,cash,441.58,2025-02-23 17:48:00
17390,17390,\N,340.63,2025-10-01 16:44:15
17391,17391,card,462.18,2025-09-07 11:28:37
17392,17392,wallet,95.61,2025-02-23 01:41:08
17393,17393,card,305.11,2025-06-22 14:09:45
17394,17394,\N,435.00,2025-10-25 00:30:07
17395,17395,\N,269.15,2025-12-12 16:10:05
17396,17396,gift_card,461.37,2025-10-08 00:20:23
17397,17397,gift_card,383.12,2025-07-12 02:34:37
17398,17398,card,92.62,2025-10-04 04:03:56
17399,17399,cash,118.35,2025-02-08 01:22:43
17400,17400,cash,400.99,2025-08-21 18:32:48
17401,17401,\N,41.11,2025-05-01 12:36:51
17402,17402,card,330.53,2025-12-11 06:52:46
17403,17403,\N,326.73,2025-09-16 12:01:45
17404,17404,cash,194.41,2025-12-01 21:06:46
17405,17405,cash,231.52,2025-10-27 19:58:16
17406,17406,card,951.04,2025-03-11 06:05:32
17407,17407,card,304.10,2025-12-31 11:16:31
17408,17408,gift_card,563.45,2025-11-10 12:33:03
17409,17409,gift_card,453.56,2025-07-16 02:49:33
17410,17410,gift_card,244.66,2025-06-27 20:48:54
17411,17411,card,437.73,2025-03-07 07:21:27
17412,17412,\N,199.88,2025-03-16 21:58:36
17413,17413,wallet,261.11,2025-08-11 06:20:03
17414,17414,gift_card,642.54,2025-09-14 20:34:20
17415,17415,\N,878.40,2025-05-25 09:35:14
17416,17416,card,484.00,2025-03-21 21:53:51
17417,17417,card,980.87,2025-08-10 06:47:55
17418,17418,card,413.80,2025-02-13 04:13:42
17419,17419,wallet,90.91,2025-05-08 11:33:22
17420,17420,\N,301.99,2025-03-04 08:21:41
17421,17421,card,46.04,2025-05-18 05:10:05
17422,17422,card,1227.51,2025-06-09 05:32:26
17423,17423,card,175.43,2025-05-22 18:31:08
17424,17424,card,902.47,2025-10-16 19:11:32
17425,17425,wallet,178.18,2025-08-19 07:32:17
17426,17426,card,295.57,2025-01-08 10:20:40
17427,17427,gift_card,64.46,2025-10-16 19:39:40
17428,17428,gift_card,148.84,2025-08-30 09:15:34
17429,17429,\N,274.30,2025-03-09 15:01:53
17430,17430,card,416.34,2025-11-12 07:58:36
17431,17431,card,268.17,2025-04-10 22:22:29
17432,17432,card,107.93,2025-09-02 04:35:00
17433,17433,wallet,707.62,2025-08-28 12:04:31
17434,17434,cash,296.83,2025-03-07 09:53:53
17435,17435,card,531.28,2025-12-25 08:51:39
17436,17436,card,413.62,2025-03-07 21:01:50
17437,17437,card,834.40,2025-05-12 03:06:53
17438,17438,\N,206.06,2025-01-23 23:46:48
17439,17439,gift_card,561.20,2025-11-23 10:58:07
17440,17440,gift_card,67.93,2025-06-29 11:27:50
17441,17441,wallet,293.94,2025-01-30 13:52:59
17442,17442,\N,264.49,2025-01-26 01:48:36
17443,17443,gift_card,338.19,2025-06-30 21:21:21
17444,17444,card,1380.38,2025-02-15 22:40:29
17445,17445,card,311.18,2025-06-19 03:37:51
17446,17446,\N,823.26,2025-12-22 07:03:41
17447,17447,card,954.40,2025-08-04 07:55:56
17448,17448,gift_card,902.55,2025-02-02 06:20:43
17449,17449,card,833.46,2025-07-31 02:09:48
17450,17450,cash,459.68,2025-11-23 12:49:34
17451,17451,cash,271.07,2025-05-25 04:33:42
17452,17452,card,588.28,2025-10-21 18:37:48
17453,17453,wallet,1973.56,2025-06-12 20:20:36
17454,17454,wallet,512.29,2025-08-28 09:55:12
17455,17455,wallet,85.89,2025-03-22 03:03:16
17456,17456,card,103.24,2025-02-25 04:26:21
17457,17457,cash,588.42,2025-12-27 17:03:40
17458,17458,card,443.00,2025-07-17 19:32:34
17459,17459,gift_card,1465.80,2025-07-06 15:48:50
17460,17460,wallet,815.66,2025-02-17 20:43:28
17461,17461,card,262.88,2025-03-06 06:19:28
17462,17462,\N,171.93,2025-12-03 13:03:39
17463,17463,wallet,1570.78,2025-06-26 05:34:30
17464,17464,wallet,703.04,2025-02-13 07:52:25
17465,17465,wallet,551.26,2025-07-17 06:12:53
17466,17466,cash,238.74,2025-12-04 02:17:23
17467,17467,\N,95.54,2025-12-26 16:23:02
17468,17468,card,1191.49,2025-01-06 12:01:41
17469,17469,card,65.78,2025-09-26 14:38:11
17470,17470,wallet,82.25,2025-02-16 06:57:19
17471,17471,wallet,863.21,2025-09-10 17:38:13
17472,17472,card,236.03,2025-12-30 05:59:29
17473,17473,\N,602.43,2025-06-06 19:12:01
17474,17474,card,271.81,2025-12-02 16:18:04
17475,17475,cash,578.89,2025-02-18 12:07:26
17476,17476,\N,141.27,2025-08-03 23:32:46
17477,17477,card,611.78,2025-09-10 15:03:13
17478,17478,card,1002.01,2025-03-20 12:34:52
17479,17479,card,128.10,2025-08-21 00:56:59
17480,17480,card,384.31,2025-12-16 11:36:02
17481,17481,gift_card,131.33,2025-12-29 19:37:33
17482,17482,cash,789.27,2025-01-18 14:31:26
17483,17483,cash,42.14,2025-05-04 19:57:29
17484,17484,wallet,34.83,2025-10-20 21:17:27
17485,17485,\N,445.31,2025-10-05 20:57:37
17486,17486,card,103.42,2025-10-10 03:02:43
17487,17487,card,753.01,2025-10-05 00:01:09
17488,17488,cash,1207.49,2025-05-07 21:56:17
17489,17489,\N,43.59,2025-10-17 20:41:18
17490,17490,\N,420.76,2025-09-30 21:14:14
17491,17491,card,25.77,2025-02-26 10:35:17
17492,17492,card,88.59,2025-02-10 09:31:54
17493,17493,gift_card,244.17,2025-01-15 19:07:26
17494,17494,\N,1141.59,2025-11-23 18:17:17
17495,17495,cash,41.63,2025-01-04 12:29:44
17496,17496,card,1001.01,2025-11-28 16:47:13
17497,17497,card,680.96,2025-06-03 10:10:37
17498,17498,card,879.35,2025-08-31 10:59:32
17499,17499,wallet,692.29,2025-07-22 17:09:00
17500,17500,card,1122.91,2025-10-27 15:47:54
17501,17501,card,91.15,2025-09-21 01:04:00
17502,17502,wallet,215.47,2025-08-02 16:11:39
17503,17503,card,813.49,2025-03-26 07:04:33
17504,17504,card,1217.59,2025-02-20 23:37:54
17505,17505,card,343.36,2025-09-13 01:39:58
17506,17506,card,277.92,2025-01-02 20:54:57
17507,17507,card,1386.72,2025-09-10 03:08:45
17508,17508,\N,213.32,2025-10-04 08:06:22
17509,17509,gift_card,332.02,2025-07-24 20:15:07
17510,17510,cash,97.58,2025-03-31 20:58:44
17511,17511,card,277.72,2025-01-23 12:42:03
17512,17512,gift_card,515.92,2025-01-04 12:37:41
17513,17513,gift_card,301.06,2025-12-21 04:33:02
17514,17514,card,178.49,2025-05-16 20:13:22
17515,17515,card,208.20,2025-01-10 05:49:07
17516,17516,\N,1022.60,2025-01-26 06:26:27
17517,17517,cash,440.67,2025-10-25 13:13:31
17518,17518,cash,150.43,2025-01-31 13:36:30
17519,17519,\N,936.14,2025-12-01 14:51:38
17520,17520,wallet,838.65,2025-10-08 07:56:58
17521,17521,\N,195.10,2025-03-10 17:33:57
17522,17522,\N,93.06,2025-07-28 14:44:16
17523,17523,card,138.52,2025-10-11 14:49:54
17524,17524,gift_card,203.72,2025-01-01 22:35:07
17525,17525,gift_card,392.53,2025-07-24 19:17:57
17526,17526,\N,1097.38,2025-01-24 05:13:42
17527,17527,gift_card,318.24,2025-04-13 01:04:03
17528,17528,card,912.19,2025-05-01 13:03:47
17529,17529,gift_card,596.84,2025-11-01 00:29:55
17530,17530,card,767.99,2025-01-07 04:26:47
17531,17531,card,644.93,2025-06-21 13:19:15
17532,17532,card,507.45,2025-12-09 19:03:40
17533,17533,card,505.56,2025-03-12 19:26:26
17534,17534,\N,246.53,2025-01-08 00:59:59
17535,17535,card,612.88,2025-04-13 12:43:43
17536,17536,cash,230.30,2025-08-02 19:14:35
17537,17537,wallet,117.38,2025-01-11 06:07:56
17538,17538,wallet,159.78,2025-10-09 21:29:29
17539,17539,card,1413.77,2025-06-08 08:18:48
17540,17540,cash,1212.48,2025-11-06 04:23:29
17541,17541,wallet,924.38,2025-06-08 04:17:05
17542,17542,wallet,437.46,2025-08-21 17:54:00
17543,17543,card,317.90,2025-03-13 13:50:54
17544,17544,card,555.51,2025-11-15 22:36:53
17545,17545,gift_card,2115.59,2025-02-13 20:16:02
17546,17546,card,1338.76,2025-10-13 20:35:32
17547,17547,cash,692.64,2025-02-08 05:50:58
17548,17548,\N,379.53,2025-02-06 02:41:17
17549,17549,card,793.05,2025-09-17 16:48:55
17550,17550,gift_card,47.16,2025-05-26 22:10:33
17551,17551,card,438.44,2025-02-14 05:17:21
17552,17552,card,1030.12,2025-01-12 11:09:28
17553,17553,card,280.76,2025-04-14 03:32:06
17554,17554,\N,329.64,2025-06-27 18:30:58
17555,17555,gift_card,993.65,2025-10-04 00:57:33
17556,17556,\N,380.21,2025-11-04 14:23:48
17557,17557,cash,118.26,2025-12-02 03:19:25
17558,17558,\N,798.42,2025-08-11 17:33:58
17559,17559,gift_card,786.03,2025-04-03 16:03:28
17560,17560,cash,325.18,2025-07-02 20:18:55
17561,17561,\N,424.08,2025-05-09 17:43:38
17562,17562,card,992.63,2025-03-15 22:19:12
17563,17563,card,1197.57,2025-02-01 11:41:08
17564,17564,card,860.28,2025-08-27 14:57:52
17565,17565,card,300.81,2025-01-24 21:03:46
17566,17566,gift_card,787.04,2025-11-17 00:13:19
17567,17567,cash,2001.23,2025-09-14 14:54:41
17568,17568,card,892.22,2025-04-03 06:14:17
17569,17569,\N,301.42,2025-02-10 17:34:50
17570,17570,card,253.29,2025-02-07 23:03:51
17571,17571,card,609.70,2025-01-03 20:39:38
17572,17572,\N,213.55,2025-04-14 22:40:02
17573,17573,card,36.68,2025-02-13 04:41:09
17574,17574,card,870.67,2025-08-31 18:43:42
17575,17575,wallet,303.24,2025-07-13 22:04:05
17576,17576,wallet,341.66,2025-05-28 06:31:44
17577,17577,card,256.74,2025-12-22 10:36:24
17578,17578,card,300.32,2025-01-15 23:15:16
17579,17579,card,136.00,2025-02-03 03:22:32
17580,17580,card,197.41,2025-04-03 17:02:43
17581,17581,wallet,589.23,2025-10-31 13:04:23
17582,17582,card,391.61,2025-09-21 03:56:23
17583,17583,cash,390.14,2025-07-10 21:32:15
17584,17584,\N,504.44,2025-12-07 15:48:55
17585,17585,card,1099.69,2025-09-16 11:36:37
17586,17586,cash,566.86,2025-12-10 00:25:12
17587,17587,wallet,69.86,2025-02-24 20:59:44
17588,17588,gift_card,78.08,2025-05-30 18:18:53
17589,17589,card,96.48,2025-04-18 22:36:29
17590,17590,gift_card,235.01,2025-04-09 15:52:25
17591,17591,cash,621.44,2025-07-23 13:26:28
17592,17592,\N,416.96,2025-06-14 02:49:28
17593,17593,cash,563.41,2025-05-24 23:46:20
17594,17594,gift_card,60.02,2025-01-24 04:47:40
17595,17595,gift_card,307.48,2025-09-11 01:24:22
17596,17596,wallet,15.98,2025-10-25 09:59:17
17597,17597,wallet,1401.94,2025-08-11 22:10:30
17598,17598,card,349.43,2025-10-08 20:56:23
17599,17599,\N,431.42,2025-04-07 17:19:47
17600,17600,card,530.57,2025-02-16 00:08:33
17601,17601,card,519.36,2025-05-22 06:54:23
17602,17602,cash,384.46,2025-03-22 09:59:14
17603,17603,card,842.76,2025-10-19 06:57:26
17604,17604,wallet,283.75,2025-06-10 21:31:12
17605,17605,wallet,475.64,2025-02-01 20:49:39
17606,17606,gift_card,443.98,2025-05-11 07:02:57
17607,17607,card,395.36,2025-04-30 20:48:27
17608,17608,\N,18.70,2025-10-01 20:34:23
17609,17609,\N,257.75,2025-07-09 19:03:38
17610,17610,gift_card,404.77,2025-05-27 22:12:02
17611,17611,card,579.21,2025-05-21 10:23:07
17612,17612,card,699.06,2025-04-13 03:17:12
17613,17613,card,1040.52,2025-05-29 09:24:49
17614,17614,card,366.74,2025-07-16 09:03:07
17615,17615,cash,348.00,2025-11-20 17:39:13
17616,17616,card,385.31,2025-04-22 16:38:47
17617,17617,card,735.57,2025-03-08 13:21:56
17618,17618,wallet,314.09,2025-08-11 11:51:20
17619,17619,wallet,434.15,2025-05-07 07:29:00
17620,17620,cash,1254.19,2025-10-25 10:26:10
17621,17621,wallet,670.28,2025-04-25 10:22:34
17622,17622,\N,256.20,2025-02-01 19:25:25
17623,17623,card,278.01,2025-03-30 23:52:17
17624,17624,gift_card,417.91,2025-07-20 02:16:28
17625,17625,card,579.02,2025-07-06 09:49:02
17626,17626,\N,120.06,2025-05-14 09:44:56
17627,17627,\N,429.36,2025-08-26 23:56:32
17628,17628,\N,1001.66,2025-06-09 13:07:23
17629,17629,gift_card,535.87,2025-11-14 14:54:05
17630,17630,card,979.98,2025-01-11 14:44:42
17631,17631,gift_card,480.29,2025-04-29 17:08:34
17632,17632,wallet,1604.11,2025-05-13 23:05:20
17633,17633,cash,1564.89,2025-01-22 12:50:13
17634,17634,card,224.57,2025-06-23 03:00:51
17635,17635,card,250.72,2025-06-28 05:23:21
17636,17636,\N,699.81,2025-07-21 14:17:06
17637,17637,card,463.65,2025-07-06 12:00:30
17638,17638,card,975.08,2025-09-30 11:32:55
17639,17639,\N,1521.58,2025-07-10 03:29:35
17640,17640,wallet,1003.13,2025-09-15 04:28:21
17641,17641,card,447.75,2025-10-26 06:24:23
17642,17642,card,147.75,2025-02-04 11:01:21
17643,17643,gift_card,302.87,2025-12-11 03:33:11
17644,17644,gift_card,668.05,2025-07-24 04:44:29
17645,17645,wallet,236.84,2025-01-22 04:34:18
17646,17646,cash,659.96,2025-11-20 03:06:02
17647,17647,cash,971.75,2025-10-28 15:44:45
17648,17648,\N,101.22,2025-02-09 21:01:00
17649,17649,gift_card,211.62,2025-12-01 10:15:08
17650,17650,card,1572.65,2025-08-01 22:55:25
17651,17651,gift_card,369.87,2025-04-23 22:18:39
17652,17652,card,91.92,2025-11-23 03:02:00
17653,17653,cash,419.06,2025-10-02 18:43:56
17654,17654,card,736.59,2025-06-06 11:13:52
17655,17655,card,1468.26,2025-09-07 19:57:30
17656,17656,gift_card,868.05,2025-12-01 13:08:52
17657,17657,card,163.14,2025-08-10 04:36:05
17658,17658,wallet,352.60,2025-01-07 23:28:02
17659,17659,wallet,331.19,2025-09-07 06:47:58
17660,17660,card,885.33,2025-08-13 08:33:53
17661,17661,\N,390.86,2025-07-09 04:43:10
17662,17662,card,136.49,2025-04-04 21:32:07
17663,17663,cash,329.89,2025-05-05 02:34:36
17664,17664,card,37.10,2025-01-16 09:31:55
17665,17665,card,193.05,2025-10-29 07:47:47
17666,17666,wallet,894.25,2025-10-14 18:59:19
17667,17667,gift_card,927.79,2025-09-27 13:48:10
17668,17668,wallet,888.58,2025-07-29 10:15:11
17669,17669,\N,336.89,2025-06-18 10:47:32
17670,17670,gift_card,147.48,2025-01-07 09:08:07
17671,17671,card,310.70,2025-04-20 15:19:41
17672,17672,card,272.67,2025-05-18 04:13:46
17673,17673,card,660.18,2025-06-24 06:53:48
17674,17674,\N,1144.54,2025-02-19 00:06:31
17675,17675,\N,784.95,2025-05-23 20:09:34
17676,17676,gift_card,168.59,2025-05-25 06:48:40
17677,17677,card,1102.41,2025-01-20 07:04:58
17678,17678,cash,278.91,2025-07-15 10:42:25
17679,17679,gift_card,54.31,2025-09-04 14:15:38
17680,17680,card,179.80,2025-12-15 08:20:05
17681,17681,\N,761.48,2025-09-20 17:50:48
17682,17682,card,1112.74,2025-03-12 20:18:31
17683,17683,card,238.87,2025-11-09 00:48:18
17684,17684,gift_card,1063.24,2025-03-16 01:01:18
17685,17685,cash,1738.31,2025-12-03 00:59:54
17686,17686,gift_card,624.41,2025-02-09 06:47:15
17687,17687,\N,335.34,2025-07-22 07:07:54
17688,17688,wallet,1142.19,2025-05-16 14:27:00
17689,17689,wallet,211.12,2025-06-13 11:53:03
17690,17690,card,577.62,2025-03-30 20:14:46
17691,17691,gift_card,237.82,2025-10-31 04:29:35
17692,17692,gift_card,269.63,2025-07-02 20:02:42
17693,17693,gift_card,229.23,2025-03-22 20:59:59
17694,17694,card,385.88,2025-02-14 01:27:32
17695,17695,card,240.27,2025-08-16 23:45:59
17696,17696,cash,472.70,2025-10-27 21:59:43
17697,17697,card,773.92,2025-04-15 06:53:22
17698,17698,\N,422.07,2025-11-24 21:47:08
17699,17699,cash,638.83,2025-03-13 01:06:33
17700,17700,\N,353.27,2025-11-24 14:06:56
17701,17701,\N,1178.01,2025-08-06 15:38:22
17702,17702,card,938.44,2025-11-20 20:40:27
17703,17703,gift_card,43.45,2025-08-13 05:13:15
17704,17704,gift_card,1297.31,2025-04-16 21:35:59
17705,17705,card,695.49,2025-11-23 00:35:11
17706,17706,card,176.68,2025-07-01 20:17:06
17707,17707,card,154.73,2025-04-09 00:29:56
17708,17708,card,298.24,2025-06-20 01:58:32
17709,17709,card,205.64,2025-08-07 14:08:38
17710,17710,card,360.31,2025-12-08 12:43:00
17711,17711,card,193.66,2025-02-05 20:49:16
17712,17712,card,921.44,2025-06-14 01:06:43
17713,17713,wallet,552.58,2025-05-14 20:33:51
17714,17714,card,534.79,2025-12-23 17:06:17
17715,17715,card,166.90,2025-11-19 19:08:45
17716,17716,card,711.26,2025-11-21 13:03:33
17717,17717,card,153.78,2025-10-23 18:01:47
17718,17718,cash,202.04,2025-07-16 10:39:37
17719,17719,wallet,1394.27,2025-01-14 07:31:02
17720,17720,card,311.18,2025-12-13 08:00:15
17721,17721,\N,531.12,2025-06-10 09:44:03
17722,17722,card,169.58,2025-07-14 10:18:30
17723,17723,wallet,303.57,2025-06-06 02:06:53
17724,17724,card,438.73,2025-12-03 08:56:12
17725,17725,card,1552.55,2025-03-12 11:13:25
17726,17726,card,33.03,2025-05-31 12:22:05
17727,17727,\N,278.34,2025-08-20 17:39:56
17728,17728,card,850.48,2025-08-25 17:21:33
17729,17729,cash,275.73,2025-06-27 12:58:11
17730,17730,cash,512.49,2025-08-09 16:09:27
17731,17731,wallet,35.20,2025-08-26 06:14:06
17732,17732,\N,286.03,2025-09-26 07:11:59
17733,17733,cash,1282.22,2025-01-17 05:59:56
17734,17734,wallet,94.06,2025-09-21 17:35:32
17735,17735,card,1245.29,2025-11-20 04:46:15
17736,17736,gift_card,966.83,2025-03-22 07:45:34
17737,17737,\N,707.55,2025-10-27 15:00:41
17738,17738,card,749.71,2025-11-21 03:37:40
17739,17739,card,940.18,2025-06-16 11:27:01
17740,17740,card,560.92,2025-04-19 15:30:12
17741,17741,card,430.31,2025-09-24 07:28:12
17742,17742,\N,1001.69,2025-04-15 03:06:47
17743,17743,cash,1200.09,2025-09-21 06:23:29
17744,17744,card,332.16,2025-01-13 03:58:39
17745,17745,gift_card,244.17,2025-10-17 00:20:04
17746,17746,\N,113.19,2025-01-31 13:19:05
17747,17747,\N,297.96,2025-10-27 15:23:30
17748,17748,wallet,1007.97,2025-08-09 00:17:28
17749,17749,\N,81.86,2025-01-31 11:48:27
17750,17750,card,351.19,2025-01-31 18:13:31
17751,17751,card,8.62,2025-05-08 07:05:23
17752,17752,cash,846.15,2025-11-09 11:08:40
17753,17753,cash,509.65,2025-12-24 10:36:20
17754,17754,wallet,310.69,2025-08-16 22:31:57
17755,17755,gift_card,522.18,2025-05-19 06:45:16
17756,17756,cash,140.93,2025-10-27 22:45:02
17757,17757,card,1291.10,2025-11-09 04:38:46
17758,17758,card,935.00,2025-04-10 12:27:25
17759,17759,wallet,587.96,2025-05-03 02:11:10
17760,17760,card,111.46,2025-07-07 10:07:21
17761,17761,cash,48.98,2025-01-11 21:27:40
17762,17762,wallet,269.05,2025-12-16 19:11:37
17763,17763,card,181.85,2025-06-20 14:15:23
17764,17764,gift_card,1239.10,2025-03-27 10:21:25
17765,17765,card,1602.42,2025-01-29 13:10:42
17766,17766,\N,339.50,2025-10-06 11:15:41
17767,17767,card,316.43,2025-12-12 16:46:26
17768,17768,cash,179.21,2025-11-23 01:18:05
17769,17769,card,379.83,2025-02-19 06:39:49
17770,17770,wallet,271.45,2025-02-20 12:49:52
17771,17771,\N,639.62,2025-03-12 04:46:41
17772,17772,cash,90.69,2025-01-27 10:20:01
17773,17773,wallet,524.22,2025-02-10 00:34:04
17774,17774,card,723.34,2025-11-30 13:47:04
17775,17775,wallet,24.40,2025-09-10 05:31:35
17776,17776,cash,351.13,2025-07-22 07:38:59
17777,17777,gift_card,494.85,2025-11-09 20:01:35
17778,17778,card,201.49,2025-07-27 06:52:27
17779,17779,gift_card,316.14,2025-08-11 04:32:16
17780,17780,card,887.66,2025-09-05 14:28:14
17781,17781,gift_card,1654.88,2025-12-26 05:33:37
17782,17782,cash,115.86,2025-11-12 05:23:05
17783,17783,card,429.24,2025-02-23 01:55:47
17784,17784,wallet,242.87,2025-08-31 10:46:29
17785,17785,card,1030.93,2025-07-14 23:17:07
17786,17786,card,1015.85,2025-09-16 20:46:10
17787,17787,card,178.82,2025-11-27 08:13:00
17788,17788,gift_card,24.40,2025-03-30 22:04:06
17789,17789,\N,35.47,2025-05-28 06:21:02
17790,17790,card,240.45,2025-11-10 09:00:01
17791,17791,wallet,137.27,2025-11-10 03:46:00
17792,17792,card,103.60,2025-10-05 23:39:21
17793,17793,card,349.63,2025-06-15 22:33:42
17794,17794,gift_card,202.10,2025-05-28 01:24:01
17795,17795,cash,230.30,2025-04-25 16:15:24
17796,17796,\N,1216.53,2025-03-30 10:11:31
17797,17797,card,375.09,2025-05-29 13:55:33
17798,17798,card,286.45,2025-08-03 19:08:50
17799,17799,card,1093.66,2025-08-12 03:16:16
17800,17800,card,177.99,2025-12-05 02:06:20
17801,17801,card,65.26,2025-02-06 18:32:34
17802,17802,cash,305.42,2025-06-26 11:35:03
17803,17803,cash,170.67,2025-06-25 06:45:09
17804,17804,wallet,1119.48,2025-07-25 15:31:20
17805,17805,card,921.22,2025-08-20 06:09:31
17806,17806,cash,417.45,2025-08-11 06:31:34
17807,17807,\N,515.17,2025-04-12 17:28:44
17808,17808,gift_card,192.38,2025-03-25 02:24:14
17809,17809,card,363.62,2025-01-21 20:19:42
17810,17810,gift_card,1392.94,2025-03-07 02:34:39
17811,17811,card,970.56,2025-09-06 14:56:20
17812,17812,cash,1250.81,2025-05-29 07:42:54
17813,17813,wallet,1438.42,2025-03-14 05:35:22
17814,17814,\N,233.78,2025-04-08 08:49:53
17815,17815,card,193.30,2025-10-04 17:46:22
17816,17816,\N,51.29,2025-04-28 07:05:53
17817,17817,card,277.22,2025-01-27 09:59:45
17818,17818,card,276.71,2025-09-16 11:38:05
17819,17819,wallet,360.06,2025-03-06 17:24:01
17820,17820,gift_card,321.36,2025-02-14 19:47:16
17821,17821,\N,847.02,2025-06-07 14:20:50
17822,17822,cash,222.10,2025-07-17 20:59:11
17823,17823,\N,183.35,2025-01-31 22:48:28
17824,17824,card,438.60,2025-06-22 01:23:54
17825,17825,card,622.16,2025-07-14 12:28:31
17826,17826,card,119.41,2025-12-24 17:34:46
17827,17827,card,810.30,2025-03-22 02:29:52
17828,17828,card,84.13,2025-05-17 05:51:40
17829,17829,card,196.45,2025-07-09 15:06:01
17830,17830,card,638.67,2025-03-18 04:21:31
17831,17831,\N,128.51,2025-10-19 03:44:28
17832,17832,card,286.48,2025-09-04 12:03:36
17833,17833,card,1313.24,2025-03-20 11:35:05
17834,17834,gift_card,78.53,2025-11-26 14:48:04
17835,17835,card,235.29,2025-10-13 08:46:45
17836,17836,gift_card,57.32,2025-08-02 01:53:23
17837,17837,card,562.83,2025-09-19 17:45:10
17838,17838,wallet,416.05,2025-01-03 14:43:11
17839,17839,card,1548.48,2025-04-21 04:53:03
17840,17840,gift_card,86.68,2025-10-15 18:56:01
17841,17841,cash,238.74,2025-08-28 07:29:07
17842,17842,card,489.30,2025-08-02 07:15:15
17843,17843,wallet,201.68,2025-03-27 22:31:06
17844,17844,gift_card,99.17,2025-05-27 09:52:26
17845,17845,gift_card,1483.83,2025-02-28 14:26:42
17846,17846,card,401.55,2025-03-19 06:50:52
17847,17847,card,156.76,2025-08-21 01:38:48
17848,17848,\N,290.46,2025-06-15 15:25:24
17849,17849,\N,361.00,2025-10-04 08:17:20
17850,17850,card,802.20,2025-10-16 05:41:29
17851,17851,card,197.65,2025-06-03 09:41:15
17852,17852,\N,98.39,2025-11-06 13:57:35
17853,17853,wallet,916.43,2025-01-09 23:42:17
17854,17854,card,915.00,2025-03-24 13:08:50
17855,17855,wallet,108.78,2025-02-10 12:57:05
17856,17856,cash,180.30,2025-10-11 03:03:47
17857,17857,card,370.76,2025-11-12 17:51:44
17858,17858,wallet,884.63,2025-05-30 11:54:03
17859,17859,card,335.48,2025-03-12 20:42:51
17860,17860,card,488.40,2025-06-29 08:35:45
17861,17861,card,332.15,2025-09-13 02:26:09
17862,17862,wallet,101.83,2025-03-03 10:39:33
17863,17863,gift_card,288.74,2025-05-03 03:45:59
17864,17864,wallet,611.06,2025-06-13 02:29:24
17865,17865,gift_card,855.04,2025-04-17 21:38:11
17866,17866,\N,399.52,2025-10-05 00:38:27
17867,17867,card,329.24,2025-08-26 14:21:24
17868,17868,card,1258.35,2025-10-13 14:47:51
17869,17869,wallet,220.04,2025-06-28 14:58:40
17870,17870,card,169.98,2025-01-08 23:23:13
17871,17871,card,129.75,2025-02-16 01:10:00
17872,17872,\N,922.16,2025-01-20 05:56:05
17873,17873,\N,426.24,2025-02-15 23:05:23
17874,17874,wallet,214.39,2025-09-30 12:18:23
17875,17875,card,298.68,2025-03-19 08:34:25
17876,17876,\N,277.33,2025-11-12 14:49:28
17877,17877,card,969.81,2025-12-18 21:40:13
17878,17878,\N,133.12,2025-02-05 18:32:27
17879,17879,card,262.41,2025-03-29 21:25:34
17880,17880,cash,905.40,2025-12-06 23:25:38
17881,17881,gift_card,517.72,2025-12-17 16:49:23
17882,17882,wallet,332.04,2025-03-27 08:59:27
17883,17883,card,1563.08,2025-09-17 19:45:37
17884,17884,wallet,305.11,2025-01-18 17:33:53
17885,17885,card,1000.59,2025-05-16 19:32:09
17886,17886,gift_card,331.75,2025-05-20 07:02:13
17887,17887,card,327.13,2025-09-19 03:47:36
17888,17888,card,382.08,2025-07-20 06:54:13
17889,17889,cash,549.08,2025-05-11 09:44:33
17890,17890,\N,162.86,2025-10-18 08:48:24
17891,17891,wallet,119.06,2025-07-27 12:12:35
17892,17892,card,798.61,2025-12-16 01:35:55
17893,17893,card,870.46,2025-03-08 07:13:18
17894,17894,wallet,673.84,2025-05-08 02:56:03
17895,17895,card,208.96,2025-03-11 15:56:34
17896,17896,card,351.86,2025-03-26 22:51:44
17897,17897,cash,1281.41,2025-02-26 04:21:13
17898,17898,wallet,138.65,2025-07-19 20:49:07
17899,17899,cash,530.80,2025-03-23 01:57:55
17900,17900,card,337.82,2025-01-20 07:13:23
17901,17901,card,1130.55,2025-05-07 05:18:08
17902,17902,card,664.17,2025-02-03 17:28:12
17903,17903,cash,462.52,2025-09-03 22:37:11
17904,17904,card,103.76,2025-10-23 09:57:42
17905,17905,cash,271.85,2025-12-05 04:03:17
17906,17906,wallet,519.26,2025-09-02 08:02:12
17907,17907,card,275.65,2025-11-03 13:16:30
17908,17908,card,946.89,2025-04-10 01:45:49
17909,17909,\N,185.47,2025-05-28 09:43:01
17910,17910,gift_card,893.87,2025-09-08 23:46:47
17911,17911,card,557.24,2025-11-11 16:37:46
17912,17912,\N,1199.56,2025-10-19 19:21:48
17913,17913,\N,556.02,2025-10-19 06:50:30
17914,17914,card,271.58,2025-03-15 21:55:02
17915,17915,card,613.20,2025-08-05 23:36:51
17916,17916,\N,123.04,2025-06-13 16:59:55
17917,17917,card,1088.44,2025-12-07 01:16:40
17918,17918,card,528.25,2025-09-17 04:57:30
17919,17919,card,366.53,2025-03-17 06:29:08
17920,17920,card,711.95,2025-10-12 01:47:24
17921,17921,card,360.01,2025-04-15 04:03:32
17922,17922,gift_card,555.29,2025-08-22 22:22:17
17923,17923,gift_card,246.61,2025-02-20 09:01:39
17924,17924,\N,988.54,2025-07-19 00:23:18
17925,17925,\N,219.13,2025-11-05 18:54:25
17926,17926,\N,848.23,2025-08-15 18:40:50
17927,17927,card,389.25,2025-02-28 01:00:25
17928,17928,\N,281.60,2025-01-22 03:38:20
17929,17929,cash,637.42,2025-01-30 01:03:30
17930,17930,card,538.38,2025-09-09 22:13:17
17931,17931,card,208.95,2025-12-20 07:03:11
17932,17932,wallet,1024.01,2025-09-02 18:55:39
17933,17933,cash,183.66,2025-01-17 00:10:33
17934,17934,card,250.86,2025-11-20 05:31:30
17935,17935,card,945.60,2025-12-17 22:50:06
17936,17936,card,862.94,2025-08-24 13:54:07
17937,17937,gift_card,214.66,2025-07-12 13:06:56
17938,17938,card,121.09,2025-09-06 14:21:12
17939,17939,cash,645.49,2025-06-17 09:58:12
17940,17940,card,137.68,2025-07-12 10:04:19
17941,17941,card,130.01,2025-06-18 23:14:03
17942,17942,cash,864.65,2025-09-25 10:26:38
17943,17943,card,602.14,2025-07-24 15:53:50
17944,17944,card,57.26,2025-04-26 05:47:11
17945,17945,card,479.10,2025-08-29 06:29:32
17946,17946,\N,88.33,2025-12-29 22:57:38
17947,17947,gift_card,197.57,2025-06-29 05:31:25
17948,17948,card,298.69,2025-03-28 21:03:16
17949,17949,cash,200.96,2025-07-14 07:45:18
17950,17950,card,230.44,2025-07-04 03:53:52
17951,17951,card,105.00,2025-04-06 09:36:29
17952,17952,wallet,411.73,2025-07-20 17:03:26
17953,17953,card,1379.05,2025-09-19 15:10:28
17954,17954,gift_card,112.93,2025-07-27 12:11:41
17955,17955,wallet,465.24,2025-01-30 23:48:20
17956,17956,card,515.10,2025-12-08 05:34:03
17957,17957,wallet,230.48,2025-08-08 09:31:03
17958,17958,card,295.08,2025-01-24 09:50:19
17959,17959,card,229.22,2025-02-26 18:11:51
17960,17960,wallet,774.75,2025-02-15 14:00:36
17961,17961,card,41.82,2025-12-29 00:57:54
17962,17962,card,118.13,2025-08-02 06:56:36
17963,17963,gift_card,670.73,2025-03-13 12:14:05
17964,17964,\N,702.23,2025-08-10 13:05:24
17965,17965,\N,237.62,2025-04-16 23:37:05
17966,17966,card,222.51,2025-05-01 23:02:58
17967,17967,card,406.36,2025-06-10 18:12:14
17968,17968,card,2608.02,2025-08-29 09:13:05
17969,17969,card,410.98,2025-06-23 18:36:10
17970,17970,wallet,24.42,2025-02-26 07:22:20
17971,17971,wallet,182.64,2025-03-07 17:08:39
17972,17972,cash,308.78,2025-05-21 06:59:29
17973,17973,card,939.33,2025-11-12 01:17:55
17974,17974,\N,700.77,2025-01-20 11:46:31
17975,17975,cash,595.54,2025-09-02 04:54:46
17976,17976,card,293.90,2025-12-14 01:38:17
17977,17977,wallet,959.90,2025-04-23 13:58:07
17978,17978,wallet,97.47,2025-06-08 06:38:57
17979,17979,card,234.01,2025-10-15 08:08:20
17980,17980,cash,86.72,2025-09-07 12:15:51
17981,17981,gift_card,1049.62,2025-08-26 23:19:21
17982,17982,card,386.00,2025-08-09 04:20:33
17983,17983,card,501.94,2025-05-17 16:45:40
17984,17984,wallet,1352.77,2025-11-15 23:47:00
17985,17985,card,216.14,2025-06-18 11:23:16
17986,17986,\N,643.65,2025-11-10 05:22:11
17987,17987,wallet,321.66,2025-02-28 16:14:26
17988,17988,gift_card,798.35,2025-01-19 15:55:49
17989,17989,card,327.30,2025-01-14 18:39:03
17990,17990,card,1118.86,2025-05-29 06:13:37
17991,17991,gift_card,287.07,2025-07-24 13:17:47
17992,17992,cash,1377.93,2025-03-10 19:57:40
17993,17993,card,130.16,2025-05-25 18:03:56
17994,17994,cash,664.51,2025-06-27 12:20:15
17995,17995,card,344.86,2025-12-10 18:00:14
17996,17996,cash,374.90,2025-11-01 01:28:16
17997,17997,wallet,68.17,2025-01-13 01:32:28
17998,17998,card,1217.83,2025-06-28 14:09:10
17999,17999,cash,954.60,2025-03-25 15:19:54
18000,18000,card,341.87,2025-09-18 07:04:33
18001,18001,card,374.66,2025-03-29 09:20:53
18002,18002,gift_card,291.24,2025-05-19 10:13:37
18003,18003,card,1058.90,2025-04-19 13:53:47
18004,18004,card,396.15,2025-05-23 06:22:01
18005,18005,gift_card,660.59,2025-01-10 00:37:41
18006,18006,card,621.21,2025-06-13 20:35:58
18007,18007,cash,725.00,2025-11-29 06:56:52
18008,18008,card,293.34,2025-04-05 07:18:50
18009,18009,card,696.23,2025-07-13 19:17:37
18010,18010,cash,752.28,2025-01-30 05:05:42
18011,18011,\N,729.93,2025-03-07 16:47:56
18012,18012,card,172.48,2025-05-30 02:58:36
18013,18013,card,1800.32,2025-05-01 11:06:57
18014,18014,card,556.44,2025-12-15 02:49:47
18015,18015,\N,64.01,2025-09-07 16:22:25
18016,18016,card,205.14,2025-02-14 02:36:13
18017,18017,\N,614.86,2025-03-07 15:23:12
18018,18018,gift_card,166.57,2025-03-07 02:00:40
18019,18019,cash,519.02,2025-10-24 20:07:56
18020,18020,card,61.46,2025-01-05 16:24:30
18021,18021,card,936.08,2025-11-08 04:27:21
18022,18022,cash,332.51,2025-04-07 08:25:27
18023,18023,cash,59.34,2025-11-10 15:53:08
18024,18024,wallet,1491.95,2025-04-19 21:28:59
18025,18025,wallet,448.18,2025-03-14 00:16:26
18026,18026,card,868.16,2025-06-13 14:11:29
18027,18027,card,343.74,2025-10-08 09:13:59
18028,18028,wallet,244.76,2025-05-08 12:56:56
18029,18029,wallet,26.53,2025-10-04 01:59:39
18030,18030,\N,427.23,2025-12-02 06:18:15
18031,18031,\N,331.95,2025-08-08 06:48:16
18032,18032,wallet,1532.38,2025-08-10 04:51:57
18033,18033,\N,67.15,2025-01-04 14:27:33
18034,18034,gift_card,356.44,2025-09-08 13:00:47
18035,18035,\N,56.72,2025-09-09 21:44:21
18036,18036,wallet,1850.61,2025-02-07 11:48:35
18037,18037,cash,583.06,2025-09-06 00:20:41
18038,18038,gift_card,1047.44,2025-09-07 09:31:52
18039,18039,\N,342.63,2025-11-30 14:09:21
18040,18040,cash,339.66,2025-09-12 23:44:59
18041,18041,card,91.61,2025-10-26 01:26:11
18042,18042,\N,1795.82,2025-09-07 23:29:53
18043,18043,card,303.88,2025-03-12 11:21:46
18044,18044,card,622.61,2025-04-18 01:10:04
18045,18045,card,92.62,2025-04-11 13:31:16
18046,18046,card,44.36,2025-07-30 07:48:47
18047,18047,gift_card,365.28,2025-05-11 00:36:11
18048,18048,card,403.68,2025-12-15 10:30:37
18049,18049,gift_card,871.90,2025-03-19 16:47:25
18050,18050,card,598.63,2025-06-29 15:13:20
18051,18051,cash,236.22,2025-01-08 13:21:31
18052,18052,wallet,39.18,2025-06-27 13:57:13
18053,18053,wallet,368.02,2025-07-14 19:48:53
18054,18054,wallet,242.87,2025-08-28 20:59:55
18055,18055,wallet,573.76,2025-04-20 15:06:52
18056,18056,gift_card,659.79,2025-05-01 02:18:21
18057,18057,card,98.17,2025-07-04 19:59:57
18058,18058,cash,48.46,2025-04-27 02:43:23
18059,18059,gift_card,1395.30,2025-10-14 19:52:52
18060,18060,card,322.93,2025-12-17 20:21:42
18061,18061,wallet,1430.76,2025-02-23 13:35:16
18062,18062,gift_card,340.50,2025-09-21 17:11:42
18063,18063,card,254.23,2025-12-02 17:05:29
18064,18064,cash,44.58,2025-02-24 07:29:26
18065,18065,gift_card,1175.98,2025-01-12 06:31:11
18066,18066,gift_card,399.59,2025-11-28 10:00:22
18067,18067,card,273.75,2025-01-11 02:19:57
18068,18068,\N,361.15,2025-08-19 20:12:10
18069,18069,\N,557.14,2025-04-07 18:53:28
18070,18070,gift_card,417.29,2025-08-03 14:35:48
18071,18071,wallet,840.70,2025-07-06 04:30:49
18072,18072,gift_card,231.82,2025-10-02 21:28:22
18073,18073,cash,10.52,2025-10-04 06:56:26
18074,18074,card,687.07,2025-02-23 14:40:58
18075,18075,wallet,63.86,2025-07-20 15:06:21
18076,18076,\N,101.04,2025-07-31 16:38:33
18077,18077,cash,276.87,2025-07-23 19:14:57
18078,18078,wallet,1264.77,2025-04-13 06:38:56
18079,18079,card,185.25,2025-04-24 17:22:47
18080,18080,card,371.56,2025-11-27 10:53:05
18081,18081,cash,23.86,2025-10-17 22:57:41
18082,18082,card,157.60,2025-01-03 02:11:13
18083,18083,gift_card,414.44,2025-01-14 23:22:21
18084,18084,gift_card,466.53,2025-08-06 17:09:53
18085,18085,\N,540.80,2025-12-31 21:12:27
18086,18086,card,182.13,2025-11-09 20:01:36
18087,18087,card,310.29,2025-02-01 05:21:21
18088,18088,card,165.62,2025-05-31 17:40:08
18089,18089,gift_card,44.39,2025-12-10 22:23:34
18090,18090,\N,154.89,2025-10-10 04:31:52
18091,18091,cash,103.46,2025-11-01 11:19:36
18092,18092,card,470.38,2025-03-27 20:05:45
18093,18093,card,640.24,2025-08-16 14:03:46
18094,18094,\N,615.81,2025-11-09 17:13:37
18095,18095,\N,137.36,2025-03-01 20:50:05
18096,18096,card,134.92,2025-06-13 06:49:31
18097,18097,gift_card,96.70,2025-01-17 22:51:14
18098,18098,card,61.39,2025-02-26 22:16:48
18099,18099,card,176.38,2025-01-13 06:04:34
18100,18100,gift_card,1084.44,2025-10-28 19:29:03
18101,18101,gift_card,632.32,2025-02-24 15:50:26
18102,18102,cash,92.35,2025-10-07 09:50:20
18103,18103,\N,27.77,2025-11-05 19:27:43
18104,18104,cash,171.45,2025-02-13 18:02:17
18105,18105,card,206.79,2025-11-02 17:58:17
18106,18106,cash,318.80,2025-03-07 12:41:40
18107,18107,card,525.52,2025-07-01 08:46:04
18108,18108,wallet,272.56,2025-04-03 02:48:54
18109,18109,card,491.70,2025-01-28 14:18:08
18110,18110,card,391.00,2025-10-01 15:48:20
18111,18111,wallet,121.30,2025-10-25 12:44:23
18112,18112,cash,136.00,2025-07-04 15:18:27
18113,18113,gift_card,326.25,2025-05-16 22:59:13
18114,18114,card,1170.00,2025-03-05 19:47:35
18115,18115,cash,590.01,2025-10-28 22:07:01
18116,18116,cash,131.32,2025-11-21 06:35:22
18117,18117,card,337.28,2025-09-04 11:16:21
18118,18118,\N,969.40,2025-01-28 03:09:58
18119,18119,card,94.13,2025-12-17 09:24:39
18120,18120,wallet,347.85,2025-09-22 16:36:27
18121,18121,card,180.41,2025-02-20 16:29:42
18122,18122,card,98.46,2025-07-21 18:10:23
18123,18123,card,8.27,2025-04-06 13:40:45
18124,18124,gift_card,1118.50,2025-04-21 11:18:08
18125,18125,card,406.03,2025-03-30 21:00:33
18126,18126,gift_card,185.02,2025-07-25 02:38:08
18127,18127,\N,755.24,2025-12-18 18:28:44
18128,18128,card,387.58,2025-04-12 09:29:07
18129,18129,card,912.11,2025-07-04 15:42:30
18130,18130,cash,110.58,2025-06-05 01:11:40
18131,18131,cash,377.96,2025-11-09 17:33:11
18132,18132,gift_card,700.23,2025-08-30 05:55:22
18133,18133,card,56.87,2025-05-19 00:21:33
18134,18134,card,468.25,2025-12-06 06:37:59
18135,18135,card,231.98,2025-05-17 03:21:26
18136,18136,wallet,305.09,2025-01-30 00:18:04
18137,18137,gift_card,859.84,2025-06-09 05:56:06
18138,18138,card,67.56,2025-12-16 09:00:44
18139,18139,card,718.74,2025-12-11 02:47:05
18140,18140,\N,406.46,2025-08-25 06:29:07
18141,18141,card,551.10,2025-11-27 03:25:59
18142,18142,card,270.64,2025-01-18 11:49:22
18143,18143,card,239.71,2025-05-06 10:16:28
18144,18144,wallet,332.97,2025-01-31 05:32:18
18145,18145,gift_card,937.02,2025-11-03 08:03:29
18146,18146,\N,95.23,2025-09-12 06:39:23
18147,18147,cash,124.16,2025-06-25 05:30:45
18148,18148,card,1525.08,2025-06-30 00:40:42
18149,18149,\N,247.56,2025-11-20 19:21:59
18150,18150,card,167.78,2025-06-25 20:23:18
18151,18151,card,119.41,2025-04-12 16:09:47
18152,18152,wallet,812.09,2025-07-14 08:10:46
18153,18153,card,491.44,2025-04-06 18:41:03
18154,18154,wallet,685.88,2025-08-03 04:10:28
18155,18155,cash,1160.94,2025-05-25 18:30:46
18156,18156,wallet,621.82,2025-06-02 04:21:39
18157,18157,cash,528.08,2025-11-21 19:07:40
18158,18158,cash,326.23,2025-12-25 19:42:41
18159,18159,\N,355.44,2025-02-10 16:06:30
18160,18160,\N,780.42,2025-10-19 03:43:57
18161,18161,\N,802.97,2025-08-03 01:47:20
18162,18162,card,149.06,2025-10-22 08:03:08
18163,18163,gift_card,397.88,2025-06-26 05:27:58
18164,18164,card,895.37,2025-06-29 15:30:49
18165,18165,card,289.30,2025-03-19 14:30:49
18166,18166,cash,1335.73,2025-01-07 20:48:12
18167,18167,card,660.18,2025-09-01 00:36:55
18168,18168,wallet,296.87,2025-09-01 03:42:13
18169,18169,gift_card,109.82,2025-05-09 07:26:37
18170,18170,gift_card,308.65,2025-07-01 10:28:59
18171,18171,gift_card,34.80,2025-04-20 23:33:02
18172,18172,gift_card,598.09,2025-04-19 22:50:20
18173,18173,card,1047.19,2025-10-12 20:30:35
18174,18174,wallet,851.58,2025-02-25 05:34:28
18175,18175,cash,619.40,2025-02-17 07:41:14
18176,18176,card,88.94,2025-10-07 15:31:44
18177,18177,gift_card,1506.62,2025-02-08 22:00:53
18178,18178,gift_card,232.96,2025-08-01 19:22:14
18179,18179,card,135.96,2025-03-08 06:11:22
18180,18180,card,1233.61,2025-03-10 06:00:56
18181,18181,\N,445.44,2025-06-25 22:15:39
18182,18182,card,734.60,2025-02-17 22:53:49
18183,18183,wallet,63.87,2025-02-10 05:56:08
18184,18184,card,379.55,2025-06-26 23:13:53
18185,18185,wallet,450.68,2025-09-30 19:56:46
18186,18186,\N,89.45,2025-05-01 13:20:22
18187,18187,card,818.34,2025-06-23 01:46:52
18188,18188,card,352.67,2025-02-27 04:20:58
18189,18189,gift_card,1705.89,2025-05-13 10:31:32
18190,18190,cash,529.08,2025-04-23 07:01:08
18191,18191,card,1066.59,2025-05-10 20:10:41
18192,18192,cash,240.57,2025-03-24 17:51:52
18193,18193,card,179.24,2025-02-15 01:11:27
18194,18194,gift_card,896.16,2025-09-20 00:47:21
18195,18195,gift_card,291.31,2025-07-25 01:50:09
18196,18196,wallet,560.22,2025-05-12 02:46:15
18197,18197,card,760.93,2025-07-13 14:04:15
18198,18198,card,182.02,2025-08-19 00:47:12
18199,18199,card,335.57,2025-04-25 13:45:04
18200,18200,card,188.78,2025-03-14 06:46:53
18201,18201,card,260.96,2025-03-24 15:35:53
18202,18202,\N,939.31,2025-01-17 16:39:19
18203,18203,cash,279.36,2025-10-04 19:02:41
18204,18204,card,269.77,2025-10-26 17:58:30
18205,18205,card,20.16,2025-09-18 01:47:30
18206,18206,cash,183.28,2025-05-25 14:02:23
18207,18207,card,877.49,2025-07-12 00:31:33
18208,18208,\N,762.04,2025-04-03 23:29:01
18209,18209,gift_card,847.88,2025-12-19 18:36:27
18210,18210,gift_card,845.58,2025-05-07 03:28:09
18211,18211,card,295.08,2025-12-05 16:53:39
18212,18212,\N,736.65,2025-11-21 23:20:10
18213,18213,gift_card,1060.81,2025-06-08 09:18:24
18214,18214,gift_card,1195.89,2025-08-22 17:15:13
18215,18215,gift_card,1200.14,2025-04-14 08:56:12
18216,18216,card,314.94,2025-03-23 03:01:49
18217,18217,card,300.09,2025-11-23 03:56:07
18218,18218,card,1811.20,2025-11-22 06:25:47
18219,18219,wallet,116.67,2025-02-05 00:23:12
18220,18220,gift_card,1133.39,2025-09-13 22:14:41
18221,18221,wallet,551.01,2025-11-17 20:47:18
18222,18222,card,1122.22,2025-11-26 00:32:44
18223,18223,card,211.84,2025-08-10 20:59:28
18224,18224,card,244.13,2025-12-29 04:09:45
18225,18225,card,365.73,2025-05-05 02:02:28
18226,18226,\N,801.09,2025-01-14 03:26:54
18227,18227,wallet,649.54,2025-01-25 23:25:17
18228,18228,gift_card,315.13,2025-01-29 01:34:09
18229,18229,card,280.15,2025-07-13 10:23:39
18230,18230,\N,311.76,2025-05-03 13:58:40
18231,18231,card,173.72,2025-03-19 20:13:49
18232,18232,card,15.98,2025-11-12 20:53:38
18233,18233,card,145.53,2025-11-17 04:49:14
18234,18234,cash,280.96,2025-08-06 04:10:09
18235,18235,card,339.93,2025-01-21 10:33:20
18236,18236,card,114.04,2025-01-11 07:47:25
18237,18237,gift_card,216.85,2025-07-11 05:31:29
18238,18238,\N,1423.08,2025-05-07 14:12:24
18239,18239,wallet,199.93,2025-11-09 11:16:18
18240,18240,wallet,226.70,2025-04-10 22:39:27
18241,18241,card,301.99,2025-07-11 19:18:57
18242,18242,card,266.74,2025-09-29 07:52:10
18243,18243,wallet,864.60,2025-06-27 18:44:00
18244,18244,card,605.12,2025-01-06 05:58:30
18245,18245,card,354.39,2025-12-19 09:27:06
18246,18246,card,307.30,2025-01-13 20:27:07
18247,18247,cash,2156.53,2025-05-17 09:57:07
18248,18248,wallet,372.61,2025-08-29 07:27:31
18249,18249,gift_card,185.03,2025-11-09 04:21:14
18250,18250,card,845.18,2025-04-19 18:43:29
18251,18251,cash,364.80,2025-01-12 03:04:13
18252,18252,\N,62.89,2025-04-18 07:19:38
18253,18253,cash,341.50,2025-06-22 02:35:57
18254,18254,cash,1156.43,2025-10-27 02:23:54
18255,18255,cash,205.33,2025-04-11 10:07:32
18256,18256,\N,319.36,2025-08-22 09:28:21
18257,18257,wallet,57.26,2025-05-16 07:03:48
18258,18258,wallet,275.46,2025-12-26 00:36:50
18259,18259,\N,613.60,2025-10-10 17:58:04
18260,18260,\N,1575.25,2025-05-01 15:43:33
18261,18261,\N,1157.56,2025-10-30 04:32:24
18262,18262,cash,1115.22,2025-03-08 17:04:07
18263,18263,card,324.17,2025-04-01 14:55:28
18264,18264,card,382.16,2025-11-14 11:16:37
18265,18265,card,92.97,2025-01-10 12:53:55
18266,18266,card,93.44,2025-03-04 11:24:43
18267,18267,gift_card,208.95,2025-06-30 20:00:53
18268,18268,\N,861.72,2025-09-08 03:14:55
18269,18269,cash,326.85,2025-11-17 04:59:37
18270,18270,card,167.51,2025-02-06 23:06:44
18271,18271,card,184.00,2025-04-14 12:39:16
18272,18272,wallet,467.54,2025-11-10 17:09:33
18273,18273,gift_card,566.58,2025-04-13 22:37:24
18274,18274,card,91.92,2025-11-18 05:47:59
18275,18275,cash,1283.76,2025-06-25 03:26:26
18276,18276,card,301.81,2025-07-02 04:45:22
18277,18277,wallet,196.84,2025-03-02 14:23:06
18278,18278,wallet,716.46,2025-03-31 05:44:23
18279,18279,card,948.37,2025-12-15 05:02:48
18280,18280,wallet,1258.43,2025-05-18 13:44:33
18281,18281,card,12.73,2025-08-09 23:07:38
18282,18282,cash,274.65,2025-07-11 10:14:34
18283,18283,card,331.77,2025-07-31 07:51:23
18284,18284,\N,1689.89,2025-02-22 09:39:24
18285,18285,gift_card,807.55,2025-08-08 21:25:23
18286,18286,cash,638.27,2025-04-27 17:49:18
18287,18287,gift_card,196.56,2025-10-31 18:00:44
18288,18288,\N,192.20,2025-03-17 15:23:54
18289,18289,card,168.02,2025-10-14 02:33:36
18290,18290,card,602.73,2025-06-14 22:20:48
18291,18291,\N,266.65,2025-06-30 19:26:51
18292,18292,card,349.53,2025-01-11 03:13:13
18293,18293,card,135.88,2025-05-03 17:15:46
18294,18294,cash,188.86,2025-09-02 09:16:13
18295,18295,wallet,34.64,2025-04-21 02:51:32
18296,18296,card,1586.60,2025-12-05 19:43:32
18297,18297,cash,93.16,2025-02-13 03:58:12
18298,18298,card,225.05,2025-03-09 05:29:42
18299,18299,card,408.23,2025-01-13 08:20:56
18300,18300,gift_card,476.66,2025-08-06 14:42:12
18301,18301,card,299.83,2025-05-31 15:19:40
18302,18302,gift_card,989.07,2025-01-17 08:10:15
18303,18303,gift_card,399.24,2025-10-04 15:40:33
18304,18304,card,384.98,2025-05-05 17:25:32
18305,18305,cash,620.30,2025-11-20 01:44:55
18306,18306,gift_card,543.74,2025-05-17 08:31:30
18307,18307,card,1296.12,2025-07-12 13:30:05
18308,18308,wallet,95.16,2025-07-05 15:02:34
18309,18309,cash,929.41,2025-05-24 14:33:08
18310,18310,\N,1338.01,2025-01-30 12:02:03
18311,18311,gift_card,82.23,2025-09-19 22:58:55
18312,18312,card,1212.25,2025-04-06 22:11:46
18313,18313,card,256.30,2025-08-29 13:36:40
18314,18314,card,954.89,2025-01-26 03:06:33
18315,18315,cash,258.17,2025-03-01 10:46:53
18316,18316,\N,293.38,2025-12-10 09:41:06
18317,18317,card,629.58,2025-03-05 22:53:48
18318,18318,\N,412.81,2025-01-27 07:21:56
18319,18319,gift_card,328.05,2025-12-04 06:30:05
18320,18320,card,693.19,2025-04-26 04:44:58
18321,18321,card,371.05,2025-05-30 14:51:48
18322,18322,gift_card,595.54,2025-09-27 02:00:04
18323,18323,card,623.66,2025-07-06 02:21:08
18324,18324,cash,1328.53,2025-03-12 05:17:08
18325,18325,wallet,1212.48,2025-06-20 05:03:16
18326,18326,\N,410.65,2025-04-24 23:56:45
18327,18327,wallet,161.82,2025-06-25 13:41:45
18328,18328,\N,435.17,2025-03-18 16:17:30
18329,18329,gift_card,327.26,2025-08-11 13:32:22
18330,18330,card,1034.21,2025-05-08 19:19:44
18331,18331,gift_card,389.64,2025-08-27 08:37:32
18332,18332,wallet,126.56,2025-07-22 10:09:55
18333,18333,card,633.32,2025-11-27 05:08:59
18334,18334,cash,697.98,2025-04-11 22:13:58
18335,18335,card,101.40,2025-07-01 02:16:14
18336,18336,card,133.34,2025-10-05 22:11:24
18337,18337,\N,350.68,2025-11-15 11:12:02
18338,18338,card,1004.12,2025-08-30 04:06:35
18339,18339,card,708.46,2025-08-23 06:53:02
18340,18340,card,139.20,2025-12-10 03:49:56
18341,18341,gift_card,306.62,2025-11-23 04:15:58
18342,18342,cash,1008.58,2025-04-16 00:16:52
18343,18343,card,331.91,2025-03-02 23:56:41
18344,18344,card,113.19,2025-05-25 22:22:11
18345,18345,card,91.95,2025-04-22 06:34:19
18346,18346,card,708.69,2025-11-05 06:48:43
18347,18347,card,286.22,2025-06-29 14:57:33
18348,18348,cash,364.12,2025-12-01 11:27:59
18349,18349,wallet,30.38,2025-11-01 17:40:42
18350,18350,card,210.83,2025-02-12 23:57:54
18351,18351,card,370.70,2025-08-22 12:22:25
18352,18352,gift_card,211.07,2025-04-14 09:57:28
18353,18353,cash,250.09,2025-04-20 23:26:35
18354,18354,gift_card,796.01,2025-08-07 03:30:24
18355,18355,cash,38.28,2025-06-07 01:26:35
18356,18356,wallet,154.01,2025-11-30 21:20:09
18357,18357,card,510.00,2025-02-15 19:26:23
18358,18358,card,386.27,2025-05-20 19:00:42
18359,18359,card,327.08,2025-10-07 10:46:16
18360,18360,card,169.41,2025-08-01 18:28:00
18361,18361,wallet,988.05,2025-09-09 12:01:52
18362,18362,card,305.36,2025-07-08 23:47:06
18363,18363,card,1158.98,2025-07-08 12:39:07
18364,18364,card,358.98,2025-05-13 01:47:09
18365,18365,\N,190.04,2025-05-26 23:17:58
18366,18366,wallet,80.73,2025-02-21 22:55:24
18367,18367,card,179.89,2025-04-25 05:32:32
18368,18368,\N,67.30,2025-11-15 18:20:59
18369,18369,wallet,492.68,2025-08-27 23:50:25
18370,18370,card,283.94,2025-05-06 22:52:26
18371,18371,card,245.29,2025-09-14 22:14:42
18372,18372,card,1172.43,2025-01-09 20:05:37
18373,18373,\N,183.25,2025-09-08 19:45:26
18374,18374,card,24.40,2025-04-22 05:34:06
18375,18375,card,959.52,2025-05-05 19:23:07
18376,18376,card,119.16,2025-11-19 09:20:05
18377,18377,cash,1074.54,2025-01-22 19:03:17
18378,18378,card,142.13,2025-07-29 17:54:54
18379,18379,gift_card,157.34,2025-04-23 11:57:31
18380,18380,wallet,312.65,2025-06-01 08:41:47
18381,18381,card,312.46,2025-06-10 10:18:03
18382,18382,wallet,221.13,2025-12-13 00:51:40
18383,18383,\N,178.37,2025-08-16 14:14:38
18384,18384,card,1361.47,2025-07-17 16:57:12
18385,18385,gift_card,564.90,2025-10-24 15:48:12
18386,18386,wallet,542.10,2025-01-20 05:33:04
18387,18387,card,488.53,2025-01-13 14:24:59
18388,18388,wallet,112.85,2025-04-18 12:46:38
18389,18389,wallet,971.00,2025-05-13 10:07:35
18390,18390,wallet,16.93,2025-06-07 16:38:34
18391,18391,card,178.67,2025-07-14 12:51:08
18392,18392,card,1101.90,2025-10-22 10:43:21
18393,18393,wallet,361.10,2025-07-13 13:16:27
18394,18394,card,827.22,2025-02-09 09:30:53
18395,18395,card,177.03,2025-02-15 23:14:59
18396,18396,cash,629.74,2025-06-03 03:48:44
18397,18397,gift_card,278.81,2025-02-26 13:05:29
18398,18398,card,424.43,2025-08-10 12:46:32
18399,18399,wallet,684.46,2025-04-20 09:26:13
18400,18400,card,1050.45,2025-07-22 13:43:13
18401,18401,card,538.44,2025-05-16 02:08:32
18402,18402,card,561.92,2025-07-26 00:32:27
18403,18403,gift_card,1023.68,2025-08-09 02:47:25
18404,18404,card,1204.23,2025-12-16 13:01:31
18405,18405,cash,893.37,2025-05-20 15:24:50
18406,18406,gift_card,98.08,2025-04-14 10:58:06
18407,18407,gift_card,186.93,2025-03-23 08:14:31
18408,18408,card,267.21,2025-07-05 21:47:07
18409,18409,card,873.15,2025-03-24 19:40:08
18410,18410,wallet,1703.56,2025-09-12 01:06:15
18411,18411,\N,79.05,2025-01-29 05:28:59
18412,18412,card,411.24,2025-09-05 10:20:14
18413,18413,wallet,689.72,2025-02-25 11:06:12
18414,18414,gift_card,301.23,2025-12-31 14:57:36
18415,18415,gift_card,1100.64,2025-03-31 13:14:42
18416,18416,card,968.97,2025-04-08 15:09:09
18417,18417,card,266.07,2025-04-20 00:58:01
18418,18418,gift_card,145.79,2025-05-10 20:10:03
18419,18419,wallet,755.80,2025-12-05 22:02:26
18420,18420,wallet,244.83,2025-05-08 00:26:54
18421,18421,card,235.80,2025-04-16 05:40:24
18422,18422,gift_card,552.42,2025-11-10 13:57:17
18423,18423,card,42.52,2025-07-25 04:35:17
18424,18424,card,257.69,2025-10-28 08:20:16
18425,18425,wallet,179.98,2025-12-18 13:27:34
18426,18426,card,807.81,2025-09-27 00:37:21
18427,18427,\N,228.55,2025-11-04 19:10:39
18428,18428,card,276.17,2025-12-19 23:08:18
18429,18429,card,109.14,2025-03-07 20:10:39
18430,18430,card,194.62,2025-02-03 23:13:00
18431,18431,\N,1053.37,2025-05-28 04:56:22
18432,18432,card,281.85,2025-01-08 00:44:09
18433,18433,gift_card,173.93,2025-03-28 14:34:55
18434,18434,card,686.15,2025-12-24 01:37:44
18435,18435,\N,913.90,2025-11-20 01:39:02
18436,18436,wallet,596.70,2025-07-07 14:20:22
18437,18437,wallet,432.60,2025-02-08 17:18:12
18438,18438,\N,103.84,2025-09-07 03:46:28
18439,18439,\N,560.82,2025-07-05 00:56:20
18440,18440,\N,1259.57,2025-10-24 16:38:26
18441,18441,\N,178.06,2025-07-23 09:22:40
18442,18442,cash,236.70,2025-04-26 07:52:12
18443,18443,wallet,260.70,2025-08-14 18:07:16
18444,18444,cash,263.05,2025-07-12 17:54:36
18445,18445,card,513.04,2025-01-24 07:55:29
18446,18446,card,38.01,2025-07-25 18:34:53
18447,18447,gift_card,808.48,2025-01-28 00:50:02
18448,18448,card,195.66,2025-05-16 20:42:18
18449,18449,card,407.82,2025-06-13 19:25:22
18450,18450,cash,543.27,2025-12-02 08:05:43
18451,18451,gift_card,1398.58,2025-11-08 09:26:40
18452,18452,card,263.64,2025-05-26 01:14:04
18453,18453,gift_card,74.28,2025-10-13 00:31:05
18454,18454,card,333.67,2025-03-20 10:58:49
18455,18455,cash,780.08,2025-01-12 21:35:04
18456,18456,cash,96.48,2025-09-19 13:19:41
18457,18457,gift_card,619.73,2025-06-30 01:04:41
18458,18458,card,371.98,2025-12-30 11:13:36
18459,18459,wallet,930.15,2025-04-20 00:13:56
18460,18460,\N,127.02,2025-09-21 12:37:16
18461,18461,card,381.98,2025-05-21 21:05:19
18462,18462,gift_card,284.65,2025-08-07 19:41:37
18463,18463,cash,301.70,2025-07-27 09:11:15
18464,18464,\N,169.73,2025-04-24 20:34:13
18465,18465,\N,364.79,2025-03-09 02:17:15
18466,18466,cash,762.13,2025-06-01 23:06:44
18467,18467,card,833.18,2025-12-20 13:22:54
18468,18468,card,738.56,2025-07-05 10:25:38
18469,18469,cash,466.24,2025-01-08 02:57:10
18470,18470,gift_card,328.59,2025-03-09 06:03:49
18471,18471,card,566.48,2025-11-21 11:24:48
18472,18472,wallet,206.32,2025-06-23 18:54:21
18473,18473,wallet,673.62,2025-02-02 00:00:15
18474,18474,card,170.96,2025-03-05 18:27:56
18475,18475,card,366.67,2025-07-11 03:07:21
18476,18476,card,405.24,2025-03-29 16:55:43
18477,18477,cash,251.57,2025-01-03 10:07:25
18478,18478,card,102.37,2025-12-20 00:26:11
18479,18479,card,273.49,2025-01-12 04:57:02
18480,18480,card,59.28,2025-10-14 07:32:52
18481,18481,card,446.12,2025-04-25 05:01:56
18482,18482,\N,374.62,2025-08-03 10:37:38
18483,18483,card,568.73,2025-10-13 16:57:48
18484,18484,cash,236.84,2025-03-06 08:43:49
18485,18485,\N,234.69,2025-05-21 22:22:24
18486,18486,\N,226.37,2025-08-05 20:36:05
18487,18487,\N,605.01,2025-10-14 23:17:10
18488,18488,card,446.82,2025-12-12 06:51:59
18489,18489,card,520.00,2025-05-31 08:19:14
18490,18490,card,730.28,2025-11-17 14:54:51
18491,18491,wallet,97.34,2025-08-05 17:14:33
18492,18492,wallet,515.72,2025-11-01 11:41:03
18493,18493,gift_card,299.82,2025-05-04 11:23:45
18494,18494,cash,790.01,2025-06-20 11:32:15
18495,18495,gift_card,562.67,2025-07-24 05:03:40
18496,18496,card,309.24,2025-05-21 10:31:02
18497,18497,wallet,63.45,2025-07-18 02:28:35
18498,18498,gift_card,66.65,2025-08-16 12:36:22
18499,18499,gift_card,381.61,2025-08-14 12:36:40
18500,18500,card,96.04,2025-11-28 06:03:03
18501,18501,cash,335.80,2025-01-19 18:38:59
18502,18502,wallet,108.20,2025-05-19 03:20:17
18503,18503,card,477.38,2025-09-23 18:14:17
18504,18504,card,1758.78,2025-07-10 20:32:39
18505,18505,card,1344.72,2025-03-06 06:25:33
18506,18506,cash,79.20,2025-11-22 19:58:14
18507,18507,card,380.69,2025-10-18 18:59:02
18508,18508,gift_card,180.67,2025-08-18 17:54:13
18509,18509,card,1282.17,2025-05-03 07:48:59
18510,18510,card,176.91,2025-01-22 11:59:31
18511,18511,wallet,1031.22,2025-04-05 12:19:05
18512,18512,gift_card,589.42,2025-07-17 16:55:50
18513,18513,card,281.28,2025-04-01 08:57:46
18514,18514,card,265.23,2025-09-24 13:47:23
18515,18515,card,595.15,2025-06-14 22:45:35
18516,18516,card,1266.80,2025-04-22 10:25:20
18517,18517,cash,538.52,2025-05-11 14:54:13
18518,18518,\N,169.56,2025-01-13 14:42:07
18519,18519,\N,611.50,2025-01-30 01:30:10
18520,18520,card,1739.51,2025-04-19 10:15:52
18521,18521,card,1051.70,2025-09-22 06:42:16
18522,18522,\N,720.88,2025-03-11 10:24:50
18523,18523,cash,216.26,2025-05-26 11:42:55
18524,18524,cash,64.97,2025-09-24 17:17:02
18525,18525,card,184.33,2025-06-14 11:44:06
18526,18526,cash,230.44,2025-12-23 12:34:25
18527,18527,card,737.43,2025-12-02 03:38:13
18528,18528,card,820.23,2025-11-02 11:04:42
18529,18529,card,1134.34,2025-07-27 11:53:53
18530,18530,gift_card,931.45,2025-12-24 00:56:16
18531,18531,\N,357.50,2025-02-15 15:55:17
18532,18532,card,297.08,2025-11-11 06:16:07
18533,18533,card,307.38,2025-10-22 06:18:22
18534,18534,card,731.81,2025-05-18 12:28:08
18535,18535,card,1368.09,2025-06-04 17:54:15
18536,18536,gift_card,1085.70,2025-06-12 23:56:14
18537,18537,gift_card,281.01,2025-03-31 04:58:44
18538,18538,card,742.90,2025-04-17 03:39:15
18539,18539,cash,710.90,2025-12-02 10:19:46
18540,18540,cash,301.07,2025-08-06 11:46:46
18541,18541,gift_card,575.75,2025-02-17 18:28:12
18542,18542,wallet,285.37,2025-10-19 18:49:52
18543,18543,cash,295.59,2025-12-25 11:06:33
18544,18544,wallet,319.53,2025-06-10 15:31:33
18545,18545,cash,866.78,2025-11-10 09:51:32
18546,18546,\N,848.11,2025-08-24 23:06:25
18547,18547,wallet,456.81,2025-09-03 16:30:36
18548,18548,\N,376.76,2025-06-14 15:16:14
18549,18549,\N,798.86,2025-08-21 12:13:26
18550,18550,card,48.57,2025-09-07 23:08:04
18551,18551,card,974.17,2025-12-19 13:24:38
18552,18552,\N,374.99,2025-03-09 01:46:55
18553,18553,card,103.19,2025-08-08 02:43:00
18554,18554,card,2337.76,2025-04-05 21:37:34
18555,18555,card,236.70,2025-08-09 23:01:13
18556,18556,card,157.11,2025-01-20 04:30:01
18557,18557,wallet,217.12,2025-07-02 00:03:53
18558,18558,card,227.10,2025-08-17 15:11:00
18559,18559,card,361.23,2025-10-06 07:54:23
18560,18560,gift_card,354.78,2025-03-14 09:17:33
18561,18561,cash,1233.85,2025-11-16 12:10:17
18562,18562,card,645.98,2025-12-05 00:50:31
18563,18563,\N,486.78,2025-06-07 11:52:54
18564,18564,gift_card,295.64,2025-12-11 09:19:17
18565,18565,\N,586.80,2025-02-13 17:30:30
18566,18566,card,883.75,2025-04-16 04:01:51
18567,18567,cash,937.18,2025-11-02 17:03:42
18568,18568,card,593.72,2025-06-06 04:29:38
18569,18569,gift_card,533.05,2025-10-28 01:28:37
18570,18570,\N,326.25,2025-05-28 05:14:26
18571,18571,card,204.32,2025-11-21 03:58:13
18572,18572,card,262.72,2025-06-19 07:14:24
18573,18573,card,294.71,2025-03-13 06:23:25
18574,18574,gift_card,873.90,2025-10-20 01:54:08
18575,18575,card,334.24,2025-02-25 04:05:50
18576,18576,gift_card,116.93,2025-12-16 13:06:51
18577,18577,gift_card,825.49,2025-09-20 06:10:09
18578,18578,gift_card,253.77,2025-01-15 02:27:15
18579,18579,cash,141.69,2025-02-17 16:27:19
18580,18580,\N,896.89,2025-10-09 22:24:34
18581,18581,cash,925.26,2025-05-22 04:31:03
18582,18582,\N,911.65,2025-04-29 04:37:11
18583,18583,\N,48.26,2025-03-24 06:36:00
18584,18584,card,88.05,2025-07-21 08:32:30
18585,18585,card,391.93,2025-01-01 11:07:00
18586,18586,gift_card,1545.89,2025-01-12 04:13:36
18587,18587,wallet,239.41,2025-11-13 21:09:44
18588,18588,card,280.89,2025-08-31 22:29:02
18589,18589,cash,254.75,2025-10-09 12:40:41
18590,18590,wallet,929.55,2025-09-26 04:33:05
18591,18591,cash,525.44,2025-06-25 04:07:04
18592,18592,\N,872.65,2025-03-22 06:06:22
18593,18593,card,541.10,2025-01-05 03:09:03
18594,18594,card,81.23,2025-08-24 14:04:55
18595,18595,cash,888.64,2025-06-18 17:59:00
18596,18596,card,341.29,2025-05-19 07:43:20
18597,18597,gift_card,88.05,2025-03-10 19:39:57
18598,18598,card,105.00,2025-09-14 04:13:51
18599,18599,card,1459.96,2025-05-14 16:55:39
18600,18600,gift_card,1680.03,2025-06-02 23:39:37
18601,18601,cash,650.79,2025-01-02 10:20:59
18602,18602,card,771.48,2025-10-23 23:05:42
18603,18603,wallet,794.34,2025-08-07 16:56:53
18604,18604,card,949.97,2025-01-02 10:57:16
18605,18605,card,1564.26,2025-10-09 20:10:22
18606,18606,wallet,387.78,2025-03-01 18:09:57
18607,18607,\N,597.78,2025-05-10 13:39:44
18608,18608,cash,1038.39,2025-04-30 03:12:49
18609,18609,card,817.33,2025-10-22 20:16:14
18610,18610,card,1209.79,2025-01-07 09:19:29
18611,18611,gift_card,242.22,2025-12-16 06:15:04
18612,18612,gift_card,251.05,2025-12-17 19:43:56
18613,18613,card,283.22,2025-05-17 06:51:31
18614,18614,cash,183.20,2025-03-18 09:18:44
18615,18615,gift_card,654.07,2025-12-05 04:01:09
18616,18616,card,57.32,2025-06-02 17:13:49
18617,18617,gift_card,166.28,2025-10-09 04:59:47
18618,18618,\N,202.06,2025-03-18 08:38:57
18619,18619,gift_card,1496.37,2025-11-30 02:12:16
18620,18620,cash,320.80,2025-08-30 23:58:06
18621,18621,gift_card,934.76,2025-10-12 07:14:45
18622,18622,card,467.79,2025-08-16 02:59:31
18623,18623,card,451.23,2025-09-08 17:29:40
18624,18624,wallet,1389.67,2025-11-05 08:26:45
18625,18625,card,34.23,2025-07-07 00:35:33
18626,18626,\N,306.90,2025-02-13 15:01:20
18627,18627,\N,1017.73,2025-04-08 12:04:15
18628,18628,cash,314.56,2025-10-18 15:31:39
18629,18629,cash,646.28,2025-03-19 23:10:31
18630,18630,card,215.52,2025-09-21 16:07:21
18631,18631,\N,137.04,2025-11-07 11:04:22
18632,18632,cash,192.36,2025-01-16 12:27:17
18633,18633,\N,123.29,2025-08-22 11:17:48
18634,18634,gift_card,1545.52,2025-05-04 11:22:36
18635,18635,card,383.59,2025-01-26 21:26:27
18636,18636,card,341.19,2025-12-15 10:07:05
18637,18637,card,835.91,2025-11-25 09:50:39
18638,18638,\N,1172.19,2025-11-06 21:28:58
18639,18639,wallet,746.82,2025-01-18 22:59:15
18640,18640,wallet,582.62,2025-03-08 03:36:30
18641,18641,gift_card,243.25,2025-10-27 18:23:27
18642,18642,cash,507.73,2025-10-24 14:16:34
18643,18643,card,1244.05,2025-04-19 14:37:56
18644,18644,card,895.18,2025-02-21 13:32:53
18645,18645,gift_card,325.42,2025-08-30 22:48:21
18646,18646,\N,625.61,2025-11-08 06:04:48
18647,18647,card,269.22,2025-08-26 19:47:38
18648,18648,wallet,86.56,2025-10-28 04:13:06
18649,18649,card,66.94,2025-07-20 07:10:48
18650,18650,card,227.37,2025-04-10 17:37:17
18651,18651,cash,266.00,2025-10-10 09:19:41
18652,18652,card,1018.95,2025-04-08 21:57:33
18653,18653,gift_card,180.58,2025-03-19 11:48:56
18654,18654,\N,600.24,2025-03-02 17:47:03
18655,18655,cash,204.87,2025-08-11 07:16:38
18656,18656,card,715.02,2025-11-09 05:04:51
18657,18657,\N,216.16,2025-06-04 06:34:08
18658,18658,cash,130.83,2025-02-12 16:43:14
18659,18659,gift_card,581.38,2025-09-10 10:59:07
18660,18660,card,1388.28,2025-05-05 15:15:59
18661,18661,gift_card,904.37,2025-09-06 14:40:35
18662,18662,\N,333.58,2025-08-02 20:05:02
18663,18663,\N,280.10,2025-05-05 16:43:39
18664,18664,card,620.48,2025-02-06 19:28:06
18665,18665,\N,285.02,2025-12-12 15:50:56
18666,18666,card,661.51,2025-08-04 11:05:16
18667,18667,gift_card,214.05,2025-05-05 04:06:56
18668,18668,card,350.36,2025-05-15 17:45:52
18669,18669,card,291.73,2025-04-26 04:12:45
18670,18670,gift_card,982.22,2025-10-04 07:39:34
18671,18671,card,482.63,2025-03-20 23:10:43
18672,18672,\N,356.74,2025-03-17 23:34:26
18673,18673,\N,108.16,2025-06-16 08:21:16
18674,18674,card,259.64,2025-12-02 22:52:10
18675,18675,card,286.03,2025-04-17 17:03:18
18676,18676,card,786.28,2025-10-03 15:57:51
18677,18677,gift_card,950.18,2025-11-26 11:01:40
18678,18678,card,796.08,2025-01-26 13:35:09
18679,18679,card,707.50,2025-06-01 14:17:26
18680,18680,card,217.06,2025-07-04 18:59:56
18681,18681,card,55.90,2025-09-05 20:03:07
18682,18682,card,1190.86,2025-09-04 20:34:28
18683,18683,card,676.76,2025-05-20 08:20:38
18684,18684,\N,102.12,2025-03-25 20:40:20
18685,18685,card,732.41,2025-04-23 08:24:45
18686,18686,\N,309.76,2025-05-06 13:24:31
18687,18687,cash,1051.02,2025-10-14 19:17:01
18688,18688,gift_card,610.62,2025-02-12 00:49:46
18689,18689,gift_card,466.64,2025-04-02 21:48:45
18690,18690,card,1156.96,2025-06-14 17:28:12
18691,18691,cash,1348.62,2025-12-15 07:35:04
18692,18692,\N,232.96,2025-09-27 12:07:28
18693,18693,wallet,311.15,2025-07-29 20:51:32
18694,18694,wallet,612.19,2025-12-19 20:49:50
18695,18695,card,57.40,2025-09-13 19:50:38
18696,18696,card,1503.81,2025-12-08 11:22:54
18697,18697,card,405.32,2025-02-05 23:48:10
18698,18698,wallet,289.60,2025-12-19 22:24:44
18699,18699,card,311.53,2025-10-02 06:30:27
18700,18700,gift_card,710.28,2025-02-15 12:27:39
18701,18701,\N,908.59,2025-09-25 13:44:01
18702,18702,gift_card,1449.65,2025-02-10 13:16:44
18703,18703,card,436.92,2025-09-30 23:50:01
18704,18704,\N,72.53,2025-03-22 18:59:18
18705,18705,card,693.80,2025-11-01 04:54:31
18706,18706,gift_card,477.48,2025-10-31 13:27:07
18707,18707,card,1296.63,2025-03-15 22:03:55
18708,18708,cash,761.85,2025-05-23 00:42:51
18709,18709,card,1039.07,2025-10-10 23:58:40
18710,18710,cash,91.86,2025-10-12 23:58:32
18711,18711,cash,4.98,2025-03-28 12:08:14
18712,18712,\N,329.31,2025-08-12 23:59:28
18713,18713,cash,767.72,2025-07-23 08:39:35
18714,18714,card,176.00,2025-01-11 23:17:58
18715,18715,card,410.09,2025-08-23 20:23:09
18716,18716,cash,279.66,2025-05-02 15:29:03
18717,18717,\N,223.38,2025-04-08 05:00:35
18718,18718,card,127.52,2025-09-15 22:01:28
18719,18719,gift_card,444.97,2025-08-29 12:42:14
18720,18720,wallet,226.53,2025-12-30 04:50:07
18721,18721,\N,222.90,2025-02-17 08:07:13
18722,18722,cash,798.48,2025-09-25 02:02:17
18723,18723,card,700.50,2025-10-03 05:47:58
18724,18724,\N,778.48,2025-08-16 10:03:27
18725,18725,\N,847.22,2025-03-05 03:42:35
18726,18726,cash,340.26,2025-09-01 23:36:02
18727,18727,\N,231.47,2025-08-13 07:28:02
18728,18728,card,281.53,2025-11-13 00:49:47
18729,18729,cash,741.21,2025-02-14 19:29:57
18730,18730,gift_card,218.40,2025-12-19 14:07:27
18731,18731,\N,1628.89,2025-02-21 22:29:08
18732,18732,gift_card,596.95,2025-02-04 06:17:14
18733,18733,gift_card,155.14,2025-12-03 19:07:48
18734,18734,card,829.93,2025-05-25 20:36:56
18735,18735,card,686.93,2025-01-13 08:10:27
18736,18736,cash,460.15,2025-05-16 04:24:10
18737,18737,cash,186.30,2025-03-11 16:43:38
18738,18738,card,1291.96,2025-08-23 14:06:21
18739,18739,\N,280.81,2025-09-30 09:07:56
18740,18740,card,169.91,2025-05-01 03:35:55
18741,18741,card,95.23,2025-02-19 20:00:17
18742,18742,card,512.15,2025-07-21 23:07:03
18743,18743,card,602.95,2025-06-08 09:06:07
18744,18744,wallet,432.99,2025-03-08 01:39:11
18745,18745,card,396.06,2025-08-20 23:33:06
18746,18746,wallet,1766.24,2025-07-02 03:57:43
18747,18747,wallet,123.60,2025-06-18 05:36:02
18748,18748,card,1207.71,2025-04-13 08:40:35
18749,18749,card,605.79,2025-05-03 21:02:54
18750,18750,cash,266.25,2025-09-19 06:07:04
18751,18751,card,765.48,2025-05-26 06:00:34
18752,18752,card,154.73,2025-06-19 01:24:39
18753,18753,gift_card,1157.83,2025-01-08 19:05:12
18754,18754,card,362.74,2025-12-01 03:43:35
18755,18755,\N,420.50,2025-04-10 22:02:40
18756,18756,cash,498.10,2025-06-12 01:22:03
18757,18757,card,105.81,2025-01-25 11:25:45
18758,18758,\N,122.17,2025-01-24 21:18:00
18759,18759,\N,253.68,2025-07-30 14:56:29
18760,18760,card,235.10,2025-11-23 12:43:30
18761,18761,card,700.05,2025-10-25 23:11:53
18762,18762,card,151.07,2025-08-10 21:38:13
18763,18763,gift_card,175.43,2025-03-24 20:30:04
18764,18764,gift_card,518.54,2025-08-19 18:24:31
18765,18765,card,184.71,2025-06-04 01:28:21
18766,18766,gift_card,218.72,2025-04-21 17:32:41
18767,18767,card,314.52,2025-09-12 05:39:20
18768,18768,wallet,410.86,2025-08-10 02:10:49
18769,18769,card,282.05,2025-02-07 08:29:14
18770,18770,wallet,1010.71,2025-09-16 00:54:43
18771,18771,card,459.68,2025-04-25 19:57:05
18772,18772,\N,252.70,2025-10-03 04:59:05
18773,18773,wallet,1969.42,2025-09-26 01:17:42
18774,18774,card,172.46,2025-09-24 16:36:50
18775,18775,card,1125.13,2025-11-29 08:27:59
18776,18776,card,432.51,2025-05-10 05:39:45
18777,18777,card,339.70,2025-04-21 05:16:32
18778,18778,card,610.01,2025-03-05 19:10:09
18779,18779,cash,958.26,2025-02-09 13:10:45
18780,18780,gift_card,371.77,2025-08-17 04:30:16
18781,18781,\N,517.72,2025-07-06 06:22:57
18782,18782,gift_card,1023.52,2025-09-12 13:45:39
18783,18783,card,160.58,2025-05-21 19:46:34
18784,18784,card,525.73,2025-01-13 18:45:42
18785,18785,cash,314.09,2025-01-07 10:45:54
18786,18786,card,576.82,2025-08-11 03:45:50
18787,18787,wallet,289.96,2025-03-09 08:22:40
18788,18788,card,15.45,2025-12-06 00:59:32
18789,18789,card,720.88,2025-08-22 03:49:20
18790,18790,gift_card,356.46,2025-09-19 15:21:54
18791,18791,gift_card,291.48,2025-05-18 19:20:02
18792,18792,card,1001.07,2025-11-04 05:40:37
18793,18793,\N,365.23,2025-03-22 13:45:18
18794,18794,card,705.76,2025-11-18 10:47:22
18795,18795,cash,1110.57,2025-07-06 22:15:26
18796,18796,card,310.45,2025-09-11 04:17:30
18797,18797,card,1114.37,2025-09-07 12:06:11
18798,18798,card,32.33,2025-09-28 16:16:24
18799,18799,card,298.26,2025-09-14 08:07:57
18800,18800,card,261.11,2025-05-21 02:37:15
18801,18801,wallet,680.83,2025-06-08 08:59:54
18802,18802,wallet,1066.47,2025-06-30 03:23:32
18803,18803,wallet,451.15,2025-08-17 06:02:47
18804,18804,gift_card,1168.93,2025-12-04 07:53:19
18805,18805,card,326.60,2025-02-19 14:28:37
18806,18806,cash,605.45,2025-11-26 13:18:27
18807,18807,gift_card,486.59,2025-12-31 14:21:30
18808,18808,cash,335.24,2025-06-23 06:50:15
18809,18809,card,139.86,2025-11-02 18:04:01
18810,18810,card,420.19,2025-10-23 16:00:58
18811,18811,gift_card,613.84,2025-03-09 21:13:39
18812,18812,gift_card,382.33,2025-01-29 08:55:20
18813,18813,wallet,170.73,2025-09-21 04:21:55
18814,18814,\N,197.73,2025-11-25 03:15:31
18815,18815,cash,456.90,2025-09-08 01:29:53
18816,18816,cash,397.39,2025-04-08 21:16:45
18817,18817,\N,841.86,2025-02-05 20:05:23
18818,18818,card,1452.66,2025-09-12 22:24:46
18819,18819,card,84.67,2025-07-11 21:24:12
18820,18820,wallet,101.22,2025-11-18 21:29:37
18821,18821,card,64.35,2025-07-15 15:27:58
18822,18822,cash,1347.65,2025-05-19 11:18:08
18823,18823,card,625.15,2025-04-19 11:54:41
18824,18824,card,739.00,2025-10-22 03:14:23
18825,18825,card,88.01,2025-01-08 03:30:49
18826,18826,card,321.79,2025-06-04 04:45:55
18827,18827,card,121.75,2025-04-03 22:00:37
18828,18828,card,586.11,2025-06-15 06:28:40
18829,18829,\N,421.04,2025-10-20 09:30:58
18830,18830,card,165.69,2025-09-07 21:50:51
18831,18831,gift_card,813.74,2025-06-09 06:20:21
18832,18832,card,453.84,2025-03-21 13:33:55
18833,18833,card,208.10,2025-01-01 01:20:01
18834,18834,wallet,864.61,2025-04-16 19:01:36
18835,18835,cash,447.54,2025-05-06 14:11:32
18836,18836,cash,1210.79,2025-08-08 20:51:42
18837,18837,gift_card,900.56,2025-05-14 07:19:51
18838,18838,card,204.76,2025-06-20 01:41:50
18839,18839,card,181.25,2025-01-26 21:50:22
18840,18840,\N,167.07,2025-08-12 20:37:48
18841,18841,card,584.21,2025-10-20 20:29:44
18842,18842,card,264.37,2025-10-27 08:08:59
18843,18843,wallet,264.42,2025-11-24 20:49:28
18844,18844,wallet,770.07,2025-11-25 20:46:40
18845,18845,card,237.15,2025-07-01 01:51:27
18846,18846,card,437.48,2025-07-10 09:39:06
18847,18847,cash,154.63,2025-03-04 13:37:38
18848,18848,\N,416.48,2025-05-03 05:39:40
18849,18849,wallet,51.29,2025-07-01 16:43:35
18850,18850,\N,637.46,2025-12-28 01:10:47
18851,18851,card,761.67,2025-08-04 10:19:30
18852,18852,gift_card,575.58,2025-05-02 12:17:32
18853,18853,card,193.61,2025-05-06 03:34:36
18854,18854,\N,673.22,2025-03-18 01:50:15
18855,18855,card,278.80,2025-05-21 00:46:11
18856,18856,\N,884.25,2025-02-07 02:34:34
18857,18857,wallet,536.19,2025-05-07 22:58:58
18858,18858,\N,864.30,2025-09-14 13:39:26
18859,18859,wallet,297.76,2025-02-18 21:50:19
18860,18860,wallet,995.63,2025-08-18 04:31:41
18861,18861,cash,817.73,2025-01-29 01:31:52
18862,18862,wallet,174.48,2025-09-19 12:06:56
18863,18863,wallet,1823.71,2025-10-26 19:24:20
18864,18864,cash,1459.53,2025-05-06 14:54:59
18865,18865,card,1509.90,2025-08-11 02:34:17
18866,18866,card,695.50,2025-08-06 15:18:15
18867,18867,gift_card,817.91,2025-08-06 19:54:02
18868,18868,card,261.64,2025-04-12 07:52:07
18869,18869,wallet,216.54,2025-07-02 16:14:59
18870,18870,cash,325.23,2025-04-07 22:26:51
18871,18871,card,80.73,2025-08-07 12:28:44
18872,18872,card,300.36,2025-11-01 17:33:29
18873,18873,card,335.96,2025-08-05 06:21:42
18874,18874,gift_card,1178.73,2025-10-24 06:10:11
18875,18875,wallet,159.83,2025-03-20 04:20:30
18876,18876,card,309.14,2025-05-08 05:19:29
18877,18877,card,1374.77,2025-12-18 02:37:16
18878,18878,cash,1062.39,2025-03-25 02:15:49
18879,18879,wallet,373.75,2025-06-17 21:08:56
18880,18880,cash,651.56,2025-02-04 04:52:46
18881,18881,gift_card,520.90,2025-08-01 11:19:42
18882,18882,wallet,291.16,2025-03-28 22:59:14
18883,18883,card,245.62,2025-06-27 08:32:28
18884,18884,wallet,344.60,2025-09-26 13:52:27
18885,18885,card,331.52,2025-03-28 09:47:12
18886,18886,wallet,414.69,2025-03-25 10:01:11
18887,18887,cash,221.30,2025-12-17 07:26:58
18888,18888,\N,1792.82,2025-03-11 10:33:57
18889,18889,card,569.57,2025-06-25 06:03:24
18890,18890,\N,302.12,2025-06-01 05:53:19
18891,18891,\N,710.50,2025-12-22 21:52:55
18892,18892,wallet,820.23,2025-04-17 19:16:58
18893,18893,card,614.56,2025-09-20 14:11:25
18894,18894,wallet,1468.57,2025-05-16 04:32:54
18895,18895,card,312.71,2025-07-31 03:23:11
18896,18896,card,201.07,2025-06-09 13:39:32
18897,18897,card,232.85,2025-08-15 19:04:09
18898,18898,gift_card,411.14,2025-01-27 10:48:08
18899,18899,gift_card,379.83,2025-09-04 11:19:44
18900,18900,card,333.02,2025-07-07 12:19:04
18901,18901,card,237.60,2025-03-03 20:20:54
18902,18902,\N,87.07,2025-03-22 01:51:03
18903,18903,\N,256.57,2025-04-15 23:14:50
18904,18904,cash,125.38,2025-08-09 05:39:14
18905,18905,wallet,1460.55,2025-07-12 17:11:23
18906,18906,card,117.20,2025-11-09 18:48:37
18907,18907,cash,1086.76,2025-12-25 10:24:56
18908,18908,card,580.82,2025-03-30 17:04:23
18909,18909,card,87.98,2025-10-20 20:13:59
18910,18910,card,351.86,2025-04-04 17:48:22
18911,18911,cash,621.10,2025-05-10 13:57:53
18912,18912,gift_card,85.96,2025-12-08 11:46:55
18913,18913,\N,63.30,2025-05-28 00:56:15
18914,18914,wallet,377.40,2025-01-18 14:41:41
18915,18915,card,234.37,2025-10-19 15:28:31
18916,18916,gift_card,1496.40,2025-10-11 01:26:44
18917,18917,card,502.67,2025-06-13 08:35:55
18918,18918,gift_card,64.66,2025-03-05 18:00:51
18919,18919,gift_card,1280.44,2025-02-05 04:44:30
18920,18920,cash,178.37,2025-07-17 11:00:05
18921,18921,wallet,338.13,2025-10-16 01:34:55
18922,18922,card,289.58,2025-01-13 14:46:10
18923,18923,card,346.93,2025-08-14 17:07:57
18924,18924,wallet,128.87,2025-01-16 04:44:52
18925,18925,card,541.22,2025-05-27 23:58:24
18926,18926,cash,208.92,2025-04-25 17:15:13
18927,18927,card,355.60,2025-06-14 05:06:58
18928,18928,\N,849.27,2025-08-31 14:27:12
18929,18929,wallet,716.35,2025-09-08 00:48:46
18930,18930,card,1509.44,2025-05-07 23:33:51
18931,18931,gift_card,553.60,2025-03-28 04:54:00
18932,18932,card,181.25,2025-07-20 01:17:18
18933,18933,card,899.61,2025-08-13 13:29:47
18934,18934,\N,720.89,2025-02-12 20:44:02
18935,18935,wallet,84.84,2025-02-11 19:54:07
18936,18936,card,587.54,2025-08-31 03:43:55
18937,18937,cash,342.23,2025-09-05 12:04:00
18938,18938,\N,354.04,2025-07-16 15:32:12
18939,18939,cash,275.17,2025-03-14 03:18:57
18940,18940,card,137.68,2025-02-19 17:18:09
18941,18941,gift_card,125.18,2025-04-24 01:54:44
18942,18942,wallet,87.84,2025-10-03 04:31:54
18943,18943,cash,954.23,2025-03-10 11:00:55
18944,18944,cash,168.42,2025-10-14 12:19:29
18945,18945,card,95.76,2025-03-11 22:28:52
18946,18946,card,353.98,2025-03-24 04:18:17
18947,18947,card,180.30,2025-02-14 15:12:00
18948,18948,cash,124.56,2025-06-21 19:59:56
18949,18949,gift_card,248.21,2025-08-22 01:20:27
18950,18950,card,1127.39,2025-10-12 09:21:00
18951,18951,card,812.95,2025-07-30 05:27:00
18952,18952,cash,97.82,2025-09-09 23:19:18
18953,18953,\N,856.88,2025-02-14 09:47:27
18954,18954,cash,240.90,2025-02-11 14:51:43
18955,18955,card,478.54,2025-05-01 06:00:46
18956,18956,gift_card,508.57,2025-11-01 16:19:09
18957,18957,card,205.80,2025-04-01 19:27:59
18958,18958,wallet,382.37,2025-09-19 15:19:21
18959,18959,card,1119.91,2025-04-14 17:43:46
18960,18960,cash,310.89,2025-03-21 02:47:52
18961,18961,gift_card,320.20,2025-07-19 18:40:05
18962,18962,card,1580.61,2025-10-26 17:28:30
18963,18963,card,245.47,2025-06-14 06:29:27
18964,18964,\N,786.89,2025-12-24 00:02:09
18965,18965,gift_card,797.43,2025-01-26 10:52:53
18966,18966,wallet,387.02,2025-08-23 01:43:59
18967,18967,card,639.65,2025-01-27 17:44:14
18968,18968,gift_card,1655.84,2025-04-14 17:39:44
18969,18969,card,98.31,2025-05-27 11:34:08
18970,18970,card,287.43,2025-12-13 05:52:25
18971,18971,card,182.62,2025-10-20 15:27:33
18972,18972,gift_card,736.30,2025-04-23 04:05:01
18973,18973,\N,117.07,2025-10-23 18:00:55
18974,18974,card,114.74,2025-12-05 04:46:46
18975,18975,card,2052.24,2025-06-21 16:28:38
18976,18976,card,144.77,2025-05-07 12:46:50
18977,18977,card,762.68,2025-02-20 22:57:18
18978,18978,card,1195.53,2025-09-10 13:42:59
18979,18979,card,574.34,2025-03-12 20:50:14
18980,18980,cash,404.01,2025-12-13 07:32:19
18981,18981,wallet,493.96,2025-09-28 04:08:23
18982,18982,card,126.24,2025-03-22 12:41:16
18983,18983,card,686.24,2025-09-23 13:33:01
18984,18984,card,1294.53,2025-10-07 20:30:18
18985,18985,card,399.57,2025-08-26 01:18:07
18986,18986,card,57.94,2025-03-29 20:18:00
18987,18987,\N,276.21,2025-08-14 16:31:11
18988,18988,card,483.28,2025-09-28 02:42:26
18989,18989,gift_card,1005.54,2025-01-03 07:37:11
18990,18990,card,381.34,2025-04-17 01:47:39
18991,18991,cash,502.04,2025-10-05 07:38:25
18992,18992,card,198.03,2025-12-09 14:41:12
18993,18993,wallet,1065.50,2025-04-21 17:29:21
18994,18994,card,43.61,2025-07-10 14:28:20
18995,18995,card,1278.41,2025-10-17 00:22:28
18996,18996,card,856.83,2025-12-09 01:39:31
18997,18997,cash,847.35,2025-06-26 03:30:46
18998,18998,\N,46.04,2025-03-06 13:16:42
18999,18999,cash,59.13,2025-06-06 02:44:36
19000,19000,card,603.66,2025-09-05 19:04:14
19001,19001,\N,580.01,2025-08-21 01:31:52
19002,19002,card,101.71,2025-03-17 01:24:45
19003,19003,card,1094.86,2025-01-05 14:37:42
19004,19004,gift_card,1251.69,2025-08-12 06:23:51
19005,19005,wallet,75.52,2025-10-26 02:59:10
19006,19006,card,270.63,2025-04-02 00:40:04
19007,19007,gift_card,1011.09,2025-09-25 18:47:44
19008,19008,\N,783.33,2025-04-28 18:07:55
19009,19009,gift_card,278.43,2025-06-12 23:23:56
19010,19010,card,134.23,2025-01-13 21:57:47
19011,19011,wallet,1330.26,2025-02-25 07:53:08
19012,19012,cash,215.96,2025-07-15 04:58:10
19013,19013,cash,219.92,2025-08-15 22:28:35
19014,19014,\N,401.16,2025-09-22 02:10:14
19015,19015,cash,244.57,2025-05-10 01:40:04
19016,19016,card,234.74,2025-12-06 10:15:22
19017,19017,gift_card,435.53,2025-08-28 05:30:30
19018,19018,card,1479.36,2025-01-01 09:05:00
19019,19019,\N,285.86,2025-06-16 17:20:04
19020,19020,\N,51.42,2025-09-01 20:53:13
19021,19021,wallet,566.48,2025-06-16 06:18:45
19022,19022,wallet,315.18,2025-08-22 22:47:30
19023,19023,gift_card,849.33,2025-08-18 06:05:45
19024,19024,cash,1221.75,2025-03-06 16:49:05
19025,19025,card,1619.86,2025-07-07 11:39:01
19026,19026,card,376.38,2025-01-07 00:48:23
19027,19027,\N,665.52,2025-03-20 17:03:39
19028,19028,wallet,720.75,2025-07-20 12:47:24
19029,19029,\N,374.15,2025-09-13 12:51:52
19030,19030,card,646.23,2025-01-04 06:01:52
19031,19031,wallet,1793.07,2025-08-08 00:59:07
19032,19032,\N,325.23,2025-05-21 17:42:11
19033,19033,cash,686.74,2025-10-13 14:50:48
19034,19034,wallet,326.36,2025-03-29 00:08:36
19035,19035,card,207.33,2025-01-17 05:02:39
19036,19036,card,152.83,2025-09-02 03:49:23
19037,19037,card,849.33,2025-04-04 07:01:59
19038,19038,wallet,321.14,2025-08-31 09:55:11
19039,19039,cash,527.08,2025-03-23 10:41:55
19040,19040,gift_card,22.48,2025-02-06 23:14:33
19041,19041,card,280.79,2025-01-22 08:31:05
19042,19042,wallet,1591.10,2025-10-09 20:15:33
19043,19043,cash,643.88,2025-09-01 02:30:10
19044,19044,\N,534.82,2025-09-06 17:39:43
19045,19045,card,555.69,2025-03-29 15:53:39
19046,19046,card,1161.23,2025-12-08 12:15:17
19047,19047,wallet,1541.92,2025-04-06 10:02:03
19048,19048,gift_card,1052.61,2025-03-20 01:46:21
19049,19049,card,270.67,2025-05-09 21:11:44
19050,19050,cash,86.58,2025-05-20 06:19:20
19051,19051,gift_card,224.84,2025-09-07 00:39:13
19052,19052,card,718.50,2025-02-25 19:10:44
19053,19053,gift_card,704.31,2025-11-02 16:49:16
19054,19054,gift_card,166.76,2025-02-12 16:28:14
19055,19055,wallet,998.28,2025-04-29 19:13:44
19056,19056,cash,78.52,2025-10-05 20:57:08
19057,19057,\N,175.65,2025-12-13 15:51:09
19058,19058,card,296.03,2025-11-23 07:17:06
19059,19059,card,884.89,2025-02-26 21:53:14
19060,19060,card,98.43,2025-07-28 09:15:13
19061,19061,wallet,477.06,2025-05-31 02:37:15
19062,19062,wallet,851.72,2025-03-29 22:25:58
19063,19063,wallet,142.41,2025-02-18 15:08:03
19064,19064,cash,563.66,2025-05-12 09:41:22
19065,19065,card,483.88,2025-08-04 12:07:22
19066,19066,card,504.46,2025-01-09 14:30:53
19067,19067,cash,288.74,2025-03-23 15:22:37
19068,19068,card,1623.54,2025-07-20 01:03:35
19069,19069,gift_card,1120.78,2025-02-20 11:43:38
19070,19070,\N,181.53,2025-03-31 19:03:28
19071,19071,cash,552.90,2025-05-05 00:34:35
19072,19072,wallet,196.27,2025-01-19 19:14:15
19073,19073,card,54.91,2025-05-10 11:40:17
19074,19074,\N,19.35,2025-05-25 09:49:50
19075,19075,card,486.86,2025-07-10 01:03:00
19076,19076,gift_card,764.03,2025-04-11 20:44:51
19077,19077,gift_card,218.80,2025-10-17 21:36:43
19078,19078,gift_card,32.97,2025-04-06 12:36:40
19079,19079,card,271.78,2025-10-26 01:41:53
19080,19080,wallet,22.21,2025-09-06 18:31:21
19081,19081,cash,831.43,2025-01-26 11:14:07
19082,19082,wallet,1702.44,2025-01-02 08:05:23
19083,19083,cash,255.74,2025-10-22 19:53:57
19084,19084,card,1443.91,2025-04-25 14:26:00
19085,19085,gift_card,25.16,2025-09-07 04:53:53
19086,19086,cash,1198.85,2025-11-23 09:52:51
19087,19087,cash,763.73,2025-04-18 13:46:12
19088,19088,card,315.62,2025-04-07 03:18:24
19089,19089,card,57.85,2025-10-19 17:49:44
19090,19090,\N,289.53,2025-08-03 08:51:23
19091,19091,wallet,1011.74,2025-05-28 11:19:54
19092,19092,gift_card,1705.61,2025-02-04 18:18:34
19093,19093,card,582.48,2025-11-10 02:41:24
19094,19094,card,250.59,2025-09-29 05:42:33
19095,19095,card,541.23,2025-01-12 10:40:33
19096,19096,wallet,551.12,2025-02-22 19:09:58
19097,19097,cash,75.92,2025-12-04 04:00:02
19098,19098,card,452.19,2025-08-15 13:33:43
19099,19099,card,349.22,2025-03-15 18:26:12
19100,19100,card,330.49,2025-12-01 19:00:08
19101,19101,card,95.73,2025-04-20 14:46:56
19102,19102,\N,900.42,2025-11-17 14:11:23
19103,19103,card,203.84,2025-01-30 01:31:52
19104,19104,card,268.17,2025-01-02 23:00:09
19105,19105,card,388.42,2025-11-11 06:25:55
19106,19106,card,517.38,2025-07-21 21:09:29
19107,19107,card,40.32,2025-10-03 20:24:08
19108,19108,\N,270.86,2025-02-10 01:18:01
19109,19109,\N,514.08,2025-02-14 08:19:35
19110,19110,\N,776.67,2025-01-06 06:11:08
19111,19111,card,86.12,2025-10-17 16:00:19
19112,19112,wallet,872.61,2025-09-05 07:27:04
19113,19113,card,210.26,2025-05-04 10:53:56
19114,19114,\N,199.12,2025-12-26 18:21:36
19115,19115,gift_card,285.69,2025-07-12 05:38:35
19116,19116,card,631.23,2025-06-11 14:01:19
19117,19117,wallet,950.49,2025-12-03 18:24:48
19118,19118,card,246.55,2025-05-12 07:42:54
19119,19119,cash,174.10,2025-07-29 21:50:43
19120,19120,\N,1623.79,2025-07-16 01:37:29
19121,19121,cash,88.20,2025-10-15 09:44:58
19122,19122,wallet,691.58,2025-09-24 02:41:06
19123,19123,gift_card,509.89,2025-04-06 03:56:52
19124,19124,\N,198.02,2025-12-13 19:59:34
19125,19125,card,203.66,2025-07-14 02:06:03
19126,19126,gift_card,61.42,2025-11-27 21:07:08
19127,19127,\N,289.80,2025-12-26 17:39:00
19128,19128,card,101.68,2025-08-21 08:48:46
19129,19129,card,226.38,2025-09-19 18:15:10
19130,19130,wallet,713.07,2025-12-05 03:23:55
19131,19131,wallet,279.50,2025-10-29 07:48:06
19132,19132,cash,791.50,2025-03-23 20:59:46
19133,19133,card,809.22,2025-11-01 13:53:10
19134,19134,card,821.40,2025-11-12 20:24:30
19135,19135,card,667.70,2025-01-14 12:28:56
19136,19136,card,2366.31,2025-09-01 00:16:35
19137,19137,card,991.70,2025-05-15 22:28:29
19138,19138,\N,1616.12,2025-11-14 00:02:38
19139,19139,cash,694.65,2025-07-04 11:10:20
19140,19140,gift_card,240.13,2025-07-12 05:32:34
19141,19141,cash,482.91,2025-06-05 08:46:26
19142,19142,card,766.41,2025-08-12 23:02:31
19143,19143,wallet,61.39,2025-10-27 15:06:12
19144,19144,wallet,274.86,2025-06-18 05:27:42
19145,19145,\N,854.16,2025-01-12 16:56:40
19146,19146,card,90.38,2025-02-16 05:55:02
19147,19147,card,584.92,2025-06-23 23:39:17
19148,19148,card,277.46,2025-03-20 18:57:02
19149,19149,\N,716.74,2025-10-05 05:28:58
19150,19150,card,1308.66,2025-05-08 12:13:05
19151,19151,card,877.45,2025-01-11 13:58:16
19152,19152,card,1702.33,2025-09-05 03:15:30
19153,19153,gift_card,194.67,2025-02-16 03:44:37
19154,19154,gift_card,519.93,2025-04-12 00:23:22
19155,19155,card,1084.23,2025-03-02 12:09:54
19156,19156,wallet,825.52,2025-07-23 05:19:46
19157,19157,gift_card,708.83,2025-01-20 02:09:41
19158,19158,wallet,1054.21,2025-06-26 06:24:27
19159,19159,wallet,341.28,2025-05-21 07:25:28
19160,19160,wallet,174.33,2025-08-17 03:00:43
19161,19161,cash,121.90,2025-11-11 22:57:59
19162,19162,card,249.52,2025-07-23 07:06:59
19163,19163,card,311.21,2025-03-17 09:52:01
19164,19164,\N,1087.51,2025-10-14 06:37:53
19165,19165,card,969.78,2025-10-14 20:02:51
19166,19166,card,288.10,2025-03-21 16:39:12
19167,19167,card,548.88,2025-06-13 21:33:06
19168,19168,card,230.11,2025-05-17 16:43:45
19169,19169,card,1081.82,2025-07-11 09:22:52
19170,19170,card,486.38,2025-01-02 22:25:48
19171,19171,card,225.83,2025-05-09 15:30:26
19172,19172,wallet,1023.53,2025-06-13 14:39:55
19173,19173,card,312.67,2025-06-24 04:45:24
19174,19174,\N,945.77,2025-09-09 19:25:06
19175,19175,cash,297.25,2025-10-18 16:20:56
19176,19176,card,447.38,2025-04-01 13:00:41
19177,19177,wallet,512.04,2025-09-12 02:19:36
19178,19178,card,145.17,2025-05-27 17:06:21
19179,19179,\N,1722.49,2025-11-26 16:23:32
19180,19180,cash,106.42,2025-07-26 10:10:00
19181,19181,\N,578.51,2025-08-27 06:39:14
19182,19182,gift_card,148.01,2025-10-13 04:55:18
19183,19183,wallet,499.79,2025-09-18 17:11:10
19184,19184,card,674.70,2025-07-18 06:51:10
19185,19185,gift_card,1674.63,2025-02-06 14:16:55
19186,19186,\N,1252.75,2025-02-22 14:27:53
19187,19187,cash,549.41,2025-02-04 23:30:49
19188,19188,card,255.64,2025-02-09 09:56:57
19189,19189,gift_card,1978.55,2025-10-03 17:03:35
19190,19190,wallet,429.87,2025-07-27 07:37:08
19191,19191,\N,1114.71,2025-01-09 07:11:16
19192,19192,card,1441.69,2025-10-25 15:59:35
19193,19193,gift_card,147.18,2025-08-11 20:52:26
19194,19194,gift_card,770.08,2025-07-27 04:56:34
19195,19195,card,450.48,2025-05-26 09:03:46
19196,19196,cash,987.15,2025-11-10 06:40:51
19197,19197,card,464.73,2025-02-16 17:55:17
19198,19198,wallet,583.55,2025-04-07 15:27:19
19199,19199,cash,678.49,2025-09-16 15:04:59
19200,19200,card,717.28,2025-07-16 00:27:13
19201,19201,\N,447.61,2025-11-13 09:30:09
19202,19202,card,263.79,2025-12-27 17:36:44
19203,19203,cash,341.41,2025-03-02 20:34:47
19204,19204,\N,323.73,2025-11-12 08:33:54
19205,19205,card,182.19,2025-11-12 23:05:00
19206,19206,gift_card,417.07,2025-03-09 10:11:06
19207,19207,cash,268.72,2025-06-10 07:36:43
19208,19208,wallet,923.51,2025-05-26 06:28:25
19209,19209,card,755.58,2025-08-27 22:35:31
19210,19210,wallet,328.56,2025-04-15 16:58:28
19211,19211,card,1411.87,2025-10-11 00:42:18
19212,19212,gift_card,398.81,2025-02-12 20:54:18
19213,19213,wallet,74.20,2025-10-05 07:31:53
19214,19214,card,413.04,2025-02-05 20:24:33
19215,19215,card,1133.50,2025-07-07 02:08:00
19216,19216,card,1855.77,2025-12-06 19:19:23
19217,19217,card,275.12,2025-11-06 19:43:44
19218,19218,gift_card,386.38,2025-10-29 02:19:40
19219,19219,card,280.96,2025-12-16 08:08:42
19220,19220,gift_card,27.10,2025-11-18 05:28:35
19221,19221,card,57.72,2025-10-01 20:42:12
19222,19222,\N,193.23,2025-03-05 01:27:35
19223,19223,card,380.15,2025-11-07 11:19:16
19224,19224,card,115.84,2025-12-28 07:32:59
19225,19225,gift_card,266.06,2025-08-01 07:22:25
19226,19226,card,794.02,2025-12-14 06:26:24
19227,19227,card,157.46,2025-05-18 14:17:02
19228,19228,wallet,701.31,2025-12-29 13:04:09
19229,19229,card,248.98,2025-06-16 19:37:04
19230,19230,card,322.64,2025-04-06 05:38:36
19231,19231,cash,107.62,2025-12-20 17:02:41
19232,19232,card,292.66,2025-07-08 12:12:59
19233,19233,card,104.91,2025-12-04 07:53:31
19234,19234,wallet,330.68,2025-06-09 11:33:16
19235,19235,card,200.24,2025-12-24 00:11:43
19236,19236,gift_card,251.39,2025-08-03 04:49:43
19237,19237,gift_card,572.02,2025-11-01 09:01:29
19238,19238,cash,661.28,2025-02-06 19:40:34
19239,19239,wallet,1002.74,2025-06-09 11:46:33
19240,19240,\N,427.35,2025-10-23 20:31:28
19241,19241,card,75.90,2025-03-29 05:32:37
19242,19242,card,449.16,2025-08-04 06:33:26
19243,19243,card,565.05,2025-12-18 18:40:45
19244,19244,cash,682.71,2025-02-06 21:38:22
19245,19245,cash,588.73,2025-11-06 05:14:30
19246,19246,card,433.70,2025-04-07 18:56:25
19247,19247,card,636.39,2025-08-22 06:56:40
19248,19248,\N,192.87,2025-01-17 17:25:14
19249,19249,card,322.55,2025-04-17 08:56:03
19250,19250,\N,641.51,2025-11-18 06:36:19
19251,19251,card,73.40,2025-12-31 21:12:35
19252,19252,card,346.35,2025-08-04 03:59:53
19253,19253,cash,487.37,2025-03-21 07:09:14
19254,19254,cash,586.74,2025-08-24 23:08:18
19255,19255,card,1021.23,2025-07-16 20:37:03
19256,19256,card,931.74,2025-03-12 17:33:19
19257,19257,cash,2027.76,2025-10-07 16:47:23
19258,19258,card,108.78,2025-07-05 06:51:36
19259,19259,\N,837.03,2025-06-15 20:27:58
19260,19260,cash,109.31,2025-01-05 17:03:59
19261,19261,gift_card,310.72,2025-12-27 22:16:45
19262,19262,card,462.37,2025-04-09 15:17:21
19263,19263,gift_card,995.64,2025-04-20 00:34:11
19264,19264,cash,399.29,2025-08-14 17:10:37
19265,19265,\N,470.38,2025-01-16 06:14:44
19266,19266,cash,290.69,2025-07-26 21:46:36
19267,19267,wallet,851.87,2025-03-18 14:35:09
19268,19268,card,804.44,2025-12-20 02:22:47
19269,19269,cash,88.05,2025-08-04 15:53:45
19270,19270,card,996.79,2025-06-25 10:25:28
19271,19271,cash,801.35,2025-05-29 08:14:47
19272,19272,card,1320.06,2025-09-08 11:36:06
19273,19273,card,566.94,2025-02-01 06:38:05
19274,19274,card,36.68,2025-11-03 23:19:08
19275,19275,card,683.49,2025-08-25 23:11:51
19276,19276,card,217.12,2025-07-16 03:19:40
19277,19277,\N,279.57,2025-12-05 15:38:28
19278,19278,gift_card,338.13,2025-03-13 21:51:42
19279,19279,wallet,326.85,2025-07-13 06:45:27
19280,19280,card,286.00,2025-11-08 11:05:23
19281,19281,gift_card,617.02,2025-08-25 03:10:51
19282,19282,\N,1023.80,2025-02-27 15:57:11
19283,19283,\N,370.78,2025-12-31 06:07:15
19284,19284,card,771.82,2025-12-26 00:11:33
19285,19285,cash,137.36,2025-02-25 00:05:59
19286,19286,card,247.36,2025-04-20 21:17:17
19287,19287,cash,575.90,2025-06-24 04:21:23
19288,19288,gift_card,174.41,2025-10-01 02:15:30
19289,19289,card,1304.55,2025-08-11 21:07:28
19290,19290,wallet,446.84,2025-03-03 18:23:17
19291,19291,card,219.87,2025-12-05 06:45:29
19292,19292,wallet,645.10,2025-04-02 10:31:39
19293,19293,card,160.77,2025-11-23 08:56:03
19294,19294,cash,932.62,2025-06-25 20:17:45
19295,19295,cash,1096.19,2025-12-07 21:44:16
19296,19296,card,390.20,2025-12-06 08:28:11
19297,19297,\N,241.55,2025-10-09 08:57:27
19298,19298,card,629.04,2025-10-08 06:34:26
19299,19299,cash,447.96,2025-08-13 07:35:22
19300,19300,gift_card,2410.34,2025-01-27 08:42:19
19301,19301,card,300.39,2025-10-26 15:24:24
19302,19302,wallet,501.56,2025-01-16 22:47:38
19303,19303,\N,80.87,2025-09-21 14:31:57
19304,19304,gift_card,834.70,2025-10-24 16:36:46
19305,19305,gift_card,295.38,2025-09-09 04:09:07
19306,19306,gift_card,391.96,2025-08-17 18:02:59
19307,19307,card,346.68,2025-05-21 21:03:32
19308,19308,card,90.95,2025-01-02 00:48:24
19309,19309,wallet,117.22,2025-07-18 05:59:19
19310,19310,card,836.10,2025-03-16 06:48:17
19311,19311,card,1172.49,2025-12-31 11:09:19
19312,19312,card,428.84,2025-03-02 13:52:22
19313,19313,card,613.12,2025-02-25 04:18:10
19314,19314,cash,171.96,2025-02-04 12:22:05
19315,19315,cash,253.46,2025-09-03 11:18:49
19316,19316,\N,276.80,2025-12-20 15:58:12
19317,19317,card,314.68,2025-08-28 00:25:43
19318,19318,card,1082.58,2025-01-22 20:52:12
19319,19319,wallet,356.77,2025-02-21 06:11:23
19320,19320,wallet,690.78,2025-05-31 10:54:57
19321,19321,gift_card,1330.25,2025-04-18 10:30:24
19322,19322,wallet,2441.16,2025-10-02 20:18:46
19323,19323,gift_card,264.51,2025-05-08 17:22:54
19324,19324,card,2130.89,2025-07-10 01:58:08
19325,19325,cash,67.49,2025-08-22 22:02:11
19326,19326,cash,1265.02,2025-03-11 22:30:57
19327,19327,wallet,1209.33,2025-06-28 03:59:14
19328,19328,card,427.86,2025-03-11 22:47:49
19329,19329,\N,162.31,2025-04-27 00:06:13
19330,19330,card,175.37,2025-04-06 23:47:36
19331,19331,\N,989.95,2025-09-03 13:19:49
19332,19332,gift_card,305.84,2025-05-21 22:17:44
19333,19333,wallet,93.08,2025-08-12 20:12:23
19334,19334,card,611.49,2025-01-09 04:10:26
19335,19335,gift_card,513.68,2025-12-26 13:45:48
19336,19336,card,731.12,2025-05-09 02:33:12
19337,19337,cash,1555.38,2025-02-13 00:39:48
19338,19338,card,670.26,2025-05-18 04:37:20
19339,19339,card,1223.11,2025-03-22 05:37:59
19340,19340,gift_card,311.44,2025-07-06 19:32:46
19341,19341,\N,486.34,2025-04-20 04:37:50
19342,19342,card,2105.98,2025-06-27 15:47:48
19343,19343,wallet,153.78,2025-05-28 17:00:58
19344,19344,\N,114.84,2025-01-22 05:21:55
19345,19345,wallet,349.36,2025-11-15 11:57:08
19346,19346,gift_card,511.60,2025-08-03 08:42:05
19347,19347,card,383.73,2025-09-18 12:44:42
19348,19348,card,402.32,2025-04-09 02:49:33
19349,19349,card,455.78,2025-05-09 01:20:04
19350,19350,card,684.64,2025-11-06 10:30:58
19351,19351,card,679.76,2025-06-13 07:25:26
19352,19352,card,236.39,2025-01-29 16:22:03
19353,19353,\N,2036.09,2025-02-19 16:25:14
19354,19354,card,62.15,2025-09-30 13:47:27
19355,19355,card,525.78,2025-12-26 02:46:51
19356,19356,card,397.14,2025-11-19 14:24:29
19357,19357,wallet,1296.01,2025-06-27 16:20:45
19358,19358,cash,118.07,2025-02-05 18:29:31
19359,19359,card,475.39,2025-11-01 23:40:06
19360,19360,cash,193.72,2025-04-03 07:18:09
19361,19361,cash,986.43,2025-01-04 11:50:40
19362,19362,card,338.73,2025-06-02 06:02:09
19363,19363,cash,822.07,2025-11-28 09:55:28
19364,19364,gift_card,189.67,2025-10-08 01:10:12
19365,19365,wallet,125.46,2025-11-01 20:53:02
19366,19366,card,665.30,2025-07-19 09:25:19
19367,19367,cash,1682.45,2025-12-16 01:31:00
19368,19368,\N,167.36,2025-05-20 00:16:00
19369,19369,gift_card,41.11,2025-03-11 00:11:20
19370,19370,gift_card,78.50,2025-01-25 08:44:01
19371,19371,cash,426.45,2025-04-11 23:03:29
19372,19372,\N,69.01,2025-03-01 03:38:10
19373,19373,gift_card,25.23,2025-06-18 04:29:35
19374,19374,card,802.00,2025-09-30 11:50:55
19375,19375,\N,62.78,2025-05-17 20:34:47
19376,19376,cash,296.21,2025-04-25 04:03:38
19377,19377,gift_card,390.87,2025-06-18 08:41:40
19378,19378,card,273.69,2025-06-03 03:23:37
19379,19379,cash,980.92,2025-03-09 18:27:11
19380,19380,\N,1008.06,2025-11-20 20:21:09
19381,19381,\N,710.00,2025-10-05 21:59:30
19382,19382,wallet,243.17,2025-04-29 23:45:36
19383,19383,gift_card,922.65,2025-08-13 22:03:27
19384,19384,cash,236.70,2025-10-02 02:22:21
19385,19385,card,106.69,2025-04-14 14:28:26
19386,19386,card,138.86,2025-08-02 21:17:41
19387,19387,gift_card,413.20,2025-12-17 07:49:39
19388,19388,card,1228.48,2025-10-03 12:31:59
19389,19389,card,420.84,2025-08-08 06:19:34
19390,19390,\N,375.65,2025-06-08 21:14:15
19391,19391,wallet,517.47,2025-02-16 21:25:43
19392,19392,card,551.84,2025-03-29 08:55:11
19393,19393,gift_card,667.67,2025-10-10 03:00:56
19394,19394,card,145.03,2025-10-27 02:04:18
19395,19395,gift_card,356.57,2025-05-10 09:20:27
19396,19396,cash,443.42,2025-05-04 11:24:57
19397,19397,\N,675.37,2025-06-28 08:25:37
19398,19398,wallet,685.83,2025-08-02 17:03:21
19399,19399,\N,152.24,2025-07-10 10:59:17
19400,19400,card,1085.30,2025-04-06 09:00:53
19401,19401,card,108.65,2025-03-06 09:01:15
19402,19402,wallet,245.60,2025-07-23 12:06:07
19403,19403,cash,419.71,2025-10-08 17:55:37
19404,19404,card,692.70,2025-01-16 08:16:21
19405,19405,\N,46.59,2025-07-06 10:21:41
19406,19406,cash,1549.56,2025-02-04 21:02:49
19407,19407,card,2368.50,2025-10-23 06:38:15
19408,19408,\N,249.08,2025-08-24 01:17:27
19409,19409,card,350.46,2025-02-04 04:05:41
19410,19410,gift_card,379.92,2025-09-17 07:11:40
19411,19411,card,394.27,2025-12-10 23:52:29
19412,19412,gift_card,993.06,2025-04-01 16:09:04
19413,19413,cash,357.25,2025-11-19 02:37:31
19414,19414,card,208.58,2025-10-23 00:07:42
19415,19415,card,324.17,2025-06-02 16:32:54
19416,19416,gift_card,327.08,2025-09-05 21:48:21
19417,19417,card,220.12,2025-05-22 01:06:04
19418,19418,wallet,571.74,2025-11-17 04:46:00
19419,19419,card,1096.87,2025-08-11 14:58:42
19420,19420,wallet,756.93,2025-06-20 11:29:33
19421,19421,wallet,54.31,2025-04-06 11:53:15
19422,19422,card,44.68,2025-12-06 04:37:31
19423,19423,card,1140.71,2025-10-27 00:20:37
19424,19424,card,471.08,2025-06-28 08:39:05
19425,19425,card,1600.61,2025-02-09 15:32:59
19426,19426,gift_card,655.33,2025-04-07 15:46:47
19427,19427,\N,487.24,2025-03-21 13:27:04
19428,19428,card,138.60,2025-11-09 00:45:55
19429,19429,cash,1120.87,2025-09-09 08:55:45
19430,19430,gift_card,91.09,2025-07-27 17:56:09
19431,19431,\N,432.61,2025-07-04 02:13:23
19432,19432,card,1258.51,2025-12-21 07:13:22
19433,19433,gift_card,403.25,2025-11-23 08:44:51
19434,19434,\N,179.99,2025-10-17 08:51:03
19435,19435,card,1379.47,2025-08-24 06:26:43
19436,19436,\N,657.15,2025-04-17 16:48:24
19437,19437,cash,485.09,2025-11-11 06:23:32
19438,19438,card,225.19,2025-03-09 18:02:22
19439,19439,cash,540.50,2025-08-02 09:15:56
19440,19440,\N,385.43,2025-10-15 20:00:17
19441,19441,cash,20.67,2025-03-25 06:44:56
19442,19442,card,96.10,2025-04-28 15:43:20
19443,19443,gift_card,102.32,2025-01-09 01:52:28
19444,19444,card,103.19,2025-05-06 01:06:24
19445,19445,cash,274.53,2025-01-02 16:10:27
19446,19446,\N,577.14,2025-07-07 21:21:44
19447,19447,wallet,983.66,2025-07-08 11:28:09
19448,19448,card,644.39,2025-04-14 11:05:24
19449,19449,gift_card,182.14,2025-11-05 09:36:09
19450,19450,card,328.21,2025-11-22 00:58:37
19451,19451,card,1563.25,2025-07-05 12:44:33
19452,19452,card,1257.94,2025-07-03 04:33:03
19453,19453,card,1090.62,2025-07-11 12:40:06
19454,19454,\N,260.20,2025-10-09 05:08:55
19455,19455,gift_card,116.74,2025-08-19 01:51:10
19456,19456,cash,289.80,2025-12-10 03:17:15
19457,19457,card,275.84,2025-08-30 06:32:56
19458,19458,card,193.31,2025-06-01 00:37:21
19459,19459,wallet,382.44,2025-09-15 04:08:33
19460,19460,\N,85.80,2025-01-17 20:46:58
19461,19461,card,606.36,2025-06-08 09:15:28
19462,19462,\N,558.38,2025-11-29 05:14:25
19463,19463,card,581.76,2025-10-11 18:29:17
19464,19464,\N,521.30,2025-10-20 00:14:46
19465,19465,card,1208.42,2025-06-20 08:07:35
19466,19466,gift_card,343.74,2025-05-22 15:12:34
19467,19467,\N,593.86,2025-03-23 05:28:03
19468,19468,card,910.46,2025-08-31 09:36:19
19469,19469,card,536.67,2025-12-20 14:28:18
19470,19470,\N,272.09,2025-09-27 21:58:46
19471,19471,\N,251.18,2025-05-26 17:46:13
19472,19472,card,779.80,2025-06-23 19:44:58
19473,19473,card,363.42,2025-04-05 09:43:49
19474,19474,wallet,1279.66,2025-04-22 18:17:46
19475,19475,wallet,283.24,2025-06-30 20:42:47
19476,19476,card,119.73,2025-08-13 10:14:48
19477,19477,gift_card,303.71,2025-01-01 11:50:23
19478,19478,gift_card,126.24,2025-01-04 04:05:31
19479,19479,\N,324.91,2025-07-21 00:21:46
19480,19480,\N,706.71,2025-06-24 10:50:23
19481,19481,\N,914.55,2025-10-18 12:28:16
19482,19482,card,148.01,2025-07-14 09:44:05
19483,19483,cash,1375.48,2025-10-05 00:19:51
19484,19484,gift_card,1194.62,2025-12-18 16:00:12
19485,19485,card,387.06,2025-09-15 19:46:46
19486,19486,wallet,764.70,2025-12-11 14:01:48
19487,19487,cash,689.43,2025-11-11 15:07:40
19488,19488,card,271.25,2025-10-05 11:39:18
19489,19489,card,68.50,2025-10-20 12:28:47
19490,19490,\N,1473.46,2025-03-21 20:02:28
19491,19491,card,565.06,2025-12-19 18:48:21
19492,19492,card,154.89,2025-11-14 12:34:41
19493,19493,card,1068.52,2025-09-25 08:59:11
19494,19494,card,324.55,2025-11-28 19:59:29
19495,19495,gift_card,606.22,2025-01-14 03:47:57
19496,19496,cash,973.43,2025-09-20 22:21:45
19497,19497,card,595.44,2025-03-20 04:08:30
19498,19498,wallet,193.05,2025-09-17 15:43:24
19499,19499,\N,970.98,2025-10-03 11:17:16
19500,19500,card,196.83,2025-02-08 19:23:09
19501,19501,wallet,925.84,2025-03-28 06:21:36
19502,19502,\N,57.95,2025-02-15 14:15:01
19503,19503,card,263.00,2025-11-08 23:36:30
19504,19504,\N,275.33,2025-09-30 22:08:05
19505,19505,card,39.18,2025-10-19 16:49:02
19506,19506,card,404.98,2025-07-21 03:10:12
19507,19507,\N,242.44,2025-06-02 10:43:03
19508,19508,card,351.10,2025-09-11 12:38:17
19509,19509,card,242.31,2025-02-27 05:24:14
19510,19510,cash,2082.38,2025-02-23 11:15:12
19511,19511,wallet,342.96,2025-07-11 22:51:16
19512,19512,card,57.53,2025-09-18 02:37:36
19513,19513,cash,886.27,2025-07-30 00:54:33
19514,19514,gift_card,677.22,2025-07-15 14:23:18
19515,19515,\N,1142.67,2025-07-26 10:44:48
19516,19516,card,683.46,2025-02-01 08:30:22
19517,19517,card,457.42,2025-02-24 15:36:11
19518,19518,wallet,494.47,2025-02-09 04:07:34
19519,19519,cash,161.45,2025-04-08 20:47:57
19520,19520,wallet,61.40,2025-07-30 22:53:32
19521,19521,card,260.97,2025-01-05 15:14:58
19522,19522,\N,1241.59,2025-01-27 20:44:50
19523,19523,card,511.57,2025-10-16 11:35:18
19524,19524,wallet,289.43,2025-05-08 08:28:28
19525,19525,card,281.91,2025-06-08 22:34:20
19526,19526,gift_card,611.48,2025-11-12 19:23:52
19527,19527,gift_card,300.85,2025-05-22 00:04:48
19528,19528,wallet,326.88,2025-10-14 09:13:27
19529,19529,gift_card,794.68,2025-06-23 03:44:16
19530,19530,cash,347.46,2025-10-29 10:13:40
19531,19531,wallet,355.06,2025-08-26 23:19:37
19532,19532,card,103.42,2025-04-03 01:32:31
19533,19533,wallet,346.90,2025-10-16 01:32:16
19534,19534,cash,601.86,2025-06-18 02:54:53
19535,19535,cash,185.03,2025-09-08 13:02:54
19536,19536,card,1212.19,2025-06-22 09:53:03
19537,19537,cash,612.39,2025-03-29 19:42:02
19538,19538,card,96.25,2025-06-16 00:45:14
19539,19539,gift_card,181.44,2025-04-19 06:54:11
19540,19540,card,579.69,2025-10-02 00:06:45
19541,19541,card,348.43,2025-02-04 17:58:14
19542,19542,gift_card,116.74,2025-01-29 10:33:03
19543,19543,gift_card,533.96,2025-03-11 07:42:11
19544,19544,card,919.43,2025-06-02 12:44:41
19545,19545,gift_card,466.08,2025-08-05 10:42:01
19546,19546,card,574.24,2025-08-10 11:52:35
19547,19547,gift_card,1004.18,2025-10-21 17:02:20
19548,19548,card,1377.18,2025-01-25 22:05:55
19549,19549,card,1081.04,2025-02-03 00:32:23
19550,19550,card,1279.80,2025-04-28 17:15:20
19551,19551,card,308.78,2025-09-27 05:50:56
19552,19552,\N,56.76,2025-01-29 05:44:53
19553,19553,card,67.85,2025-06-06 22:40:33
19554,19554,gift_card,77.88,2025-08-15 17:28:00
19555,19555,gift_card,145.17,2025-01-07 19:19:14
19556,19556,card,206.14,2025-04-04 12:23:53
19557,19557,\N,119.55,2025-10-03 14:43:10
19558,19558,\N,155.30,2025-03-25 17:53:30
19559,19559,wallet,1768.71,2025-09-08 05:17:56
19560,19560,card,133.00,2025-10-28 09:51:01
19561,19561,cash,46.70,2025-10-08 11:35:54
19562,19562,cash,648.67,2025-12-07 07:51:15
19563,19563,card,1458.01,2025-01-29 13:52:58
19564,19564,cash,295.75,2025-06-11 01:46:05
19565,19565,\N,364.52,2025-02-13 02:26:38
19566,19566,card,423.06,2025-10-11 10:07:51
19567,19567,card,740.38,2025-07-05 03:58:14
19568,19568,card,198.78,2025-11-18 07:28:59
19569,19569,gift_card,964.21,2025-01-28 00:46:58
19570,19570,card,332.57,2025-06-13 04:07:36
19571,19571,\N,78.37,2025-12-14 21:35:18
19572,19572,cash,311.43,2025-03-09 14:55:53
19573,19573,cash,320.14,2025-12-02 03:24:07
19574,19574,gift_card,498.46,2025-11-27 19:03:32
19575,19575,gift_card,246.11,2025-04-10 11:58:50
19576,19576,card,274.37,2025-10-16 10:33:47
19577,19577,card,59.31,2025-07-25 13:35:52
19578,19578,gift_card,536.46,2025-01-21 02:44:04
19579,19579,gift_card,756.91,2025-05-27 20:12:20
19580,19580,cash,535.83,2025-11-20 03:03:02
19581,19581,card,225.76,2025-09-22 22:29:13
19582,19582,card,277.45,2025-08-31 08:40:23
19583,19583,card,28.03,2025-10-03 03:29:30
19584,19584,card,674.62,2025-09-15 23:06:10
19585,19585,card,351.13,2025-12-03 21:51:11
19586,19586,cash,241.07,2025-02-26 19:26:51
19587,19587,wallet,794.90,2025-06-06 04:11:55
19588,19588,card,453.85,2025-06-27 15:02:31
19589,19589,\N,647.77,2025-07-15 16:13:14
19590,19590,\N,291.52,2025-07-26 13:30:29
19591,19591,\N,833.22,2025-06-29 10:21:33
19592,19592,gift_card,293.32,2025-07-11 06:08:04
19593,19593,wallet,131.05,2025-01-31 20:09:45
19594,19594,\N,497.60,2025-08-21 13:35:35
19595,19595,wallet,401.47,2025-06-07 05:43:06
19596,19596,card,1030.62,2025-02-12 02:59:13
19597,19597,card,256.54,2025-01-07 17:16:27
19598,19598,card,45.99,2025-08-05 01:36:36
19599,19599,card,508.83,2025-10-30 15:49:18
19600,19600,card,1176.28,2025-03-26 12:08:17
19601,19601,wallet,233.61,2025-12-07 16:08:55
19602,19602,gift_card,1287.97,2025-03-11 03:44:15
19603,19603,cash,436.80,2025-03-26 10:20:18
19604,19604,gift_card,433.13,2025-11-28 04:00:50
19605,19605,card,292.61,2025-12-08 06:53:29
19606,19606,cash,1868.73,2025-06-18 08:44:27
19607,19607,cash,469.38,2025-04-22 02:10:11
19608,19608,card,932.14,2025-02-19 08:14:22
19609,19609,gift_card,471.90,2025-04-25 05:35:06
19610,19610,\N,298.83,2025-02-10 00:14:56
19611,19611,wallet,918.12,2025-11-29 15:03:12
19612,19612,cash,570.72,2025-09-03 13:27:49
19613,19613,\N,1306.14,2025-01-09 04:20:21
19614,19614,cash,328.23,2025-04-21 17:16:25
19615,19615,cash,460.77,2025-10-05 15:26:04
19616,19616,cash,301.39,2025-04-06 22:34:00
19617,19617,wallet,426.64,2025-12-14 07:16:56
19618,19618,cash,257.70,2025-04-14 16:45:08
19619,19619,cash,351.70,2025-08-19 09:35:10
19620,19620,gift_card,193.32,2025-03-21 22:46:18
19621,19621,\N,991.92,2025-12-14 14:52:42
19622,19622,card,254.31,2025-11-28 03:34:22
19623,19623,\N,911.25,2025-09-29 15:12:04
19624,19624,card,420.71,2025-02-05 22:10:01
19625,19625,card,376.12,2025-02-03 22:40:47
19626,19626,\N,124.86,2025-07-25 13:53:51
19627,19627,card,1025.07,2025-03-23 01:56:24
19628,19628,cash,626.30,2025-03-26 11:58:55
19629,19629,wallet,294.22,2025-10-03 19:08:52
19630,19630,card,87.58,2025-07-12 12:10:29
19631,19631,gift_card,401.82,2025-09-09 02:17:45
19632,19632,cash,443.06,2025-05-21 00:51:20
19633,19633,card,334.39,2025-06-19 19:09:38
19634,19634,wallet,531.85,2025-06-19 04:13:52
19635,19635,wallet,345.17,2025-04-26 11:17:38
19636,19636,\N,766.11,2025-08-19 15:53:48
19637,19637,\N,288.37,2025-11-21 09:28:55
19638,19638,card,1135.29,2025-09-05 02:08:46
19639,19639,wallet,569.30,2025-06-10 14:01:26
19640,19640,card,173.61,2025-08-23 23:58:45
19641,19641,wallet,49.02,2025-09-28 03:42:57
19642,19642,\N,586.51,2025-01-12 04:01:14
19643,19643,card,319.66,2025-03-18 17:47:09
19644,19644,card,297.17,2025-11-23 23:37:45
19645,19645,card,97.21,2025-02-23 23:41:09
19646,19646,\N,1144.33,2025-02-08 19:54:56
19647,19647,card,530.85,2025-06-07 21:20:52
19648,19648,gift_card,110.58,2025-12-19 21:41:49
19649,19649,cash,159.00,2025-11-19 01:40:58
19650,19650,wallet,641.67,2025-05-01 13:13:16
19651,19651,\N,195.67,2025-09-22 06:29:36
19652,19652,card,607.42,2025-01-05 18:58:00
19653,19653,cash,1417.60,2025-06-14 23:32:38
19654,19654,card,349.82,2025-06-04 22:01:22
19655,19655,gift_card,739.76,2025-11-17 03:23:40
19656,19656,wallet,494.44,2025-03-01 07:19:33
19657,19657,cash,1347.27,2025-05-13 23:08:23
19658,19658,wallet,1381.55,2025-01-02 20:04:35
19659,19659,gift_card,958.48,2025-03-20 11:13:52
19660,19660,card,1073.83,2025-09-01 07:22:42
19661,19661,card,148.54,2025-04-29 20:52:00
19662,19662,wallet,183.53,2025-02-21 00:18:56
19663,19663,card,463.10,2025-10-05 22:13:23
19664,19664,\N,407.98,2025-09-09 01:48:19
19665,19665,cash,202.85,2025-04-16 20:57:51
19666,19666,gift_card,300.15,2025-09-28 20:28:10
19667,19667,card,125.18,2025-02-20 16:53:05
19668,19668,card,390.76,2025-01-29 09:24:49
19669,19669,card,114.48,2025-10-08 04:44:40
19670,19670,card,423.78,2025-04-01 10:48:58
19671,19671,card,167.11,2025-07-25 03:42:44
19672,19672,card,238.55,2025-09-09 17:42:56
19673,19673,\N,187.26,2025-05-08 02:01:58
19674,19674,card,1160.95,2025-06-01 06:32:56
19675,19675,wallet,638.27,2025-10-26 11:29:15
19676,19676,gift_card,60.29,2025-09-29 11:29:12
19677,19677,wallet,73.19,2025-01-13 23:54:49
19678,19678,cash,710.34,2025-05-10 15:36:11
19679,19679,card,935.39,2025-04-05 23:57:50
19680,19680,card,656.18,2025-03-07 20:24:30
19681,19681,gift_card,262.83,2025-02-01 09:18:51
19682,19682,\N,112.87,2025-10-07 01:52:00
19683,19683,gift_card,344.72,2025-05-09 08:52:44
19684,19684,card,1041.54,2025-08-28 20:17:42
19685,19685,card,328.92,2025-01-19 06:44:58
19686,19686,gift_card,897.46,2025-08-18 07:08:07
19687,19687,gift_card,429.19,2025-04-12 11:01:11
19688,19688,cash,1103.96,2025-01-01 22:50:47
19689,19689,cash,768.99,2025-02-20 13:19:49
19690,19690,card,291.21,2025-08-09 17:23:02
19691,19691,card,164.84,2025-02-19 03:43:14
19692,19692,card,293.82,2025-06-11 11:15:00
19693,19693,gift_card,304.46,2025-09-15 14:49:12
19694,19694,card,53.08,2025-03-21 23:12:27
19695,19695,\N,268.72,2025-12-01 21:43:05
19696,19696,card,771.29,2025-05-29 05:16:12
19697,19697,card,535.57,2025-07-08 10:49:47
19698,19698,\N,297.08,2025-01-04 15:43:11
19699,19699,card,107.93,2025-07-02 09:09:07
19700,19700,wallet,903.23,2025-05-31 23:27:20
19701,19701,gift_card,279.34,2025-01-01 14:24:55
19702,19702,cash,685.78,2025-09-28 18:31:14
19703,19703,cash,220.80,2025-07-10 20:50:07
19704,19704,\N,386.72,2025-10-11 22:29:59
19705,19705,cash,950.97,2025-02-01 06:34:38
19706,19706,cash,175.32,2025-01-02 05:23:52
19707,19707,\N,928.86,2025-10-22 07:27:19
19708,19708,gift_card,973.69,2025-05-10 02:12:06
19709,19709,card,170.49,2025-02-19 22:30:18
19710,19710,cash,129.34,2025-05-03 20:39:01
19711,19711,card,253.79,2025-09-29 00:00:50
19712,19712,wallet,1239.23,2025-05-06 17:18:16
19713,19713,card,86.06,2025-12-01 21:44:54
19714,19714,gift_card,704.95,2025-08-25 12:13:33
19715,19715,cash,523.99,2025-01-04 16:30:21
19716,19716,card,504.04,2025-02-27 08:05:31
19717,19717,card,875.66,2025-11-16 16:59:32
19718,19718,card,96.16,2025-12-05 06:52:06
19719,19719,card,195.54,2025-03-12 08:05:53
19720,19720,cash,942.29,2025-03-29 13:46:31
19721,19721,gift_card,82.63,2025-11-29 06:03:09
19722,19722,wallet,723.90,2025-07-02 12:04:14
19723,19723,card,1046.14,2025-02-10 16:17:05
19724,19724,card,341.93,2025-06-09 03:02:36
19725,19725,card,1424.08,2025-03-28 09:47:47
19726,19726,\N,54.82,2025-07-19 04:12:38
19727,19727,card,537.64,2025-05-07 23:03:12
19728,19728,card,295.67,2025-04-21 23:36:09
19729,19729,card,26.26,2025-03-03 19:35:50
19730,19730,card,294.36,2025-05-21 21:25:46
19731,19731,\N,307.30,2025-08-13 17:35:06
19732,19732,wallet,60.34,2025-07-28 04:05:53
19733,19733,card,623.28,2025-12-18 07:43:08
19734,19734,wallet,554.32,2025-05-24 16:24:02
19735,19735,gift_card,219.83,2025-07-08 16:22:24
19736,19736,card,1152.09,2025-04-09 21:16:51
19737,19737,wallet,538.50,2025-02-26 01:11:12
19738,19738,card,573.76,2025-12-22 10:48:27
19739,19739,card,72.48,2025-05-30 20:16:52
19740,19740,card,746.48,2025-08-21 22:04:12
19741,19741,card,480.79,2025-07-17 07:57:37
19742,19742,card,104.52,2025-12-22 08:49:12
19743,19743,wallet,721.32,2025-04-24 07:50:25
19744,19744,gift_card,703.72,2025-12-16 09:42:22
19745,19745,\N,452.94,2025-04-07 06:12:45
19746,19746,card,1092.55,2025-07-15 15:15:44
19747,19747,\N,481.65,2025-04-13 21:13:55
19748,19748,wallet,639.19,2025-01-27 16:39:55
19749,19749,gift_card,322.85,2025-11-13 11:16:05
19750,19750,gift_card,364.19,2025-07-29 17:19:01
19751,19751,gift_card,1375.55,2025-10-27 21:45:23
19752,19752,wallet,20.68,2025-05-12 11:33:49
19753,19753,card,123.37,2025-09-19 19:30:00
19754,19754,\N,246.12,2025-06-13 08:54:32
19755,19755,card,123.02,2025-02-11 10:27:37
19756,19756,card,201.50,2025-10-28 13:42:46
19757,19757,cash,248.75,2025-03-09 01:33:24
19758,19758,card,127.52,2025-10-08 13:57:49
19759,19759,card,165.69,2025-02-17 11:31:28
19760,19760,card,813.90,2025-02-08 18:49:34
19761,19761,card,996.39,2025-12-09 09:20:44
19762,19762,\N,15.16,2025-06-05 03:51:56
19763,19763,cash,410.66,2025-07-25 18:27:45
19764,19764,card,1007.06,2025-02-08 03:25:57
19765,19765,wallet,490.44,2025-12-23 15:23:20
19766,19766,wallet,197.74,2025-08-02 07:58:10
19767,19767,card,1584.38,2025-03-31 07:59:27
19768,19768,\N,409.01,2025-06-14 04:50:57
19769,19769,card,1221.73,2025-06-28 23:32:37
19770,19770,card,296.12,2025-07-18 04:15:11
19771,19771,wallet,46.53,2025-11-25 16:10:50
19772,19772,\N,289.13,2025-04-02 01:46:11
19773,19773,card,862.89,2025-03-13 13:55:23
19774,19774,card,1368.21,2025-10-21 20:39:46
19775,19775,\N,336.72,2025-06-30 05:00:11
19776,19776,card,641.12,2025-08-22 14:58:04
19777,19777,wallet,157.27,2025-01-18 18:29:19
19778,19778,\N,1024.23,2025-05-31 21:35:12
19779,19779,gift_card,758.54,2025-08-24 22:15:56
19780,19780,cash,321.46,2025-09-23 12:13:20
19781,19781,card,536.11,2025-11-27 18:08:54
19782,19782,card,536.02,2025-01-05 23:16:18
19783,19783,wallet,570.07,2025-06-01 03:18:38
19784,19784,card,789.73,2025-11-21 08:57:54
19785,19785,card,1162.27,2025-12-28 11:48:14
19786,19786,card,123.02,2025-12-05 19:22:22
19787,19787,wallet,591.20,2025-02-08 05:15:15
19788,19788,wallet,1354.63,2025-12-22 16:18:06
19789,19789,gift_card,313.84,2025-05-27 05:58:37
19790,19790,card,338.16,2025-05-31 09:08:07
19791,19791,gift_card,748.48,2025-10-18 07:26:34
19792,19792,card,319.77,2025-08-19 05:38:41
19793,19793,cash,374.73,2025-03-21 05:37:48
19794,19794,wallet,218.44,2025-11-20 16:08:59
19795,19795,\N,586.23,2025-10-02 05:44:15
19796,19796,card,210.25,2025-08-28 16:27:45
19797,19797,gift_card,245.11,2025-10-15 23:34:34
19798,19798,card,547.17,2025-02-18 06:38:52
19799,19799,card,380.46,2025-07-05 23:00:47
19800,19800,\N,1213.39,2025-08-09 06:43:11
19801,19801,card,844.78,2025-04-11 18:59:12
19802,19802,wallet,334.42,2025-11-13 00:19:36
19803,19803,gift_card,1112.94,2025-08-05 22:22:36
19804,19804,card,1268.16,2025-08-02 14:48:12
19805,19805,gift_card,578.01,2025-10-20 12:22:45
19806,19806,card,1233.33,2025-12-23 06:31:05
19807,19807,\N,607.63,2025-06-02 18:41:20
19808,19808,gift_card,388.25,2025-08-09 14:40:36
19809,19809,\N,2281.01,2025-04-01 02:27:45
19810,19810,wallet,222.53,2025-05-29 03:17:23
19811,19811,card,240.45,2025-10-17 05:17:35
19812,19812,wallet,340.98,2025-02-13 03:23:03
19813,19813,card,1078.59,2025-11-23 03:35:35
19814,19814,gift_card,187.15,2025-06-30 11:06:01
19815,19815,\N,370.34,2025-02-15 12:59:17
19816,19816,cash,899.73,2025-11-21 22:21:41
19817,19817,wallet,346.78,2025-10-29 01:18:39
19818,19818,cash,1311.66,2025-06-26 00:44:37
19819,19819,card,1685.48,2025-06-26 13:08:49
19820,19820,cash,316.78,2025-02-28 21:52:13
19821,19821,card,364.19,2025-07-13 09:03:44
19822,19822,wallet,584.39,2025-11-26 19:48:47
19823,19823,cash,228.86,2025-09-28 05:01:19
19824,19824,card,530.92,2025-06-27 14:01:55
19825,19825,card,260.38,2025-08-17 01:11:41
19826,19826,card,2243.61,2025-07-01 11:59:32
19827,19827,cash,103.90,2025-09-05 12:50:02
19828,19828,\N,967.68,2025-03-21 04:59:28
19829,19829,card,316.14,2025-08-28 23:58:44
19830,19830,gift_card,373.23,2025-03-28 09:55:10
19831,19831,cash,301.23,2025-11-20 00:10:18
19832,19832,\N,289.24,2025-06-07 15:02:40
19833,19833,cash,275.34,2025-03-31 02:37:35
19834,19834,wallet,759.76,2025-08-06 22:26:52
19835,19835,card,668.09,2025-08-30 22:58:15
19836,19836,card,305.00,2025-01-16 00:46:08
19837,19837,card,861.40,2025-07-22 04:10:17
19838,19838,gift_card,142.01,2025-11-07 03:18:16
19839,19839,card,959.34,2025-06-25 11:36:55
19840,19840,wallet,96.16,2025-03-28 17:14:22
19841,19841,card,436.12,2025-12-16 10:19:07
19842,19842,card,255.80,2025-03-26 16:33:36
19843,19843,card,799.64,2025-05-12 01:21:45
19844,19844,cash,99.54,2025-05-06 03:06:15
19845,19845,gift_card,313.29,2025-12-12 02:11:24
19846,19846,card,312.46,2025-04-29 15:25:42
19847,19847,\N,486.12,2025-01-16 09:24:40
19848,19848,card,310.50,2025-02-14 20:54:59
19849,19849,card,1539.19,2025-09-18 20:57:59
19850,19850,card,331.07,2025-03-10 05:53:51
19851,19851,cash,280.41,2025-04-08 23:22:24
19852,19852,wallet,56.24,2025-04-28 16:13:01
19853,19853,cash,280.40,2025-07-01 22:08:20
19854,19854,wallet,1155.37,2025-03-19 07:11:57
19855,19855,wallet,517.09,2025-06-19 06:25:16
19856,19856,\N,1453.10,2025-05-22 03:18:29
19857,19857,wallet,506.80,2025-04-17 01:29:11
19858,19858,card,248.43,2025-01-19 12:51:39
19859,19859,cash,521.52,2025-02-03 12:26:01
19860,19860,card,763.08,2025-02-09 13:05:33
19861,19861,card,1007.61,2025-12-05 11:49:54
19862,19862,gift_card,156.49,2025-04-09 18:59:10
19863,19863,cash,369.54,2025-04-08 05:30:35
19864,19864,gift_card,501.31,2025-05-26 04:46:34
19865,19865,card,476.49,2025-03-15 19:22:48
19866,19866,card,1202.45,2025-07-24 15:54:27
19867,19867,card,337.53,2025-08-06 12:42:19
19868,19868,cash,628.31,2025-02-13 02:45:07
19869,19869,gift_card,301.68,2025-06-26 23:01:49
19870,19870,gift_card,165.76,2025-03-27 09:09:57
19871,19871,card,368.66,2025-04-26 09:38:10
19872,19872,\N,625.23,2025-03-30 19:08:33
19873,19873,gift_card,251.41,2025-02-09 10:56:47
19874,19874,wallet,371.55,2025-01-08 15:00:09
19875,19875,card,275.40,2025-02-23 05:15:20
19876,19876,\N,302.11,2025-04-03 16:40:44
19877,19877,card,1245.69,2025-11-13 23:48:46
19878,19878,card,386.79,2025-06-11 18:48:11
19879,19879,card,588.24,2025-01-23 12:25:03
19880,19880,cash,430.28,2025-06-18 15:32:05
19881,19881,wallet,217.04,2025-09-14 14:26:05
19882,19882,gift_card,138.42,2025-03-11 21:48:40
19883,19883,wallet,642.20,2025-01-20 10:33:39
19884,19884,cash,502.83,2025-03-13 04:31:53
19885,19885,gift_card,153.57,2025-06-02 07:50:59
19886,19886,card,80.00,2025-09-08 14:19:05
19887,19887,gift_card,695.88,2025-02-15 04:14:24
19888,19888,wallet,838.29,2025-12-11 06:12:39
19889,19889,gift_card,433.97,2025-02-27 00:08:00
19890,19890,cash,14.56,2025-02-19 04:07:46
19891,19891,\N,202.06,2025-08-04 07:10:49
19892,19892,card,459.03,2025-10-08 02:46:56
19893,19893,card,335.25,2025-11-11 05:59:43
19894,19894,wallet,91.10,2025-11-18 03:34:11
19895,19895,wallet,191.55,2025-05-24 06:40:07
19896,19896,cash,42.65,2025-10-07 22:16:14
19897,19897,card,676.20,2025-08-11 09:14:47
19898,19898,card,401.16,2025-03-19 20:20:48
19899,19899,gift_card,296.73,2025-03-30 06:29:23
19900,19900,cash,342.73,2025-10-24 00:53:38
19901,19901,wallet,371.58,2025-06-04 05:24:10
19902,19902,cash,486.48,2025-02-18 22:25:03
19903,19903,card,879.27,2025-03-12 16:01:32
19904,19904,gift_card,335.48,2025-07-05 23:07:07
19905,19905,wallet,339.72,2025-06-24 07:43:37
19906,19906,\N,426.85,2025-10-12 14:39:39
19907,19907,card,617.56,2025-11-30 06:34:44
19908,19908,card,334.52,2025-12-12 21:45:13
19909,19909,card,220.36,2025-09-11 17:36:06
19910,19910,cash,539.88,2025-06-15 21:22:08
19911,19911,cash,202.47,2025-02-23 16:43:20
19912,19912,card,885.64,2025-08-18 15:51:00
19913,19913,wallet,501.88,2025-12-30 08:12:48
19914,19914,card,1117.24,2025-01-22 20:48:41
19915,19915,card,109.61,2025-11-09 03:15:21
19916,19916,\N,1199.02,2025-01-26 22:37:53
19917,19917,card,384.33,2025-02-13 07:14:54
19918,19918,card,1871.25,2025-11-14 11:28:45
19919,19919,card,1253.99,2025-01-24 02:47:07
19920,19920,card,271.13,2025-12-15 03:14:32
19921,19921,gift_card,268.86,2025-02-12 07:14:09
19922,19922,cash,209.63,2025-01-31 04:51:08
19923,19923,\N,1105.70,2025-06-06 06:58:52
19924,19924,card,205.84,2025-10-07 22:15:11
19925,19925,card,807.65,2025-05-01 03:06:10
19926,19926,wallet,320.33,2025-01-27 05:57:18
19927,19927,\N,192.64,2025-06-16 16:55:10
19928,19928,card,609.40,2025-11-09 04:02:39
19929,19929,wallet,559.00,2025-01-07 16:08:10
19930,19930,cash,707.25,2025-01-19 17:27:33
19931,19931,card,737.40,2025-06-09 11:46:13
19932,19932,card,584.71,2025-02-12 20:20:32
19933,19933,card,348.84,2025-02-27 17:50:16
19934,19934,cash,306.03,2025-08-12 23:27:18
19935,19935,cash,599.84,2025-11-03 17:33:47
19936,19936,card,55.90,2025-07-12 08:28:52
19937,19937,card,1458.93,2025-03-13 00:38:10
19938,19938,cash,536.76,2025-11-10 14:15:23
19939,19939,card,1332.05,2025-02-02 22:42:40
19940,19940,wallet,1769.31,2025-01-23 13:09:02
19941,19941,gift_card,584.49,2025-12-09 01:19:25
19942,19942,card,1198.16,2025-05-18 23:00:00
19943,19943,\N,910.96,2025-01-16 05:14:35
19944,19944,cash,225.68,2025-07-22 08:59:35
19945,19945,cash,14.74,2025-09-10 00:18:28
19946,19946,card,564.27,2025-02-16 16:14:45
19947,19947,gift_card,689.62,2025-11-10 08:27:47
19948,19948,\N,25.85,2025-10-29 02:11:57
19949,19949,card,2420.03,2025-02-22 23:02:33
19950,19950,gift_card,1096.71,2025-02-11 04:25:56
19951,19951,card,105.07,2025-12-11 11:44:49
19952,19952,gift_card,358.24,2025-03-24 18:35:43
19953,19953,card,566.90,2025-05-14 22:35:27
19954,19954,card,269.67,2025-08-14 09:44:48
19955,19955,gift_card,471.92,2025-01-15 05:02:19
19956,19956,card,420.24,2025-03-11 11:57:14
19957,19957,card,30.22,2025-11-30 05:12:02
19958,19958,\N,376.50,2025-04-04 16:46:18
19959,19959,card,505.04,2025-04-16 17:25:53
19960,19960,gift_card,733.38,2025-10-25 20:07:36
19961,19961,card,178.10,2025-12-20 01:35:33
19962,19962,\N,1944.24,2025-02-13 09:19:48
19963,19963,card,1190.24,2025-08-27 17:24:37
19964,19964,card,1006.39,2025-01-27 12:05:42
19965,19965,card,609.61,2025-06-13 17:52:47
19966,19966,card,987.17,2025-01-19 19:29:06
19967,19967,card,1197.93,2025-12-14 19:16:46
19968,19968,card,308.59,2025-11-09 11:12:02
19969,19969,\N,597.20,2025-11-14 09:36:25
19970,19970,\N,308.09,2025-05-28 18:09:52
19971,19971,\N,285.77,2025-01-19 01:36:44
19972,19972,card,72.09,2025-01-07 06:38:31
19973,19973,card,661.55,2025-05-30 03:17:59
19974,19974,card,711.39,2025-06-22 01:16:42
19975,19975,cash,420.07,2025-07-01 23:17:03
19976,19976,card,799.30,2025-05-02 23:34:51
19977,19977,gift_card,423.40,2025-09-07 06:50:56
19978,19978,wallet,375.57,2025-11-11 05:17:09
19979,19979,gift_card,852.56,2025-04-09 11:56:46
19980,19980,wallet,310.14,2025-01-21 23:45:17
19981,19981,card,317.26,2025-12-01 10:40:50
19982,19982,cash,845.31,2025-04-11 17:08:07
19983,19983,cash,498.13,2025-03-25 15:19:13
19984,19984,cash,814.92,2025-02-12 21:47:59
19985,19985,wallet,288.22,2025-05-11 18:26:21
19986,19986,\N,82.25,2025-04-18 05:02:43
19987,19987,wallet,408.72,2025-09-19 19:31:38
19988,19988,gift_card,574.12,2025-01-09 20:39:21
19989,19989,card,103.24,2025-10-12 00:01:19
19990,19990,card,142.43,2025-04-19 05:11:37
19991,19991,wallet,272.21,2025-02-17 16:50:04
19992,19992,\N,184.33,2025-08-28 05:45:26
19993,19993,wallet,276.65,2025-12-30 13:31:19
19994,19994,gift_card,1397.20,2025-04-22 03:24:34
19995,19995,card,382.87,2025-12-12 22:18:37
19996,19996,card,268.67,2025-02-14 11:43:09
19997,19997,gift_card,60.63,2025-08-25 13:19:09
19998,19998,\N,250.35,2025-02-25 17:25:05
19999,19999,card,25.50,2025-03-16 19:47:17
20000,20000,cash,1012.48,2025-01-05 20:24:54
